Date,open,high,low,adj_close,volume
2016-09-12,23.47458055317181,24.176645375997897,23.447137649135108,24.112613677978516,181171200
2016-09-13,24.58599069243886,24.878707997329702,24.524244600003367,24.68661117553711,248704800
2016-09-14,24.8649874725559,25.848334561750047,24.835257226232883,25.560190200805664,443554800
2016-09-15,26.038148864713218,26.465791668436328,25.953534544107114,26.429201126098633,359934400
2016-09-16,26.326288172101272,26.557259383053502,26.079307293432148,26.280550003051758,319547600
2016-09-19,26.342297456755436,26.56869573487193,25.89864679007236,25.97411346435547,188092000
2016-09-20,25.852908896533055,26.09760242933149,25.729418457821776,25.971824645996094,138057200
2016-09-21,26.03585928256072,26.067875131988767,25.713413443397382,25.967254638671875,144012800
2016-09-22,26.15020610131955,26.28513155432334,26.070166465503682,26.211952209472656,124296000
2016-09-23,26.166210158240865,26.250824472007036,25.509883496894744,25.775157928466797,209924800
2016-09-26,25.53046569958347,25.930665585095237,25.50988482865758,25.814035415649414,119477600
2016-09-27,25.84147586320979,25.882639345878555,25.690542511846697,25.862056732177734,98429600
2016-09-28,25.9992683528483,26.21651899108683,25.939809603908138,26.058725357055664,118564400
2016-09-29,25.878070081062116,26.024428763645872,25.567057444388357,25.65395736694336,143548000
2016-09-30,25.717989362218418,25.926094152296972,25.56705773242428,25.852914810180664,145516400
2016-10-03,25.7751593583521,25.852913386481216,25.676824459229802,25.731708526611328,86807200
2016-10-04,25.855197020048127,26.141054060318368,25.75686212840585,25.841476440429688,118947200
2016-10-05,25.932954443005826,25.992413203704434,25.770587832208175,25.852914810180664,85812400
2016-10-06,26.00155877943059,26.147917461887886,25.87120802334415,26.04500961303711,115117200
2016-10-07,26.141054694964502,26.198226104406544,25.958107231589743,26.08388328552246,97433600
2016-10-10,26.303421366738682,26.69904828893821,26.234816722043714,26.538969039916992,144944000
2016-10-11,26.916302259976334,27.142702326110225,26.573273760088448,26.59614372253418,256164000
2016-10-12,26.83626027589914,26.9803333498666,26.69904923690448,26.833972930908203,150347200
2016-10-13,26.708195213406025,26.856841223390578,26.4635016565636,26.751646041870117,140769600
2016-10-14,26.957459030571766,27.023778066721302,26.785944823377953,26.900287628173828,142608800
2016-10-17,26.83168694146113,26.948315363311753,26.70590913977948,26.88199806213379,94499600
2016-10-18,27.026067452403673,27.03292774205229,26.85912617711156,26.86370086669922,98214000
2016-10-19,26.813395120060363,26.930025301645205,26.02443024725678,26.783666610717773,80138400
2016-10-20,26.724208706542928,26.843124492469915,26.603005575290435,26.76994514465332,96503200
2016-10-21,26.71276910594301,26.73563906577721,26.591565995646846,26.664745330810547,92770800
2016-10-24,26.779087467944834,26.92544613453879,26.756219253426952,26.904865264892578,94154800
2016-10-25,26.97346782051524,27.067229760933547,26.827109165250445,27.04207420349121,192516000
2016-10-26,26.141055692416426,26.458928601464468,25.912370045922412,26.433773040771484,264536800
2016-10-27,26.388032733760703,26.495515250984237,26.093028083742734,26.179929733276367,138248000
2016-10-28,26.040433412078734,26.34687131993518,25.944384121128103,26.00613021850586,151446800
2016-10-31,25.99011946920089,26.122757539408344,25.88720989966778,25.964963912963867,105677600
2016-11-01,25.94667147935056,26.01756346663362,25.276622510848522,25.49616050720215,175303200
2016-11-02,25.475580532320077,25.692831191466432,25.43670439242786,25.51902961730957,113326800
2016-11-03,25.509830031014676,25.620161703881486,25.18113059304467,25.24549102783203,107730400
2016-11-04,24.946675032758666,25.342034030192046,24.850134371624602,25.01793098449707,123348000
2016-11-07,25.302960562293165,25.401800320493166,25.160446892377394,25.378814697265625,130240000
2016-11-08,25.355832015750337,25.67993515045531,25.215617408299515,25.528226852416992,97016800
2016-11-09,25.256990967873747,25.587989598793193,24.83634892038631,25.48685073852539,236705600
2016-11-10,25.535124739590028,25.535124739590028,24.326063435338263,24.776588439941406,228538000
2016-11-11,24.62257322403577,25.02482772400998,24.491553257048928,24.923688888549805,136575600
2016-11-14,24.758188959858504,24.781174579940497,23.923798850418375,24.29846954345703,204702000
2016-11-15,24.496151034422876,24.75129547166917,24.401909458278958,24.620275497436523,129058000
2016-11-16,24.526035433304067,25.337441850694617,24.50304980828329,25.28227424621582,235362000
2016-11-17,25.240894883775486,25.36501934101077,25.015633343885515,25.273075103759766,110528000
2016-11-18,25.220215064064362,25.408700011438132,25.206424038597554,25.29836654663086,113715600
2016-11-21,25.312155667203456,25.741992266573043,25.286870955041636,25.68222999572754,117058400
2016-11-22,25.732803677577536,25.840838063198525,25.6063818409268,25.698326110839844,103862000
2016-11-23,25.597185751873575,25.631665070299782,25.360430454339802,25.567304611206055,109705600
2016-11-25,25.5443156508187,25.71441314355612,25.50294082200296,25.69602394104004,45903600
2016-11-28,25.613277989221903,25.852332395445483,25.604083386633558,25.645458221435547,108776000
2016-11-29,25.46386966581678,25.75119443051266,25.300669409912466,25.620174407958984,114115200
2016-11-30,25.652351310791705,25.79026682920152,25.346637379961116,25.404102325439453,144649200
2016-12-01,25.369618916142567,25.500638891499555,25.06160596742316,25.167341232299805,148347600
2016-12-02,25.09378875204552,25.30525930339659,25.020233701415115,25.261587142944336,106112000
2016-12-05,25.284569212264145,25.29146472327701,24.88231470206903,25.079994201660156,137298000
2016-12-06,25.169638932908928,25.367318429206918,25.09838298204237,25.273075103759766,104782000
2016-12-07,25.114476983180275,25.558106374487007,25.09149135872883,25.52132797241211,119994800
2016-12-08,25.482249724240802,25.843129429005632,25.422485703604107,25.771873474121094,108273200
2016-12-09,25.815548378456956,26.364913049538554,25.815548378456956,26.19251823425293,137610400
2016-12-12,26.040818434029045,26.43387850394917,25.85692988209031,26.04311752319336,105497600
2016-12-13,26.16722706855217,26.64533565926807,26.146540537590482,26.4775390625,174935200
2016-12-14,26.44305975720687,26.70969609384707,26.429268736565746,26.4775390625,136127200
2016-12-15,26.521215662599765,26.83152770861694,26.48673810521173,26.62235450744629,186098000
2016-12-16,26.771765431323193,26.77866094325025,26.583280505990434,26.656835556030273,177404400
2016-12-19,26.617755474786218,26.98093248862941,26.606261787656628,26.810836791992188,111117600
2016-12-20,26.833832618647765,27.00852655805679,26.820041591799274,26.882102966308594,85700000
2016-12-21,26.847626399436383,26.985541934132875,26.84302822118817,26.90738868713379,95132800
2016-12-22,26.744179664197883,26.780958063359915,26.58097946372022,26.730388641357422,104343600
2016-12-23,26.569488791365973,26.78325843811035,26.569488791365973,26.78325843811035,56998000
2016-12-27,26.783250723886567,27.077472604764075,26.776355213669728,26.95334815979004,73187600
2016-12-28,27.01311682853819,27.128046702602873,26.709702031155068,26.838424682617188,83623600
2016-12-29,26.767167413662005,26.918875691723734,26.755675478278704,26.83152961730957,60158000
2016-12-30,26.813138508882915,26.939560311250457,26.532709350856184,26.62235450744629,122345200
2017-01-03,26.617757300869563,26.739582676563,26.3787029724356,26.69820785522461,115127600
2017-01-04,26.629251595063298,26.780959871312433,26.606265970880596,26.66832733154297,84472400
2017-01-05,26.645343649037947,26.861412390220124,26.620058934487233,26.80394744873047,88774400
2017-01-06,26.84302715539977,27.160234801667425,26.771771178602183,27.10276985168457,127007600
2017-01-09,27.111953143443134,27.452146299047282,27.109655808911224,27.35100746154785,134247600
2017-01-10,27.300442124142183,27.440656713931567,27.192409513205952,27.37859535217285,97848400
2017-01-11,27.293542714148252,27.567076342654172,27.261362493581732,27.52570152282715,110354400
2017-01-12,27.330329377254333,27.422273643977455,27.171725560999228,27.41077995300293,108344800
2017-01-13,27.378598888463156,27.49582786880538,27.309640252099264,27.36250877380371,104447600
2017-01-17,27.201603792195478,27.63833769713795,27.174021742713133,27.583171844482422,137759200
2017-01-18,27.583166855605295,27.698096717503653,27.516507325261387,27.580867767333984,94852000
2017-01-19,27.44525623100266,27.60385827599191,27.43836071865845,27.532602310180664,102389200
2017-01-20,27.686608037422893,27.686608037422893,27.521110479456304,27.583171844482422,130391600
2017-01-23,27.58316948476046,27.769355317601576,27.530300971624104,27.601558685302734,88200800
2017-01-24,27.479732295697268,27.606154098997923,27.468238607356017,27.57627296447754,92844000
2017-01-25,27.679713323448713,28.06587781055767,27.647533095663874,28.015308380126953,129510400
2017-01-26,27.967035396098858,28.144028385883903,27.950945283726647,28.029098510742188,105350400
2017-01-27,28.075074601809906,28.123344947252377,27.95095010480454,28.031400680541992,82251600
2017-01-30,27.796942639617125,27.957843780517578,27.73488127203864,27.957843780517578,121510000
2017-01-31,27.847512860807765,27.90267871729734,27.72568745728493,27.893484115600586,196804000
2017-02-01,29.19908896851109,29.994405388574847,29.194492544315402,29.59444808959961,447940000
2017-02-02,29.417454823709267,29.741556195064256,29.371481816420356,29.54387664794922,134841600
2017-02-03,29.493304629106387,29.695582336048417,29.45882706877832,29.670297622680664,98029200
2017-02-06,29.6817925388683,29.996699294153608,29.62892226767109,29.948427200317383,107383600
2017-02-07,30.005893220062706,30.36217656964027,29.98520668226717,30.233455657958984,152735200
2017-02-08,30.1920810160122,30.3920578857579,30.162198124714433,30.35068130493164,92016400
2017-02-09,30.392231720882286,30.57691747290408,30.26987815871774,30.569992065429688,113399600
2017-02-10,30.579233887993837,30.690043950455642,30.484581938400783,30.50074005126953,80262000
2017-02-13,30.722359928568,30.89319487594774,30.646176919165736,30.770837783813477,92141600
2017-02-14,30.812400869844556,31.186387072747426,30.761612185180123,31.170228958129883,132904800
2017-02-15,31.285653179380226,31.45879543989374,31.07788035321102,31.283342361450195,142492400
2017-02-16,31.320286398543804,31.37338238257997,31.128675169747464,31.246414184570312,90338400
2017-02-17,31.188687846768914,31.35721196110719,31.188687846768914,31.331817626953125,88792800
2017-02-21,31.449558835971224,31.56960512147816,31.391844749825925,31.558061599731445,98028800
2017-02-22,31.495733424214876,31.655024885940847,31.421861216256996,31.65271759033203,83347600
2017-02-23,31.715033778052675,31.73811729024722,31.465708597277818,31.5188045501709,83152800
2017-02-24,31.375689664556717,31.548831939697262,31.230249026210306,31.548831939697266,87106400
2017-02-27,31.65963402367524,31.728891620779727,31.46109745735582,31.61115264892578,81029600
2017-02-28,31.645795303782027,31.728903747553883,31.558068745748105,31.625019073486328,93931600
2017-03-01,31.832774893079204,32.35450886011195,31.765828116381613,32.271400451660156,145658400
2017-03-02,32.319900233702356,32.38453975236259,32.0336369920716,32.079811096191406,104844000
2017-03-03,32.038236265340124,32.28063607905567,31.994373005776005,32.26909255981445,84432400
2017-03-06,32.17445165451661,32.26679631749007,31.99669478314653,32.16752624511719,87000000
2017-03-07,32.10288426884158,32.315271693433274,32.0405520664607,32.20907974243164,69785200
2017-03-08,32.077491511304345,32.27372083241931,32.04748257893479,32.08903503417969,74828800
2017-03-09,32.02901013171941,32.040550130739646,31.63886235043582,32.01515579223633,88623600
2017-03-10,32.14673603627236,32.17213036722245,32.00591356874678,32.121341705322266,78451200
2017-03-13,32.054402898367606,32.18829647017765,32.04747749025978,32.13520050048828,69686800
2017-03-14,32.15830352082329,32.23910116308927,32.05210800609196,32.08673858642578,61236400
2017-03-15,32.18367896678893,32.493025576232185,32.09595244191277,32.42607879638672,102767200
2017-03-16,32.48609334425856,32.555350927106936,32.37989791421278,32.47916793823242,76928000
2017-03-17,32.55073713387873,32.55073713387873,32.294486509155334,32.31757354736328,175540000
2017-03-20,32.412229772933976,32.66617316416422,32.37298461657809,32.65694046020508,86168000
2017-03-21,32.80700401255952,32.9662954963866,32.25756463879983,32.282958984375,158119600
2017-03-22,32.285251117955816,32.68924959482827,32.2644713762647,32.6476936340332,103440800
2017-03-23,32.61077029040308,32.68464602130465,32.46071505556878,32.53227996826172,81385200
2017-03-24,32.666168867296385,32.72157565152801,32.40068551168565,32.46763229370117,89582400
2017-03-27,32.17906734733827,32.60153490186237,32.001306966753184,32.52304458618164,94300400
2017-03-28,32.529976325778776,33.2525544658913,32.463025996807076,33.19715118408203,133499200
2017-03-29,33.169426403118145,33.356422936396015,33.0563090879327,33.27100372314453,116760000
2017-03-30,33.28718250695198,33.358747422236675,33.127891038691786,33.22715759277344,84829200
2017-03-31,33.178668624823224,33.305640297811806,33.01475909740384,33.164817810058594,78646800
2017-04-03,33.176371639770544,33.27102007760433,33.02400558483501,33.1740608215332,79942800
2017-04-04,33.07016750965756,33.44877172977211,33.0516985815315,33.42107009887695,79565600
2017-04-05,33.29411827943288,33.580381552259865,33.19946628729775,33.247947692871094,110871600
2017-04-06,33.310254887674894,33.36335437438955,33.1163364357947,33.164817810058594,84596000
2017-04-07,33.18098385228909,33.28486851044707,33.07479189864796,33.09095001220703,66688800
2017-04-10,33.15097829874287,33.21561780474298,32.98937601115369,33.05170822143555,75733600
2017-04-11,32.9986111713542,33.09326313157314,32.33374367676682,32.696189880371094,121517600
2017-04-12,32.68925348626947,32.81622163318866,32.55304559211443,32.73542404174805,81400000
2017-04-13,32.76081144977597,32.86931416963554,32.56227493286133,32.56227493286133,71291600
2017-04-17,32.661565633947355,32.75391031640199,32.5207430754698,32.742366790771484,66328400
2017-04-18,32.645393762219754,32.79083085160347,32.57613616020524,32.5969123840332,58790000
2017-04-19,32.75390194444348,32.78160358080456,32.423775513256935,32.476871490478516,69313600
2017-04-20,32.601533685099724,32.99398877144453,32.58768286785988,32.8831787109375,93278400
2017-04-21,32.883178261307776,32.93858152950958,32.74697386352734,32.84393310546875,69283600
2017-04-24,33.12787847113817,33.23176309980541,33.05400276558699,33.16019821166992,68537200
2017-04-25,33.22253183861588,33.4510773270773,33.21329561372768,33.36566162109375,75486000
2017-04-26,33.35181205494892,33.38182450307761,33.10017951743427,33.16943359375,80164800
2017-04-27,33.224844299816404,33.280251089997954,33.08402179036965,33.19483184814453,56985200
2017-04-28,33.264098744710395,33.312580139981925,33.07479832325456,33.16252136230469,83441600
2017-05-01,33.497261770422504,33.98205804941861,33.46494201848943,33.83892822265625,134411600
2017-05-02,34.0605371626069,34.18750883290929,33.89893845612549,34.053611755371094,181408800
2017-05-03,33.61037462315417,34.049003794817544,33.30564607768654,33.94973373413086,182788000
2017-05-04,33.82508146750844,33.968211311466995,33.66117186991945,33.827388763427734,93487600
2017-05-05,33.880468588027576,34.39296984476421,33.880468588027576,34.38835525512695,109310800
2017-05-08,34.4045226107652,35.48262137552229,34.4045226107652,35.32332992553711,195009600
2017-05-09,35.52186302080197,35.755030172831056,35.42490378313578,35.54956817626953,156521600
2017-05-10,35.46645790032966,35.53802279658451,35.1155553043252,35.381038665771484,103222800
2017-05-11,35.33930938690545,35.714842670163364,35.306856242636485,35.6870231628418,109020400
2017-05-12,35.86089351769465,36.259605746800744,35.853939522534674,36.185428619384766,130108000
2017-05-15,36.16455361809518,36.31291137117154,35.942018757044565,36.09269332885742,104038800
2017-05-16,36.14834121312843,36.176157196019886,35.86553359663516,36.039390563964844,80194000
2017-05-17,35.60590043731387,35.8307556815588,34.70416264131606,34.82933807373047,203070800
2017-05-18,35.06577714728135,35.54562033107779,35.033324002179796,35.360172271728516,134272800
2017-05-19,35.55489734948363,35.6939807515945,35.381040443999204,35.480716705322266,107843200
2017-05-22,35.698632585039334,35.83308240494499,35.44596129422508,35.69631576538086,91865600
2017-05-23,35.90725169611106,35.90725169611106,35.53867583458658,35.65226364135742,79675600
2017-05-24,35.661528385492936,35.73802585003768,35.3903120314495,35.545623779296875,76712000
2017-05-25,35.636034395874454,35.779758533636475,35.47376863110609,35.668487548828125,76942400
2017-05-26,35.69862461302962,35.75426010657202,35.53867566408264,35.608219146728516,87710400
2017-05-30,35.56417521962942,35.79830129211459,35.54331323574162,35.622127532958984,80507600
2017-05-31,35.69166163862716,35.73802276968402,35.32308587160289,35.411170959472656,97804800
2017-06-01,35.50622428792066,35.54331461880568,35.28600619612489,35.508541107177734,65616400
2017-06-02,35.60126590128008,36.03474807739258,35.44131694896753,36.03474807739258,111082800
2017-06-05,35.7774232764525,35.80292242437654,35.573433630187075,35.68238067626953,101326800
2017-06-06,35.6754331617929,36.11818956652802,35.647617190689985,35.80292892456055,106499600
2017-06-07,35.93506990636486,36.15760479926238,35.8098909341227,36.01620101928711,84278400
2017-06-08,35.98838115344194,36.05560427043574,35.79134190296804,35.9281120300293,85003200
2017-06-09,35.974471743082624,35.974471743082624,33.84878171909158,34.534934997558594,259530800
2017-06-12,33.78388984391223,33.86502097948897,33.03514323183766,33.70970916748047,289229200
2017-06-13,34.11304803197316,34.18027115410295,33.647109203669395,33.98091506958008,136661600
2017-06-14,34.19186595717574,34.19186595717574,33.34344321400546,33.64943313598633,126124800
2017-06-15,33.222905985162065,33.491802047804654,32.965597556215656,33.447757720947266,128661600
2017-06-16,33.329522767002864,33.496425655314404,32.96326384749294,32.9794921875,201444400
2017-06-19,33.30172263396618,34.015695654119625,33.30172263396618,33.922969818115234,130165600
2017-06-20,34.04582370587389,34.04582370587389,33.59843354738136,33.61465835571289,99600400
2017-06-21,33.7328909300347,33.86038675474203,33.52194361434886,33.814022064208984,85063200
2017-06-22,33.79082640541002,34.00640725294083,33.640148310575654,33.75837326049805,76425200
2017-06-23,33.64246703404675,34.11303938100419,33.637829860105015,33.9090461730957,141757600
2017-06-26,34.11537728915389,34.372685776511915,33.70044016160585,33.80243682861328,102769600
2017-06-27,33.61465529080629,33.881238028549696,33.29244060142321,33.31793975830078,99047600
2017-06-28,33.49410982286014,33.869639564051425,33.18580318779632,33.80473327636719,88329600
2017-06-29,33.54511748511974,33.64247694381055,32.981819179038446,33.30635070800781,125997600
2017-06-30,33.48485009108605,33.60307508871663,33.32953829653839,33.38517379760742,92096400
2017-07-03,33.58452342864035,33.681882883841496,33.171903269256724,33.264625549316406,57111200
2017-07-05,33.308683017813976,33.563671157190164,33.08382768593055,33.401405334472656,86278400
2017-07-06,33.153351065492295,33.26461848536121,33.0119473192959,33.086124420166016,96515200
2017-07-07,33.125537127404115,33.55438561225656,33.125537127404115,33.4222526550293,76806800
2017-07-10,33.40603312765104,33.83256132387614,33.23449299917569,33.626251220703125,84362400
2017-07-11,33.54974707837599,33.80937580737774,33.4686159744794,33.73519515991211,79127200
2017-07-12,33.81401112095547,33.88587141604451,33.570614260074045,33.783878326416016,99538000
2017-07-13,33.72825130843829,34.421362350960955,33.714343317138336,34.254459381103516,100797600
2017-07-14,34.30080936637297,34.616070036028844,34.15245161224831,34.54884338378906,80528400
2017-07-17,34.49784745539633,34.980007487299616,34.4398951543656,34.66938400268555,95174000
2017-07-18,34.58592381220187,34.801508156891565,34.46306524801784,34.7899169921875,71475200
2017-07-19,34.882641202933534,35.10054237800285,34.759782631820336,35.00782012939453,83692000
2017-07-20,35.11908869077476,35.174724164046715,34.81541924889388,34.850189208984375,68974800
2017-07-21,34.76906663143788,34.87338007436318,34.51175825242053,34.8339729309082,105010400
2017-07-24,34.905836319982505,35.33700165449248,34.74820419505378,35.25586700439453,85972800
2017-07-25,35.18864248543714,35.661531767224204,35.18864248543714,35.40654373168945,75415600
2017-07-26,35.54793758690949,35.6823837926581,35.48071094690796,35.57343673706055,63124000
2017-07-27,35.640667502356315,35.696302988408995,34.14549874382941,34.90119552612305,129905200
2017-07-28,34.74588106353463,34.824695343116254,34.583615329946674,34.65547561645508,68854800
2017-07-31,34.748198462467116,34.847878260060725,34.337898715784476,34.47698211669922,79383600
2017-08-01,34.56276377220777,34.82238902423158,34.40281480903996,34.782981872558594,141474400
2017-08-02,36.92256610475473,37.03151670290718,36.199322591170265,36.42649459838867,279747200
2017-08-03,36.40562997869936,36.44272029391617,35.935057657908395,36.06255340576172,108389200
2017-08-04,36.178470281390524,36.48677346215096,36.090381637099924,36.252647399902344,82239600
2017-08-07,36.40795538755274,36.83912067658337,36.31754993358477,36.813621520996094,87481200
2017-08-08,36.76494790280871,37.51369077846636,36.688450427022744,37.10802459716797,144823600
2017-08-09,36.91794386102579,37.383882767511636,36.88317388462931,37.335201263427734,104526000
2017-08-10,37.211867963401104,37.23514134715099,35.98543805201357,36.14601516723633,163217200
2017-08-11,36.443871840263014,36.90232949808078,36.32053080044579,36.64866256713867,105028400
2017-08-14,37.0768771341642,37.28399737332113,36.94422529789718,37.200218200683594,88490800
2017-08-15,37.38872595213952,37.74711251774953,37.26771078474369,37.60748291015625,117862000
2017-08-16,37.68660856251723,37.81925687380376,37.270038534488236,37.456214904785156,110686400
2017-08-17,37.35614502406897,37.400362308938035,36.732454752422,36.73711013793945,111762400
2017-08-18,36.737103295814435,37.11876316373311,36.47180318702973,36.653324127197266,109712400
2017-08-21,36.653317774629805,36.744078228983426,36.09711836440786,36.58583068847656,105474000
2017-08-22,36.82320965268834,37.235124208530294,36.77434054073482,37.18392562866211,86418400
2017-08-23,37.01870805925333,37.34451407517347,36.97449076758861,37.2304801940918,77596400
2017-08-24,37.3351870546406,37.40733308128609,36.89767681666691,37.06523513793945,79275600
2017-08-25,37.15367631069479,37.36545196240876,37.065245292642,37.20254898071289,101920400
2017-08-28,37.26771109773419,37.70056963184427,37.21883842650392,37.57722854614258,103864000
2017-08-29,37.258404464672154,37.961215007212054,37.23513108733505,37.91234588623047,118067600
2017-08-30,38.11946690294969,38.14041081234952,37.84253004193339,38.01474380493164,109078400
2017-08-31,38.08221739265257,38.28701168120585,38.0449814218215,38.16599655151367,107140400
2017-09-01,38.35218631660367,38.38476691476252,38.07990484248632,38.17764663696289,66364400
2017-09-05,38.107826095654566,38.224185869992446,37.365450167215954,37.71918487548828,117874000
2017-09-06,37.86579516412337,37.93095634650661,37.35613884039739,37.67961883544922,86606800
2017-09-07,37.721512304037944,37.75642236834919,37.3189084629825,37.52835464477539,87714000
2017-09-08,37.435273043305635,37.50276016133322,36.89303597749699,36.91630935668945,114446000
2017-09-11,37.3514936701063,37.71220973974105,37.20953458016046,37.58421325683594,126323200
2017-09-12,37.842523774144745,38.15669656718192,36.94888161090867,37.435264587402344,286856000
2017-09-13,37.204862205036804,37.225809657051606,36.748734011902265,37.153663635253906,179629600
2017-09-14,37.00007125979313,37.09548354744911,36.79062159799653,36.8348388671875,95042800
2017-09-15,36.879063711510014,37.460862528753474,36.76968524978679,37.20719909667969,196458400
2017-09-18,37.26071090258847,37.35147134512473,36.76967272604179,36.925594329833984,113077600
2017-09-19,37.12108850326259,37.181597849722785,36.87208046911773,36.93956756591797,83242400
2017-09-20,36.74641116825446,36.83019033836307,35.79924455857201,36.32053756713867,211805600
2017-09-21,36.25769701304835,36.25769701304835,35.54790186302663,35.696842193603516,150046800
2017-09-22,35.26631362582871,35.43620142795852,35.0382494961563,35.3477668762207,186581600
2017-09-25,34.90560444698507,35.333807540538785,34.712446806182214,35.035926818847656,177549200
2017-09-26,35.32215802052508,35.82017750407313,35.301214122160296,35.63865661621094,146640000
2017-09-27,35.792266285759226,36.006367838372455,35.73175693216047,35.892333984375,102016800
2017-09-28,35.81320461556972,35.90396508081647,35.53626783542716,35.67124557495117,88022000
2017-09-29,35.65496905757333,35.869070648914104,35.37337679824419,35.86674118041992,105199200
2017-10-02,35.89931307362548,35.94353035206246,35.54092656332573,35.79458999633789,74795200
2017-10-03,35.841137272488844,36.09247481720678,35.81786744767447,35.95051574707031,64921200
2017-10-04,35.752702571137206,35.80622706881335,35.480421146847824,35.71779251098633,80655200
2017-10-05,35.88069646391643,36.173925352810144,35.850445338837886,36.162288665771484,85135200
2017-10-06,36.06452906900521,36.185544162587526,35.96911325385346,36.141326904296875,69630400
2017-10-09,36.26001699158635,36.47411845979053,36.18554861400172,36.266998291015625,65051600
2017-10-10,36.318211320930025,36.7696878026188,36.09480254816797,36.280975341796875,62468000
2017-10-11,36.29726939341171,36.53231486634605,36.24607080706663,36.432247161865234,67622400
2017-10-12,36.38570971701232,36.623081144688726,36.24142115493268,36.304256439208984,64500400
2017-10-13,36.474120488668426,36.60211690368667,36.39965210694148,36.534629821777344,65576800
2017-10-16,36.746411876689784,37.23512430358156,36.688231994965435,37.20719909667969,96486000
2017-10-17,37.18393205568885,37.43759553095936,37.05593558389495,37.34450912475586,75989200
2017-10-18,37.33285978269676,37.40035042268511,37.142031649352866,37.179264068603516,65496800
2017-10-19,36.47878226217081,36.55558012463436,36.07617851442355,36.29958724975586,170336800
2017-10-20,36.446209754589574,36.71150990600586,36.29494346381537,36.362430572509766,95896400
2017-10-23,36.511354063046944,36.697530331693,36.18787417229349,36.34379577636719,87937200
2017-10-24,36.37173209112569,36.6347062841316,36.350788186643285,36.560237884521484,71028800
2017-10-25,36.51601795426265,36.66495829367814,36.13435811257186,36.399658203125,84828400
2017-10-26,36.59047864699556,36.73011173937826,36.48575560321705,36.63236999511719,68002000
2017-10-27,37.069888165313095,38.07291220866558,36.9325845104359,37.944915771484375,177816800
2017-10-30,38.14039934956485,39.113168722330684,38.100837460026646,38.79899597167969,178803200
2017-10-31,39.073612806807134,39.480872037882925,38.85020401718745,39.33891296386719,144187200
2017-11-01,39.53206909593334,39.54836116903505,38.54068508443468,38.838565826416016,134551200
2017-11-02,38.77108841148005,39.213254249673945,38.46389682206746,39.122493743896484,165573600
2017-11-03,40.49320240850034,40.553708214192326,39.82296895644749,40.14412307739258,237594400
2017-11-06,40.11386628257354,40.72359389676432,39.9626000008153,40.5513801574707,140105200
2017-11-07,40.47225170238434,40.78409500021298,40.40010922090348,40.681697845458984,97446000
2017-11-08,40.646787183316825,41.01448440551758,40.569989325102334,41.01448440551758,97638000
2017-11-09,40.75151481626194,40.9819084167544,40.293057083101544,40.93070983886719,117930400
2017-11-10,40.89801520924075,40.96107636396165,40.70182890986884,40.795249938964844,100582000
2017-11-13,40.52198797891258,40.755544105592186,40.49863094073115,40.63175964355469,67928400
2017-11-14,40.41455034592742,40.51731561124466,39.980135810403205,40.01750564575195,99130000
2017-11-15,39.69753844200202,39.77928451865942,39.32618502497111,39.48967361450195,116632400
2017-11-16,39.98013002061895,40.14128429391195,39.77460308353181,39.961448669433594,94550000
2017-11-17,39.94744691659311,40.029193003996674,39.6204696945477,39.73958206176758,87598000
2017-11-20,39.7722652519949,39.835326394556844,39.60177030306551,39.69986343383789,65049600
2017-11-21,39.88671180100576,40.56869520805978,39.88671180100576,40.437904357910156,100525200
2017-11-22,40.48929245518663,40.87232438112121,40.41689062220264,40.86298370361328,102355600
2017-11-24,40.89568173709738,40.98910276803519,40.790578622562485,40.865318298339844,56106800
2017-11-27,40.88399784374668,40.891004241956935,40.48461532684453,40.65978240966797,82867200
2017-11-28,40.708839086242456,40.84196424324617,40.13896149003983,40.421566009521484,105715200
2017-11-29,40.31878402349336,40.38651371324103,39.041232082418645,39.58308029174805,166665600
2017-11-30,39.80497431661484,40.204356915053424,39.34019984279144,40.136627197265625,166108800
2017-12-01,39.692862534061966,40.094579352171586,39.35420686724889,39.94977569580078,159037200
2017-12-04,40.2837618410229,40.31645955791869,39.61812898340491,39.657833099365234,130169600
2017-12-05,39.48500893640505,40.059558732237136,39.33086099559832,39.6204719543457,109400800
2017-12-06,39.12065153613966,39.75125237053263,38.87775473048756,39.47332000732422,114240000
2017-12-07,39.47799730892554,39.807312348742876,39.44997171022931,39.54573059082031,102693200
2017-12-08,39.81898503312158,39.9380973739062,39.428946732036295,39.55739974975586,93420800
2017-12-11,39.517688913732236,40.379511438557756,39.4219300634665,40.328128814697266,141095200
2017-12-12,40.20668875490006,40.26274351240947,40.045538009155386,40.10158920288086,77636800
2017-12-13,40.28843905833601,40.5313359054632,40.17166097410895,40.23472213745117,95273600
2017-12-14,40.265079931953295,40.435578492024916,40.08991281467893,40.22304153442383,81906000
2017-12-15,40.552351415791705,40.678470156133876,40.2790911752306,40.63175964355469,160677200
2017-12-18,40.84429321069244,41.386141526801474,40.83962109068416,41.2039680480957,117684400
2017-12-19,40.879336385045384,40.963416749280206,40.659793013777566,40.764892578125,109745600
2017-12-20,40.84197048913824,40.97042710854728,40.463610595410444,40.720523834228516,93902400
2017-12-21,40.67846658865148,41.110546810628996,40.66211951438505,40.87465286254883,83799600
2017-12-22,40.79757891984987,40.97041172139755,40.75554053135045,40.87465286254883,65397600
2017-12-26,39.89137864298607,40.047860786838285,39.62979341351382,39.83766174316406,132742000
2017-12-27,39.72789890711573,39.8867153639745,39.636812159497616,39.84467697143555,85992800
2017-12-28,39.93809837655512,40.136622513297105,39.81664819065001,39.956783294677734,65920800
2017-12-29,39.82598570372476,39.84233277695567,39.52236207214556,39.524696350097656,103999600
2018-01-02,39.74191415126249,40.2417241547698,39.531711484275874,40.23237991333008,102223600
2018-01-03,40.2954475107096,40.767231992876575,40.162322341077946,40.225379943847656,118071600
2018-01-04,40.29778000963884,40.51498910093852,40.19034616714233,40.41222381591797,89738400
2018-01-05,40.507975095875025,40.95873670879751,40.4168883492139,40.87232208251953,94640000
2018-01-08,40.720523834228516,41.014803355596285,40.62242709665456,40.720523834228516,82271200
2018-01-09,40.767218198682784,40.886330527395515,40.500964385725915,40.71583557128906,86336000
2018-01-10,40.442588763192425,40.708842664386644,40.40521891928828,40.706504821777344,95839600
2018-01-11,40.776582139167964,40.98678488855679,40.75322865398164,40.93773651123047,74670800
2018-01-12,41.147917623904476,41.42351571282372,41.024133159050905,41.36045455932617,101672400
2018-01-16,41.549628413105026,41.897628282123996,41.13857096354328,41.15024948120117,118263600
2018-01-17,41.14090924173439,41.86493464152241,40.88867176747151,41.82990264892578,137547200
2018-01-18,41.89295510663197,42.063453619817594,41.63137342384646,41.86726379394531,124773600
2018-01-19,41.71545572653174,41.942005431691854,41.43518911550599,41.680423736572266,129700400
2018-01-22,41.40948784545933,41.52159375015917,41.24599932531739,41.339420318603516,108434400
2018-01-23,41.40950464867814,41.90931464951579,41.297398698487754,41.348777770996094,130756400
2018-01-24,41.39782215645873,41.409500675183416,40.451919160296335,40.690147399902344,204420400
2018-01-25,40.75788422729664,40.86064950797437,39.828331707702596,39.96379470825195,166116000
2018-01-26,40.171652797102226,40.171652797102226,39.71855335232489,40.05720901489258,156572000
2018-01-29,39.74191114188095,39.74191114188095,39.0202235699117,39.22808837890625,202561600
2018-01-30,38.66054294724928,39.09028533816567,38.466690946570125,38.996864318847656,184192800
2018-01-31,38.97352579673417,39.340210777509355,38.88711113462403,39.10431671142578,129915600
2018-02-01,39.043577220693535,39.38223289119997,38.94781835356621,39.1860466003418,188923200
2018-02-02,38.77031058908623,38.9571561721517,37.3923310960717,37.48575210571289,346375200
2018-02-05,37.15877588220961,38.275173723461506,36.43475056721955,36.5491943359375,290954000
2018-02-06,36.161507618930685,38.237822137171435,35.96765554128128,38.07666778564453,272975200
2018-02-07,38.090660445947215,38.163062260948806,37.15176756499472,37.26153564453125,206434400
2018-02-08,37.43671114354451,37.60253756671725,36.208207161904596,36.23623275756836,217562000
2018-02-09,36.8342311855885,37.02652618717998,35.23253859813122,36.6794548034668,282690400
2018-02-12,37.16956734240408,38.43356699722462,36.937402826016,38.1568489074707,243278000
2018-02-13,37.97863336270872,38.63525757586731,37.90828012945707,38.53910827636719,130196800
2018-02-14,38.23424264640194,39.28953029970094,38.19672402713639,39.249664306640625,162579600
2018-02-15,39.81717816518889,40.59105657176893,39.63191811060933,40.56760787963867,204588800
2018-02-16,40.41985794427395,40.99675003968103,40.28149888137807,40.43627166748047,160704400
2018-02-20,40.347167225893934,40.865428738385795,40.19942580241765,40.30026626586914,135722000
2018-02-21,40.53006958965306,40.83258371974175,40.103262769524854,40.11733627319336,149886400
2018-02-22,40.28853879540828,40.79273036100625,40.267433900844,40.452693939208984,123967600
2018-02-23,40.72707628005614,41.191401942979354,40.69658904083861,41.156227111816406,135249600
2018-02-26,41.35556732760444,42.06847145388122,41.32273628715055,41.96997833251953,152648800
2018-02-27,42.00045256808782,42.32407170138227,41.78001411689453,41.83395004272461,155712400
2018-02-28,42.037969282526205,42.35690081010692,41.75421615757141,41.7706298828125,151128400
2018-03-01,41.869121344243176,42.15991300108843,40.490214610015975,41.038963317871094,195208000
2018-03-02,40.52305269157681,41.34383210081118,40.44097331932767,41.32272720336914,153816000
2018-03-05,41.08821211152215,41.68151798734125,40.92640076751445,41.46577072143555,113605600
2018-03-06,41.7213870796777,41.80111907072272,41.30396244619029,41.43059539794922,95154000
2018-03-07,41.024892726201514,41.23829619080357,40.86777255571941,41.045997619628906,126814000
2018-03-08,41.15153929665914,41.53613298809278,41.05539355753679,41.49392318725586,95096400
2018-03-09,41.733109499405906,42.21150498140383,41.59943801604093,42.20681381225586,128740800
2018-03-12,42.27950792605273,42.77197688165048,42.26075040737717,42.6148567199707,128828400
2018-03-13,42.81889011225261,43.03229362608752,42.033289078601506,42.2044792175293,126774000
2018-03-14,42.28655332708337,42.33345428800608,41.697934995814336,41.84567642211914,117473600
2018-03-15,41.8597302777262,42.26777599551673,41.7588934293811,41.89490509033203,90975200
2018-03-16,41.894922606443686,42.005141836440984,41.653379250061725,41.74718475341797,157618800
2018-03-19,41.5830218279429,41.61819664868472,40.72472041870842,41.10931396484375,133787200
2018-03-20,41.09524154663086,41.461073973434026,41.02488833109644,41.09524154663086,78597600
2018-03-21,41.04834339622222,41.06006953035237,40.16190204635174,40.164249420166016,148219600
2018-03-22,39.866420083077934,40.494900752679506,39.538109819601516,39.596736907958984,165963200
2018-03-23,39.488858804240465,39.847656274311774,38.679805755615234,38.679805755615234,164115200
2018-03-26,39.413829131964945,40.593406116445934,39.0315792888296,40.51601791381836,150164800
2018-03-27,40.72941236810116,41.074139961517155,39.144137060144445,39.47713851928711,163690400
2018-03-28,39.221523214294066,39.87111237349299,38.73843656517135,39.040950775146484,166674000
2018-03-29,39.35285253138467,40.276816164694516,39.13944903672395,39.34581756591797,153594000
2018-04-02,39.07846990412321,39.61783980550772,38.56958723220933,39.08784866333008,150347200
2018-04-03,39.31298741613807,39.57329187918707,38.66574553048491,39.488868713378906,121112000
2018-04-04,38.665743788214215,40.3377861453882,38.63994772264869,40.24398422241211,138422000
2018-04-05,40.47144865181492,40.858385971022656,40.35419448498673,40.523040771484375,107732800
2018-04-06,40.09389078098584,40.447997082703736,39.44430168365907,39.486515045166016,140021200
2018-04-09,39.8382773227664,40.59104707856743,39.83124235894121,39.878143310546875,116070800
2018-04-10,40.56995108908561,40.80445947688379,40.225223472757165,40.628578186035156,113634400
2018-04-11,40.389377001781156,40.785696733727676,40.26508784751927,40.43862533569336,89726400
2018-04-12,40.666090195176274,41.0389575795323,40.579319680183765,40.8372802734375,91557200
2018-04-13,40.98737310695765,41.23595140956656,40.7692820378696,40.97564697265625,100497200
2018-04-16,41.04599859592581,41.318029156505595,40.99909763886708,41.23126220703125,86313600
2018-04-17,41.388385056399805,41.962929868710894,41.369623956700956,41.79877471923828,106421600
2018-04-18,41.697928719918146,41.93478444114706,41.47983767421081,41.70496368408203,83018000
2018-04-19,40.748166767939104,41.13041649685922,40.490209747905006,40.523040771484375,139235200
2018-04-20,40.00712227776633,40.15251629639191,38.79471107037423,38.86272048950195,261964400
2018-04-23,39.12302762705238,39.144132519307874,38.48047347353814,38.750160217285156,146062000
2018-04-24,38.85100323747827,39.005779628477015,37.8074416526787,38.21079635620117,134768000
2018-04-25,38.135756883915896,38.79238115437606,38.086512121162166,38.37730026245117,113528400
2018-04-26,38.48751117244882,38.86506977787231,38.311629901195275,38.510963439941406,111852000
2018-04-27,38.45937535604153,38.53676355292393,37.66908323921262,38.06540298461914,142623200
2018-04-30,38.02083978086763,39.223865178378034,37.95283035577987,38.75484848022461,169709600
2018-05-01,39.02453317715288,39.678809862224035,38.75719381639185,39.65536117553711,214277600
2018-05-02,41.09290250453425,41.68386462519915,40.75755723807973,41.40714645385742,266157600
2018-05-03,41.24533319861876,41.6252356123869,40.90764057379652,41.48218536376953,136272800
2018-05-04,41.80111545913781,43.20816562887036,41.78235436081041,43.10967254638672,224805200
2018-05-07,43.426265045362086,44.01019226637602,43.32542814804816,43.42157745361328,169805600
2018-05-08,43.38169746782833,43.67014171321646,43.072144753118614,43.63027572631836,113611200
2018-05-09,43.74753734783236,43.946867316294885,43.43564078484701,43.9374885559082,92844800
2018-05-10,44.026601189625815,44.643355748706455,44.00549271751808,44.56596755981445,111957200
2018-05-11,44.60834648133808,44.74252983037608,44.12810264072007,44.3964729309082,104848800
2018-05-14,44.49533599968654,44.617751562338626,44.22461293578099,44.29288101196289,83115200
2018-05-15,43.97037070032419,44.03864237453886,43.57487920653091,43.89033126831055,94780800
2018-05-16,43.80323241533357,44.365868491092186,43.786751806031575,44.299949645996094,76732400
2018-05-17,44.2575751900698,44.47180154910727,43.8714986140111,44.01980972290039,69176000
2018-05-18,44.06690171148546,44.21285642880138,43.81736483654692,43.859737396240234,73190800
2018-05-21,44.25758035606822,44.556555441924544,44.00098141717452,44.17047882080078,73603200
2018-05-22,44.34704877277876,44.46475513126507,43.97038698877737,44.059844970703125,60962800
2018-05-23,43.869148982230094,44.375284745399135,43.730252788035145,44.34232711791992,80233600
2018-05-24,44.438839272394304,44.45531628715076,43.836183567201495,44.29288101196289,92936000
2018-05-25,44.311719588330504,44.64600510130118,44.17517982802782,44.39411544799805,69844000
2018-05-29,44.16341076203586,44.43413384930617,43.99155695605987,44.234031677246094,90056400
2018-05-30,44.19166075774655,44.25757600911459,43.97037230296309,44.139869689941406,74762000
2018-05-31,44.073961577958656,44.31172708804303,43.81971545630675,43.9915657043457,109931200
2018-06-01,44.25522600978311,44.789610146728236,44.19872567980173,44.78490447998047,93770000
2018-06-04,45.114488847564225,45.53352315842326,45.046220746360014,45.159217834472656,105064800
2018-06-05,45.45111740448041,45.65592523952757,45.28397285957056,45.50761413574219,86264000
2018-06-06,45.58294435150717,45.688879306487344,45.18038721204892,45.66533660888672,83734400
2018-06-07,45.703013301022914,45.717137485771346,45.279269798009615,45.54293441772461,85388800
2018-06-08,45.003832665969014,45.19922558261393,44.674256416273806,45.12860107421875,106627200
2018-06-11,45.0462077379834,45.19216241765169,44.77783748614501,45.0179557800293,73234000
2018-06-12,45.05563482605106,45.34283859669024,44.999134487001314,45.26515197753906,67644400
2018-06-13,45.29809849342999,45.406389885336665,44.83198248503108,44.8931884765625,86553600
2018-06-14,45.09329226949185,45.098001528120655,44.78019302474528,44.91673278808594,86440400
2018-06-15,44.73547156063329,44.766076358692345,44.318790108749276,44.45532989501953,246876800
2018-06-18,44.22933055748837,44.54478265155956,44.06924808496244,44.431785583496094,73939600
2018-06-19,43.58430936879681,43.864451070897154,43.18646131066189,43.71378707885742,134314000
2018-06-20,43.869158068233006,44.06925670790328,43.72319975164164,43.90446853637695,82514800
2018-06-21,44.08101301559192,44.33996833397004,43.53721043910938,43.65962600708008,102847600
2018-06-22,43.815007164385726,43.822069257467064,43.48072158745682,43.53251266479492,108801600
2018-06-25,43.174684615472465,43.53251289934205,42.54613318305983,42.885128021240234,126652400
2018-06-26,43.07817256800714,43.911531970662125,42.972233976115426,43.41716384887695,98276800
2018-06-27,43.605493082214934,44.088089831952125,43.32299856279475,43.35360336303711,101141200
2018-06-28,43.33946445126731,43.83618521939736,43.26883994737882,43.66904067993164,69460800
2018-06-29,43.855021380811685,44.06689492297677,43.05932905932024,43.57723617553711,90950800
2018-07-02,43.27355775791656,44.09279282544298,43.17939053675064,44.06454086303711,70925200
2018-07-03,44.208138207593315,44.24580509220455,43.20763448482043,43.29709243774414,55819200
2018-07-05,43.6125501822098,43.88327690941216,43.381846770178385,43.6455078125,66416800
2018-07-06,43.65020449755903,44.35879514073337,43.598413437434786,44.25050735473633,69940800
2018-07-09,44.61068697897197,44.88847211826884,44.56360517815518,44.864933013916016,79026400
2018-07-10,44.89554351943175,45.029726848456654,44.77077152281335,44.810794830322266,63756400
2018-07-11,44.37527901622558,44.676606883449594,44.16576192741964,44.22932434082031,75326000
2018-07-12,44.617759623255736,45.06033655826407,44.5659685524734,44.97087860107422,72164400
2018-07-13,44.98265836167209,45.16157071738776,44.940282208513345,45.04151153564453,50055600
2018-07-16,45.086224977091796,45.352238789090364,44.8272696640545,44.942623138427734,60172400
2018-07-17,44.66955850910829,45.168632268930324,44.54008080949994,45.069759368896484,62138000
2018-07-18,45.14743759156633,45.152146850343286,44.71192275355339,44.822566986083984,65573600
2018-07-19,44.655431831739946,45.32871224004053,44.655431831739946,45.17098617553711,81147200
2018-07-20,45.14742986684816,45.30044662585429,44.76841542267205,45.06739044189453,82704800
2018-07-23,44.88849381620743,45.18982538973532,44.62483273049752,45.10742950439453,63957600
2018-07-24,45.305168915828304,45.59001983518572,45.211005281986324,45.43464660644531,74791600
2018-07-25,45.44876576568423,45.87015642198545,45.30045464627953,45.863094329833984,66839600
2018-07-26,45.813649847163006,46.131458319101874,45.57823722857466,45.719486236572266,76304000
2018-07-27,45.90311735619619,45.950199171301655,44.75194955512328,44.959110260009766,96096000
2018-07-30,45.17568319996303,45.246307708854594,44.50946860426177,44.70721435546875,84118000
2018-07-31,44.799021616765586,45.23217996880992,44.57302392450554,44.79666519165039,157492000
2018-08-01,46.877719260424044,47.49685204920368,46.449266539565365,47.435646057128906,271742800
2018-08-02,47.21906427796489,49.05528345289288,47.16492038055147,48.82222366333008,249616000
2018-08-03,48.737484162224085,49.14004140332828,48.372593809947276,48.96348190307617,133789600
2018-08-06,48.96581920433888,49.26008494474957,48.74688721768665,49.21771240234375,101701600
2018-08-07,49.27657299747852,49.318945546288,48.67391365266562,48.756309509277344,102349600
2018-08-08,48.50677405071217,48.921098994216976,48.14659300734389,48.789268493652344,90102000
2018-08-09,49.32602861615754,49.384881798164315,48.77751652880072,49.173011779785156,93970400
2018-08-10,48.986363520271034,49.39741937175886,48.82335855149639,49.02652359008789,98444800
2018-08-13,49.447027835372424,49.834458423570865,49.06668410634087,49.343082427978516,103563600
2018-08-14,49.647826708477496,49.742320557502325,49.19897191383636,49.550968170166016,82992000
2018-08-15,49.425764958794105,49.78484809362196,49.21551306896723,49.66672897338867,115230400
2018-08-16,50.023456126869974,50.51010641019358,49.95730969640134,50.394351959228516,114001600
2018-08-17,50.42270745000428,51.48814097239071,50.356561008974694,51.400733947753906,141708000
2018-08-20,51.523571270388054,51.778705445399396,50.81721750232455,50.89990234375,121150800
2018-08-21,51.21646377979151,51.30859657191745,50.56208268434248,50.800682067871094,104639200
2018-08-22,50.57862531376805,51.11252261462643,50.5172010440877,50.80305099487305,76072400
2018-08-23,50.708547149487345,51.27552120432041,50.696738118838695,50.90699005126953,75532800
2018-08-24,51.16921107177788,51.24007966949176,50.81721474938912,51.06526565551758,73905600
2018-08-27,51.29913711900238,51.6747586949245,51.10542361873389,51.48576736450195,82100400
2018-08-28,51.7385414974785,52.09998575718909,51.717280918603734,51.901546478271484,91107200
2018-08-29,52.00785590995711,52.796894504886076,51.83304188973848,52.67641067504883,109019200
2018-08-30,52.74019031767683,53.923742675038724,52.53938635946585,53.16069412231445,195175200
2018-08-31,53.51032829361586,54.067850745143865,53.38984807574226,53.77491760253906,173360400
2018-09-04,53.95918507117456,54.14108594690396,53.53868123150636,53.94737243652344,109560400
2018-09-05,54.096198793356,54.25683907496072,53.17723213437342,53.59537124633789,133332000
2018-09-06,53.444192603882854,53.708781965959,52.27953944967642,52.704769134521484,137160000
2018-09-07,52.40945751605054,53.241013565604675,52.140146053637395,52.27952575683594,150479200
2018-09-10,52.19683530193969,52.40945186811711,51.13848905901792,51.5778923034668,158066000
2018-09-11,51.50230839347898,52.9882492587636,51.1597635933339,52.88194274902344,142996000
2018-09-12,53.13943004010964,53.15360375769151,51.93461357971818,52.225189208984375,197114800
2018-09-13,52.80398487884961,53.94501627996278,52.57955921881434,53.48671340942383,166825600
2018-09-14,53.330789785670724,53.588288636449,52.56774117812255,52.879573822021484,127997200
2018-09-17,52.48033836730671,52.66932973352161,51.32749788234575,51.47160339355469,148780400
2018-09-18,51.450322907548866,52.40945315642441,51.29204372483906,51.55663299560547,126286800
2018-09-19,51.618057249074425,51.88264293364041,50.86209557552189,51.587345123291016,108495200
2018-09-20,52.02911143351757,52.51103585851095,51.7716090115553,51.97949981689453,106435200
2018-09-21,52.1566749925256,52.293693595499825,51.332202290127185,51.419612884521484,384986800
2018-09-24,51.22117980915976,52.27007462582272,51.17629396428062,52.15904235839844,110773600
2018-09-25,51.9133660310406,52.638619336797795,51.90155339518817,52.48978805541992,98217600
2018-09-26,52.20865864637607,52.85831390102555,51.91572188840217,52.07164001464844,95938800
2018-09-27,52.87484553269253,53.49378857882078,52.80869550800178,53.14179229736328,120724800
2018-09-28,53.103997129259895,53.35204802436929,52.922096263594824,53.328426361083984,91717600
2018-10-01,53.850512611497464,54.19778315474895,53.47253354452783,53.68750762939453,94403200
2018-10-02,53.685143811325815,54.33479901696342,53.53867724574372,54.16470718383789,99152800
2018-10-03,54.34660831900594,55.15454267446678,54.2828229843168,54.82381057739258,114619200
2018-10-04,54.51907334874778,54.88996920159424,53.562307534511866,53.85997009277344,128168000
2018-10-05,53.85287945813357,53.95918596232943,52.10943981236538,52.98588180541992,134322000
2018-10-08,52.494502207825064,53.10635839957943,52.0196610265491,52.863033294677734,118655600
2018-10-09,52.83232269929613,53.68986871026096,52.503951672171496,53.59537124633789,107564000
2018-10-10,53.262296214980466,53.47254818744123,51.0392926333679,51.112525939941406,167962400
2018-10-11,50.67783906976985,51.854304746732204,50.15811555179249,50.66130065917969,212497600
2018-10-12,52.071642947462294,52.652790721334746,51.22590944484672,52.47088623046875,161351600
2018-10-15,52.246476631729365,52.404755900573036,51.32750955430419,51.34877014160156,123164000
2018-10-16,51.7196476453891,52.678778140870236,51.20701098324297,52.4803352355957,116736000
2018-10-17,52.51577231317345,52.59609246622275,51.81650539235959,52.25354766845703,91541600
2018-10-18,51.466862088668904,51.91099112455737,50.31874412087741,51.03218460083008,130325200
2018-10-19,51.514123661211364,52.27008550819319,51.36529237714401,51.80942153930664,132314800
2018-10-22,51.9228076917488,52.76618004452115,51.72200732540533,52.125972747802734,115168400
2018-10-23,50.98729773876846,52.740184977111134,50.720347384705434,52.617340087890625,155071200
2018-10-24,52.58665211173443,52.971718126801825,50.68256820148185,50.8125,163702000
2018-10-25,51.43143757260694,52.2984316284464,51.204647237524014,51.925174713134766,119423200
2018-10-26,51.003833993665765,52.01729805036932,50.24078549646831,51.098331451416016,189033600
2018-10-29,51.78106099858024,51.899180119940304,48.68633857706264,50.13920593261719,183742000
2018-10-30,49.88171108747019,50.83375106190796,49.43758557487864,50.389625549316406,146640000
2018-10-31,51.23535517923457,52.07872389622704,51.17393092438422,51.70310592651367,153435600
2018-11-01,51.7479932575457,52.52994134683256,51.218818240233645,52.49686813354492,233292800
2018-11-02,49.503724364174225,50.472298994177216,48.5304203553,49.01470947265625,365314800
2018-11-05,48.2634715073883,48.28473208313314,46.81532999205597,47.62326431274414,264654800
2018-11-06,47.70122532809226,48.362693125746915,47.64689154182379,48.138267517089844,127531600
2018-11-07,48.65799358134124,49.62420717738596,48.223316058070075,49.59822082519531,133697600
2018-11-08,49.77839945640611,49.81158807286182,49.01268833706429,49.42517852783203,101450400
2018-11-09,48.72820739840714,48.83725414465748,47.94590026761649,48.4721794128418,137463200
2018-11-12,47.1754539935757,47.376958635940824,45.940356345152274,46.03044128417969,204542000
2018-11-13,45.42830979875548,46.744004410319455,45.38563664732027,45.5705451965332,187531600
2018-11-14,45.96643301809805,46.10392974917986,44.077043957770435,44.28329086303711,243204000
2018-11-15,44.66021072748847,45.5088950350297,44.30698624887807,45.37614059448242,185915200
2018-11-16,45.160412515171664,46.22008232656418,44.913869072574464,45.87871170043945,147713200
2018-11-19,45.04187485083766,45.20781787683078,43.854193031994036,44.0604362487793,167701200
2018-11-20,42.28483516720722,43.019730332834,41.6068363013813,41.955318450927734,271300800
2018-11-21,42.60725857383587,42.735274398976415,41.85340126887431,41.90792465209961,124496800
2018-11-23,41.47171992481934,41.865244596069026,40.798463202121155,40.843502044677734,94496000
2018-11-26,41.305788880160506,41.47410130110637,40.36227712419676,41.395870208740234,179994000
2018-11-27,40.65860267099883,41.43142901354087,40.50925570213166,41.3057861328125,165549600
2018-11-28,41.896057768030154,42.97706227069224,41.46934451243013,42.89409255981445,184250000
2018-11-29,43.301855283072136,43.335043902303134,42.12602319821,42.56459045410156,167080000
2018-11-30,42.74001168122408,42.74949621026611,41.96718895954499,42.33463668823242,158126000
2018-12-03,43.72856114282213,43.84235015808843,42.95810782751556,43.81390380859375,163210000
2018-12-04,42.896466554735234,43.237837196394814,41.787015586628954,41.88658142089844,165377200
2018-12-06,40.71786040102842,41.43379028172995,40.40019746688139,41.4195671081543,172393600
2018-12-07,41.1279855500533,41.36504811416553,39.89763026354484,39.94267272949219,169126400
2018-12-10,39.115325064377515,40.32197270882044,38.719430996285325,40.205814361572266,248104000
2018-12-11,40.69415597889754,40.724971648959276,39.589443688075356,39.97585678100586,189126800
2018-12-12,40.39545486304984,40.75579093217634,40.06831102170334,40.087276458740234,142510800
2018-12-13,40.41679401583242,40.909884536388844,40.19395464798327,40.525840759277344,127594400
2018-12-14,40.06358361448707,40.08254905855672,39.181710360335394,39.229122161865234,162814800
2018-12-17,39.22199202280071,39.90947548035415,38.57718169854426,38.86402893066406,177151600
2018-12-18,39.20540286647577,39.71508586552915,38.97070965657398,39.36897659301758,135366000
2018-12-19,39.35238878434899,39.696128806296855,37.714285467405595,38.14099884033203,196189200
2018-12-20,38.0248355278653,38.43021412213326,36.81581856749373,37.178524017333984,259092000
2018-12-21,37.18563569205263,37.493817763282536,35.47167428612858,35.73244094848633,382978400
2018-12-24,35.12082405247148,35.92683909289453,34.75100696144994,34.80790328979492,148676800
2018-12-26,35.156384456910665,37.27335174785261,34.78182511320118,37.25912857055664,234330000
2018-12-27,36.94382229366778,37.16429231852565,35.575974156047664,37.017311096191406,212468400
2018-12-28,37.33735973179769,37.57916459813956,36.63802578091373,37.03628921508789,169165600
2018-12-31,37.5815191228161,37.778281438629776,37.095540257713566,37.39424133300781,140014000
2019-01-02,36.71861339400552,37.657382560104914,36.56215126344113,37.436912536621094,148158800
2019-01-03,34.132268116287044,34.54475829394252,33.66288523639479,33.70792770385742,365248800
2019-01-04,34.262650244247524,35.21564271315385,34.0895955946681,35.14689254760742,234428400
2019-01-07,35.2511999095662,35.282019198115606,34.587424056502364,35.068660736083984,219111200
2019-01-08,35.455070009455085,35.99083362118485,35.20852657958671,35.73717498779297,164101200
2019-01-09,35.86519539069432,36.63327943614389,35.471674265217295,36.34406280517578,180396400
2019-01-10,36.15203452087651,36.50051671678858,35.763252130392665,36.4602165222168,143122800
2019-01-11,36.242130268194934,36.43651971289026,35.91735205698948,36.10226058959961,108092800
2019-01-14,35.76088033917748,35.8604461572393,35.37446729835511,35.55937576293945,129756800
2019-01-15,35.623390725952945,36.363024731160756,35.5712366750947,36.287166595458984,114843600
2019-01-16,36.28954360894264,36.9533196191107,36.27057816667632,36.7304801940918,122278800
2019-01-17,36.55504553898602,37.37528357720768,36.33220615680434,36.948570251464844,119284800
2019-01-18,37.33735973775745,37.42744468386333,36.9770235706222,37.1761589050293,135004000
2019-01-22,37.07895474729043,37.15481288318813,36.180485646601795,36.34169006347656,121576000
2019-01-23,36.54320136818846,36.77789466384049,35.96239867356634,36.488677978515625,92522400
2019-01-24,36.53369896766622,36.62141092780702,35.97186204713381,36.199440002441406,101766000
2019-01-25,36.85848448845611,37.48670242020263,36.58349467789878,37.39898681640625,134142000
2019-01-28,36.93197130900929,37.05998710557618,36.4270305613809,37.05287551879883,104768400
2019-01-29,37.0410207847248,37.4866995043385,36.53370710874869,36.66883087158203,166348800
2019-01-30,38.70045837079162,39.38793826706386,37.984528510908085,39.174583435058594,244439200
2019-01-31,39.37847208709392,40.06358291653725,39.011024301383955,39.456703186035156,162958400
2019-02-01,39.5799665216834,40.058830287377425,39.33578875751876,39.47565841674805,130672400
2019-02-04,39.68663891563872,40.69415466560486,39.655819629284345,40.59695816040039,125982000
2019-02-05,40.97862902443456,41.504908129697604,40.85772843652332,41.29154968261719,144406400
2019-02-06,41.402979043571136,41.62107980509116,40.97626928419296,41.3057861328125,112958400
2019-02-07,40.86959266251732,41.23467110889792,40.38124426294569,40.52348327636719,126966800
2019-02-08,40.23301855889848,40.630610517833716,40.09731162648508,40.57109069824219,95280000
2019-02-11,40.72344788488403,40.76154142875453,40.29490459834161,40.3377571105957,83973600
2019-02-12,40.497297944635264,40.71156790152228,40.40206402717243,40.68537902832031,89134000
2019-02-13,40.80439288315696,41.06389833254654,40.454416177620466,40.51631546020508,89960800
2019-02-14,40.40443110443633,40.77345103559048,40.325864516022556,40.663936614990234,87342800
2019-02-15,40.77107347735558,40.87820841832707,40.41395458558312,40.57346725463867,98507200
2019-02-19,40.404439480348884,40.816315650930065,40.352061743881706,40.69489288330078,75891200
2019-02-20,40.75678995456549,41.26389995148661,40.70917482812812,40.9567756652832,104457600
2019-02-21,40.9020100056452,41.037713269610336,40.544891181904646,40.725830078125,68998800
2019-02-22,40.84964624668983,41.18771841275426,40.80203111381347,41.18057632446289,75652800
2019-02-25,41.463889012500914,41.8710025541568,41.413890764380966,41.480552673339844,87493600
2019-02-26,41.356748410721536,41.73529354904754,41.22818358043654,41.504356384277344,68280800
2019-02-27,41.23771805518607,41.663878413092874,41.12343737306422,41.63292694091797,111341600
2019-02-28,41.501982779664566,41.642448686195074,41.16866960038352,41.223426818847656,112861600
2019-03-01,41.49245157272372,41.69957935859273,41.1615215591532,41.6567268371582,103544800
2019-03-04,41.82814408844058,42.3185867630682,41.41864748708526,41.86623764038086,109744800
2019-03-05,41.8876715182838,41.9019556946587,41.554358327395256,41.79005813598633,78949600
2019-03-06,41.58529768028724,41.78052438799391,41.41150086370007,41.54958724975586,83241600
2019-03-07,41.39483191254346,41.53053880871638,40.954387544867565,41.06866455078125,99185600
2019-03-08,40.54965828818608,41.20437620444497,40.35443156577534,41.166282653808594,95997600
2019-03-11,41.78054044694519,42.644765893188115,41.747209488037775,42.59238815307617,128044000
2019-03-12,42.854273633241505,43.48994492286504,42.70428251302859,43.070926666259766,129870400
2019-03-13,43.38994425600369,43.63992820049974,43.07329841068218,43.261383056640625,124130000
2019-03-14,43.78277116143453,43.83038991608697,43.46374584894839,43.7422981262207,94318000
2019-03-15,44.00895556463961,44.599391151169385,43.74468742331031,44.31131362915039,156171600
2019-03-18,44.23513175842596,44.851756233015,44.23274864058947,44.763668060302734,104879200
2019-03-19,44.8422339518956,44.99460454615995,44.26369941100965,44.40892791748047,126585600
2019-03-20,44.337498406840204,45.11363909902574,43.98037952623001,44.796993255615234,124140800
2019-03-21,45.23981670799699,46.74209608153798,45.189818470815716,46.446876525878906,204136800
2019-03-22,46.50639708117386,47.06588473880765,45.420756346429926,45.48503875732422,169630800
2019-03-25,45.59455068456965,45.70644820999302,44.425584460679715,44.93507385253906,175381200
2019-03-26,45.63026979507093,45.92072676985604,43.9446682740036,44.470821380615234,199202000
2019-03-27,44.93746192285677,45.17792067619841,44.413688258793016,44.87080001831055,119393600
2019-03-28,44.98508177475717,45.13031028908646,44.64700961396477,44.93032455444336,83121600
2019-03-29,45.19458762583912,45.2541074425039,44.887463337480106,45.2231559753418,94256000
2019-04-01,45.62550367676558,45.63502524757183,44.849366691628894,45.5302734375,111448000
2019-04-02,45.49456831370297,46.29689795003126,45.485046741025556,46.192142486572266,91062800
2019-04-03,46.00881357119078,46.78257110861055,45.98500419384211,46.50878143310547,93087200
2019-04-04,46.37546339734885,46.75162911226927,45.98263402115057,46.58973693847656,76457200
2019-04-05,46.7706708206856,46.92542452241121,46.64686858586537,46.901615142822266,74106400
2019-04-08,46.76353757690128,47.670619165640296,46.74449079618841,47.639671325683594,103526800
2019-04-09,47.69204530479587,48.29438562024931,47.43253611674226,47.49681854248047,143072800
2019-04-10,47.30158392300267,47.792030232425006,47.1825442973062,47.763458251953125,86781200
2019-04-11,47.81823193765084,47.853942381829896,47.24445991582706,47.36587905883789,83603200
2019-04-12,47.425395064355484,47.649190183974554,46.71354029389259,47.34682846069336,111042800
2019-04-15,47.27778698972833,47.58014871253934,47.1420800473952,47.43253707885742,70146400
2019-04-16,47.48729988834569,47.94202860106376,47.273026333647394,47.43730163574219,102785600
2019-04-17,47.50633470465432,48.42056183866063,47.28492273304426,48.36104202270508,115627200
2019-04-18,48.35865206262389,48.603873379039385,48.21580670422305,48.53483200073242,96783200
2019-04-22,48.28961717719952,48.79196456564161,48.172957030939074,48.69435119628906,77758000
2019-04-23,48.67054404461103,49.46096897486131,48.5443623205219,49.39668655395508,93292000
2019-04-24,49.368129818205674,49.63477750425081,49.29432580744692,49.32051467895508,70162400
2019-04-25,49.24192543350171,49.46333736402004,48.83480836948981,48.872901916503906,74172800
2019-04-26,48.782428934724166,48.80623830897068,48.120569018036306,48.639583587646484,74596400
2019-04-29,48.66339592546426,49.0371820815589,48.5348347323877,48.71339416503906,88818800
2019-04-30,48.34437319932044,48.42531927458395,47.403960863567825,47.77536392211914,186139600
2019-05-01,49.968074675183026,51.260843272461415,49.813320981383605,50.120445251464844,259309200
2019-05-02,49.95855246647943,50.62755462484601,49.55143895467689,49.79427719116211,127985200
2019-05-03,50.208535988797536,50.43471056370915,50.05140280221845,50.41328430175781,83569600
2019-05-06,48.63721289375776,49.720474308259035,48.44913186725117,49.634765625,129772400
2019-05-07,49.01576096722364,49.38240144232554,47.8134599345925,48.29676055908203,155054800
2019-05-08,48.06819897946514,48.88719217828683,48.03248854519136,48.306278228759766,105358000
2019-05-09,47.71109391081329,48.01583514746375,46.820679585801074,47.78728103637695,139634400
2019-05-10,47.1826045112537,47.524370793548194,46.071274225403876,47.125244140625,164834800
2019-05-13,44.86195605399725,45.28497649247843,43.700434952267486,44.3863525390625,229722400
2019-05-14,44.551259529371606,45.33755501706482,44.31226345269041,45.0890007019043,146118800
2019-05-15,44.51780844350511,45.827506164416576,44.458059413303786,45.6291389465332,106178800
2019-05-16,45.38775397079813,45.99958345378855,45.132026372240446,45.428382873535156,132125600
2019-05-17,44.675537722211125,45.62435249909056,44.63490882419049,45.17026138305664,131516400
2019-05-20,43.860575112945824,44.05894235797274,43.08622626273383,43.75780487060547,154449200
2019-05-21,44.266863858384575,44.93127281356524,44.14258484864967,44.5966796875,113459200
2019-05-22,44.13301047771474,44.3839570539406,43.62872867766116,43.68369674682617,118994400
2019-05-23,42.97150099629786,43.14835578247127,42.4958974279958,42.93804168701172,146118800
2019-05-24,43.06710418805219,43.53075728840777,42.68948984494602,42.77313995361328,94858800
2019-05-28,42.76117939821549,43.16030242542194,42.51979466347363,42.59627151489258,111792800
2019-05-29,42.163693385388605,42.86395388562777,42.0633154565731,42.393131256103516,113924800
2019-05-30,42.52936411007904,42.83527888995401,42.22344933020406,42.613014221191406,84873600
2019-05-31,42.118281900211706,42.53891737233829,41.8219290686219,41.84104919433594,108174400
2019-06-03,41.96771001391318,42.52217898232048,40.6938605637744,41.41801834106445,161584400
2019-06-04,41.92947891959907,42.978671716588416,41.70960293183085,42.93326187133789,123872000
2019-06-05,44.0422011159206,44.21188995189266,43.29175350609404,43.626346588134766,119093600
2019-06-06,43.75540941879875,44.32660999100133,43.53314113426265,44.26686096191406,90105200
2019-06-07,44.57516459850568,45.86813447046718,44.39830980535762,45.44511032104492,122737600
2019-06-10,45.84183565226266,46.692661078886516,45.796425815427575,46.02586364746094,104883600
2019-06-11,46.57078461142005,46.843240045404315,46.26965080968736,46.558834075927734,107731600
2019-06-12,46.353291785136825,46.83606491698479,46.21945455574318,46.41065216064453,73012800
2019-06-13,46.53254111697809,47.03204210337555,46.269647588406826,46.401092529296875,86698400
2019-06-14,45.77970385867657,46.26725429994497,45.48095873253902,46.064109802246094,75046000
2019-06-17,46.102347467348565,46.59468250985322,45.927881330772394,46.33895492553711,58676400
2019-06-18,46.85518283180173,47.868523890430765,46.65442699718173,47.42877197265625,106204000
2019-06-19,47.722747376441426,47.77054952176629,47.156327692900156,47.290164947509766,84496800
2019-06-20,47.88765353768087,47.945013921889384,47.328403467116104,47.670169830322266,86056000
2019-06-21,47.51241415119716,48.0023567694625,47.35706453493292,47.507633209228516,191202400
2019-06-24,47.45028461027407,47.837460776342034,47.361857219276544,47.45984649658203,72881600
2019-06-25,47.42399625849341,47.62236346699699,46.67354862052132,46.74047088623047,84281200
2019-06-26,47.26626862875501,48.0358365075775,47.165890685446655,47.75143051147461,104270000
2019-06-27,47.86852837567722,48.17444674582689,47.69645453473033,47.737083435058594,83598800
2019-06-28,47.48374832133551,47.67972689411709,47.09418711775815,47.3021125793457,124442400
2019-07-01,48.55683497285938,48.87231156085323,47.95456380737443,48.16966247558594,109012000
2019-07-02,48.13620626822179,48.54727985958251,48.12425573364212,48.45167922973633,67740800
2019-07-03,48.58312842208585,48.86036478190862,48.44212159394522,48.85319519042969,45448000
2019-07-05,48.599855145843684,49.013317350110974,48.492303990598344,48.8101692199707,69062000
2019-07-08,47.992813828081516,48.13382067409461,47.4192245563178,47.80400848388672,101354400
2019-07-09,47.608026922078025,48.16010738213968,47.51481858007789,48.0955810546875,82312000
2019-07-10,48.241362495353016,48.690672667251185,48.17205158666198,48.57117462158203,71588400
2019-07-11,48.590290100983076,48.84840629256591,48.20789857947526,48.21745681762695,80767200
2019-07-12,48.384757748332575,48.755202417628624,48.32500872576195,48.58790588378906,70380800
2019-07-15,48.776721106125294,49.20213394156513,48.75521232885727,49.04439926147461,67789600
2019-07-16,48.89621886013708,49.25949400997308,48.63571394568259,48.87471008300781,67467200
2019-07-17,48.7671576951322,49.01571204861512,48.580741018322186,48.59986114501953,56430000
2019-07-18,48.75519741827764,49.20451118890925,48.683497869186766,49.15193176269531,74162400
2019-07-19,49.18300733429522,49.35269617512712,48.36325243642237,48.41822052001953,83717200
2019-07-22,48.671547309837216,49.527153662460286,48.66198907179927,49.52476501464844,89111600
2019-07-23,49.821133111328635,49.928680636686046,49.5415044398914,49.911949157714844,73420800
2019-07-24,49.63232270243721,49.98603593109381,49.51282464508648,49.87131881713867,59966400
2019-07-25,49.92389603495717,50.00754613010088,49.40766357491906,49.47697448730469,55638400
2019-07-26,49.58690272579285,50.124643874002366,49.505644938626475,49.649044036865234,70475600
2019-07-29,49.82112193871518,50.34213161648365,49.81634099625393,50.112693786621094,86693600
2019-07-30,49.89282495285342,50.22742168380975,49.546281334227054,49.897605895996094,135742800
2019-07-31,51.72353753914433,52.906567550868054,50.49987862645295,50.91572952270508,277125600
2019-08-01,51.1212623066255,52.10831732750633,49.41005306995918,49.8139533996582,216071600
2019-08-02,49.12087737281385,49.335972444521424,48.188793866358694,48.75999450683594,163448400
2019-08-05,47.31884611855073,47.47658079621263,46.02587615195821,46.20751190185547,209572000
2019-08-06,46.91731412640446,47.337949509555145,46.374792070249164,47.08222198486328,143299200
2019-08-07,46.702228891752036,47.69406125048899,46.32222596704192,47.56978225708008,133457600
2019-08-08,47.84700892141569,48.64286621286209,47.6534227026188,48.61896514892578,108038000
2019-08-09,48.29271153651943,48.64296958479051,47.810501798191915,48.21834182739258,98478800
2019-08-12,47.88965629168098,48.4726251706468,47.776901069425165,48.09597396850586,89927600
2019-08-13,48.225533277199396,50.893266254855526,48.09598298618555,50.13277053833008,188874000
2019-08-14,48.7389331847721,49.5258185877482,48.60218604759379,48.64057159423828,146189600
2019-08-15,48.81090128055658,49.213938506270125,47.90166247767573,48.39826583862305,108909600
2019-08-16,49.007611856661676,49.698536872745386,48.90205346135486,49.540199279785156,110481600
2019-08-19,50.52861197082405,51.03480988446153,50.387069397884126,50.46384048461914,97654400
2019-08-20,50.590991119074104,51.18355469517102,50.45664537335362,50.46623992919922,107537200
2019-08-21,51.09718202117652,51.2555159650545,50.76371542654577,51.013214111328125,86141600
2019-08-22,51.14517220703567,51.445052429028564,50.55980542800198,50.97004318237305,89014800
2019-08-23,50.2431331866759,50.87168465912164,48.22074260469428,48.61418533325195,187272000
2019-08-26,49.38666288108543,49.70573580378424,49.19473885065766,49.537803649902344,104174400
2019-08-27,49.86646521810463,50.031999628976166,48.82768004987316,48.97882080078125,103493200
2019-08-28,48.96443397138166,49.35307748719448,48.777309044460935,49.3074951171875,63755200
2019-08-29,50.02001470468099,50.21673786254846,49.57859195226925,50.142364501953125,83962000
2019-08-30,50.418262059397264,50.48783265913524,49.708144094052756,50.077598571777344,84573600
2019-09-03,49.52341851756975,49.6553665497577,48.993232325479035,49.348289489746094,80092000
2019-09-04,49.99361523354929,50.25510982389473,49.73691975018293,50.18553924560547,76752400
2019-09-05,50.859682455783634,51.33229394881414,50.74212809831234,51.1667594909668,95654800
2019-09-06,51.35149459863421,51.44025798097894,50.98204008170396,51.16196823120117,77449200
2019-09-09,51.540999601287744,51.92484765262386,50.63656371615153,51.38026428222656,109237600
2019-09-10,51.30589019435055,52.006409716449355,50.79009785143118,51.98721694946289,127111600
2019-09-11,52.31591014489986,53.668969673381696,52.23433993559697,53.64017868041992,177158400
2019-09-12,53.93046714945555,54.319110798315485,53.46505239627143,53.52022933959961,128906800
2019-09-13,52.77892229352678,52.96844499471411,52.06400882562303,52.479042053222656,159053200
2019-09-16,52.23433694894849,52.81010918684441,52.193553676952725,52.75492858886719,84632400
2019-09-17,52.76931927731361,52.9756369959949,52.56779700604228,52.94684600830078,73274800
2019-09-18,53.033216987486675,53.4626475159437,52.6445733906473,53.44345474243164,101360000
2019-09-19,53.26112420617858,53.68095650952987,52.86768150832097,53.00922775268555,88242400
2019-09-20,53.10998931926708,53.39307449871104,52.171963083144945,52.234336853027344,221652400
2019-09-23,52.52701301972165,52.74052756724027,52.21513689194302,52.47183609008789,76662000
2019-09-24,53.02600846924604,53.37627010251863,52.10477750756929,52.222328186035156,124763200
2019-09-25,52.43105494304572,53.13877148349561,52.092789198613566,53.02601623535156,87613600
2019-09-26,52.77891875008804,53.00442926136015,52.49823130328569,52.75252914428711,75334000
2019-09-27,52.90845848244411,53.009221444627215,52.12637228824465,52.495826721191406,101408000
2019-09-30,52.99481963756266,53.87766871925499,52.96843003744191,53.731327056884766,103909600
2019-10-01,53.995230177972914,54.75092680553321,53.78651107289727,53.88007354736328,139223200
2019-10-02,53.5130199648798,53.63777114984615,52.28231048438784,52.529415130615234,138449200
2019-10-03,52.402261102678956,53.00922196273818,51.61058034563439,52.97563552856445,114426000
2019-10-04,54.131972438434296,54.57579658165948,53.71214017454711,54.46063995361328,138478800
2019-10-07,54.28311070218234,55.16115707118716,54.17995001859924,54.472633361816406,122306000
2019-10-08,54.1751473398334,54.7125301980884,53.817688901647145,53.83448028564453,111820000
2019-10-09,54.46543884277344,54.64776467881045,54.13197222093732,54.46543884277344,74770400
2019-10-10,54.68134917544705,55.28351091299054,54.530212055651084,55.19954299926758,113013600
2019-10-11,55.88567662071718,57.010827782874266,55.73213809572937,56.66776657104492,166795600
2019-10-14,56.35348195750364,57.128374978236515,56.298305029368485,56.58618927001953,96427600
2019-10-15,56.7109382267624,57.013216118499486,56.34868430138051,56.45424270629883,87360000
2019-10-16,55.98643706861519,56.43506037247949,55.94565379747248,56.226341247558594,73903200
2019-10-17,56.3990739912021,56.65337184168017,56.022426324167796,56.44465637207031,67585200
2019-10-18,56.27910911439278,56.9964237826621,56.20713714308924,56.715736389160156,97433600
2019-10-21,56.98203358379018,57.81450126035305,56.93405348688718,57.699344635009766,87247200
2019-10-22,57.85529763738548,58.10479639421251,57.48584312014552,57.567413330078125,82293600
2019-10-23,58.08079626535233,58.35428685033186,57.869679441632414,58.33988952636719,75828800
2019-10-24,58.65896497767729,58.72853923419843,58.01122447632799,58.435855865478516,69275200
2019-10-25,58.33509539573167,59.19155132829628,58.26792252496766,59.15556716918945,73477200
2019-10-28,59.35708964228901,59.796114715182654,59.18915745445604,59.74813461303711,96572800
2019-10-29,59.728937090643406,59.91606203658459,58.19355198019087,58.36627960205078,142839600
2019-10-30,58.71893364927705,58.84848392967806,57.86727691472334,58.35907745361328,124522000
2019-10-31,59.313899074252156,59.77691229315657,56.91965319473829,59.678550720214844,139162000
2019-11-01,59.865682443755965,61.3986698789117,59.77452135224457,61.372283935546875,151125200
2019-11-04,61.73453121919917,61.859286061859265,61.266722523104576,61.77531814575195,103272000
2019-11-05,61.66735752356005,61.940851762991464,61.492232183395174,61.686553955078125,79897600
2019-11-06,61.600184974516274,61.772916252605114,61.264320634147275,61.71294021606445,75864400
2019-11-07,62.259150929671776,62.64656000743047,62.10755639243026,62.4251823425293,94940400
2019-11-08,62.24714185973904,62.66823466281023,61.80439373656014,62.59605026245117,69986400
2019-11-11,62.15328706288794,63.15669416268931,62.14847721788769,63.09172821044922,81821200
2019-11-12,62.93532441370302,63.23370373676255,62.78373717264483,63.03398132324219,87388800
2019-11-13,62.834254786647584,63.7125324344588,62.819817909181324,63.637939453125,102734400
2019-11-14,63.46467174621912,63.73657843421654,63.06764304091619,63.19758224487305,89182800
2019-11-15,63.447846087006816,63.95315884390402,63.28663183584902,63.94834899902344,100206400
2019-11-18,63.95797391868933,64.3501929351306,63.580199124620194,64.27079010009766,86703200
2019-11-19,64.46328376817914,64.4873476799983,63.859321438185184,64.07588195800781,76167200
2019-11-20,63.89540579483597,64.02533768482304,62.65859284317202,63.32993698120117,106234400
2019-11-21,63.45025250335686,63.527254078451136,62.84628287257729,63.04600524902344,121395200
2019-11-22,63.18555916468959,63.3275266769126,62.764466472354414,62.99065399169922,65325200
2019-11-25,63.21442953951619,64.11196113080011,63.16871031932938,64.0951156616211,84020400
2019-11-26,64.23228830416319,64.2852259744495,63.163915208039484,63.594635009765625,105207600
2019-11-27,63.9050086659621,64.48251295368617,63.84004273806557,64.44882202148438,65235600
2019-11-29,64.15044228636317,64.48731485051012,63.982002332654126,64.30684661865234,46617600
2019-12-02,64.31166983630428,64.5474843518856,63.39249036509756,63.563331604003906,94487200
2019-12-03,62.15570396819638,62.44926610451152,61.669645200283924,62.43001937866211,114430400
2019-12-04,62.81980385633866,63.35880007657011,62.72595683052724,62.98101806640625,67181600
2019-12-05,63.474320667525724,63.97963344094569,63.21925935829681,63.905033111572266,74424400
2019-12-06,64.36221509760516,65.20921031494399,64.31889712610206,65.1394271850586,106075600
2019-12-09,64.96859034566656,65.161086935307,63.7438129866393,64.22747039794922,128042400
2019-12-10,64.63169509414314,64.98541314524358,63.97237945092752,64.60282135009766,90420400
2019-12-11,64.68222511329466,65.23325688130663,64.60763215897137,65.15384674072266,78756800
2019-12-12,64.43438939122393,65.58457351266252,64.32370424420678,65.31988525390625,137310400
2019-12-13,65.31989720038126,66.24389400998982,65.19236656282973,66.20780181884766,133587600
2019-12-16,66.65296604245897,67.56493467366947,66.64815619751495,67.34114837646484,128186000
2019-12-17,67.27136424228581,67.80073350823116,67.08607875742219,67.4734878540039,114158400
2019-12-18,67.32669273345803,67.83200535618194,67.16306993166862,67.312255859375,116028400
2019-12-19,67.25452424857191,67.65877150492523,67.12218375712777,67.37964630126953,98369200
2019-12-20,67.91143361344899,68.01249175897426,67.02833874913236,67.2400894165039,275978000
2019-12-23,67.50235159527494,68.39747451056897,67.46385081638057,68.33731842041016,98572000
2019-12-24,68.50334817492838,68.55147598321106,68.07744571038954,68.40228271484375,48478800
2019-12-26,68.53465994993616,69.77628303549606,68.505786189875,69.75943756103516,93121200
2019-12-27,70.050581938303,70.73636302317358,69.32870865807601,69.73295593261719,146266000
2019-12-30,69.65114198409366,70.42836149787865,68.63089680153462,70.1468276977539,144114400
2019-12-31,69.76423208192604,70.66657360200388,69.66557519453796,70.65935516357422,100805600
2020-01-02,71.28259028372564,72.33171678614215,71.0299375288093,72.27156066894531,135480400
2020-01-03,71.5015265354796,72.3268663213162,71.34512217138068,71.56890106201172,146322800
2020-01-06,70.69302810060023,72.17767619128301,70.44277672665065,72.13917541503906,118387200
2020-01-07,72.148820106767,72.40388138645835,71.58095004051803,71.79991912841797,108872000
2020-01-08,71.50395296037216,73.25569843032547,71.50395296037216,72.95491790771484,132079200
2020-01-09,73.92943603722999,74.6970284371342,73.6791919560673,74.50453186035156,170108400
2020-01-10,74.73793929040194,75.2360335553344,74.17247048793807,74.67296600341797,140644800
2020-01-13,74.98819427311953,76.29478305034202,74.87028331939693,76.268310546875,121532000
2020-01-14,76.20573314758428,76.41507515321942,75.11570515633713,75.23841857910156,161954400
2020-01-15,75.03872116096186,75.91699875877144,74.48528063092401,74.91600036621094,121923600
2020-01-16,75.45740237331857,75.96512366006613,75.09646578451866,75.85443115234375,108829200
2020-01-17,76.10229529679785,76.69663800654283,75.79670487627278,76.6942367553711,137816400
2020-01-21,76.32365494902595,76.76399437532534,76.0373113220916,76.17446899414062,110843200
2020-01-22,76.65810863389025,76.99738987709428,76.35251832728817,76.44636535644531,101832400
2020-01-23,76.49932724037184,76.89394751401544,75.95310504727735,76.81454467773438,104472000
2020-01-24,77.05998219911793,77.80110229414466,76.40307478925112,76.59317016601562,146537600
2020-01-27,74.60800908323662,75.01947479638015,73.36157631651781,74.3409194946289,161940000
2020-01-28,75.21919986278621,76.61481864871986,75.120542963226,76.44397735595703,162234000
2020-01-29,78.07060092433913,78.8887225352215,77.33188214601793,78.04412841796875,216229200
2020-01-30,77.1297617312458,77.9839755745144,76.69904191816083,77.93103790283203,126743200
2020-01-31,77.22358883501371,77.64468154540367,74.18210016247106,74.47566223144531,199588400
2020-02-03,73.22200714636392,75.4333461257712,72.7215115901091,74.27113342285156,173788400
2020-02-04,75.87128624120515,76.91319410520111,75.46703897288427,76.72309875488281,136616400
2020-02-05,77.8468343797428,78.14521374850774,76.74718601281984,77.34874725341797,118826800
2020-02-06,77.61820397472934,78.25585707985009,77.06236227335305,78.25344848632812,105425600
2020-02-07,77.7541699853459,78.00260098507661,76.70014712861753,77.18977355957031,117684000
2020-02-10,75.7787945932457,77.55640411376953,75.69920332307832,77.55640411376953,109348800
2020-02-11,78.05086071182195,78.12321641331339,76.87141125259707,77.08848571777344,94323200
2020-02-12,77.53712126556233,78.92399545470602,77.53712126556233,78.91917419433594,113730400
2020-02-13,78.19315895415963,78.68278545723169,77.99055564537478,78.35717010498047,94747600
2020-02-14,78.32581612373606,78.62490351773702,77.86996050397198,78.37647247314453,80113600
2020-02-18,76.0634053664393,77.12225708916644,75.88250875090567,76.94136047363281,152531200
2020-02-19,77.18256041371585,78.28482562119284,77.18256041371585,78.0556869506836,93984000
2020-02-20,77.81687989510665,78.30409199592609,76.75079289502835,77.25489044189453,100566000
2020-02-21,76.84971694338334,77.2911088758147,74.89121045948235,75.50625610351562,129554000
2020-02-24,71.69778958583775,73.36685862415598,69.76098966678205,71.91968536376953,222195200
2020-02-25,72.58779705787798,72.96888275320897,69.0132775682206,69.48360443115234,230673600
2020-02-26,69.10974593206521,71.84731631381621,69.10251036153399,70.58586120605469,198054800
2020-02-27,67.80003671820369,68.98189285085091,65.83670238854329,65.97177124023438,320605600
2020-02-28,62.0499482580576,67.15123091808199,61.835280759075644,65.93318939208984,426510000
2020-03-02,68.08466354649526,72.70597008087806,66.98481268602946,72.07162475585938,341397200
2020-03-03,73.24384124809224,73.32343252495296,68.93367144924383,69.78268432617188,319475600
2020-03-04,71.49999490851802,73.17871353455695,70.70163838902825,73.01952362060547,219178400
2020-03-05,71.27811119054252,72.25012902949548,70.28680094497189,70.65100860595703,187572800
2020-03-06,68.01714878203684,70.14449541476748,67.83143084833664,69.71275329589844,226176800
2020-03-09,63.61531637779285,67.07405914136177,63.43441974354321,64.19901275634766,286744800
2020-03-10,66.84491728627172,69.08803225317006,64.97082373995369,68.82271575927734,285290000
2020-03-11,66.90521300673807,67.82898839120944,65.5713950302336,66.43246459960938,255598800
2020-03-12,61.73156686549944,65.12277445766078,59.816474316666195,59.8719482421875,418474000
2020-03-13,63.89027147674693,67.51543909047871,61.01039330045894,67.04510498046875,370732000
2020-03-16,58.35725065107087,62.488927074911565,57.88692016083435,58.41996383666992,322423600
2020-03-17,59.69829959615255,62.13437204877519,57.50100834396888,60.98869705200195,324056000
2020-03-18,57.831438322361606,60.29886692649559,57.19226812473029,59.49568557739258,300233600
2020-03-19,59.66934574830385,60.98386029227968,58.51643172371911,59.039825439453125,271857200
2020-03-20,59.618696461531016,60.74025764199119,54.99256896191713,55.29165267944336,401693200
2020-03-23,55.01186410993206,55.113165767293296,51.28056983554764,54.117027282714844,336752800
2020-03-24,57.00896347667582,59.74170869121859,56.512101379550025,59.54634094238281,287531200
2020-03-25,60.47977424301287,62.288740571318336,58.924063936740446,59.21832275390625,303602000
2020-03-26,59.45952527144993,62.392460226978535,59.42093310194712,62.33457565307617,252087200
2020-03-27,60.962160830090674,61.71468959022156,59.58734725663957,59.7537727355957,204216800
2020-03-30,60.477355032834254,61.63026911474741,60.154150297630075,61.45901870727539,167976400
2020-03-31,61.649564437343955,63.31139742053906,60.78125926146835,61.333595275878906,197002000
2020-04-01,59.45468518637688,59.990139440698485,57.6770756954336,58.10640335083008,176218400
2020-04-02,57.96892520332119,59.12907496179199,57.13921209995254,59.076011657714844,165934000
2020-04-03,58.56225892051635,59.26172428830562,57.638479859243176,58.22699737548828,129880000
2020-04-06,60.51594239996791,63.46093704952722,60.14932793269973,63.306575775146484,201820400
2020-04-07,65.31573278898928,65.53281460871749,62.46962908019549,62.573341369628906,202887200
2020-04-08,63.37170347185306,64.48843981733701,63.00750327122689,64.17488861083984,168895200
2020-04-09,64.80922404965942,65.13966065726305,63.84444219472263,64.63796997070312,161834800
2020-04-13,64.71515578008704,66.0152028927721,64.11698836636067,65.90666198730469,131022800
2020-04-14,67.53475793356066,69.52462133696021,67.06442363938443,69.23518371582031,194994800
2020-04-15,68.11359919874643,69.06149562848323,67.68668586705697,68.60322570800781,131154400
2020-04-16,69.31477909684156,69.51256121657947,68.10156576146522,69.14835357666016,157125200
2020-04-17,68.66594602627303,69.21105020012682,66.77738117936849,68.2100830078125,215250000
2020-04-20,67.04030517443523,67.9399598531097,66.77498860082595,66.79428100585938,130015200
2020-04-21,66.6374630758353,66.87142290214815,64.0204915820965,64.72960662841797,180991600
2020-04-22,65.99348871174,67.02821933430408,65.65340957801277,66.59407043457031,116862400
2020-04-23,66.53857891520222,67.9568091535092,66.29738349673369,66.33597564697266,124814400
2020-04-24,66.8593881429372,68.2607332539519,66.81114610399659,68.25108337402344,126161200
2020-04-27,67.96888006089833,68.62976064968919,67.52267433285353,68.29932403564453,117087600
2020-04-28,68.76000857373481,68.94090519524222,67.10058974876348,67.1922378540039,112004800
2020-04-29,68.67556846755645,69.86707432505096,68.4729652160921,69.39915466308594,137280800
2020-04-30,69.93703810047037,71.03930319142114,69.54871691757756,70.86322784423828,183064000
2020-05-01,69.04220854800435,72.11745102481503,68.94573182479387,69.72238159179688,240616800
2020-05-04,69.74648724414968,70.83668796153681,69.05907878160424,70.70885467529297,133568000
2020-05-05,71.16713007829493,72.59983166411055,71.02241133373455,71.7701187133789,147751200
2020-05-06,72.4695983843977,73.14012158473827,72.0860984199546,72.51060485839844,142333600
2020-05-07,73.1352926720061,73.6056267954184,72.83379832640894,73.26071166992188,115215200
2020-05-08,73.91852839032389,75.05763197756472,73.59203166310506,75.00442504882812,133838400
2020-05-11,74.51348118277441,76.67801957612704,74.30548775527488,76.18465423583984,145946400
2020-05-12,76.86668099114186,77.31652289559408,75.1930940380801,75.31401824951172,162301200
2020-05-13,75.49298094886383,76.41200935037834,73.33085553739997,74.4046630859375,200622400
2020-05-14,73.64525071591287,74.92220983518885,72.92453990449086,74.86174774169922,158929200
2020-05-15,72.63917339112623,74.46512598393333,72.60531107010586,74.41917419433594,166348400
2020-05-18,75.73965837102512,76.54501020724649,75.05038903047435,76.17256164550781,135178400
2020-05-19,76.18949622469526,77.03354472425552,75.70096514534589,75.73240661621094,101729600
2020-05-20,76.58854343128702,77.27539194682277,76.5498468046985,77.20526123046875,111504800
2020-05-21,77.06740654244075,77.60673109306647,76.39264748790822,76.6296615600586,102688800
2020-05-22,76.36848115298238,77.20528209037693,76.26690893879248,77.12305450439453,81803200
2020-05-26,78.23795799610525,78.41692345166804,76.54501918320653,76.60064697265625,125522000
2020-05-27,76.45794538565892,77.07949007225308,75.72030344662004,76.93437957763672,112945200
2020-05-28,76.61030060883014,78.22343238104992,76.3345973225865,76.9682388305664,133560800
2020-05-29,77.21009317848531,77.66960361164463,76.53775499591495,76.89327239990234,153532400
2020-06-01,76.84732546524727,77.95982952875313,76.71672526884876,77.83890533447266,80791200
2020-06-02,77.57287802595609,78.22345084365439,77.13271214546359,78.19926452636719,87642800
2020-06-03,78.51848967465142,78.8909382167243,77.94772370544388,78.6297378540039,104491200
2020-06-04,78.45320362768672,78.75067242701921,77.58012709236915,77.95257568359375,87560400
2020-06-05,78.20168176339025,80.23320685109042,78.172661136236,80.17274475097656,137250400
2020-06-08,79.87042779704282,80.68062134923207,79.16181381231353,80.64675903320312,95654400
2020-06-09,80.32751569552633,83.58520593263562,80.29607422866282,83.19341278076172,147712400
2020-06-10,84.13906188270568,85.80055930851739,83.70131684314876,85.33379364013672,166651600
2020-06-11,84.48008129323746,84.90331607980656,81.13532048457094,81.23689270019531,201662400
2020-06-12,83.36997039015924,84.11486012218111,80.83056250550848,81.93822479248047,200146000
2020-06-15,80.59597529574442,83.60214898703789,80.43393362831908,82.95157623291016,138808800
2020-06-16,85.00004143146272,85.42086269022191,83.36998548456056,85.14998626708984,165428800
2020-06-17,85.89245089695726,85.95291299210936,84.9105470621372,85.0314712524414,114406400
2020-06-18,84.98792963255951,85.48130233356078,84.45828115515211,85.06532287597656,96820400
2020-06-19,85.76910554734732,86.23345026330821,83.4739596024441,84.57920837402344,264476000
2020-06-22,84.97100398725598,86.93481153740888,84.92505220728616,86.79212188720703,135445200
2020-06-23,88.03283805650993,90.05952930035993,87.61443757025881,88.64471435546875,212155600
2020-06-24,88.27467257128609,89.19128014209528,86.70749216559717,87.07994079589844,192623200
2020-06-25,87.2347210034187,88.27466617320825,86.47773432903298,88.23596954345703,137522400
2020-06-26,88.13196647381191,88.35204937887517,85.37730996316603,85.52484130859375,205256800
2020-06-29,85.43295161300391,87.59024269738883,84.9565099457261,87.49591827392578,130646000
2020-06-30,87.08477823143156,88.51168985334573,87.06543360477359,88.22630310058594,140223200
2020-07-01,88.30368697136247,88.84542502767371,88.01105247279727,88.05941772460938,110737200
2020-07-02,88.96393576296241,89.59757739253234,87.94575606156859,88.05941772460938,114041600
2020-07-06,89.4838909066598,90.88177409640906,89.4524494397654,90.41500854492188,118655600
2020-07-07,90.79231898432114,91.56865036942912,90.0232427568075,90.13449096679688,112424400
2020-07-08,91.10912534007682,92.26516034352021,91.02205608216732,92.23371887207031,117092000
2020-07-09,93.12371357510385,93.1769205126767,91.58556145720479,92.6303482055664,125642800
2020-07-10,92.22647214944136,92.85044518286722,91.6170168108506,92.79239654541016,90257200
2020-07-13,94.09354889207897,96.69584034150665,92.15150630871287,92.36433410644531,191649200
2020-07-14,91.74762040886819,94.08387721865836,90.8165098218761,93.892822265625,170989200
2020-07-15,95.76230381558776,96.01140740726693,93.34381947671102,94.5385513305664,153198000
2020-07-16,93.413925503642,94.22895326500017,92.77786316008923,93.37522888183594,110577600
2020-07-17,93.82507532269437,93.97985443699729,92.71498484222874,93.18659210205078,92186800
2020-07-20,93.2736525256197,95.28824595013587,92.93022463537997,95.150390625,90318000
2020-07-21,95.93882871957942,96.01380112244911,93.58806231123043,93.83716583251953,103433200
2020-07-22,93.53970187859424,94.78038533647508,93.45263999834938,94.10079193115234,89001600
2020-07-23,93.83476371071059,93.91215697447913,89.00989228366163,89.81766510009766,197004400
2020-07-24,88.0207257853986,89.93858177491317,86.23829692519554,89.59515380859375,185438800
2020-07-27,90.65445824165903,91.81049336055369,90.4319618348545,91.71858978271484,121214000
2020-07-28,91.29051773530753,91.46706972799262,90.20703422382543,90.21187591552734,103625600
2020-07-29,90.693132172275,92.12487766631008,90.65685639553129,91.94107055664062,90329200
2020-07-30,91.11637343156816,93.15757426558149,90.71006994116662,93.05358123779297,158130000
2020-07-31,99.53029641393837,102.94519477180637,97.53746050279906,102.79524993896484,374336800
2020-08-03,104.67198130172932,107.9973966979683,104.37451250261263,105.38543701171875,308151200
2020-08-04,105.57410265297072,107.17755904324193,104.8533916212951,106.08924102783203,173071600
2020-08-05,105.8111002305475,106.7930041847868,105.34674803582895,106.47376251220703,121776800
2020-08-06,106.80509589113738,110.68192568980469,106.21740601381943,110.18855285644531,202428800
2020-08-07,109.7112386108564,110.16673452744945,106.88862644814542,107.68331909179688,198045600
2020-08-10,109.12489907394888,110.26363878240565,106.60514263588735,109.24846649169922,212403600
2020-08-11,108.51434892717005,109.01102903844416,105.74018931676449,105.99943542480469,187902400
2020-08-12,107.08731438450859,109.77909878796228,106.89348975910477,109.52227783203125,165598000
2020-08-13,110.8984238894721,112.46116134014059,110.41142984416976,111.46052551269531,210082000
2020-08-14,111.28612133734588,111.45087302727626,109.55620641126784,111.3612289428711,165565200
2020-08-17,112.48055471705385,112.50478464058327,110.4453668374708,111.0704574584961,119561600
2020-08-18,110.82332353901295,112.41997706741819,110.48896983798126,111.99597930908203,105633600
2020-08-19,112.4030347872071,113.54661780572758,112.04203328527555,112.13652038574219,145538000
2020-08-20,112.17770423893735,114.73865273876372,112.16074255230501,114.6247787475586,126907200
2020-08-21,115.58180005044522,121.01382096112869,115.56968878487616,120.53167724609375,338054800
2020-08-24,124.72561457851019,124.81042301409434,120.11252368244841,121.9732666015625,345937600
2020-08-25,120.84905806633049,121.31666526163795,119.25482230830535,120.97261810302734,211495600
2020-08-26,122.285815910586,123.07324042466944,121.22218355631982,122.61774444580078,163022400
2020-08-27,123.21860253348014,123.5505310416234,120.01075143908814,121.15191650390625,155552400
2020-08-28,122.12347098857094,122.54020052783069,120.73276064666275,120.9556655883789,187630000
2020-08-31,123.64259283625631,126.95704208405934,122.11135345489677,125.05752563476562,225702700
2020-09-01,128.66273593650766,130.6397854362347,126.50156266667052,130.03890991210938,151948100
2020-09-02,133.34368512573027,133.72164832942713,123.08051792791673,127.34471893310547,200119000
2020-09-03,122.99327511596653,124.86370387094604,116.78109860380435,117.14936828613281,257599600
2020-09-04,116.36437378387909,119.88234128870778,107.46768860387866,117.2269058227539,332607200
2020-09-08,110.4332579025972,115.31771368004287,109.202456054635,109.338134765625,231366600
2020-09-09,113.6411109896637,115.46308756005234,111.70283521072183,113.69925689697266,176940500
2020-09-10,116.64544534542706,116.78112406818228,109.02802039560586,109.98746490478516,182274400
2020-09-11,111.0341102013086,111.67374465663826,106.60515104021346,108.54342651367188,180860300
2020-09-14,111.17950360312706,112.35215960156188,109.3187605672934,111.79975128173828,140150100
2020-09-15,114.67806184681399,115.16263068004423,110.10373087809108,111.97416687011719,184642000
2020-09-16,111.67374357548836,112.41997637221431,108.58219185919356,108.6694107055664,154679000
2020-09-17,106.33379357166754,108.73725101622504,105.3549623880546,106.93465423583984,178011000
2020-09-18,106.99280653960918,107.45798850796619,102.81581790836313,103.54267120361328,287104900
2020-09-21,101.31366180172101,106.78929159662262,99.91810106836907,106.68268585205078,195713800
2020-09-22,109.20242821602568,109.37687328481859,105.79106701888293,108.3592758178711,183055400
2020-09-23,108.17516112594639,108.65003656547653,103.47483700123934,103.81404113769531,150718700
2020-09-24,101.92422311648544,106.8474450340975,101.75947146104525,104.88009643554688,167743300
2020-09-25,105.08362457756284,108.96986969287116,104.34707769075096,108.81480407714844,149981400
2020-09-28,111.46054633695047,111.76097670476364,109.29936567544041,111.4120864868164,137672400
2020-09-29,111.01471850800384,111.75125778339695,110.06496037698288,110.56890869140625,99382200
2020-09-30,110.27817735653495,113.64108628495799,110.11342572568512,112.23583221435547,142675200
2020-10-01,114.00937358582986,114.0869063866764,112.25523648180236,113.18560791015625,116120400
2020-10-02,109.40597427158033,111.80943945830253,108.75665366895876,109.5319595336914,144712000
2020-10-05,110.39449286426901,113.04992842651572,110.04560265679896,112.90455627441406,106243800
2020-10-06,112.12925207481908,112.53629561221867,108.78572927732188,109.66764831542969,161498200
2020-10-07,111.08258643963451,111.9838849635665,110.60770355491991,111.52838897705078,96849000
2020-10-08,112.66227103853464,112.80764318962937,111.05349871590646,111.4217758178711,83477200
2020-10-09,111.72220870495784,113.38912696820374,111.37331849200241,113.36005401611328,100506900
2020-10-12,116.35468329215739,121.31667154926015,115.59875698215505,120.56074523925781,240226800
2020-10-13,121.40388985664498,121.5201890553274,115.957340112208,117.36258697509766,262330500
2020-10-14,117.26568290980406,119.23303161360833,115.9282753037238,117.44982147216797,150712000
2020-10-15,115.05601454088503,117.4594715957634,114.5036064167133,116.9845962524414,112559200
2020-10-16,117.53704793861876,117.79871932248498,115.1432760487085,115.34679412841797,115393800
2020-10-19,116.25777640664253,116.70357893346838,112.09048805904365,112.4006118774414,120639300
2020-10-20,112.613816705773,115.30802617540574,112.06140841970505,113.88339233398438,124423700
2020-10-21,113.0693210528945,115.04636332670981,112.8561095242572,113.26315307617188,89946000
2020-10-22,113.82525069425265,114.39704593675428,111.0535155310543,112.17771911621094,101988000
2020-10-23,112.79796641825128,112.9530320407279,110.75308473393972,111.48963165283203,82572600
2020-10-26,110.49141665682858,112.95302786819327,109.39628607186555,111.49932098388672,111850700
2020-10-27,111.92572886201872,113.66048651064561,111.0050508568626,113.00147247314453,92276800
2020-10-28,111.49932202380221,111.86759177611111,107.67122275639692,107.76813507080078,143937800
2020-10-29,108.90201007579887,113.32127578669785,108.73725104125917,111.7609634399414,146129200
2020-10-30,107.63243577844652,108.53373417860142,104.39551925367714,105.50033569335938,190272600
2020-11-02,105.74262715568275,107.26417322328109,104.00786958662283,105.41311645507812,122866900
2020-11-03,106.27565935922766,108.04917599163862,105.37436086993179,107.03158569335938,107624400
2020-11-04,110.61739783333208,112.02264481194184,108.88264012828803,111.40239715576172,138235500
2020-11-05,114.30981274924889,115.92827866732904,113.26314943296055,115.35648345947266,126387100
2020-11-06,114.86621579666993,115.72052575840337,112.74013995422038,115.22541809082031,114457900
2020-11-09,116.98256035318745,118.42906462725001,112.66246046464602,112.92457580566406,154515300
2020-11-10,112.17709283585141,114.15753861862245,110.79853707591374,112.58483123779297,138023400
2020-11-11,113.76920185962483,116.13797271482636,113.0410945158488,116.00205993652344,112295000
2020-11-12,116.12827545684921,117.011708557713,115.10892216454586,115.73023986816406,103162300
2020-11-13,115.95351649440437,116.17679858450585,114.42934551492606,115.77877044677734,81581900
2020-11-16,115.44870691157024,117.4582830279043,114.7011865774211,116.7884292602539,91183000
2020-11-17,116.06031664652185,117.14761890185565,115.48753500270898,115.90498352050781,74271000
2020-11-18,115.14776544105797,116.32244455787598,114.55557079610209,114.5846939086914,76322100
2020-11-19,114.1575190169027,115.58461058534773,113.4002885699786,115.17687225341797,74113000
2020-11-20,115.17689664821668,115.30309928053715,113.8663046427462,113.91484069824219,73604300
2020-11-23,113.7595015449486,114.18666026045105,110.42962337461562,110.52670288085938,127959300
2020-11-24,110.58492881138899,112.46829446219832,109.3034529858571,111.80814361572266,113874200
2020-11-25,112.17708182311867,113.34205068763839,111.80816933755735,112.64306640625,76499200
2020-11-27,113.1673164909398,114.06045987456068,112.82753448702884,113.18672943115234,46691300
2020-11-30,113.5556343004744,117.43887387012144,113.40030116247651,115.57492065429688,169410200
2020-12-01,117.47770289816154,119.86589425816237,116.50689304092421,119.13778686523438,127728200
2020-12-02,118.45818803529019,119.76878696381533,117.36117581756076,119.48725128173828,89004200
2020-12-03,119.91442821402666,120.16684084637635,118.64266969338425,119.35136413574219,78967600
2020-12-04,119.02126995710454,119.27368255768253,117.9727936839563,118.68148803710938,78260400
2020-12-07,118.73974965511624,120.93378197653361,118.68150343461471,120.1377182006836,86712000
2020-12-08,120.73960296108292,121.33179746034605,119.49696034501777,120.74930572509766,82225500
2020-12-09,120.89494675486756,122.27349493369557,117.46798924542293,118.2252197265625,115089200
2020-12-10,116.98259162067868,120.2542236129108,116.64280964087811,119.64260864257812,81312200
2020-12-11,118.85625070668806,119.1766197360741,117.03113084780422,118.83683776855469,86939800
2020-12-14,119.021283489644,119.74939086099992,117.99222744160214,118.2252197265625,79184500
2020-12-15,120.71049556577894,124.16658373624205,120.50662638207584,124.14716339111328,157243700
2020-12-16,123.69089034743503,124.62285953660047,122.86569602420569,124.07920837402344,98208600
2020-12-17,125.13736576654637,125.79752407268884,124.30246882292478,124.94320678710938,94359800
2020-12-18,125.1956184439808,125.33153120186167,122.43851519834806,122.96275329589844,192541500
2020-12-21,121.37064729644923,124.56461267355205,119.84647608918172,124.48694610595703,121251600
2020-12-22,127.76833363584235,130.4866052142883,125.8655390869137,128.03045654296875,168904800
2020-12-23,128.30221385873838,128.5643218128226,126.96249172878603,127.13724517822266,88223700
2020-12-24,127.48670135398267,129.5642329399522,127.27312209448685,128.1177215576172,54930100
2020-12-28,130.07882834872916,133.33103273857998,129.61282891491868,132.70001220703125,124486200
2020-12-29,134.02033501416818,134.7387249955213,130.41862308583973,130.9331512451172,121047300
2020-12-30,131.6224031061202,132.02043870547348,129.50602990016534,129.8166961669922,96452100
2020-12-31,130.1661668388547,130.80690479845464,127.8750553457784,128.81674194335938,99116600
2021-01-04,129.62253643457043,129.70990576661,123.05985971825433,125.63250732421875,143301900
2021-01-05,125.12767890789046,127.89449286005866,124.68109986637585,127.185791015625,97664900
2021-01-06,123.99184315415357,127.22464193893974,122.69095402050523,122.90453338623047,155088000
2021-01-07,124.61312599281324,127.78767766361115,124.12772117277477,127.09839630126953,109578200
2021-01-08,128.56431691137144,128.75849069520498,126.42853860962131,128.19541931152344,105158200
2021-01-11,125.41891868730954,126.37030813032683,124.74905756448756,125.21504211425781,100384500
2021-01-12,124.74906018656239,125.90432622691371,123.15693269578279,125.0403060913086,91951100
2021-01-13,125.00149063238635,127.61297191015767,124.73938259725777,127.06932067871094,88636800
2021-01-14,126.98194013638121,127.17609915715049,125.00147960973679,125.14710998535156,90221800
2021-01-15,125.02088418474625,126.41885265934873,123.29284393513538,123.42875671386719,111598500
2021-01-19,124.05005884858895,124.95291954756551,123.23458227836366,124.09860229492188,90757300
2021-01-20,124.9044008833116,128.62260444676102,124.79761120554318,128.176025390625,104319500
2021-01-21,129.8943769543058,135.5930267381697,129.69050034270776,132.874755859375,120150900
2021-01-22,132.30197582810843,135.7677743821565,131.07876065141238,135.0105438232422,114459400
2021-01-25,138.89376878953092,140.8547939706266,132.55436700322258,138.74813842773438,157611700
2021-01-26,139.40829883611298,140.08786276088446,137.2433822290361,138.98114013671875,98390600
2021-01-27,139.24327402981456,140.08788882014454,136.31143843564914,137.91326904296875,140843800
2021-01-28,135.44740902267984,137.8453107957744,132.70971784009862,133.0883331298828,142621100
2021-01-29,131.86509178375854,132.7485322226158,126.40914566020653,128.10806274414062,177523800
2021-02-01,129.84578061037203,131.42820495734406,127.10809049941766,130.22439575195312,106239800
2021-02-02,131.7680267032869,132.33109823624255,130.68072432979122,131.0496368408203,83305400
2021-02-03,131.79713965825755,131.80685723730443,129.70990440998943,130.0302734375,89880900
2021-02-04,132.3213832150557,133.38926514344305,130.66129188255576,133.3795623779297,84183100
2021-02-05,133.54001472396752,133.60806525933478,132.09134092233725,132.96636962890625,75693800
2021-02-08,132.25663415051108,133.16084440018622,131.17742407958917,133.1122283935547,71297200
2021-02-09,132.83023162868662,134.05528941674183,132.0816016865625,132.23715209960938,76774200
2021-02-10,132.6941140635208,133.18997643259982,130.6718103643523,131.6343536376953,73046600
2021-02-11,132.13022184665593,132.60663492557896,130.05931666495545,131.381591796875,64280000
2021-02-12,130.62321880046613,131.7704791984505,129.98152323777,131.6149139404297,60145100
2021-02-16,131.73156315096224,132.2371278628611,129.10644827799214,129.495361328125,80576300
2021-02-17,127.60920934245159,128.55230335262408,125.8785865854489,127.21057891845703,97918500
2021-02-18,125.61606083959396,126.39387225132121,123.87572097237708,126.11192321777344,96856700
2021-02-19,126.62721014953155,127.08417376158879,125.22715268582576,126.26746368408203,87668800
2021-02-22,124.4590677731543,126.1216398427311,122.11592370284757,122.50482940673828,103916400
2021-02-23,120.32696020598745,123.1951256816812,115.10591870921408,122.36870574951172,158273000
2021-02-24,121.47422557501572,122.07702231944482,118.83940058972168,121.87284851074219,111039900
2021-02-25,121.22144033722896,122.9520628532438,117.19628243074794,117.63379669189453,148199500
2021-02-26,119.18940971098537,121.38672049171518,117.83796822554648,117.89630889892578,164560400
2021-03-01,120.31724465842385,124.38129410804099,119.38387540817448,124.24517822265625,116307900
2021-03-02,124.84796874824156,125.14936711599789,121.5422817134225,121.64923095703125,102260900
2021-03-03,121.34785010485119,122.2228861788261,118.46023476961403,118.67413330078125,112966300
2021-03-04,118.37271017337518,120.17139052818686,115.32953762534804,116.79764556884766,178155000
2021-03-05,117.62407506080334,118.55744422295456,114.30866329373481,118.05186462402344,153766600
2021-03-08,117.57547079483327,117.6435287378886,112.98639972664601,113.13224029541016,154376600
2021-03-09,115.72817884872909,118.67412730069942,115.49483838005335,117.73103332519531,129525800
2021-03-10,118.31437413808155,118.78105499068555,116.13650543340157,116.65180969238281,111943300
2021-03-11,119.14080957092585,119.79222236399583,117.89631724453561,118.57689666748047,103026500
2021-03-12,117.06014710961325,117.80878431201303,115.85454635787849,117.67266845703125,88105100
2021-03-15,118.04215631738552,120.56030756816384,117.07961303714333,120.55058288574219,92403800
2021-03-16,122.21314504308985,123.69098519524891,121.26033388239702,122.08675384521484,115227900
2021-03-17,120.60892077273179,122.36870994462072,118.94634875177347,121.29922485351562,111932600
2021-03-18,119.471356811388,119.76303790222613,116.98237252920022,117.1865463256836,121229700
2021-03-19,116.57405253188959,118.06161012823361,116.3601540036749,116.66155242919922,185549500
2021-03-22,116.99209444423333,120.43389711306004,116.9240365136813,119.96720886230469,111912300
2021-03-23,119.90887946918929,120.79363259482143,118.75188719483505,119.14079284667969,95467100
2021-03-24,119.41301733761696,119.4907999468216,116.7393013427106,116.75874328613281,88530500
2021-03-25,116.22400412131469,118.28519875130355,115.69898263770175,117.244873046875,98844700
2021-03-26,117.01155734823239,118.11021653249013,115.62122444554402,117.84770202636719,94071200
2021-03-29,118.27550253849374,119.17970518605573,117.3810245738276,118.02271270751953,80819200
2021-03-30,116.7782094597697,117.06016589541106,115.56288383257017,116.57403564453125,85671900
2021-03-31,118.27547412968977,120.0935962532518,117.7893439502975,118.76160430908203,118323800
2021-04-01,120.22973104227312,120.73530321344647,119.09218067605553,119.5880355834961,75089100
2021-04-05,120.433912742921,122.6603902138714,119.65610136330406,122.40760040283203,88651200
2021-04-06,122.99096372232243,123.60348521908364,122.16454371050696,122.7090072631836,80171300
2021-04-07,122.33954801322936,124.37156902257611,121.66868585332091,124.35212707519531,83466700
2021-04-08,125.37298279315496,126.77304022302052,124.95491791825974,126.7438735961914,88844600
2021-04-09,126.19940798905769,129.34952231767917,125.87856026382458,129.31063842773438,106686700
2021-04-12,128.84395658242786,129.16480430519968,127.00638495965602,127.5994644165039,91420000
2021-04-13,128.76615452071883,130.9245735402874,128.27029228063316,130.70094299316406,91266500
2021-04-14,131.19683535032675,131.25516860713591,128.00782207026887,128.3675537109375,87222800
2021-04-15,130.10791292088626,131.2551732400093,129.93289830876327,130.76904296875,89347100
2021-04-16,130.57459244358938,130.9343240931431,129.58288254678484,130.4384765625,84922400
2021-04-19,129.80648595127033,131.71212294052938,129.64120345679902,131.09959411621094,94264200
2021-04-20,131.27463922976452,131.77048682845773,128.15367596540483,129.41761779785156,94812300
2021-04-21,128.68837675651753,130.03981801008018,127.657783189335,129.7967529296875,68847100
2021-04-22,129.3495375220918,130.42874732999832,127.7647629078915,128.28005981445312,84566500
2021-04-23,128.49395363729542,131.37183646308597,128.49395363729542,130.5940399169922,78657500
2021-04-26,131.08987465502372,131.31349039844014,129.85509976347652,130.98292541503906,66905100
2021-04-27,131.26487557787047,131.6537886519638,130.38984712331498,130.66207885742188,66015800
2021-04-28,130.58427281157245,131.27458412202594,129.38839684878747,129.87452697753906,107760100
2021-04-29,132.68436155056918,133.2677236525645,128.77587107243528,129.7772979736328,151101000
2021-04-30,128.12451598324157,129.85513887109062,127.43421918268936,127.81340026855469,109839500
2021-05-03,128.37728825955,130.35099100560777,128.17312183322954,128.86341857910156,75135100
2021-05-04,127.55086673903944,127.84254787757098,123.18541143255057,124.30351257324219,137564700
2021-05-05,125.61606280982821,126.83138852361431,124.42018646140798,124.54658508300781,84000900
2021-05-06,124.34238738168023,126.15079239791494,123.60346736850425,126.14107513427734,78128300
2021-05-07,127.43635221155397,127.8356447154217,126.1020830738948,126.81304931640625,78973300
2021-05-10,126.03396084545095,126.16055930554575,123.50178359349738,123.54074096679688,88071200
2021-05-11,120.2781205077101,122.97585322059021,119.56716154628263,122.62525177001953,126142800
2021-05-12,120.18073848547931,121.38838724678817,119.06073823482639,119.56716918945312,112172300
2021-05-13,121.32994515958939,122.85898653118865,121.0182936516952,121.70977020263672,105861300
2021-05-14,122.95638491442686,124.55359993393608,122.56681864446786,124.12507629394531,81918000
2021-05-17,123.51149982353762,123.61863072086233,121.90454379402466,122.97584533691406,74244600
2021-05-18,123.25831484976348,123.67709735626846,121.52475247458096,121.59292602539062,63342900
2021-05-19,119.94701139751646,121.66109125212728,119.65483481097455,121.43709564208984,92612000
2021-05-20,121.96298511018756,124.3880235533931,121.83637181336027,123.98871612548828,76857100
2021-05-21,124.48541706436308,124.66072150118845,121.94350644557427,122.15776824951172,79295400
2021-05-24,122.72264972174192,124.60230012567476,122.65447618088876,123.78421020507812,63092900
2021-05-25,124.48542900111524,124.9723924215316,123.02456103094238,123.58943176269531,72009500
2021-05-26,123.64787188578073,124.06665436080144,123.12195849177618,123.54074096679688,56575900
2021-05-27,123.14142966400581,124.31012103497811,121.816908814046,122.01168823242188,94625600
2021-05-28,122.29413127736017,122.51813430989525,121.30074429262824,121.35917663574219,71311100
2021-06-01,121.81692100329542,122.07987398745031,120.7066618606694,121.03778839111328,67637100
2021-06-02,121.03778177713107,121.97273640244447,120.81378617886122,121.79743194580078,59278900
2021-06-03,121.4273597133934,121.5929229854548,119.91779300131472,120.31710052490234,76229200
2021-06-04,120.83325448650514,122.86873431142617,120.61899267015994,122.60577392578125,75169300
2021-06-07,122.87846962118002,123.0245579005518,121.57343116760482,122.61551666259766,71057600
2021-06-08,123.29723905566723,125.1087231263275,122.91741402757391,123.43358612060547,74403800
2021-06-09,123.89134552998598,124.41725890545642,123.21934386738059,123.81343078613281,56877900
2021-06-10,123.70629386140669,124.84577650141729,122.65447459192099,122.82003784179688,71186400
2021-06-11,123.22907197958327,124.11533537847384,122.81028956380078,124.02767944335938,53522400
2021-06-14,124.48541004880167,127.13444398991092,123.75497617492034,127.07601165771484,96906500
2021-06-15,126.5501111042377,127.19289650672997,126.0144566021608,126.2579345703125,62746300
2021-06-16,126.96891578162294,127.47535423486387,125.1087549638898,126.75465393066406,91815000
2021-06-17,126.41379212945316,129.0920503743114,126.26769639966578,128.35186767578125,96721700
2021-06-18,127.30002703971456,128.0791446469785,126.84228727205331,127.05654907226562,108953300
2021-06-21,126.90073257983343,128.95568742961305,125.8391720998025,128.8485565185547,79663300
2021-06-22,128.6830127117991,130.58213836687776,128.18630802151114,130.4847412109375,74783600
2021-06-23,130.28018657486302,130.81584104082094,129.75426587711715,130.21200561523438,60214200
2021-06-24,130.94244245203893,131.12748807728477,129.46209231078763,129.92958068847656,68711000
2021-06-25,129.97831108103458,130.3970861369589,129.34525932066123,129.63743591308594,70783700
2021-06-28,129.9295852246422,131.72157948620062,129.87115289056985,131.2638397216797,62111300
2021-06-29,131.28333809814853,132.92925172484664,130.84508067855094,132.77342224121094,64556100
2021-06-30,132.61757943917965,133.82523552499876,132.32540290188453,133.38697814941406,63261400
2021-07-01,133.03636937045857,133.74732088516166,132.21827209331306,133.6888885498047,52485800
2021-07-02,134.30245986108,136.34768102067733,134.1563790042736,136.30873107910156,78852600
2021-07-06,136.415876793308,139.4155130237445,136.415876793308,138.31500244140625,108181800
2021-07-07,139.79534920414747,141.11013660484417,138.9383165822972,140.79849243164062,104911600
2021-07-08,137.88647618396286,140.30177401839643,137.00021261100082,139.503173828125,105575500
2021-07-09,139.02592340594762,141.8502619651795,138.92852627188464,141.32435607910156,99890800
2021-07-12,142.39568172270836,142.50281263838897,140.24332963884083,140.73028564453125,76299700
2021-07-13,140.27256180158014,143.61308810901411,139.88300289690474,141.84056091308594,100827100
2021-07-14,144.2363309791151,145.66798238945225,143.82727498126442,145.25892639160156,127050800
2021-07-15,145.3466432583112,146.08681108461445,143.2527233830004,144.60646057128906,106820300
2021-07-16,144.58697348148013,145.85304711779946,142.0742788872529,142.5709686279297,93251400
2021-07-19,139.99980705584846,140.31146593339338,137.97406893394609,138.7337188720703,121434600
2021-07-20,139.71745362574492,143.26249351226394,139.2304975157246,142.33726501464844,96350000
2021-07-21,141.7333637604647,142.31771670515928,140.85684920413556,141.60675048828125,74993500
2021-07-22,142.13272618480354,144.33376205602218,142.00611286355945,142.9702911376953,77338200
2021-07-23,143.70069581628857,144.84017089255983,143.0871265980212,144.68434143066406,71447400
2021-07-26,144.40187086827666,145.92117052107042,143.8467341470653,145.10308837890625,72434100
2021-07-27,145.22977037782812,145.3174337626536,141.7529118418177,142.9410858154297,104818600
2021-07-28,141.03220589476328,143.13585955365372,138.82142131266863,141.19776916503906,118931200
2021-07-29,140.91534736894218,142.72682451105,140.8082164410485,141.84056091308594,56699500
2021-07-30,140.61339371614585,142.51251879825827,140.35043336301797,142.05477905273438,70440600
2021-08-02,142.5417457565108,143.11635020883497,141.4607029570404,141.72366333007812,62880000
2021-08-03,142.00613442329242,144.17795445175804,141.39256498653242,143.5157012939453,64786600
2021-08-04,143.4280072023747,143.93443068193204,142.46382908813206,143.11634826660156,56368300
2021-08-05,143.14551973862692,143.9830842911019,142.3566537372504,143.2234344482422,46397700
2021-08-06,142.74554489782116,143.4868214640887,142.04327662115523,142.54071044921875,54126800
2021-08-09,142.59925003312128,143.08693557693016,141.93600483737242,142.49195861816406,48908700
2021-08-10,142.83334623786462,144.0720717018618,141.72142377939727,142.0140380859375,69023100
2021-08-11,142.45294678468827,143.10644361120174,141.94574966449076,142.2676239013672,48493500
2021-08-12,142.58950812317931,145.37907015513477,142.24812227389452,145.22300720214844,72282600
2021-08-13,145.30102293180235,145.7594485046543,144.61826619020815,145.42782592773438,59375000
2021-08-16,144.88164213986906,147.4663849394875,142.86263134674047,147.39810180664062,103296000
2021-08-17,146.52997508674613,147.94426000150526,145.41805278817236,146.490966796875,92229700
2021-08-18,146.11058891263426,147.0079285089272,142.55047558587256,142.75531005859375,86326000
2021-08-19,141.45804637705135,144.35489926234624,140.94110096897992,143.0869140625,86960300
2021-08-20,143.8086939620168,144.8425847784855,143.16494556886403,144.54022216796875,60549600
2021-08-23,144.65729855503196,146.4910011515847,144.24764444190524,146.0228271484375,60131800
2021-08-24,145.76923200651873,147.14450905669656,145.47661765156835,145.93504333496094,48606400
2021-08-25,146.12032437546637,146.61777310120064,144.15983406027962,144.70603942871094,58991300
2021-08-26,144.6962977745989,145.44732274946605,143.8769748010463,143.90623474121094,48597200
2021-08-27,143.84772924961433,145.08645474475415,143.21374397198983,144.94015502929688,55802400
2021-08-30,145.33030665463397,149.70972863585897,144.94991248756867,149.3488311767578,90956700
2021-08-31,148.90018188960238,149.03673327230263,147.56391312712373,148.0906219482422,86453100
2021-09-01,149.06597111930256,151.1630130890743,148.58803390921838,148.75384521484375,80313700
2021-09-02,150.08039711414125,150.9094687825189,148.6465999219507,149.86581420898438,71115500
2021-09-03,149.9730471583683,150.82163009154993,149.31955034140017,150.499755859375,57808700
2021-09-07,151.1532776856572,153.3868712092461,150.58756059759483,152.83091735839844,82278300
2021-09-08,153.1137802396808,153.17230013553674,150.1876663830064,151.2898406982422,74420200
2021-09-09,151.66046161317462,152.26518694823613,150.15838174591684,150.2754364013672,57305700
2021-09-10,151.18249570977798,151.650669593774,145.03765581078468,145.30101013183594,140893200
2021-09-13,146.92019363279192,147.69073046346875,145.0864907020359,145.86679077148438,102404300
2021-09-14,146.64702700212126,147.34929527061283,143.2917485822126,144.47193908691406,109296300
2021-09-15,144.90114769505237,145.7594791408811,142.76508231790012,145.3595733642578,83281300
2021-09-16,144.7840715894616,145.30101702156867,143.5941177955223,145.1254425048828,68034100
2021-09-17,145.15469477219602,145.15469477219602,142.17004751614175,142.46266174316406,129868800
2021-09-20,140.25834475382314,141.2727239872893,137.7906574556132,139.41952514648438,123478900
2021-09-21,140.38516176883357,141.03867353306788,139.2634909051742,139.89747619628906,75834000
2021-09-22,140.89237536058963,142.82360628582634,140.16084691647131,142.25790405273438,76404300
2021-09-23,143.03817057425258,143.457587900221,142.0530510886709,143.2137451171875,64838200
2021-09-24,142.07256662788618,143.83798604484667,141.97502355876833,143.30152893066406,53477900
2021-09-27,141.88721590155166,142.3651530337308,140.2778597575895,141.7896728515625,74150700
2021-09-28,139.7219107001194,141.18496735666514,138.2003341585889,138.4149169921875,108972300
2021-09-29,138.96115210906663,140.89238314094982,138.531986350207,139.31228637695312,74602000
2021-09-30,140.1217888739592,140.82405712165914,137.80040133945224,138.01498413085938,89056700
2021-10-01,138.40515987182454,139.40004260947205,135.68388091891475,139.13668823242188,94639600
2021-10-04,138.26861784072736,138.70754679310303,134.8645818313905,135.71315002441406,98322000
2021-10-05,136.0545166576062,138.73678711480215,135.9277136552574,137.63461303710938,80861100
2021-10-06,136.03502801816884,138.6490157972431,134.9621137010957,138.50271606445312,83221100
2021-10-07,139.5365636274982,140.66799748439982,139.20494108139994,139.76089477539062,61732700
2021-10-08,140.48269778280476,140.62899749402928,139.04890108087716,139.38052368164062,58773200
2021-10-11,138.76606124094116,141.2434974770439,138.31738395190774,139.29275512695312,64452200
2021-10-12,139.70238912610083,139.72190071402855,137.56632417893402,138.02474975585938,73035900
2021-10-13,137.7614036307742,137.91745167770748,135.7716384818284,137.4395294189453,78762700
2021-10-14,138.6100339691455,140.33644556071278,138.02480516024534,140.21939086914062,69907100
2021-10-15,140.22911148485912,141.3312707409973,139.97550546602724,141.2727508544922,67940300
2021-10-18,139.91698682828363,143.22349439217342,139.63413574665708,142.94064331054688,85589200
2021-10-19,143.38927699692093,145.49608180607396,142.9406146975332,145.09617614746094,76378900
2021-10-20,145.03770255984122,146.0618453536086,144.4719854463032,145.5839080810547,58418800
2021-10-21,145.14494989927837,145.95450958049068,144.22809881735165,145.79844665527344,61421000
2021-10-22,146.00332535531382,146.48124774454206,144.97918256227808,145.0279541015625,58883400
2021-10-25,145.0181495258691,145.69115788039105,143.98425867288518,144.97914123535156,50720600
2021-10-26,145.6521738906202,147.12497895180522,145.34004798248478,145.64242553710938,60893400
2021-10-27,145.68142436893194,146.04230690415662,144.83285629616836,145.18399047851562,56094900
2021-10-28,146.1301073675776,149.39759166799496,146.03256430303534,148.8123779296875,100077900
2021-10-29,143.59412144965486,146.24713179057537,142.80407331191392,146.11058044433594,124953200
2021-11-01,145.32053496464482,146.0130400607468,144.15984105888933,145.29127502441406,74588300
2021-11-02,144.9986596105235,147.83699285465968,144.98889637520205,146.32516479492188,69122000
2021-11-03,146.68605801297326,148.22714612515688,146.1301042293714,147.75897216796875,54511500
2021-11-04,147.84676026074618,148.6758168059769,146.92990900121129,147.24203491210938,60394600
2021-11-05,148.36534609443586,148.66815006608644,146.57781000839395,147.76950073242188,65463900
2021-11-08,147.8964665160418,148.0527572213007,146.67547332752292,146.948974609375,55020900
2021-11-09,146.7145337755314,147.91598686060686,146.57778313905698,147.3103790283203,56787900
2021-11-10,146.53871644786318,146.64616444006643,144.41907415140022,144.48744201660156,65187100
2021-11-11,145.50336208425588,145.96244193460964,144.25305100972494,144.4386444091797,41000000
2021-11-12,144.98560270947831,146.90988909643477,144.05765090115398,146.50941467285156,63804000
2021-11-15,146.88063539569578,148.35560514385503,145.96244586087764,146.51922607421875,59222800
2021-11-16,146.4606021824879,147.97463697406297,145.87451939068316,147.49600219726562,59256200
2021-11-17,147.49598349597346,151.40316186672771,147.48622091573952,149.92820739746094,88807000
2021-11-18,150.14308917571017,154.9879815498081,149.49840122848465,154.20654296875,137827700
2021-11-19,153.99171807215845,157.28352719242002,152.89771249648186,156.82443237304688,117305600
2021-11-22,157.9281202781403,161.85483815926344,157.2639072032153,157.283447265625,117467900
2021-11-23,157.3811346832133,158.0453627342285,155.36894027506222,157.66441345214844,96041900
2021-11-24,157.01974088138022,158.3774848564214,155.9354982175197,158.18212890625,69463600
2021-11-26,155.86710492688786,156.72667394842426,152.73158803573577,153.171142578125,76959800
2021-11-29,155.67175446958956,157.44952783966656,155.10521179906075,156.52157592773438,88748200
2021-11-30,156.27737994661885,161.67905311784355,156.20899716750552,161.4641571044922,174048100
2021-12-01,163.59356203535145,166.34813007275002,160.71202083002768,160.9464569091797,152052500
2021-12-02,155.05640108044867,160.38969196905754,154.13821164787007,159.95989990234375,136739200
2021-12-03,160.2138776845153,161.13206712633752,156.0136573148525,158.08445739746094,118023100
2021-12-06,160.47759138079394,163.98429560873123,160.4678287996897,161.48370361328125,107497000
2021-12-07,165.15647293806026,167.59846003217984,164.43363939250656,167.20773315429688,120405400
2021-12-08,168.1356556285786,171.87678065417452,166.73883163036436,171.01719665527344,116998900
2021-12-09,170.85116144440897,172.6484600825667,169.8841293433167,170.50927734375,108923700
2021-12-10,171.14418244016858,175.46161263264923,170.63624509261138,175.28578186035156,115402700
2021-12-13,176.9170250648393,177.90359710458122,171.4567470785072,171.66188049316406,153237000
2021-12-14,171.18327152968024,173.6154957034132,168.21382219359762,170.2846221923828,139380400
2021-12-15,171.0465102933484,175.33463817394934,168.31148231582245,175.1392822265625,131063300
2021-12-16,175.11972073731067,176.93655914468357,166.78766465581225,168.2626190185547,150185800
2021-12-17,165.98671202152144,169.44457351876034,165.75229083845704,167.16864013671875,195432700
2021-12-20,164.37497819410103,166.6216085377041,163.57401445003114,165.8108673095703,107499100
2021-12-21,167.57886880713295,169.1808112556796,165.19548774606798,168.97569274902344,91185900
2021-12-22,169.02456703895956,171.77913555211592,168.15522025592128,171.56423950195312,92135300
2021-12-23,171.76934702247985,172.74614168304623,171.2028043307869,172.18936157226562,68356600
2021-12-27,172.9805506410723,176.23327841950962,172.96102548062714,176.14537048339844,74919600
2021-12-28,175.97930746687297,177.12215528727302,174.38712760111903,175.12948608398438,79144300
2021-12-29,175.16856451921535,176.43840038673264,174.0061766459811,175.2174072265625,62348900
2021-12-30,175.30530672394408,176.37978661508689,173.95732557045602,174.0647735595703,59773000
2021-12-31,173.9574007677881,175.07094636146564,173.14665920940863,173.44947814941406,64062300
2022-01-03,173.70338274431063,178.63619837680892,173.5861721636794,177.786376953125,104487900
2022-01-04,178.3919838905217,178.6947878000668,174.96342566446933,175.52996826171875,99310400
2022-01-05,175.44211670639731,175.98911941613642,170.58744530040389,170.86094665527344,94537600
2022-01-06,168.69245085589924,171.23212317548703,167.65705080251047,168.00869750976562,96904000
2022-01-07,168.8779910690407,170.09898412579085,167.0611528044084,168.17469787597656,86709100
2022-01-10,165.15642793014217,168.4970635759533,164.26754129298973,168.1942596435547,106765600
2022-01-11,168.3212489833143,171.1148671703379,166.85605711502512,171.01719665527344,76138300
2022-01-12,172.0330312140467,173.0684309309445,170.76321037163262,171.45672607421875,74805200
2022-01-13,171.70094857794888,172.52145244084235,167.80353287215138,168.1942596435547,84505800
2022-01-14,167.36398288031089,169.7473640846977,167.1197842307582,169.05384826660156,80440800
2022-01-18,167.53003637041928,168.53613361538314,165.47877665458643,165.85972595214844,90956700
2022-01-19,166.0551095373263,167.11004966883394,162.08932518842298,162.37258911132812,94815000
2022-01-20,163.10514273299674,165.74248492301732,160.37011513031928,160.6924591064453,91420500
2022-01-21,160.60458738914824,162.4702688967568,158.53378733529433,158.6412353515625,122848900
2022-01-24,156.30669005524535,158.53378075020058,151.11013516388041,157.8695526123047,162294600
2022-01-25,155.2907812885663,158.98306320756222,153.37627246633923,156.0722198486328,115798400
2022-01-26,159.70592982008216,160.57527648713483,154.15774320444362,155.98434448242188,108275300
2022-01-27,158.68028043462846,160.03802433796415,154.60704872462142,155.52523803710938,121954600
2022-01-28,161.86463986114418,166.39696621279427,159.02216399560837,166.37742614746094,179935700
2022-01-31,166.21138037947398,170.93906288440527,165.576454917367,170.7241668701172,115541600
2022-02-01,169.97208357309438,170.7828251686773,168.3115351420715,170.55816650390625,86213900
2022-02-02,170.69486467196293,171.79864739328102,169.30781806090394,171.7595672607422,84914300
2022-02-03,170.43110878285196,172.15027672857178,168.12587305039293,168.8877716064453,89418100
2022-02-04,167.90974218054592,170.27660988825676,166.93170310002452,168.60415649414062,82465400
2022-02-07,169.0638417050099,170.12990075671365,167.19578341710826,167.89019775390625,77251200
2022-02-08,167.9586729996618,171.499185164809,167.66525824555538,170.9906005859375,74829200
2022-02-09,172.18379236064646,172.77060688626915,171.05903840340724,172.4087371826172,71285000
2022-02-10,170.31573108381698,171.62629991772872,167.78261335475796,168.340087890625,90865900
2022-02-11,168.54550592037077,169.2790353586412,164.34970917619486,164.93653869628906,98670700
2022-02-14,163.69441590726865,165.8558891027738,162.9022065441299,165.1712646484375,86185500
2022-02-15,167.21533801275692,169.15185115822308,166.5111487010071,168.995361328125,62527400
2022-02-16,168.0760262456703,169.53329496166765,166.31555287107355,168.76065063476562,61177400
2022-02-17,167.27404295611913,168.1347222265384,164.7702649952927,165.1712646484375,69589300
2022-02-18,166.09060878011084,166.7947832093295,162.54032203615824,163.62594604492188,82772700
2022-02-22,161.3569203806229,163.0293741588099,158.58906735628025,160.71142578125,91162800
2022-02-23,161.9045621151873,162.5011664749462,156.24172312968074,156.55470275878906,90009200
2022-02-24,149.22921086821898,159.27367681919955,148.66194638721413,159.1660919189453,141147500
2022-02-25,160.2419073795577,161.49379611504713,157.33713033388693,161.229736328125,91974200
2022-02-28,159.47904685433394,161.78721963459702,158.86287747049465,161.49380493164062,95056600
2022-03-01,161.08304074169718,162.94132403155473,158.41299811175085,159.61598205566406,83474400
2022-03-02,160.77986315221446,163.68464076398826,159.37148431939156,162.90220642089844,79724800
2022-03-03,164.7702811660162,165.20062084345977,161.9144082164394,162.5794677734375,76678400
2022-03-04,160.87767357199544,161.91439273743828,158.54016047816125,159.58665466308594,83737200
2022-03-07,159.7724722055909,161.3960207362876,155.54733601828758,155.8016357421875,96418800
2022-03-08,155.33219707675556,159.30303394754864,152.3785144348394,153.9824981689453,131148300
2022-03-09,157.9337867292243,159.82141039524444,155.90925307773495,159.3715057373047,91454900
2022-03-10,156.681840375499,156.8676701680238,152.55451471855633,155.0387420654297,105342000
2022-03-11,155.43974670100266,155.78206635482195,151.1070406596988,151.3319854736328,96970100
2022-03-14,148.12398413737876,150.73534613403064,146.80364061476897,147.3122100830078,108732100
2022-03-15,147.58611061794517,152.15356685525754,147.07754097449947,151.68409729003906,92964300
2022-03-16,153.60105321090987,156.48626575095446,151.06793536575267,156.08526611328125,102300200
2022-03-17,155.1268130175759,157.46432633327734,154.16833868809496,157.09266662597656,75615400
2022-03-18,156.9850782628136,160.8678953686917,156.25154880840884,160.37887573242188,123511700
2022-03-21,159.9191797677464,162.69682236043158,159.4301601813594,161.7481231689453,95811400
2022-03-22,161.8752422072329,165.69937857870127,161.2884277154457,165.11256408691406,81532000
2022-03-23,164.30079784879288,168.84867380689857,163.9682532045546,166.4720458984375,98062700
2022-03-24,167.30336151454603,170.31572365157868,166.47203725633872,170.2472686767578,90131400
2022-03-25,170.06147670026667,171.4307257382337,168.95628752581777,170.88302612304688,80546200
2022-03-28,168.38898581373743,171.87080253422522,168.22272096176943,171.74366760253906,90371900
2022-03-29,172.8097389298353,175.0787819860724,172.46741925958432,175.02989196777344,100589400
2022-03-30,174.62885121528234,175.66557007713848,172.819473253499,173.86598205566406,92633200
2022-03-31,173.93453012602706,174.1203600070961,170.57007207047488,170.7754669189453,103049300
2022-04-01,170.208175340956,171.0395147015426,168.1640768197994,170.48202514648438,78751300
2022-04-04,170.73632454310336,174.57023673592576,170.60917466091976,174.52133178710938,76468400
2022-04-05,173.60197924086432,174.38441368133695,170.58961634544698,171.21556091308594,73401800
2022-04-06,168.57483234577828,169.81694627331598,166.3938091700385,168.0564727783203,89058800
2022-04-07,167.4011755212215,169.55285855113002,166.11994669119974,168.35964965820312,77594700
2022-04-08,168.00757925318007,168.00757925318007,165.48423622614246,166.3546905517578,76575500
2022-04-11,165.00498773482366,165.31795249524248,161.8654755697351,162.1099853515625,72246700
2022-04-12,164.33013728303388,166.13950070260202,162.9804385205217,163.97804260253906,79265200
2022-04-13,163.71398991233582,167.28382721520924,163.10761035124472,166.6578826904297,70618900
2022-04-14,166.87301451784703,167.50874884154206,161.41555493977322,161.66006469726562,75329400
2022-04-18,160.3201618914843,162.94131434841603,159.97785717263437,161.44491577148438,69023900
2022-04-19,161.39600166868107,164.13451388243473,160.31037777023087,163.72372436523438,67723800
2022-04-20,165.0538631380032,165.1712379709988,162.45229063171516,163.55746459960938,67929800
2022-04-21,165.20059691129774,167.7630547165198,162.266479452362,162.76527404785156,87227800
2022-04-22,162.8043941791054,164.1834179598548,157.95331370568275,158.2369384765625,84882400
2022-04-25,157.5816809008669,159.58666436994497,154.98010780953732,159.30303955078125,96046400
2022-04-26,158.68684707978605,158.77486701882205,153.2782919448604,153.35653686523438,95623200
2022-04-27,152.48608239761126,156.28086402556207,151.96772285920957,153.131591796875,88063200
2022-04-28,155.75270471921226,160.90697422827097,155.43972508795935,160.04629516601562,130216800
2022-04-29,158.28583697775457,162.55008785176082,153.7966412998766,154.18785095214844,131747600
2022-05-02,153.2685246478865,154.7551334388098,149.9040675207667,154.49107360839844,123055300
2022-05-03,154.67688255687574,157.18067526746918,152.88708408047324,155.97767639160156,88966500
2022-05-04,156.16349976201118,162.8239435793619,155.76250015329012,162.37405395507812,108256500
2022-05-05,160.25171284753384,160.47665766238154,151.5471558846843,153.3271942138672,130525300
2022-05-06,152.80807823964273,156.16768941381943,151.01563498071906,154.05201721191406,116124600
2022-05-09,151.75022430191655,152.63176175523802,148.38083908771665,148.9391326904297,131577900
2022-05-10,152.328132388233,153.52309446613708,149.79127784510368,151.33885192871094,115366700
2022-05-11,150.34960463592216,152.2595803376125,142.81742986905113,143.49327087402344,142689800
2022-05-12,139.83979077150929,143.19938623116693,135.95126990961808,139.63409423828125,182602000
2022-05-13,141.62242982115953,145.0604001115948,140.17280954058904,144.09071350097656,113990900
2022-05-16,142.56276758428663,144.4923369438145,141.22087499257742,142.55296325683594,86643800
2022-05-17,145.80481151470883,146.69613834453236,143.66954586445135,146.17701721191406,78336300
2022-05-18,143.8360642275501,144.33559163369299,137.02869370903522,137.92982482910156,109742900
2022-05-19,137.00914057415054,138.75260707730666,133.7964597180681,134.53106689453125,136095600
2022-05-20,136.23529658390538,137.81225334878067,129.88829706526903,134.76608276367188,137426100
2022-05-23,134.96204525071005,140.31978230159262,134.82491915388553,140.17286682128906,117726300
2022-05-24,137.92005516834,139.05625126128453,134.51148183512868,137.4792938232422,104132700
2022-05-25,135.58886991195646,138.87991021944293,135.50072064953915,137.635986328125,92482700
2022-05-26,134.57021942674126,141.37757526410218,134.32535040420584,140.82907104492188,90601500
2022-05-27,142.4060284868712,146.60797434750936,142.27869181225157,146.5688018798828,90978500
2022-05-31,146.01050754614022,147.5678709384086,143.82626511004062,145.78521728515625,103718400
2022-06-01,146.823446577346,148.62569377792533,144.64900865939228,145.6578826904297,74286600
2022-06-02,144.79596367082308,148.16536407915592,143.8458705924634,148.10659790039062,72348100
2022-06-03,143.8850023092343,144.93304868576854,141.4950936911797,142.39620971679688,88570300
2022-06-06,144.01237341190438,145.52077501341512,141.92608448379778,143.14064025878906,71598400
2022-06-07,141.38736672807937,145.94192415465892,141.1424977278199,145.6578826904297,67808200
2022-06-08,145.5305338369811,146.79405119640674,144.43352559030978,144.9232635498047,53950200
2022-06-09,144.06135517233236,144.91349464755012,139.60473566244548,139.7124786376953,69473000
2022-06-10,137.40091085996173,137.87105521943323,134.24699651333503,134.31556701660156,91437900
2022-06-13,130.14302719351753,132.4252090464818,128.74238308627127,129.17335510253906,122207100
2022-06-14,130.39763353725542,131.1420298533222,128.78148930777198,130.03521728515625,84784300
2022-06-15,131.53383428431485,134.5212392737676,129.44756042743367,132.6504364013672,91533000
2022-06-16,129.36919361966238,129.67282879246193,126.39157816992548,127.3906478881836,108123900
2022-06-17,127.40046865716874,130.34868645706888,127.14579529566508,128.85987854003906,134520300
2022-06-21,130.68169231513036,134.2469845261448,130.58375367786297,133.08140563964844,81000500
2022-06-22,132.0235786011109,134.93262385029735,131.16164978530637,132.5720977783203,73409200
2022-06-23,134.01195231906672,135.74561458048865,132.84637315008302,135.43218994140625,72433800
2022-06-24,137.02867627896833,138.99743245843743,136.90135457141264,138.7525634765625,89116800
2022-06-27,139.77121186509095,140.54500621736102,138.07672269528902,138.7525634765625,70207900
2022-06-28,139.21296287932694,140.47648065381134,134.50168455265504,134.6192169189453,67083400
2022-06-29,134.63880492913648,137.7829151592785,133.8650103621575,136.37246704101562,66242400
2022-06-30,134.4331227102609,135.53013138802967,131.0245493574635,133.91400146484375,98964500
2022-07-01,133.24794276909347,136.1863715256026,132.87575195629162,136.07862854003906,71051600
2022-07-05,134.94240992218974,138.70359409768392,134.1196387404863,138.6546173095703,73353800
2022-07-06,138.44898530382812,141.16212397864905,138.1845225098008,139.98675537109375,74064300
2022-07-07,140.34916422789436,143.54226679903198,140.33937484449694,143.34637451171875,66253700
2022-07-08,142.2787196887486,144.52172874952925,142.0240612352335,144.02218627929688,64547800
2022-07-11,142.68029721118097,143.63039032716094,140.8290877786715,141.89671325683594,63141600
2022-07-12,142.768425199881,145.40321819395862,142.07300556646354,142.8663787841797,77588800
2022-07-13,140.05530730128564,143.44428658574307,139.20315284375937,142.50399780273438,71185600
2022-07-14,141.1229362743088,145.89298070687983,140.30996921418316,145.42283630371094,78140700
2022-07-15,146.7059565075189,147.763792686889,145.15838218653053,147.08795166015625,76259900
2022-07-18,147.64625063740658,148.4592176926782,143.68915834296686,144.05157470703125,81420900
2022-07-19,144.88410592104603,148.1261694879342,143.8948404199678,147.90089416503906,82982400
2022-07-20,148.01845513052425,150.56509951384282,147.2838478982926,149.8990478515625,64823400
2022-07-21,151.3290452388946,152.3770917552224,148.82158901652633,152.16160583496094,65086600
2022-07-22,152.20081233549695,153.0725455912705,150.26145356507448,150.927490234375,66675400
2022-07-25,150.84909422530328,151.85795331530994,149.15460492057616,149.81085205078125,53623900
2022-07-26,149.13498333351035,149.94795005955055,147.70495700239573,148.48854064941406,55138700
2022-07-27,149.44849566558014,154.1010080911438,149.03711741300498,153.57208251953125,78620700
2022-07-28,153.75817384315252,154.40463173955777,151.2409277129022,154.12059020996094,81378700
2022-07-29,157.93074338059327,160.27169083424704,156.22644946059978,159.17466735839844,101786900
2022-08-01,157.70546755749734,160.2325181068246,157.58793518866128,158.19520568847656,67829400
2022-08-02,156.81413161603723,159.07671904499605,156.35377664743476,156.72596740722656,59907000
2022-08-03,157.53894532472003,163.17093336402678,157.45079605540153,162.7203826904297,82507500
2022-08-04,162.6028441618955,163.7586338892835,161.05526991931026,162.40695190429688,55474100
2022-08-05,160.08234575425365,162.67175374212067,159.87636348602825,162.18133544921875,56697000
2022-08-08,163.18176501562593,164.59417198149717,161.05335158963675,161.71051025390625,60276900
2022-08-09,160.87682032374863,162.64232916411427,160.12157196524083,161.7595672607422,63135500
2022-08-10,164.46667794890814,166.0948703368816,163.70162657940335,165.99679565429688,70170500
2022-08-11,166.80112136548323,167.71330746798904,164.9669611457209,165.26121520996094,57149200
2022-08-12,166.56571053244468,168.87066800455992,166.15374591104305,168.80201721191406,68039400
2022-08-15,168.2331135298216,170.06727335382837,168.0663730882192,169.87110900878906,54091700
2022-08-16,169.46897842594916,170.3811644180383,168.37044601656845,169.7141876220703,56377100
2022-08-17,169.45917459589717,172.77439273368478,169.26301023326062,171.20506286621094,79542000
2022-08-18,170.42036968678258,171.54832585930868,169.80243780169835,170.8126983642578,62290100
2022-08-19,169.71416649279175,170.41056710828244,168.02712623620275,168.2331085205078,70346300
2022-08-22,166.43817940694694,166.6049198473659,163.9370428679026,164.3588104248047,69026800
2022-08-23,163.87819481513557,165.47696339789675,163.4564272588674,164.0253143310547,54147100
2022-08-24,164.11356702212305,164.88842125613922,163.0640648046323,164.3195343017578,53841500
2022-08-25,165.5456215718219,166.87956011908489,165.1238689631101,166.77166748046875,51218200
2022-08-26,167.3013082441995,167.7721056277997,160.42563400937078,160.48448181152344,78961000
2022-08-29,158.06182659509352,159.7782908024648,156.7573269679059,158.2874298095703,73314000
2022-08-30,159.02307224651202,159.4448248788866,154.69757844618866,155.86477661132812,77906200
2022-08-31,157.23791969354875,157.50274977749038,154.12866933419335,154.20713806152344,87991100
2022-09-01,153.6382414104045,155.38412932683354,151.70599214901193,154.93295288085938,74229900
2022-09-02,156.6886565527691,157.286967514474,152.00025851175562,152.82415771484375,76957800
2022-09-06,153.47148977301632,154.079603619405,150.74476547508485,151.56866455078125,73714800
2022-09-07,151.85314497915547,153.6676838931478,150.66632598771957,152.97129821777344,87449600
2022-09-08,151.6765739248584,153.36361410419434,149.75412756943635,151.50003051757812,84923800
2022-09-09,152.49066452851048,154.79563648166842,151.7844609924952,154.354248046875,68028800
2022-09-12,156.53171708379904,161.11222243462,156.24728104104713,160.29812622070312,104956000
2022-09-13,156.8357585865151,157.46349338077283,150.43089710301157,150.8918914794922,122656600
2022-09-14,151.8237313927598,154.08947711736784,150.66635107863272,152.33377075195312,87965400
2022-09-15,151.68639505914092,152.2651001071562,148.4790697119515,149.45008850097656,90481100
2022-09-16,148.31230899881908,148.44962552428208,145.5267216779744,147.81207275390625,162278800
2022-09-19,146.44869974399057,151.5980915210163,146.24273245408108,151.51962280273438,81474200
2022-09-20,150.46038124243267,155.05070592346382,150.14652120283193,153.893310546875,107689800
2022-09-21,154.32485530993193,155.6980357811973,150.65653533272163,150.77423095703125,101696800
2022-09-22,149.45988650515864,151.50983141556574,148.0180554999838,149.81298828125,86652500
2022-09-23,148.29270193451399,148.5673350111051,145.7130966439831,147.54725646972656,96029900
2022-09-26,146.79202323434507,150.82326264584486,146.77240230987616,147.88075256347656,93339400
2022-09-27,149.81300689014782,151.75505941669135,147.07646404392761,148.85177612304688,84442700
2022-09-28,144.81072915722658,147.75323924438212,142.06438341593866,146.96856689453125,146691400
2022-09-29,143.30025780798485,143.9083718149734,137.98410935439225,139.74961853027344,128138200
2022-09-30,138.5725835278908,140.35771319334796,135.35544091221504,135.55160522460938,124925300
2022-10-03,135.56144631438175,140.32831325471835,135.05140704196927,139.72018432617188,114311700
2022-10-04,142.2507447443845,143.41794280659562,141.49549629829846,143.3002471923828,87830100
2022-10-05,141.30916116839794,144.55572849466822,140.26946161653336,143.59449768066406,79471000
2022-10-06,143.0158044200555,144.7126478104947,142.43711432828448,142.64308166503906,68402200
2022-10-07,139.80844218113944,140.35772324812106,136.7776606833551,137.4053955078125,85925600
2022-10-10,137.72906494140625,139.17089585032406,135.91452632499212,137.72906494140625,74899000
2022-10-11,137.21904887976436,138.64127407342733,135.57125040118655,136.31668090820312,77033700
2022-10-12,136.46378829068846,137.6702130062106,135.51237567961843,135.6889190673828,70433700
2022-10-13,132.4031536839207,140.8383404618952,131.7950247428473,140.24984741210938,113224000
2022-10-14,141.54450223616521,141.75048447082304,135.54178809850927,135.7281494140625,88598000
2022-10-17,138.36662131640782,140.1615390587515,137.58194907165392,139.68093872070312,85250900
2022-10-18,142.70196183745628,143.88876607092178,137.91547311478982,140.99530029296875,99136600
2022-10-19,138.974750883936,142.1722730567363,138.78838952105372,141.10316467285156,61758300
2022-10-20,140.27927658716155,143.0942732786787,139.91635681145763,140.64218139648438,64522000
2022-10-21,140.1321395849877,145.0167173026428,139.9163543059083,144.4478302001953,86548600
2022-10-24,144.3693587197694,147.3510957532076,143.2021606323234,146.58604431152344,75981900
2022-10-25,147.2137868289863,149.5678040506047,146.49778017936205,149.42066955566406,74732300
2022-10-26,148.06710843299678,149.07736899312695,145.20305222207165,146.4879608154297,88194300
2022-10-27,145.23247083964995,146.19368643958677,141.3679725525205,142.02513122558594,109180200
2022-10-28,145.35999154749908,154.48177557471033,144.98728378991743,152.75550842285156,164762400
2022-10-31,150.22497632532892,151.28428192484714,149.0087332370563,150.40151977539062,97943200
2022-11-01,152.1081921430116,152.47109701606183,146.27221543184598,147.76307678222656,80379300
2022-11-02,146.09561013902547,149.2539052221096,142.22130852087065,142.250732421875,93604600
2022-11-03,139.33766635298934,140.0634909361085,136.09109910411752,136.21861267089844,97918500
2022-11-04,139.5982394074154,140.16807005387253,132.02345398469166,135.95330810546875,140814800
2022-11-07,134.70562941235488,136.70984922405512,133.29087896117363,136.48388671875,83374600
2022-11-08,137.94772594743225,138.94982808586678,135.07893386231837,137.05368041992188,89908500
2022-11-09,136.07123106652006,136.12035725287217,132.2297941583769,132.5048828125,74917800
2022-11-10,138.7632027049217,144.29446411132812,137.05371017047622,144.29446411132812,118854000
2022-11-11,143.26287971945007,147.3793904835366,141.83829520447486,147.0748291015625,93979700
2022-11-14,146.35763570725214,147.64466090619808,144.8446330372058,145.6797332763672,73374100
2022-11-15,149.55065357357725,150.8966242970365,145.95483216140596,147.40887451171875,89868300
2022-11-16,146.51481993344615,147.24183349471545,144.70707528826344,146.18077087402344,64218300
2022-11-17,143.8621718356149,148.8236171893066,143.5870831617381,148.0769500732422,80389400
2022-11-18,149.63904958366277,150.02220984195606,147.34008803390304,148.63693237304688,74829600
2022-11-21,147.52678083863384,147.73308985978306,145.12956655626695,145.4144744873047,58724100
2022-11-22,145.53237828985053,147.78221396265934,144.35340964940343,147.54641723632812,51804100
2022-11-23,146.82920540527334,149.16747394284351,146.72113379241404,148.42080688476562,58301400
2022-11-25,145.70921560778717,146.26922721502757,144.54008119228595,145.51272583007812,35195900
2022-11-28,142.5947981424062,144.06849387144769,140.8656672171658,141.69093322753906,69246000
2022-11-29,141.7596944766532,142.27057984792378,137.8887997144492,138.6944122314453,83763800
2022-11-30,138.92038744793726,146.1120302873751,138.08530213977906,145.4341278076172,111380900
2022-12-01,145.61096061666942,146.51482547786148,144.03901260255705,145.70919799804688,71250400
2022-12-02,143.40039263183445,145.4046117654443,143.09581632538948,145.2179412841797,65447400
2022-12-05,145.17864740787067,148.27340168825526,143.21372024795548,144.0586395263672,68826400
2022-12-06,144.49096870660432,144.71693119940028,139.431270776129,140.40391540527344,64727200
2022-12-07,139.69652452502783,140.85582456681212,137.54492649061714,138.46844482421875,69721100
2022-12-08,139.86352962985669,141.00319109284194,138.62563079391435,140.1484375,62128300
2022-12-09,139.84387422747133,143.0172426533997,138.42912415381502,139.6670379638672,76097000
2022-12-12,140.19757351667832,141.96601125722427,138.58633357333804,141.95619201660156,70462700
2022-12-13,146.87833415604433,147.34009332894186,141.71058010364294,142.91900634765625,93886200
2022-12-14,142.8011107216781,144.0881358235322,138.68458524913544,140.69863891601562,82291200
2022-12-15,138.63545090272245,139.3133532425607,133.6445335943197,134.10629272460938,98931900
2022-12-16,134.29294719185827,135.23610381983994,131.38484844130548,132.1511688232422,160156900
2022-12-19,132.74069295008061,132.82911109974094,129.01716151047765,130.04873657226562,79592600
2022-12-20,129.08590439011405,130.91328746393052,127.61220884643005,129.97994995117188,77432800
2022-12-21,130.64802045895354,134.41085828161889,130.42205800232537,133.07470703125,85928000
2022-12-22,131.99401195090732,132.20032094511618,128.0150307307424,129.9111785888672,77852100
2022-12-23,128.62415014924704,130.0978457490201,127.3665977700706,129.54766845703125,63814900
2022-12-27,129.07609558176017,129.1055682957193,126.46273834186272,127.74976348876953,69007800
2022-12-28,127.39606774936588,128.73221899747332,123.66271014073895,123.82972717285156,85438400
2022-12-29,125.74554877459363,128.1918817150827,125.49011356491995,127.33714294433594,75703700
2022-12-30,126.15820814987909,127.67119614147344,125.19539011416798,127.65154266357422,77034200
2023-01-03,127.99538262842435,128.6045053870652,121.99252821247748,122.87674713134766,112117500
2023-01-04,124.66482384759799,126.40378887161263,122.88656686996354,124.14411926269531,89113600
2023-01-05,124.90062068574457,125.52939692056383,122.57218626779334,122.82762145996094,80962700
2023-01-06,123.80026688503307,128.00520329992693,122.699904718632,127.34695434570312,87754700
2023-01-09,128.18203319703136,131.07047871721036,127.61220248294386,127.86763763427734,70790800
2023-01-10,127.97572556898378,128.95818934117645,125.87325369613974,128.43748474121094,63896200
2023-01-11,128.94838439618852,131.16874737067045,128.1722445262406,131.14910888671875,69458900
2023-01-12,131.53227009080283,131.90559617413024,129.13505580606935,131.0705108642578,71379600
2023-01-13,129.71468306570503,132.55400260182785,129.35117628841525,132.3968048095703,57809700
2023-01-17,132.46557135226192,134.88242345634274,131.77784981822288,133.5561065673828,63646600
2023-01-18,134.4207108763407,136.17931456809228,132.66209219338052,132.8389434814453,69672800
2023-01-19,131.72872356322017,133.86066781311564,131.42416224055012,132.89785766601562,58280400
2023-01-20,132.90772297331753,135.59967961374403,131.8663135769454,135.45230102539062,80223600
2023-01-23,135.6978804326285,140.806703627411,135.4817372209474,138.6354522705078,81760300
2023-01-24,137.8495225748401,140.64955099434704,137.8397033315953,140.0305938720703,66435100
2023-01-25,138.41932337339787,139.93231102042415,136.37579688239575,139.372314453125,65799300
2023-01-26,140.65937661953566,141.72043959534744,139.41164307512574,141.43553161621094,54105100
2023-01-27,140.64952711543583,144.64814715401417,140.57092820918845,143.37094116210938,70555800
2023-01-30,142.41792955695834,142.9975794810538,140.34493076851774,140.49229431152344,64015300
2023-01-31,140.19762082251665,141.8088613095258,139.7849877090254,141.75973510742188,65874500
2023-02-01,141.44532609516176,144.03903014040526,138.84180280794712,142.8797149658203,77663600
2023-02-02,146.2888426135127,148.52885870656533,145.57164829200897,148.17518615722656,118339000
2023-02-03,145.4341223704264,154.62016535520215,145.23763259886508,151.79066467285156,154357300
2023-02-06,149.89452545981646,150.41523013113607,148.13590667152536,149.06924438476562,69858300
2023-02-07,147.99834440627268,152.50784959474223,147.99834440627268,151.93801879882812,83322600
2023-02-08,151.18150996746658,151.86923151834947,148.5190269025848,149.25587463378906,64120100
2023-02-09,151.0832773681269,151.62363543992853,147.782198500911,148.22430419921875,56007100
2023-02-10,147.0632318137508,148.9130734935689,146.8270751036462,148.58836364746094,57450700
2023-02-13,148.52936881115792,151.7862873807752,148.49985109109068,151.38287353515625,62199000
2023-02-14,149.68057287811524,151.30412220458746,148.44078385852455,150.74325561523438,61707600
2023-02-15,150.65468023132328,153.00635283510616,150.42837278798947,152.83908081054688,65573800
2023-02-16,151.0482818929642,153.82306709582505,150.8908590911332,151.24508666992188,68167900
2023-02-17,149.90689371085574,150.54646418705764,148.43094798353164,150.1036834716797,59144100
2023-02-21,147.79138776370112,148.87375415444836,146.0300988341385,146.09896850585938,58867200
2023-02-22,146.4826514820273,147.54533393656627,144.80008218957667,146.5220184326172,51011300
2023-02-23,147.68313363952294,147.92912460701393,144.87884561858363,147.0041961669922,48394200
2023-02-24,144.75089452156274,144.82961341599875,143.3831856356865,144.35731506347656,55469600
2023-02-27,145.34131909727375,146.77789803104127,145.08547886576312,145.54794311523438,44998500
2023-02-28,144.69185403745792,146.68929899478212,144.47538083886278,145.04608154296875,50547000
2023-03-01,144.47539591550134,144.8689754008769,142.68457472462396,142.97976684570312,55479000
2023-03-02,142.0647116163666,144.35734928778834,141.59239813777418,143.57017517089844,52238100
2023-03-03,145.66597544130724,148.68675112203792,144.96736964186593,148.6080322265625,70732300
2023-03-06,151.32379221822697,153.79355106354063,150.99909736370918,151.3631591796875,87558000
2023-03-07,151.2352451910372,151.55995507278075,148.70646582947896,149.16893005371094,56182000
2023-03-08,150.35949790258118,151.00891757952724,149.39521763366128,150.4185333251953,47204800
2023-03-09,151.09748364556307,152.06176399701366,147.82088228318355,148.17510986328125,53833600
2023-03-10,147.8011910673905,148.51948035027368,145.24287949222287,146.1186065673828,68572400
2023-03-13,145.43968998615728,150.6842189540097,145.33145336527863,148.05703735351562,84457100
2023-03-14,148.85404568502526,150.94004418166887,147.6929755826584,150.14303588867188,73695900
2023-03-15,148.76549840164833,150.79246155107444,147.51586009545082,150.53663635253906,77167900
2023-03-16,149.71992520737962,153.95097226183628,149.20825986230471,153.3507537841797,76161100
2023-03-17,153.57707174404283,154.22649145558808,151.80593390078133,152.51438903808594,98944600
2023-03-20,152.5832927983786,155.28919358755078,151.6780327765039,154.87591552734375,73641400
2023-03-21,154.79716299068696,156.84379409579418,154.0296575586552,156.72572326660156,73938300
2023-03-22,156.7454392443716,159.53989288471735,155.27932775015748,155.29901123046875,75701800
2023-03-23,156.28297554136526,158.9593583364734,155.15140813839363,156.38136291503906,67622100
2023-03-24,156.31248202721346,157.76874417421377,155.3186840441415,157.68019104003906,59196500
2023-03-27,157.37518971960662,158.19188156427322,155.33837722493854,155.74180603027344,52390300
2023-03-28,155.43676283008696,155.94842821050446,153.47866946121147,155.12188720703125,45992200
2023-03-29,156.81432081388166,158.4673879613573,156.79465234617297,158.19187927246094,51305700
2023-03-30,158.9396863414281,159.8646148025582,158.68386113447403,159.75637817382812,49501700
2023-03-31,159.835057803043,162.35400234628182,159.3135582693612,162.25559997558594,68749800
2023-04-03,161.63573905142377,163.62333513475417,161.58653785817188,163.50526428222656,56976200
2023-04-04,163.92833808360348,164.1644797332799,162.46222694746066,162.97389221191406,46278300
2023-04-05,162.0982064947886,162.40323287933546,159.20535043705326,161.1339111328125,51511700
2023-04-06,159.8252353547828,162.31467762112032,159.40213812085784,162.0194854736328,45390100
2023-04-10,158.8314373555464,159.43165588378906,157.51292944566782,159.43165588378906,47716900
2023-04-11,159.7465367378167,159.75637097122245,157.93603184667685,158.2213897705078,47644200
2023-04-12,158.6346426672523,159.4611686435216,157.21773241416443,157.53260803222656,50133100
2023-04-13,159.03807402297244,163.14120127307194,158.83143501847854,162.90504455566406,68445600
2023-04-14,161.9506011686896,163.65286938363687,161.19295983913122,162.5606689453125,49386500
2023-04-17,162.44256794452966,162.73776006518966,161.39956879707992,162.580322265625,41516200
2023-04-18,163.43641422586148,164.72540456754612,162.99361844758067,163.80047607421875,49923000
2023-04-19,163.14119328481948,165.46334834295578,162.8853530999642,164.9418487548828,47720200
2023-04-20,163.42652181136077,165.17797593709363,162.9050222690973,163.9775390625,52456400
2023-04-21,162.40325123756864,163.78079474740133,161.85223383363555,162.3737335205078,58337300
2023-04-24,162.35400113354166,162.9443853251193,161.26180088898863,162.6787109375,41949600
2023-04-25,162.54099521393778,163.6430299514636,161.10440134757968,161.14376831054688,48714100
2023-04-26,160.44513945575562,162.6295403559192,160.1893142654478,161.1339111328125,45498800
2023-04-27,162.54101581741398,165.85696969810766,162.54101581741398,165.70938110351562,64902300
2023-04-28,165.78806481489534,167.12625617335198,165.1878463008649,166.95896911621094,55275900
2023-05-01,166.56542643996343,167.71666253016707,165.93569007402044,166.87045288085938,52472900
2023-05-02,167.36238122666072,167.61822139630092,164.85327080237903,165.8372344970703,48425700
2023-05-03,166.78183794919684,168.17906452442512,164.47936662159927,164.76470947265625,65136000
2023-05-04,162.24575591244712,164.36127162736898,161.67505522800053,163.13131713867188,81235400
2023-05-05,168.23814318555767,171.50491053581004,168.02166992672903,170.78662109375,113453200
2023-05-08,169.7140651629481,171.06210572406735,169.35000337616833,170.71771240234375,55962800
2023-05-09,170.27491417680565,170.75704676065035,168.8481698742082,169.01544189453125,45326900
2023-05-10,170.24541483030967,171.23921282792068,169.14336520388548,170.77674865722656,53724500
2023-05-11,171.06213225532295,171.7902559418124,169.40906507439723,170.96372985839844,49514700
2023-05-12,171.07208510437357,171.50563041723674,168.49053896760506,170.03750610351562,45533100
2023-05-15,170.61886136031444,170.66813061172948,168.95365989259247,169.54486083984375,37266700
2023-05-16,169.4660330445526,170.5991506527755,169.2788189100942,169.54486083984375,42110300
2023-05-17,169.19013234108013,170.39221479568312,167.91905489711874,170.15574645996094,57951600
2023-05-18,170.46120584790356,172.66833901247392,170.04737119858373,172.4811248779297,65496700
2023-05-19,173.80142270664055,173.80142270664055,172.37270490292832,172.5894775390625,55809500
2023-05-22,171.42681253611994,172.14611049896482,170.90459157041087,171.64358520507812,43570900
2023-05-23,170.58929510312979,170.83562631420236,168.7664381272472,169.04232788085938,50747300
2023-05-24,168.57921320123526,169.8896969643689,168.01758589409968,169.31820678710938,45143500
2023-05-25,169.87986475065702,171.34798918728478,169.17042964019168,170.45135498046875,56058300
2023-05-26,170.7764937271046,173.1905363695113,170.56956891324683,172.8555145263672,54835000
2023-05-30,174.36308277683443,176.36329091292328,173.978806707213,174.69808959960938,55964400
2023-05-31,174.72766202276017,176.71802248155805,174.16601962684186,174.64883422851562,99625300
2023-06-01,175.0922027756249,177.47668683522244,174.33349851829678,177.44712829589844,68901800
2023-06-02,178.37333767160567,179.11233123154489,176.62930866038764,178.2945098876953,61996900
2023-06-05,179.9498694414483,182.23581511366768,175.42721727327233,176.9446258544922,121946500
2023-06-06,177.3289349437502,177.47672767437876,174.82620111609043,176.58009338378906,64848400
2023-06-07,175.82139167098399,178.55074607277277,174.71783250558175,175.2104949951172,61944600
2023-06-08,175.2892895872439,178.18614713091944,174.85575927069235,177.9201202392578,50214900
2023-06-09,178.83645110058313,179.55573399442156,177.9792233362159,178.30438232421875,48900000
2023-06-12,178.60984190485868,181.19138823156914,178.31424143935143,181.0928497314453,54274900
2023-06-13,180.1173628493618,181.44754220802452,179.76264534674598,180.619873046875,54929100
2023-06-14,180.67901332162722,181.684048880549,179.34883379218707,181.25050354003906,57462900
2023-06-15,181.26035439367692,183.78278344228747,181.08298811392547,183.28025817871094,65433200
2023-06-16,183.98968846409701,184.245882524342,181.56579797087073,182.2062530517578,101256200
2023-06-20,181.7037512704965,183.36895259993452,181.7037512704965,182.29493713378906,49799100
2023-06-21,182.1865534203878,182.68907870149724,179.91045548906328,181.26036071777344,49515700
2023-06-22,181.0435838743865,184.3050065515812,180.97460392176268,184.2557373046875,51245300
2023-06-23,182.8270228675936,184.8075203379306,182.29493904669715,183.9404296875,53117000
2023-06-26,184.08822111663613,185.2903184900679,182.51169553463515,182.55111694335938,48088700
2023-06-27,183.1620179856705,185.6253298715582,182.94524533692336,185.3001708984375,50730800
2023-06-28,185.1720661878379,187.11315707618536,184.84692226306757,186.4727020263672,51216800
2023-06-29,186.30522898461155,187.2807060224463,186.16728410364277,186.8077392578125,46347300
2023-06-30,188.8178174385461,191.6259844129726,188.4532369978983,191.12347412109375,85213200
2023-07-03,190.93622568872084,191.03476417603324,188.94586551693624,189.63560485839844,31458200
2023-07-05,188.75868490984942,190.1479814937267,187.82261429340878,188.52220153808594,46920300
2023-07-06,187.0540415419299,189.20205725316632,186.42343432149448,188.99513244628906,45094300
2023-07-07,188.60102706839623,189.84253092683244,187.4481988352347,187.88172912597656,46815000
2023-07-10,186.48257243692333,187.20187038994513,184.29515010539157,185.8421173095703,59922200
2023-07-11,186.3840531601648,186.52199803845542,183.86162393721375,185.3199005126953,46638100
2023-07-12,186.8964167558296,188.88677723101014,185.70418206587038,186.985107421875,60750200
2023-07-13,187.70438329432415,188.38425984411805,186.99494820191867,187.74378967285156,41342300
2023-07-14,187.43837595165127,188.37443172170228,186.84718995550332,187.89163208007812,41616200
2023-07-17,189.08381775872684,191.46831693797242,188.9951421376018,191.14315795898438,50520200
2023-07-18,190.5125801606121,191.47819437683242,189.5962201627232,190.88699340820312,48288200
2023-07-19,190.26624291356026,195.32094939257118,189.8228346836756,192.2368927001953,80507300
2023-07-20,192.22700448393437,193.58675746858663,189.6750169550875,190.2957763671875,59581200
2023-07-21,191.25155042374644,192.10877819186132,188.4236580132484,189.1232452392578,71951700
2023-07-24,190.57168949200457,192.04967681854123,189.42870901778204,189.92137145996094,45377800
2023-07-25,190.49284214012596,191.58655325087184,190.08885537064708,190.77857971191406,37283200
2023-07-26,190.82782387486023,192.76891464540725,190.48296926698734,191.64564514160156,47471900
2023-07-27,193.14338839624878,194.30606454519102,189.72430983845956,190.3844757080078,47460200
2023-07-28,191.8131659299023,193.7444090416655,191.29094501886246,192.95614624023438,48291400
2023-07-31,193.18277106210203,193.6064685292723,192.394508242959,193.56704711914062,38824100
2023-08-01,193.36013930235927,193.8429388199064,192.41422090280528,192.7393798828125,35175100
2023-08-02,192.17776662675897,192.31571151477112,189.03459274742033,189.75387573242188,50389300
2023-08-03,188.7586713954234,189.54691917513858,187.89158079590146,188.36453247070312,61235200
2023-08-04,182.79747042079737,184.6301752435833,179.25029494609427,179.31927490234375,115956800
2023-08-07,179.4572213905704,180.44254624962392,174.74736976708382,176.22535705566406,97576100
2023-08-08,177.05302113799038,177.62451134366992,174.97398514494694,177.16140747070312,67823000
2023-08-09,178.2156906972674,178.27480777933516,174.41233639065635,175.5750274658203,60378500
2023-08-10,176.84608080013524,178.0974474344709,174.99368050557445,175.35824584960938,54686900
2023-08-11,174.95375100085724,176.23639103718068,174.19402209160106,175.41746520996094,52036700
2023-08-14,175.59506357405235,177.29211207450308,174.9438673937282,177.065185546875,43675600
2023-08-15,176.49289504388423,177.08487915778778,174.68731413890805,175.08197021484375,43622600
2023-08-16,174.76626971305478,176.15744233651847,174.14467201512105,174.2137451171875,46964900
2023-08-17,174.7761369036864,175.1411945839284,171.1649745274817,171.67803955078125,66062900
2023-08-18,170.00075151281027,172.76339001893962,169.66529224450343,172.16152954101562,61172200
2023-08-21,172.7337706675176,173.77962299820936,171.42151715942626,173.4934844970703,46311900
2023-08-22,174.69721483499137,175.30893640777694,173.89802631437342,174.8649444580078,42038900
2023-08-23,176.1377232252428,179.12728783194132,175.9502562936072,178.70301818847656,52722800
2023-08-24,178.25903609639087,178.68330576322634,173.66121814414575,174.0262908935547,54945800
2023-08-25,175.0129196769248,176.75928869570708,173.47373983758078,176.22650146484375,51449600
2023-08-28,177.6867593505913,178.1800870283186,176.1673167274641,177.78543090820312,43820700
2023-08-29,177.30194937146643,182.4325537749521,177.1046213280948,181.6629638671875,53003900
2023-08-30,182.47203136515444,185.34320186637345,182.27470331859433,185.14585876464844,60813900
2023-08-31,185.33334709899387,186.59626480914432,184.97815055206615,185.36294555664062,60794500
2023-09-01,186.96134589549212,187.38560051082152,185.76748618147488,186.93174743652344,45766500
2023-09-05,185.76745412260553,187.44476508042712,185.10639689444145,187.1685028076172,45280000
2023-09-06,185.88587535630464,186.32988234003622,179.04836051297525,180.46914672851562,81755800
2023-09-07,172.8422616393004,175.83184093509863,171.22414761118458,175.1905059814453,112488800
2023-09-08,175.96999075471308,177.8347687964352,175.417451102765,175.80224609375,65551300
2023-09-11,177.6670388917848,177.89396541040293,174.97345890425444,176.9665069580078,58953100
2023-09-12,177.09477490699047,177.72623373133553,172.487096210491,173.9473419189453,90370200
2023-09-13,174.1545030340495,174.9339690689215,171.65826659533536,171.8852081298828,84267900
2023-09-14,171.67802028548886,173.75000241444866,171.2636268707299,173.39480590820312,60895800
2023-09-15,174.12491445244186,174.14465177290464,171.50042292713772,172.67453002929688,109259500
2023-09-18,174.12491003199494,176.98621921988467,173.81904932082622,175.59503173828125,67257600
2023-09-19,175.1510553991506,177.23289871202428,174.7662604292434,176.6803741455078,51826900
2023-09-20,176.86785847407558,177.3019893003594,173.05936766417838,173.14817810058594,58436200
2023-09-21,172.22069958579337,173.94734650075085,171.53990496478352,171.6089630126953,63149100
2023-09-22,172.33907993619778,174.71692282922322,171.72735846610487,172.4574737548828,56725400
2023-09-25,171.87536866413782,174.60840835340898,171.82603288281885,173.73028564453125,46172700
2023-09-26,172.48711848209095,172.86203732750283,169.36928354767613,169.665283203125,64588900
2023-09-27,170.31646332448594,170.7308568174817,166.79411110643792,168.1556854248047,66921800
2023-09-28,167.0802102082604,169.73431545858824,165.38316183381656,168.41220092773438,56294400
2023-09-29,169.72448150635748,170.76047278128746,168.0668924554359,168.92529296875,51861100
2023-10-02,168.9351592248721,171.97406003104268,168.64902069337074,171.431396484375,52164500
2023-10-03,169.96124934298015,171.31297744317223,168.54047825044546,170.09938049316406,49594600
2023-10-04,168.80684851428336,171.8852232303615,168.68845469814508,171.34255981445312,53020300
2023-10-05,171.47083294671847,173.10868450108188,170.3756448658088,172.57589721679688,48527900
2023-10-06,171.48068444244805,175.6147723242181,170.86894795356997,175.12144470214844,57266700
2023-10-09,174.45052401213385,176.6606373398207,173.45400756283908,176.6014404296875,42390800
2023-10-10,175.7233522345748,177.32172934204314,175.57534487507363,176.0094757080078,43698000
2023-10-11,175.82199530812358,177.44998580714199,175.23001108089,177.40065002441406,47551100
2023-10-12,177.6670488234186,179.90674578858014,176.6507798893927,178.2985076904297,56743100
2023-10-13,178.99902980590412,179.5022186651883,175.76280113660414,176.4633331298828,51427100
2023-10-16,174.39132507709223,176.6902337432856,174.15452238414363,176.3350372314453,52517000
2023-10-17,174.29263735930638,176.03902130181154,172.4673342483031,174.7859649658203,57549400
2023-10-18,173.23695950912395,175.21027033840411,172.77323025982977,173.4934844970703,54764400
2023-10-19,173.69082297603654,175.466805839834,172.85217485644313,173.1185760498047,59302900
2023-10-20,172.97056355030566,173.0790962513972,170.3361953203569,170.572998046875,64244000
2023-10-23,168.62929981085605,171.68792291287053,167.6623665542272,170.69140625,55980100
2023-10-24,170.74069333750268,171.3524147723922,169.16203892177992,171.12548828125,43816600
2023-10-25,169.5863166088348,170.75056262830392,168.37271975850888,168.8167266845703,57157000
2023-10-26,168.0964590692853,169.09299056011605,163.45918215856796,164.66290283203125,70625300
2023-10-27,164.6826577744484,166.70530437202822,164.60372353518264,165.9751739501953,58499100
2023-10-30,166.76449089816728,168.8857938712959,166.61648356307745,168.0175323486328,51131000
2023-10-31,167.09010101577766,168.61940486913602,165.65943861592592,168.49114990234375,44846000
2023-11-01,168.71805482147735,171.9049471971035,167.84979334743332,171.64842224121094,56934900
2023-11-02,173.17774724497193,175.40758286457637,173.11855033416663,175.2003936767578,77334800
2023-11-03,171.91483559510309,174.46040823420765,171.03671292563865,174.29266357421875,79829200
2023-11-06,174.02629776104038,177.035584920202,173.85856813665714,176.8382568359375,63841300
2023-11-07,176.78889227095914,180.00539823599848,176.58170308551922,179.3936767578125,70530000
2023-11-08,179.91661457451394,181.00192645947115,179.16674685036813,180.44940185546875,49340300
2023-11-09,180.51847829944086,181.6629871195562,179.3838155582821,179.97581481933594,53763500
2023-11-10,181.75415237279827,184.32284238950194,181.31944959381738,184.15487670898438,66133400
2023-11-13,183.58184574005094,183.78930789371245,181.99123723697815,182.57412719726562,43627500
2023-11-14,185.43917491856425,185.84424013993512,184.05604376632093,185.18231201171875,60108400
2023-11-15,185.58742199648478,187.21754232445392,185.51825788469085,185.7454833984375,53790500
2023-11-16,187.28668991537342,188.65994715340477,186.37775779056014,187.4250030517578,54412900
2023-11-17,187.95848017105547,188.08691917335904,186.29872264128753,187.4052276611328,50922700
2023-11-20,187.6028350817968,189.59850904887813,187.592960955599,189.14404296875,46505100
2023-11-21,189.10447960897832,189.2131552674038,187.45459648560808,188.34375,38134500
2023-11-22,189.18353128885676,190.60617399815436,188.53147729188777,189.0056915283203,39617700
2023-11-24,188.57102324664504,188.60066069963858,186.97054048498805,187.68186950683594,24048300
2023-11-27,187.63248260157215,188.37344913120532,186.62476390027032,187.50404357910156,40552600
2023-11-28,187.4941771795076,188.77852223213688,187.11874929835358,188.10670471191406,38415400
2023-11-29,188.60066651864972,189.77633577367203,186.6939199672285,187.08909606933594,43014200
2023-11-30,187.55343368717286,188.02766309314677,185.92331344476767,187.662109375,48794400
2023-12-01,188.0375263099119,189.25270705783993,186.95076949469112,188.9365692138672,45704800
2023-12-04,187.69170901814908,187.76087311237956,185.19218377665425,187.14833068847656,43389500
2023-12-05,187.91897362196437,192.05849343193452,187.8893210956394,191.09030151367188,66628400
2023-12-06,192.10788966712872,192.4141533735728,189.79607806848605,190.00355529785156,41089700
2023-12-07,191.29777821822415,192.6512720749557,191.2582515665674,191.93006896972656,47477700
2023-12-08,191.86091528323507,193.629363703371,191.33730018286,193.3527374267578,53406400
2023-12-11,190.78404615931,191.15947399253523,189.11439931154695,190.8531951904297,60943700
2023-12-12,190.75440470261375,192.3746507369947,189.4107849369075,192.36477661132812,52696900
2023-12-13,192.74016578029781,195.6151188726379,192.50306619330016,195.5756072998047,70404200
2023-12-14,195.63488831127654,197.2156075489979,193.79729107961322,195.7238006591797,66831600
2023-12-15,195.1507962246044,196.01031245444227,194.62718115642724,195.19032287597656,128538400
2023-12-18,193.72812085100188,194.2616250715381,192.04860011875655,193.53053283691406,55751900
2023-12-19,193.79731295132126,194.5777909959987,193.53056080250687,194.5679168701172,40714100
2023-12-20,194.5283816611859,195.2989855460905,192.4833221435547,192.4833221435547,52242800
2023-12-21,193.73802319308166,194.70621508029078,191.16933361068988,192.33511352539062,46482500
2023-12-22,192.8291141147171,193.05635469466722,190.64574127695036,191.26815795898438,37149600
2023-12-26,191.27801448490152,191.55464074590694,190.5074106042434,190.72476196289062,28919300
2023-12-27,190.17149315937536,191.16932243864449,188.78834689776542,190.8235321044922,48087700
2023-12-28,191.80161980345068,192.3153607227681,190.8433020640508,191.2483673095703,34049900
2023-12-29,191.56452296375952,192.0585006042798,189.4206618129017,190.21102905273438,42672100
2024-01-02,184.89582930034302,186.17030008579113,181.6751004330507,183.40402221679688,82488700
2024-01-03,182.00112426612563,183.6411336613478,181.22063114701328,182.03076171875,58414500
2024-01-04,179.95604798314233,180.88472835710988,178.70135563320858,179.7189483642578,71983600
2024-01-05,179.79796753554595,180.5586821654936,177.99988188294327,178.99771118164062,62379700
2024-01-08,179.89679059145493,183.36452360523833,179.3139005382843,183.3249969482422,59144500
2024-01-09,181.7047275700206,182.9199083051763,180.52905841182087,182.9100341796875,42841800
2024-01-10,182.12955368013527,184.1548498527509,181.70472508990332,183.9473876953125,46792900
2024-01-11,184.29316874581366,184.7970355796361,181.4083411771675,183.3546142578125,49128400
2024-01-12,183.81896194364214,184.49077939116623,182.95944565085554,183.68064880371094,40477800
2024-01-16,179.9659175831278,182.04061439740983,178.75072186869164,181.418212890625,65603000
2024-01-17,179.08666971271487,180.72666412936158,178.1283518215105,180.47967529296875,47317400
2024-01-18,183.8485869578717,186.86185345428623,183.59172402252184,186.35800170898438,78005800
2024-01-19,187.04957995238564,189.63801803091337,186.5457281731689,189.25271606445312,68903000
2024-01-22,189.98379650311966,192.97729968749402,189.94426985134535,191.5546417236328,60133900
2024-01-23,192.67102493067515,193.39222799671276,191.49535584528522,192.82908630371094,42355600
2024-01-24,193.06621990928542,194.01466361551059,191.99922639290756,192.1573028564453,53631300
2024-01-25,192.8686550164736,193.90601120482225,190.78406851274562,191.831298828125,54822100
2024-01-26,191.93006387634745,192.41415228379137,189.6281264159501,190.1023406982422,44594000
2024-01-29,189.69728055859,189.88499446653958,187.29655655692048,189.420654296875,47145600
2024-01-30,188.64016451675863,189.48980657471878,185.21195883551243,185.77508544921875,55859400
2024-01-31,184.7871410441138,184.846431021382,182.12955411744667,182.17893981933594,55467800
2024-02-01,181.77390231724044,184.69824158324056,181.6059517240919,184.6093292236328,64885400
2024-02-02,177.6936236133024,185.07365019396582,177.09097033579843,183.61148071289062,102551700
2024-02-05,185.88377376602236,186.97053056814926,183.60159955655655,185.41943359375,69668800
2024-02-06,184.6093449305071,187.02983262300086,184.52043256333454,187.01995849609375,43490800
2024-02-07,188.3437817688575,188.74884702540382,186.33823388644547,187.12860107421875,53439000
2024-02-08,187.1088621926835,187.25704946443747,185.0934399218184,186.0517578125,40962000
2024-02-09,186.61557552858977,187.94113632063826,185.97259122428568,186.8134307861328,45155200
2024-02-12,186.38806813077576,186.63537211912902,184.7756412965565,185.1317596435547,41781900
2024-02-13,183.76663306878044,184.20189045877694,181.53099558275042,183.04449462890625,56529500
2024-02-14,183.3215042025078,183.5292310959524,180.472557481369,182.1641082763672,54630500
2024-02-15,181.57057328309747,182.50043860227981,179.3943014199978,181.87722778320312,65434500
2024-02-16,181.44196326564102,182.85654973235168,179.7108355866275,180.34393310546875,49752500
2024-02-20,179.82956623009554,180.46266385305907,178.0588762686663,179.60205078125,53665600
2024-02-21,179.9779444437335,180.91769653606136,178.71174929095213,180.35385131835938,41371400
2024-02-22,181.50132758611662,182.9653779737103,180.49233824441416,182.38172912597656,52292200
2024-02-23,183.0148347964746,183.04451006700117,180.2648157032703,180.55169677734375,45119700
2024-02-26,180.2746995194681,180.78908088671756,178.70183486744935,179.2063446044922,40867400
2024-02-27,179.1470231922399,181.93660445629962,177.6236221032545,180.6605224609375,54318900
2024-02-28,180.54180381169616,181.145226165725,178.18748003378263,179.46356201171875,48953900
2024-02-29,179.31516246277232,180.6011460945577,177.59392143922238,178.80076599121094,136682600
2024-03-01,177.61370457626955,178.5831318593588,175.46710804516843,177.72251892089844,73563100
2024-03-04,174.25038035125658,174.99229230011673,171.9158301484072,173.2117156982422,81510100
2024-03-05,168.91851326517738,170.18470849670402,167.79080766540406,168.28541564941406,95132400
2024-03-06,169.21526961759642,169.39333632878757,166.86093094295472,167.2961883544922,68587700
2024-03-07,167.32585131213037,168.88881413208614,166.67298033709926,167.17747497558594,71765100
2024-03-08,167.17747009753631,171.82678133583968,167.11811956465033,168.88880920410156,76267000
2024-03-11,171.07497733678298,172.49945045781206,170.19457590701288,170.88702392578125,60139500
2024-03-12,171.28273835287425,172.1532532324886,169.16581679091567,171.36187744140625,59825400
2024-03-13,170.90684419661972,171.3223130850131,168.91851047344855,169.28453063964844,52488700
2024-03-14,171.04531257693264,172.43020869953008,170.1945863604126,171.13433837890625,72913500
2024-03-15,169.3240932528417,170.75845336914062,168.45357838204507,170.75845336914062,121752700
2024-03-18,173.67667443832926,175.7935962460948,171.64877845516034,171.84661865234375,75604200
2024-03-19,172.45988088096897,174.70540499850514,171.1640105835326,174.18112182617188,55215200
2024-03-20,173.82502584048726,176.7432098388672,173.2018149693641,176.7432098388672,53423100
2024-03-21,175.14069690243886,175.57595436020992,168.9976588629672,169.52194213867188,106181300
2024-03-22,169.9077530563215,171.1838502867648,168.22608869374528,170.42214965820312,71160100
2024-03-25,168.73057383883838,170.085794876263,167.6226416976105,169.00755310058594,54288300
2024-03-26,168.16671829054096,169.57140318495337,167.75124938607289,167.87985229492188,57388400
2024-03-27,168.57230438056465,171.7279058767874,168.27553655784754,171.44102478027344,60273300
2024-03-28,169.89782982249778,170.37264922530974,168.67119667981044,169.6307373046875,65672700
2024-04-01,169.3438746978549,169.40322523760474,167.65230884379906,168.19638061523438,46240500
2024-04-02,167.25662806803024,167.51381877100314,166.41578850586058,167.0192108154297,49329500
2024-04-03,166.96973884210524,168.83935621904524,166.76201196368757,167.82046508789062,47691700
2024-04-04,168.45355351894443,170.06598011820813,166.99942016601562,166.99942016601562,53704400
2024-04-05,167.76110742740823,168.55248310289795,167.12800990586356,167.751220703125,42104800
2024-04-08,167.2071852220754,167.37535013675048,166.4257111957336,166.63343811035156,37425500
2024-04-09,166.8806999592474,168.24582257310013,166.5344834909376,167.84024047851562,42373800
2024-04-10,166.97964653177021,167.2665125006067,165.30786924976792,165.97064208984375,49709300
2024-04-11,166.5246002673459,173.5678277091418,166.34654865134516,173.15234375,91070300
2024-04-12,172.3807444342083,176.43653535919364,172.33129571828837,174.64605712890625,101670900
2024-04-15,173.46890241983837,174.72521085075485,170.63974431610336,170.82769775390625,73531800
2024-04-16,169.8978582518174,171.88617709786888,166.45539059048195,167.5534210205078,73711200
2024-04-17,167.780901063059,168.80967890645843,166.18826293945312,166.18826293945312,50901200
2024-04-18,166.21796146542746,166.8213838226369,164.7539260277304,165.23863220214844,43122900
2024-04-19,164.41758473594675,164.60552308162337,162.31054999578998,163.2206268310547,68149400
2024-04-22,163.73504867138354,165.45627497853224,162.99313661644305,164.0515899658203,48116400
2024-04-23,163.56685559955991,165.24851961582092,163.14148491226467,165.10012817382812,49537800
2024-04-24,164.74401450706145,167.47426013692973,164.41758653276062,167.19728088378906,48251800
2024-04-25,167.70175828470067,168.77011319134087,166.33663561051003,168.05787658691406,50558300
2024-04-26,168.04799015720317,169.49223681731962,167.35552700029277,167.4742431640625,44838400
2024-04-29,171.50034913417457,174.1316669492416,171.2332717193323,171.6289520263672,68169400
2024-04-30,171.46079655206535,173.10289859543835,168.1667057400835,168.49314880371094,65934800
2024-05-01,167.75122238913238,170.84747276952126,167.28628974114312,167.4742431640625,50383100
2024-05-02,170.649650682897,171.54984088638673,169.04712555589578,171.16404724121094,94214900
2024-05-03,184.637145231003,184.98337684032407,180.69018337477516,181.4024200439453,163224100
2024-05-06,180.38355544132992,182.21359610453806,178.47436058739535,179.75045776367188,78569700
2024-05-07,181.47167851231154,182.90603874350563,179.36465862288415,180.43299865722656,77305800
2024-05-08,180.878116710922,181.09574539643793,179.49320552179933,180.76930236816406,45057100
2024-05-09,180.59124108896245,182.6686003878229,180.14609698041687,182.57957458496094,48983000
2024-05-10,183.15410154420678,183.34230991411323,180.4102677646858,181.3215789794922,50759500
2024-05-13,183.68899242379732,185.33332156582821,182.87672798687535,184.52105712890625,72044800
2024-05-14,185.73944844741243,186.52199740854093,184.53096697721375,185.6602020263672,52393600
2024-05-15,186.13571225801192,188.8498308462509,185.60080260352015,187.92861938476562,70400000
2024-05-16,188.67151097089564,189.29556710780693,187.86916171755817,188.04745483398438,52845200
2024-05-17,187.72057759120682,189.00830557822601,187.39369174809892,188.07717895507812,41282900
2024-05-20,187.54226949481966,190.10781001398533,187.22528381236822,189.23611450195312,44361300
2024-05-21,189.28564024416437,190.91015403566988,189.11724727296848,190.53375244140625,42309400
2024-05-22,190.45453220558076,190.99934196064652,188.47341681604038,189.0974578857422,34648500
2024-05-23,189.1766947549615,189.19651013997458,184.86777806929078,185.11541748046875,51005900
2024-05-24,187.0370913918068,188.7804673088457,186.26444256610336,188.18612670898438,36327000
2024-05-28,189.70169698060212,191.17763337385156,187.31446444482384,188.19606018066406,52280100
2024-05-29,187.8196530916493,190.43472491238563,187.7205912720781,188.49322509765625,53068000
2024-05-30,188.9587703074631,190.36536034504638,188.83000809203267,189.4837646484375,49889100
2024-05-31,189.63235836586054,190.7516933437122,188.11680637508078,190.43470764160156,75158300
2024-06-03,191.07855630297723,193.14883318833753,190.7021546904014,192.19789123535156,50080500
2024-06-04,192.80213237542046,193.47571940906454,191.2073340206378,192.51487731933594,47471400
2024-06-05,193.5549597642067,195.04079624688396,193.02996541617088,194.02052307128906,54156800
2024-06-06,193.8422276391208,194.64457691185422,192.33657578915964,192.64364624023438,41181800
2024-06-07,192.81202934049514,195.08041469163098,192.30685040959915,195.0308837890625,53103900
2024-06-10,195.04080033594326,195.43703247512377,190.33565137548777,191.29649353027344,97010200
2024-06-11,191.82147267998263,205.20391549352811,191.8016724106265,205.19400024414062,172373300
2024-06-12,205.4119153142898,218.12077055688877,204.94635205432962,211.05810546875,198134300
2024-06-13,212.71236564129833,214.70338117421306,209.6020150722442,212.2170867919922,97862700
2024-06-14,211.83075578674166,213.13828400218216,209.3048308005582,210.4835968017578,70122700
2024-06-17,211.35528688913016,216.88260054537645,210.71143044440285,214.62413024902344,93728300
2024-06-18,215.5354294813442,216.5656178731208,210.98877362098574,212.26658630371094,79943300
2024-06-20,211.91000456307782,212.21709015086526,206.8779846754286,207.70013427734375,86172500
2024-06-21,208.40341856791886,209.88925500861833,205.1543907600995,205.5308074951172,241805100
2024-06-24,205.75865018980198,210.69162338847192,204.63931513285507,206.1746826171875,80727000
2024-06-25,207.1751175381149,209.38407188516823,206.64022308060072,207.09588623046875,55549700
2024-06-26,209.5029437835443,212.83121810497767,208.6510635966682,211.23641967773438,66213200
2024-06-27,212.66282504623206,213.70291360533915,210.34492376459474,212.07839965820312,49772700
2024-06-28,213.7326216506115,214.0297919592074,208.31427026634478,208.63124084472656,82542700
2024-07-01,210.0873668962765,215.4561875080808,209.91897391071575,214.703369140625,60402900
2024-07-02,214.10903193760322,218.29910171758146,213.068958487467,218.1901397705078,58046200
2024-07-03,217.92268618597842,219.4580535888672,216.9618440422543,219.4580535888672,37369800
2024-07-05,219.55708698216947,224.3117665065084,219.55708698216947,224.2028045654297,60412400
2024-07-08,224.945750993976,225.69858454124022,221.14201294311235,225.6688690185547,59085900
2024-07-09,225.777772763212,227.23389355571192,224.23250541967136,226.52069091796875,48076100
2024-07-10,227.1348758928893,230.87918266211804,227.08534498663496,230.78012084960938,62627700
2024-07-11,229.2051413563895,230.19569903805672,223.63821202212716,225.4212188720703,64710600
2024-07-12,226.75846058686048,230.44333633793113,226.52072130415218,228.3631591796875,53046500
2024-07-15,234.24705286947437,234.98997105632398,230.88906326950251,232.1866912841797,62631300
2024-07-16,232.7810305355119,234.03904289009895,230.13624361936286,232.6027374267578,43234300
2024-07-17,227.28343626123907,229.27446669281912,224.49997184852458,226.7188262939453,57345900
2024-07-18,228.10559381010606,228.2640866473074,220.1712331922365,222.0631866455078,66034600
2024-07-19,222.6971648700337,224.65846466815103,221.17169771561296,222.1919708251953,49151500
2024-07-22,224.86649525231948,225.62922890399747,220.98351093014816,221.84530639648438,48201800
2024-07-23,222.25140445670337,224.7971447504236,220.57735968997056,222.88536071777344,39960300
2024-07-24,221.88490694575157,222.67735606492835,215.0797809310421,216.47645568847656,61777600
2024-07-25,216.86279177043605,218.76467587085634,212.59349046705276,215.4364013671875,51391200
2024-07-26,216.63498061320394,217.41752971334827,213.9703778017031,215.9019775390625,41601300
2024-07-29,214.91139345300462,217.22929471632008,213.71281205128278,216.17930603027344,36311800
2024-07-30,217.1203256536185,218.24956072806748,214.07930652606245,216.7340087890625,41643800
2024-07-31,219.34907597117163,221.70660788092644,218.5467267386139,219.9830322265625,50036300
2024-08-01,222.2514024343897,222.36036437427163,214.97081319041698,216.29815673828125,62501000
2024-08-02,217.0807092384795,223.46981835778237,215.6543188775265,217.7840118408203,105568600
2024-08-05,197.21015051270325,211.48409216404653,194.1493305112558,207.29403686523438,119548600
2024-08-06,203.36148541473497,208.00720313955475,199.17143085232243,205.27325439453125,69660500
2024-08-07,204.94637966039352,211.62274392073394,204.4412006806638,207.8388214111328,63516400
2024-08-08,211.097744151489,212.17744837655164,206.8581585633277,211.2958526611328,47161100
2024-08-09,210.09730322074367,214.73310620037486,209.9685258775167,214.19821166992188,42201600
2024-08-12,214.27755355785243,217.68900361003634,213.81145133020567,215.72543334960938,38028100
2024-08-13,217.19312608520667,220.04923895369578,217.19312608520667,219.43438720703125,44155300
2024-08-14,218.7402072098891,221.17979111862692,217.8774142480331,219.8806610107422,41960600
2024-08-15,222.7367590108339,223.48053712623224,220.9120118672479,222.8557586669922,46414000
2024-08-16,222.06239369045758,224.94825642777528,221.79462933024135,224.1747283935547,44340200
2024-08-19,223.84746435464618,224.11522871504155,221.18968933533225,224.01605224609375,40687800
2024-08-20,223.8970689622142,225.28544883578485,223.57971634413767,224.63092041015625,30299000
2024-08-21,224.64085012661386,226.08872985229075,223.1830436738614,224.52183532714844,34765500
2024-08-22,225.90029338876204,226.4457337259973,222.04256465043304,222.66734313964844,43695300
2024-08-23,223.78797197411373,226.32673228874265,222.46900358067504,224.9581756591797,38677300
2024-08-26,224.87885041051024,225.39454085782168,222.0326640536948,225.2953643798828,30602200
2024-08-27,224.1251322421701,226.95149505120298,223.0243400581704,226.13829040527344,35934600
2024-08-28,226.02921369079436,227.95312221094204,223.80779089178384,224.611083984375,38052200
2024-08-29,228.19113851748892,230.98773644426686,226.98125820388418,227.88369750976562,51906300
2024-08-30,228.28038060324323,228.4886300006117,225.59285569982603,227.10025024414062,52990800
2024-09-03,226.65400042223428,227.10026429068756,219.335218503661,220.9219512939453,50190600
2024-09-04,219.82116129878526,219.94016096302124,215.67582978550038,219.01788330078125,43840200
2024-09-05,219.79139340374425,223.60944526365165,219.6823053430495,220.53517150878906,36615400
2024-09-06,222.09216799264019,223.3714749735505,217.94685141211724,218.98814392089844,48423000
2024-09-09,218.9881123209545,219.43437615112032,214.91220775865924,219.07736206054688,67180000
2024-09-10,217.10389659918582,219.64265710486697,214.9320618304677,218.28402709960938,51591000
2024-09-11,219.6228241682371,221.2392917639212,216.08243282408242,220.8128662109375,44587100
2024-09-12,220.6541869199912,221.69547936785247,217.9964268983011,220.9219512939453,37455600
2024-09-13,221.7252477752003,222.18142327621288,220.06910342078112,220.65420532226562,36766600
2024-09-16,214.7436126542421,215.41797935337752,212.14535259122513,214.52545166015625,59357400
2024-09-17,213.96019610771708,215.10064996456288,212.72056577105593,214.99156188964844,45519300
2024-09-18,215.74527154351298,220.86246931704028,215.73534481599032,218.85922241210938,59894900
2024-09-19,223.12354184254357,227.91347512552952,222.76652771175563,226.97134399414062,66781300
2024-09-20,228.0622053540531,231.1563174701668,225.73169454082358,226.306884765625,318679900
2024-09-23,225.45404067299683,227.54653724680347,223.93673438033483,224.5912628173828,54146000
2024-09-24,226.75316007712865,227.44736512534206,223.85738561877668,225.48377990722656,43556100
2024-09-25,223.0639938591287,225.40441611848388,222.16155463706056,224.49205017089844,42308700
2024-09-26,225.4143769570366,226.60441901953834,223.54005654723983,225.63255310058594,36636700
2024-09-27,226.56475422029098,227.6159582791164,225.41437368594384,225.90029907226562,34026000
2024-09-30,228.13164162372897,231.0670928955078,227.7448775670891,231.0670928955078,54541900
2024-10-01,227.6159583693189,227.74486962890148,221.88390914906273,224.3334197998047,63285000
2024-10-02,224.0160654907427,225.48378349827837,221.16987922367838,224.898681640625,32880600
2024-10-03,223.27228007150777,224.928424248049,221.46738631978812,223.79788208007812,34044200
2024-10-04,226.00938361911108,226.10856009308668,222.27066963907552,224.91851806640625,37245100
2024-10-07,222.63759275105315,223.81772316941647,219.49389225502094,219.8509063720703,39505400
2024-10-08,222.4392426471427,224.10529834651464,221.39795026893304,223.8970489501953,31855700
2024-10-09,223.36151510273743,227.84402197002447,222.96483950692257,227.63575744628906,33591100
2024-10-10,225.89038125247495,227.59611368544336,225.28544108575701,227.13992309570312,28183500
2024-10-11,227.39777482080956,227.5068628874906,225.4540279414576,225.66229248046875,31759200
2024-10-14,226.80274288926017,229.8076053434174,226.70358155060512,229.3811798095703,39882100
2024-10-15,231.67201972311165,235.51983687729248,230.44230106244424,231.9100341796875,64751400
2024-10-16,229.67867825777722,230.1943535005289,227.93326933706737,229.857177734375,34082200
2024-10-17,231.49350124327563,231.91003031839952,228.60765355789445,230.22412109375,32993800
2024-10-18,234.2206797118992,234.2206797118992,232.0686835146529,233.05047607421875,46431500
2024-10-21,232.5050454306036,234.88514457730523,232.5050454306036,234.51820373535156,36254500
2024-10-22,231.94972262812325,234.26039550788073,230.67043071443962,233.90338134765625,38846600
2024-10-23,232.13812257917175,233.18932661738793,225.87054472777703,228.8456573486328,52287000
2024-10-24,228.0721096303277,228.9051525928802,226.5151420282862,228.6572265625,31109500
2024-10-25,227.83413589840254,231.28526239164006,227.6655479946858,229.4902801513672,38802300
2024-10-28,231.38443735420992,232.78272881287972,230.62082086290692,231.46376037597656,36087100
2024-10-29,231.1662580738538,232.38605001867157,230.3927299983884,231.7315216064453,35417200
2024-10-30,230.68033441798144,231.53320070866118,227.64572172599728,228.191162109375,47070900
2024-10-31,227.43741116025222,227.92335160936318,223.50034473329782,224.03587341308594,64370100
2024-11-01,219.13688241025088,223.4805517303345,218.44269248362247,221.060791015625,65276700
2024-11-04,219.15671602208408,220.94177147156717,217.88733586004025,220.16824340820312,44944500
2024-11-05,219.9599772111233,222.0921350198155,219.30544885909725,221.59628295898438,28111300
2024-11-06,220.76325691115125,224.19455985797964,219.3550388628842,220.87234497070312,54561100
2024-11-07,222.7665171269793,225.9895557457087,222.7070172967094,225.59286499023438,42137700
2024-11-08,225.53329235935942,227.01256271730918,224.77877343219782,225.32481384277344,38328800
2024-11-11,223.3789433198207,224.07389700260043,219.90415975706793,222.61448669433594,42005600
2024-11-12,222.93218846295187,223.96468891324545,221.75075962779928,222.61448669433594,40398300
2024-11-13,222.39607398240116,225.0170530189228,221.15507983350162,223.49807739257812,48566200
2024-11-14,223.398802697962,227.22105551450989,223.3789425502784,226.57574462890625,44923900
2024-11-15,224.76885944610046,225.2851172657963,222.65421566813873,223.3789520263672,47923700
2024-11-18,223.62713486361545,228.08479108540536,223.54770942404784,226.37718200683594,44633700
2024-11-19,225.34466282087314,228.50175961033486,225.02697621656037,226.6352996826172,36211800
2024-11-20,226.4168677573381,228.2733899080337,224.2625040209905,227.35009765625,35169600
2024-11-21,227.230987838277,228.50176458087773,224.0838286281757,226.8735809326172,42108300
2024-11-22,226.41689485035167,229.05773399756174,226.41689485035167,228.21385192871094,38168300
2024-11-25,229.79237007092468,231.569466708358,228.08476121597957,231.19219970703125,90152800
2024-11-26,231.64890834638587,233.8727750720934,231.64890834638587,233.36643981933594,45986200
2024-11-27,232.78070364946953,233.99191506726265,232.12545514826604,233.2373809814453,33498400
2024-11-29,233.11825362062933,236.0966394139658,232.28430923421996,235.62010192871094,28481400
2024-12-02,235.5605381566453,239.0551666028684,235.45133007089746,237.8638153076172,48137100
2024-12-03,238.08222901174219,241.01097200063165,237.17878168890522,240.90176391601562,38861000
2024-12-04,241.12021030186204,242.35128203282213,239.51188662583215,241.2592010498047,44383900
2024-12-05,242.23213863223197,242.77816394602775,240.38553870781277,241.28897094726562,40033900
2024-12-06,241.15989600483465,242.86750503393802,240.33587413565135,241.09039306640625,36870600
2024-12-09,240.08767817050534,245.45870413211114,240.0082527322972,244.97222900390625,44649200
2024-12-10,245.11122909402775,246.42172615122828,243.5723933612922,245.98489379882812,36914800
2024-12-11,246.17353693536344,248.99307203962232,244.48577275361333,244.71412658691406,45205800
2024-12-12,245.11123992691697,246.94791735826738,243.90995090472455,246.1735382080078,32777500
2024-12-13,246.0345210589055,247.49391610940148,244.46590277835176,246.34228515625,33155300
2024-12-16,246.20329464964811,249.56886987487528,245.86573275817128,249.23130798339844,51694800
2024-12-17,248.2782345553336,252.0012166921119,247.98039295462073,251.6537322998047,51356400
2024-12-18,250.34326772719038,252.4479889260113,245.95511429725673,246.26287841796875,56774100
2024-12-19,245.71684652457995,250.18442555229956,245.3097967996626,247.99034118652344,60882300
2024-12-20,246.2529371403228,253.16279902630112,243.919877297432,252.65647888183594,147495300
2024-12-23,252.9344343151273,253.8080837794399,251.6239373953799,253.4308319091797,40858800
2024-12-24,253.64927033575188,256.34965954757746,253.45069916161225,256.3397521972656,23234700
2024-12-26,256.329771467171,258.2260137599804,255.77380863027113,257.1537780761719,27237100
2024-12-27,255.9724022209019,256.8361595932908,251.23677948504655,253.74855041503906,42355300
2024-12-30,250.41273247360002,251.67358663649517,248.94339979921563,250.38294982910156,35557500
2024-12-31,250.62123433005314,251.45517870098834,247.63291094425557,248.61578369140625,39480700
2025-01-02,247.13651085819407,247.30529937932678,240.07775127221439,242.09312438964844,55740700
2025-01-03,241.60665893554688,242.42074318433572,240.14724866814672,241.60665893554688,40244100
2025-01-06,242.54983205880436,245.5480782886853,241.44782860288205,243.23486328125,45045600
2025-01-07,241.22940732447114,243.78089861816605,239.61116122247878,240.4649658203125,40856000
2025-01-08,240.17703689438372,241.9541489627904,238.32051453305579,240.951416015625,37628900
2025-01-10,238.28077607985776,238.42970445265777,231.32128701842691,235.1435546875,61710900
2025-01-13,231.84748509521594,232.9792711307645,228.06493742769467,232.71121215820312,49630700
2025-01-14,233.05868390458076,234.41880854341963,230.7951119565212,231.59927368164062,39435300
2025-01-15,232.94949481929564,237.2383779015073,232.74100113522098,236.15621948242188,39832000
2025-01-16,235.6399369865453,236.29517027818645,226.38707883563703,226.61541748046875,71759100
2025-01-17,230.44764042021458,230.6164138035219,226.833866130533,228.32305908203125,68488300
2025-01-21,222.38613659782595,222.8031087860845,217.79942737812888,221.0359344482422,98070400
2025-01-22,218.2064601780486,222.5052654056773,218.2064601780486,222.2173614501953,64126500
2025-01-23,223.12080464680741,225.39429904989126,220.69838187044374,222.048583984375,60234800
2025-01-24,223.16054806888465,224.0044302156618,219.814832429481,221.17495727539062,54697900
2025-01-27,222.4059977899183,230.47741293083342,222.36627749626697,228.20391845703125,94863400
2025-01-28,229.1867797612423,238.4594833656038,229.14705946957608,236.5433807373047,75707600
2025-01-29,232.43321505583046,238.1318651456976,232.3240069742682,237.63546752929688,45486100
2025-01-30,236.95045561956258,239.05517683623282,235.50098294542886,235.87823486328125,55658300
2025-01-31,245.40904807772534,245.40904807772534,231.7581140684966,234.29966735839844,100959800
2025-02-03,228.33299411580026,230.15973381299622,224.0738938399255,226.36724853515625,73063300
2025-02-04,225.61272492539547,231.45036595591674,225.01704170433482,231.12274169921875,45067300
2025-02-05,226.88350440739822,230.99367626573292,226.625383087866,230.7951202392578,39620300
2025-02-06,229.62361584180033,232.11554171369926,228.7698112868805,231.5397186279297,29925300
2025-02-07,230.9241838961893,232.31409120281862,225.62264568638093,225.989990234375,39707200
2025-02-10,228.16660736242451,229.1803610121675,225.81108525741098,226.25833129882812,33115600
2025-02-11,226.80497424991785,233.79199753404617,226.7354100570617,231.1979522705078,53718400
2025-02-12,229.78663009476247,235.51142789245534,229.26980470124647,235.42196655273438,45243300
2025-02-13,235.4617298072221,240.85852795215618,234.1299251101732,240.05348205566406,53614100
2025-02-14,239.77519417214083,244.04891051069433,239.51678905976664,243.10472106933594,40896200
2025-02-18,242.6574585849239,243.6811607859394,240.36158248040348,242.9755096435547,48822500
2025-02-19,243.16435439309654,244.50609250836237,241.6735241546838,243.37306213378906,32204200
2025-02-20,243.4426355672204,245.27138364211797,242.7966000469895,244.3271942138672,32316900
2025-02-21,244.44646835255205,247.16972378813352,243.72093519653038,244.04891967773438,53197400
2025-02-24,243.43268408373555,247.33866705271078,242.92580728065096,245.5894317626953,51326400
2025-02-25,246.48395378064242,248.47172760145406,243.41284686721102,245.52981567382812,48013300
2025-02-26,242.83637220684057,243.48239258336395,237.66816369812489,238.89064025878906,44433600
2025-02-27,237.94643641845556,240.97779411500133,235.61079643123784,235.84933471679688,41153600
2025-02-28,235.50146657809572,240.61004395755495,228.79273089598732,240.361572265625,56833400
2025-03-03,240.31188380351972,242.5381957053339,234.66661403302143,236.5748748779297,47184000
2025-03-04,236.25684921580154,238.60242278275774,233.24535811530478,234.4877166748047,53798100
2025-03-05,233.9808533299346,235.10395038542654,227.82869096216822,234.2989044189453,47227600
2025-03-06,233.00684447444675,236.4059358119138,231.73467047090975,233.8914031982422,45170400
2025-03-07,233.67273718007357,239.89446338205195,233.32487071745646,237.60853576660156,46273600
2025-03-10,234.10008031193473,234.71630041445476,222.84929009717774,226.08935546875,72071200
2025-03-11,222.44183568691165,224.45942498066412,216.12071408301142,219.489990234375,76137400
2025-03-12,218.7942505386503,220.39440897367027,213.5962265598192,215.653564453125,62547500
2025-03-13,214.6298526174969,215.5144112677834,207.14588618522245,208.39817810058594,61368300
2025-03-14,209.9585940343847,212.64208545758027,208.2988048386841,212.18490600585938,60107600
2025-03-17,212.00600336087763,213.9043309003415,208.68642489319868,212.69178771972656,48073400
2025-03-18,212.85080057479257,213.83473880015984,210.19712464056028,211.38978576660156,42432400
2025-03-19,212.91042558181826,217.42266485537363,212.44329758558237,213.9241943359375,54385400
2025-03-20,212.6818400591608,216.16044383082547,210.9226561911479,212.79116821289062,48862900
2025-03-21,210.26669685360034,217.5021918152461,209.9884097524224,216.93568420410156,94127800
2025-03-24,219.64899945464327,220.1260609084734,217.24379503613238,219.38064575195312,44299500
2025-03-25,219.42039321145907,222.7300380772677,218.73460889257407,222.38217163085938,34493600
2025-03-26,222.1436270366165,223.64440576884627,219.12221792138408,220.1757354736328,34466100
2025-03-27,220.0365840783956,223.61458239748316,219.21165626689742,222.48155212402344,37094800
2025-03-28,220.31488968867507,222.44180687800483,216.34927581514728,216.56793212890625,39818600
2025-03-31,215.683368745432,224.24073468961828,214.90813825561798,220.77207946777344,65299300
2025-04-01,218.46626491168394,222.31260214779184,217.5618242432653,221.8256072998047,36412700
2025-04-02,219.9670353213626,223.8133724100327,219.66886624627372,222.5213165283203,35905900
2025-04-03,204.2835010267849,206.22159255986557,200.01973301812973,201.9478759765625,103419000
2025-04-04,192.70470416765195,198.65809134675584,186.19474282689396,187.2283935546875,125910900
2025-04-07,176.1167553732534,192.96313526897592,173.55252535537636,180.35072326660156,160466300
2025-04-08,185.55865310846366,189.17640027021665,168.17558356470508,171.36595153808594,120859500
2025-04-09,170.8988481608281,199.38365014436008,170.8392173737498,197.63441467285156,184395900
2025-04-10,187.9141974958541,193.5892830219747,181.88129692496375,189.2559356689453,121880000
2025-04-11,184.96233608452022,198.32016168749274,184.92257212057936,196.93865966796875,87435900
2025-04-14,210.14743595954587,211.63826622013798,199.9302804535287,201.28196716308594,101352900
2025-04-15,200.62597928160577,202.26588634734406,198.5785750100267,200.90426635742188,51343900
2025-04-16,197.1473909296092,199.47308245703653,191.19400339685228,193.0823974609375,59732400
2025-04-17,195.99447418061752,197.61451451967758,193.2314700862815,195.77581787109375,52164700
2025-04-21,192.08851517151226,192.6152739871965,188.64966000796989,191.97918701171875,46742500
2025-04-22,194.92108593270402,200.3576482646354,194.77200897005906,198.5189666748047,52976400
2025-04-23,204.7406939661261,206.72846769395255,201.56025903470575,203.34925842285156,52929200
2025-04-24,203.63746952607698,207.55338601533765,201.69939326414854,207.09619140625,47311000
2025-04-25,205.10842646651815,208.46776890662989,204.9394675201618,208.00064086914062,38222300
2025-04-28,208.71620315087387,210.2070331733801,206.19173765225315,208.8553466796875,38743100
2025-04-29,207.41425458581946,210.94255602883885,207.096203506044,209.91885375976562,36827600
2025-04-30,208.02050829648644,212.2743425468257,205.40658118436113,211.20094299316406,52286500
2025-05-01,207.80187477964563,213.2483707428857,207.62296725165953,212.01596069335938,57365700
2025-05-02,204.83013207172814,205.72463931330321,200.92416412992952,204.09466552734375,101010600
2025-05-05,201.85841873478097,202.85230555244996,196.99831280299983,197.6741485595703,69018500
2025-05-06,196.9983091053983,199.42338015596502,195.81558138809015,197.2964630126953,51216500
2025-05-07,197.95242524507105,198.22077891807172,192.0686174137577,195.05027770996094,68536700
2025-05-08,196.51131984408346,198.82707814993435,193.48989516366862,196.28273010253906,50478900
2025-05-09,197.7834732241415,199.31405222350435,196.3323918231404,197.31634521484375,36453900
2025-05-12,209.95528044040137,210.25384054136518,205.75557652693038,209.77613830566406,63775800
2025-05-13,209.4178625594749,212.3735786127325,207.99474788922345,211.9058380126953,51909300
2025-05-14,211.40822571910564,212.9109724892217,209.56713314477625,211.3087158203125,49325800
2025-05-15,209.93535780893234,211.93569971673273,208.53213606160298,210.43295288085938,45029500
2025-05-16,211.33858120774948,211.54757782116647,208.7610423595207,210.24386596679688,54737900
2025-05-19,206.9100072183761,208.47244800462508,203.27755371752323,207.77581787109375,46140500
2025-05-20,206.6711222878563,207.46727738969238,204.04382108157407,205.86502075195312,42496600
2025-05-21,204.1831685508297,206.04416933851562,199.74462882701684,201.11798095703125,59211800
2025-05-22,199.7446272097534,201.77480849030061,198.7394754118135,200.39149475097656,46742400
2025-05-23,192.7384848883374,196.74910019358438,192.5295034494263,194.33079528808594,78432900
2025-05-27,197.34619261173145,199.77445879612063,196.48036693049403,199.24700927734375,56288500
2025-05-28,199.6252046868552,201.75491117265972,198.93852099816252,199.45602416992188,45339700
2025-05-29,202.60081106845576,202.8297005493605,197.55518975609246,198.98826599121094,51396800
2025-05-30,198.4110493394953,200.98860329086406,195.83351057352263,199.88394165039062,70819900
2025-06-02,199.31669015009302,201.15779807678393,199.15745607510846,200.7298583984375,35423300
2025-06-03,200.38153417950807,202.78989241693247,199.99341064507593,202.29229736328125,46381600
2025-06-04,201.93404589483336,205.24803106286797,201.12794426741362,201.844482421875,43604000
2025-06-05,202.52119947175674,203.76518718349973,199.18730633012683,199.66500854492188,55126100
2025-06-06,202.023590138985,204.71060036976428,201.0781625818177,202.9391632080078,46607700
2025-06-09,203.4069099948636,205.0091667110405,199.05793398755327,200.48104858398438,72862600
2025-06-10,199.63515466910712,203.36711781582227,199.60530017876516,201.6951904296875,54672600
2025-06-11,202.5211970741936,203.51638723180633,197.45568281643992,197.8238983154297,60989900
2025-06-12,198.12244911144163,198.71955406677787,196.410720905765,198.2418670654297,43904600
2025-06-13,198.7693188209708,199.4062398916536,194.758703844025,195.50509643554688,51447300
2025-06-16,196.35101387226533,197.73432753277095,195.61456771612566,197.4656219482422,43020700
2025-06-17,196.25149936947125,197.4357781067605,194.27108064091922,194.69900512695312,38856200
2025-06-18,194.9975546383106,196.6197193940347,194.13174409281177,195.6344757080078,45394700
2025-06-20,197.28651411005004,200.72986375748766,195.9131467510872,200.03323364257812,96813500
2025-06-23,200.6602023375907,201.3269779408771,198.00304635957568,200.53082275390625,55814300
2025-06-24,201.61557243039425,202.46149014710028,199.23706853700068,199.3365936279297,54064000
2025-06-25,200.4810436177515,202.6903668657116,199.65503400834336,200.59051513671875,39525700
2025-06-26,200.461158146952,201.66534499125092,198.5006473897771,200.03323364257812,50799100
2025-06-27,200.91894034324127,202.24254507531293,199.03803155248616,200.1128387451172,73188600
2025-06-30,201.03836190454115,206.39248990855162,198.3015889216639,204.18316650390625,91912800
2025-07-01,205.6759415551798,209.17901505124104,205.1484920031366,206.82041931152344,78788900
2025-07-02,207.90519262679368,212.31387801499196,207.13889190503232,211.418212890625,67941800
2025-07-03,211.12958235725722,213.61755770997246,210.7912213537831,212.52285766601562,34955800
2025-07-07,211.65703516300363,215.18996325511674,207.79570768244494,208.94017028808594,50229000
2025-07-08,209.08945658408672,210.41304612040562,207.4473837253886,208.9998779296875,42848900
2025-07-09,208.52219391164948,210.31353924447487,206.22330706177223,210.12445068359375,48749400
2025-07-10,209.49748097232364,212.45319704499605,209.0197939340788,211.3883514404297,44443600
2025-07-11,209.55718962168862,211.1096837700706,208.85059795908091,210.14434814453125,39765800
2025-07-14,208.92027389637033,209.89557123752414,206.54176989733165,207.6165771484375,38840100
2025-07-15,208.21368905566166,210.87084499335577,207.9151289669034,208.10421752929688,42296300
2025-07-16,209.28849593835915,211.37838618562168,207.63647661047767,209.149169921875,47490500
2025-07-17,209.55721484346458,210.78129457926272,208.5819174807461,209.00985717773438,48068100
2025-07-18,209.85575432940058,210.77132749863404,208.6913836081342,210.1642608642578,48974600
2025-07-21,211.07984586548804,214.74213848423943,210.61210526026528,211.4580078125,51377400
2025-07-22,212.1148250502387,213.91611676733493,211.20919838168209,213.36875915527344,46404100
2025-07-23,213.96588230147148,214.11515474984876,211.38834345684663,213.11996459960938,46989300
2025-07-24,212.87116805528336,214.65256693634578,212.50295255730364,212.73184204101562,46022600
2025-07-25,213.66733592091674,214.20474714033003,212.37358560556336,212.85128784179688,40268800
2025-07-28,213.00055398053098,213.81661722083774,212.03521828670327,213.0204620361328,37858000
2025-07-29,213.14982178903043,213.7767964509494,209.80599741985404,210.2538299560547,51411700
2025-07-30,210.88079278566187,211.36844143995228,206.72090512781878,208.0445098876953,45512500
2025-07-31,207.4872131893059,208.83071086700429,206.1636083824018,206.57164001464844,80698400
2025-08-01,209.85574027592583,212.5527122409286,200.53081350952442,201.40658569335938,104434500
2025-08-04,203.52634207300898,206.88014336875773,200.70995198839026,202.37193298339844,75109300
2025-08-05,202.42165671427045,204.35232790405936,201.18763073057525,201.9439697265625,44155100
2025-08-06,204.64094523363173,214.3440487139093,204.60112912578842,212.2242889404297,108483100
2025-08-07,217.82723230897543,219.78775818606874,215.53829184895108,218.97169494628906,90224800
2025-08-08,219.76786212559261,229.88894502591432,218.19545972697713,228.24688720703125,113854000
2025-08-11,227.08115402328403,228.71511750604432,223.9327805410339,226.3438720703125,61806100
2025-08-12,227.17083074525974,229.95057099439725,226.23430307406312,228.80479431152344,55626200
2025-08-13,230.21959074533873,234.13511970527446,229.5819315694875,232.4712677001953,69878500
2025-08-14,233.1985820425246,234.2546784716922,230.00040438081015,231.9232940673828,51916300
2025-08-15,233.13880497436926,233.41777326838445,228.4959516198378,230.7376708984375,56038700
2025-08-18,230.8472385776313,232.26201052585682,229.26309412883964,230.04022216796875,37476200
2025-08-19,230.42880766374827,232.0129522601839,228.50591803460907,229.71145629882812,39402600
2025-08-20,229.1335667246527,229.6217687789582,224.93906991665554,225.1781768798828,42263900
2025-08-21,225.43724912794482,225.68632903786573,222.9564077521854,224.07228088378906,30621200
2025-08-22,225.3376235225593,228.24687520672327,224.58042602754637,226.92176818847656,42477800
2025-08-25,225.6464693442017,228.45609804536198,225.3973894325087,226.323974609375,30983100
2025-08-26,226.03501179732243,228.64537936019502,223.8630424721864,228.46603393554688,54575100
2025-08-27,227.7686378094015,230.05020313892598,227.41991984776428,229.6417236328125,31259500
2025-08-28,229.9704999102399,232.55096405412047,228.4959359400532,231.70408630371094,38074700
2025-08-29,231.65426265633033,232.52107103838586,230.51845893056873,231.28562927246094,39418400
2025-09-02,228.4062708029861,230.00038826150748,226.1346633063032,228.87454223632812,44075600
2025-09-03,236.33697373754433,237.9709372370204,233.49745685978084,237.5923309326172,66427800
2025-09-04,237.57239985348932,239.0170601981439,235.8687018920251,238.8975067138672,47549400
2025-09-05,239.1167027112504,240.43185187342493,237.61226559630578,238.80784606933594,54870400
2025-09-08,238.41928864081726,239.2661511981365,235.47017586985078,237.0045166015625,48999500
2025-09-09,236.12774389612645,237.90119155812317,232.5011411802574,233.4875030517578,66313900
2025-09-10,231.3354417686907,231.56459101144756,225.11840222253522,225.95530700683594,83440800
2025-09-11,226.04500979013486,229.60186307827533,225.81584532196928,229.18341064453125,50208600
2025-09-12,228.37638560886936,233.6469097348115,228.17712472443904,233.2085418701172,55824200
2025-09-15,236.12775635652346,237.31337916896246,234.16500543557729,235.828857421875,42699500
2025-09-16,236.30708253667353,240.33222235518573,235.45026224943368,237.2735137939453,63421100
2025-09-17,238.09051246512186,239.21635855568803,236.85507060288438,238.11044311523438,46508000
2025-09-18,239.08682096339746,240.31228984200703,235.77903252032195,237.0045166015625,44249600
2025-09-19,240.34217704154452,245.3935247988757,239.32594197772087,244.59646606445312,163741300
2025-09-22,247.38616206443075,255.69547916115815,247.2068166293636,255.13751220703125,105517400
2025-09-23,254.9382669065294,256.3928850249964,252.64672876089196,253.49359130859375,60275200
2025-09-24,254.2807025242173,254.79879299943292,250.11607847800005,251.38140869140625,42303700
2025-09-25,252.27808820484515,256.22352044118514,250.7836088309123,255.9246063232422,55202100
2025-09-26,253.16481067495934,256.6519291955366,252.84598111295833,254.51980590820312,46076300
2025-09-29,253.62311772285494,254.06150078407975,252.07881928540593,253.49359130859375,40127700
2025-09-30,253.92202035086734,254.97811672142575,252.17846100632588,253.69287109375,37704300
2025-10-01,254.10134722927504,257.83756097799323,253.9917514638179,254.5098419189453,48713900
2025-10-02,255.63566078088252,257.229778167004,253.21461153357077,256.18365478515625,42630200
2025-10-03,253.73271197999827,258.2858846694617,253.01536064819075,257.07037353515625,49155600
2025-10-06,257.0404883747525,258.1165305885388,254.1113214696764,255.7452850341797,44664100
2025-10-07,255.86485915808862,256.4526841311554,254.48993311029045,255.5360870361328,31955800
2025-10-08,255.5758888188916,257.56852798749276,255.16739414069707,257.1102294921875,36496900
2025-10-09,256.86113993459566,257.0504430809132,252.20832947523735,253.10501098632812,38322000
2025-10-10,254.00171816056968,255.436420799504,243.10197943699816,244.3673095703125,61999100
2025-10-13,248.46219085423505,248.7710475029622,244.6562426215344,246.74851989746094,38142900
2025-10-14,245.69241642712313,247.93413549962378,243.79940008876653,246.8581085205078,35478000
2025-10-15,248.57178982967116,250.89321639065437,246.559219921403,248.42233276367188,33893600
2025-10-16,247.33635013275978,248.1234359576197,244.22783772705108,246.53929138183594,39777000
2025-10-17,247.1072067041429,252.4474806979352,246.3599669580113,251.36148071289062,49147000
2025-10-20,254.94822099113512,263.4069798400544,254.68918336894043,261.27484130859375,90483000
2025-10-21,260.9161783410852,264.3136317818121,260.86634411857244,261.8028869628906,46695900
2025-10-22,261.68336485657886,261.882640960004,254.48993535873984,257.49884033203125,45015300
2025-10-23,258.9833552231903,259.66084534801524,257.06046542540827,258.6246643066406,32754900
2025-10-24,260.2287163700197,263.15789839957887,258.22610426270086,261.85272216796875,38253700
2025-10-27,263.90514984178776,268.1295353654346,263.67598537979285,267.8206787109375,44888200
2025-10-28,268.00000632210845,268.89671830922975,267.1631014853557,268.0099792480469,41534800
2025-10-29,268.28892986747474,270.4110953948544,266.1269030442272,268.7073974609375,51086700
2025-10-30,270.98897852374654,273.131090148023,267.49191714200913,270.4011535644531,69886500
2025-10-31,275.97053891965146,276.29934139392066,268.1693703205502,269.3749084472656,86167100
2025-11-03,269.42476736726525,269.8531775103368,265.2701011373342,268.0597839355469,50194600
2025-11-04,267.3424445625432,270.49081837885313,266.6350661079627,269.0461730957031,49274800
2025-11-05,267.6213843438783,270.70003856307255,265.94757476828966,269.1457824707031,43683100
2025-11-06,266.90407480138714,272.3937751745226,266.90407480138714,268.7771301269531,51204000
2025-11-07,268.8069946610708,271.28785094446636,265.78814772800683,267.4819030761719,48227400
2025-11-10,268.2298525605972,272.98692304032335,266.733924572705,268.6985778808594,41312400
2025-11-11,269.07757258136417,275.16101963639426,269.0675899882029,274.5028076171875,46208300
2025-11-12,274.2535373864602,274.9815668240292,270.96250711171905,272.7276916503906,48398000
2025-11-13,273.3658696206449,275.9488654308047,271.3513641926929,272.20904541015625,49602800
2025-11-14,270.31420819279356,275.21088338895913,268.8681625557137,271.6705322265625,47431300
2025-11-17,268.09027174019775,269.7557213346742,265.00866346949266,266.73394775390625,45018300
2025-11-18,269.25705465795,269.97510130800674,264.59974924229334,266.7139892578125,45677300
2025-11-19,264.80921977983166,271.47107967039307,264.77930243197466,267.83099365234375,40424500
2025-11-20,270.09480618650156,274.68232536305425,265.1981613886433,265.5272521972656,45823600
2025-11-21,265.2280517805383,272.5879921198442,264.9488130991126,270.75299072265625,59030800
2025-11-24,270.164627965921,276.24807542504453,270.164627965921,275.1710205078125,65585800
2025-11-25,274.52274228722064,279.6188865292943,274.5028075356392,276.2181396484375,46914200
2025-11-26,276.2082055022192,278.7712367451818,275.8791146523587,276.7966003417969,33431400
2025-11-28,276.50736791500816,278.242634823177,275.2407959413455,278.0930480957031,20135600
2025-12-01,277.2553332443013,282.65065109438723,275.3904143522869,282.3315124511719,46587700
2025-12-02,282.231773534172,286.619823290159,281.86278279875575,285.4131164550781,53669500
2025-12-03,285.4231155973949,287.8365294074879,282.5309633672564,283.378662109375,43538700
2025-12-04,283.3287830094401,283.95707766942763,277.83373081751637,279.9380187988281,43989100
2025-12-05,279.77845592816414,280.37683325787106,277.2951945750906,278.0232238769531,47265800
2025-12-08,277.374989388386,278.9108174051644,275.4003533668138,277.1356506347656,38211800
2025-12-09,277.40493251311347,279.2698514894354,276.16830825817004,276.4275817871094,32193300
2025-12-10,276.9960211276047,278.9905919368044,275.68957968235776,278.0232238769531,33038300
2025-12-11,278.34237127554803,278.8310314000742,273.0667227973629,277.2752685546875,33248000
2025-12-12,277.14559334691864,278.4620173164318,276.06853855760204,277.5245666503906,39532900
2025-12-15,279.3894873363706,279.3894873363706,272.0993337942639,273.3658752441406,50409100
2025-12-16,272.07941349564567,274.752131096348,271.0522107383373,273.8645324707031,37648600
2025-12-17,274.2634587890498,275.41033087528734,270.9026119684932,271.10205078125,50138700
2025-12-18,272.8672697170699,272.88723490520505,266.22537510199504,271.4511413574219,51630700
2025-12-19,271.4112306527045,273.8545921928022,269.1673383776201,272.9271240234375,144632000
2025-12-22,272.1192896847017,273.13654030849926,269.7756932559407,270.23443603515625,36571800
2025-12-23,270.1048034873943,271.7603010837797,268.8282792538215,271.62066650390625,29642000
2025-12-24,271.60070067851706,274.6823088952694,271.46109654935304,273.06671142578125,17910600
2025-12-26,273.4158142002898,274.6225212124231,272.1193247047194,272.6578674316406,21521800
2025-12-29,271.9497734782625,273.61522314661676,271.6107000753325,273.0168762207031,23715200
2025-12-30,272.06942798009953,273.3359694836473,271.54086793463244,272.33868408203125,22139600
2025-12-31,272.3187639976345,272.9370761103812,271.0123224859311,271.12200927734375,27293600
2026-01-02,271.52095990203577,277.0857995993762,268.26979943372277,270.27435302734375,37838100
2026-01-05,269.9053759278346,270.7730094869922,265.41759095171795,266.5345458984375,45647200
2026-01-06,266.27524679504927,266.8237416838396,261.4084883511094,261.6478271484375,52352100
2026-01-07,262.485556491205,262.96423405428067,259.10474402829175,259.6233215332031,48309800
2026-01-08,256.3222864925608,258.58614386359903,255.00587765735156,258.3368225097656,50419300
2026-01-09,258.3767027680543,259.5036402038468,255.52448097015204,258.6659240722656,39997000
2026-01-12,258.45648066308013,260.5906555331263,256.1028713590674,259.54351806640625,45263800
2026-01-13,258.01770778709204,261.0993163539261,257.68861696081353,260.34136962890625,45730800
2026-01-14,258.78557762508564,261.1092696408236,256.0131254420647,259.2543029785156,40019400
2026-01-15,259.94247342351326,260.3314293980394,256.35223934409396,257.50909423828125,39388600
2026-01-16,257.1998957308392,258.1971811198186,254.23795690818102,254.83633422851562,72142800
2026-01-20,252.04394930256512,254.09835490933511,242.75922413209136,246.0303192138672,80267500
2026-01-21,248.02489020045314,250.87712721718017,244.51444112970407,246.9777374267578,54641700
2026-01-22,248.52352576906395,250.31864258405668,247.47637302553753,247.67584228515625,39708300
2026-01-23,246.64863719927277,248.73296007338791,244.0157890837153,247.36666870117188,41689000
2026-01-26,250.7973501838168,255.86356228737432,249.121917868832,254.71669006347656,55969200
2026-01-27,258.4664899667647,261.2389423700868,257.5090739976807,257.56890869140625,49648300
2026-01-28,256.9505880888889,258.1572949521919,253.81911240916085,255.74388122558594,41288000
2026-01-29,257.29964922744847,258.94516415300217,253.7193980705993,257.5788879394531,67253000
2026-01-30,254.4773517832236,261.1890792690021,251.49546251262876,258.7756652832031,92443400
2026-02-02,259.3241194003358,269.7557160843994,258.50633807413067,269.27703857421875,73913400
2026-02-03,268.4692659190308,271.1419837262723,266.88355520832346,268.7485046386719,64394700
2026-02-04,271.55083028665655,278.19275421850585,271.55083028665655,275.7394104003906,90545700
2026-02-05,277.37501624935936,278.7412924914769,272.48832346973,275.1610412597656,52977400
2026-02-06,276.3677049075235,280.1474248180158,276.1782182606431,277.364990234375,50453400
2026-02-09,277.41494619870406,277.70443813431814,271.2160169672847,274.13079833984375,44623400
2026-02-10,274.40031021957236,274.87943562430115,272.4537718732244,273.19244384765625,34376900
2026-02-11,274.2106536370846,279.6808719096702,273.9610989943363,275.00921630859375,51931300
2026-02-12,275.09909064411113,275.22886395053104,259.7165366668213,261.2637939453125,81077200
2026-02-13,261.5432690161623,261.7628783299504,254.9949421084194,255.32435607910156,56290700
2026-02-17,257.5903108294174,265.8156532326085,255.08478749757862,263.4099426269531,58469100
2026-02-18,263.13045584681157,266.3447212846438,261.9825104325609,263.8791198730469,34203300
2026-02-19,262.13220471573277,264.00886051677537,259.5867290635135,260.11578369140625,30845300
2026-02-20,258.50868117461044,264.2783836675007,257.7001265171608,264.1086730957031,42070500
2026-02-23,263.0206001676805,268.95002088588865,262.91081074777924,265.705810546875,37308200
2026-02-24,267.38283777638213,274.4003442568012,267.233111068832,271.6552429199219,47014600
2026-02-25,271.29586819299504,274.45024283739696,270.567157599074,273.74151611328125,33714300
2026-02-26,274.4602128097023,275.61811956353745,270.31758130113775,272.4637756347656,32345100
2026-02-27,272.3240124520744,272.3240124520744,262.4217010495403,263.7093811035156,72366500
2026-03-02,261.94253069595567,266.05518620599753,259.73647625260065,264.2484130859375,41827900
2026-03-03,263.0106738027697,265.08695529305965,259.6666350681776,263.2801818847656,38568900
2026-03-04,264.17854815272653,265.67587606267574,260.95432154975975,262.0523376464844,39803100
2026-03-05,260.3254337562426,261.09405110124777,256.79173142961054,259.8263244628906,49658600
2026-03-06,258.16927189629365,258.3090066542827,253.916851068475,257.0013427734375,41120000
2026-03-09,255.2345148744848,260.68477987096253,253.22808575123491,259.41705322265625,38218500
2026-03-10,257.19102845716964,262.01244158439727,256.4922936817907,260.3653564453125,30590800
2026-03-11,260.62486739620806,261.6630231774062,259.08760235948154,260.3453674316406,26218900
2026-03-12,258.1992253881205,258.48871731031414,253.72719511663234,255.30438232421875,40794000
2026-03-13,255.024890934378,255.87336762960538,249.07551643845036,249.6744384765625,36930000
2026-03-16,251.66090222791988,253.43773019062647,249.4348789230203,252.36964416503906,32074200
2026-03-17,252.5093881906664,254.67552076289968,251.7307636559193,253.77711486816406,32361600
2026-03-18,252.1799767808244,254.48585937367065,248.55643828829037,249.49476623535156,35757900
2026-03-19,248.95572868612365,251.38140795985734,246.85947863088072,248.5165252685547,34864100
2026-03-20,247.53824109812177,248.75606899357115,245.56177255944445,247.54823303222656,88331100
2026-03-23,253.51758537106093,254.14646797882926,249.83415620831627,251.04200744628906,40546100
2026-03-24,249.90403139868116,254.37604644028636,249.10545347620703,251.1917266845703,45152300
2026-03-25,253.6473574345128,254.5457480998694,251.15181088451408,252.16998291015625,28476700
2026-03-26,251.67088153367666,256.5421934269488,250.32329549316128,252.43951416015625,41796700
2026-03-27,253.4477020992108,255.03488128462607,247.6281009352486,248.35679626464844,47900000
2026-03-30,249.62453299565456,250.4230956915925,245.07264337813007,246.19065856933594,39446200
2026-03-31,247.46837564153284,255.02488248828539,246.65982101631488,253.337890625,49598100
2026-04-01,253.62737973002484,255.7236296181179,252.8787157917901,255.17462158203125,40059400
2026-04-02,253.74717405681358,255.6737439434535,250.20349485503914,255.464111328125,31289400
2026-04-06,256.053045051996,261.6929736576745,256.003115847535,258.3988342285156,29329900
2026-04-07,255.70368128016966,255.7436185540334,245.2623079794448,253.0484161376953,62148000
2026-04-08,257.98960165960847,259.2872736156141,256.0730086009651,258.43878173828125,41032800
2026-04-09,258.5386040524215,260.65482250105316,255.6138310165902,260.02593994140625,28121600
2026-04-10,259.5168819122501,261.7229364827484,258.5585701252562,260.0159912109375,31291500
2026-04-13,259.2673359057164,259.71651601158027,256.2027973984465,258.73828125,36234700
2026-04-14,258.78816168339415,261.4633801130582,256.73183388682423,258.368896484375,48370700
2026-04-15,257.7001261657452,266.08515659729386,257.35074355126085,265.95538330078125,49913500
2026-04-16,266.3246925362851,266.6840670491935,260.804545264895,262.9307556152344,43323100
2026-04-17,266.4844323486072,271.8149160854778,266.24486962975914,269.7486267089844,61436200
2026-04-20,269.84841238867654,273.7913879220191,269.80850557942483,272.5635681152344,36590200
2026-04-21,271.0163536236942,272.3140256362382,264.9272139873882,265.69586181640625,50209800
2026-04-22,267.3429346055621,273.2523721409737,266.39461467279705,272.68341064453125,43249200
2026-04-23,274.56001085217736,275.2787294551341,271.1660737405759,272.9429016113281,33399600
2026-04-24,272.2741016414235,272.5735550213531,269.16962610782736,270.5771179199219,38157100
2026-04-27,265.6159889280984,267.88193422863776,264.59781690250213,267.1332702636719,41466800
2026-04-28,271.8548539018017,272.7432830913257,268.181416710472,270.2277526855469,40018900
2026-04-29,267.07336249706583,270.55716597281076,266.56429174844374,269.688720703125,30047900
2026-04-30,270.018146234023,275.50834883767226,267.6623648300734,270.86663818359375,91848200
2026-05-01,278.36321169794013,286.7083346607987,277.87409435408995,279.6409606933594,79915400
2026-05-04,279.16182884121525,280.13010214166496,274.3703610857382,276.33685302734375,46668400
2026-05-05,276.43668191704,284.0630869835518,276.00745521106614,283.67376708984375,49311700
2026-05-06,281.4177950537395,287.5168959460148,280.5693031693742,286.9978332519531,58336100
2026-05-07,288.75467457606095,291.60959552514373,285.2709015174152,286.9279479980469,45224300
2026-05-08,289.49338424193445,294.2349225642168,289.48339230776435,292.7974853515625,52692800
2026-05-11,291.72841688276577,293.6267735875138,289.979924827367,292.42779541015625,42247300
2026-05-12,292.3078994315659,295.0155556946294,292.3078994315659,294.54595947265625,45748100
2026-05-13,293.24708951115105,300.6607090744109,293.24708951115105,298.6124572753906,52684300
2026-05-14,299.5616620172475,300.1911240450107,295.12548538387824,297.9530334472656,35324900
2026-05-15,297.643304079477,302.93875555297063,296.26448829773227,299.9713134765625,54862800
2026-05-18,299.98126929450746,300.4009207908792,294.6558756451712,297.5833435058594,34483000
2026-05-19,296.7140952726279,300.2510533099592,296.09463441963413,298.7123718261719,42243600
2026-05-20,297.9230626302997,302.5390768782648,297.82314269813475,301.98956298828125,38229800
2026-05-21,300.80056674721834,305.27671719779084,300.1411318265125,304.7271728515625,42965100
2026-05-22,305.85620846339293,311.13165741506583,305.57645096183757,308.55389404296875,43670200
2026-05-26,309.29325163060713,311.5513139598484,307.4048960873393,308.0643005371094,48000500
2026-05-27,308.0643052358437,312.9900803339556,308.0343323058515,310.5821533203125,50430900
2026-05-28,310.412282475935,312.5304508120942,309.30325358892543,312.24072265625,48220400
2026-05-29,311.5113496628706,314.7285763294451,309.2632884033746,311.7911071777344,70026800
2026-06-01,309.363197507879,310.67206624496237,304.7571540774977,306.0460510253906,48849900
2026-06-02,307.1950545511415,315.1781903378333,306.42572903356995,314.92840576171875,44534700
2026-06-03,313.9092501546009,316.6668815001487,308.5838566628498,309.9926452636719,50836700
2026-06-04,312.96009909963743,313.26982953176514,309.38316692864953,310.9618225097656,44869100
2026-06-05,312.5903972939029,314.8984348439246,306.8853260765596,307.0751647949219,65310500
2026-06-08,308.4739595974908,317.1265012321255,300.9105055796523,301.2801818847656,77949100
2026-06-09,300.0212482417878,300.4908444635933,287.5320194610898,290.29962158203125,70108800
2026-06-10,290.4894628291428,294.4960172141002,287.1323727394638,291.3287353515625,52793300
2026-06-11,293.4668864344149,296.7440586571729,289.3404406054596,295.375244140625,42572500
2026-06-12,295.7749221682621,296.88398158337014,289.3704417369658,290.879150390625,38742100
2026-06-15,293.8665449684006,297.5233947188816,291.4486474146935,296.1645812988281,45732600
2026-06-16,294.99559499590845,300.2210994929347,293.71669913987887,298.9821472167969,39874400
2026-06-17,300.59074812548096,301.8096980081642,294.10632015937927,295.6949768066406,42745100
2026-06-18,297.8530937792582,300.31099586682666,295.3652492546472,297.7532043457031,85962200
2026-06-22,297.05381866220307,302.1594314563154,296.5043047694293,296.75408935546875,44879900
2026-06-23,297.2836155142734,301.3800886038737,293.9264950024863,294.04638671875,52010900
2026-06-24,295.1054570720635,299.4417438827621,292.68755959702736,292.8274230957031,53081900
2026-06-25,287.1523472601469,288.55113481081804,273.5141152813601,274.91290283203125,107013700
2026-06-26,274.7630284991681,285.70360492137456,273.9737007161028,283.53546142578125,261775500
2026-06-29,286.4829438934296,288.12151489662153,279.6088673150861,281.4972229003906,66427000
2026-06-30,280.9277417485351,289.69017405322865,280.45814550695326,289.11065673828125,65100200
2026-07-01,293.1871503157195,296.33442991747245,288.95081360688545,294.1263427734375,50164200
2026-07-02,293.866538367699,309.15337194761725,293.4269150966668,308.3640441894531,75352800
2026-07-06,307.0951430290638,313.9292760509671,306.7354678654279,312.3905944824219,53590000
2026-07-07,315.0183186077797,315.20815732134815,309.88273318392555,310.3923034667969,42490000
2026-07-08,311.6412289475945,314.5487250421545,306.7854009831778,313.1199645996094,41323500
2026-07-09,310.24243869469103,316.2572401947346,307.8944576262147,315.947509765625,48124500
2026-07-10,314.4488202226986,316.6369356310425,311.9010296470402,315.0483093261719,34132300
2026-07-13,316.7468014245228,323.171283634363,315.5078797345754,317.03656005859375,43257800
2026-07-14,313.48965629761443,315.91755515351207,311.64124426456783,314.58868408203125,36336800
2026-07-15,317.34631234952286,328.44675508114506,317.0465830462295,327.2178039550781,60957600
2026-07-16,327.72736328456057,334.3915986652446,326.50841333986017,332.97283935546875,62970600
2026-07-17,331.693929977533,334.7013154010385,328.71648699084636,333.452392578125,63407100
2026-07-20,333.2226134619852,333.4224228207836,323.4010672140761,326.3085632324219,53468000
2026-07-21,322.85156758462244,329.3159936819017,321.94234806189104,327.45758056640625,41338900
2026-07-22,327.58746619388995,328.7164973399543,323.0613709608057,325.60919189453125,38755900
2026-07-23,321.4527900194849,323.0214140443725,319.0748358849152,321.3828430175781,40840800
2026-07-24,321.5127284115298,334.0818750563203,321.3428614810286,332.7330322265625,47489400
2026-07-27,334.2517370375488,339.277401491225,333.73216560461384,336.61968994140625,49604300
2026-07-28,339.73698155301014,342.59453283396704,335.31080637618777,339.78692626953125,51859000
2026-07-29,339.43727163464206,344.2730974331505,337.0593175600121,337.8985900878906,56090800
2026-07-30,332.8129674612056,334.4615395264105,329.30598233808786,333.1426696777344,74817800
2026-07-31,304.54735603914753,310.4222943774597,299.7415030462749,308.6438293457031,132489100
2026-08-03,309.313234694189,311.5313230344714,302.29929450581176,303.1585693359375,75052000
2026-08-04,302.46913991298527,310.1525156602479,301.0603512911937,309.1134033203125,68001000
2026-08-05,309.09342362565195,311.4414048335362,305.40663118634393,310.7320251464844,49438800
2026-08-06,314.06913775686996,316.0174696892129,308.96355554648414,312.14080810546875,46139900
2026-08-07,311.1816431226555,314.53873325457766,310.47223295908327,313.05999755859375,34437200
2026-08-10,306.8299865722656,308.260009765625,304.6099853515625,308.260009765625,44812500
2026-08-11,307.75,309.9700012207031,302.7900085449219,304.9100036621094,37476700
2026-08-12,305.1000061035156,305.6600036621094,300.57000732421875,302.25,41657800
2026-08-13,304.2099914550781,306.0,302.04998779296875,305.260009765625,40349300
2026-08-14,306.0,307.489990234375,304.29998779296875,305.92999267578125,28229400
2026-08-17,306.2099914550781,307.6600036621094,302.94000244140625,305.5899963378906,38169300
2026-08-18,307.5799865722656,311.489990234375,305.739990234375,310.0299987792969,53424500
2026-08-19,310.1400146484375,319.2799987792969,309.6000061035156,316.8299865722656,50505600
2026-08-20,317.4599914550781,320.2799987792969,310.6499938964844,311.29998779296875,40959200
2026-08-21,312.04998779296875,312.3800048828125,307.010009765625,309.3500061035156,46876800
2026-08-24,311.4700012207031,313.3599853515625,309.9700012207031,310.3399963378906,34673600
2026-08-25,310.7900085449219,313.5899963378906,308.2099914550781,309.8999938964844,25869800
2026-08-26,310.29998779296875,315.42999267578125,308.79998779296875,313.45001220703125,34024500
2026-08-27,310.54998779296875,315.3999938964844,309.3999938964844,314.5799865722656,32419200
2026-08-28,316.8500061035156,322.3699951171875,315.45001220703125,319.70001220703125,38649400
2026-08-31,319.6000061035156,321.239990234375,312.79998779296875,316.8500061035156,41242700
2026-09-01,316.9800109863281,327.29998779296875,314.7300109863281,325.1300048828125,53167400
2026-09-02,326.8699951171875,328.3999938964844,323.5299987792969,324.9599914550781,33776400
2026-09-03,324.8699951171875,330.80999755859375,324.1099853515625,328.2099914550781,37225800
2026-09-04,328.30999755859375,328.92999267578125,317.8599853515625,319.9700012207031,39606900
2026-09-08,317.1000061035156,320.70001220703125,314.8999938964844,316.2200012207031,35477100
2026-09-09,315.489990234375,319.1499938964844,309.8999938964844,315.3399963378906,65640000
2026-09-10,316.6700134277344,326.739990234375,316.510009765625,326.57000732421875,70011900
2026-09-11,327.45001220703125,336.2200012207031,326.29998779296875,332.2699890136719,50659000
