Date,open,high,low,adj_close,volume
2016-09-12,12.518785606840588,12.750763078848408,12.382798733987851,12.718766212463379,109724000
2016-09-13,12.534787043132386,12.686771999532748,12.438796423900744,12.574783325195312,89317600
2016-09-14,12.534787324846134,12.670774229196947,12.44679611262264,12.502790451049805,75528100
2016-09-15,12.510790665538307,12.598781883425822,12.462794970321493,12.534788131713867,67322600
2016-09-16,12.526785446269239,12.542784261446371,12.382799161137019,12.390798568725586,90926200
2016-09-19,12.438793044977334,12.622774824477364,12.438793044977334,12.470789909362793,66186400
2016-09-20,12.590778935797934,12.60677775066318,12.406797142040473,12.478790283203125,68210400
2016-09-21,12.566784029187648,12.662774649282266,12.310809042268662,12.51878833770752,95464600
2016-09-22,12.550782661500296,12.566781476365543,12.39879773460785,12.478790283203125,75611300
2016-09-23,12.422795473971014,12.534784891954832,12.398798013997872,12.414796829223633,51604400
2016-09-26,12.318804913480964,12.350801779638104,12.014835066420863,12.070829391479492,94972100
2016-09-27,12.006835912280883,12.27081025435849,11.846851578122559,12.230813980102539,81992600
2016-09-28,12.28681089704903,12.31080912438198,12.118827120046582,12.302809715270996,66076400
2016-09-29,12.302809468905258,12.398800087717909,12.046834485404856,12.126826286315918,78997700
2016-09-30,12.206819013116416,12.582782084437266,12.134825857329043,12.51878833770752,119428700
2016-10-03,12.470793577253474,12.582782254107807,12.398800420495322,12.502790451049805,69873100
2016-10-04,12.55878326925979,12.838755690371126,12.534785807533801,12.638775825500488,98501500
2016-10-05,12.766762349547378,12.982741014645468,12.766762349547378,12.886751174926758,86056900
2016-10-06,12.934746422455829,12.982741343531016,12.830757172504418,12.97474193572998,75886700
2016-10-07,12.950741680508878,12.998736588399938,12.782757214294254,12.902745246887207,99605400
2016-10-10,12.974740705425974,13.118726980729354,12.942744602986826,13.038734436035156,64158500
2016-10-11,13.006739237440641,13.062733564898387,12.814758032272229,12.886751174926758,77374000
2016-10-12,12.870752641858676,12.990740707002715,12.806758905399787,12.822757720947266,67165800
2016-10-13,12.870756073727287,12.870756073727287,12.478794142687173,12.662775993347168,78637000
2016-10-14,12.918748487859716,12.982742228901088,12.750764726909722,12.798760414123535,108865700
2016-10-17,12.934747940425865,12.95874616664531,12.718768481644494,12.838756561279297,101795500
2016-10-18,12.950744337736166,13.014738069964652,12.886750605507682,13.006738662719727,71433100
2016-10-19,13.03873390147446,13.222717204447454,13.022736613776186,13.174720764160156,97969000
2016-10-20,13.158719428279593,13.302704127653191,13.126721811265224,13.246709823608398,88081200
2016-10-21,13.166722752785823,13.334707260131836,13.1187278331431,13.334707260131836,77954900
2016-10-24,13.398700739623603,13.438696250942037,13.286712087347222,13.41469955444336,68244800
2016-10-25,13.366704952449398,13.454696920355905,13.342708252643018,13.374704360961914,49350300
2016-10-26,13.31070665190903,13.49468994140625,13.294709365382468,13.49468994140625,58730400
2016-10-27,13.558686206257077,13.67867426921676,13.486693063335068,13.526688575744629,97937300
2016-10-28,13.558684169267574,13.582680862815765,13.198718508736984,13.342704772949219,115123600
2016-10-31,13.342704330420627,13.382699835494957,13.198718070983887,13.198718070983887,70387600
2016-11-01,13.24671560775181,13.39870130347351,13.062733806775082,13.286712646484375,88587100
2016-11-02,13.166724228431502,13.24671678728844,13.0227394533664,13.182723045349121,119202000
2016-11-03,13.182723045349121,13.33470875460419,13.15872634570385,13.182723045349121,69690400
2016-11-04,13.222719788338246,13.366704560144157,13.078733490801211,13.238717079162598,82437400
2016-11-07,13.486695645149599,13.630681958557519,13.478696235990126,13.606683731079102,91581900
2016-11-08,13.45469233616228,13.686670526793666,13.366700398235801,13.598678588867188,95842800
2016-11-09,14.126628721363279,14.43859795277463,13.918648725178771,14.374604225158691,319516900
2016-11-10,14.60658570576277,15.190528791479558,14.598586297306642,15.006546974182129,304986400
2016-11-11,14.910550101730589,15.222520813588236,14.902550696223408,15.214521408081055,212952500
2016-11-14,15.526490988110597,16.15843030763459,15.518491582400474,16.06243896484375,320959900
2016-11-15,15.830465785768926,16.142435048461394,15.678480095292429,16.126436233520508,190293100
2016-11-16,15.822462992361269,15.966447718824258,15.742470460505846,15.79846477508545,126734500
2016-11-17,15.806464085042357,16.1744275933242,15.758469176512255,16.06243896484375,167979200
2016-11-18,16.046447115939465,16.11044086365655,15.894462918693444,15.998452186584473,120620200
2016-11-21,16.07844454475165,16.278425194497984,16.006451388784466,16.262426376342773,117479100
2016-11-22,16.262424432860946,16.3744130951014,16.094441439500265,16.238426208496094,104771800
2016-11-23,16.33441485982853,16.526396045580782,16.15843248765501,16.44640350341797,110801300
2016-11-25,16.49439920915507,16.702377673487582,16.398407857690948,16.68638038635254,62610400
2016-11-28,16.534398206071558,16.67838450079848,16.198430693619102,16.238426208496094,108651200
2016-11-29,16.302422234759216,16.430411256929222,16.198432966052017,16.230430603027344,114216800
2016-11-30,16.676032677043235,17.01324668004151,16.635887241334043,16.95704460144043,191699600
2016-12-01,17.197907215427623,17.615410464388713,17.133676064156028,17.26213836669922,199233900
2016-12-02,17.254110294575938,17.262139380380308,16.87675245011974,17.045358657836914,128468700
2016-12-05,17.23805187283959,17.559209174788208,17.230022787151725,17.53512191772461,130377300
2016-12-06,17.735845429133978,17.79204750061035,17.438775368112513,17.79204750061035,120789200
2016-12-07,17.816133485161615,18.121231079101562,17.62344002613773,18.121231079101562,168005200
2016-12-08,18.297870151917994,18.659169857812365,18.21758081792202,18.426332473754883,182693900
2016-12-09,18.426328404748876,18.602963675421083,18.28983702651402,18.538732528686523,130590400
2016-12-12,18.46648144886281,18.667204073306973,18.097152554953762,18.15335464477539,136986000
2016-12-13,18.305902736750646,18.370133915317094,17.8964299305096,18.15335464477539,118204100
2016-12-14,17.912479957364752,18.707341072669614,17.832190630978182,18.201520919799805,225340900
2016-12-15,18.386188513002004,18.779604596547102,18.305899172578314,18.594940185546875,162025800
2016-12-16,18.594934114363216,18.72339640454189,18.185459990146953,18.19348907470703,147497700
2016-12-19,18.145318673146637,18.2416646387543,17.928537953442124,18.04897117614746,97508900
2016-12-20,18.16940189602736,18.329980525109196,18.153345258232218,18.233633041381836,83879500
2016-12-21,18.241667140681464,18.241667140681464,18.04094456484539,18.16940689086914,61079100
2016-12-22,18.145319974172892,18.249695032963512,18.04094338399065,18.09714698791504,67123500
2016-12-23,18.073060643594992,18.185464794348224,18.008829481537187,18.145320892333984,38187800
2016-12-27,18.23364246943938,18.257729735673834,18.097152554953762,18.15335464477539,39988600
2016-12-28,18.161383980762153,18.20152789364065,17.8723429075822,17.928544998168945,52652900
2016-12-29,17.928541322487614,17.976714314343884,17.478923158581562,17.66358757019043,79188400
2016-12-30,17.679646242806392,17.872339747053235,17.623444162158375,17.743877410888672,72605900
2017-01-03,18.14531912005819,18.209550275842457,17.824163341136856,18.0891170501709,99298100
2017-01-04,18.24166654614664,18.434360028901974,18.14532057046481,18.426332473754883,76875100
2017-01-05,18.321962677398613,18.410281130698568,17.94460465843084,18.209558486938477,86826400
2017-01-06,18.28984785072096,18.34604994595103,18.113210944121043,18.209558486938477,66281500
2017-01-09,18.073064011689844,18.233641181063653,17.98474557312946,18.105178833007812,75901500
2017-01-10,18.13729440220332,18.57888351314503,18.097150494442044,18.418306350708008,100977700
2017-01-11,18.418305210042366,18.522680282592773,18.24166835149146,18.522680282592773,92385600
2017-01-12,18.47450672762883,18.562825154215915,18.153350901028233,18.402246475219727,120474200
2017-01-13,18.6350796748869,18.795658317688666,18.305894835395566,18.474502563476562,161930900
2017-01-17,18.209551351155156,18.297869769845743,17.671614815423794,17.7037296295166,152495900
2017-01-18,17.90445315202119,18.18546506447004,17.743876010187364,18.16940689086914,124366000
2017-01-19,18.24969417393579,18.313925329720057,17.992769550798723,18.0891170501709,75990800
2017-01-20,18.193493093932307,18.41027383077079,18.081088948041966,18.17743492126465,102564900
2017-01-23,18.161381389654935,18.273785554791576,18.00080269826668,18.11320686340332,61385600
2017-01-24,18.153349657003574,18.546765709053005,18.04897306339131,18.426332473754883,98508700
2017-01-25,18.72340055828367,18.80368989030516,18.546765252949694,18.763545989990234,99753300
2017-01-26,18.79566066595761,18.908064811127396,18.69128560707018,18.819747924804688,84146400
2017-01-27,18.811714296564123,18.82777246525171,18.69128109418974,18.755512237548828,54590200
2017-01-30,18.62705504304898,18.62705504304898,18.233637459607877,18.426332473754883,91561200
2017-01-31,18.28181151221279,18.490563162717446,18.065030775374307,18.17743492126465,91044300
2017-02-01,18.442387818388376,18.643110373565662,18.321954591560313,18.378156661987305,103630900
2017-02-02,18.257719240035776,18.297864660681856,18.073054899237448,18.241661071777344,88679100
2017-02-03,18.586912236098502,18.747490926775143,18.42633507681375,18.699317932128906,116035100
2017-02-06,18.586908068145103,18.771572449039528,18.522676912556104,18.562822341918945,92228400
2017-02-07,18.691285755314418,18.699314841660456,18.35407178573892,18.386186599731445,87982900
2017-02-08,18.249693903075137,18.249693903075137,18.024885626862567,18.201520919799805,102264500
2017-02-09,18.27378137607268,18.586908068145103,18.177433876993412,18.562822341918945,102634200
2017-02-10,18.619026737226307,18.659170640211737,18.43436080187482,18.53070831298828,90548300
2017-02-13,18.602969482788613,18.900039586293165,18.602969482788613,18.787633895874023,105342500
2017-02-14,18.787629911293426,19.405855717610727,18.731427843699397,19.317537307739258,139711400
2017-02-15,19.542350981698963,19.887594072631703,19.357686571188083,19.735044479370117,151233300
2017-02-16,19.702929662120823,19.767160828011207,19.510234633057877,19.735044479370117,98144500
2017-02-17,19.494173308855594,19.73503974025563,19.429942158389487,19.686866760253906,85789200
2017-02-21,19.743072667106002,19.911678895615236,19.735043580311505,19.89562225341797,78571500
2017-02-22,19.759129791966522,20.032112602923736,19.702927718779737,19.903650283813477,81531900
2017-02-23,19.903652246952248,19.983940055771384,19.678842400640004,19.735044479370117,85846000
2017-02-24,19.36571979778925,19.55038424777233,19.285430440416395,19.454036712646484,97074400
2017-02-27,19.429947865089712,19.799276705896204,19.421918777499325,19.72701644897461,69129100
2017-02-28,19.654753743698734,19.831390585900163,19.60658075554911,19.815332412719727,90242000
2017-03-01,20.431416706450843,20.624697556705488,20.310614830989493,20.536109924316406,143947500
2017-03-02,20.681067036538565,20.777706675367607,20.29450540910367,20.31866455078125,99824600
2017-03-03,20.375038947689774,20.656907391136432,20.375038947689774,20.4877872467041,92456100
2017-03-06,20.39920287607091,20.4153099979329,20.19786846097504,20.334775924682617,75660400
2017-03-07,20.310614366858445,20.42336267897524,20.213974711969325,20.302560806274414,64053700
2017-03-08,20.61663980208917,20.753547235177216,20.310610699393855,20.342824935913086,105314600
2017-03-09,20.415307998657227,20.560269009099738,20.31866681300904,20.415307998657227,78984600
2017-03-10,20.63274669501992,20.63274669501992,20.205917282157554,20.38309097290039,86998800
2017-03-13,20.37504005432129,20.463627679202705,20.238132604986156,20.37504005432129,56886200
2017-03-14,20.28645250472248,20.407252825188003,20.173704207703164,20.391145706176758,63182700
2017-03-15,20.447526344658804,20.576380270367615,20.101230843293894,20.278406143188477,114662700
2017-03-16,20.32671884392636,20.528053224158665,20.286452582303667,20.310611724853516,70306200
2017-03-17,20.310613310972286,20.350881111799033,19.99653214482133,20.020692825317383,105222400
2017-03-20,19.795198019908533,19.940159032750607,19.666344127617702,19.682451248168945,87287500
2017-03-21,19.730775094435298,19.779094929875928,18.48250218247661,18.538875579833984,259545800
2017-03-22,18.24089669704519,18.667726186550105,18.079830095464555,18.474445343017578,167984400
2017-03-23,18.554978657701618,18.917379648573572,18.450283911672724,18.579137802124023,111666800
2017-03-24,18.683832692182264,18.804633023404136,18.329483722679825,18.61940574645996,113499100
2017-03-27,17.94292511051269,18.563033992896234,17.846283907406526,18.54692840576172,119513500
2017-03-28,18.53081656367571,19.062339205257278,18.52276300412939,18.909324645996094,95761700
2017-03-29,18.933491833856994,19.046238634148274,18.772423659675212,18.804637908935547,67204500
2017-03-30,18.828794735629977,19.311997662469718,18.788528465084898,19.223411560058594,79189200
2017-03-31,19.191196119429566,19.303942898781035,18.997915267944336,18.997915267944336,77158300
2017-04-03,19.04623509680073,19.12676916893449,18.587192882515847,18.997915267944336,88076600
2017-04-04,18.683830619214092,18.933484814181476,18.683830619214092,18.877111434936523,75244400
2017-04-05,19.142876595228902,19.231462693532176,18.64356656890087,18.6596736907959,97453300
2017-04-06,18.659674331235784,18.893221462490764,18.490552617652753,18.732154846191406,82975200
2017-04-07,18.546925743901618,18.79657997334402,18.466391675548056,18.65161895751953,79519400
2017-04-10,18.62746168879849,18.74826358148987,18.450287934809605,18.538875579833984,63254700
2017-04-11,18.385857277202124,18.48249846470378,18.1845228779616,18.458337783813477,94206700
2017-04-12,18.426125429943323,18.474446796673305,18.208685423897286,18.24089813232422,76556300
2017-04-13,18.16841709380961,18.490551849078283,17.991243362426758,17.991243362426758,88061800
2017-04-17,18.007346223948748,18.385854279832895,17.926812170169757,18.369747161865234,85053200
2017-04-18,18.61134745599052,18.64356015263474,18.023449997627115,18.28921127319336,146488400
2017-04-19,18.458342243313375,18.643569566710926,18.265061357673332,18.31338119506836,101771800
2017-04-20,18.490550176416427,18.659671867670973,18.377803406286425,18.579137802124023,103802600
2017-04-21,18.54692052664292,18.587186781462986,18.19257164720154,18.28921127319336,127235400
2017-04-24,18.716045403163296,19.207301824494483,18.716045403163296,19.030126571655273,138638900
2017-04-25,19.32004811263639,19.60997012926534,19.255621168503236,19.311994552612305,131531100
2017-04-26,19.328106766816443,19.481121375483852,19.21535996888252,19.239519119262695,95172200
2017-04-27,19.24756467793139,19.271725354325046,18.893215771120857,19.04623031616211,80024200
2017-04-28,18.98180856304302,19.102608905865953,18.780474146318237,18.796581268310547,69384900
2017-05-01,18.94153851401021,19.142872890555235,18.804631076517218,19.014019012451172,72382900
2017-05-02,19.01402335880849,19.062343190127947,18.788528252551444,18.949596405029297,60262600
2017-05-03,18.820744679834807,19.150933048247705,18.79658399334365,19.142879486083984,64272800
2017-05-04,19.311991470292938,19.368364845404454,19.110657110003665,19.207298278808594,68133400
2017-05-05,19.311996134486265,19.320049695170024,19.005968508801484,19.118715286254883,56678800
2017-05-08,19.126768735561544,19.376422971065864,19.126768735561544,19.295888900756836,56016500
2017-05-09,19.352262352732723,19.57775588916901,19.223408464466413,19.311994552612305,61622000
2017-05-10,19.255621296443277,19.46500925028214,19.223408592192424,19.448902130126953,48495300
2017-05-11,19.408634479165823,19.51332768057578,19.199246540286495,19.38447380065918,68350800
2017-05-12,19.2636751662194,19.328102111816406,19.126767714818318,19.328102111816406,62589000
2017-05-15,19.376422882080078,19.440849830819495,19.31199593334066,19.376422882080078,50688800
2017-05-16,19.384476233934294,19.46501030300622,19.27978301938251,19.320049285888672,55774800
2017-05-17,18.820740819259633,18.885167767293993,18.08788217328685,18.176469802856445,190353300
2017-05-18,18.208687958035814,18.52276920519339,18.120100309428317,18.31338119506836,108444100
2017-05-19,18.450283475455574,18.764364633997403,18.418070771634117,18.563030242919922,89566700
2017-05-22,18.67577965897156,18.716045925161943,18.377804066560117,18.55497932434082,74839400
2017-05-23,18.546924915312115,18.925433022786414,18.393910345882283,18.83684539794922,79020000
2017-05-24,18.87710812539892,18.90126726309153,18.699932923337876,18.812681198120117,58823200
2017-05-25,18.852959773736075,18.989867275692173,18.699945145418056,18.724105834960938,60443500
2017-05-26,18.707991819423416,18.861006391394163,18.659671994191434,18.716045379638672,50399500
2017-05-30,18.62745675762348,18.691883699842112,18.426122371182824,18.45028305053711,61307900
2017-05-31,18.405847838898378,18.42200632286864,17.848339302646735,18.10689353942871,138636300
2017-06-01,18.163451791376698,18.29272890767011,18.018014650270416,18.284648895263672,69725100
2017-06-02,17.993778310822517,18.25233257439868,17.904899704803846,18.13921546936035,79722300
2017-06-05,18.131133577041325,18.341209279702884,18.090733514353634,18.10689353942871,51590300
2017-06-06,17.93722161200084,18.10689728709323,17.832182968377342,17.96146011352539,71735600
2017-06-07,18.018010797098484,18.27656651549766,17.993772306167394,18.260406494140625,66429700
2017-06-08,18.276569694090952,18.753278078195155,18.260409669923426,18.559362411499023,93685900
2017-06-09,18.76135945165517,19.12495231628418,18.7532794389851,19.12495231628418,108254300
2017-06-12,19.2461475469506,19.423904726144922,19.17342898111741,19.213829040527344,85829900
2017-06-13,19.35119049062762,19.480467627459035,19.116874716930027,19.205753326416016,68047300
2017-06-14,19.027992807058602,19.238068503248506,18.745200082480626,19.197669982910156,102352400
2017-06-15,19.027991190223982,19.351185489887577,18.963352638512188,19.019912719726562,69707500
2017-06-16,19.036073074433478,19.08455314881486,18.882557462206805,18.9310359954834,57745800
2017-06-19,19.076470646537484,19.391583383363674,19.068390635195197,19.318864822387695,58587800
2017-06-20,19.31886401770441,19.383502564645735,18.971431249980597,18.979511260986328,59693500
2017-06-21,18.98759295644904,19.04415149740214,18.640160157903225,18.68863868713379,72432800
2017-06-22,18.680559523741678,18.745198074020177,18.50280235464735,18.527042388916016,64763300
2017-06-23,18.672485259439053,18.672485259439053,18.373530909196802,18.438169479370117,85399600
2017-06-26,18.51088048018377,18.69671610066347,18.36544337159811,18.494720458984375,61307800
2017-06-27,18.664398798341793,19.06839010765177,18.583600228258888,18.801755905151367,88257800
2017-06-28,19.011833523288022,19.35926479044519,19.011833523288022,19.294626235961914,119049300
2017-06-29,19.860216467916104,19.93293504066179,19.42390657254682,19.6501407623291,150501200
2017-06-30,19.892535965018247,19.892535965018247,19.52894311140657,19.601661682128906,84005200
2017-07-03,19.763254265050552,20.126847062692345,19.747095783792236,19.941011428833008,58129700
2017-07-05,20.037971051470947,20.15916969363648,19.892535454860862,20.134929656982422,76172500
2017-07-06,20.11877099024892,20.28844817606837,19.949095345534325,19.965253829956055,84465400
2017-07-07,20.13493056248414,20.199569122030443,19.916774846101053,20.062211990356445,54478800
2017-07-10,19.973330146512012,20.191485827435102,19.908691597472345,20.110687255859375,54632800
2017-07-11,20.102609373408452,20.126849409779503,19.76325656973743,19.876375198364258,69410600
2017-07-12,19.730935979195966,19.876373099857844,19.633977385053186,19.67437744140625,68708700
2017-07-13,19.739019007929734,19.90061463473106,19.690540473999818,19.892536163330078,55533400
2017-07-14,19.553179846084074,19.650136896600955,19.246145590203387,19.56125831604004,92625400
2017-07-17,19.569335211450774,19.569335211450774,19.335021092419883,19.407739639282227,81522000
2017-07-18,19.31886530512329,19.440062396076843,19.076471123216184,19.3107852935791,107981400
2017-07-19,19.43198346456922,19.55318210336366,19.23806780004471,19.4400634765625,74140100
2017-07-20,19.407741953609744,19.4885405198812,19.25422483180443,19.343103408813477,62793500
2017-07-21,19.26230623608448,19.359263289741065,19.116869114495024,19.2299861907959,65922500
2017-07-24,19.181507711778018,19.41582341739053,19.173427700435735,19.318864822387695,51382700
2017-07-25,19.593577599405357,19.93293034524542,19.58549758865863,19.7794132232666,86154700
2017-07-26,19.932931119300157,19.932931119300157,19.504699779721104,19.56125831604004,65704700
2017-07-27,19.60166012247975,19.755177264134726,19.41582447480011,19.4804630279541,62902100
2017-07-28,19.431979555070388,19.56125663874428,19.359261002865775,19.415821075439453,50143400
2017-07-31,19.488542556762695,19.633978141926423,19.464302522016425,19.488542556762695,62272000
2017-08-01,19.625901337459783,19.78749695950528,19.609741312923806,19.755178451538086,52782500
2017-08-02,19.747098566961647,19.868295669555664,19.60166142740692,19.868295669555664,55317100
2017-08-03,19.835973992890185,19.876374051176867,19.650138348085388,19.69053840637207,53210600
2017-08-04,19.94101123609807,20.264203974708952,19.916771202788052,20.175325393676758,105206600
2017-08-07,20.20764783252055,20.239966339658828,20.118769240957015,20.167247772216797,41860900
2017-08-08,20.1591668400393,20.482359577487294,20.05412823717837,20.11876678466797,73399300
2017-08-09,19.876375328121284,20.01373245291113,19.763256698755992,19.989492416381836,56910400
2017-08-10,19.86021384291105,19.86021384291105,19.464302522016425,19.488542556762695,78023700
2017-08-11,19.448140876754067,19.585497979983884,19.2299852055471,19.278465270996094,68157400
2017-08-14,19.577420810436877,19.787496501224933,19.52894227905647,19.730937957763672,54989500
2017-08-15,19.997571306741186,20.078369882868145,19.755177119464975,19.77133560180664,45143200
2017-08-16,19.827899277616392,19.892537842012572,19.45622637650965,19.54510498046875,59188900
2017-08-17,19.448142711466105,19.52894128706569,19.084551432924936,19.100709915161133,78969300
2017-08-18,19.036074593989905,19.310788872994333,18.947197532738997,19.08455467224121,60461200
2017-08-21,19.05223169052318,19.100710220215312,18.696718876869948,18.890634536743164,70124800
2017-08-22,19.06838915409728,19.302703300405337,19.044149121953218,19.25422477722168,59228600
2017-08-23,19.07647288079034,19.36734561765694,19.060312856213095,19.197669982910156,39825500
2017-08-24,19.33502860318633,19.343108616099112,19.133032903681425,19.262310028076172,39178700
2017-08-25,19.302710408487062,19.448147572698666,19.18959329903583,19.205753326416016,43511900
2017-08-28,19.262306649822268,19.310785177691837,19.044150962752287,19.165348052978516,37155000
2017-08-29,18.76135658766082,19.149189431095845,18.68055955550377,19.052230834960938,60897200
2017-08-30,19.27149757207019,19.523254454832994,19.133437895679577,19.385194778442383,58412900
2017-08-31,19.515140732195125,19.52326207503352,19.31211180819846,19.401443481445312,62362400
2017-09-01,19.40956136581262,19.636954277806726,19.328349500887047,19.56386375427246,56233900
2017-09-05,19.352714683531367,19.352714683531367,18.86544501379703,18.9304141998291,108605400
2017-09-06,19.07659447328457,19.14968499819653,18.849201557004292,19.011625289916992,64188900
2017-09-07,18.98726030178882,19.011624325185643,18.475628202355,18.654293060302734,103501200
2017-09-08,18.621814138936028,18.865448240986307,18.556844941790096,18.58932876586914,68365000
2017-09-11,18.857318722719384,19.011621079918456,18.743623064250162,18.97101593017578,73741000
2017-09-12,19.052232483724474,19.515139707275065,19.044112690300285,19.450170516967773,99658500
2017-09-13,19.42580275901162,19.775012670718013,19.385197603738153,19.758769989013672,86339800
2017-09-14,19.799381823761937,19.929321772245522,19.65320228607023,19.685686111450195,70051000
2017-09-15,19.66131962292529,19.82374337648518,19.61259311645241,19.799379348754883,85937600
2017-09-18,19.831855135282744,20.11609579215889,19.82373379663063,20.059247970581055,68076400
2017-09-19,20.059255357277042,20.294768068966594,19.994286173122592,20.189193725585938,56218100
2017-09-20,20.205436747856968,20.49779887836374,20.03489320438647,20.35161781311035,82289900
2017-09-21,20.34349568920015,20.530283459285943,20.237921340010455,20.432828903198242,57864000
2017-09-22,20.311006696477975,20.359733187617046,20.181068354115627,20.319128036499023,61446000
2017-09-25,20.254161771528956,20.367857450163065,19.961799684769872,20.107980728149414,62361700
2017-09-26,20.16482895587894,20.27040329536025,20.051133275054834,20.14858627319336,53012700
2017-09-27,20.554640961468948,20.822638989608674,20.449066637832736,20.635852813720703,92877400
2017-09-28,20.782036360544136,20.822641517105133,20.57900747976429,20.6683406829834,64991400
2017-09-29,20.635857855534915,20.692705701304206,20.554645983441233,20.579010009765625,66232600
2017-10-02,20.676464181708084,20.83076659247854,20.619616332736786,20.80640411376953,54001400
2017-10-03,20.911973336505856,21.058154368832025,20.806399007041026,21.001306533813477,55946900
2017-10-04,21.00131230645997,21.074402842713504,20.871373919562075,20.879493713378906,53402800
2017-10-05,20.928220476730562,21.301792928726297,20.83888726038912,21.2205810546875,62636900
2017-10-06,21.318028800601503,21.35863395015064,21.14748531371053,21.28554344177246,53900600
2017-10-09,21.326158072285406,21.33427941501329,20.920100229817645,20.99319076538086,55172500
2017-10-10,20.97694320041429,21.074397741491964,20.87948865933662,21.058155059814453,46133800
2017-10-11,21.058157746838003,21.058157746838003,20.830764821299656,20.976945877075195,51652300
2017-10-12,21.00942926465304,21.05815576232372,20.57900747976429,20.6683406829834,71770000
2017-10-13,20.611493237636353,21.11500559097569,20.400344544835665,20.976945877075195,104196900
2017-10-16,21.009431723959114,21.38300416480942,21.009431723959114,21.309913635253906,71927200
2017-10-17,21.41548929621233,21.464215799047924,21.204339051941286,21.277429580688477,48644400
2017-10-18,21.391124186145245,21.561667711920055,21.383002844586322,21.504819869995117,55382500
2017-10-19,21.27742397672223,21.594148485217307,21.236817277564406,21.586027145385742,54542700
2017-10-20,21.959603585372133,22.07329925825609,21.845906363500806,22.06517791748047,83764700
2017-10-23,22.105788657024135,22.276333758422773,22.000214298244224,22.05706214904785,69607700
2017-10-24,22.211364372758798,22.609300873931492,22.20324303000167,22.47936248779297,90346500
2017-10-25,22.64989951728133,22.674263538537726,22.203236637158557,22.438749313354492,81265300
2017-10-26,22.487480549744358,22.722993259389956,22.479359208172095,22.528085708618164,55342500
2017-10-27,22.479361640054375,22.706753032727562,22.43063513433693,22.576814651489258,58856700
2017-10-30,22.45498999140401,22.54432317905575,22.30068763518387,22.414384841918945,51357600
2017-10-31,22.446870029122813,22.511839201677937,22.203236019287917,22.24384117126465,50311200
2017-11-01,22.446869866766733,22.519960378985996,22.219478538962132,22.3575382232666,46527700
2017-11-02,22.341295408329582,22.69050528705282,22.15450923333393,22.633657455444336,59692000
2017-11-03,22.519961394883943,22.59305191040039,22.430629747353972,22.59305191040039,37816100
2017-11-06,22.52808776413204,22.593056953650574,22.43063475434807,22.536209106445312,37261000
2017-11-07,22.528091438152302,22.55245546906556,21.94336863712529,22.073307037353516,68342100
2017-11-08,21.894634695890982,21.894634695890982,21.51294094134101,21.756576538085938,83128200
2017-11-09,21.512939453125,21.65099915036689,21.21245758494332,21.512939453125,95448600
2017-11-10,21.59415543936721,21.71597247809608,21.48857953654455,21.529186248779297,61105300
2017-11-13,21.326150379615232,21.50481520821831,21.228695851021712,21.43984603881836,55902200
2017-11-14,21.3261563193746,21.39924684893012,21.17997526026357,21.309913635253906,61596800
2017-11-15,21.106883162420292,21.87027222050774,20.960702114170836,21.756576538085938,98274900
2017-11-16,21.85403484214321,21.96773055216195,21.715975101839934,21.73221778869629,54565200
2017-11-17,21.529183714583702,21.707848580422933,21.47233587313429,21.61851692199707,48420700
2017-11-20,21.715972900390625,21.797184777451704,21.553550695256188,21.715972900390625,46328800
2017-11-21,21.76470117111484,21.813429230693647,21.675369493196047,21.707853317260742,57749100
2017-11-22,21.740332269737717,21.845906603003495,21.59415123214865,21.650999069213867,38103200
2017-11-24,21.699730623131565,21.715973308646685,21.577913579743672,21.59415626525879,14273600
2017-11-27,21.537308414943624,21.862154380307256,21.529187072186062,21.59415626525879,44828600
2017-11-28,21.6185197232982,22.49560458113896,21.57791301058149,22.446876525878906,99765000
2017-11-29,22.75548068266565,23.137174477140263,22.609299619125853,22.966630935668945,119728400
2017-11-30,23.341790939349472,23.4233473128206,22.90137905578245,22.974781036376953,122131900
2017-12-01,23.0400321418785,23.252082181890295,22.428349872625088,22.917695999145508,137774800
2017-12-04,23.529375180545326,23.904539509770654,23.50490733297436,23.700645446777344,145661700
2017-12-05,23.73327160452552,23.896385937793838,23.52937752124882,23.594623565673828,91349800
2017-12-06,23.431504783825957,23.627242892934007,23.30101271108726,23.358102798461914,74593800
2017-12-07,23.561998558611,23.627244599693523,23.137900069368765,23.472286224365234,80706100
2017-12-08,23.668025237289143,23.725115330933818,23.45597520690295,23.69249153137207,60991300
2017-12-11,23.676183295738966,23.790363493197,23.570157493309203,23.602781295776367,54001900
2017-12-12,23.912696838378906,24.05950082109668,23.57831068022768,23.912696838378906,76017200
2017-12-13,23.904537593884946,24.0105633692732,23.513061397654763,23.521217346191406,79980600
2017-12-14,23.700639514765996,23.79850932496587,23.41518758690322,23.431499481201172,60615800
2017-12-15,23.5783061244052,23.798512055933465,23.439658118137924,23.6843318939209,129859400
2017-12-18,23.88823351374204,24.05950381113884,23.87192161239324,24.04319190979004,70548600
2017-12-19,24.141060584498707,24.173682830016197,23.95347839490488,24.01872444152832,67984100
2017-12-20,24.271553861907634,24.3367999117143,24.01872561335537,24.04319190979004,81271200
2017-12-21,24.13290388495572,24.450978157921007,24.124747934932454,24.320486068725586,72953200
2017-12-22,24.450975125079744,24.491754870137846,24.157368738602496,24.369417190551758,54203000
2017-12-26,24.25523516944928,24.418351026090164,24.124743106371806,24.287858963012695,42371200
2017-12-27,24.18999357033172,24.24708366394043,24.14105942660831,24.24708366394043,35111800
2017-12-28,24.24708242517712,24.320484414806376,24.189992334485098,24.30417251586914,37914900
2017-12-29,24.344951487645478,24.369417779683598,24.0758113861084,24.0758113861084,40672000
2018-01-02,24.263394611108517,24.385730743408203,24.149214428373913,24.385730743408203,57121600
2018-01-03,24.385730454967018,24.41835425284149,24.21446018289095,24.30417251586914,57865700
2018-01-04,24.442821816807356,24.82614368382553,24.36941982336083,24.622249603271484,76512500
2018-01-05,24.769049193560495,24.80982738019766,24.50806351008306,24.736425399780273,56445200
2018-01-08,24.65487309352128,24.687496894741436,24.508069099207503,24.565160751342773,42914800
2018-01-09,24.630406090396505,24.907702170445393,24.573314439901864,24.687496185302734,69479100
2018-01-10,24.769054876137037,25.062661309578374,24.720119174239763,24.915857315063477,63532800
2018-01-11,25.005565643310547,25.030033488809313,24.834295391583545,25.005565643310547,59318300
2018-01-12,25.184994486017086,25.44598019862291,25.09528215428498,25.437824249267578,66371600
2018-01-16,25.886391512040113,25.927171260293417,25.30733308713825,25.47860336303711,104467900
2018-01-17,25.28286255222575,25.519380400203087,24.744582377173806,25.42966651916504,124382900
2018-01-18,25.552001273041718,25.861919532323807,25.45413144845427,25.67433738708496,76463800
2018-01-19,25.755898859120283,25.886390939467866,25.658029021065442,25.870079040527344,66491000
2018-01-22,25.82929738699692,26.049503326416016,25.755895407190554,26.049503326416016,53848800
2018-01-23,25.98425754576106,26.204463487305368,25.927167462158042,26.033191680908203,56531400
2018-01-24,26.10659117505525,26.26970702718096,25.951632826682683,26.171838760375977,81585000
2018-01-25,26.294176427264286,26.302330819841323,26.04134670091063,26.171838760375977,62265800
2018-01-26,26.188154636314124,26.26155662536621,26.057662557018922,26.26155662536621,52699900
2018-01-29,26.30233881839866,26.465454720128015,26.24524871946994,26.326805114746094,59126500
2018-01-30,26.057661941724522,26.2615560052573,25.976104005193758,26.00057029724121,60555800
2018-01-31,26.13921836081886,26.334958031013684,26.057661979757313,26.098440170288086,65734100
2018-02-01,26.098443134014424,26.5062313079834,26.06581933341446,26.5062313079834,62367400
2018-02-02,26.457295538409063,26.64487772460667,25.98426287564486,26.05766487121582,96971900
2018-02-05,25.380730631691502,26.08212506729201,23.774044610535178,24.67933464050293,155908300
2018-02-06,23.986101407875204,25.519385885967225,23.896387507551843,25.44598388671875,165878400
2018-02-07,25.380733052622876,25.886389445897773,25.16868304539565,25.486757278442383,101180500
2018-02-08,25.535692047756413,25.59278213657652,24.24708163014451,24.255237579345703,128981300
2018-02-09,24.605933335835612,24.96478728947749,23.757733364607194,24.736425399780273,143071100
2018-02-12,24.972943489804475,25.641715713163265,24.90769745717406,25.3807315826416,95055100
2018-02-13,25.315486347362558,25.609092725652964,25.087124448169423,25.42966651916504,76727300
2018-02-14,25.42151194059477,26.122906462371247,25.331798054721162,26.098440170288086,97251500
2018-02-15,26.416514516202138,26.481762110249775,25.992416044010348,26.269710540771484,68117400
2018-02-16,26.098442459192313,26.310490935255466,26.033196415267867,26.073974609375,62137800
2018-02-20,26.065819520745382,26.228935413740636,25.89454923312997,26.041353225708008,58573900
2018-02-21,25.935322833143037,26.40020102354345,25.910856542440808,25.992414474487305,72210300
2018-02-22,26.090278046678055,26.21261414490722,25.764047932870987,25.845605850219727,64749700
2018-02-23,25.935329252026055,26.147380861181713,25.90270700448649,26.12291145324707,53626300
2018-02-26,26.237088738468042,26.457294718355566,26.139220451132505,26.440982818603516,61796300
2018-02-27,26.359422909443783,26.791677306005937,26.359422909443783,26.36758041381836,69235500
2018-02-28,26.49806998165817,26.72643030376627,26.171838283352837,26.17999267578125,72044000
2018-03-01,26.253673243708846,26.48289047259095,25.67244205741464,25.77067756652832,90547100
2018-03-02,25.47597504642374,25.942597720273536,25.07484168534786,25.893478393554688,82739100
2018-03-05,25.6642601470623,26.48289526298212,25.516905295312046,26.302797317504883,70543100
2018-03-06,26.441968321109627,26.458341432041095,26.155446686937946,26.286428451538086,50832600
2018-03-07,25.950783781437266,26.38466022922709,25.852546691292538,26.34372901916504,52763900
2018-03-08,26.35191358423893,26.417406017555926,26.04083233311094,26.3601016998291,53139800
2018-03-09,26.581130347857084,26.793974481367357,26.523826037956212,26.785789489746094,73905800
2018-03-12,26.761226938215437,27.055936587534383,26.720295736443475,26.884023666381836,60322800
2018-03-13,26.990452013578555,27.00682512172333,26.441963820707272,26.4910831451416,63347500
2018-03-14,26.64661879278531,26.64661879278531,26.139065011614797,26.310977935791016,58011400
2018-03-15,26.433773602314506,26.474704803159142,26.139063959672402,26.278230667114258,41964200
2018-03-16,26.286424568796477,26.662996696042335,26.261866467452528,26.335540771484375,83447600
2018-03-19,26.302795138396046,26.376472558167215,25.934408039540195,26.17999839782715,57363200
2018-03-20,26.24549082555745,26.36009945123464,26.09813442458969,26.17999839782715,44784500
2018-03-21,26.196368808081893,26.56475586901565,25.934405369829115,26.089946746826172,64546300
2018-03-22,25.73793948919882,25.778870701543312,24.902929641395602,25.00935173034668,110271900
2018-03-23,25.123957113249507,25.140328658189592,23.7813920583645,23.879629135131836,115740200
2018-03-26,24.46905085758462,25.017537517878758,24.27257823379016,24.919301986694336,83297000
2018-03-27,25.091209650354948,25.10758275590461,23.912372595008996,24.16615104675293,85821800
2018-03-28,24.387184504065317,24.52635122390458,23.748647408599606,24.059728622436523,79396100
2018-03-29,24.207085402846086,24.67370804182505,23.99423968724725,24.550912857055664,65678300
2018-04-02,24.395365761100535,24.60821142700425,23.535798106980852,23.994234085083008,86644200
2018-04-03,24.18252232237696,24.27257127323541,23.82232183466766,24.223453521728516,69698700
2018-04-04,23.74045982551079,24.534536712733733,23.699528622795544,24.460859298706055,66640800
2018-04-05,24.70645346077907,25.009348136018065,24.657335700739722,24.821062088012695,55765500
2018-04-06,24.56728356022784,24.79650236107471,24.043356657063942,24.256200790405273,79687600
2018-04-09,24.411742100647345,25.074837280614084,24.362624343982304,24.452674865722656,65917500
2018-04-10,24.952041625976562,25.033905593119623,24.74738248883156,24.952041625976562,60540500
2018-04-11,24.68189688213258,24.755574312104596,24.469051146816277,24.477237701416016,62211500
2018-04-12,24.739197333368757,25.214006495907753,24.69826612819788,25.091211318969727,57989100
2018-04-13,25.48415512556677,25.51690133706517,24.198895991335313,24.395368576049805,99254500
2018-04-16,24.624586164612428,24.86199150205698,24.125217393729216,24.50179100036621,110588900
2018-04-17,24.698262799977147,24.861990721448247,24.460857469986568,24.591840744018555,83475900
2018-04-18,24.583651774390315,24.739191566925292,24.14977391815453,24.174333572387695,79743200
2018-04-19,24.19070951329743,24.755569171989873,24.182524521822817,24.706451416015625,80902600
2018-04-20,24.771944046020508,24.99297630581996,24.665520412150215,24.771944046020508,65554600
2018-04-23,24.780130881550814,24.886552955206973,24.657335700739722,24.821062088012695,50686300
2018-04-24,24.93566843704337,25.263124304522773,24.55909637543747,24.714637756347656,81486800
2018-04-25,24.632776754387198,24.837435915482853,24.395371378032003,24.673707962036133,65893500
2018-04-26,24.59184547975963,24.78831808650529,24.550912710796695,24.616403579711914,45936700
2018-04-27,24.550910668087166,24.73101015226283,24.534537561864283,24.68189239501953,47411200
2018-04-30,24.78012968303433,24.91111141108782,24.493606567382812,24.493606567382812,55153900
2018-05-01,24.49360783491205,24.526352487907257,24.24801747245895,24.51816749572754,52871700
2018-05-02,24.518165299299795,24.61640081091056,24.198895983001556,24.215269088745117,68234600
2018-05-03,24.157970835105356,24.166157390029046,23.273843201881157,23.904193878173828,110672700
2018-05-04,23.73227276555235,24.084286722512406,23.593104493298963,23.98604965209961,58281900
2018-05-07,24.10066265012513,24.38718578083835,24.01061212182015,24.264389038085938,46765200
2018-05-08,24.37080928364688,24.66551736555276,24.288945320340993,24.50179100036621,65119800
2018-05-09,24.640960016626142,25.2058196629945,24.624586911183517,25.148513793945312,72266500
2018-05-10,25.058468133634896,25.435040239806668,24.902926734316978,25.28768539428711,54773200
2018-05-11,25.3040521414967,25.40228920095885,25.222188185515755,25.312238693237305,42024800
2018-05-14,25.410478455110486,25.56601827044838,25.40229190249924,25.475969314575195,41791600
2018-05-15,25.312242375649408,25.672442897512294,25.25493806655367,25.557832717895508,64433500
2018-05-16,25.52509026213127,25.58239457615378,25.394108526815398,25.42685317993164,43590100
2018-05-17,25.410484208821707,25.443228865255826,25.107587939321668,25.222196578979492,45981500
2018-05-18,25.18944890516655,25.205822012135123,24.747384385567653,24.771944046020508,58641700
2018-05-21,24.98479362751025,25.115775380723424,24.952047408494124,25.00935173034668,34983300
2018-05-22,25.050281579836533,25.49234455496972,25.00116381847184,25.28768539428711,61103000
2018-05-23,25.140332712572093,25.18126548508695,24.62459227028984,24.919301986694336,73893100
2018-05-24,24.886553744413856,24.894740298250934,24.419931105678828,24.73101234436035,62146200
2018-05-25,24.567285460451394,24.714640303720138,24.460861824123768,24.690080642700195,44166700
2018-05-29,24.362620347045603,24.395364992308426,23.494866168342234,23.70771026611328,135895000
2018-05-30,23.977861861387453,24.231638718305536,23.87143825074675,24.14158821105957,79435300
2018-05-31,24.001859162283633,24.05117761069919,23.697725333476406,23.870342254638672,97509300
2018-06-01,24.2402286722933,24.379965557869962,24.09227178547037,24.166250228881836,64796600
2018-06-04,24.289547111965966,24.32242711695103,24.108711787962903,24.166250228881836,43777000
2018-06-05,24.09227150988406,24.116931513340777,23.886776184492817,23.93609619140625,47690800
2018-06-06,24.075835733116122,24.700540211598312,24.067615731056474,24.69232177734375,74995800
2018-06-07,24.82384169889864,24.914258596959773,24.56902630742153,24.733423233032227,68402700
2018-06-08,24.66765785217285,24.700536287382896,24.503260972708123,24.66765785217285,49572900
2018-06-11,24.76629584057425,24.99645116862538,24.708757400512695,24.708757400512695,46732800
2018-06-12,24.799177236966873,24.881375685013303,24.45394500941586,24.577241897583008,49644600
2018-06-13,24.642998554870136,24.955352321227608,24.412844798401345,24.527921676635742,68900200
2018-06-14,24.692319997965647,24.700538431627972,24.149810875758952,24.248449325561523,77863200
2018-06-15,24.042955503081757,24.174472399212668,23.730603266722103,24.067615509033203,105079500
2018-06-18,23.788139578383177,24.248448673539563,23.681281129986647,24.166250228881836,52644100
2018-06-19,23.870336940666444,24.141590698273795,23.79635850060945,24.051172256469727,65466200
2018-06-20,24.18268970218873,24.248448142914945,23.985414380010074,24.034732818603516,52256500
2018-06-21,24.01007616393838,24.207353081434896,23.83746082088532,24.075836181640625,68322600
2018-06-22,24.215575372343377,24.264895393474625,23.82924461364746,23.82924461364746,76079200
2018-06-25,23.72238031562659,23.763478752631336,23.22919123254526,23.41002655029297,73616400
2018-06-26,23.442908675177584,23.566205565152192,23.023697995019898,23.459348678588867,56369300
2018-06-27,23.43468863820172,23.714162424552892,23.212753295898438,23.212753295898438,61764400
2018-06-28,23.344274410636793,23.70594671154647,23.26207594663842,23.56620979309082,71292100
2018-06-29,23.91143661873389,23.977195061331585,23.163433746258264,23.171653747558594,102307600
2018-07-02,23.08124096295302,23.245637893676758,22.875745583451017,23.245637893676758,52534300
2018-07-03,23.28673152452521,23.36892997288055,22.801762403814184,22.83464241027832,40599000
2018-07-05,22.974384207501064,23.08124111571499,22.85930572811068,22.949724197387695,44506800
2018-07-06,22.85929944840417,23.13877321502642,22.711342563980047,23.040136337280273,39424900
2018-07-09,23.204536466940585,23.911441031166202,23.1963164641234,23.87856101989746,61758900
2018-07-10,24.018289829321184,24.108708262001247,23.63195923407812,23.697717666625977,58858400
2018-07-11,23.56620474223374,23.763480072865374,23.525106302945677,23.574424743652344,50218900
2018-07-12,23.755260050462155,23.8127984925366,23.557984720004786,23.64840316772461,51700700
2018-07-13,23.52510745659961,23.582645901546528,23.19631365495145,23.467567443847656,75178000
2018-07-16,23.656627603529177,24.536147537942934,23.61552758876833,24.478609085083008,129172000
2018-07-17,24.569019410933045,24.82383473088386,24.31420565878707,24.66765785217285,87778900
2018-07-18,24.593682956782438,24.897816757271944,24.527924509082688,24.766298294067383,59109200
2018-07-19,24.601902753641205,24.675881202662378,24.363527402838525,24.388187408447266,59260600
2018-07-20,24.34708916985964,24.790958299881687,24.21557070665508,24.766298294067383,80432700
2018-07-23,24.77452120225502,25.35812886588158,24.766301199352647,25.275930404663086,74080200
2018-07-24,25.358124344304013,25.571839678242657,25.19372745118045,25.341684341430664,64761500
2018-07-25,25.23482540642322,25.571837598898295,25.210165404118392,25.538957595825195,57644100
2018-07-26,25.63759368561504,25.654032117838927,25.390998388600423,25.432098388671875,46215000
2018-07-27,25.473202293258915,25.596499184351323,25.31702539504585,25.53074073791504,57198900
2018-07-30,25.596497777942147,25.85131311571124,25.588277776613634,25.736234664916992,58721000
2018-07-31,25.77733419994723,25.826652639211055,25.33346354315805,25.382781982421875,64066000
2018-08-01,25.662254441693776,25.9335081955099,25.62115600570536,25.686914443969727,69070700
2018-08-02,25.464984901227375,25.736238716551814,25.37456800798936,25.711580276489258,46427200
2018-08-03,25.62938095938858,25.900634765625,25.612940954694217,25.900634765625,50153800
2018-08-06,25.85131508500599,25.96639197676159,25.74445662740002,25.90885353088379,41261500
2018-08-07,25.933513207208584,26.139008562472693,25.884194760930637,25.900634765625,43946200
2018-08-08,25.90063378057746,26.22942602293445,25.875973774473785,26.139007568359375,43689600
2018-08-09,26.08146816928475,26.130788179690672,25.93351127367703,25.974611282348633,38219100
2018-08-10,25.67047838534814,25.752676837755203,25.39922458986838,25.63759994506836,55679800
2018-08-13,25.54718433397426,25.580064345718576,25.029336691443305,25.05399513244629,63960600
2018-08-14,25.160848578007382,25.399222344327704,25.004671689022036,25.308805465698242,42521200
2018-08-15,25.05399349106074,25.16907195682135,24.790959685559603,24.95535659790039,59747900
2018-08-16,25.119751486477465,25.349906846015895,25.086873045289188,25.25126838684082,44015400
2018-08-17,25.201949375999995,25.366346281670133,25.111530921100908,25.26770782470703,39843500
2018-08-20,25.226612022183033,25.42388738894922,25.19373201048604,25.374568939208984,40011000
2018-08-21,25.40744531253837,25.686919117966255,25.34168686230858,25.49786376953125,53510600
2018-08-22,25.415664542228274,25.55540144069461,25.38278453421028,25.464982986450195,33062900
2018-08-23,25.432103462776173,25.464981901588406,25.267706565299996,25.349905014038086,38259100
2018-08-24,25.432098841134692,25.5471757077727,25.358120407494628,25.39099884033203,43585000
2018-08-27,25.50608089893839,25.884191553220347,25.473200893624334,25.736234664916992,47729300
2018-08-28,25.77733423207497,25.818432670211894,25.637597347482536,25.70335578918457,38539000
2018-08-29,25.67869885061846,25.73623729799989,25.53896194934709,25.596500396728516,46401800
2018-08-30,25.49785928303457,25.604716157928966,25.44032084518337,25.489639282226562,47358900
2018-08-31,25.382785334141236,25.440325349986082,25.169071546509432,25.423885345458984,49266000
2018-09-04,25.407445050245222,25.612940401067526,25.333466598524787,25.596500396728516,44745600
2018-09-05,25.538957019159124,25.67869389345488,25.45675858113724,25.629375457763672,48516700
2018-09-06,25.645899111318762,25.69545753978163,25.381593794385957,25.480709075927734,42666000
2018-09-07,25.604601073653075,25.70371635162323,25.29899707734701,25.488967895507812,49103800
2018-09-10,25.505483742445314,25.604599012436505,25.39811031072331,25.4559268951416,34156200
2018-09-11,25.37333405630881,25.522006190929503,25.356816155538475,25.480709075927734,53071000
2018-09-12,25.505490770960133,25.571567110701576,25.09251325373006,25.133811950683594,59482300
2018-09-13,25.216397157072034,25.332030309110152,24.84471691783017,24.89427375793457,59219500
2018-09-14,24.886018946052697,25.10076739617402,24.869501046338637,25.08424949645996,33743900
2018-09-17,25.059473161141998,25.183366087834035,24.9025412804606,25.009916305541992,35026600
2018-09-18,25.05120647614118,25.109023054206443,24.88601490276877,24.952091217041016,49921700
2018-09-19,24.886019478088848,25.769792510115124,24.886019478088848,25.60460090637207,92666300
2018-09-20,25.85238387664769,25.91020203433027,25.72023123842637,25.76152992248535,83357400
2018-09-21,25.88542290555085,25.910202116064408,25.57981894408519,25.629377365112305,85992100
2018-09-24,25.588079581388214,25.769790647448087,25.3237742948107,25.389850616455078,45587700
2018-09-25,25.48070526976151,25.637637119017743,25.274216574828895,25.332033157348633,40949900
2018-09-26,25.365074443553976,25.389853657907835,24.828204068958676,24.88602066040039,57882400
2018-09-27,24.97687171975441,25.034688300815244,24.720826185606278,24.72908592224121,45879700
2018-09-28,24.489554348138366,24.654745903507354,24.299585162232432,24.332622528076172,74707600
2018-10-01,24.51433838438688,24.729086818527424,24.398705218074177,24.489559173583984,53900900
2018-10-02,24.431739807128906,24.547372960268515,24.17569429286968,24.431739807128906,42940300
2018-10-03,24.62171460037098,24.927318599992336,24.547378534932918,24.77864646911621,61080300
2018-10-04,24.91906345267785,25.431156267212188,24.894284234505733,25.133811950683594,72325700
2018-10-05,25.27421470258056,25.315511808354415,24.819938662150168,24.968610763549805,51931000
2018-10-08,24.819938809165457,25.125542750006396,24.704305652006862,25.001649856567383,47471600
2018-10-09,24.80342752236467,24.935580187304186,24.671274857425157,24.762128829956055,58868600
2018-10-10,24.76212338809176,24.886016287322143,24.126137843223102,24.150917053222656,88454400
2018-10-11,23.861833011381613,24.15917723532377,23.34148219486655,23.4240779876709,111417300
2018-10-12,23.944428499033148,23.98572718260086,22.903725303882247,23.506671905517578,102279200
2018-10-15,23.53145536593943,23.638830387225994,22.829393372317963,23.06066131591797,114636100
2018-10-16,23.324957957254515,23.605782650202404,23.04413326430663,23.564485549926758,87887800
2018-10-17,23.432335502420372,24.109618103499162,23.258884196441123,23.87009048461914,79068700
2018-10-18,23.680130232639087,23.870099507111014,23.242373509592152,23.333229064941406,77369200
2018-10-19,23.242366783608574,23.556230479232756,23.101954409331167,23.39103889465332,64305400
2018-10-22,23.39103715126938,23.41581635972456,22.556822704548065,22.614639282226562,89942900
2018-10-23,21.796940898627046,22.46596524382489,21.56567462408459,22.317293167114258,102392500
2018-10-24,22.18514558678657,22.21818295832817,21.54090030019655,21.631755828857422,86386600
2018-10-25,21.788691580125146,22.242967762289332,21.623501530106974,21.962142944335938,73780400
2018-10-26,21.747390630510793,21.95387933819714,21.37571032652184,21.796947479248047,91103500
2018-10-29,22.04473691305307,22.44945462851255,21.714355265268185,21.978660583496094,89367000
2018-10-30,22.102556296824257,22.18515211305123,21.739135650656063,22.119075775146484,79004800
2018-10-31,22.383380601553654,23.02762448716213,22.350341645684438,22.713762283325195,92296300
2018-11-01,22.93676738780494,23.12673663204748,22.804614733081095,22.969804763793945,49827300
2018-11-02,23.13499440545059,23.440596802781183,22.73027673780124,23.035879135131836,69010200
2018-11-05,23.08543085861169,23.324956864680807,23.03587245014223,23.176284790039062,41103100
2018-11-06,23.143252076991423,23.33322128814799,22.911984183811494,23.300182342529297,43514400
2018-11-07,23.473636724473682,23.680125435429506,23.242368801064973,23.572751998901367,56679200
2018-11-08,23.539715727763813,24.051808482378874,23.481899134178118,23.845319747924805,49421200
2018-11-09,23.746199765072433,23.86183292937087,23.4405958053618,23.556230545043945,43270600
2018-11-12,23.440596964730734,23.55623171013216,22.829390590462985,22.920246124267578,50307500
2018-11-13,22.920247113640805,23.242369001385356,22.870690263691767,22.92850685119629,57423400
2018-11-14,23.08544168193341,23.209334610426076,22.119074319076102,22.474233627319336,69213300
2018-11-15,22.416419556946384,23.10196218555546,22.20167105486129,23.044145584106445,66174800
2018-11-16,22.870689276457703,23.035879294285216,22.647681098237587,22.920246124267578,52456100
2018-11-19,22.94502533586441,23.143254302487698,22.746796369241125,22.920246124267578,46000000
2018-11-20,22.64767822683347,22.77157111834219,22.27599797692372,22.614639282226562,92330600
2018-11-21,22.78809181431328,22.928504185665272,22.507267071609295,22.523786544799805,40364400
2018-11-23,22.366854595954315,22.44119064958129,22.201663015586895,22.275999069213867,22974100
2018-11-26,22.44945681340663,22.903731426400146,22.383380477418772,22.76331901550293,53210700
2018-11-27,22.6559379707335,23.044136117695878,22.622899026115295,22.911983489990234,43617100
2018-11-28,23.027619357083704,23.51493281990239,22.763314070548233,23.481895446777344,61388100
2018-11-29,23.275407955300835,23.415820342998614,23.101956617375883,23.159774780273438,46824600
2018-11-30,23.077184240813406,23.64709208369486,23.01936764011971,23.457122802734375,64284600
2018-12-03,23.94443073339155,23.98572942081302,23.424079874951758,23.572751998901367,59908700
2018-12-04,23.391038375246854,23.391038375246854,22.07777019069144,22.292518615722656,103565700
2018-12-06,21.78587262260383,21.860624124491483,21.20447398859646,21.827402114868164,133294200
2018-12-07,21.719428470130637,22.043352194679514,21.0134428963552,21.121417999267578,107477600
2018-12-10,20.9137697066349,20.955297606425145,20.174562317891258,20.564929962158203,110166900
2018-12-11,20.938690928787427,21.096499838085933,20.37390406638159,20.41543197631836,78545000
2018-12-12,20.65629687343113,20.755964484121197,20.241011465783597,20.365596771240234,87191800
2018-12-13,20.48187302254072,20.614764205776662,20.166256858402328,20.26592445373535,64860100
2018-12-14,20.08320206077645,20.656296352448425,20.033368256688302,20.332372665405273,92762600
2018-12-17,20.14964516992105,20.70612759670482,20.06658778391687,20.324064254760742,98602800
2018-12-18,20.490179026769102,20.839018780636362,20.191173070829205,20.324064254760742,89046300
2018-12-19,20.30745686010355,20.96360697370318,19.9918390663716,20.083202362060547,121887600
2018-12-20,19.809113962219822,20.290844964442307,19.73436246323805,20.025062561035156,112594000
2018-12-21,19.858943953836864,20.357286656636074,19.319073352549296,19.410436630249023,160800400
2018-12-24,18.903793429143136,19.277549374832667,18.820736024260494,18.878875732421875,64859100
2018-12-26,19.02837696407025,20.08320226375696,18.845651957774855,20.025062561035156,100877800
2018-12-27,19.750973777499834,20.241010665893555,19.42705009508775,20.241010665893555,91575400
2018-12-28,20.423736562584633,20.55662776686772,20.149648255727254,20.25762176513672,78693800
2018-12-31,20.407121764052775,20.73934972588875,20.24100857522873,20.465261459350586,56257300
2019-01-02,20.000150580500197,20.8805554393568,19.94201086116842,20.73105239868164,71836300
2019-01-03,20.714434832758588,20.797492224131812,20.30745535763656,20.39881706237793,66599600
2019-01-04,20.84732857101637,21.304141903070118,20.789188865211877,21.246002197265625,83829100
2019-01-07,21.229393005371094,21.412119627967126,21.005140053203437,21.229393005371094,57016300
2019-01-08,21.362275743719906,21.420417017749497,20.839016950955457,21.187856674194336,67339400
2019-01-09,21.320752499068735,21.470255496536733,21.088192104764286,21.395503997802734,69707200
2019-01-10,21.229389295291806,21.41211588595427,21.113109889734304,21.370586395263672,65235800
2019-01-11,21.204476945234656,21.628068320265292,21.146335647957677,21.619762420654297,63476000
2019-01-14,21.40381207492091,21.99351664253726,21.270920860128825,21.90215492248535,76715400
2019-01-15,21.76925872493177,22.26760149469593,21.636367530886393,22.051652908325195,80625500
2019-01-16,23.3639557761229,23.85399267211382,23.13970286536162,23.62973976135254,163131700
2019-01-17,23.538378236925595,24.086554876341765,23.330735522474374,24.078248977661133,107428800
2019-01-18,24.103165066158553,24.46861507860376,23.845686976795868,24.335723876953125,97928200
2019-01-22,24.069941179787044,24.335723579843435,23.995189681747675,24.161304473876953,84861400
2019-01-23,24.269275945053458,24.3191113290268,23.770934778823495,24.020105361938477,79425900
2019-01-24,23.878913450776075,24.252670990637444,23.870607551647126,24.15300178527832,59492300
2019-01-25,24.319110598080258,24.684560564439707,24.20282962315872,24.568281173706055,72182100
2019-01-28,24.352337169193916,24.643037284733204,24.327421057471355,24.609813690185547,59963800
2019-01-29,24.53506741312839,24.667958642670733,24.368952584106253,24.410480499267578,51451900
2019-01-30,24.435397337781403,24.476925251479297,24.045029562780766,24.144697189331055,66475800
2019-01-31,23.878909336220552,23.953660831312455,23.239369471184478,23.64634895324707,100201200
2019-02-01,23.75432463856445,23.95366143577708,23.513458351815004,23.571598052978516,64244100
2019-02-04,23.646345513620897,24.061630832973346,23.60481761536076,23.986879348754883,55195900
2019-02-05,23.961969280472026,23.986885392030384,23.729408872735593,23.90382957458496,46622600
2019-02-06,23.81246516048032,24.003496066369905,23.7044916523391,23.8622989654541,35606900
2019-02-07,23.70449063346283,23.787546443453163,23.17292426123411,23.455318450927734,62289200
2019-02-08,23.380573762719976,23.52177089868165,23.13970899207271,23.496854782104492,50031300
2019-02-11,23.538374051929637,23.638041650000478,23.430398972467003,23.596513748168945,47724400
2019-02-12,23.770940869653597,23.970277704059264,23.73771727182515,23.82908058166504,49178100
2019-02-13,23.978580373638863,24.078247985322456,23.80415967691039,23.837383270263672,48951200
2019-02-14,23.55499035143387,23.77093896747328,23.347347634186924,23.579906463623047,47756600
2019-02-15,23.88721548736589,24.34402877627395,23.812463991480858,24.177915573120117,65867000
2019-02-19,24.02841346311364,24.30250176335422,23.878910465857313,24.19452667236328,40841300
2019-02-20,24.16961127219166,24.4603113771521,24.094859771367886,24.427087783813477,42806300
2019-02-21,24.360643198892706,24.460312398883726,24.177918180462054,24.327421188354492,42754100
2019-02-22,24.128084087891473,24.31081070035182,24.053332579919196,24.15300178527832,47887800
2019-02-25,24.18622477368605,24.576592517802126,24.18622477368605,24.310810089111328,61227400
2019-02-26,24.103166676515837,24.609813822587974,24.05333128442623,24.327421188354492,53153200
2019-02-27,24.335720013712436,24.643031858862024,24.26096852662707,24.526752471923828,48128600
2019-02-28,24.626936544255507,24.66867647775894,24.21787914527155,24.276315689086914,62358100
2019-03-01,24.485017456129658,24.75215684017699,24.38483939097374,24.468320846557617,45771500
2019-03-04,24.4850141980596,24.660325390685784,24.017520338183296,24.23457145690918,56893200
2019-03-05,24.226227450427515,24.368145453526147,23.95908805454219,24.276315689086914,39932500
2019-03-06,24.21787431942341,24.343095687257488,24.04256313063483,24.075956344604492,41672000
2019-03-07,23.934036531930644,23.975776453911504,23.591764076404516,23.833858489990234,53908600
2019-03-08,23.424800615034727,23.934035930234153,23.383060694103197,23.917339324951172,40860700
2019-03-11,23.95908267761524,24.259613634402506,23.95908267761524,24.15943717956543,40709300
2019-03-12,24.209525406983968,24.309703454097082,24.11769566315328,24.15943717956543,34450000
2019-03-13,24.251265910266394,24.635279909048624,24.1928293781699,24.451622009277344,54683300
2019-03-14,24.46831501953639,24.743802642763583,24.40987849222698,24.593536376953125,45219100
2019-03-15,24.57684513909205,24.718763123905834,24.426578850197906,24.459970474243164,82346200
2019-03-18,24.526756057054136,25.010946562438658,24.485016127665016,24.894073486328125,58568600
2019-03-19,25.052687888494187,25.161212659424294,24.660327141560753,24.752155303955078,55455100
2019-03-20,24.727106998261807,24.76049861632514,23.875599241922014,23.90899085998535,81689900
2019-03-21,23.750376106403703,23.87559745123234,23.408103687476725,23.52497673034668,77444400
2019-03-22,23.29958191399502,23.43315158692179,22.297807774768113,22.54825210571289,118851600
2019-03-25,22.46477045567392,22.85713116725707,22.214327719306137,22.406333923339844,65568000
2019-03-26,22.665129351815235,22.832092269906422,22.43972989007505,22.71521759033203,59878500
2019-03-27,22.615041088804347,22.84878885542356,22.498168001632937,22.564952850341797,57621700
2019-03-28,22.70686677795472,22.882176377251135,22.55660049725716,22.815391540527344,45872300
2019-03-29,22.999048879214794,23.107575231401054,22.790346070538522,23.032442092895508,83446300
2019-04-01,23.2912354215412,23.992477055073728,23.2494954926094,23.825515747070312,91751100
2019-04-02,23.76707972404148,24.10100555419922,23.66690324881525,24.10100555419922,66694000
2019-04-03,24.267962548101824,24.409880522920737,23.959083280262828,24.075956344604492,63110600
2019-04-04,24.084302691779268,24.468315067581408,24.075954388964966,24.334745407104492,53712100
2019-04-05,24.47667023600091,24.626936544255507,24.19283422980365,24.276315689086914,46383400
2019-04-08,24.1176946319506,24.376487245812573,24.10099961837561,24.351442337036133,35272800
2019-04-09,24.20952459548891,24.267961124231107,23.992473494249342,24.117694854736328,40535300
2019-04-10,24.126049221957025,24.334752072652634,24.000827829994936,24.267967224121094,42669700
2019-04-11,24.418233531386154,24.61858807698077,24.201182375589553,24.267967224121094,50440100
2019-04-12,24.677026624162142,25.228002067355114,24.677026624162142,25.186262130737305,100192000
2019-04-15,25.127815782987252,25.16120740080383,24.760498433349532,24.910764694213867,57438800
2019-04-16,24.45996811014725,25.086076525174324,24.209525381046838,24.94415855407715,105168400
2019-04-17,24.902424515534697,25.14452059085572,24.5935435905176,25.069387435913086,94831600
2019-04-18,25.002602586217016,25.17791221956555,24.894076210288137,25.069387435913086,61796600
2019-04-22,24.985902180608758,25.127820163691503,24.86068080548308,25.086078643798828,34763400
2019-04-23,25.03598883104755,25.219646730147822,24.977552299164557,25.102773666381836,41889700
2019-04-24,25.0025929123645,25.186250779899797,24.919111484475433,25.0610294342041,40078100
2019-04-25,24.9692079494531,25.311480483772847,24.960859644679896,25.111125946044922,43243800
2019-04-26,25.18625676855559,25.369914679760104,25.086078712813745,25.336523056030273,40627500
2019-04-29,25.403305478519027,26.021065585361733,25.386608872104787,25.68714141845703,68408600
2019-04-30,25.71218227495486,25.778967101943994,25.386606442417314,25.52852439880371,47764200
2019-05-01,25.51183344464643,25.78732111602932,25.194605844253733,25.261390686035156,56161000
2019-05-02,25.261389790232254,25.51183253996249,25.16956003893562,25.46174430847168,40634100
2019-05-03,25.59531261072596,25.712185675344223,25.461742939083347,25.637052536010742,35256100
2019-05-06,25.13616793805991,25.553573574535026,25.102774722849354,25.43669891357422,39882000
2019-05-07,25.177910766160366,25.18625907092502,24.73546016729177,24.977556228637695,58528400
2019-05-08,24.818945727700775,25.136174992121777,24.76885748310462,24.877382278442383,39903400
2019-05-09,24.560145947939432,24.860678494120698,24.443272887658285,24.8022403717041,44173500
2019-05-10,24.593534202057224,24.80223697672075,24.368136415550232,24.69371223449707,59649900
2019-05-13,24.176135072958516,24.20952829006499,23.416456898824784,23.583419799804688,72547000
2019-05-14,23.675246637134215,24.20117700354234,23.55002368069206,23.892297744750977,52216100
2019-05-15,23.458200953186367,23.78377689374849,23.383067798860274,23.6168155670166,51973200
2019-05-16,23.75873169814044,24.067612616981695,23.733688375177895,23.867258071899414,42791500
2019-05-17,23.58342346787014,23.908999423915805,23.558378551144905,23.70864486694336,43772500
2019-05-20,23.70864486694336,23.808822941567822,23.575075162295065,23.70864486694336,41717600
2019-05-21,23.850560840789164,24.000827143757775,23.750384366994318,23.95073890686035,39258700
2019-05-22,23.800470030160266,23.900646493122245,23.66690035136018,23.78377342224121,29177600
2019-05-23,23.48324340875902,23.541681542846167,22.957312940185453,23.17436408996582,59772900
2019-05-24,23.31627395820702,23.59176155374034,23.257837436772043,23.52497673034668,35524400
2019-05-28,23.41646018194359,23.583423106332635,23.274542173895842,23.29123878479004,44273400
2019-05-29,22.982357695967227,23.24949708084265,22.85713471606508,23.166015625,49818900
2019-05-30,23.182708728734823,23.316278400972983,22.523207078817347,22.673473358154297,58649300
2019-05-31,22.122498854694527,22.431379727984222,22.105802246997538,22.20598030090332,68304200
2019-06-03,22.197631066721254,22.531555245285052,22.039016484799916,22.272764205932617,50109900
2019-06-04,22.690177290464398,23.332982540803908,22.65678406548627,23.307937622070312,58426400
2019-06-05,23.241148800937644,23.383066798339346,22.92391958685086,23.299585342407227,44874400
2019-06-06,23.29958131835667,23.534592078943955,23.114931035603696,23.400299072265625,38633600
2019-06-07,23.29118906452554,23.324762718085953,23.014212826171782,23.106538772583008,51317200
2019-06-10,23.383515608399183,23.895501031237703,23.366728781190062,23.559772491455078,48305800
2019-06-11,23.819958183604353,24.088542574296696,23.618521091244876,23.70245361328125,38691800
2019-06-12,23.66888933513196,23.727641639581005,23.38351962705356,23.45905876159668,33528900
2019-06-13,23.475843163637386,23.63531484215167,23.34155172937699,23.450664520263672,33404200
2019-06-14,23.425482705928506,23.643706672195336,23.316371523235123,23.534595489501953,37322100
2019-06-17,23.50941408088143,23.685670967462354,23.324763780528084,23.44226837158203,33410100
2019-06-18,23.51780497801555,24.172475173408483,23.358333335164534,24.021398544311523,60170700
2019-06-19,24.088548985040127,24.31516477370453,23.752818807545946,23.76960563659668,61953500
2019-06-20,23.996217226306996,24.013004051300392,23.37511910946905,23.72763442993164,60887200
2019-06-21,23.66048835438795,23.962643195062924,23.56816241927297,23.601736068725586,69444000
2019-06-24,23.568164478939387,23.81996046832008,23.40869283186236,23.48423194885254,40046400
2019-06-25,23.51781123995187,23.51781123995187,22.980643879130824,23.29958724975586,46901300
2019-06-26,23.45066012845418,23.65209724211989,23.37512101071956,23.425479888916016,42312300
2019-06-27,23.56816923550738,23.769606387842295,23.55138240592609,23.67728042602539,35575600
2019-06-28,24.34873688933545,24.56696085053032,24.11372610015327,24.340343475341797,101856900
2019-07-01,24.743212800637725,25.053762652867203,24.550169119973848,24.692853927612305,48029900
2019-07-02,24.625711583187666,24.70125070345167,24.281589635709388,24.46623992919922,32263500
2019-07-03,24.49981515506689,24.541780624181854,24.28159119373301,24.382308959960938,26642300
2019-07-05,24.642493843242907,24.818750690607533,24.466235394998648,24.558561325073242,33092000
2019-07-08,24.34873756000376,24.59214016900391,24.28998526130993,24.508209228515625,30924400
2019-07-09,24.315162365517917,24.692857977351633,24.28998372531565,24.634105682373047,28750100
2019-07-10,24.483028057497897,24.676071774709268,24.306769567219682,24.35713005065918,40574800
2019-07-11,24.424274072512745,24.760002601166136,24.365521780108388,24.642498016357422,37376800
2019-07-12,24.70964514515025,24.785184268557654,24.642499435552562,24.71803855895996,29632900
2019-07-15,24.760004686777382,24.785184928877356,24.407489301777893,24.524993896484375,46462100
2019-07-16,24.48302364061458,24.50820387779166,24.222834259970274,24.331945419311523,54920400
2019-07-17,24.42427586258929,24.860723782266298,24.340343324054476,24.499814987182617,84958300
2019-07-18,24.575357781701726,24.827153834027744,24.491425230632967,24.743221282958984,49468800
2019-07-19,24.79357735791042,24.852329652929548,24.659284339592446,24.676071166992188,44863200
2019-07-22,24.583745033153296,24.852327848528866,24.575351620062825,24.818754196166992,31224300
2019-07-23,24.96983288536387,25.414674181991312,24.92786742002614,25.389493942260742,64030300
2019-07-24,25.238412771964562,25.80915199914328,25.2132341360406,25.742006301879883,53171900
2019-07-25,25.800763028982512,25.926661032917227,25.355921707474547,25.46503448486328,43251900
2019-07-26,25.658074132562383,26.01058944825787,25.53217614857394,25.825939178466797,46978800
2019-07-29,25.78397330075678,25.893086065869895,25.590929609716405,25.61610984802246,39176700
2019-07-30,25.35592681926116,25.935059675170727,25.305567927710854,25.926666259765625,37598300
2019-07-31,25.87630044619921,26.069344146235654,25.67486333300294,25.750402450561523,60607600
2019-08-01,25.641288849574924,26.077736714465686,24.64249672911468,24.75160789489746,76913400
2019-08-02,24.642497458933118,24.760002041083823,24.264801872191757,24.659282684326172,57492300
2019-08-05,23.945862353858413,24.038186704991148,23.25761682203248,23.568166732788086,96207700
2019-08-06,23.845139378508865,23.912285078659746,23.240828077150923,23.853532791137695,65115800
2019-08-07,23.173684145574942,23.442266966676243,22.762416500653593,23.408693313598633,75388500
2019-08-08,23.59334200908514,23.91228366573634,23.559768360553605,23.819957733154297,53141900
2019-08-09,23.727639086597435,23.937469637555925,23.47584146491921,23.777997970581055,53499600
2019-08-12,23.358331800832886,23.375118625478702,23.047781948404086,23.19886016845703,55674700
2019-08-13,23.140106586348796,23.710845785285795,22.98063496290943,23.26600456237793,69919200
2019-08-14,22.611340350550023,22.728844945407328,22.0573878306798,22.17489242553711,106591700
2019-08-15,22.3091837476975,22.519014295211917,21.99863383298895,22.032207489013672,70192000
2019-08-16,22.26721525887868,22.762415411928767,22.19167614394698,22.68687629699707,70841700
2019-08-19,23.198857697228096,23.24921816580097,22.779196731064754,22.888309478759766,44964800
2019-08-20,22.678486774543135,22.712058830894268,22.409903920213697,22.42668914794922,47665000
2019-08-21,22.602947235107422,22.728845245672034,22.48544263869779,22.602947235107422,47785400
2019-08-22,22.73724016799636,22.91349707430199,22.628127377624164,22.8211727142334,49353700
2019-08-23,22.619737664022058,22.846353478758985,22.040604802182536,22.216861724853516,81880700
2019-08-26,22.40990506423985,22.493836009842408,22.2336465565381,22.47705078125,41499100
2019-08-27,22.544198525482976,22.577770586566835,22.057391633164624,22.216861724853516,52517000
2019-08-28,22.00702892464758,22.728846575404802,21.99863551000155,22.535802841186523,45897900
2019-08-29,22.66169678935229,23.03939237619344,22.59455108512274,22.93867301940918,55432900
2019-08-30,23.08135878378411,23.240830438173,22.955460783321275,23.089752197265625,41326200
2019-09-03,22.83795236579935,22.854739191123485,22.334360413113497,22.70366096496582,50743100
2019-09-04,22.93027889741273,23.14850282963265,22.795987493105056,23.07296371459961,40862500
2019-09-05,23.529186526784002,24.019201830319883,23.4869428557879,23.75729751586914,63413700
2019-09-06,23.67281342131531,23.731952953365663,23.292628413232503,23.427804946899414,56054100
2019-09-09,23.655914030071887,24.374040313985322,23.630567827781555,24.18817138671875,68629300
2019-09-10,24.40783500174651,24.79646873474121,24.34024673662978,24.79646873474121,71066200
2019-09-11,24.813366998836493,24.897851124365552,24.416284518551752,24.889402389526367,53982200
2019-09-12,24.686637049681003,25.176652379655025,24.424732721099552,25.066822052001953,72943900
2019-09-13,25.34562680742145,25.615979902204895,25.235796466952507,25.4892520904541,79657000
2019-09-16,25.075272365206246,25.48925072077702,25.041477424458524,25.455455780029297,43391300
2019-09-17,25.218894416213804,25.362519673165785,24.999232163732465,25.294931411743164,48284900
2019-09-18,25.15130695997553,25.472350809152946,24.965438026539534,25.345623016357422,66640400
2019-09-19,25.345622193504678,25.43010792310261,25.134408675225473,25.19354820251465,43035700
2019-09-20,25.320269371273614,25.455445858716242,24.98232815266704,24.999225616455078,167269000
2019-09-23,24.762677578663116,25.024583555995804,24.644398499500994,24.94009780883789,52048300
2019-09-24,25.007680610062575,25.04147393466938,24.281105599557023,24.450077056884766,64806900
2019-09-25,24.31489812191123,24.847155420224553,24.31489812191123,24.711978912353516,45807700
2019-09-26,24.678183956998428,24.779567143524105,24.543007449251576,24.610595703125,33198100
2019-09-27,24.847159530720923,25.100615122050815,24.678188062213422,24.79646873474121,41336600
2019-09-30,24.91474890070302,24.94009510553255,24.568358825189907,24.64439582824707,39191000
2019-10-01,24.872502950907148,24.931642474836973,24.002302724912255,24.02764892578125,49434400
2019-10-02,23.82488466558127,23.909368780766123,23.495390492921757,23.520736694335938,52293100
2019-10-03,23.45315359351742,23.55453519860917,22.946240733763982,23.49539566040039,53015800
2019-10-04,23.529179572108553,23.993848535701485,23.52073084040658,23.968503952026367,42641800
2019-10-07,23.934719354851755,24.179727845656192,23.807991547491163,23.917821884155273,36742400
2019-10-08,23.546081500951473,23.588323556041612,23.199689881201703,23.34331512451172,58201100
2019-10-09,23.512287953125647,23.715052730081602,23.44469969414033,23.562978744506836,37511400
2019-10-10,23.689712206731187,24.28955790676773,23.689712206731187,24.036102294921875,48239300
2019-10-11,24.492324297895244,24.788023605070954,24.382493955394796,24.42473602294922,70008600
2019-10-14,24.28110962042805,24.635948450431446,24.27266088501946,24.619050979614258,36040100
2019-10-15,24.788022933952696,25.548391409366943,24.59370685017279,25.117515563964844,78656000
2019-10-16,25.658223580409533,25.953921270684205,25.472354619172247,25.4892520904541,87131700
2019-10-17,25.59908187409826,25.801848302206874,25.34562625610977,25.565288543701172,55575900
2019-10-18,25.455454150250294,25.759602151780907,25.430109557743652,25.64132308959961,48872900
2019-10-21,25.91167154376657,26.31720106605697,25.877876611193496,26.20737075805664,61087400
2019-10-22,26.165129819561088,26.50307273479167,25.979262505329267,26.359447479248047,58662100
2019-10-23,26.30030822620649,26.56221416542593,26.266514899119976,26.545316696166992,47771200
2019-10-24,26.57065826382186,26.629797784477702,26.35944476923323,26.49462127685547,39491000
2019-10-25,26.494624530753242,26.90860283761735,26.477727062367453,26.798770904541016,43702000
2019-10-28,27.009988265729074,27.22965055168514,26.81567218595577,26.900157928466797,58790300
2019-10-29,26.984640652805204,27.153610507496843,26.87480871639588,27.094470977783203,48266600
2019-10-30,27.043777769365338,27.043777769365338,26.63824980784116,26.71428680419922,45262400
2019-10-31,26.53686578319766,26.71428597298983,26.038401760996113,26.41858673095703,49430900
2019-11-01,26.781873688565415,26.90015273840141,26.503071920072582,26.866357803344727,41985300
2019-11-04,27.23810111964211,27.45776179594997,27.119818823162294,27.37327766418457,54228600
2019-11-05,27.466199668211246,27.95621649140882,27.45775254702527,27.728105545043945,68785600
2019-11-06,27.677416698576057,27.930875486725252,27.60137970670377,27.7027645111084,47524500
2019-11-07,27.973119449149923,28.38709614864802,27.888632106391317,28.074501037597656,68310700
2019-11-08,27.93932287136068,28.108294324092757,27.821043821306944,28.099843978881836,38724000
2019-11-11,27.905529584675946,28.091398515947112,27.854840401865694,28.032258987426758,27784000
2019-11-12,27.990021291260998,28.15054243329057,27.871742215779935,27.956226348876953,37282200
2019-11-13,27.643624986636883,27.787248625249884,27.440858600690003,27.7027645111084,48887800
2019-11-14,27.618277712565007,27.7619045768406,27.449309480987743,27.626728057861328,35554600
2019-11-15,27.812592669560495,27.846387603699373,27.626726977521272,27.821043014526367,36398300
2019-11-18,27.76190755301083,27.905531209820932,27.668973081962985,27.846391677856445,31133700
2019-11-19,27.981568480795193,28.006916296783203,27.72811288095474,27.82949447631836,33183700
2019-11-20,27.702762018121497,27.736556949881813,27.39016373363168,27.618274688720703,43612200
2019-11-21,27.694314159089593,27.913978012382618,27.56758798790888,27.745006561279297,42787600
2019-11-22,27.84639005615559,28.15053804446747,27.829492587597976,28.032258987426758,38783900
2019-11-25,28.15898460023599,28.311055351062006,28.099841856813118,28.277263641357422,50238800
2019-11-26,28.201230153478612,28.218127621858475,27.98156628740296,28.17588233947754,50626600
2019-11-27,28.294166252712674,28.387097499876795,28.14209225137104,28.235023498535156,32097700
2019-11-29,28.192783370398228,28.319512787829897,28.082954646344607,28.150541305541992,19503400
2019-12-02,28.260372430350678,28.51382803497791,28.16743795665269,28.24347496032715,47158800
2019-12-03,27.770351150942968,27.795698963469004,27.499998118322605,27.745006561279297,58745100
2019-12-04,27.947768900853553,28.133634569581147,27.753449665358044,28.006908416748047,46637900
2019-12-05,28.16830906029748,28.219278216952514,28.032394549674933,28.10884666442871,38304500
2019-12-06,28.610034184778982,28.71196926530903,28.516592344102364,28.601537704467773,50908500
2019-12-09,28.457138242655056,28.62703225338952,28.4061690672971,28.46563148498535,32974500
2019-12-10,28.372186190573068,28.56756312284714,28.287237584937838,28.482614517211914,41960100
2019-12-11,28.440141002153347,28.677990610053968,28.440141002153347,28.5760555267334,43107800
2019-12-12,28.694981905812945,29.569934743754327,28.61003653845928,29.459503173828125,64942500
2019-12-13,29.46799907855478,29.697355479695233,29.17918026679921,29.255632400512695,48539600
2019-12-16,29.688860501064188,29.807785315335266,29.476493835449222,29.47649383544922,50777100
2019-12-17,29.603907663412702,29.96068529573995,29.510469065869028,29.765308380126953,50840500
2019-12-18,29.824777603149414,29.96069215121687,29.773808432452206,29.824777603149414,48757900
2019-12-19,29.858761589999297,29.92671725413577,29.63789839052318,29.688867568969727,45409500
2019-12-20,29.935208151628142,29.935208151628142,29.654882583168344,29.697355270385742,109395500
2019-12-23,29.765309821352105,29.892727864421754,29.688857699327176,29.8757381439209,33995400
2019-12-24,29.8927190677502,29.96917116727721,29.833256683724404,29.91820526123047,13805400
2019-12-26,30.003161671545715,30.20703509234693,29.97767870911735,30.17305564880371,26992100
2019-12-27,30.325963683835468,30.342953407724515,29.952196239193366,30.028648376464844,28111300
2019-12-30,30.215525701757745,30.283484582926143,29.807782136120768,29.85875129699707,30705100
2019-12-31,29.756804584197397,29.952181451775996,29.705838678150652,29.91820526123047,29630100
2020-01-02,30.02863452299027,30.291970261094924,29.977668615294338,30.274980545043945,37614200
2020-01-03,29.714340834816813,29.858751839695508,29.527457148664816,29.646385192871094,50357900
2020-01-06,29.23014818275296,29.64638827966942,29.196168738013206,29.603912353515625,42185000
2020-01-07,29.476493892209678,29.663374354799164,29.332082874275176,29.40853500366211,34149000
2020-01-08,29.366060750173457,29.89272914645628,29.349071028943946,29.705848693847656,45311600
2020-01-09,29.98617325724375,30.011659461241468,29.680364732936983,29.756816864013672,39861600
2020-01-10,29.73132547107501,29.790787862780572,29.442506751166274,29.510465621948242,39730400
2020-01-13,29.595415359834632,29.79079228162693,29.442511118352343,29.782299041748047,37956100
2020-01-14,29.98617456812671,30.300476347200654,29.824777057890547,30.003164291381836,66719300
2020-01-15,29.535956454146934,29.552946176372807,29.17068552743615,29.451007843017578,74745500
2020-01-16,29.646383008709584,29.722835125552173,29.391540458929214,29.493478775024414,50368500
2020-01-17,29.663374481422732,29.68886068496594,29.391545406988435,29.484987258911133,54156100
2020-01-21,29.2386405169518,29.32358912616673,29.068749779438146,29.102725982666016,50811000
2020-01-22,29.196164901216655,29.264123781765385,29.077240100714153,29.187671661376953,38879700
2020-01-23,28.95831602010251,29.102723784171804,28.652507530946522,28.98379898071289,45717100
2020-01-24,28.983800719320485,29.000790440899163,28.261755374746045,28.491111755371094,47797200
2020-01-27,27.667126285367463,28.142828737316947,27.5821809234462,27.90497589111328,57096200
2020-01-28,28.049383428165438,28.448633708857308,27.98992103407824,28.23626708984375,38834600
2020-01-29,28.312725872284588,28.406164484678786,28.01541059134892,28.0408935546875,37414700
2020-01-30,27.777551308194706,28.47411348141333,27.752065113252602,28.440134048461914,50542800
2020-01-31,28.09185920630143,28.176804567105115,27.73508480237657,27.887989044189453,54845300
2020-02-03,28.032391371958077,28.372179230225285,27.964432504121767,28.006908416748047,48485500
2020-02-04,28.508102753249865,28.79692155210159,28.482616549511814,28.55906867980957,45061600
2020-02-05,28.96681207312757,29.569935869958208,28.941329110042535,29.484987258911133,54604800
2020-02-06,29.680364232379574,29.739826639941032,29.39154543545612,29.451007843017578,39511500
2020-02-07,29.15369547143272,29.442514265049518,29.08573982376543,29.400041580200195,31263000
2020-02-10,29.255628043526688,29.467994689941406,29.204662122280187,29.467994689941406,24373800
2020-02-11,29.603909163426984,29.76530988831932,29.527457041230047,29.535953521728516,32476300
2020-02-12,29.79929747063516,30.1135992853315,29.544454833383202,29.663379669189453,36656700
2020-02-13,29.527461129573467,29.75681752792073,29.349073899900585,29.654882431030273,31775100
2020-02-14,29.62939855729954,29.697354206320842,29.47649429642886,29.603912353515625,26447700
2020-02-18,29.5359584917472,29.58692766194103,28.89036196445897,29.111225128173828,40318000
2020-02-19,29.26412242449666,29.60390709010777,29.230142985798256,29.493478775024414,29632100
2020-02-20,29.27262086844855,29.7992925405401,29.27262086844855,29.603912353515625,42604100
2020-02-21,29.332079421856335,29.42552126238195,29.000787980325722,29.187671661376953,46675500
2020-02-24,28.185300143047442,28.21078310237929,27.624652354542928,27.80303955078125,79159600
2020-02-25,27.76906065172146,27.82852305162464,26.197548813495587,26.40142059326172,91586800
2020-02-26,26.664752124929635,26.843140927152763,25.959695015669833,26.01915740966797,80012800
2020-02-27,25.10174068334248,25.738840717135226,24.558082506312672,24.744964599609375,121148300
2020-02-28,23.78506362647341,24.422163545039663,23.53022430713846,24.209796905517578,171198800
2020-03-02,24.082379030606294,24.957328613333715,23.30936453507576,24.948835372924805,147776300
2020-03-03,24.948831186516955,25.27162773544724,23.462264849137707,23.572694778442383,138698500
2020-03-04,23.99742919429937,24.141838567534396,23.27538232812425,24.11635398864746,111239800
2020-03-05,23.2871165506602,23.381154621711016,22.569011498521885,22.893869400024414,110878700
2020-03-06,21.7739704662528,22.406586626274148,21.457663201525865,21.979143142700195,119121200
2020-03-09,19.004130760493748,20.081288187439586,18.388612929624824,18.747665405273438,145196000
2020-03-10,19.876120052284456,20.243721673281993,18.45700795534093,20.183879852294922,134863600
2020-03-11,19.525612251793117,20.48308443744573,19.029778033724124,19.380281448364258,127347000
2020-03-12,17.602116606673196,19.55125879473603,17.22596601657681,17.53372573852539,139552600
2020-03-13,18.969941336645537,20.731007946917604,18.362970771541764,20.654067993164062,128357400
2020-03-16,16.96950315200339,18.57668960395803,16.738683326763482,17.473886489868164,121688800
2020-03-17,18.00391509423369,19.397381455964375,17.123382756157703,18.7904109954834,120065700
2020-03-18,17.328558308309724,17.926978175646713,16.841273023434603,17.773099899291992,148272500
2020-03-19,17.320007816065402,18.593789029794763,16.242850186947148,18.12360191345215,122461300
2020-03-20,18.602331536159795,18.670722394983052,16.72158047267016,16.81561851501465,150910400
2020-03-23,16.465119866498505,16.815623321984624,15.345218621666454,15.456353187561035,181898500
2020-03-24,16.60190310026503,18.08085699577868,16.25139961359572,17.978271484375,147882400
2020-03-25,18.559586616244147,18.8929934866867,17.44823472961358,18.03810691833496,146991300
2020-03-26,18.217638599192743,19.619654163700346,18.09795496011997,19.42302894592285,116111400
2020-03-27,18.533946069761523,18.978487596734766,18.03811179138896,18.46555519104004,91522800
2020-03-30,18.508303991694362,19.106725568746608,18.183447635667576,18.841711044311523,80449100
2020-03-31,18.653625633195848,19.226399729080203,17.918422624296483,18.149242401123047,95213700
2020-04-01,17.037891430879746,17.39694389406506,16.678838967694432,16.90110969543457,83961300
2020-04-02,16.79852601755202,17.77309812032139,16.747233263901183,17.58502197265625,70007400
2020-04-03,17.439691702321745,17.730353366574384,16.824173747145906,17.123384475708008,68293500
2020-04-06,17.97826602235037,18.46555112989275,17.790189924304673,18.28602409362793,97766200
2020-04-07,19.491415865171614,19.559806735097702,18.679274488620187,18.92719078063965,94560300
2020-04-08,19.158015014308948,20.17533086677399,19.158015014308948,20.04709815979004,81212300
2020-04-09,20.577122108640815,21.645730457702488,20.560023983719763,21.252483367919922,125275700
2020-04-13,21.184097748874272,21.24393957036166,20.329210857757644,20.448894500732422,83164700
2020-04-14,20.944729930520424,21.07296264479788,19.747888546318457,20.286466598510742,88991100
2020-04-15,18.9442929923295,19.363187364809423,18.730571273886643,18.969940185546875,99082200
2020-04-16,18.935743022052744,18.987035775466378,18.02956343576479,18.311676025390625,89213300
2020-04-17,19.0981717533098,20.004351328990744,19.072524561619574,19.901765823364258,92800300
2020-04-20,19.29479474151675,19.77353089113199,18.96138941256989,19.234952926635742,74446300
2020-04-21,18.722022834952075,19.123820722611118,18.380068400132846,18.499752044677734,78871300
2020-04-22,18.944287725920447,19.00412952955798,18.593784335557583,18.63652801513672,49669500
2020-04-23,18.773313204489487,19.14091478662247,18.679276765980628,18.696374893188477,50614800
2020-04-24,18.901549627666743,19.063976962483142,18.525398940145,18.96139144897461,47633500
2020-04-27,19.25205585901901,20.21807746299386,19.192214029202106,20.064197540283203,66916700
2020-04-28,20.901990051232616,21.209748295560757,20.38905746992875,20.42325210571289,65504900
2020-04-29,21.29523378338232,21.466211825523615,20.953279329667186,21.184099197387695,73493900
2020-04-30,20.69680408151915,20.842134870695254,20.38904601016791,20.560022354125977,55244100
2020-05-01,19.98725266497459,20.055643543746513,19.499967449903757,19.73078727722168,51772600
2020-05-04,19.405926974835328,19.653843247361568,19.175107195521125,19.602550506591797,45886100
2020-05-05,20.072739552871028,20.106935803931954,19.33753809129806,19.371732711791992,45691900
2020-05-06,19.662394092015447,19.730784962764993,19.00413094194668,19.106718063354492,53874600
2020-05-07,19.371732014341447,19.978702404283855,19.328988332621208,19.525611877441406,51884300
2020-05-08,20.064192087417485,20.19242640853771,19.876117583310755,20.149681091308594,45181000
2020-05-11,19.756431433229668,19.764980495583746,19.286242787157086,19.303340911865234,68951800
2020-05-12,19.414478299679438,19.50851636875545,18.679276765980628,18.696374893188477,69588700
2020-05-13,18.51684759541847,18.593787536359116,17.71325356257564,17.841487884521484,112113400
2020-05-14,17.345653625702436,18.627983801382342,17.183224680224182,18.55959129333496,88359100
2020-05-15,18.294577243769673,18.551044262809274,18.149246422150718,18.328773498535156,64484000
2020-05-18,19.166558133631693,19.713685050020768,18.867347489768854,19.602550506591797,86589400
2020-05-19,19.371739369861864,19.662401081512233,18.9699430652005,18.98703956604004,62179000
2020-05-20,19.388833271559417,19.66239679212431,19.354637016205206,19.58545684814453,59789500
2020-05-21,19.499964366601308,19.89321308028539,19.47431881022135,19.576904296875,57726000
2020-05-22,19.602552514752258,19.61965064028272,19.20075471762135,19.371732711791992,48107000
2020-05-26,20.303562224851415,21.030216356906912,20.260818535552303,20.75665283203125,119485500
2020-05-27,22.286897059879067,22.372386060026884,21.346521319387183,22.209957122802734,117672700
2020-05-28,22.295444529600015,22.346737273796233,21.19264156126318,21.252483367919922,84340800
2020-05-29,20.87633460625349,21.295228920213006,20.568574852908917,20.619869232177734,113811100
2020-06-01,20.75665425280267,21.261037647779403,20.56002902909317,21.038766860961914,58375500
2020-06-02,21.337971386316475,21.705572930567175,20.996017030234544,21.23538589477539,71118100
2020-06-03,21.79961530120734,22.346742379142373,21.705577223224513,22.218509674072266,86744600
2020-06-04,22.13242021270325,23.096571519401063,22.01190191509302,23.053529739379883,94545300
2020-06-05,24.92157862166795,24.973229100712338,24.00046883406483,24.19846534729004,118767900
2020-06-08,24.61166627785604,24.878528934776906,24.22428367753647,24.56862449645996,79598500
2020-06-09,23.862725594129717,24.5686229139024,23.71638124809544,24.293149948120117,77773400
2020-06-10,24.077944603606014,24.189855886885656,22.821105921437592,22.898582458496094,90415300
2020-06-11,21.504005527403205,22.115209111565477,20.38490259338981,20.600114822387695,149875500
2020-06-12,21.547050855736934,21.56426658769909,20.69481055089219,21.331838607788086,73729700
2020-06-15,20.453769264357373,21.667566034724814,20.393510106414706,21.650348663330078,76538900
2020-06-16,22.537017581879823,22.5886680403628,21.40069764362344,22.20989418029785,96796500
2020-06-17,22.29598084226658,22.29598084226658,21.45234951636114,21.521217346191406,58349500
2020-06-18,21.26296580531256,21.943035496741015,21.159663227886853,21.555654525756836,53419000
2020-06-19,21.89999476715702,21.943036552023408,21.0821877191848,21.736433029174805,127563600
2020-06-22,21.42652158328292,21.547041506358646,21.185485021008336,21.194093704223633,55484300
2020-06-23,21.52983072768951,21.874169951971165,21.31461850727111,21.340444564819336,46108300
2020-06-24,21.125225931776395,21.125225931776395,20.384895592846092,20.49680519104004,75437100
2020-06-25,20.4021191795155,21.323227221418424,20.272990533541943,21.280183792114258,65031900
2020-06-26,20.737848254824744,20.7550656253313,19.816740277928794,19.92864990234375,118139200
2020-06-29,20.15247318614969,20.522638486302355,19.88561047936436,20.135255813598633,66269200
2020-06-30,19.971697434119413,20.582899435295257,19.885612205829236,20.44516372680664,61716200
2020-07-01,20.68619606448242,20.72062916069242,19.997516078956842,20.02334213256836,57379900
2020-07-02,20.522635728359298,20.651762721261413,19.988908744574744,20.049169540405273,56000200
2020-07-06,20.50541717335856,20.729238047695063,20.19551109474822,20.3676815032959,59589000
2020-07-07,20.126643387598907,20.135252072274863,19.71343637478546,19.808130264282227,60645800
2020-07-08,19.825343811873093,19.963079456259404,19.541263840084028,19.885602951049805,52922600
2020-07-09,19.747872533864264,19.937258684540772,19.274404694264753,19.60152816772461,79385900
2020-07-10,19.54987806347073,20.703415740450946,19.52405364687232,20.67759132385254,81142900
2020-07-13,20.978885692301727,21.099403997237452,20.53985261325747,20.823932647705078,73598100
2020-07-14,20.565677311061496,20.78949819614293,20.186905021174873,20.7808895111084,67423100
2020-07-15,21.314617473191543,21.40931137100202,20.901410424100316,21.176881790161133,57384400
2020-07-16,20.445161754798978,20.84976015421696,20.264384270571476,20.600114822387695,78067100
2020-07-17,20.557064927552524,20.643150120471233,19.971689227969975,19.98890495300293,66659100
2020-07-20,19.96308989214985,20.4021231038668,19.89422203395538,20.29882049560547,61114000
2020-07-21,20.41072710749903,21.0735811700433,20.39351137697063,21.021930694580078,75499300
2020-07-22,20.866977395974892,20.944453929284247,20.634547796046824,20.927236557006836,52193700
2020-07-23,21.108015324547395,21.211316272584323,20.755067408533115,21.125232696533203,61047600
2020-07-24,21.14244739307215,21.374876977701817,20.892802079237196,20.961669921875,50217600
2020-07-27,20.849757349445856,20.892800774618507,20.557068626026968,20.7808895111084,54721300
2020-07-28,20.772281309728182,21.142446565137853,20.729239525492144,20.970277786254883,48406500
2020-07-29,20.970278349198335,21.770868036215344,20.82393398015287,21.753650665283203,71393500
2020-07-30,21.28018320850938,21.478179694000648,20.961670050088415,21.383485794067383,61755900
2020-07-31,21.460956854044984,21.478174220907118,21.056356942477226,21.41791343688965,61955800
2020-08-03,21.547044219007848,21.788080811627555,21.254355520593652,21.512609481811523,58284000
2020-08-04,21.4867836958897,21.572868898011485,21.400700135706572,21.529827117919922,37985300
2020-08-05,21.796693507989648,22.02912310103165,21.736434348742968,21.856952667236328,51322600
2020-08-06,21.908603668020067,22.097989822009456,21.762259299320444,21.925819396972656,51999700
2020-08-07,21.81390879923538,22.545630610168455,21.745040960673375,22.476762771606445,63354500
2020-08-10,22.64893117437453,23.07935556878953,22.562845967103776,22.86414337158203,64051100
2020-08-11,23.483955465723437,23.888553803917052,23.053531072860064,23.174049377441406,81441000
2020-08-12,23.65612316273967,23.73359968128954,22.735015266578632,23.010486602783203,61971300
2020-08-13,22.80388316762295,22.95883620517791,22.502585777037044,22.683364868164062,55955500
2020-08-14,22.433718997728494,22.95022859988765,22.313200692602237,22.786666870117188,50931900
2020-08-17,22.648936030627993,22.735021256356642,22.2443376042242,22.295988082885742,57518700
2020-08-18,22.270159120543234,22.3734600567889,21.917209602877342,21.97747039794922,45850100
2020-08-19,22.089382496543454,22.450939097829643,21.856952901015415,21.95164680480957,59856000
2020-08-20,21.658952171935535,21.805296509932607,21.538433884857426,21.607301712036133,49403700
2020-08-21,21.504005432128906,21.891388099384383,21.435137584832265,21.504005432128906,55010700
2020-08-24,21.710607657096975,22.12381635775141,21.555656241532823,22.11520767211914,54579500
2020-08-25,22.41650528419156,22.545632285850214,22.149640953232915,22.382070541381836,57304700
2020-08-26,22.33041937723893,22.33041937723893,21.986080169504945,22.0032958984375,39478000
2020-08-27,21.943040609539302,22.571459979647997,21.899998816713996,22.42511558532715,52934800
2020-08-28,22.726406935956426,22.78666608644715,22.37345907570618,22.640321731567383,46466400
2020-08-31,22.459544389883682,22.502586171319255,22.115205212582985,22.158246994018555,49416200
2020-09-01,22.020513771540063,22.295985144010043,21.865560714040974,22.132423400878906,46109200
2020-09-02,21.97746868185956,22.519802659648615,21.943033944507288,22.39928436279297,57300900
2020-09-03,22.711351035944638,23.075426184420518,22.069883959706196,22.243253707885742,86192500
2020-09-04,22.76335762776497,23.19678027493481,22.364607932613104,23.006074905395508,99621400
2020-09-08,22.65933899679817,22.815371438639787,22.009204924709074,22.087221145629883,74978600
2020-09-09,22.225915109286568,22.295262673848445,21.870508634234895,22.11322593688965,53822700
2020-09-10,22.277926506911427,22.442625935572174,21.740481653968736,21.792491912841797,56609600
2020-09-11,21.8618416238193,22.173906514472037,21.74915244295941,22.10455894470215,47708300
2020-09-14,22.251922420231406,22.529312695360467,22.139233240976395,22.321269989013672,47802400
2020-09-15,22.33860869101527,22.390618957509194,21.83583837256986,21.913854598999023,63820200
2020-09-16,21.913857609486413,22.45996961613791,21.714481862679456,22.191247940063477,64598600
2020-09-17,21.783826018748407,22.087222265109425,21.757821712707752,21.974533081054688,48862000
2020-09-18,21.801165845472585,22.173909706662705,21.757824228143058,21.85317611694336,94055800
2020-09-21,21.298396776863363,21.480435218169767,20.8303009983467,21.211711883544922,75218600
2020-09-22,21.038340130331303,21.324399071697762,20.63959035102793,20.752281188964844,68665300
2020-09-23,20.89097491447599,21.029670049152273,20.162824630737305,20.162824630737305,59950300
2020-09-24,20.26684879022635,20.648261305686518,19.894106582287083,20.232175827026367,53570700
2020-09-25,20.18016491951359,20.414211960522945,20.0501367648258,20.362201690673828,42111300
2020-09-28,20.700268648096387,21.0730124566693,20.622254078591265,20.882307052612305,47996900
2020-09-29,20.78695620824069,20.795624862277688,20.396876696835808,20.60491943359375,45695200
2020-09-30,20.613585425673698,21.081681109586867,20.604916772756134,20.882307052612305,56226100
2020-10-01,21.038339746733723,21.15969758225931,20.68293323980036,20.890975952148438,44782200
2020-10-02,20.492224607081095,21.177033262697,20.431545693976165,20.986326217651367,51682100
2020-10-05,21.255047164423882,21.41974658108301,21.133687698061756,21.341732025146484,44396800
2020-10-06,21.60178524108243,21.83583387213172,21.0470047704852,21.12502098083496,67541100
2020-10-07,21.350398739407456,21.76648573467041,21.324394438899642,21.567110061645508,47648000
2020-10-08,21.62779656507005,21.93119117688986,21.506437066965496,21.879180908203125,52080600
2020-10-09,21.965868485807135,22.0958950001606,21.70581545710021,21.983205795288086,44511500
2020-10-12,21.931189308788404,22.390617994287485,21.879179044531913,22.260591506958008,48362900
2020-10-13,22.22591642549773,22.260591036520267,21.53244073881155,21.62779426574707,61186900
2020-10-14,21.107688487744586,21.31573121162673,20.448885702096167,20.474891662597656,127409500
2020-10-15,20.44888179806866,20.97765798701075,20.353528281144335,20.934314727783203,66832400
2020-10-16,20.977658054793345,21.107684526143558,20.752278066210703,21.012331008911133,58357700
2020-10-19,21.06434135843364,21.08167866225612,20.535566818858396,20.56157112121582,51377900
2020-10-20,20.708938269994615,21.22037724242608,20.70026961667144,20.925649642944336,62476400
2020-10-21,20.994991398678547,21.099013556356738,20.812954689461847,20.847627639770508,41564900
2020-10-22,20.84763407687362,21.5931217525185,20.804292462261223,21.558448791503906,55402000
2020-10-23,21.879181198189194,21.89651850577344,21.419752467466665,21.584453582763672,51007400
2020-10-26,21.211711690813885,21.30706523793546,20.93432135741672,21.27239227294922,59450200
2020-10-27,21.05567737975304,21.142360604545154,20.63959029521884,20.674264907836914,55009300
2020-10-28,20.29284981806325,20.509561158839983,20.041465522517925,20.344860076904297,81942500
2020-10-29,20.24951560880195,20.587584894836546,20.04147284405936,20.405548095703125,57490400
2020-10-30,20.362204410038647,20.665600722534176,20.145492994452823,20.54424285888672,66453400
2020-11-02,20.708940840939132,21.029674440208385,20.34486562304984,20.873641967773438,59756400
2020-11-03,21.30706079466241,21.619125681346095,21.24638187855757,21.402414321899414,65106200
2020-11-04,20.708938002422173,20.925649372571844,20.17149473034185,20.526901245117188,88845500
2020-11-05,20.71760581431978,21.489099385019365,20.682932856259654,21.333066940307617,74722600
2020-11-06,21.610458234570473,21.636462540994355,21.00366573290613,21.073013305664062,55454500
2020-11-09,23.058090419230293,24.505722457090425,22.79803577958907,24.063631057739258,178378800
2020-11-10,23.829576392262258,24.06362501313511,23.56085482017277,23.976940155029297,77694600
2020-11-11,24.05496674906729,24.072304058850037,23.508854717925633,23.699560165405273,48360900
2020-11-12,23.266134901419854,23.31814517193746,22.806706160613732,23.1361083984375,67912600
2020-11-13,23.300806835448316,23.586865790733203,23.196786299004696,23.404829025268555,52421000
2020-11-16,24.15031775407776,24.271675603012284,23.560862510607194,23.90760040283203,57396700
2020-11-17,23.621544479579047,23.92494079439581,23.413501717430183,23.8815975189209,46402300
2020-11-18,23.950942424616464,24.21099708821798,23.370155825296145,23.387493133544922,54416700
2020-11-19,23.344151516299693,23.413499095918088,23.101434160946955,23.387493133544922,46423000
2020-11-20,23.179444837831976,23.36148322405026,23.08409131869972,23.240123748779297,40538000
2020-11-23,23.500177583125712,23.855584038541284,23.456834324309018,23.74289321899414,45421200
2020-11-24,24.21099256169488,25.12984823319216,24.202323909191193,25.121179580688477,80387800
2020-11-25,24.88713025844142,25.17319082329264,24.68775621631151,25.164522171020508,57249900
2020-11-27,25.112514987112284,25.225205834497963,24.97381983138889,25.129852294921875,25971600
2020-11-30,24.89580484980416,25.017164357188893,24.358361507731626,24.410371780395508,63567900
2020-12-01,24.9131383646533,25.17319299512449,24.85245944688964,24.869796752929688,50255100
2020-12-02,24.86980073807365,25.294554883858495,24.73110557428173,25.190532684326172,45257500
2020-12-03,25.242865740249552,25.3824253322382,24.972467575050178,25.216697692871094,54013700
2020-12-04,25.469650445277733,25.670267150424127,25.295200123779043,25.548152923583984,66188200
2020-12-07,25.207973466365146,25.4260355234508,25.024802136980302,25.373701095581055,42197800
2020-12-08,25.173081386290004,25.426032477088235,25.094578922050246,25.23413848876953,33869100
2020-12-09,25.51326282854247,25.51326282854247,25.07713867762721,25.120750427246094,54886300
2020-12-10,24.972469056390832,25.40859322314617,24.832909456123655,25.391149520874023,58859600
2020-12-11,25.016077606406338,25.077134711689265,24.684622372468546,24.920129776000977,40538400
2020-12-14,25.225413858813994,25.260302915957435,24.545059775864992,24.614839553833008,40267100
2020-12-15,24.7282385965482,25.13819468136153,24.641013437484514,24.981189727783203,43672700
2020-12-16,25.12075178623743,25.13819715250139,24.806743511894606,25.05097198486328,42463200
2020-12-17,25.04224681961223,25.225419819864825,24.885243529843407,25.14691734313965,43182700
2020-12-18,25.199250653993445,25.382423646111544,24.920131488557736,25.007356643676758,82817200
2020-12-21,25.382427777007806,26.1587282901761,25.059695149648313,25.94066619873047,93397400
2020-12-22,25.97554967897069,25.97554967897069,25.443477792031647,25.47836685180664,39054300
2020-12-23,25.635377716763376,26.472736973139344,25.58304328314039,26.211061477661133,52537200
2020-12-24,26.402956999206637,26.402956999206637,25.940664791495017,26.132558822631836,22632300
2020-12-28,26.36806316702043,26.647182329915665,26.158723794849006,26.280838012695312,32861200
2020-12-29,26.31572801939907,26.385507808212378,26.106388652959154,26.17616844177246,33291900
2020-12-30,26.16744498113455,26.359338978737586,26.11511055700306,26.149999618530273,26370100
2020-12-31,26.17616951984723,26.507623114441117,26.080221682396765,26.437843322753906,28716000
2021-01-04,26.56867836666339,26.664626197405685,25.949382966697492,26.193613052368164,51483900
2021-01-05,26.315731223679446,26.638463826038723,26.088946466501877,26.39423370361328,48507000
2021-01-06,27.824718109396,28.452736233929457,27.35370493191627,28.042781829833984,107002800
2021-01-07,29.054593180230288,29.324988034042214,28.644635398820814,28.662080764770508,74358500
2021-01-08,28.714411446058456,28.784192904780085,28.00789247699896,28.374235153198242,44641400
2021-01-11,27.990444444973644,28.89758335773062,27.824716823665852,28.845247268676758,51868200
2021-01-12,29.150531796370082,29.630270944389093,28.958639464525138,29.359872817993164,68166200
2021-01-13,29.15925651705975,29.377318559019596,28.86269200689985,29.185422897338867,43172800
2021-01-14,29.202875610716067,29.97917614311985,29.150539509621467,29.647724151611328,48483500
2021-01-15,29.037143287397733,29.333707807581533,28.52251671788357,28.792911529541016,57684300
2021-01-19,28.34807066188198,29.307542491800355,28.08639682893727,28.58357810974121,78130200
2021-01-20,28.57485019271731,28.6010199018962,28.051502592220032,28.208507537841797,53920000
2021-01-21,28.208505881256052,28.330620092376552,27.676433966491544,27.71132469177246,49626600
2021-01-22,27.35370040794993,27.693876627851065,27.257752586467582,27.519426345825195,45314500
2021-01-25,27.275202368896473,27.301368750865265,26.664627946508986,27.17925453186035,48078400
2021-01-26,27.38859724882702,27.414765297671106,26.96119576646353,26.987363815307617,36373000
2021-01-27,26.4378457347313,26.54251626365215,25.879607350304408,26.019166946411133,63809200
2021-01-28,26.533792695978356,26.821634561308553,26.09766855677009,26.44656753540039,51223300
2021-01-29,26.516347858167602,26.603573020479264,25.80982720443818,25.86216163635254,64019100
2021-02-01,26.05405800455713,26.202340285243373,25.79238251080877,26.132558822631836,40985300
2021-02-02,26.673350294210856,27.214144918437032,26.63846123079576,27.06586265563965,53527000
2021-02-03,26.961190737361306,27.67643396886798,26.935022693398373,27.545597076416016,49404900
2021-02-04,27.737495660680445,28.374236529261378,27.72005195883562,28.34807014465332,51751900
2021-02-05,28.688245873504044,28.705691238677492,28.191064611831962,28.234676361083984,42008800
2021-02-08,28.287010093444003,29.028419750878943,28.260843711551423,28.862693786621094,46014100
2021-02-09,28.758028785853863,28.801640537307335,28.42657348555345,28.740583419799805,35868600
2021-02-10,28.888858826624492,29.150532615484245,28.66207576357611,28.76674461364746,45031900
2021-02-11,28.758029768960075,29.054594347290564,28.391683724027843,28.679527282714844,29479900
2021-02-12,28.78419124014246,29.176703604344254,28.7056887673021,29.106922149658203,37468300
2021-02-16,29.638984555092158,30.144889956626592,29.39475619703378,29.891937255859375,52802600
2021-02-17,29.6913225185619,30.14489187479004,29.4732605200308,30.014053344726562,45455300
2021-02-18,29.70876896578824,30.223395434263917,29.673878246178532,29.822158813476562,37541700
2021-02-19,29.83089022546152,30.293180724061926,29.813444861523,30.12745475769043,54514100
2021-02-22,30.04895426367075,30.746752230376885,30.014063533494653,30.659528732299805,56783400
2021-02-23,30.895036728651576,31.304994541378548,30.650808241425427,30.982263565063477,67440700
2021-02-24,31.174156773384222,31.854509405921988,31.05203921221805,31.73239517211914,58139500
2021-02-25,32.23829462526134,32.29935173676895,31.191596056417684,31.339879989624023,74762000
2021-02-26,31.165429466334906,31.427103274964896,30.249569472448442,30.27573585510254,70933300
2021-03-01,30.98225648729081,31.444546968892922,30.73802805585767,31.217763900756836,45901700
2021-03-02,31.09565233702471,31.348601807997696,30.964813764819663,30.99098014831543,41167400
2021-03-03,31.374762097841305,32.24701011099353,31.261368924470126,31.767271041870117,66047000
2021-03-04,31.67962391482513,32.319527383187264,31.4867751032484,31.995193481445312,96512800
2021-03-05,32.459784270857675,32.959435033438666,31.70592428692419,32.372127532958984,74292300
2021-03-08,32.76658473166519,33.07338661316713,32.275698377372365,32.54743957519531,65335500
2021-03-09,32.0390269667713,32.57374177970579,31.39035905958773,31.837413787841797,63946000
2021-03-10,32.0302598804058,32.898072908951995,31.881239421187846,32.75782012939453,53365600
2021-03-11,32.670163844237855,33.125986220024245,32.301998202918426,32.64386749267578,45834000
2021-03-12,33.23993335001886,33.46784616901897,32.941899168677836,33.25746536254883,46069600
2021-03-15,33.33636484925777,33.37142888178805,32.62633658191559,33.09092330932617,50131600
2021-03-16,32.80164657727622,33.06462344946728,32.40718795676932,32.9944953918457,50300400
2021-03-17,33.310056074540896,33.625625561848246,32.72274879618805,33.26622772216797,63796000
2021-03-18,33.75711475166412,35.03692486730058,33.67822237017892,34.1340446472168,95439700
2021-03-19,33.56426551342424,34.11650877748418,32.898062513129595,33.77464294433594,106252700
2021-03-22,33.3801972161801,33.643170777531616,32.78412202704187,33.01203155517578,54701300
2021-03-23,32.749055327512174,33.15228164501459,32.240636918921325,32.345829010009766,49838000
2021-03-24,32.61756688559662,33.12598529418747,32.33706133047407,32.345829010009766,43896800
2021-03-25,32.319531946634264,33.09092395797026,32.109154435109154,33.01203155517578,47517900
2021-03-26,33.61687372223335,33.97627173122907,33.38019983914271,33.90614700317383,66846000
2021-03-29,33.35388576178389,33.86230403254646,33.18733667854568,33.5817985534668,45680000
2021-03-30,33.86230222104639,34.589862223522346,33.86230222104639,34.17787170410156,56705900
2021-03-31,33.8535451675678,34.177882429089514,33.713292391519744,33.9149055480957,49270000
2021-04-01,34.0376184182113,34.64245768829929,33.94119403952579,34.61616134643555,65587000
2021-04-05,35.06322573298978,35.30866724307598,34.71259213810397,34.887908935546875,50328500
2021-04-06,34.651228263046505,35.194710614651875,34.58986789171839,34.791481018066406,42590100
2021-04-07,34.86161035498842,35.19471191442093,34.703825581777735,35.107051849365234,43136400
2021-04-08,34.88790390652383,34.93173226359434,34.37948894550519,34.80024719238281,45285900
2021-04-09,34.9843343742577,35.22101155621012,34.633700769019335,35.05446243286133,45872900
2021-04-12,35.054469076810435,35.39633506757301,34.931744950993924,35.11582946777344,45544600
2021-04-13,34.896677641020545,34.905441976400084,34.36196289784181,34.4671516418457,46770400
2021-04-14,34.169110654726175,35.3524964457082,34.11651461605268,34.95803451538086,52023800
2021-04-15,34.82654549291687,34.92296989021858,33.353889874229566,33.95873260498047,118128900
2021-04-16,34.45839091052969,34.554811985349,34.10775726865684,34.318138122558594,60633400
2021-04-19,34.528511657011656,34.56357568593977,34.212942084438325,34.335662841796875,42321100
2021-04-20,34.18664046600211,34.18664046600211,33.21363554848591,33.38018798828125,50834100
2021-04-21,33.09091604553046,33.99379294970826,32.792878522225735,33.941200256347656,37851800
2021-04-22,33.967495294278635,33.985027306019816,33.45907698545223,33.62562942504883,48093400
2021-04-23,33.59056541567504,34.48467795151508,33.50290870082162,34.344425201416016,48674100
2021-04-26,34.49344354413391,34.93173382217317,34.43208317271957,34.54603958129883,34699800
2021-04-27,34.7739500519684,34.99309519727364,34.633697292728634,34.95803451538086,34304800
2021-04-28,35.00185897523689,35.256068117996705,34.958030619837764,35.089515686035156,34084400
2021-04-29,35.54533432584955,36.05375255969261,35.46644195659421,36.03622055053711,44008700
2021-04-30,35.79954263360684,35.85213865988454,35.47520883128294,35.527801513671875,39203400
2021-05-03,35.825841647637944,35.983626394354026,35.431379780847735,35.55410385131836,41940500
2021-05-04,35.27360430215173,36.009932129195235,34.8703746906618,35.93980407714844,53880000
2021-05-05,36.11511291617734,36.43068239316712,35.72941540257257,36.28166198730469,37471100
2021-05-06,36.360566654730256,36.86898506048399,36.150189161507306,36.82515335083008,39044400
2021-05-07,36.05376170593548,37.03553106048041,36.0362296923324,36.97417068481445,39249200
2021-05-10,37.2546761793697,37.640370446602894,36.84268221981198,36.86021423339844,41271500
2021-05-11,36.42191729990551,37.114416663094964,36.23783620656829,36.439449310302734,42964700
2021-05-12,37.14948492206406,37.30726968975076,35.97486684255722,36.09758758544922,47533000
2021-05-13,35.81707989558639,36.895273513250025,35.74695185026392,36.67612838745117,42026100
2021-05-14,36.86897689816327,37.23713910174201,36.746252819747795,37.13195037841797,30932600
2021-05-17,37.0267670606728,37.56147843290181,36.956639005625895,37.465057373046875,32656400
2021-05-18,37.43000039461932,37.64914559207741,36.939113948512684,36.95664596557617,37880300
2021-05-19,36.509583130588936,36.81638500137791,36.21154559444124,36.79008865356445,42672800
2021-05-20,36.7287304183323,36.93034356571894,36.343032793862356,36.702430725097656,36871100
2021-05-21,36.83391354457175,37.3423285031105,36.719957141632825,37.167015075683594,40243800
2021-05-24,37.32480109722808,37.500114530581385,37.03552791319421,37.368629455566406,31390800
2021-05-25,37.421228488111716,37.92087921437869,36.755028634385745,36.82515335083008,52657700
2021-05-26,36.83391985925312,37.035533010469365,36.51835028556166,36.8514518737793,41332800
2021-05-27,37.237147309641365,37.56148122864963,36.92157772622144,37.29850769042969,52981100
2021-05-28,37.3949260506364,37.43875440926638,36.860211381238116,37.15824890136719,38509700
2021-06-01,37.64913294065592,37.93840276527287,37.491348183996045,37.622833251953125,42890700
2021-06-02,37.780610689508485,37.84197104477918,37.34232052678153,37.640357971191406,34180500
2021-06-03,37.649167819037785,38.28296362212489,37.5699433436519,38.07169723510742,46981200
2021-06-04,38.06289883658299,38.19493740006133,37.70198805699731,38.08930587768555,37192600
2021-06-07,38.08930203997587,38.19493355170869,37.90444605495213,37.95726013183594,28401900
2021-06-08,37.72840019619366,38.06290397987699,37.34988355207026,37.74600601196289,41871400
2021-06-09,37.38508603539323,37.61395486845647,37.068188145024756,37.25304412841797,42366300
2021-06-10,37.6403757612047,37.816430582651634,36.63686764431354,36.698486328125,40123600
2021-06-11,36.80411641235898,36.87453631692892,36.54003253581524,36.84812927246094,31203600
2021-06-14,36.839320179342806,36.89213761978393,36.143909015678645,36.407989501953125,36050700
2021-06-15,36.33756454580251,36.58404256501595,36.00306417924173,36.43439483642578,39247900
2021-06-16,36.33757155157853,36.962566268471654,35.80060591493531,36.636863708496094,63859100
2021-06-17,36.98897287013826,37.05939277552793,34.9643510601865,35.03477096557617,80728200
2021-06-18,34.33935223229326,34.594631494391656,33.881614507244166,34.13689041137695,102774200
2021-06-21,34.43618931441272,35.01716785003437,34.3569648160113,34.990760803222656,48119400
2021-06-22,35.10519704066905,35.43969749450219,34.57703259709632,35.18442153930664,44113200
2021-06-23,35.35166352629707,35.58053238125639,35.27243904612548,35.38687515258789,32039900
2021-06-24,35.59814743258421,36.09990148456084,35.36927851823042,35.94145584106445,37161800
2021-06-25,36.32877032253657,36.821723098037864,35.95025367237712,36.636863708496094,53178800
2021-06-28,36.496027756586926,36.60166267378027,36.17912972094033,36.58405685424805,34416500
2021-06-29,36.64565662036956,36.92734287149322,35.871017750796995,35.99425506591797,38519600
2021-06-30,35.879824188145065,36.40798850418515,35.84461592011478,36.29355239868164,29159800
2021-07-01,36.584038763707134,36.707276081526025,36.27594211119485,36.56643295288086,28045100
2021-07-02,36.4167979875012,36.50482707244708,36.17912449509667,36.223140716552734,28980800
2021-07-06,35.92383968542577,35.985458350710594,35.09638328080317,35.272438049316406,47578700
2021-07-07,34.83231180641982,35.21082848123035,34.647455762805265,34.990760803222656,43499900
2021-07-08,33.99604725952363,34.541817411175174,33.872809921397675,34.13689041137695,52793100
2021-07-09,34.90273530159413,35.42209515937962,34.682667622159016,35.24604034423828,43887200
2021-07-12,35.02597240120549,35.92384892949946,34.89393045135163,35.76539993286133,42624500
2021-07-13,35.633352262259926,35.633352262259926,34.841110764225775,35.08758544921875,54338100
2021-07-14,34.42738117141342,34.81469899806156,33.26542433350341,34.207313537597656,105651700
2021-07-15,33.79357945622597,34.62103576510192,33.73196079807117,34.18090057373047,54697300
2021-07-16,34.52421834933418,34.58583703044789,33.089376150615614,33.37986373901367,60469700
2021-07-19,32.34995095536836,32.790086342516226,32.13868449203211,32.508399963378906,83251500
2021-07-20,32.4467646162051,33.555903744762794,32.22669703563721,33.17738723754883,59462900
2021-07-21,33.49429473416627,34.1280906232264,33.432676062503845,33.85520553588867,49907400
2021-07-22,33.767183001404256,33.802394633660356,33.168598684914826,33.41507339477539,52715600
2021-07-23,33.626338312363856,33.68795698704737,33.062965653562664,33.18620300292969,48659400
2021-07-26,33.150984346676985,33.66154280924318,33.150984346676985,33.56471252441406,32258000
2021-07-27,33.20381312427208,33.661554308401314,32.97494085322428,33.432682037353516,39121400
2021-07-28,33.61752660125525,33.89041164414048,33.23020881990397,33.56471252441406,43331100
2021-07-29,33.934430156446645,34.31294677413857,33.775981183553945,34.048866271972656,43039100
2021-07-30,33.89921231499251,34.18090193804154,33.49428872868008,33.767173767089844,46210100
2021-08-02,33.802394633660356,34.2865428243005,33.3710605334383,33.41507339477539,49894000
2021-08-03,33.50310224412023,34.004856247424456,33.05416233086947,33.93443298339844,39680600
2021-08-04,33.47669891431654,34.128100812325755,33.32705448359241,33.687965393066406,42289800
2021-08-05,33.95204488322174,34.38337905775613,33.93443906406047,34.348167419433594,34754500
2021-08-06,34.744284479657075,35.57173770202315,34.744284479657075,35.34286880493164,58022300
2021-08-09,35.254838910390234,36.055885068695936,35.034771247581354,35.80060577392578,56340100
2021-08-10,35.83581245107732,36.63685849862703,35.7213796999742,36.469608306884766,44987300
2021-08-11,36.619244827180886,37.13860446247343,36.51361332653499,36.92734146118164,58458200
2021-08-12,37.17383636239804,37.226653820518266,36.7689125907097,37.103416442871094,37400100
2021-08-13,37.0505878652519,37.173825205913495,36.46960943215746,36.64566421508789,41344900
2021-08-16,36.23193839149908,36.35517574036677,35.74779022467633,36.34637451171875,38599100
2021-08-17,36.135106974075775,36.59284808289642,35.75659035251189,36.170318603515625,43526900
2021-08-18,35.88863274096407,36.55763691901186,35.791802437754264,35.9062385559082,50342500
2021-08-19,35.3164559718655,35.800604136305545,35.219625667384314,35.378074645996094,51883900
2021-08-20,35.29003965050121,35.62454333496063,35.1315907135449,35.53651428222656,40415000
2021-08-23,35.7653966360472,36.17912154871781,35.73898623373114,36.011871337890625,35364500
2021-08-24,36.179126091706316,36.689684733025025,36.126311996374305,36.51362991333008,35579300
2021-08-25,36.67208226313929,37.36749701753885,36.566450704865524,37.103416442871094,51219900
2021-08-26,37.41151177429333,37.710804002806356,36.98898216191616,37.006587982177734,41184500
2021-08-27,37.07699220220296,37.54353784662349,36.918543244922844,37.40269470214844,46468600
2021-08-30,37.525940831369745,37.525940831369745,36.64567013253936,36.67207717895508,44855600
2021-08-31,36.68087754569373,37.03298716013066,36.407995784572954,36.75130081176758,54654600
2021-09-01,36.751295459750686,36.7777025016997,36.117499589249086,36.25834274291992,52361900
2021-09-02,36.37336596970149,36.709583865936516,35.95751760791537,36.29373550415039,44538900
2021-09-03,36.293731992136514,36.44414320408196,35.992906193072564,36.320274353027344,41812400
2021-09-07,36.49724295338074,37.0281105917239,36.43530850807984,36.55917739868164,43748600
2021-09-08,36.34682370214843,36.70958396279988,35.99290977094893,36.08138656616211,36064400
2021-09-09,35.97520852138271,36.585706420263136,35.88673173899642,36.2140998840332,36266400
2021-09-10,36.470696809025114,36.5857159811505,35.603611289388276,35.63015365600586,40514700
2021-09-13,35.922116598995366,36.24063838192108,35.700921291427235,36.22294235229492,42036300
2021-09-14,36.39106376049241,36.550324699282854,35.090433885428304,35.24969482421875,53820400
2021-09-15,35.15237635858759,35.69209373289188,35.099288241792735,35.51513671875,52358200
2021-09-16,35.81595581791025,36.1079353419849,35.568218070336854,35.78941345214844,42922000
2021-09-17,35.6920913840726,35.984067569294204,35.46204964344872,35.833656311035156,92746000
2021-09-20,34.842693114687535,34.9134738728928,33.94021566515096,34.60380172729492,67566200
2021-09-21,34.74538228077376,35.03735852463878,34.45340266173397,34.62151336669922,38271100
2021-09-22,35.17007239751921,35.851354708102136,35.17007239751921,35.51513671875,46261400
2021-09-23,36.06370358437143,37.054661600311235,35.96638042448279,36.88655090332031,49779800
2021-09-24,36.91308425711359,37.46164782716032,36.85114982381026,37.284690856933594,39042300
2021-09-27,37.76247093119016,38.42605699013773,37.727078864671384,38.27564239501953,49755400
2021-09-28,38.42606336188968,38.965780652689865,38.098695130240344,38.187171936035156,60781200
2021-09-29,38.20487046313663,38.328739349394965,37.81556776701414,38.1075439453125,44260200
2021-09-30,38.355272646285684,38.355272646285684,37.36431841541913,37.5589714050293,47410800
2021-10-01,37.585519281047645,38.426062416105104,37.505888807722755,38.116390228271484,40987100
2021-10-04,38.14293238483703,38.992321845521786,38.10754031351508,38.346431732177734,48273400
2021-10-05,38.726893357475724,39.59397897240927,38.638413167069764,39.12504577636719,54070700
2021-10-06,38.797663130935746,39.186969107959754,38.532229385347776,39.142730712890625,47031700
2021-10-07,39.62936156463923,39.7001423248509,38.95692577917502,39.036556243896484,46258800
2021-10-08,38.99231361831464,39.64705329892883,38.85959506644719,39.231204986572266,39389400
2021-10-11,39.46125747915119,39.64706417778418,38.7091944793365,38.73573684692383,36283500
2021-10-12,38.63841090165563,38.93039045011499,38.284500286304414,38.52339172363281,36898300
2021-10-13,38.532228154279515,38.61185861292911,37.45279717335214,38.16946792602539,43908000
2021-10-14,39.25775041828046,39.90364044587698,38.470295499363786,39.877098083496094,82201000
2021-10-15,40.49644573395802,41.2927469816538,40.13368548913396,41.027313232421875,64264900
2021-10-18,40.956538761994324,41.48740634195661,40.726493668883236,40.947689056396484,49542500
2021-10-19,41.142341268828396,41.25736381312322,40.87690748406425,41.1246452331543,32515500
2021-10-20,41.13349250822448,41.79707861851403,40.74418649674357,41.66436004638672,40411000
2021-10-21,41.67321424654311,42.00943221763673,41.23967312937226,41.434326171875,36848600
2021-10-22,41.57588261198777,42.13329250597344,41.57588261198777,42.089054107666016,36225600
2021-10-25,42.29255239490549,42.451813325015365,41.76168487798814,42.03596496582031,31679500
2021-10-26,42.16869019254001,42.84997241779191,41.97403716384692,42.43412399291992,35674800
2021-10-27,42.009419782090774,42.619917723075346,41.611267483547294,41.6201171875,45790800
2021-10-28,42.106753106606696,42.46951339854566,41.85016565311546,42.27486038208008,37209600
2021-10-29,42.248318016261564,42.58453594238202,42.04481866958104,42.27486038208008,31756200
2021-11-01,42.5579988635852,42.6199333132169,41.832478132035796,42.3368034362793,36937200
2021-11-02,42.08905120489483,42.84111404977346,41.894398215558766,42.36333465576172,36283400
2021-11-03,42.292553646153046,43.08000861545285,42.124446381696124,42.796878814697266,42553000
2021-11-04,42.60223728807892,42.60223728807892,41.47856420099631,41.87671661376953,47646300
2021-11-05,42.115607055550925,42.31026010722931,41.4254784180356,41.558197021484375,38271200
2021-11-08,41.89440922803588,42.292561640349426,41.80593241426581,41.885562896728516,33815500
2021-11-09,41.275058247075286,41.90325230084658,41.06270920240018,41.47855758666992,36900300
2021-11-10,41.36352861842777,42.04481067128147,41.27505183241479,41.78822326660156,39385600
2021-11-11,41.85901146944062,42.37218295357134,41.593574335222165,42.018272399902344,31194800
2021-11-12,42.03595621252531,42.05365224276076,41.37237026697277,41.505088806152344,44268500
2021-11-15,41.81477058290719,41.929793118494004,41.49625209040848,41.62896728515625,35335500
2021-11-16,41.743990561496275,41.83246735956482,41.31044615054401,41.655513763427734,35120800
2021-11-17,41.65551261770575,41.76168544750246,41.0980993547196,41.15118408203125,32963700
2021-11-18,41.32814993473833,41.41663012457151,40.88575911109478,40.98308563232422,30639000
2021-11-19,40.43451258453594,40.49644701547754,39.66475367485217,40.1690788269043,48429500
2021-11-22,41.336995098531006,41.4697103059347,40.62032082792553,40.947689056396484,53697100
2021-11-23,41.469705426861154,42.159837249823916,41.29274846263549,42.02711868286133,49362900
2021-11-24,41.95634036964115,42.451819263199,41.77053705024714,42.142147064208984,40060000
2021-11-26,40.27525655203142,40.73534336294958,39.59397435366263,40.48760223388672,55110100
2021-11-29,41.071555610625545,41.31929672574785,39.96557873560646,40.337188720703125,50231100
2021-11-30,39.60280975200786,40.009811717699044,39.2488992548856,39.34622573852539,77193600
2021-12-01,40.00981375353424,40.43450839679455,38.762272184215526,38.788814544677734,60601600
2021-12-02,39.41114775959605,40.45132300909171,39.117762909890885,39.90900802612305,57821400
2021-12-03,40.00680984781471,40.069042391819984,38.76215218487053,39.002193450927734,74605300
2021-12-06,39.61562782401241,39.900120382882754,39.08220173256639,39.251121520996094,48193100
2021-12-07,39.61562749763135,39.92679017151384,39.500051336724084,39.74898147583008,40740800
2021-12-08,39.72231101382411,39.82899487374121,39.19777723138846,39.260009765625,50560300
2021-12-09,39.03774568273127,39.766758200556446,38.80659677839921,39.55339050292969,37316700
2021-12-10,39.74898308335876,39.85567033993494,39.17999794729486,39.5800666809082,37700200
2021-12-13,39.35780983510187,39.47338601003597,38.575453513994304,38.7443733215332,38653900
2021-12-14,38.75325874109233,39.84677767536285,38.69991511329174,39.233341217041016,47099400
2021-12-15,39.4467101396863,39.51783497890713,38.77993003337657,39.064422607421875,60057100
2021-12-16,39.74009406207284,40.32686040590828,39.197779045975764,40.006805419921875,69487200
2021-12-17,39.56228175572394,39.74009044189855,38.77992557140679,39.011077880859375,124242400
2021-12-20,38.46876663611638,38.54878038306556,37.96201403591122,38.3709716796875,56455200
2021-12-21,38.708796803423525,39.54449306138569,38.708796803423525,39.28667068481445,47845600
2021-12-22,39.18889768823287,39.633417834108,39.0110889515989,39.366703033447266,35715700
2021-12-23,39.7223098447441,40.06903492283417,39.47337971512429,39.49115753173828,34053500
2021-12-27,39.60673476203179,39.84677598985244,39.3933670426926,39.68674850463867,33879200
2021-12-28,39.53561441474479,40.07792941950334,39.49115969651697,39.74009323120117,32492400
2021-12-29,39.873446774106924,40.11348800594412,39.65118675108199,39.677860260009766,25294900
2021-12-30,39.784541001014965,40.09570365227672,39.5444997880051,39.588951110839844,23852200
2021-12-31,39.58006061727843,39.757869292913,39.36668952823326,39.55339050292969,24253900
2022-01-03,40.08682743345842,41.33148521532949,39.989032457414595,41.05588150024414,58587900
2022-01-04,41.83823517750229,43.056219364337714,41.82045396562054,42.665042877197266,74606700
2022-01-05,42.7983779571638,43.00285671627076,41.92711930867498,41.94490051269531,57791600
2022-01-06,42.65614381790871,42.81617130807337,41.95380132123258,42.78950119018555,52040900
2022-01-07,42.80728173495322,43.83856810477783,42.72726799111257,43.722991943359375,59082600
2022-01-10,44.3719874229573,44.52312599044133,42.976194857824694,43.500728607177734,66839500
2022-01-11,43.554081580403604,43.78523054384205,43.242915470621185,43.74966812133789,40454400
2022-01-12,43.71409970877764,43.90080070563153,43.27847196276243,43.438499450683594,41378000
2022-01-13,43.49184805207447,43.99860412225345,43.234028953200294,43.34960174560547,46337500
2022-01-14,42.24719269502353,42.87841045272677,41.95380778736408,42.59391784667969,72953300
2022-01-18,42.54057298051317,42.602805524321795,40.940301269941315,41.12699890136719,65877400
2022-01-19,43.020654510898204,43.18957431852511,41.207011698420885,41.287025451660156,84451800
2022-01-20,41.50928433840462,41.829339342401425,40.593574048073066,40.673587799072266,46265300
2022-01-21,40.51356556126028,40.913634368239784,39.70453903666597,39.93568801879883,71303600
2022-01-24,39.02886872540705,39.73120795251559,37.86422476524368,39.60674285888672,90672700
2022-01-25,39.375582614467454,40.51355273500886,38.9666250263252,40.38908767700195,73555300
2022-01-26,40.700250927435135,41.30479841082001,40.237949711233846,40.80693817138672,63735800
2022-01-27,41.22478221838512,41.56261835460794,40.08681214868929,40.42464828491211,63402400
2022-01-28,40.30018676253676,40.79804701592929,39.5178305753817,40.78026580810547,51048300
2022-01-31,40.469105538837745,41.13588561021078,40.20239418857229,41.02030944824219,44793700
2022-02-01,41.08254182001619,41.873786958934765,40.80694156212071,41.73154067993164,40326600
2022-02-02,41.53595663072895,41.74932436618572,41.162558006551095,41.68709182739258,41125600
2022-02-03,41.98047202741599,42.042704559278086,41.207004746126536,41.27812957763672,35879900
2022-02-04,41.85600623965092,43.28735783913777,41.50038887108884,42.9228515625,60297100
2022-02-07,43.17178931372331,43.3495946240347,42.665036718214274,43.12733459472656,44824800
2022-02-08,43.69633138303199,44.46979548171578,43.50963034562318,43.90081024169922,49560500
2022-02-09,43.75855703961891,44.265309651157644,43.58963724149332,43.81189727783203,33861100
2022-02-10,44.16751043275724,44.549797929703196,43.34959181437797,43.60741424560547,47082800
2022-02-11,43.23401561691765,43.95413583753735,42.2293994796982,42.6027946472168,61056000
2022-02-14,42.69170937049561,42.84284457151488,41.731544359011615,42.15828323364258,44791900
2022-02-15,42.67392600588991,43.00286990258801,42.291638480773635,42.48722839355469,42397600
2022-02-16,42.176063685266634,42.887298521608905,42.0604909070672,42.389434814453125,36664600
2022-02-17,41.784884028068625,42.04270646686317,40.85139261636361,40.95807647705078,49442400
2022-02-18,40.95808550094436,41.375935518539855,40.64692275896018,40.86029052734375,37856500
2022-02-22,40.157940692993726,40.87806441290628,40.04236791892618,40.504669189453125,51905600
2022-02-23,40.851393123751826,40.9936394035744,39.62451684064539,39.811214447021484,45704900
2022-02-24,38.228719544322146,38.83326700842955,37.384130876105765,38.762142181396484,80484800
2022-02-25,38.94884801641683,40.317967193448425,38.788820527043725,40.02458572387695,68530700
2022-02-28,38.86883533536614,39.34891442520387,38.61990179429662,39.29557418823242,69955300
2022-03-01,38.85994970098505,38.8866232154653,37.27745909288382,37.75754165649414,74895600
2022-03-02,37.99757645487062,38.708807876963924,37.890889197992415,38.3709716796875,70834600
2022-03-03,38.49604903752299,38.862337600425334,37.7098674605614,37.960018157958984,48733800
2022-03-04,37.0130272045886,37.021959575918146,36.021366994947726,36.58420181274414,75572800
2022-03-07,35.67294208776137,35.83375201546585,34.13631540436342,34.25245666503906,109779000
2022-03-08,34.90462871271274,35.431727162351386,34.10057907495859,34.47580337524414,76553800
2022-03-09,36.01242832331381,37.17383064904099,35.878418920806546,36.66460037231445,78207900
2022-03-10,35.99455704582871,37.057686171671605,35.83374714000367,36.334041595458984,48804400
2022-03-11,36.66460410644831,36.96835582946668,35.99456384167258,36.03030014038086,43946600
2022-03-14,36.539525505650275,37.68305964497606,36.539525505650275,36.80754089355469,54262400
2022-03-15,36.86113576008973,37.325697278477676,36.51271547329877,37.0755500793457,41395300
2022-03-16,37.73666684619479,38.46030810567101,37.45077988245015,38.236961364746094,59477600
2022-03-17,37.88854482835034,38.45137962667796,37.37038210912898,38.44244384765625,50260200
2022-03-18,38.20122834105007,38.35310591005108,37.75453482093115,38.3263053894043,74470600
2022-03-21,38.72832329816739,38.799795890706946,37.97787811650598,38.27269744873047,47106400
2022-03-22,39.148224896728806,39.87186971984826,39.041019392267174,39.469844818115234,52360600
2022-03-23,39.05887502628041,39.3179546283629,38.4424359051865,38.49604034423828,48539300
2022-03-24,38.75512730158475,38.79979596801058,38.31736619140975,38.47817611694336,30360800
2022-03-25,38.84446711887613,39.54130790209024,38.71046111102781,39.067813873291016,38968100
2022-03-28,39.049954759031294,39.08569106592629,38.26377645535225,38.907012939453125,37428600
2022-03-29,39.53237190928502,39.65744553501733,38.513911347749655,38.8087272644043,46355800
2022-03-30,38.80872699208551,38.99634083736821,38.192291237587156,38.4156379699707,36601800
2022-03-31,38.27269078788731,38.31735944645017,36.807536975824426,36.82540512084961,67902500
2022-04-01,37.24530099879497,37.28997307303161,36.04816234046954,36.539527893066406,61929200
2022-04-04,36.16430605986176,36.7539413550986,35.87842248689851,36.476993560791016,53761700
2022-04-05,36.12857300386025,36.41445660248218,35.77122020958348,35.860557556152344,51781700
2022-04-06,35.50320456334699,35.74441607933436,35.1547807344736,35.46746826171875,54159800
2022-04-07,35.63719938747128,35.71760433687596,34.70807628501722,35.19050598144531,54585000
2022-04-08,35.27985205415637,35.824815229377705,35.12797450093019,35.44065856933594,41018900
2022-04-11,35.27090949606183,36.09282710187487,35.19050454992795,35.36918258666992,34198700
2022-04-12,35.35131743799613,35.806946640699856,34.70807781441457,34.993961334228516,42855300
2022-04-13,34.39539848453731,34.851024341565356,34.27032485351004,34.68128204345703,45484200
2022-04-14,34.38646237628122,34.815287668044604,33.43053528305811,33.564544677734375,79032000
2022-04-18,33.43053305610809,35.11903700294861,33.25185841910931,34.70807647705078,80080300
2022-04-19,35.02969475920984,35.628265672830665,34.94035744457991,35.351314544677734,53714200
2022-04-20,35.86948563170991,36.066028433549015,35.387055884649165,35.431724548339844,47064300
2022-04-21,35.73548412586913,35.92309459960962,34.50260896928627,34.76169204711914,46245900
2022-04-22,34.67235602235396,34.70808891776161,33.50201764571641,33.55562210083008,50409800
2022-04-25,32.95704735479501,33.41267665359925,32.099396614459046,33.31440353393555,64301100
2022-04-26,32.94811776121011,33.53775312089331,32.537157098157095,32.563961029052734,44809900
2022-04-27,32.403148759116725,32.97491592665982,32.313808009187404,32.38528060913086,39824900
2022-04-28,32.814101750100455,33.01064796657936,32.30487146922391,32.88557434082031,39567800
2022-04-29,32.831970912826684,33.17145891324036,31.750973504773537,31.876047134399414,47385200
2022-05-02,32.18872945754446,32.412076186299004,31.625898154843465,32.28700256347656,46652200
2022-05-03,32.46568267276385,33.61815268363982,32.456750302571386,33.17145919799805,48926000
2022-05-04,33.38587536481569,34.61875053153393,33.30547038855143,34.50260925292969,57860300
2022-05-05,33.993376134267784,34.1363179241117,32.93917915616845,33.537750244140625,48860600
2022-05-06,33.38586765230953,33.60921437833675,32.706895104707016,33.457340240478516,50440100
2022-05-09,32.93918629181124,33.10893204702381,32.21554481496383,32.49249267578125,51242000
2022-05-10,32.83196613783965,33.17145408887917,31.42934908159782,31.947511672973633,60235300
2022-05-11,32.072588376799395,32.98383993914832,31.724164652371535,31.777769088745117,54969300
2022-05-12,31.277480752401726,31.652705105133887,30.607440429952664,31.331085205078125,61231500
2022-05-13,31.74205305189479,31.920731212484615,31.054144348825552,31.420433044433594,49117900
2022-05-16,31.268544868936495,31.420419022459456,30.741446404825815,31.09880256652832,39076500
2022-05-17,31.82244423161518,32.35847848055707,31.65270192718412,32.15299987792969,42635600
2022-05-18,31.822441314835295,31.884978126946375,30.91118624235874,31.16133689880371,47396900
2022-05-19,30.63424174577862,31.125603925371827,30.598505447044307,30.777183532714844,47002700
2022-05-20,31.08986842448982,31.250678364920027,29.446036128537425,30.250085830688477,62406500
2022-05-23,31.054131483148566,32.39421202037536,30.964794143867195,32.04579162597656,69081900
2022-05-24,31.688435153119524,32.12619283557951,31.232805915293092,31.849245071411133,46146700
2022-05-25,31.715234074357433,32.40314237732468,31.527623648457404,32.018985748291016,49343400
2022-05-26,32.608627697179394,32.912379433966315,32.465685903867964,32.760501861572266,60201200
2022-05-27,32.95704371046288,33.09998548471262,32.680095939854404,33.073184967041016,43365600
2022-05-31,32.89452065522954,33.5288248307579,32.706910137059545,33.2340087890625,71609200
2022-06-01,33.466278457047935,33.47521423613056,32.313808331473915,32.760501861572266,35237900
2022-06-02,32.71557520914093,32.985134331466405,32.41007395647066,32.97615051269531,35341900
2022-06-03,32.77847772152959,32.95818497576652,32.46399259733805,32.51790237426758,25235200
2022-06-06,32.97614487833285,33.43439496522572,32.437023298166956,32.48195266723633,40394000
2022-06-07,32.25732607284983,32.715576252656746,32.11356097451527,32.66166305541992,29152200
2022-06-08,32.275299310866764,32.44602275125613,31.915888216486184,32.24834442138672,33590600
2022-06-09,32.113554122296996,32.203406004222614,30.999372277219624,31.00835609436035,49419000
2022-06-10,30.26258252884039,30.58605485908033,29.66955106594395,29.80432891845703,49318200
2022-06-13,29.103471279944994,29.444914638408736,28.51942541435857,28.771015167236328,61216600
2022-06-14,28.681167322297892,29.292168192609896,28.061179204425706,28.267841339111328,49349800
2022-06-15,28.735072808854337,29.193326365046506,28.231895020952198,28.797969818115234,51540100
2022-06-16,28.303780269128385,28.753046622606615,27.728719885097096,28.618267059326172,61363400
2022-06-17,28.77999739138152,29.2741930516409,28.429570234201066,28.68115997314453,80470300
2022-06-21,29.552740150278446,29.912154603710594,29.310135908356283,29.51679801940918,53537200
2022-06-22,29.103472809662016,29.597665095637858,29.04057579659037,29.292163848876953,38305600
2022-06-23,29.094487385931274,29.121442267866275,28.088130090860147,28.824928283691406,44091500
2022-06-24,28.079141874382298,29.444911746467806,28.06117081226714,29.031587600708008,79504700
2022-06-27,29.13042286629734,29.292158995291196,28.672172785901136,29.06752586364746,47900300
2022-06-28,29.498826736180657,30.10084192950851,28.92376299622875,28.98666000366211,49863800
2022-06-29,28.9597087204181,29.14839976615991,28.447545351901613,28.62725257873535,35149700
2022-06-30,28.007259415587427,28.34870102762611,27.531036551134836,27.971317291259766,46312300
2022-07-01,27.83654192695968,28.456529954065147,27.522055147192262,28.357690811157227,40236100
2022-07-05,27.674806944869825,28.070161819458008,27.360321865576534,28.070161819458008,47411800
2022-07-06,27.863498727000845,28.079146365429533,27.531040879955523,27.8365421295166,35933700
2022-07-07,28.303780255960675,28.76203042813796,28.276823657791073,28.62725257873535,40137900
2022-07-08,28.762030716853882,28.97768007674513,28.357692023141876,28.564355850219727,31153800
2022-07-11,28.34870942899967,28.564358811245466,28.115092406894817,28.267841339111328,29311900
2022-07-12,27.87247922855506,28.779995567123134,27.836537105063567,28.177980422973633,39527000
2022-07-13,27.917408861098917,27.989291403773375,27.31539192351969,27.71074676513672,44153700
2022-07-14,27.03684972819637,27.153658227917692,26.65946591659762,27.072790145874023,51707800
2022-07-15,27.54002207405416,29.31911781000523,27.504081663551972,28.97767448425293,77801700
2022-07-18,29.723459884908333,29.993018977855577,28.842894925581593,28.98666000366211,56382900
2022-07-19,29.561727476462206,30.208668695700837,29.36404918377887,29.966064453125,46874900
2022-07-20,29.813313820136113,30.05591804873321,29.60665172043415,29.97504997253418,35514900
2022-07-21,29.73244668316623,30.253593858088212,29.60665265568955,30.235626220703125,31244000
2022-07-22,30.190691771872988,30.496192970543483,29.732441687682044,30.03794288635254,27115400
2022-07-25,30.352428688921343,30.532135885908282,30.046927482332457,30.30750274658203,30381000
2022-07-26,30.01997498021839,30.352431093017458,29.615634611879,29.696502685546875,30645700
2022-07-27,29.867222372313684,30.343443509467512,29.60664711976065,30.18170738220215,30344800
2022-07-28,30.10083637696262,30.325469484253382,29.56171829051646,29.93910026550293,40176500
2022-07-29,30.07388758438558,30.49619558073038,29.96606120318147,30.3793888092041,48152500
2022-08-01,30.20867695623219,30.451281265147923,29.8492658311813,30.2895450592041,32336700
2022-08-02,30.190693215564924,30.298519592696273,29.651575040427243,29.687517166137695,37884100
2022-08-03,30.028962402462415,30.325479850709712,29.804329218383085,30.226640701293945,30065800
2022-08-04,30.118816923243415,30.2535947734907,29.80432841740586,30.01099395751953,28404500
2022-08-05,29.90316157483957,30.846623475755294,29.86722287854998,30.514163970947266,35874500
2022-08-08,30.70285886325983,30.810685248654845,30.05591768903988,30.091859817504883,33454300
2022-08-09,30.23562112556166,30.514164017284305,30.0199718093487,30.478221893310547,40196900
2022-08-10,30.99937237515215,31.835007904692702,30.954446434047412,31.51153564453125,61415800
2022-08-11,32.14051380625703,32.40108910147794,32.03269084630118,32.26630783081055,50420800
2022-08-12,32.49094333212768,32.62572461248249,32.06863185280424,32.616737365722656,31821700
2022-08-15,32.20341339141556,32.61673762729384,32.050661043946405,32.57181167602539,24908000
2022-08-16,32.5178969979659,33.19179651921306,32.43702891831103,32.922237396240234,31870200
2022-08-17,32.5268851234575,32.8773123355558,32.4190621568804,32.715576171875,27125600
2022-08-18,32.57181144186308,32.70659272232983,32.34717825950541,32.5987663269043,23138300
2022-08-19,32.3112314546969,32.374128462450166,31.727187321612316,31.87993621826172,36485400
2022-08-22,31.224012609266023,31.286909626642604,30.95445347370491,31.197057723999023,31210300
2022-08-23,31.1521235901076,31.42168611215411,30.873580677849986,30.918506622314453,26588000
2022-08-24,30.77474121777026,31.26893345690922,30.59503401418432,31.017345428466797,31389400
2022-08-25,31.089231499176485,31.700234037888517,30.954453644467602,31.574440002441406,40576700
2022-08-26,31.84399340776542,31.879935533603916,30.568078789166787,30.577062606811523,36152600
2022-08-29,30.424318260025697,30.684893569850274,30.199685081410777,30.46026039123535,34931000
2022-08-30,30.71184570478162,30.80169759713095,30.13678536743397,30.630977630615234,48194900
2022-08-31,30.67590537009152,30.882567476680347,30.190696896728095,30.199684143066406,44917600
2022-09-01,30.154465271198163,30.290134610791466,29.539436912080543,30.272045135498047,32848900
2022-09-02,30.688085340227943,31.185533715475955,30.091146599887566,30.235858917236328,44000800
2022-09-06,30.42579743679186,30.50719834230918,29.4942119793714,29.901216506958008,40762400
2022-09-07,29.675103147448553,30.452929802411496,29.512301337052662,30.362485885620117,40742600
2022-09-08,30.262996955791177,31.411652695145065,30.09115212557518,31.339298248291016,44361800
2022-09-09,31.637756696743967,31.88195935261943,31.51113386411523,31.601577758789062,37295100
2022-09-12,31.836733985383994,32.22564890108845,31.682975240699115,31.90004539489746,30534000
2022-09-13,31.27597659623408,31.40259942452437,30.579547590424173,30.751392364501953,40959600
2022-09-14,30.932296478997717,31.131273813365436,30.335357575465075,30.633825302124023,32004400
2022-09-15,30.561463735783754,31.565406987657667,30.480062838328735,31.21266746520996,44863300
2022-09-16,30.92324528397122,30.95942423021631,30.4438863219735,30.859933853149414,54281800
2022-09-19,30.498150405101242,31.53826908515651,30.416749512730505,31.37546730041504,29782000
2022-09-20,31.203620529703734,31.45686620094895,30.642860778997825,30.905149459838867,33591100
2022-09-21,31.031777751690093,31.113178644168627,29.95547667889462,29.98261260986328,51667800
2022-09-22,30.127326234330223,30.226813151495744,29.295227802786616,29.394718170166016,47527500
2022-09-23,28.879179220426753,29.02389153563166,28.227972076897817,28.698287963867188,55316100
2022-09-26,28.327464546678446,28.779690996593764,27.748615242821078,28.065174102783203,40360200
2022-09-27,28.282241848801085,28.372687481429686,27.40492145494267,27.649124145507812,43396600
2022-09-28,27.612945250590474,28.318417347015064,27.486320682557537,28.101348876953125,38372900
2022-09-29,27.75766017868779,27.947594460968393,27.323521472561957,27.730525970458984,35220900
2022-09-30,27.820971055021282,28.209886073061924,27.28734371284091,27.314477920532227,42294100
2022-10-03,27.667215516993032,28.29128852736853,27.314479423136355,28.119441986083984,34591700
2022-10-04,28.689243841553978,29.412807158146308,28.6349771534693,29.286184310913086,39758700
2022-10-05,28.52644303786765,28.969622991696284,28.445042145297165,28.870134353637695,35791100
2022-10-06,28.580712793715186,28.833958508812316,28.363644298586056,28.45408821105957,40891900
2022-10-07,28.19180003111783,28.25511146499314,27.61295066413536,27.81192970275879,52304600
2022-10-10,27.947594460968393,28.083262051898394,27.450146052522705,27.730525970458984,37669100
2022-10-11,27.46823396287886,27.558677868285034,26.744670643881044,26.925561904907227,58124000
2022-10-12,26.80797541767319,27.41395874915059,26.663263134792604,27.006956100463867,36137900
2022-10-13,26.5999599346669,28.73446935346463,26.50951429868094,28.662113189697266,67671000
2022-10-14,28.770644569626725,29.512297352988085,28.55357609343812,28.67115592956543,58108500
2022-10-17,30.17255096543877,30.633820451865994,29.729367501823894,30.40770721435547,88896800
2022-10-18,31.637757587405545,31.981450607225874,31.004639956224995,31.547313690185547,81937900
2022-10-19,31.275979249928113,31.502092448264044,30.543371245242813,30.67903709411621,43139900
2022-10-20,30.733308184901713,31.32120393194733,30.3805721167599,30.48006248474121,39549100
2022-10-21,30.353439205441266,31.692029023411408,30.353439205441266,31.610628128051758,54870300
2022-10-24,31.75534283980841,31.891008708818823,31.393560288685748,31.71916389465332,33765600
2022-10-25,31.420694581445915,32.1804351389483,31.230756854409872,32.00858688354492,37132300
2022-10-26,32.03571799079534,32.641703188729814,31.972406567905526,32.28896713256836,41104600
2022-10-27,32.695971461244866,32.89494873938319,32.352278416876835,32.44272232055664,35261900
2022-10-28,32.59648732952705,32.83164359418475,32.23470474520737,32.72311019897461,31659100
2022-10-31,32.56030238143373,32.85877347603282,32.38845758316424,32.59648132324219,32565500
2022-11-01,32.95825860266071,33.24768322099917,32.65979097446763,32.74119186401367,29913200
2022-11-02,32.62361127512719,33.71799830337992,32.515077908330376,32.641700744628906,57380600
2022-11-03,32.288970613349235,32.686928664444544,32.026678432979665,32.4608154296875,30046500
2022-11-04,33.01253385686311,33.46476034805301,32.75928812586534,33.27482604980469,39369400
2022-11-07,33.47380447387695,33.77227562409905,33.22055873445052,33.47380447387695,37533700
2022-11-08,33.54616147225417,33.84462916426569,33.23864731824011,33.56425094604492,32664300
2022-11-09,33.35622802577979,33.428582472578746,32.913044532108906,33.03062438964844,30164400
2022-11-10,33.7360921476607,34.568190601575914,33.59137982309466,34.48678970336914,45702800
2022-11-11,34.541059060033724,34.911884654517046,34.34208174484241,34.74003982543945,35688700
2022-11-14,34.45060500192961,34.604360311615224,34.14309093234499,34.15213394165039,35541400
2022-11-15,34.541049795030034,34.64054015104643,33.736087387571516,34.097869873046875,46082800
2022-11-16,34.01647271270894,34.134052550900904,33.645647177070146,33.79035949707031,23813000
2022-11-17,33.35622249232474,33.64564713193683,33.066797852712654,33.61851119995117,23689700
2022-11-18,34.17927815470655,34.23354312411904,33.39240159608313,33.63660430908203,32041800
2022-11-21,33.5461555347212,33.9350705268501,33.519023053944586,33.74513626098633,27935700
2022-11-22,33.998387643466316,34.18832194114369,33.85367530472912,33.90794372558594,23499300
2022-11-23,33.907938488058065,34.06169381474803,33.79940166310938,34.01647186279297,18934700
2022-11-25,34.11595934234199,34.25162518673514,33.97124703819454,34.097869873046875,16118500
2022-11-28,33.82654403494116,34.06170030000891,33.31100609402603,33.338138580322266,35428300
2022-11-29,33.446658915363024,33.600417661501844,33.21150274211981,33.46474838256836,27048800
2022-11-30,33.374312119189476,34.23353958129883,32.741194423255834,34.23353958129883,51747900
2022-12-01,34.11528062343531,34.28813012925516,33.11456711330219,33.25102615356445,46213200
2022-12-02,32.80525294956452,33.014492907246144,32.57781776029506,32.823448181152344,42295300
2022-12-05,32.577815406302825,32.65059285700983,31.058546647160984,31.358762741088867,71386600
2022-12-06,31.449733003938242,31.549805027553123,29.48469340054395,30.021440505981445,84085700
2022-12-07,29.648449615925777,29.948662242974553,29.43011032048409,29.784912109375,49234100
2022-12-08,29.994146811738947,30.012342039044213,29.275450949912408,29.511981964111328,45491100
2022-12-09,29.211774682779282,29.657545686186374,29.184483572068554,29.45740509033203,36985500
2022-12-12,29.39372272783287,29.82129848913745,29.166287556999585,29.77581214904785,41060500
2022-12-13,30.5218020829293,30.630970003419264,29.630256546425763,29.794010162353516,54804800
2022-12-14,29.839492012618603,30.02144083295596,29.257258563847135,29.366426467895508,48819500
2022-12-15,28.884262963156413,29.10260049071781,28.647730207833458,28.90245819091797,49027600
2022-12-16,28.766000266491073,29.048019383607794,28.52036987326396,28.83877944946289,61795200
2022-12-19,28.89336512207653,29.320942630578163,28.866072276140926,29.166288375854492,38374100
2022-12-20,29.47559980325934,29.63935340541853,29.239065279969253,29.2845516204834,35561100
2022-12-21,29.58476732887372,29.903175178706988,29.48469529881604,29.73032569885254,32544000
2022-12-22,29.584764670741766,29.63935035597389,28.99343362893364,29.46649742126465,30234400
2022-12-23,29.475600273280428,29.63935387805085,29.284552087458014,29.539281845092773,21378600
2022-12-27,29.566571424316308,29.721225670597065,29.366427368766903,29.593862533569336,22776100
2022-12-28,29.630253623819613,29.994151283406953,29.593863163783823,29.81220245361328,30541000
2022-12-29,29.921368555036782,30.166998939855766,29.794005422993994,30.1488037109375,22252900
2022-12-30,30.11241237659183,30.29436119009327,29.894076576698076,30.13060760498047,28198900
2023-01-03,30.23068250205345,31.01306004527507,30.21248727193373,30.485408782958984,35221500
2023-01-04,30.840206459980642,31.677166111779417,30.776524898230075,31.058542251586914,41998500
2023-01-05,30.85840292412331,31.058546988944382,30.549094417233096,30.99486541748047,34177000
2023-01-06,31.013055814438633,31.45883021559556,30.512699200754003,31.30417251586914,34068700
2023-01-09,31.61348555727899,31.622581436225378,30.667354509147177,30.83110809326172,43818800
2023-01-10,30.694654784729053,31.176816277246935,30.603678626452176,31.040353775024414,35096000
2023-01-11,31.04035146281341,31.331468206842803,30.931183551398718,31.276885986328125,36783700
2023-01-12,31.47702653228592,31.72265693539455,31.25869070977957,31.358762741088867,44230400
2023-01-13,31.113127789764796,32.19571780486686,30.103315214730898,32.0501594543457,89667800
2023-01-17,31.558907277050885,31.686273904878718,31.067649879829435,31.404253005981445,56458400
2023-01-18,31.231406581857467,31.24050246383488,30.48541585542386,30.676464080810547,54517800
2023-01-19,30.27616489252241,30.521795261517337,29.921366627435795,30.23067855834961,42707100
2023-01-20,30.29436490765228,30.831112064636475,30.103320191705038,30.794721603393555,45004400
2023-01-23,30.75833899721366,31.39515480781747,30.70375329756795,31.222305297851562,33683300
2023-01-24,31.131331561518437,31.649883544468146,30.8857011269024,31.449739456176758,26716700
2023-01-25,31.204100592428905,31.80452922472412,31.158614258391435,31.722652435302734,28859700
2023-01-26,31.886416171806843,32.159337733357766,31.649885077232295,32.15024185180664,30035500
2023-01-27,32.24120582630593,32.550517771151775,32.086551589075505,32.25030517578125,29964900
2023-01-30,32.03196521889478,32.35037650641189,32.004674111822006,32.11384201049805,27353500
2023-01-31,31.99557468949989,32.27759552001953,31.84092045592729,32.27759552001953,38917400
2023-02-01,32.02286848847242,32.987191263507356,31.940991699046357,32.677879333496094,44438700
2023-02-02,32.841632425625725,33.09636213916767,32.24120380219473,32.868927001953125,33729100
2023-02-03,32.76886733513642,33.44207365157114,32.65969939984167,33.14186096191406,37411700
2023-02-06,32.97810091526515,33.15095040175814,32.73247050579486,33.0872688293457,29463200
2023-02-07,32.90532152372508,33.66040801802255,32.868934530928364,33.451168060302734,44100200
2023-02-08,33.12365908602138,33.51484786864204,33.0599775140027,33.205535888671875,28032800
2023-02-09,32.99629401420542,33.06907146209535,32.35037898124705,32.49593734741211,35257100
2023-02-10,32.3412814687082,32.377671929913255,31.86821588419871,32.36857604980469,32898900
2023-02-13,32.27760467284114,32.55052623149187,32.195727858207334,32.4322624206543,29163900
2023-02-14,32.41406379791036,32.74157102219907,32.25940606626934,32.404964447021484,33625200
2023-02-15,32.13204444186179,32.39587010399141,31.986486054201595,32.35038375854492,23500100
2023-02-16,32.22300902791065,32.441348289676334,32.04106369188822,32.095645904541016,22681100
2023-02-17,31.913709126513204,32.19572655520479,31.604397113791062,32.15933609008789,28562700
2023-02-21,31.75905136468029,31.886414522122358,31.176817804724674,31.404253005981445,37068900
2023-02-22,31.258688891277146,31.43153836323777,30.994863273243723,31.19500732421875,38550400
2023-02-23,31.295083601787763,31.47702897788413,30.803822757402138,31.16771697998047,28488000
2023-02-24,30.803822652317137,31.195011456283893,30.785627420692453,31.122230529785156,27046600
2023-02-27,31.340569838895785,31.558905677620828,31.085840066535788,31.122230529785156,30137500
2023-02-28,31.24958980808053,31.376956413669063,31.094935564015042,31.204103469848633,32620600
2023-03-01,31.06764160062833,31.37695353072458,30.912983900387786,31.058542251586914,29281600
2023-03-02,30.820478933384628,30.857105415259714,30.21615595401997,30.66482162475586,44607200
2023-03-03,30.81132955168954,31.397339394576854,30.81132955168954,31.278305053710938,39109100
2023-03-06,31.351546601159313,31.644551415786633,31.122636371425916,31.21419906616211,36646700
2023-03-07,30.99444757964838,31.040232425627465,30.033025193274433,30.216154098510742,52855300
2023-03-08,29.904837093040182,30.18868708110505,29.70339494067844,29.813274383544922,40045600
2023-03-09,29.556895854723457,29.657616942303,27.753083378248395,27.963682174682617,112457900
2023-03-10,27.762238724769965,28.421501454732926,26.480341494709663,27.71645736694336,165330900
2023-03-13,26.48033976122063,27.212851917174792,25.518917338224952,26.10492706298828,218403300
2023-03-14,27.46007362259153,27.55163807268834,26.06829887117055,26.33383560180664,154255800
2023-03-15,25.528065515443927,26.150701557896806,25.344938397717147,26.086606979370117,131104400
2023-03-16,25.98589650612205,26.9839455545506,25.738674709245203,26.526124954223633,108348800
2023-03-17,26.24227365435587,26.24227365435587,25.290007823295557,25.473134994506836,130665500
2023-03-20,25.857702438142475,26.031674722581894,25.317474091551656,25.409038543701172,81441200
2023-03-21,26.21480161250029,26.535276318524787,26.10492566820121,26.178176879882812,84854800
2023-03-22,26.28805477568688,26.31552463702421,25.308319091796875,25.308319091796875,76925900
2023-03-23,25.637954385865903,25.720362236107665,24.53002933819985,24.694843292236328,105335900
2023-03-24,24.35605479685542,24.987847675665833,24.099674647633847,24.850500106811523,96872700
2023-03-27,25.573848604710335,26.233109372130055,25.555535369003774,26.086606979370117,102469800
2023-03-28,25.985888820092434,26.233112290293246,25.619632797450386,25.74782371520996,63416500
2023-03-29,26.08661293801267,26.342993057127444,25.85770267873234,26.251428604125977,62666400
2023-03-30,26.480341704988138,26.60853090507805,25.738672874337123,25.912643432617188,67427100
2023-03-31,26.205651117958286,26.26058909928757,25.876019737088704,26.18733787536621,56482100
2023-04-03,26.22395823226632,26.535276318524787,25.940110005305947,26.178176879882812,51996800
2023-04-04,26.141551662368567,26.233116118000986,25.326631674778174,25.61963653564453,56233300
2023-04-05,25.326632332688426,25.555542604492516,25.143503416666448,25.308319091796875,47799400
2023-04-06,25.38157165136505,25.647108418996666,25.29000893495802,25.4914493560791,41216600
2023-04-10,25.335786233689003,25.7295121383625,25.317472994763122,25.583009719848633,40572700
2023-04-11,25.656264311701122,26.324681902602578,25.601324587680068,26.288055419921875,58761200
2023-04-12,26.26058442103281,26.562745884185002,25.976736197210236,26.077455520629883,44313300
2023-04-13,26.150707244873047,26.223958457182906,25.85770239563361,26.150707244873047,52261400
2023-04-14,26.828285759336595,27.350202696693728,26.78250439911347,27.029727935791016,81110800
2023-04-17,27.258634655193813,27.844644372147787,26.919846696050598,27.808019638061523,83704400
2023-04-18,28.201744463037578,28.320778781015623,27.286103386361724,27.981990814208984,114498800
2023-04-19,27.588266428776702,27.652362774776623,27.276950051868493,27.524171829223633,65594200
2023-04-20,27.322730404063424,27.679829872113842,27.25863580686943,27.377668380737305,43193800
2023-04-21,27.24032295172505,27.45091998733065,26.929004835418162,27.350200653076172,44759000
2023-04-24,27.276945336949105,27.377664656074145,27.093816444354676,27.249475479125977,28020300
2023-04-25,26.965630858389925,27.03888207589317,26.388775992410928,26.407089233398438,49718800
2023-04-26,26.333837382496693,26.498653054526436,25.912641582148815,26.04083251953125,45848400
2023-04-27,26.114083204285603,26.62684170404902,26.114083204285603,26.452869415283203,33060100
2023-04-28,26.123241919456486,26.94731858249316,26.104928677813106,26.809972763061523,45592500
2023-05-01,27.011411645492732,27.048038126696316,26.553591109128448,26.59021759033203,34076800
2023-05-02,26.416247220892163,26.425403841859758,25.372415134395734,25.784454345703125,70797700
2023-05-03,25.78445537182336,26.095773511323323,25.463980610991403,25.509763717651367,51139500
2023-05-04,25.25338224443375,25.463979284760295,24.56665139832357,24.713153839111328,82173800
2023-05-05,25.290009445462136,25.53723122977715,25.15266187518536,25.37241554260254,50087100
2023-05-08,25.71120643455213,25.77530104313016,25.32663703663683,25.354106903076172,34245500
2023-05-09,25.106876010688957,25.48228867679893,24.94206035309012,25.326629638671875,32188800
2023-05-10,25.601325788320622,25.63795227271902,24.74062436232111,25.015316009521484,44446400
2023-05-11,24.73146392245655,25.170971188691947,24.61242961298865,25.07940673828125,34897300
2023-05-12,25.19844397761061,25.225912093414934,24.612432474713657,24.804718017578125,38142000
2023-05-15,24.813872492638072,25.473133411637235,24.749777899374546,25.317474365234375,38722800
2023-05-16,25.436512184353287,25.54638814610816,25.024472961655203,25.051942825317383,33347500
2023-05-17,25.399882426730723,26.251428879621567,25.390725806689815,26.15986442565918,61750400
2023-05-18,26.04083594390379,26.095773926322476,25.637953331123835,26.06830406188965,51146100
2023-05-19,26.059147180098517,26.251432736313568,25.665422939176185,25.73867416381836,50062500
2023-05-22,25.912643764234744,26.04999133345664,25.647108739729322,25.949270248413086,36473700
2023-05-23,25.93095660961747,26.62684408033789,25.912643367808464,26.169023513793945,51400400
2023-05-24,25.940114030993893,26.10492971946717,25.637952517608525,25.729516983032227,50606900
2023-05-25,25.6287939432281,25.85770421611843,25.52807286429338,25.793609619140625,40517800
2023-05-26,25.821077474045047,26.004204630258382,25.44566479539407,25.921796798706055,57879100
2023-05-30,25.93095650292403,26.086615564766383,25.5921702630857,25.876018524169922,41819600
2023-05-31,25.729515521735912,25.78445349929119,25.161817265508677,25.445667266845703,61905200
2023-06-01,25.62102312545073,25.824070944203065,25.233385100281605,25.639482498168945,57426100
2023-06-02,25.990201388396667,26.719330756394882,25.953284403896173,26.497821807861328,66578100
2023-06-05,26.599349416731734,26.599349416731734,26.119416244650527,26.340925216674805,34757800
2023-06-06,26.267088320401424,27.162348635044484,26.257860393373427,26.977758407592773,46297900
2023-06-07,27.042367132047715,27.365399181826383,26.774713212208052,27.208498001098633,44502600
2023-06-08,27.02390684464714,27.11620019799012,26.756251190880445,26.977758407592773,41483100
2023-06-09,26.95007099649814,27.13465946281873,26.839316508399495,27.014677047729492,32692000
2023-06-12,27.04236296379431,27.282329542059575,26.682413976587807,26.885461807250977,41011300
2023-06-13,26.88546443133725,27.50383943096496,26.793171074089525,27.134660720825195,42718800
2023-06-14,27.29156134230195,27.439232823379808,26.756251783298982,26.876235961914062,38322800
2023-06-15,26.673185242811297,27.199265092260287,26.479367092122864,27.106971740722656,42044900
2023-06-16,27.254638219534904,27.393079981846128,26.913146896143537,26.94083595275879,53050200
2023-06-20,26.774712294434632,26.802401358455022,26.377844512057354,26.64550018310547,39040900
2023-06-21,26.562432198174957,26.765480033657994,26.340924988452688,26.36861228942871,39553400
2023-06-22,26.304008972724912,26.3316980369604,25.75024001069621,25.80561637878418,50742900
2023-06-23,25.602565738340125,25.74100752369824,25.46412395298201,25.61179542541504,55181100
2023-06-26,25.657944384033676,26.100960601145225,25.648716456520262,25.925600051879883,47519300
2023-06-27,25.934827133547966,26.211710701083156,25.79638534978037,26.06403923034668,39081800
2023-06-28,26.073269673958215,26.09172904843166,25.750237662204288,25.90713882446289,37803800
2023-06-29,26.304005851420868,26.7654796382879,26.211710741970904,26.451677322387695,68376400
2023-06-30,26.71010511918822,26.867006287961097,26.46090883459902,26.479368209838867,50479000
2023-07-03,26.488599397358144,27.088515043559703,26.442450956645402,26.9500732421875,30995800
2023-07-05,26.89468986474548,27.153115801155135,26.71933110540793,26.839313507080078,37492000
2023-07-06,26.580893153044514,26.59935252960394,25.93483081691189,26.100961685180664,52098000
2023-07-07,26.119418163569016,26.59935137090953,26.11019023607432,26.331697463989258,34288000
2023-07-10,26.387071273887557,26.62703785430435,26.27631679047104,26.451677322387695,36086000
2023-07-11,26.45167766737213,26.83931572381135,26.23017045803298,26.783939361572266,40978700
2023-07-12,27.236189619796416,27.586909007045804,27.014682360420508,27.097747802734375,41855500
2023-07-13,27.245414029466858,27.568446046937783,27.143889228448973,27.38385581970215,39589000
2023-07-14,27.68843306759313,27.780728196561743,26.811631982966084,26.86701011657715,58720300
2023-07-17,26.90392380693998,27.2823322048811,26.87623650391884,27.134660720825195,49477200
2023-07-18,27.688427712296285,28.482163203371282,27.61459197547881,28.334491729736328,98253800
2023-07-19,28.509852465577872,29.25744133271074,28.325263991028095,29.100540161132812,70619800
2023-07-20,28.91594919663979,29.349733949289302,28.851343144158253,29.248210906982422,42128800
2023-07-21,29.414342281827214,29.635849505841446,28.99901513656119,29.515865325927734,70872400
2023-07-24,29.534321875377525,30.31882589188603,29.515862501713553,30.134239196777344,64548600
2023-07-25,30.235762734619563,30.26345355757158,29.59893013897583,29.672767639160156,51208800
2023-07-26,29.75583366808774,30.0327172578454,29.672768239083855,29.91273307800293,41814600
2023-07-27,29.93119076865421,30.217305790399596,29.3681921727364,29.488176345825195,45529500
2023-07-28,29.672766705705875,29.681994632555725,29.266667508998864,29.442028045654297,33296500
2023-07-31,29.442027628012625,29.765059635043144,29.331274903557073,29.53432273864746,29093400
2023-08-01,29.386649200212798,29.478944304360258,28.999011171099607,29.18360137939453,32712000
2023-08-02,28.759052190051463,28.869806696317927,28.40833281424344,28.786741256713867,38855100
2023-08-03,28.55599761967863,29.118994426733767,28.500619499339244,28.989782333374023,27933400
2023-08-04,28.943639923540534,29.229753212574224,28.76827937073401,28.888261795043945,30768100
2023-08-07,28.98978210791553,29.442026191540204,28.98978210791553,29.423566818237305,31745200
2023-08-08,28.888262026377046,28.89749171453372,28.1314452013599,28.86057472229004,45951800
2023-08-09,28.814426261780948,28.869804390683083,28.454477225832136,28.482166290283203,30732100
2023-08-10,28.620607719036098,28.906721006438918,28.426787791168834,28.556001663208008,26062600
2023-08-11,28.42678624799769,28.98055517706422,28.380639570735017,28.879032135009766,35720700
2023-08-14,28.657524738878312,28.712902867113552,28.380641139234104,28.546772003173828,32563700
2023-08-15,28.149899125212468,28.196045796674497,27.54075390792373,27.63304901123047,43406100
2023-08-16,27.457693361124576,27.540758792795593,26.959300771098484,27.033138275146484,47220400
2023-08-17,27.171578184823893,27.26387329808225,26.867005543339324,27.023906707763672,37202200
2023-08-18,26.80240405441407,27.088517369871912,26.747025920803004,26.86701011657715,31430400
2023-08-21,26.96853099896892,27.042366744112,26.58089289687198,26.9039249420166,34959000
2023-08-22,26.88546701441134,26.986991829597574,26.23017496100266,26.248634338378906,37564200
2023-08-23,26.257862091064453,26.313238458727152,26.008665796007826,26.257862091064453,44686600
2023-08-24,26.21171288746167,26.571663667741078,26.184025584628365,26.414762496948242,31934800
2023-08-25,26.43322251053637,26.57166607879672,26.11942014047695,26.30401039123535,34253200
2023-08-28,26.47936977330692,26.765483064886393,26.368615275711278,26.543975830078125,33075200
2023-08-29,26.66395827443321,27.005449695245062,26.50705709628447,26.92238426208496,30428200
2023-08-30,26.96852776802231,27.01467620344734,26.700873884088367,26.802398681640625,33366400
2023-08-31,26.923383793406188,26.96060842656177,26.551128586586163,26.68141746520996,37243000
2023-09-01,26.76517736015245,27.109512789782165,26.76517736015245,26.96991729736328,35228600
2023-09-05,26.932691704723357,27.100206999698912,26.523210069788988,26.662805557250977,46543600
2023-09-06,26.430144004208966,26.579046083946825,26.16956625219412,26.42083740234375,45022600
2023-09-07,26.439452608941117,26.56974149481831,26.113728619195193,26.17887306213379,35023600
2023-09-08,26.1695626369567,26.41152715181453,26.020658802736605,26.392915725708008,36513900
2023-09-11,26.53251651755582,26.765176253653237,26.43014566565602,26.504596710205078,34168300
2023-09-12,26.485983363923605,27.118818126739004,26.430145524573103,26.960609436035156,42284000
2023-09-13,27.100203098676385,27.165347531777698,26.709334725015818,26.876848220825195,37215700
2023-09-14,27.146732298203897,27.398005185695578,27.08158786997699,27.174652099609375,44634800
2023-09-15,26.94199524577151,27.07228411592407,26.755866766936943,26.839624404907227,61661100
2023-09-18,26.802399498540414,26.802399498540414,26.513901937754714,26.765174865722656,25752300
2023-09-19,26.7651764097478,26.932691704723357,26.53251667229351,26.662805557250977,34888100
2023-09-20,26.811706626154226,26.96060871045014,26.551128866162813,26.569740295410156,26641100
2023-09-21,26.392917108830236,26.606963608219118,26.07649977275421,26.10441780090332,39906000
2023-09-22,26.123033436867217,26.23471088502637,25.685633796270572,25.722858428955078,41284400
2023-09-25,25.592568465349384,25.704245908766843,25.45297299236712,25.685632705688477,32749200
2023-09-26,25.44366820577861,25.59257029092156,25.136557433289667,25.285459518432617,42237400
2023-09-27,25.341294560870924,25.694938305360054,25.192392492155296,25.378520965576172,38296300
2023-09-28,25.28545650763602,25.722856108779666,25.28545650763602,25.648405075073242,36734300
2023-09-29,25.95552017405176,26.04858442559182,25.378525009598714,25.480894088745117,40645900
2023-10-02,25.378520627834405,25.46227826225387,24.736379355636053,24.84805679321289,50388600
2023-10-03,24.652624500431273,24.680544306736184,24.029096360044363,24.11285400390625,62144500
2023-10-04,24.08493225773238,24.20591630025642,23.80574131738149,24.140771865844727,55696400
2023-10-05,23.991871281841625,24.280368841431763,23.78712958950755,24.25244903564453,49044100
2023-10-06,23.982560268619388,24.410653228297686,23.703367587259525,24.261751174926758,58177300
2023-10-09,23.973256769091478,24.53164042897978,23.936030363407653,24.485107421875,39953700
2023-10-10,24.76430142447363,25.40644098036853,24.727075016857963,25.13655662536621,51960100
2023-10-11,25.28545997213906,25.5367329109713,25.034187033306818,25.145864486694336,38508200
2023-10-12,25.099331759169832,25.201702611346974,24.76430294531787,25.03418731689453,44249800
2023-10-13,25.527424444627155,25.797308793440013,24.680543216373884,24.90389633178711,55089700
2023-10-16,25.276147649743294,25.29476085027117,24.91319911471217,25.117938995361328,56817500
2023-10-17,25.173777134972045,25.93690239063333,24.866666422652603,25.704242706298828,95344200
2023-10-18,25.629796898414956,26.09511636185703,25.322684348492412,25.415748596191406,68371100
2023-10-19,25.359909164640698,25.853148403926102,25.01557200229942,25.090023040771484,58611000
2023-10-20,24.941120241185512,25.07141088602617,24.41996298698103,24.485107421875,62058400
2023-10-23,24.317595544186425,24.392046590904044,23.749906978609435,23.796438217163086,59857200
2023-10-24,23.95464589293575,24.075629948106496,23.638228514100895,23.703372955322266,55975700
2023-10-25,23.61961570975672,23.870888651628782,23.43348898526302,23.77782440185547,45522400
2023-10-26,23.72198507981731,24.531641694687412,23.675453845364476,24.30828857421875,60921000
2023-10-27,24.261753656803442,24.261753656803442,23.228744002699084,23.424179077148438,64709300
2023-10-30,23.563772550996884,23.991867293301546,23.526547924521818,23.908109664916992,41891900
2023-10-31,23.95464166816949,24.55024991149503,23.936028466802423,24.513025283813477,50106700
2023-11-01,24.606095048189324,24.773610348052998,24.336208892841633,24.56886863708496,44046300
2023-11-02,24.857359822272922,25.741467332765037,24.745684167821775,25.704242706298828,63278300
2023-11-03,26.206792738525074,26.92338515736475,26.178872930954316,26.448759078979492,62613600
2023-11-06,26.579046290523337,26.77448138110623,26.076502211265417,26.364999771118164,45548000
2023-11-07,26.104418178555495,26.29985325368988,26.01135571664193,26.206789016723633,33081900
2023-11-08,26.206791655124448,26.24401806367983,25.75077880063814,25.95551872253418,31896000
2023-11-09,26.123035139674066,26.13234174221504,25.499506969852305,25.62049102783203,32267900
2023-11-10,25.834539016387666,25.843845619452885,25.443670562913635,25.760087966918945,32858500
2023-11-13,25.62979588710748,25.918293446043144,25.51811843926471,25.778697967529297,28521800
2023-11-14,26.523208458131837,27.37008970900129,26.495288652314787,27.193267822265625,66676300
2023-11-15,27.174656645136768,27.667894127103338,27.174656645136768,27.56552505493164,46968900
2023-11-16,27.38870656317562,27.639979523859612,27.19327144651483,27.491077423095703,36952800
2023-11-17,27.64927983004459,27.91916595294842,27.500377753633085,27.90055274963379,38493300
2023-11-20,27.90055080854275,28.151823710650447,27.686504310474408,27.928470611572266,46783400
2023-11-21,27.909859628378914,27.909859628378914,27.500378026655582,27.60274887084961,41611900
2023-11-22,27.67719803146042,27.723731037050975,27.472458132019977,27.574827194213867,41422700
2023-11-24,27.435232744634682,27.816794529359274,27.435232744634682,27.667892456054688,15815600
2023-11-27,27.546910014628175,27.630667652219067,27.463152377037282,27.50968360900879,42039500
2023-11-28,27.481769561767578,27.593445244701332,27.286334454054046,27.481769561767578,29705800
2023-11-29,27.807487599472918,28.486855297835675,27.74234316505315,28.20766258239746,57954900
2023-11-30,28.338994727247957,28.657937554902794,28.179525102640813,28.601654052734375,52547700
2023-12-01,28.51722282832039,29.126965729391095,28.470320216399546,29.042539596557617,46133300
2023-12-04,28.639176421336,29.080067117383507,28.629795539817515,28.91121482849121,37811300
2023-12-05,28.779886051185965,28.883073958617143,28.451562355085123,28.686079025268555,45723100
2023-12-06,28.873692077100312,29.567861182095193,28.554749273559402,28.639175415039062,49803100
2023-12-07,28.695457374296936,29.014400160736084,28.64855476008767,28.76112174987793,32699600
2023-12-08,28.770501226820823,29.211391862224573,28.71421773467182,29.042539596557617,34794300
2023-12-11,29.00502022794666,29.155110745385393,28.80802530554576,28.939355850219727,32254000
2023-12-12,28.864310932494337,28.94873707320352,28.56412989407063,28.83616828918457,34566700
2023-12-13,28.845551421974797,30.140084487753597,28.732982629168713,30.0556583404541,60311100
2023-12-14,30.599730766587395,31.95992802011716,30.5528281533843,31.83797836303711,107190000
2023-12-15,31.725413049816208,31.91302709096901,31.22823888243545,31.5190372467041,83771800
2023-12-18,31.6222213061515,31.697268344870462,31.340802067834908,31.35956382751465,40694700
2023-12-19,30.984342585777867,31.584704713432117,30.768587669804656,31.434614181518555,44534800
2023-12-20,31.31267093267545,31.622231117336614,30.90930192051024,30.937442779541016,44711400
2023-12-21,31.18133761245207,31.378330753866067,30.853012131655053,31.143814086914062,32325700
2023-12-22,31.15318804947726,31.584697786792017,31.14380895885727,31.35956382751465,37265900
2023-12-26,31.378330359941074,31.856742780003394,31.30328330980721,31.762937545776367,24845400
2023-12-27,31.706655243372865,31.84736668640176,31.575326471714238,31.744178771972656,24498600
2023-12-28,31.725411037272707,31.866122453821145,31.678508424569888,31.781696319580078,21799600
2023-12-29,31.837983801471914,31.884890001127342,31.47213834617954,31.584705352783203,28060700
2024-01-02,31.32204669942347,31.959932344936274,31.20947969681547,31.80046272277832,36668600
2024-01-03,31.565941613211802,31.67850860000998,31.1813344614147,31.453371047973633,45988700
2024-01-04,31.490896790030124,32.18506767751571,31.46275593595647,31.70665168762207,39834600
2024-01-05,31.706651150145415,32.54152987228705,31.62222501091535,32.29763412475586,49242400
2024-01-08,32.17568606103678,32.17568606103678,31.556562202056657,32.04435729980469,40253900
2024-01-09,31.725417292615983,31.744179057084388,31.434615311016717,31.54718589782715,39268800
2024-01-10,31.425232015347802,31.547181678863154,31.181336266757295,31.5190372467041,34904000
2024-01-11,31.293899772948432,31.425228513589182,30.74981947207698,31.096906661987305,48790600
2024-01-12,30.252651141972684,31.134432553686185,29.980610939544736,30.768587112426758,74344300
2024-01-16,30.402743188416228,30.496548431929053,29.849283663432974,30.13070297241211,58420800
2024-01-17,29.75546965708238,30.008748049336408,29.333340792545577,29.830514907836914,48811300
2024-01-18,29.783620010702315,29.802381775555016,29.45529628266152,29.76485824584961,35484400
2024-01-19,29.830516553452966,30.233885469468124,29.614761669283933,30.224506378173828,49493600
2024-01-22,30.35583578793784,30.94681874866788,30.31831226506353,30.534067153930664,43903400
2024-01-23,30.52468739187349,30.78734488934347,30.383975973405988,30.740442276000977,30003400
2024-01-24,30.984345404072602,31.27514740167383,30.871778389508624,30.937442779541016,36403900
2024-01-25,31.153195886102946,31.37833348045372,30.79673309783849,31.32204818725586,46204000
2024-01-26,31.33142297721492,31.584697786792017,31.256375938495953,31.35956382751465,30839800
2024-01-29,31.33143015521758,31.56594683728226,31.181339621833807,31.528423309326172,30269300
2024-01-30,31.80045912924632,32.729143058089534,31.744173845082454,32.635337829589844,60315700
2024-01-31,32.428965102383664,32.926139301685076,31.894267376754485,31.90364646911621,54716000
2024-02-01,31.82859801660417,32.12877902339427,30.89053147577514,31.472131729125977,57084800
2024-02-02,31.303287807764445,31.622230659781536,31.115673733911894,31.397096633911133,40416000
2024-02-05,31.05938821191439,31.22824049985333,30.82487154293701,30.946821212768555,43573000
2024-02-06,30.88115044096628,31.29390203097933,30.843630496961506,30.99372100830078,27188000
2024-02-07,31.012486403676274,31.200096881005187,30.609117436226256,31.12505340576172,29660100
2024-02-08,31.003105069371873,31.21885999035427,30.76858838415962,31.068769454956055,36852200
2024-02-09,31.050000973717456,31.190712385781133,30.806105248372255,31.021860122680664,36176000
2024-02-12,30.956201385159513,31.866127237642438,30.937439621573827,31.53780174255371,34160400
2024-02-13,31.068767168808403,31.247002126656575,30.34645540209199,30.721683502197266,43801500
2024-02-14,30.937436464868718,31.12505050314184,30.834248564896495,31.078147888183594,27833900
2024-02-15,31.25637856836613,32.119401694049024,31.25637856836613,31.959928512573242,41683100
2024-02-16,31.819225506820924,32.03498402912816,30.477793217294558,31.97869873046875,33290700
2024-02-20,31.68789057410772,31.978692526436067,31.678511482037912,31.85674285888672,30372900
2024-02-21,31.29390357487559,31.65036989880779,31.115668623689373,31.61284637451172,37847100
2024-02-22,31.30328572003022,31.959933145499445,31.30328572003022,31.528423309326172,42756900
2024-02-23,31.640986314288547,31.9411673431033,31.415852331897547,31.819217681884766,30586000
2024-02-26,31.697275606687988,32.100644586114484,31.453376253413992,31.528423309326172,31129200
2024-02-27,31.64098923418158,32.29763663722562,31.62222747084427,32.156925201416016,40536300
2024-02-28,32.10064008629834,32.45710281659107,31.997452188104102,32.18506622314453,39548600
2024-02-29,32.43068157576178,32.7329771671881,32.26063985512852,32.61016845703125,43863400
2024-03-01,32.61960757659312,32.732971105119105,32.14727035200927,32.44956588745117,38432300
2024-03-04,32.39289387906352,33.46037361473849,32.35510602904466,33.20531463623047,49136400
2024-03-05,32.997487852529446,33.74378173703703,32.940806072712455,33.432037353515625,47591600
2024-03-06,33.67765125610914,33.80990512480043,33.12973825307644,33.46037292480469,49149700
2024-03-07,33.63041737974052,33.913822668455495,33.29978268110363,33.65876007080078,35900700
2024-03-08,33.885483307535786,34.13110076807409,33.535954648390984,33.63042068481445,42769900
2024-03-11,33.432043359291036,33.94216865833943,33.31868338294095,33.904380798339844,34131500
2024-03-12,33.91382657938144,34.149995278113494,33.80046300936325,33.97050476074219,29260400
2024-03-13,33.97050635873115,34.43339861562592,33.97050635873115,34.08386993408203,38289600
2024-03-14,33.932717431241926,34.216122757042,33.51706181232938,33.7154426574707,40178100
2024-03-15,33.32812282697206,34.01773493720725,33.290338577104976,33.450931549072266,69646400
2024-03-18,33.68710360005217,34.09331405688037,33.432040968765975,34.017738342285156,50617900
2024-03-19,33.904371040162005,34.37670834326517,33.866583191038316,34.036624908447266,46113800
2024-03-20,33.85713928105068,34.83960177266668,33.7532244939464,34.716793060302734,40519000
2024-03-21,34.88684010181408,35.51977047807588,34.83960708328904,35.434749603271484,43219500
2024-03-22,35.34027799516725,35.52921364313183,34.95296153848134,35.00019454956055,29001100
2024-03-25,35.04742529379355,35.217467005598714,34.80181148987917,34.82070541381836,30480200
2024-03-26,34.95296588340068,35.17968940987119,34.76403021194995,35.037986755371094,33673400
2024-03-27,35.18913197227711,35.75593534110965,35.17968681104401,35.7181510925293,36350200
2024-03-28,35.63312759147519,35.897635330214776,35.34972232437114,35.822059631347656,42262500
2024-04-01,35.84095643366579,36.228272912337516,35.36861908876622,35.44419479370117,33908000
2024-04-02,35.13244767292821,35.500873800244854,35.1041085876145,35.23636245727539,34806800
2024-04-03,35.330833763805956,35.91653104462026,35.20802504885127,35.36861801147461,33338500
2024-04-04,35.61423671287537,35.859850547905744,34.83015498648028,34.87738800048828,42888200
2024-04-05,34.77348302726789,35.274159551820404,34.69790730842673,35.056884765625,30823500
2024-04-08,35.141895129909194,35.50087247966944,35.075768197538565,35.425296783447266,29470300
2024-04-09,35.43474473297951,35.68036216138838,35.14189789618532,35.642574310302734,30967300
2024-04-10,35.123002287338814,35.17023529710827,34.527856274030235,34.6223258972168,37610700
2024-04-11,34.71679959164373,34.71679959164373,34.05552649773987,34.33892822265625,38604000
2024-04-12,33.828803747800606,34.093311521919894,33.56429237003318,33.80990982055664,47126100
2024-04-15,34.32003314609025,34.726239946589516,33.781565258553755,33.961055755615234,44392000
2024-04-16,34.10275452329514,34.168881462635795,32.260641779308465,32.76131820678711,95566100
2024-04-17,32.9596942996055,33.77211498491717,32.82744043988452,33.2808837890625,65951400
2024-04-18,33.57373707872288,33.99884138122595,33.23365363672042,33.791011810302734,44506200
2024-04-19,34.10275579934567,35.06632444191145,34.064971549485726,34.924625396728516,56273700
2024-04-22,34.952962244404915,35.81261603654031,34.830153530200484,35.642574310302734,43867100
2024-04-23,35.84095151606351,36.294394872514076,35.73704034150715,36.247161865234375,39180300
2024-04-24,35.91652664086152,36.3605248302717,35.897632717519876,36.199928283691406,28670600
2024-04-25,35.8315159990386,36.15270558008552,35.31194557184025,35.8126220703125,41116000
2024-04-26,35.83151131572095,36.19048870730033,35.68980867062047,35.73704528808594,28668700
2024-04-29,35.746490706909775,35.954320293581574,35.37806815137195,35.4725341796875,26438800
2024-04-30,35.283595673924644,35.58589126453304,34.93406707296763,34.962406158447266,30283800
2024-05-01,35.151345039786364,35.43474673161786,34.73568946534337,34.905731201171875,32272000
2024-05-02,35.302488136727526,35.41585168124645,34.62232488785172,34.839599609375,34860300
2024-05-03,35.18913269042969,35.45364045412998,35.02853972065394,35.18913269042969,34082700
2024-05-06,35.576446833128955,35.69925554547072,35.2930451615807,35.60478591918945,28422300
2024-05-07,35.61423279767591,36.039337084310624,35.61423279767591,35.74648666381836,29119500
2024-05-08,35.61423876755603,35.72759872844487,35.4441970243987,35.62368392944336,32803300
2024-05-09,35.453641474262234,36.294401407628236,35.38751453143444,36.162147521972656,26855400
2024-05-10,36.35107773194786,36.63447938775982,36.20937870586567,36.32273864746094,27359100
2024-05-13,36.48333623119027,36.634484040395826,36.06768065678701,36.09601974487305,24060600
2024-05-14,36.27550998597435,36.643932543045906,36.247167294443315,36.360530853271484,27594800
2024-05-15,36.653378904002594,37.06903809267971,36.634484976912894,36.757293701171875,34084400
2024-05-16,36.76673132159458,37.18239042501502,36.568350533315204,37.05013656616211,32554200
2024-05-17,37.2674159590127,37.30520381018809,36.993459443462896,37.116268157958984,25537300
2024-05-20,37.087919585179066,37.286303970559864,36.64392501705838,36.672264099121094,28369800
2024-05-21,36.62503751244825,37.550818259747686,36.62503751244825,37.45635223388672,31799200
2024-05-22,37.229633664089725,37.60750502494248,37.163506716487746,37.56026840209961,42837600
2024-05-23,37.56971378962473,37.635840731280155,36.7856320476417,37.002906799316406,39033900
2024-05-24,36.993460619291255,37.57915791653467,36.90843975326818,37.50358581542969,22166300
2024-05-28,37.456351913183525,37.54137277718959,36.9462267291471,37.14460754394531,31217900
2024-05-29,36.691160690877126,36.747842462773235,36.42665296265698,36.57780075073242,26677500
2024-05-30,36.587252440509104,36.95567501446631,35.5103238078194,36.4927864074707,50989100
2024-05-31,36.558918293033216,37.86257062633853,36.52113043325077,37.777549743652344,58188400
2024-06-03,37.8247775754798,37.96647662474421,37.18239846193293,37.67362976074219,31898600
2024-06-04,37.42800984171567,37.919241108135836,37.239074184839005,37.48469161987305,26974200
2024-06-05,37.61694503647963,37.777541604128686,37.33354335647009,37.74919891357422,34140300
2024-06-06,37.7019666349342,37.786987500957274,37.23907445244238,37.50358581542969,38676400
2024-06-07,37.33251001156967,37.97879613656378,37.33251001156967,37.80772018432617,25928700
2024-06-10,37.61764023773285,37.86474794034484,37.265982088061534,37.70317459106445,37176200
2024-06-11,37.380025341133354,37.39903055317913,36.55315722010485,36.933326721191406,44629000
2024-06-12,37.82672563835562,37.90276099945818,37.16143073097044,37.45606231689453,38964700
2024-06-13,37.3420145251202,37.39903742286195,36.99986263640676,37.313499450683594,40018700
2024-06-14,37.16142513761007,37.52258579735594,36.98084662051964,37.29448699951172,32347900
2024-06-17,37.15193447661399,37.57011815749101,37.04738765000319,37.551109313964844,26135400
2024-06-18,37.59863549292192,38.0358280435734,37.50359126958481,38.00731658935547,30804500
2024-06-20,37.80772553313074,38.31145085290141,37.779214078912815,38.00731658935547,29383300
2024-06-21,37.874248953098906,37.93127547848328,37.41804762672149,37.532100677490234,72244900
2024-06-24,37.798214937532514,38.339954206612354,37.68416551919087,38.03582000732422,31064900
2024-06-25,37.80772105585765,38.0833438325458,37.399040007821,37.427555084228516,30596000
2024-06-26,37.227964530175086,37.39904048855533,36.562673164880835,37.0663948059082,44310200
2024-06-27,36.78126283495459,37.39903379582717,36.43911097942374,37.303993225097656,29464200
2024-06-28,37.76970251128454,38.073836702697065,37.370524119077146,37.798213958740234,52028200
2024-07-01,37.931273204029054,38.33995421419689,37.703170741735015,38.02631378173828,26770500
2024-07-02,38.01680852717644,38.929211061692975,37.97879084851356,38.900699615478516,35626100
2024-07-03,38.9862418055981,39.15731775255939,38.72962788515617,38.8721923828125,17100700
2024-07-05,38.90070939610814,38.9292208494911,38.292440886829574,38.406490325927734,23489000
2024-07-08,38.58706263114867,39.00524988244188,38.42549292083317,38.60607147216797,26728500
2024-07-09,38.73912450564425,39.756077422321155,38.587057423577974,39.36640167236328,34697200
2024-07-10,39.23334759096266,39.68954888555925,39.0337602043702,39.6705436706543,25333400
2024-07-11,39.699058121846875,39.8226137814698,39.33789737671534,39.73707580566406,33824600
2024-07-12,39.43294022375016,39.841617621183524,39.05277064984585,39.52798080444336,31856600
2024-07-15,39.77509647612252,40.13625728129339,39.63253557645758,39.813114166259766,36648100
2024-07-16,40.41186991934899,42.19866102459316,40.126744566256924,41.942047119140625,75953300
2024-07-17,41.48584365394504,42.236672865088956,41.48584365394504,41.79948043823242,65713600
2024-07-18,41.457331875418156,42.04659506336229,40.801543183040465,40.8775749206543,48549200
2024-07-19,40.73501545918775,41.40031040771127,40.57344211963674,40.773033142089844,43903000
2024-07-22,40.525917063389734,40.74451327602359,39.87963103231339,40.20277404785156,42838300
2024-07-23,40.12674870754483,40.658981788095076,40.06021957247605,40.30732727050781,36705100
2024-07-24,40.18376642085876,40.63046509199262,39.98417904141978,40.098228454589844,36567200
2024-07-25,39.93666464890623,40.20278119410052,39.594512733333,39.613521575927734,41593900
2024-07-26,39.51848099699615,39.87963812967557,39.35690764768925,39.6040153503418,52049300
2024-07-29,39.70855738279591,39.80360158432716,38.9482218983738,39.05276870727539,37133100
2024-07-30,39.01475261237742,39.81310580986027,38.78665377056273,39.23334884643555,44163200
2024-07-31,39.18582825843857,39.328392752662566,38.22590535743616,38.31144332885742,50851600
2024-08-01,38.43500080012276,38.444507034719095,37.04738784548672,37.54160690307617,60107800
2024-08-02,36.115971663642384,36.61969326613846,35.33662730199852,35.716796875,76728000
2024-08-05,33.882480822238485,35.1275289360236,33.397764500765525,34.83290100097656,76075200
2024-08-06,34.8329053958964,35.46018264798543,34.72835858295394,35.089515686035156,40614100
2024-08-07,36.21100757199333,36.676715057554055,35.42216070430979,35.4506721496582,44952400
2024-08-08,35.944892268469594,36.51514294767519,35.792825178977075,36.315555572509766,36557800
2024-08-09,36.26803828735598,36.54366104285312,36.030433213768596,36.38208770751953,26411200
2024-08-12,36.59117871452791,36.80977493152088,36.125471208366946,36.27753829956055,33040600
2024-08-13,36.46762746009929,36.57217427767428,36.23002237490736,36.553165435791016,21553500
2024-08-14,36.61019189826522,36.99035785857676,36.52465392272109,36.88581466674805,25658900
2024-08-15,37.47506774362965,37.712672787083775,37.037875333809716,37.09489822387695,37379800
2024-08-16,37.06639095604517,37.465565733761835,37.05688834848481,37.38953399658203,26886600
2024-08-19,37.52259602475438,37.769707352932386,37.494084573643846,37.70317459106445,27268900
2024-08-20,37.18044389746583,37.29449695239059,36.4391171682848,36.77176284790039,44440800
2024-08-21,36.94283435825867,37.05688739945594,36.486633070166256,36.82878494262695,33751100
2024-08-22,36.85729099010776,37.34200728026551,36.657703635602815,37.29448699951172,35421600
2024-08-23,37.323003831462486,38.17837988522311,37.323003831462486,37.798213958740234,45616600
2024-08-26,38.01681218960193,38.206896975663085,37.693669140967685,37.94077682495117,44659500
2024-08-27,38.01681505554438,38.14037071963338,37.64615168884338,37.70317459106445,32323900
2024-08-28,37.389530967823674,38.27342204752841,37.380028361033084,37.96928787231445,40700500
2024-08-29,38.06433344921993,38.3399562147504,37.57011444309951,38.178382873535156,34810800
2024-08-30,38.17837644890922,38.8341686858887,38.14036239757834,38.72962188720703,49098200
2024-09-03,38.56806040337871,38.872194632115935,38.23541109812074,38.68210983276367,48489300
2024-09-04,38.64409440596959,38.91971719985825,38.282933628652245,38.492027282714844,39629600
2024-09-05,38.777145227449324,38.91020348150979,38.02631236460467,38.14986801147461,34214500
2024-09-06,38.04464166393784,38.14987007116615,36.88713648283169,37.07845687866211,47007600
2024-09-09,37.54720687720213,37.9872496998268,37.403712907162095,37.75766372680664,37610200
2024-09-10,38.111611540958684,38.111611540958684,36.667121851265875,37.575904846191406,53983900
2024-09-11,37.298483687722744,37.33674557919865,36.360996187108235,37.308048248291016,41190000
2024-09-12,37.35587832575919,37.623733461136894,36.85843724486095,37.097591400146484,39921600
2024-09-13,37.19324980734092,37.39413839256551,36.77233622016298,36.973228454589844,31887300
2024-09-16,37.12629714398548,37.5089416520185,37.10716437120334,37.40371322631836,26336400
2024-09-17,37.57589962890473,38.073340708719904,37.5089367575068,37.83418655395508,27769400
2024-09-18,37.90114212036133,38.3794503377028,37.70981810358432,37.90114212036133,42527800
2024-09-19,38.30293012096621,39.26911129597656,38.27422914107289,39.096920013427734,57977800
2024-09-20,38.85777124998753,38.96299967605341,38.49425951347322,38.52295684814453,70725000
2024-09-23,38.46555437028043,38.68557576044374,38.02551158995381,38.14030456542969,31714800
2024-09-24,38.1211736923579,38.245534884015946,37.54720513720291,37.738529205322266,32534900
2024-09-25,37.547203063964844,37.7002615801683,37.25065059229438,37.547203063964844,28866000
2024-09-26,37.68111980196809,37.99680496885104,37.41326837494159,37.80548095703125,39601400
2024-09-27,37.929854712930506,38.16900889485515,37.642866775258355,37.69070053100586,27861100
2024-09-30,37.52807127109731,38.063777916368906,37.327182647571576,37.95854949951172,35055200
2024-10-01,37.79592114352382,37.84375489400373,37.25064996071875,37.51850509643555,26291200
2024-10-02,37.54719749562156,37.8246171554742,37.35587346644034,37.5280647277832,23302700
2024-10-03,37.28891613364596,37.56633583464063,37.04976197400288,37.547203063964844,26030200
2024-10-04,38.19770084172434,38.50381785947838,37.90114838424893,38.36989212036133,34209900
2024-10-07,38.46555645662953,38.685577858726674,37.98724810880016,38.226402282714844,27177500
2024-10-08,38.31249346881988,38.408157316765106,38.08290753215668,38.19770050048828,26023600
2024-10-09,38.1403055350511,38.63774664036329,37.99681522435909,38.4464225769043,27421000
2024-10-10,38.27422379990952,38.3890204050574,38.0446378880183,38.2359619140625,26182300
2024-10-11,38.74297484182192,40.34052291701543,38.647314635227005,40.130069732666016,50660700
2024-10-14,40.139630788818394,40.35008760399456,39.9100448533559,40.091800689697266,28098900
2024-10-15,41.35453317325438,41.478894346996185,40.22572534809664,40.31182098388672,61490000
2024-10-16,40.37879508806311,41.23018347381494,40.32140041436523,40.943199157714844,42437800
2024-10-17,40.97189424986279,41.13451733421782,40.6275116604015,40.751869201660156,31708600
2024-10-18,40.589241009431014,40.7996978207735,40.2831240015888,40.484012603759766,30593500
2024-10-21,40.4170546297373,40.570113152189485,39.9291817297969,39.94831085205078,26589500
2024-10-22,39.843083289628396,40.570110308007024,39.76655220916603,40.464881896972656,37104400
2024-10-23,40.36922138466928,40.62750830543626,40.19703010415796,40.50314712524414,28569400
2024-10-24,40.484016443716975,40.80926625154998,40.14920207500782,40.79970169067383,28392000
2024-10-25,41.057991759481084,41.115390081830554,39.97701739092576,40.07267761230469,27466900
2024-10-28,40.244857724258274,40.89535726627796,40.18745941789094,40.77099609375,24527600
2024-10-29,40.74230049997345,40.952757316412395,40.62750753155343,40.68490219116211,22313500
2024-10-30,39.90047701531209,41.03885309068274,39.83351414607884,40.474449157714844,38100500
2024-10-31,40.45531776659869,40.70403648233998,39.986574016790385,40.005706787109375,28138200
2024-11-01,40.32139442165582,40.58924592364639,39.938746290923845,39.94831085205078,31220000
2024-11-04,39.8048158871856,40.197028533199195,39.32650760428109,39.536964416503906,31110100
2024-11-05,39.70915574705653,40.18746407460057,39.5847982093212,40.063106536865234,30851400
2024-11-06,42.856419995398895,43.57388239593304,42.091127498002976,43.43995666503906,110086700
2024-11-07,43.08601904508301,43.26777491281216,42.57900968907516,42.82773208618164,48339700
2024-11-08,43.181676072319334,43.52605865876667,42.9999202180068,43.17211151123047,38331800
2024-11-11,43.62172284301885,44.50181216074679,43.602593719097314,44.080902099609375,43293500
2024-11-12,44.13829293886148,44.43484542275332,43.8513086653033,43.87044143676758,38155900
2024-11-13,44.19569013014638,44.4635416254336,43.84174299005928,43.8800048828125,36903900
2024-11-14,43.95653294990285,44.15742155758089,43.74607613279099,43.9087028503418,35733100
2024-11-15,43.64084317766405,44.80791646122022,43.64084317766405,44.72182083129883,40488900
2024-11-18,44.72182400741122,44.980110915518765,44.4731053084202,44.6931266784668,32360300
2024-11-19,43.99480249053416,44.59746836838038,43.95653694772402,44.39657974243164,28534100
2024-11-20,44.54964050123916,44.616603379917514,43.9278381715651,44.061767578125,28021000
2024-11-21,44.37744554358572,45.00881238283257,44.291349899633744,44.44440841674805,45336500
2024-11-22,44.35831375535394,45.17144011051216,44.27221810949491,44.96098327636719,37996200
2024-11-25,45.20969950037206,45.6688786856631,45.11403929880471,45.43928909301758,42718600
2024-11-26,45.44885051719197,45.76453572914464,45.16186628309115,45.67844009399414,30301500
2024-11-27,45.74541235217596,45.89847088506726,45.58278925750539,45.69758224487305,23278400
2024-11-29,45.72627222568921,45.99412735207483,45.439287978821405,45.4488525390625,23262000
2024-12-02,45.66887702415891,45.74540445278805,44.81748520469225,44.999244689941406,35891500
2024-12-03,45.31493008879872,45.420158505100225,44.62616857617578,44.78879165649414,38123800
2024-12-04,44.66443156040592,44.75052720773774,44.128728554077355,44.358314514160156,24941300
2024-12-05,44.54007325728023,45.19057288172561,44.48267494363988,44.96098327636719,31572100
2024-12-06,45.2687983801053,45.2687983801053,44.633919520106886,44.97059631347656,28931700
2024-12-09,44.78783595476629,44.97060285926974,44.15295700235669,44.162574768066406,34660900
2024-12-10,44.162576937620514,44.52811443408738,43.85475704675449,44.0086669921875,35665800
2024-12-11,44.24915021992457,44.403060160865955,43.73932422858797,44.326107025146484,36790500
2024-12-12,44.383820959560474,44.701262276847196,44.17219341470266,44.326107025146484,24017300
2024-12-13,44.3357213317402,44.345339096891294,43.652746251446075,43.931705474853516,32902300
2024-12-16,43.85475802131508,43.941332596888955,43.44112434574017,43.73932647705078,27330400
2024-12-17,43.46998264031483,43.46998264031483,42.921678201457226,43.33531188964844,33054600
2024-12-18,43.42188482744159,43.70084775442755,41.70001476439353,41.84430694580078,41771900
2024-12-19,42.29641007741666,42.78699678534256,41.66153121859982,41.72886657714844,38583600
2024-12-20,41.55572267639931,42.71004901981363,41.45952667390512,42.488800048828125,74222200
2024-12-23,42.229080968909116,42.43108707445253,41.15170773367285,42.219459533691406,35374800
2024-12-24,42.25793453017505,42.729282071792504,42.25793453017505,42.6908073425293,12054400
2024-12-26,42.52727672867307,42.883196419243475,42.43108439957424,42.85433578491211,16077400
2024-12-27,42.55613997091454,43.07558371718361,42.38299083232406,42.6523323059082,17972500
2024-12-30,42.21946166479504,42.45994618434344,41.89240257142913,42.23870086669922,16109800
2024-12-31,42.3637542927515,42.54652120852197,42.04631296222624,42.27717971801758,16110400
2025-01-02,42.459944429217614,42.89281728041198,42.13288534937103,42.6042366027832,25610600
2025-01-03,43.0467288056797,43.14292114526568,42.46956742915876,43.10444641113281,23455700
2025-01-06,43.4411188971459,44.39343910901398,43.38340129750165,43.6719856262207,30518500
2025-01-07,44.51849169919638,44.87441141909405,43.912473370834824,44.326107025146484,41111200
2025-01-08,44.15295437870139,44.499248966208995,43.950944615777594,44.45115280151367,40246000
2025-01-10,44.249148690825685,44.29724485767612,43.03710840648409,43.39302444458008,40741300
2025-01-13,43.383399655562314,43.61426637589946,42.989005246675454,43.34492492675781,34353600
2025-01-14,43.864368425520986,44.17218827156309,43.50845241656644,44.03751754760742,36379000
2025-01-15,45.326520695823575,45.65357978542873,45.057179211267275,45.307281494140625,57154800
2025-01-16,45.21108632502988,45.70167309397579,44.07599918330937,44.86478805541992,56339300
2025-01-17,44.83592896623878,45.09565265614698,44.32610302095719,44.75897216796875,44486100
2025-01-21,44.84555098564238,45.355380648792185,44.76859784957413,44.884029388427734,52089100
2025-01-22,44.826309462593656,44.95136243041806,44.018281393463106,44.047142028808594,40296200
2025-01-23,44.29723906657427,45.105267040333686,44.29723906657427,44.624298095703125,35324100
2025-01-24,44.47038863007661,45.07641053390232,44.3934355062982,44.749351501464844,24655100
2025-01-27,44.77821342396482,45.345756994013236,44.614685724384195,45.29766082763672,44260000
2025-01-28,45.28804524434917,45.63433986064756,44.93212552310805,45.05717849731445,27156600
2025-01-29,44.97059631347656,45.586235975353596,44.86478255855985,44.97059631347656,23681500
2025-01-30,45.316901001152196,45.374614934242366,44.63392588323453,44.94174575805664,31199900
2025-01-31,44.92250401243917,45.04755697622118,44.40305662703893,44.53772735595703,30388900
2025-02-03,43.691220923020275,44.71087649427099,43.393022500207984,44.45115280151367,36497700
2025-02-04,44.585823023781096,45.33613712860961,44.50886989504352,44.93212127685547,32894000
2025-02-05,45.19184918657892,45.33614136200097,44.864790102524395,45.31690216064453,27696600
2025-02-06,45.63433590092245,46.15378328455088,45.37461220910823,45.92292022705078,39793400
2025-02-07,46.01911474752536,46.14416771683586,45.57662414166028,45.595863342285156,26504700
2025-02-10,45.67281736801102,45.74977417201471,44.63392620047788,44.893646240234375,26725200
2025-02-11,44.77820845450588,45.143745883504415,44.51848478149391,45.00907516479492,20314900
2025-02-12,44.797451058523436,44.80707249316379,44.19142910875635,44.45115280151367,29777100
2025-02-13,44.74936008501111,44.797456255285866,44.220294872983665,44.566593170166016,26815400
2025-02-14,44.71087762402901,45.297660388844406,44.71087762402901,45.172607421875,25960500
2025-02-18,44.787832802071065,44.8744073653738,44.40305614972512,44.75897216796875,37824100
2025-02-19,44.13370926736439,44.30685837267654,43.691215070732405,44.258758544921875,38967800
2025-02-20,44.15295926874338,44.43191852267248,43.325691934154335,43.5757942199707,40001100
2025-02-21,43.52769784261467,43.777800127239736,42.844722690847625,43.10444641113281,43485900
2025-02-24,43.31606557935921,43.66236383539574,42.74852203074426,42.76776123046875,35512200
2025-02-25,42.835098814846475,43.13330092177832,41.70001165878634,42.267555236816406,38119000
2025-02-26,42.363751240424584,42.85433801556811,42.1906021034322,42.267555236816406,32251700
2025-02-27,42.41184737939095,43.07558329108731,42.26755520882541,42.440704345703125,28477700
2025-02-28,42.63308858028325,44.441532908349075,42.51765705664134,44.3453369140625,62621100
2025-03-03,44.451150854759724,45.1726043020997,43.498834359192074,43.82589340209961,46946000
2025-03-04,43.02748431785603,43.13329808010271,40.43025110358159,41.04589080810547,78278100
2025-03-05,41.026653306549754,41.103606431166085,40.12242932316996,40.680355072021484,52588900
2025-03-06,40.00699952479856,40.29558017616877,39.40097758826965,39.8819465637207,58103500
2025-03-07,39.98843678661716,40.394998628085006,39.3108300248443,40.075557708740234,50651400
2025-03-10,39.107546896190144,39.32050626617688,37.92657528356546,38.555782318115234,77498400
2025-03-11,38.42993248424738,39.35921962007191,38.013688595619115,38.342811584472656,50608400
2025-03-12,39.020425565560124,39.20434585874992,37.945935495642935,38.63322067260742,42290700
2025-03-13,38.69129965965688,38.90425901167489,38.071774830769485,38.40089416503906,37766100
2025-03-14,38.97201706939261,39.707705530912165,38.88489616454579,39.58186340332031,35979900
2025-03-17,39.61090818105755,40.43371766597158,39.29146727903461,40.11427307128906,37242800
2025-03-18,40.38531095062767,40.49179246366277,39.96906705021352,40.31755065917969,37644500
2025-03-19,40.385316113339826,41.33396400754224,39.97875062001913,40.85963821411133,42471100
2025-03-20,40.42403486916738,41.35332587085154,40.31755703196083,41.121002197265625,41018100
2025-03-21,40.81124033037119,41.29524460549071,40.54987757868751,41.111324310302734,65011000
2025-03-24,41.556602821668776,41.76956586112955,41.382361006229814,41.69212341308594,30646100
2025-03-25,41.963165112216096,42.13740692979886,41.66308485400296,41.89540481567383,25445300
2025-03-26,42.069647669851626,42.321331942632305,41.36300192231392,41.45012283325195,30012100
2025-03-27,41.45012495948672,41.711487705707746,41.15972313901652,41.19844436645508,25619200
2025-03-28,41.082280061208415,41.2565218893804,39.678670668108815,39.93035125732422,34253000
2025-03-31,39.475384047471756,40.5595561877121,39.30114222824239,40.39499282836914,36390000
2025-04-01,39.998114385470664,40.36595868124344,39.65931285821922,40.16267776489258,25578500
2025-04-02,39.57218844250811,40.62731785330974,39.51410660325558,40.51115417480469,28216100
2025-04-03,37.39416964827281,37.59745054844431,35.83567536163916,36.02927780151367,115497900
2025-04-04,34.16101926733346,34.64502349489219,32.59284291132854,33.28981018066406,107761200
2025-04-07,33.85125995556153,35.4581539904314,32.467007442628265,34.44174575805664,137329100
2025-04-08,35.68079339231835,36.135758562485385,33.231733103872294,33.90933609008789,79116300
2025-04-09,32.96068876155284,36.639120331400456,32.01204087251094,35.961517333984375,161173500
2025-04-10,35.158067273572634,35.2355097235138,33.52213429148764,34.703102111816406,90451800
2025-04-11,34.073897545614365,35.070945048943415,33.696374847952264,34.799903869628906,63671900
2025-04-14,35.32263000957284,35.80663423517989,35.10966696865479,35.49686813354492,46830600
2025-04-15,36.59071897401331,37.5103277476488,36.59071897401331,36.77464294433594,84677800
2025-04-16,36.64880461533606,36.93920644435177,35.78727758910364,36.13576126098633,52872700
2025-04-17,36.30999899316792,36.6584826611051,36.04863993487461,36.213199615478516,47144400
2025-04-21,35.884071451896425,36.08735233169373,35.32262849445735,35.738868713378906,34928300
2025-04-22,36.368075573063045,37.25864522811393,36.203515916270256,37.09408187866211,42288900
2025-04-23,38.149211796873715,38.846179042977745,37.432883939193566,37.51032638549805,54428400
2025-04-24,37.42320818988372,38.42993790879381,37.365126350949126,38.313777923583984,42457100
2025-04-25,38.27505850316251,38.51706063781681,38.06209544301568,38.420257568359375,32694200
2025-04-28,38.526738237970804,38.79778313373854,38.19761519448526,38.50737762451172,37428000
2025-04-29,38.36217539889384,38.855858077079255,38.21697265625505,38.71065902709961,33792500
2025-04-30,38.10081076248393,38.72033554030335,37.57808534645169,38.60417556762695,40994600
2025-05-01,38.54609764611308,39.14626187394009,38.31377767718748,38.8848991394043,33569100
2025-05-02,39.60122612375258,39.910988536891956,39.397945232503474,39.756107330322266,41613000
2025-05-05,39.54314547292708,40.16267401045234,39.3205039625946,39.804508209228516,32829200
2025-05-06,39.349546057881824,39.94971027953641,39.26242514726589,39.53346633911133,29541800
2025-05-07,39.72706791623778,40.01746971447494,39.55282609876364,39.62058639526367,30925900
2025-05-08,39.96906573976199,40.801553513295815,39.93034451944441,40.26914596557617,41861700
2025-05-09,40.39499737979235,40.63699952347143,40.356276150565385,40.45307922363281,27222800
2025-05-12,41.934129571801286,42.55365444531134,41.566285293407375,41.97285079956055,44875100
2025-05-13,42.030923131398126,43.06669552097849,42.030923131398126,42.86341094970703,43232500
2025-05-14,42.776296716833805,43.4829425188769,42.718218566834935,43.3087043762207,42419500
2025-05-15,43.17317587257445,43.54102012160564,42.60205073302309,42.9602165222168,47379400
2025-05-16,42.92149817569818,43.35710275077938,42.263252082833134,43.26029968261719,49488100
2025-05-19,42.69885261831957,43.695900123776305,42.69885261831957,43.337738037109375,37915700
2025-05-20,43.16350030711447,43.473262739914546,42.98925847708198,43.26029968261719,33424300
2025-05-21,42.9505358187652,43.06669949668943,41.76956796781039,41.86636734008789,55594100
2025-05-22,41.798607780340035,42.17613050862341,41.585644726371186,41.9244499206543,29026200
2025-05-23,41.120999184153185,42.040607965197005,40.995157049654324,41.81796646118164,34875100
2025-05-27,42.389092058363026,42.805335998535156,41.91476628026247,42.805335998535156,36322000
2025-05-28,42.79565836070098,43.01829989059236,42.5536562161243,42.65045928955078,35673800
2025-05-29,42.950534027338485,43.037654935818246,42.49557256541902,42.8246955871582,28545100
2025-05-30,42.77629790869716,42.8827794435414,42.32133638617134,42.71821975708008,66537500
2025-06-02,42.47621263124689,42.73757536085806,41.972847784513434,42.66981506347656,28582600
2025-06-03,42.6020519706567,43.29901926429831,42.53429167184814,43.221580505371094,31320200
2025-06-04,43.17318073715977,43.64750656114458,42.921500133775346,42.940860748291016,30591700
2025-06-05,43.02797681905685,43.153818952899485,42.60205073302309,42.9602165222168,32020900
2025-06-06,43.51523016411476,43.98261193186895,43.46654525976081,43.787872314453125,37013000
2025-06-09,43.924194925889736,44.20657259314666,43.60286784637246,43.69050216674805,32414000
2025-06-10,43.622338848419695,44.01182550911008,43.57365394443841,43.90471649169922,32229100
2025-06-11,44.01182256914407,44.21630138085842,43.378907716405585,43.554176330566406,47873500
2025-06-12,43.232856750832674,43.47628498993777,42.862844787355286,43.44707107543945,30165400
2025-06-13,42.843365450678924,43.29127247074801,42.512302932710526,42.930999755859375,43281700
2025-06-16,43.466541555692636,43.709969771138425,43.184163934314775,43.24258804321289,34103600
2025-06-17,43.1062750035451,43.49575797532493,42.90179616477916,43.067325592041016,27489600
2025-06-18,43.09653026752053,44.01182274840385,43.04784536659309,43.87550354003906,37684700
2025-06-20,44.11893569354536,44.44999824956336,44.07998628356203,44.30393981933594,64591600
2025-06-23,44.20656920813915,45.151068239397354,43.92419156250459,45.082908630371094,42683600
2025-06-24,45.52107928872002,45.94951163895205,45.345810664893264,45.43344497680664,45437600
2025-06-25,45.355554730025915,45.74503771345699,45.2387064920182,45.61845397949219,33532400
2025-06-26,45.71582938581157,46.32926966003558,45.66714447518884,46.21242141723633,40127000
2025-06-27,46.20268235692525,46.41689669002544,45.676876448149685,45.88135528564453,56705000
2025-06-30,46.3682125562464,46.3682125562464,45.79372173102516,46.07609939575195,47921200
2025-07-01,45.78398445838619,47.147180392594926,45.706085637586725,46.884281158447266,48540900
2025-07-02,47.08875974711394,47.4490325053918,46.79664659947188,47.42955780029297,48003600
2025-07-03,47.66324682882374,48.01378406441669,47.526927618186456,47.64377212524414,21620300
2025-07-07,47.45876963607452,47.9164121853779,47.098493179159476,47.3808708190918,35567900
2025-07-08,46.25136244962617,46.53374008025309,45.53081327396092,45.91056442260742,88086500
2025-07-09,45.920306747237724,46.20268441986458,45.48213513702716,45.60871887207031,46227900
2025-07-10,45.66714616585351,45.97873406267911,45.55029791872837,45.73530578613281,44225000
2025-07-11,45.41397167293318,45.57950480694947,45.03422421440542,45.50160598754883,31653000
2025-07-14,45.57950836516532,45.832672119140625,45.32634089676957,45.832672119140625,36381200
2025-07-15,45.64766534272177,45.774245355185386,44.7421119781301,44.93685531616211,55145000
2025-07-16,45.03422153571113,45.33607387130383,43.82681590776027,44.820003509521484,61296600
2025-07-17,44.440263877304815,45.97873230933158,44.24552052060995,45.78398895263672,56480700
2025-07-18,45.774247025069485,46.13452351361899,45.66714171394379,46.07609939575195,48314200
2025-07-21,46.290311928284744,46.77716837587439,45.95924939534698,46.23188781738281,32199700
2025-07-22,46.34873383868768,46.90374990991516,46.21241462321707,46.51426696777344,34749400
2025-07-23,46.7479585089622,47.040075374332844,46.553218884608754,46.874542236328125,31380100
2025-07-24,47.21533921495476,47.71193114971934,46.94269708257943,47.11796569824219,42967600
2025-07-25,47.11796748931411,47.27376140755648,46.67979593350121,47.1763916015625,24461200
2025-07-28,47.17639915610292,47.264033481298725,46.81612635892932,46.962181091308594,20590400
2025-07-29,47.11796941238739,47.234813927233056,46.63111293370693,46.689537048339844,26216500
2025-07-30,46.99138529766015,47.225078039830976,46.48505783272694,46.69927215576172,32265900
2025-07-31,46.50452968849963,46.76743263542704,45.94951359423739,46.02741241455078,40016300
2025-08-01,45.14133571997463,45.190020627571215,44.12867329851603,44.45973587036133,52310400
2025-08-04,44.75185008624146,44.897908526897695,44.44026221296723,44.64474105834961,31038900
2025-08-05,44.74210935190024,44.790794254945524,43.57365310671331,44.362361907958984,36798300
2025-08-06,44.50841753011784,44.732371060256234,44.19682968693224,44.22603988647461,27916800
2025-08-07,44.50841947987259,44.55710438604929,43.602866110189105,43.73918533325195,30609900
2025-08-08,43.963139495152596,45.082907116130556,43.79760636849152,44.80052947998047,37131600
2025-08-11,44.84922061261861,45.29712768613164,44.60579237078498,44.946590423583984,35559400
2025-08-12,45.25817799536745,46.407159586851854,45.14133348004942,46.251365661621094,35481200
2025-08-13,46.42663180572823,46.50452690696235,45.75477123560154,45.998199462890625,29465100
2025-08-14,45.85214764327774,46.475323400565465,45.657404290520205,46.455848693847656,21073800
2025-08-15,46.49479792384242,46.56295753987556,45.667143320913944,45.70608901977539,26276900
2025-08-18,45.68660738413384,46.7771685041066,45.56002738179588,46.66032028198242,43125100
2025-08-19,46.562960290233534,46.85507347826148,46.37795613784733,46.81612777709961,33783400
2025-08-20,46.90375281897614,47.225079887731916,46.61163966564742,47.07902145385742,30822200
2025-08-21,47.00112562337352,47.215343665915505,46.553218547531365,46.99138641357422,28713200
2025-08-22,47.24455765212,48.354589935291784,47.1861335319034,48.1793212890625,45078900
2025-08-25,48.09168696594786,48.354589935291784,47.916418319718574,48.1793212890625,34715700
2025-08-26,47.95536790914203,48.938816459329665,47.95536790914203,48.929080963134766,40609300
2025-08-27,48.71485469298918,49.299084655579996,48.67590900035238,49.05565643310547,42428200
2025-08-28,49.22118971839361,49.30882403396379,48.95828677168307,49.16276931762695,32949400
2025-08-29,49.18224314501193,49.581465335764676,49.18224314501193,49.40620040893555,32496500
2025-09-02,48.89986867592282,49.14329692904562,48.36432354751636,49.094608306884766,52719800
2025-09-03,49.07513451437776,49.240663934131945,48.39353470165192,48.74407196044922,38344200
2025-09-04,48.91934414088751,49.49383497574737,48.802495903193,49.28935241699219,34796900
2025-09-05,49.38726539989514,49.72996279083619,48.20252020668576,48.73125076293945,40063300
2025-09-08,48.760619282443315,48.868324060844145,47.85982247232804,48.42771530151367,48033100
2025-09-09,48.466881844210775,49.504759850554144,48.42771579074564,49.240394592285156,40060100
2025-09-10,49.31872911430864,49.573304758497805,48.927079736058936,49.083740234375,31706300
2025-09-11,49.09352662106013,49.896412088494436,48.94665951462545,49.6907958984375,28055200
2025-09-12,49.64183600549687,49.86703520441643,49.4068434259267,49.52434158325195,27851100
2025-09-15,49.788709629931,50.023702240323324,49.4068499062392,49.53413772583008,29043600
2025-09-16,49.583089549647525,49.81808214164818,49.16206380132841,49.6026725769043,31624400
2025-09-17,49.798501801617434,50.552431583824045,49.729963070060535,50.327232360839844,38337900
2025-09-18,50.41535026965779,51.10073753287243,50.22931338243057,51.0419921875,35246900
2025-09-19,51.061581082415934,51.56093525087058,50.6797176182084,51.15949249267578,98970700
2025-09-22,50.67971569865495,51.25740196150164,50.67971569865495,50.83637619018555,27468000
2025-09-23,50.914701968479676,51.77633643223027,50.444720552364885,50.62096405029297,28278200
2025-09-24,50.76783114184619,51.15948418948199,50.38597147469543,50.62096405029297,27010400
2025-09-25,50.40555705013166,51.237818884684025,50.36639099637099,50.7678337097168,22957900
2025-09-26,51.02240796973282,51.52176206914492,50.89512016592959,51.12031936645508,20025800
2025-09-29,51.26719383030187,51.45322699129185,51.02241158606635,51.3259391784668,23701000
2025-09-30,51.38468400741295,51.47280575744509,49.95515671585188,50.51325988769531,29945000
2025-10-01,50.22931615722608,50.601386217154165,49.50476280035002,49.622257232666016,27709100
2025-10-02,49.59288361497371,49.78870642008176,49.024987021934706,49.426429748535156,22757200
2025-10-03,49.563504894529,50.06286273547429,49.494966168921664,49.58308792114258,24565700
2025-10-06,49.86704080379093,50.24890052027469,48.848745736447064,49.33831024169922,25386300
2025-10-07,49.49496646964764,49.847453480672954,49.083734113505066,49.240394592285156,24107300
2025-10-08,49.348099154874205,49.45580019880928,48.7410365340742,48.79978561401367,24014200
2025-10-09,48.95644395750892,49.23059884844528,48.63332963455083,48.75082778930664,21816900
2025-10-10,48.88791224571654,49.09352844340592,47.5367131528934,47.63462829589844,31831900
2025-10-13,48.17314830787408,48.368974857983154,47.79128858945582,47.84024429321289,34462800
2025-10-14,47.83044934012528,49.44601365660093,47.51712836427604,49.04457092285156,42462600
2025-10-15,50.493681167981165,51.74696506636575,50.160777165587675,51.18886184692383,69992200
2025-10-16,51.50217871441944,51.65883918922445,48.956445065068046,49.38726043701172,49027700
2025-10-17,49.88662143993417,50.68950689123945,49.27956252835518,50.20973205566406,48915400
2025-10-20,50.36639305547759,51.18886154267416,50.2978543261346,50.95387268066406,25786000
2025-10-21,51.00282825131221,51.27698316797995,50.366392926098534,50.444725036621094,27303400
2025-10-22,50.425142312100775,50.5034744230942,49.387264251921714,50.03348922729492,34955000
2025-10-23,50.40555549050256,50.718876440732416,50.04327884212685,50.679710388183594,26028800
2025-10-24,50.76783855789458,51.717594909347426,50.76783855789458,51.47281265258789,38923900
2025-10-27,51.69800825011495,51.962373517059945,51.43364298316995,51.91341781616211,27345800
2025-10-28,51.89383597003453,52.1679908893674,51.247610992263745,51.76654815673828,29575200
2025-10-29,51.56092953828496,51.90362317130729,51.22802555117164,51.482601165771484,29158800
2025-10-30,51.570719314443636,52.32464904407739,51.463018268850654,51.9232063293457,37548600
2025-10-31,51.68821719324829,52.52047529103851,51.66863416640752,52.334442138671875,39295700
2025-11-03,52.148400843866945,52.520470852234915,51.609880724040764,52.442142486572266,31252300
2025-11-04,51.91341417470711,52.872960038303724,51.619676254843704,52.42256164550781,47226600
2025-11-05,51.8546664507108,51.9623712289918,50.66013171406436,51.35531234741211,54353600
2025-11-06,52.305068043536636,52.62818239807514,51.66863645093387,52.17778396606445,55296000
2025-11-07,52.04070494427525,52.46173068962175,51.60988581782924,52.08966064453125,40537700
2025-11-10,52.29527550925692,52.86317207614575,52.22673678360901,52.3050651550293,26094600
2025-11-11,52.62817939148787,52.85337859462784,52.16798760437378,52.510684967041016,22244300
2025-11-12,52.76525755396716,53.548559952641625,52.64776312793611,52.98066711425781,40536700
2025-11-13,52.66734876110157,53.07858114010087,51.66863675271387,51.76654815673828,37716100
2025-11-14,51.7567604035093,51.79592646058392,50.94408152707434,51.51197814941406,32363100
2025-11-17,51.48260366092888,51.48260366092888,50.31743778202105,50.40555953979492,35546800
2025-11-18,50.20972690934254,51.09094438024887,50.08244284638512,50.56221389770508,35189500
2025-11-19,50.591594443091964,51.394483672156355,50.591594443091964,50.93429183959961,28112300
2025-11-20,51.40426691840677,51.8448756675806,49.90620090629604,49.93557357788086,36661600
2025-11-21,50.21952526597885,50.69929636484034,49.64183903004726,50.483890533447266,43867200
2025-11-24,50.57201359734011,51.14969984821385,50.32723135095431,50.846168518066406,52852100
2025-11-25,51.15949010988117,51.776342424014295,50.77763039853994,51.38468933105469,41310100
2025-11-26,51.60010014942827,52.13862036391736,51.45322930225815,51.88404846191406,32045600
2025-11-28,52.00153909377323,52.814214179432184,51.94279001218755,52.530269622802734,18920800
2025-12-01,52.3833941876884,52.775047227048994,52.099445920905985,52.128822326660156,30536500
2025-12-02,52.412772314236264,52.52047709802589,51.864462484151716,52.07986831665039,46073500
2025-12-03,52.13861403141423,53.10795328782799,52.07007530708077,52.961082458496094,37134400
2025-12-04,53.078576822297364,53.54855824652794,52.87296064952405,53.02962112426758,38529600
2025-12-05,53.07883357716153,53.96463055363092,52.89183366190272,53.09851837158203,33986500
2025-12-08,53.049312591552734,53.35441754374021,52.64578365923144,53.049312591552734,34386600
2025-12-09,53.11820193473663,53.42330685495556,52.42924916395137,52.69498825073242,47189300
2025-12-10,52.74419906025406,53.6890466561659,52.49814476416303,53.22646713256836,54424400
2025-12-11,53.09852137763558,53.7874742033941,52.901677176777305,53.69889450073242,35686900
2025-12-12,53.91541844155599,54.427211849640635,53.492204733995436,54.269737243652344,40539400
2025-12-15,54.535476759354474,55.18505998330032,54.200842749776875,54.45674133300781,32881300
2025-12-16,54.2697360139643,54.476420725673684,53.82683752137942,53.9449462890625,32931900
2025-12-17,54.25005228387546,54.69295078515115,53.600469066834705,53.689048767089844,35304100
2025-12-18,53.93510369595209,54.279581980697614,52.92136114592462,53.40362548828125,87452700
2025-12-19,53.65952309228884,54.4370555943751,53.52173328270206,54.39768600463867,73001900
2025-12-22,54.49610544337381,55.22442782509554,54.46658012874004,54.9980583190918,33408800
2025-12-23,54.92916479813458,55.332693711081134,54.92916479813458,55.086639404296875,22274600
2025-12-24,55.24411193789474,55.60827124701606,55.00789816026783,55.36221694946289,13634400
2025-12-26,55.39174609703457,55.65748520732094,55.14569178245358,55.28348159790039,15259400
2025-12-29,55.224428542222356,55.36221835162343,54.39768593132515,54.47642135620117,21040100
2025-12-30,54.614216397768615,54.76184673133955,54.2992634262708,54.407527923583984,17427600
2025-12-31,54.44689577064128,54.54531598986994,54.06305165936249,54.1319465637207,16293000
2026-01-02,54.16147374936561,55.10632515725385,54.01384341542336,55.06695556640625,25503600
2026-01-05,55.28347744653488,56.6416982122874,55.253952132439366,55.99211502075195,36096600
2026-01-06,56.11022176334887,56.50391015106218,55.85432693947871,56.346435546875,31791900
2026-01-07,55.795275835094735,55.913384611046595,54.5650042442782,54.76184844970703,49695500
2026-01-08,54.60437071447834,55.687011905195824,54.594530194290414,55.2933235168457,30933700
2026-01-09,55.283481785629746,55.716539783637,54.909481929430065,54.96853256225586,30768800
2026-01-12,54.417366991134564,54.57484158456879,53.86620403686957,54.31894302368164,45860600
2026-01-13,54.397684951719306,54.6437392510733,53.442993068788816,53.67920684814453,43542200
2026-01-14,52.04541036471589,52.63593922578024,50.84466409212866,51.6517219543457,84750000
2026-01-15,51.887932350902716,52.20288155676177,51.405664267530035,51.75998306274414,51018300
2026-01-16,51.85840025713853,52.53751249318838,51.42534606296174,52.13398361206055,52178400
2026-01-20,51.49424658831936,52.635938456313795,51.139927775064045,51.27771759033203,49172700
2026-01-21,51.40566644309016,52.025724360956566,51.22850703798548,51.248191833496094,36340000
2026-01-22,51.64187717715764,52.29146037258456,51.50408737123232,51.6221923828125,31229200
2026-01-23,51.28756116530552,51.37614086741017,50.56908302800814,50.903717041015625,34553500
2026-01-26,50.982453240457964,51.45487707400884,50.85450394559286,51.19898223876953,27728400
2026-01-27,51.38598061317794,51.42535020340666,50.99229597436307,51.34661102294922,26494300
2026-01-28,51.13008411833991,51.31708403409217,50.50018571318425,50.99229431152344,35030200
2026-01-29,51.15961114458807,52.252092870173676,51.13008582913682,52.242252349853516,35200500
2026-01-30,52.03556190160795,52.56704008648648,51.93714168418184,52.360355377197266,34549100
2026-02-02,52.36035540549256,53.23630810632649,52.11430110730368,53.17725372314453,34624500
2026-02-03,53.34457146995488,54.25004946598266,52.832778090008084,53.59062576293945,41208400
2026-02-04,53.91542211388466,55.155538005689614,53.84652720372783,54.50595474243164,54522500
2026-02-05,54.151634233204334,54.41737334461783,53.39378649054161,54.07289505004883,32959700
2026-02-06,54.67326588315274,55.972432314691716,54.41737105763355,55.63779830932617,42468000
2026-02-09,55.500010486316,55.824803983075654,55.293325763554876,55.51969528198242,31968400
2026-02-10,55.5492163207004,55.93306417490134,53.41346684098261,54.51578903198242,48304700
2026-02-11,55.08663856022415,55.22442836919351,52.39972602184953,53.00009536743164,48973500
2026-02-12,53.0591509859893,53.088676301600756,50.97261149915215,51.69108963012695,55481600
2026-02-13,51.090713183701055,51.98635065890828,50.62812991200933,51.720611572265625,31772100
2026-02-17,52.20288390075775,52.70483304685562,51.789510702949926,51.90761947631836,35542400
2026-02-18,52.15367437397408,52.76388802525746,51.956830170643364,52.5178337097168,30698900
2026-02-19,51.09071778928531,51.9765148246112,51.01198236086239,51.9371452331543,47148600
2026-02-20,51.700930817654246,52.25209382795534,51.01198174789143,52.22256851196289,33552000
2026-02-23,52.006038169871445,52.41940760102911,50.086813835733345,50.263973236083984,50602500
2026-02-24,49.93918098126565,50.07697078468789,48.68922472173588,49.61438751220703,53062700
2026-02-25,49.53565518512943,50.95292665035125,49.51597038991222,50.87418746948242,41375000
2026-02-26,51.06119035426261,51.838719103574675,50.923400544371624,51.47455978393555,52418500
2026-02-27,50.27382017694617,50.598609925152786,48.54159567154104,49.043548583984375,77728700
2026-03-02,48.010114644811914,49.62423028000664,47.81327420500044,49.023860931396484,40595200
2026-03-03,47.99043348763714,49.71281374798011,47.7345386437908,49.181339263916016,51242900
2026-03-04,49.102597485729184,49.614390900889305,48.433329462403705,49.506126403808594,34208500
2026-03-05,49.03370145159077,49.63407455469165,48.551437117765644,49.023860931396484,39073900
2026-03-06,48.05387151555239,48.20234019042354,47.133374793067844,48.14295196533203,47016000
2026-03-09,47.45010702273904,47.657963934006176,46.29206488833786,47.410518646240234,62752800
2026-03-10,47.78663281879114,48.64774513969872,47.11358133325475,48.06377410888672,50271100
2026-03-11,47.86581653459515,48.15285397136733,47.291741661050786,48.0241813659668,42185800
2026-03-12,47.2125628775231,47.291743408276595,46.311862157873186,46.64838790893555,58354500
2026-03-13,47.03440076505492,47.331334355315676,46.18318837078276,46.242576599121094,45473100
2026-03-16,46.63848601412958,47.192764808869825,46.42073673196213,46.5791015625,38055600
2026-03-17,47.17297001042151,47.58868006166199,46.71767158226114,46.796852111816406,33427800
2026-03-18,46.73746590822901,47.390721299385916,46.21287934474511,46.3514518737793,40251800
2026-03-19,45.945638657173554,46.70777058724191,45.64870507063514,46.52960968017578,38601400
2026-03-20,46.64838928450749,46.975015119035014,46.21288313751658,46.67808151245117,78060900
2026-03-23,47.84602118500583,47.89550948761406,46.99480878756864,47.034400939941406,42333200
2026-03-24,46.56920206186904,47.96479332363505,46.5395098357832,47.64806365966797,39804100
2026-03-25,48.02418184331022,48.608152872744284,47.68765610133608,48.2518310546875,29988300
2026-03-26,48.21224202740624,48.37060687061643,47.53919049983404,47.747047424316406,32502600
2026-03-27,47.57878238560116,47.756943305169926,46.361351952358355,46.49002456665039,36781900
2026-03-30,47.064093715435796,47.37092723633122,46.45043044936045,46.74736404418945,43375900
2026-03-31,47.19276552641621,48.27162713077015,46.88593201070833,48.2518310546875,49060600
2026-04-01,49.19212383506785,49.53854572675297,48.28152321508554,48.766517639160156,32947000
2026-04-02,48.251833515119856,49.063453797316924,47.667862455908235,48.875396728515625,27548200
2026-04-06,48.92488346190669,49.60783110892659,48.74672254951619,49.54844665527344,28507200
2026-04-07,49.29109890648084,49.964150368576306,49.11293800323702,49.76619338989258,28473200
2026-04-08,51.40923033734669,51.725959995684406,50.84505539745043,51.34984588623047,36473500
2026-04-09,51.10240214537694,52.30003643805655,51.10240214537694,52.171363830566406,32008000
2026-04-10,52.26044661430586,52.29014261779787,51.66657940448474,52.00310516357422,25225300
2026-04-13,51.646782652371314,52.89390528698201,51.320153048237806,52.80482482910156,27835300
2026-04-14,52.55737953229094,53.022577898523906,52.2604459312613,52.80482482910156,40178500
2026-04-15,53.69562727331589,54.83387710368158,53.16114454728077,53.76491165161133,63838200
2026-04-16,53.487774753287965,53.952969330659776,52.92359979455956,52.96318817138672,35206700
2026-04-17,53.60654945563865,54.04205182287537,53.200739316070276,53.35910415649414,43484700
2026-04-20,52.95329081802027,53.3986930847168,52.63656115630617,53.3986930847168,43999200
2026-04-21,53.44818121039033,54.09154045746822,52.666253208733295,52.933494567871094,34266300
2026-04-22,53.12155403336782,53.25022664376256,52.458402456171015,52.57717514038086,24097600
2026-04-23,52.517789854183235,52.97308828287141,51.71606575310716,51.93381881713867,31956300
2026-04-24,51.78534973288334,51.973406793095165,51.399335686508,51.51810836791992,30265400
2026-04-27,51.45872283753747,52.38911574459363,51.30035800706588,52.09218215942383,28043700
2026-04-28,52.47819758484786,52.88400770964011,52.092183536352245,52.12187576293945,21164100
2026-04-29,51.89422405626607,52.47819506396039,51.300356898756554,52.33962631225586,26250700
2026-04-30,52.07238387087966,53.111653262668824,51.61708547458578,52.9136962890625,27089200
2026-05-01,53.141348046867044,53.507569787178866,52.54748087315853,52.69594955444336,24825000
2026-05-04,52.527685721816965,52.527685721816965,51.46862018544297,51.65667724609375,42929000
2026-05-05,52.03279624739389,52.814724284516096,51.745758799480846,52.57717514038086,28458600
2026-05-06,53.27002204666047,53.64613994690267,52.92360014888181,53.052268981933594,27541200
2026-05-07,53.00278075215913,53.44818303257368,51.96351128166886,52.21095657348633,28682100
2026-05-08,52.43860391196558,52.46829613769196,50.5778143269001,50.78567123413086,36111200
2026-05-11,50.68669122224754,50.86485212932558,49.756298310840876,50.0334358215332,33132200
2026-05-12,50.340269814473615,50.55802287536239,49.33069258996491,50.261085510253906,33518800
2026-05-13,49.845382792922585,50.26108909255878,49.291103951025285,49.33069610595703,29838000
2026-05-14,49.54844452195005,49.95425463254157,48.9842695822427,49.3405876159668,37671800
2026-05-15,49.112941072302064,49.47916282725249,48.79621139690182,49.261409759521484,46282300
2026-05-18,49.21191956000875,50.39965390914953,49.21191956000875,50.17200469970703,33404100
2026-05-19,50.21159606465991,50.75597492877093,49.865174180875265,50.18190383911133,44154600
2026-05-20,50.46894419341754,51.05291524254267,49.97405360181034,50.70648956298828,47739400
2026-05-21,50.47883843249953,50.97372900536717,50.24128929620827,50.96383285522461,27461900
2026-05-22,51.16178387490343,51.617086052005824,51.122195500311484,51.270660400390625,26683700
2026-05-26,51.68637246143078,51.96350997305815,51.34984672200521,51.66657638549805,27397600
2026-05-27,51.854634618248035,51.95361500015446,50.24129026247066,50.577816009521484,48581500
2026-05-28,50.39965509482447,50.973729982701244,50.12251757693389,50.251190185546875,48550100
2026-05-29,50.44914869581459,51.27066512394132,50.092826861652405,51.07270812988281,57930600
2026-06-01,50.78567030247377,51.3003569346762,50.33036812063469,50.98362350463867,34303700
2026-06-02,50.73618366028522,52.17136718398709,50.73618366028522,51.94371795654297,42126500
2026-06-03,51.7259599415744,52.01299737405374,50.69659044091132,51.864532470703125,48065400
2026-06-04,52.587074097000794,53.774812244347174,52.26044450180146,53.6164436340332,51883600
2026-06-05,53.89502170775688,54.00446393561656,53.049337975750056,53.5567512512207,38829400
2026-06-08,53.447308492810855,54.074107762876345,53.29806840260489,53.357765197753906,30332100
2026-06-09,53.725886864571095,54.34273857698953,53.37766504191549,54.14375305175781,32329000
2026-06-10,54.263145446777344,55.01928587157374,53.944770131564844,54.263145446777344,37025500
2026-06-11,54.44223214297391,55.02923734317531,53.795530147802936,54.87999725341797,31746300
2026-06-12,55.07898426895001,55.904769080767046,54.9794896079681,55.735633850097656,32989000
2026-06-15,56.33258429636589,56.7106564017374,55.457054088066606,55.58639144897461,31666500
2026-06-16,56.21319744984401,56.78030373995914,55.94456755526317,56.55147171020508,33409800
2026-06-17,56.84994612599455,57.68568228158681,56.01420997040229,56.2430419921875,40439300
2026-06-18,56.93948893308375,57.0389835908332,55.74557960742219,55.91471862792969,70438800
2026-06-22,56.56141648206504,57.436950488297,56.521622414539166,57.07877731323242,38653800
2026-06-23,57.22801958676274,57.715530141736835,56.90964426239873,57.61603927612305,30045700
2026-06-24,57.91451365352596,58.033907242508846,57.09867643880846,57.43695068359375,30324900
2026-06-25,57.556340925917574,58.899490347447085,57.556340925917574,57.894615173339844,33747400
2026-06-26,58.24284266916013,58.33238596682664,57.14842416486574,57.5861930847168,48757600
2026-06-29,57.46679949093927,58.04385714153085,57.31756319171726,57.5861930847168,28920800
2026-06-30,57.178272084124345,57.456849534025146,56.55146902651444,56.690757751464844,41324600
2026-07-01,56.8399991860662,58.183144831709456,56.56141793423412,58.06375503540039,35288400
2026-07-02,58.64081023342558,58.700507030624166,57.645886385448904,58.43187713623047,29329700
2026-07-06,58.839795391148456,59.635733705445375,58.62091093146683,59.59593963623047,34645400
2026-07-07,59.98395844895366,60.52121822648746,59.486496535385285,59.5561408996582,29306100
2026-07-08,59.06862703801602,59.26761256413912,58.004058837890625,58.004058837890625,29802400
2026-07-09,58.15329950645528,59.12832441923498,58.11350164177041,58.94923782348633,29203400
2026-07-10,59.337257076034355,59.56608910327639,59.088526116597365,59.367103576660156,21916600
2026-07-13,59.39695305316788,59.745174873442224,58.55126552554943,59.197967529296875,27837800
2026-07-14,58.7005069922798,60.89928778399199,58.37218030090199,60.31228256225586,49432700
2026-07-15,61.00872911851577,61.715124128864126,60.79979602452539,61.27735900878906,43361000
2026-07-16,61.66537844002249,61.68527737203409,60.6804059751137,61.1778678894043,37351900
2026-07-17,60.93908544268076,61.80466812423451,60.35208022292978,60.958984375,45045200
2026-07-20,61.0385759823497,61.17786850783904,60.063551075923776,60.11329650878906,30741100
2026-07-21,60.590861592149096,61.21766086027492,59.76507300747567,60.909236907958984,31631600
2026-07-22,61.08832453892784,61.58578645277796,60.839593582002784,61.30720520019531,51484900
2026-07-23,61.03857365319199,61.18781374142627,60.401823028014185,60.968929290771484,29253200
2026-07-24,61.217662646415825,61.963855526241794,60.96893168647384,61.735023498535156,29035400
2026-07-27,62.2026368342418,62.6702522377765,61.52608834223407,61.81461715698242,36899800
2026-07-28,61.98375252297724,62.34192570136274,61.5857852766969,62.302127838134766,28737900
2026-07-29,62.19268727812515,62.33197980315483,60.60081065968966,60.7599983215332,37919000
2026-07-30,61.20771576692304,61.61563439400613,60.720201410002616,61.416648864746094,24844000
2026-07-31,61.22761375833686,61.9240612023762,61.22761375833686,61.63553237915039,27301100
2026-08-03,61.94395733500104,62.19268829791843,61.396749975649435,62.162841796875,24013700
2026-08-04,62.152893807796005,63.217462018253215,62.03350021376347,62.580711364746094,28242100
2026-08-05,62.68020123266891,63.24730751162354,62.51106600348355,62.928932189941406,30266000
2026-08-06,63.58558303486608,63.645279832123336,62.41157258947316,62.68020248413086,24482900
2026-08-07,62.39167067900283,62.899083943136624,62.073295366160615,62.849334716796875,22620500
2026-08-10,62.839387838377654,63.675123992593775,62.680200180209496,63.53583526611328,25400400
2026-08-11,63.65522619002968,63.94375121628582,63.38659630048096,63.67512512207031,20738600
2026-08-12,63.79451816188723,64.62029916475676,63.51593691106395,64.48101043701172,27541500
2026-08-13,64.86902973882381,64.86902973882381,63.57563333298407,63.76466369628906,27306400
2026-08-14,63.71492311506879,64.22233639479856,63.486091089138334,64.16263580322266,21847900
2026-08-17,64.0730947247598,64.89888330679145,63.555733889390545,63.56568145751953,27349400
2026-08-18,63.67512535998494,64.07309641161814,63.247307807845885,63.903961181640625,28774000
2026-08-19,63.874105017799444,64.10294083202957,62.66030056083841,62.849334716796875,24082600
2026-08-20,62.73989936972743,62.918985966418056,61.49624455678327,61.545989990234375,34979400
2026-08-21,62.013604571829624,62.202638734508746,61.20771489767144,61.37685012817383,33434800
2026-08-24,61.426598007788364,62.44141695919092,61.20771355398267,62.01360321044922,27349700
2026-08-25,61.88426230688172,62.43146964831828,61.55593562481989,62.113094329833984,23386900
2026-08-26,62.07329593424515,62.26233388726678,61.62557946042177,61.91410827636719,22537100
2026-08-27,61.43654708959232,61.70517698169935,60.7898450757791,60.85948944091797,49432100
2026-08-28,61.068427420488675,62.242437875666305,61.048528487903745,62.00365447998047,33509700
2026-08-31,61.934007583450814,62.1727909693818,61.585785765773515,61.625579833984375,43470400
2026-09-01,61.65543218328773,62.51106730132292,61.40670122085115,61.675331115722656,25053700
2026-09-02,61.963855054521915,63.227408776847994,61.625580799762695,62.282230377197266,28433700
2026-09-03,62.49116538692364,62.94882942508808,62.00365105386457,62.71999740600586,29942000
2026-09-04,62.560001373291016,62.91999816894531,61.959999084472656,62.68000030517578,26587200
2026-09-08,62.4900016784668,62.81999969482422,62.11000061035156,62.38999938964844,28338000
2026-09-09,61.970001220703125,63.189998626708984,61.43000030517578,62.66999816894531,36015200
2026-09-10,62.650001525878906,63.0099983215332,62.220001220703125,62.560001373291016,29359100
2026-09-11,63.22999954223633,63.83000183105469,62.380001068115234,62.689998626708984,28873700
