Date,open,high,low,adj_close,volume
2016-09-12,66.37569418717358,67.26114473045374,65.96248760325425,67.06437683105469,8149100
2016-09-13,66.67085907327127,66.67085907327127,65.04425846501388,65.21479034423828,9300400
2016-09-14,65.01148417531218,65.55586627187837,64.388388878156,64.55236053466797,8201400
2016-09-15,64.60480246232383,65.84442720569591,64.55889062012544,65.26068878173828,6701600
2016-09-16,64.49330870425217,64.80813136322138,63.96859760061559,64.17192077636719,12725600
2016-09-19,64.49330823452,64.83436694658855,64.27030426569311,64.3031005859375,6182000
2016-09-20,64.38836076407472,64.5916889321019,64.06697785876263,64.08009338378906,5771900
2016-09-21,64.50642117221052,65.385311478537,64.440833538369,65.34595489501953,6361600
2016-09-22,65.92968228180214,66.08053831794214,65.48367944088521,65.57550811767578,5416700
2016-09-23,65.15575242061541,65.94937936628043,64.84749001671499,65.0770492553711,7396800
2016-09-26,65.25415390409262,65.77230489849492,64.70977185024236,64.7884750366211,5781800
2016-09-27,64.43426489248475,65.36562718634364,64.13911807658137,64.91962432861328,6476100
2016-09-28,65.27378044601102,67.08402742699683,64.76875036643872,66.99876403808594,10190900
2016-09-29,66.90039952052413,67.07748661160593,65.90345459218102,66.42160034179688,8148400
2016-09-30,66.78890860300368,67.94982524736864,66.39537779155873,67.50382232666016,9431500
2016-10-03,67.26115691771452,67.44480432162099,66.84138999335218,67.19556427001953,4334700
2016-10-04,67.36607817160676,67.50381368778484,66.08710194708513,66.42160034179688,6505400
2016-10-05,66.89383796784884,67.47102107672983,66.73642666725176,67.05125427246094,5912800
2016-10-06,67.1103097370846,67.35954481773533,66.46753873411984,67.01848602294922,4362900
2016-10-07,67.22836310876166,67.86457378467748,67.02503990454731,67.07750701904297,5844500
2016-10-10,67.69403843372388,68.48766042050467,67.69403843372388,68.1990737915039,5982700
2016-10-11,68.0678816373785,68.27776506007552,67.34640768460844,67.58252716064453,5337300
2016-10-12,67.38573442315885,67.44476677241538,66.63802469266739,66.99876403808594,4935100
2016-10-13,66.56591478060227,66.71677086671083,65.33285004917161,66.10679626464844,7883000
2016-10-14,66.55937560416521,66.87419837575398,65.9887524501362,66.2970199584961,5114700
2016-10-17,66.20518834155443,66.56592293283494,65.99530485084047,66.48065948486328,4540800
2016-10-18,66.89385533760048,67.06438720986996,66.32323734826299,66.76268005371094,4720900
2016-10-19,67.2086873153237,68.01542487037953,67.05783122560501,67.07750701904297,5905700
2016-10-20,66.6642989427509,67.04471428793941,66.04120881157596,66.81515502929688,4820900
2016-10-21,66.2838983100989,66.61184161066977,66.00186687144725,66.44131469726562,5622400
2016-10-24,66.61183932773906,66.62495986156212,65.6280094597444,66.02154541015625,6077300
2016-10-25,66.08055055127052,66.68396479950941,65.92969448720291,66.09366607666016,4730700
2016-10-26,65.79851014155544,66.59213192458117,65.50336332284876,66.36913299560547,6353700
2016-10-27,66.57901748485335,66.88728483617406,65.5361557006836,65.5361557006836,9897800
2016-10-28,66.32323261414676,68.88774576045304,66.21172812638181,68.09412384033203,17435400
2016-10-31,68.09414212333554,69.16979567611118,68.0679060605828,68.70411682128906,12340800
2016-11-01,69.20259536079129,70.00933306247843,69.16323876274537,69.83880615234375,12755600
2016-11-02,69.294395075285,69.55675062062004,68.37615316862026,69.12386322021484,8405200
2016-11-03,69.21568691047975,69.64857431088492,68.83527161994472,69.12386322021484,5703200
2016-11-04,69.03203752310736,69.18944884412592,68.46141460389352,68.72377014160156,7085400
2016-11-07,69.52394905178085,70.1667198391207,69.37965326254034,70.08145141601562,7333800
2016-11-08,69.89780954070376,70.96034725075602,69.7994255854,70.37004852294922,8050000
2016-11-09,69.5501921702986,71.00626073107877,69.32063293864766,70.599609375,9161800
2016-11-10,70.5340188296314,71.16366912648989,70.33725092260624,70.69799041748047,8739500
2016-11-11,70.49468045580358,70.60617995546467,69.48461468495299,69.94373321533203,7939500
2016-11-14,69.62232501867318,70.00274023687993,69.2550253234324,69.9109115600586,7656000
2016-11-15,70.50122404937639,71.53096544338533,70.44219667838982,71.46537780761719,12156500
2016-11-16,71.67736450426128,72.20732857045988,71.37263693513626,71.7767333984375,7723700
2016-11-17,72.20732314598908,72.93601989168593,71.27326268665917,71.6243667602539,6638100
2016-11-18,71.92247754927682,72.65117438801306,71.64424867425043,72.3398208618164,6815500
2016-11-21,73.10827060288781,73.53223986988067,72.91615873907664,72.98902893066406,8476800
2016-11-22,73.3931103978368,73.53222481125663,72.41267850987774,73.2804946899414,6440500
2016-11-23,73.13476366654452,73.8435877038875,72.89628034051212,73.53223419189453,4472700
2016-11-25,73.22750662065579,73.67797456381565,72.94927775832197,73.53223419189453,3238600
2016-11-28,73.49909798252581,73.90982032478713,73.1215002847139,73.20099639892578,6406700
2016-11-29,72.27357657525214,72.68429900062955,71.80986178378745,72.43256378173828,7461900
2016-11-30,74.22780360157758,74.84388462006812,73.73096423357268,73.9031982421875,17301900
2016-12-01,74.71803666809356,76.12243813692774,74.54579756009674,75.04926300048828,11792300
2016-12-02,74.98963572119932,75.39373222997297,74.38018051436813,74.85714721679688,6167400
2016-12-05,75.11548616780198,75.83756199784148,74.87700287110191,75.02274322509766,6909800
2016-12-06,74.45304897719005,75.18174584268817,74.33380730435492,74.69815826416016,6033600
2016-12-07,74.88362362747749,75.83755674824502,74.73788328357011,75.8110580444336,6434100
2016-12-08,76.00318677699124,76.44702879289505,75.65208266390711,76.29466247558594,5519700
2016-12-09,76.17541704275308,76.83786959043466,76.16217021560867,76.7186279296875,5771600
2016-12-12,78.01704062030382,78.82523360243395,77.22209952050068,77.6063232421875,10044700
2016-12-13,78.10314327271745,78.37474614353967,76.86435539700557,77.78516387939453,8644200
2016-12-14,77.31484790863985,78.08991629348253,76.68551991495306,76.81800842285156,7878400
2016-12-15,76.59938315943192,77.76530101117304,76.42052320262782,77.54006958007812,7458300
2016-12-16,78.06341983038051,78.55363844277773,77.78519092330929,78.222412109375,13752300
2016-12-19,78.41449708267332,78.46748943670866,77.7851642326851,77.93753051757812,5772500
2016-12-20,78.07003962387073,78.58675185462778,77.950797951072,78.13628387451172,4319100
2016-12-21,78.39464440508704,78.83186558134419,78.07666996245696,78.10979461669922,5024600
2016-12-22,78.129634618183,78.82520657851737,78.01701387346272,78.6794662475586,4992500
2016-12-23,78.44099569172143,78.63310245132499,78.20251240946274,78.44761657714844,2682900
2016-12-27,78.50063331976365,78.76561537132793,78.24227720936936,78.31514739990234,2986900
2016-12-28,78.37477163418673,78.73912261440103,78.0037997664141,78.10979461669922,4086700
2016-12-29,78.17603087735807,78.44763380874443,77.82493181638658,78.05016326904297,3214500
2016-12-30,77.7984309498689,78.32838997007579,77.7123088816777,77.97066497802734,5020500
2017-01-03,78.42113691088086,78.83185934205939,77.23534615125894,78.07003784179688,7404800
2017-01-04,78.44101292186309,78.60000012692124,77.9044228918596,78.05016326904297,6679900
2017-01-05,78.16939701572366,78.48737644773233,77.32145860251605,77.7123031616211,5928600
2017-01-06,77.80503633036454,77.891158381392,77.09621242834295,77.40093994140625,4762500
2017-01-09,77.03662450644205,77.08299599292657,76.25493012419379,76.73851776123047,6891800
2017-01-10,76.55298795657552,77.10282459138895,76.1091461182076,76.155517578125,6184400
2017-01-11,76.28140644953486,77.14259166778726,76.08929461788101,76.7981185913086,6158200
2017-01-12,77.17570135124875,77.50030159843354,76.45363069161783,76.95046997070312,4940000
2017-01-13,76.75175643493019,77.42745584370513,76.58614328968895,77.09622955322266,4953000
2017-01-17,77.10948728512955,77.35459152404991,76.9173754155815,77.02999114990234,4669700
2017-01-18,76.63250184859749,76.87098514186756,76.4470159658566,76.80474090576172,4855300
2017-01-19,76.77162759939029,76.81799907692432,76.37415706993974,76.56626892089844,3427800
2017-01-20,77.05647251618291,77.34132728565213,76.40726685991191,76.57950592041016,6730900
2017-01-23,76.26153159408665,76.81798925333445,76.17540953674258,76.44039154052734,5104100
2017-01-24,76.74511388213976,77.57980536863424,76.58612671227306,77.08959197998047,5024400
2017-01-25,77.44069266451565,77.7917916554854,77.06971585452874,77.66592407226562,5276800
2017-01-26,77.83815956621314,78.05014413903753,77.17570714437302,77.20883178710938,6937300
2017-01-27,75.2082388233879,75.98330711070486,74.75777087745709,75.38047790527344,11698900
2017-01-30,74.95651794453732,75.38711317548281,73.34675781175923,74.07545471191406,8252900
2017-01-31,74.1218241467272,74.32718284410268,73.37325449652592,73.76409912109375,7951000
2017-02-01,73.66472268230723,74.04894638026074,73.42623935627482,73.53223419189453,5889300
2017-02-02,73.64483488217486,74.35365877483657,73.34010737313544,74.33378601074219,6289000
2017-02-03,74.46629127537533,75.70507427104702,74.28742626208782,75.23473358154297,6623500
2017-02-06,75.0426277006828,75.18836807742032,74.49279084448658,74.8438949584961,5637300
2017-02-07,74.84387507408178,74.92336612819255,73.60508725504437,73.79057312011719,6038400
2017-02-08,73.6183514443183,74.05557256150148,73.08176648605887,73.91645812988281,5188800
2017-02-09,73.91644497732958,74.61201701165412,73.91644497732958,74.36691284179688,4607800
2017-02-10,74.6915362313559,75.15525106436228,74.43980604402566,74.89027404785156,6194300
2017-02-13,75.09561006868375,75.51295329232782,74.8902514266843,75.4599609375,4858500
2017-02-14,75.3596338955122,75.62046289039844,74.75771886789465,75.25262451171875,5811200
2017-02-15,75.04532856351037,75.73418514886832,75.04532856351037,75.28609466552734,7048100
2017-02-16,75.56697554918453,75.56697554918453,73.85486583528342,74.02206420898438,9478200
2017-02-17,73.84817572009597,73.94849576379349,73.07906218840087,73.7879867553711,8111000
2017-02-21,74.05550149922836,75.11219127997954,73.96855508450646,74.71760559082031,6619100
2017-02-22,74.36315260875854,74.75773833364231,73.774611049624,73.82142639160156,5732000
2017-02-23,74.46346439533978,74.79117687777074,74.06887868719433,74.24945068359375,8659700
2017-02-24,74.16920299430234,74.24945495176446,73.21282804879121,73.64754486083984,6189400
2017-02-27,74.00200665006946,75.0854489255506,73.81474527418332,74.73767852783203,7275800
2017-02-28,74.67748137578988,75.41315317294612,74.56378260789697,75.23926544189453,7030200
2017-03-01,75.52014465843388,76.50327170975989,75.49339231185152,76.16218566894531,7353800
2017-03-02,76.02174693512085,76.42302196719481,75.78098089537868,75.81442260742188,5892500
2017-03-03,75.814433031879,76.16889277732392,75.71411298444433,75.9415054321289,4905600
2017-03-06,75.74085974318258,75.90805810906157,75.35295830974593,75.6873550415039,4731900
2017-03-07,75.93480879590092,76.16219611931868,74.69754193600713,74.77779388427734,6660300
2017-03-08,74.69087543715428,74.85138448531876,73.16602672336506,73.30647277832031,9071600
2017-03-09,73.1058183998827,73.68098123812581,72.57078664273094,73.59403991699219,7247400
2017-03-10,74.50357467550384,74.51026403720361,73.19274041918648,73.97522735595703,6560300
2017-03-13,73.90835584955593,74.10899079662552,73.1058007538123,73.13255310058594,6369300
2017-03-14,72.54401199186918,72.61089030314577,71.64114203341515,71.80165100097656,9935700
2017-03-15,72.28319039848054,72.8851054665032,71.92204135766696,72.81822204589844,9472100
2017-03-16,72.77142206130434,72.8182374041084,71.85517819464042,72.13607025146484,8894700
2017-03-17,72.2296844521258,72.51057644484239,72.01567077636719,72.01567077636719,14353400
2017-03-20,71.74148514521498,72.12938664655708,71.5742867500665,72.0023193359375,5301900
2017-03-21,72.26982046263316,72.38351922999584,71.82841942739356,72.2564468383789,7406300
2017-03-22,71.99563370417967,72.79818400150603,71.9086872686009,72.49053955078125,8106800
2017-03-23,72.42366095268143,72.80487310793188,72.06251178941937,72.14276885986328,5451200
2017-03-24,72.18289647605337,72.51060392508474,72.0290716965135,72.2230224609375,6339900
2017-03-27,71.56090070215124,71.79497739423054,70.7717242099345,71.0793685913086,6479400
2017-03-28,71.07936531666405,72.05580311755949,70.97236102056718,71.67459106445312,6331500
2017-03-29,71.52746915180943,72.28320913968321,71.48065380674122,72.27651977539062,4919900
2017-03-30,72.3300207487618,72.68448050061107,71.69466383852227,72.08256530761719,6797700
2017-03-31,72.0290552076004,72.32332596936058,71.59434353089556,71.80835723876953,6159000
2017-04-03,71.70805336749665,72.20964858679645,71.14626406858586,72.09595489501953,5800900
2017-04-04,72.14945636236413,72.7112456757202,71.56760915860922,72.6711196899414,4687400
2017-04-05,73.33320530933561,74.01537240646208,72.6042177707258,72.65772247314453,6398800
2017-04-06,72.97875169823874,73.333211452098,72.73129625569089,73.09244537353516,3934500
2017-04-07,73.15262569544825,73.28638744688931,72.67778295843296,72.80485534667969,4889400
2017-04-10,72.97874134212111,73.70103437282226,72.87842130654099,73.18606567382812,4812100
2017-04-11,73.25296364758076,73.25965301241098,72.26983621964163,72.8784408569336,3956500
2017-04-12,73.13926995791863,73.13926995791863,72.53066532062665,72.8784408569336,5053300
2017-04-13,72.65769692256993,72.7245752258305,70.84526786102468,70.9589614868164,6894800
2017-04-17,71.00580596923828,71.21313542772359,70.65803558797225,71.00580596923828,5278800
2017-04-18,70.76504190810289,71.34689411718124,70.43733450649057,70.6781005859375,4252700
2017-04-19,70.81853797904368,70.98573634146517,69.44082510548718,69.70834350585938,6667900
2017-04-20,69.82206354530847,70.68480803363234,69.79531118491575,70.14308166503906,4988100
2017-04-21,70.08956079009803,70.51089885789585,69.74847467664867,70.14974975585938,5432600
2017-04-24,70.75166808118142,71.16632190626854,70.47077602345612,70.84529876708984,4538200
2017-04-25,71.09275153587815,71.54084195908473,71.01249447847971,71.38033294677734,4619000
2017-04-26,71.15962374521865,71.8819218922098,70.8720423590549,70.94561004638672,6687400
2017-04-27,70.86535844738835,70.87873717474464,70.00261422252831,70.53765106201172,5781800
2017-04-28,71.59435711116866,71.96219053065157,70.88543242359222,71.36027526855469,6848400
2017-05-01,71.06600023617199,71.38033400419381,70.73160347912571,70.83860778808594,4955500
2017-05-02,70.96567591591666,71.24656795032632,70.28350371521977,70.46408081054688,5112200
2017-05-03,70.46405981796184,71.73476806016164,70.3102351197138,71.37361907958984,5663000
2017-05-04,71.05262745064,71.11282152523695,69.64816197408786,70.09625244140625,8039900
2017-05-05,70.16979590735919,70.81852626262499,70.02266055637251,70.75164794921875,5060000
2017-05-08,70.84529059202795,71.37363803153767,70.77172290409058,71.34688568115234,5175100
2017-05-09,71.2331766979871,71.39368566328756,70.10291437412813,70.27680206298828,5024000
2017-05-10,70.77175204359878,71.44723513710615,70.58449061628772,71.22653198242188,5582800
2017-05-11,71.61439140495358,71.61439140495358,70.64463800949058,71.03253936767578,4632100
2017-05-12,70.93223477273614,71.08605951805086,70.54433843268336,70.8653564453125,4488200
2017-05-15,71.66120369227804,72.03572631049632,71.34687002234999,71.46056365966797,6647500
2017-05-16,71.94210205155495,72.00229610768439,71.52076406860267,71.72808837890625,5001400
2017-05-17,71.72809803368617,71.79565667057682,70.68092627589708,70.73497009277344,6384300
2017-05-18,70.63363124299859,71.39705359568865,70.15395308954582,71.05249786376953,5618100
2017-05-19,71.28896473192603,71.96456146240234,71.05250690713812,71.96456146240234,8383500
2017-05-22,72.34962202337958,72.34962202337958,71.44432524614179,71.69429779052734,4491100
2017-05-23,71.66054464259717,71.99158559567023,71.5997434112628,71.79566192626953,3457100
2017-05-24,71.68081313224226,71.85646972799299,71.43084563708318,71.76188659667969,3457200
2017-05-25,71.6808021176783,72.09291647838621,70.74848061468299,71.011962890625,5293800
2017-05-26,70.97143753465325,71.13357930430725,70.66741591785885,70.74848937988281,3752500
2017-05-30,70.49851307375029,70.74172829278761,70.09315609348597,70.3025894165039,4288000
2017-05-31,69.95802763821766,70.1877280003814,69.63373901319451,69.91073608398438,8037900
2017-06-01,70.05263105552436,70.4512306775633,69.87697445127947,70.44447326660156,4769400
2017-06-02,70.14044725622003,70.22152071356909,69.43106867899816,69.66077423095703,5864000
2017-06-05,69.45136137894981,69.97832612105019,69.33650599192154,69.71484375,4523300
2017-06-06,69.660791596032,70.56608890066487,69.42433372947825,70.37692260742188,4683900
2017-06-07,70.24178135207885,70.55255517851263,69.28243538947105,70.10665893554688,7197100
2017-06-08,70.10664971459482,70.76197917399986,69.88370677682822,70.26203918457031,6493600
2017-06-09,70.26880832138734,71.94428511051433,70.26880832138734,71.88348388671875,6595600
2017-06-12,71.883484613522,73.25494498875106,71.883484613522,72.99146270751953,8690600
2017-06-13,73.19412838133556,73.2954688955842,72.39692939370774,73.05225372314453,6099700
2017-06-14,72.90363556320844,72.95767937682245,71.437586943772,72.01860046386719,6202300
2017-06-15,71.9510470990435,72.15372816671376,71.52542304220835,71.83619689941406,5441400
2017-06-16,72.24831613481345,73.20766225673849,71.75512825275676,73.2009048461914,11633900
2017-06-19,73.17388851826647,73.22118008858165,72.38344149111494,72.5996322631836,4577800
2017-06-20,71.78215625254585,72.01861408932244,71.19438521164895,71.93754577636719,5171200
2017-06-21,71.53896115759362,72.22131552542207,70.20803433144738,70.59312438964844,6989400
2017-06-22,70.58635041814303,71.03224159102747,70.2890861999573,70.56607818603516,4197400
2017-06-23,70.43098536900112,71.22143260083561,70.4242279559507,70.93768310546875,5773300
2017-06-26,70.95790897027052,71.0660068986988,70.28231238077254,70.35662841796875,3602500
2017-06-27,70.75523000503033,70.86332277435879,70.28230932033924,70.30933380126953,4170300
2017-06-28,70.55255053910938,70.8700817540878,70.28906828718958,70.45121002197266,4162300
2017-06-29,70.51879875116421,71.0390112224807,70.29585570356643,70.34314727783203,4288600
2017-06-30,70.62011023625901,70.74847523687093,70.18772883402119,70.48499298095703,5497000
2017-07-03,70.4242004826499,72.26182438139737,70.4242004826499,71.81593322753906,4419100
2017-07-05,71.60648757469353,71.81592604142796,70.44446051062057,70.68092346191406,4482700
2017-07-06,70.71469799894061,71.0254718300987,70.06612585290722,70.14044189453125,5084800
2017-07-07,69.98506199829383,70.09991735843955,69.45809737953249,69.9175033569336,6457000
2017-07-10,69.88372696484606,69.97831009410477,69.31622303489985,69.61348724365234,4629000
2017-07-11,69.68780858251434,69.92426642359933,69.28245154716944,69.66754150390625,4322400
2017-07-12,70.26203728114785,70.7687346653869,69.9039719543217,70.1877212524414,3978100
2017-07-13,70.12694103473243,70.40393300742372,69.89723547149183,70.34988403320312,4439100
2017-07-14,70.51880973694765,70.69446639203954,70.07967583081165,70.5593490600586,3644300
2017-07-17,70.47824671254378,70.91738559328034,70.31610494967268,70.4039306640625,5572400
2017-07-18,70.66739139922052,70.66739139922052,69.93099370364607,70.07286834716797,4339400
2017-07-19,69.96480727063116,70.58636028227825,69.93103052118616,70.57284545898438,4932000
2017-07-20,70.93764043522333,71.18761302376696,70.14043626987082,70.68766784667969,5367800
2017-07-21,70.38365324303682,70.51877049983763,69.687789577166,69.7553482055664,5304100
2017-07-24,69.70807083869842,69.97155315116453,69.53241424558968,69.7215805053711,4080400
2017-07-25,70.5660773678481,71.03899817805969,70.47825164730887,70.52554321289062,7093800
2017-07-26,70.68766127298284,71.66727930909924,70.39715456632656,71.01870727539062,5881400
2017-07-27,70.85658242762108,71.82944335780338,70.67417358040886,71.68756866455078,5888400
2017-07-28,72.09291561796286,73.72785822208837,71.85645782883616,73.0455093383789,7812600
2017-07-31,73.22791512796815,74.31562606730469,73.06577338705135,73.76839447021484,7561200
2017-08-01,74.00485953739835,74.97096297758893,73.92378608175949,74.84259796142578,8162900
2017-08-02,74.57915037303876,75.1263822786295,74.21432738451297,74.6264419555664,6212300
2017-08-03,74.47101369152712,74.61964061025577,73.67380951656033,73.93053436279297,5605400
2017-08-04,73.93054764762286,74.45075484263316,73.93054764762286,74.38995361328125,4643500
2017-08-07,74.18727452328152,74.51156321834252,74.03189016341011,74.16700744628906,4762800
2017-08-08,74.31562048549499,74.79529341737424,74.16023101109256,74.55207824707031,4107300
2017-08-09,74.81556012190435,75.26821372543236,74.4912766660194,74.91690063476562,3966800
2017-08-10,75.1466237785991,75.28849846814737,74.33590463981702,74.38995361328125,4950700
2017-08-11,74.45075754247499,74.64668121259236,73.72786924795629,73.7954330444336,3383000
2017-08-14,73.81571792591623,74.19405053635145,73.18065519748977,73.44413757324219,4286100
2017-08-15,73.47111776638424,73.5724582700439,72.64688922972758,73.3495101928711,5310700
2017-08-16,73.4450675394135,73.64295973834433,72.80362942534994,72.9059829711914,4186600
2017-08-17,72.74902239249332,72.92644384566316,72.27135525647603,72.2781753540039,5870300
2017-08-18,72.22360827237834,73.24718552253914,71.99159992797645,72.66033935546875,5467400
2017-08-21,72.66032776539723,72.66032776539723,71.85511358213003,72.18265533447266,3560400
2017-08-22,72.32596119238019,72.96057924442978,72.20313172404212,72.57844543457031,5630900
2017-08-23,72.47606095243684,73.05608676686964,72.4078235400649,72.74901580810547,4185800
2017-08-24,72.67394845159652,73.472337058342,72.55794433735429,73.31539154052734,5059700
2017-08-25,73.57471198496005,74.18203390061126,73.36999450962927,73.8544921875,4384200
2017-08-28,74.06604992170277,74.10016603942324,73.19941827390986,73.5337905883789,3681600
2017-08-29,73.30860980804295,73.73169031907324,73.04248011428984,73.60203552246094,3230600
2017-08-30,73.41094691832409,73.5883631910098,73.08339997319754,73.5133056640625,3126000
2017-08-31,73.69755200794785,73.8545027890554,73.35635963754068,73.43824768066406,5508200
2017-09-01,73.47918688786905,74.48911856460188,73.3631827349054,74.2161636352539,3660300
2017-09-05,74.62559138503168,75.23973865772095,74.17521498299885,74.68018341064453,5198500
2017-09-06,75.06231377374256,76.58403388005755,74.92583892208123,76.28378295898438,8577300
2017-09-07,76.54993088858048,77.02077809003269,75.99037553293162,76.2906265258789,5937800
2017-09-08,76.14731158429709,76.256495643022,75.42398541688304,75.5945816040039,4033100
2017-09-11,76.31107191827809,76.81603507017716,76.09952914971629,76.78191375732422,5973400
2017-09-12,76.98666287194594,77.07537103317834,76.33157400407154,76.761474609375,5110100
2017-09-13,76.761441226159,78.01020627786065,76.61814108671179,77.9146728515625,5889400
2017-09-14,77.96929603369497,78.70626773026048,77.91470399508025,78.09894561767578,5819100
2017-09-15,78.35824368732803,78.41283571792329,77.53937884694676,78.22176361083984,8387600
2017-09-18,78.07846552638799,78.62437543459694,78.01022808940756,78.6039047241211,4954600
2017-09-19,78.64484445976358,79.44323338830945,78.6039030396892,79.38864135742188,6188000
2017-09-20,79.49781152360454,79.94136258621722,79.29309404665048,79.40910339355469,5378200
2017-09-21,79.3067521494478,79.51146443956517,79.04062252796768,79.47734832763672,4334500
2017-09-22,79.4363991377145,80.40538408552513,79.34086049758989,80.03689575195312,5307100
2017-09-25,79.99595592140724,80.74657800559744,79.85265056147675,80.51456451416016,5980300
2017-09-26,80.3780867937956,80.54185764849002,80.00959846609695,80.19384002685547,4874700
2017-09-27,80.15290532174286,80.24843876215711,79.68205821814267,80.14608001708984,3926800
2017-09-28,79.95500874261,80.61009738638752,79.85265000316751,80.2620849609375,4949000
2017-09-29,79.955010479006,80.19384407210411,79.65476476461775,80.1801986694336,4874800
2017-10-02,79.4432210642376,80.37808992497567,78.8358991318298,80.13243103027344,4285600
2017-10-03,79.8935888035852,80.69197752197239,79.8458220906778,80.39855194091797,3892200
2017-10-04,80.39857313263194,80.43269445349442,79.9277259768792,80.23480224609375,3443400
2017-10-05,80.1460697284142,80.9922303865753,80.06418690781766,80.91716766357422,5470900
2017-10-06,80.48728218487166,80.62376226367638,79.70254385802089,79.85948944091797,3533300
2017-10-09,80.07104019252105,80.57600875767426,79.84585713636737,80.32352447509766,2951900
2017-10-10,80.7943591940343,81.76334433455867,80.71929645155313,81.06731414794922,5683100
2017-10-11,81.34708229583609,81.55861989422634,80.91718179408684,81.42897033691406,3926100
2017-10-12,80.8557577022493,81.647326414615,80.73292825399194,81.29930877685547,3929700
2017-10-13,81.7428428814443,81.8861430069648,81.2515251904136,81.31294250488281,4640100
2017-10-16,81.77697659478915,82.49348258287309,81.49720158647936,81.97486877441406,5500700
2017-10-17,82.04314122490042,82.39115378565904,81.77018621565509,82.03631591796875,4844300
2017-10-18,81.47674502620326,81.89982026435247,80.51457997263918,80.62376403808594,5505100
2017-10-19,80.56234161289278,81.02636344937683,80.4872788741834,80.65787506103516,4576600
2017-10-20,80.93765917240171,81.05366333551801,80.5691707664593,80.9581298828125,4924300
2017-10-23,81.01272094082843,81.40850535795501,80.82847413698073,81.15602111816406,3872400
2017-10-24,81.53134450421763,81.83159029924852,81.25156421559839,81.36074829101562,4472400
2017-10-25,81.20378142004132,81.50403236185845,80.62375545113461,80.82164764404297,4553100
2017-10-26,81.05365594913276,81.20378142004132,80.61693014622543,80.82164764404297,4092900
2017-10-27,79.24532473192716,79.4295714963827,76.81603712968943,77.47795104980469,14534100
2017-10-30,77.22547325297163,78.54247589816985,77.00028505830981,78.0579833984375,7517800
2017-10-31,78.09893018082722,79.41593291653777,77.66902967562186,79.0815658569336,7154800
2017-11-01,79.36134910834218,79.81854564481996,78.71308046722446,79.08839416503906,5030300
2017-11-02,79.2999136876264,79.47733514123719,78.27633678831866,78.69941711425781,4329600
2017-11-03,78.80179476786782,78.98603636326482,78.29000619531966,78.46742248535156,4101800
2017-11-06,78.72673638061985,79.94820579938491,78.46742682423333,79.86631774902344,5950300
2017-11-07,80.09828762121658,80.52136786899045,79.48414576004147,80.00275421142578,5219500
2017-11-08,79.68887039849746,79.94135456725643,79.08837384248028,79.61380767822266,5092800
2017-11-09,79.08836151594788,80.18017563225744,78.89729469636626,80.00275421142578,5103300
2017-11-10,79.64111613292566,80.05054590357,79.22486105768569,79.96183776855469,5156900
2017-11-13,79.98913874527372,80.36444722241535,79.62065036696903,79.99596405029297,4279200
2017-11-14,79.71617114853082,80.0164220474911,79.32721212314203,79.78440856933594,6996500
2017-11-15,79.29991323680383,79.99594843983766,79.20437980990606,79.46368408203125,5372600
2017-11-16,79.38103183815535,79.77363195895865,78.78179786222728,78.91266632080078,5888700
2017-11-17,78.98154270720512,79.20194970089685,78.45119018501224,79.00909423828125,4337500
2017-11-20,79.0504114215447,79.22949372912217,78.8231205077958,79.01597595214844,4634200
2017-11-21,79.30525777271005,79.80117476686682,79.15372699617141,79.32592010498047,4596000
2017-11-22,79.54634384668537,80.43486110607714,79.42925376918635,79.83563232421875,3951000
2017-11-24,80.27644527122969,80.48307388962853,80.11113607060939,80.24889373779297,1744200
2017-11-27,79.79430145640032,79.91828072962102,79.37414976687005,79.61521911621094,4490300
2017-11-28,79.84251667887136,80.45552385825921,79.71853740355034,80.20756530761719,4004700
2017-11-29,80.03536590368081,80.75857916232529,79.78052343066537,80.71036529541016,3661000
2017-11-30,80.76546538877699,82.06724500252899,80.74480305441857,81.95703887939453,7896600
2017-12-01,82.52183704588607,82.96954025172182,81.63331983105073,82.3152084350586,6831800
2017-12-04,82.5218425370952,84.23689007411643,82.21878617006529,83.23127746582031,7366400
2017-12-05,83.0246502544944,83.61699511388366,82.75602935952926,82.92133331298828,4380700
2017-12-06,82.64584125172648,83.2588485821752,82.32211721667441,82.38410949707031,4852500
2017-12-07,82.30833436914446,82.72159692168786,81.93639649537987,82.39787292480469,4908500
2017-12-08,82.62514674485875,82.81800220004673,82.0328019868288,82.59759521484375,4122200
2017-12-11,82.85245516878747,83.41724848025775,82.73536509010997,82.9419937133789,5929700
2017-12-12,82.52183529022489,83.16239395450532,82.34964215740668,82.43229675292969,4300200
2017-12-13,82.26011350985418,82.76980377289685,81.74353404929366,82.60449981689453,4399800
2017-12-14,82.52185025391667,82.84557424310258,82.30833241207846,82.32899475097656,3736900
2017-12-15,82.95577137135943,82.9764337080111,82.31521266056906,82.46674346923828,11226900
2017-12-18,82.59761389073381,83.54123430116783,82.39098525127669,82.44608306884766,4654100
2017-12-19,82.87312416701826,83.16929661360298,82.31522000795427,82.54251098632812,4599300
2017-12-20,82.84557245056382,83.54812348740829,82.41164757833745,83.2657241821289,6286700
2017-12-21,83.61010500057807,86.33764384990428,83.38969798007447,85.97259521484375,10109000
2017-12-22,85.99325039628478,86.54427052915135,85.8003949262567,86.08279418945312,4735100
2017-12-26,86.25497371707466,86.88175389578905,86.13099446948374,86.77155303955078,3348500
2017-12-27,86.7578045223957,86.92310849113221,86.18612194748887,86.47541046142578,3452300
2017-12-28,86.571836273897,86.70958870226993,86.29632616223287,86.4960708618164,2191800
2017-12-29,86.34455287557273,86.77159387489156,86.22746276855469,86.22746276855469,3829000
2018-01-02,86.5856198039874,87.98382761392182,86.46852970032921,87.87362670898438,5626000
2018-01-03,87.79095210278261,88.81033782970707,87.40524114093334,88.51416015625,5805500
2018-01-04,88.12847181546054,88.40398722309827,87.62567064754917,88.23867797851562,4598300
2018-01-05,88.142192733001,88.23173649581872,87.54295893573611,88.09397888183594,4189200
2018-01-08,88.06647765472638,88.59683557535065,87.90805762189976,88.5279541015625,4826100
2018-01-09,88.45904659000153,88.81032728914997,88.01823786800436,88.05267333984375,4422300
2018-01-10,88.3764180416142,88.6863636356599,88.02514776967395,88.61749267578125,5292200
2018-01-11,88.79656624465636,91.82717212413617,88.68636010143827,91.31059265136719,11641300
2018-01-12,91.04884768545003,92.1922126737038,90.99374461868457,92.02001953125,7232900
2018-01-16,92.06823074316306,92.21287761123213,90.642476948541,90.92486572265625,6254200
2018-01-17,91.04884925335,91.46900094856589,90.20166192064222,91.16593933105469,5632700
2018-01-18,91.1590558612969,91.26236754514963,90.24987100405055,90.63558197021484,5890000
2018-01-19,90.80087773797342,90.91796779895866,89.68506967813309,90.43582916259766,6048900
2018-01-22,90.43584597195347,91.30369567871094,90.42206757697244,91.30369567871094,5248800
2018-01-23,91.17972744716913,91.3037014803681,90.04324626032866,90.24299621582031,5747300
2018-01-24,90.49094168054609,91.37945365257609,90.27742386997178,90.4978256225586,6868200
2018-01-25,90.75266660627857,90.82843200650561,89.7746108550609,89.98812866210938,4597200
2018-01-26,90.02946900699513,90.74578786945483,89.79527834114732,90.36007690429688,6310500
2018-01-29,89.58176171336444,90.6286989968866,88.3833041285168,88.49349975585938,6350700
2018-01-30,87.89427419228059,88.16977903551138,86.22744571811128,86.25499725341797,8084000
2018-01-31,86.38586035736515,86.66137045513092,85.4422452352838,86.337646484375,9626800
2018-02-01,86.50982859484967,86.5304909299337,85.44911826955749,86.48916625976562,7844500
2018-02-02,85.37334943926989,85.37334943926989,81.02719663738065,81.67464447021484,13182600
2018-02-05,80.5794974355305,81.48179303014153,74.40120695293706,77.56956481933594,15414700
2018-02-06,76.59150325283538,81.02031083201929,76.28844691290479,80.71036529541016,18416300
2018-02-07,80.86190280378548,82.14990417894933,79.36726755045486,79.4085922241211,11535700
2018-02-08,79.32594873904375,79.82186591221034,77.28718222540662,77.34917449951172,9927500
2018-02-09,78.06548355947278,78.94711689706195,75.42059931145891,78.17568969726562,10922400
2018-02-12,79.07111056032049,79.79431876521998,77.76933053658259,78.50631713867188,8358200
2018-02-13,78.0655023797049,78.25147396833538,77.0461216339555,78.03106689453125,7065900
2018-02-14,77.48690957545772,78.5545090982421,76.72926084392562,78.26522064208984,7031900
2018-02-15,78.50870317121462,78.620001071029,77.10352937205131,78.27914428710938,5405000
2018-02-16,78.15391684085323,78.56434070931104,77.36090020794487,78.0078353881836,5950400
2018-02-20,78.10523475359268,78.43913905786245,76.92266740262714,77.20092010498047,6810900
2018-02-21,77.31220497277428,77.95218236527643,75.86529541015625,75.86529541015625,6892300
2018-02-22,76.20619183286684,77.52093078347647,75.75403172704392,76.44270324707031,8176700
2018-02-23,76.83918901691699,78.42522250064675,76.6931075441765,78.32087707519531,6460200
2018-02-26,78.73131635010323,79.76084994419905,78.50175743079926,79.71910858154297,7405800
2018-02-27,79.90692021678423,80.7277628039432,79.03042602539062,79.03042602539062,6059700
2018-02-28,80.0112540690595,80.31733256112912,77.82697919273957,77.85480499267578,7441000
2018-03-01,77.58351349684922,79.2321563919404,77.1939628950301,77.93828582763672,7516700
2018-03-02,77.56266176756206,78.03568987224537,76.40096218791764,77.66004943847656,6607300
2018-03-05,77.49309054274617,78.83565505215303,77.22874806171278,78.71044158935547,7814900
2018-03-06,79.19736648531901,80.35906572808041,78.61999309859502,79.05824279785156,7957900
2018-03-07,78.57132009197014,80.05301376144061,78.34871894871479,79.1904296875,6660000
2018-03-08,79.71910004173029,79.82344547634784,78.32784173277433,78.84956359863281,6095100
2018-03-09,79.51735063430827,81.65988926421899,79.46865681577522,81.54163360595703,8833300
2018-03-12,81.7364192172943,82.32770289061193,81.08252616524271,81.24252319335938,6877000
2018-03-13,81.54861506675788,82.20946069695817,80.69298879862585,81.01297760009766,6793100
2018-03-14,81.37470976581928,81.70165104626903,79.89997388570933,80.0877914428711,5051000
2018-03-15,80.24779383974699,80.83907766390162,79.82345955609044,80.40083312988281,4519700
2018-03-16,80.27559661865234,80.82514422683862,79.69126543369366,80.27559661865234,14909400
2018-03-19,80.04604708741158,80.1573503002849,78.75913420513236,79.22520446777344,4803500
2018-03-20,79.68432734525706,80.48429668311122,79.60780770833071,79.64954376220703,4587200
2018-03-21,79.98344840568112,82.16076590889533,79.85823493636732,81.41644287109375,6829600
2018-03-22,80.37994326650623,80.51210918435214,78.93999126618368,79.09302520751953,6297200
2018-03-23,79.55911781925397,80.53299450616316,78.39741295890389,78.59219360351562,6227200
2018-03-26,79.4686654970183,80.40776370401713,78.77999418618302,80.24081420898438,6868700
2018-03-27,80.51905919640772,81.29120783444614,79.28779816417872,79.76082611083984,5530800
2018-03-28,79.94865018103994,80.17820905061305,77.95219281572331,77.98001861572266,6985300
2018-03-29,78.11219312908571,79.60083899476786,78.10523535198563,79.32954406738281,6627800
2018-04-02,79.22519690070166,79.57301144686586,76.89484050284733,78.07740783691406,6228600
2018-04-03,78.2721975069822,79.98345005871411,77.97307673006333,79.87910461425781,6717300
2018-04-04,78.64086277761568,79.85125578552562,78.20957087492215,79.63561248779297,5727200
2018-04-05,79.91387094344742,82.00771606884035,79.78865749026578,81.59033966064453,7204900
2018-04-06,80.95734527530642,81.39559518101763,78.87741491663382,79.83042907714844,7094500
2018-04-09,80.20604149432903,81.50686458187054,79.913873223749,80.67906951904297,6933800
2018-04-10,81.80600052785606,83.3572561244671,81.80600052785606,82.675537109375,7612800
2018-04-11,82.56423807237492,83.04421864997886,81.9103448735843,82.95378875732422,6246800
2018-04-12,83.2737794493446,83.94158291307646,82.53641411991299,82.93988037109375,6702000
2018-04-13,83.1415700504829,84.02502179202332,82.93288454911254,83.4198226928711,5508100
2018-04-16,83.89285576446069,84.665004373755,83.31548242467703,83.96241760253906,4598000
2018-04-17,84.12942493404795,84.86679043128441,83.86508235410932,84.49114990234375,6488300
2018-04-18,85.1867412154635,86.87712018572395,85.14500516666638,86.13279724121094,9132500
2018-04-19,86.23714710960316,86.95364428939106,85.70846746629947,86.05628204345703,7159400
2018-04-20,85.82672811623965,85.88237972554086,84.49112133638796,85.08240509033203,7561200
2018-04-23,84.86672538217661,85.9866883302409,84.72760172575248,85.9658203125,6113100
2018-04-24,86.50846151519583,86.98148965882648,84.69286858943927,85.24241638183594,7980500
2018-04-25,85.10326465242541,85.49282057155811,84.25460157752518,85.36760711669922,5331100
2018-04-26,85.33281411162514,86.46669285738429,85.07543476028866,86.41104125976562,6268400
2018-04-27,87.30144471035989,88.37967184760231,86.73102910860523,88.08055114746094,8836600
2018-04-30,88.35882333812465,88.9709804632395,86.9884381994696,87.0301742553711,7631600
2018-05-01,86.27889627683574,86.89800589371612,85.61805060266502,86.85626983642578,7093700
2018-05-02,86.39713244937992,87.97621348486655,86.32061282348963,87.29449462890625,5909100
2018-05-03,86.668444812342,87.7327620118913,86.13977040902346,87.65624237060547,6727700
2018-05-04,87.09973315360142,88.23360686058888,86.75191854697867,87.32233428955078,5403100
2018-05-07,88.05968717603996,89.31877417667252,86.56408882362781,86.91190338134766,6999700
2018-05-08,86.90496011080022,88.17100509994616,86.00063998688319,88.04579162597656,8937000
2018-05-09,89.33268336389379,90.72394149561204,89.10312449842543,89.54137420654297,11442700
2018-05-10,90.21614058171394,90.27874465387168,89.31182061975674,89.61094665527344,5446000
2018-05-11,90.00746457856998,90.96047321575011,89.40227055226838,90.32049560546875,8092300
2018-05-14,90.60569919401902,91.18307267758928,90.29266819109651,90.70308685302734,6212400
2018-05-15,90.5987606827503,90.61962871186316,89.9100838786443,90.25094604492188,5201700
2018-05-16,89.93788669414818,90.2370127433806,89.24922063992013,90.1257095336914,5405100
2018-05-17,90.35023564574635,90.9186175349109,90.0835988521914,90.8414306640625,5241600
2018-05-18,90.46251443907406,90.62390128455138,89.67661949725523,89.71871948242188,6385800
2018-05-21,90.37129017006518,90.80634833076672,90.0064164959484,90.77827453613281,5081200
2018-05-22,90.58179823225065,91.49400380569733,89.88712708649174,89.97834014892578,5444200
2018-05-23,89.17841424673516,90.37129359551935,88.79950366093911,90.30814361572266,6017200
2018-05-24,89.39595352055024,89.39595352055024,88.30832401417612,88.84161376953125,5906200
2018-05-25,87.38911000818793,87.54348378959652,85.05948244736163,85.74012756347656,8936600
2018-05-29,84.9752416853334,85.90849708136844,84.24547842964856,85.1787338256836,7385700
2018-05-30,86.06290158647217,88.1820183467672,85.84537247393072,87.82415771484375,7125300
2018-05-31,87.06631411456154,87.58556689905768,86.63126130114118,87.22068786621094,7460700
2018-06-01,88.05570955844067,88.09781490145957,86.6102194811554,86.9049301147461,5749900
2018-06-04,87.38209114884293,87.99958627158546,85.72609026177516,85.78924560546875,5760500
2018-06-05,85.61382770208859,86.8067073289439,85.29104857192196,86.11904907226562,5672600
2018-06-06,86.39271264353295,86.79267868270863,85.64891211101494,86.57514953613281,6213400
2018-06-07,87.3890957388944,89.80292824639521,87.29787731636972,89.08719635009766,8607200
2018-06-08,89.19948872800067,89.38192561110937,88.18904600643643,88.72233581542969,5108800
2018-06-11,88.95385439198549,89.9502651545175,88.31531485790853,89.50819396972656,6085100
2018-06-12,89.56435712783963,90.08361532733225,88.6451383113594,89.1714096069336,4543000
2018-06-13,88.9819635779651,89.69067720488715,88.4767421945557,89.1644058227539,6317900
2018-06-14,89.38190215874802,89.78888652075965,88.68020719811048,88.77143096923828,5056800
2018-06-15,89.1854310852279,89.19946798282345,86.897903946369,87.03824615478516,13223800
2018-06-18,87.25576176881174,89.10122282487485,87.08033803974155,88.39250946044922,7696800
2018-06-19,87.23472104951202,88.33638197102111,86.9259735404113,88.09078979492188,5947800
2018-06-20,88.49777526086983,88.736348991007,87.22069057596825,87.91536712646484,7980700
2018-06-21,87.36103016059879,87.4241801428382,85.71906638027627,86.02079010009766,7290800
2018-06-22,87.9995725474854,88.8135359639184,87.58556971353045,87.78204345703125,8535200
2018-06-25,87.3119051857726,87.45926048680617,85.55766776369529,86.03482055664062,5801900
2018-06-26,86.32954814398548,87.43822769771212,86.00676903723762,87.12246704101562,4592800
2018-06-27,87.81714208891832,89.40998759682915,87.75398674663083,88.41358184814453,6339500
2018-06-28,88.7924850891666,89.01702727286855,87.71187415712981,88.17499542236328,3814800
2018-06-29,88.23113023718079,89.62750718026211,88.23113023718079,88.71530151367188,5669700
2018-07-02,87.90833755280126,87.91535600089006,86.7014214498791,87.18559265136719,5073500
2018-07-03,88.03466483466444,88.89775214586595,87.39612509031942,87.52243041992188,3919600
2018-07-05,88.49077107710599,88.58900796458799,86.883888626852,86.99616241455078,5926900
2018-07-06,86.67337606746632,87.37507116480286,86.4418207540119,87.10842895507812,4020000
2018-07-09,87.71189373517032,88.61006267045701,87.49436995183002,88.40657043457031,4602200
2018-07-10,89.34682189019928,90.17481681612924,88.9398375224146,89.52925872802734,5092100
2018-07-11,88.57496866100621,88.89072929261606,86.2874412953059,86.67337036132812,6631800
2018-07-12,87.31892463370576,87.67678521737925,86.72247962056765,87.19261932373047,3745200
2018-07-13,87.15051456801024,87.6276673696095,86.7505486426629,87.03824615478516,3352800
2018-07-16,86.31550647611054,86.92597772127496,85.52258767205737,86.2944564819336,4317800
2018-07-17,85.85940840330387,86.2804243707275,85.46646088084296,85.54364776611328,4135200
2018-07-18,85.0734929935153,85.3752220317382,83.97183215228428,85.27698516845703,6061300
2018-07-19,84.97524776093584,85.70501106879767,84.91209779226374,85.37521362304688,4471400
2018-07-20,85.08050767953146,85.8523710083969,84.91210240042619,85.79623413085938,5394700
2018-07-23,85.85239197031967,86.35761328449884,85.01737846547614,85.13666534423828,5359400
2018-07-24,85.5155769258138,87.12245921873684,85.50855847639261,86.9049301147461,4423500
2018-07-25,86.74354716331099,87.87327666318232,86.49794960407138,87.64171600341797,4278800
2018-07-26,87.50135358264971,87.97850633802783,86.86983244322906,86.97508239746094,5544100
2018-07-27,86.1611194125361,89.14332280672934,85.66291666439763,88.39250946044922,7580900
2018-07-30,88.94686413896645,90.10466201746215,88.56794817763104,89.69767761230469,5729300
2018-07-31,89.81697754521763,90.20291201201086,88.5048057116297,88.60304260253906,5894400
2018-08-01,87.92939778373535,88.35743215737615,87.5364503011174,87.98553466796875,4661000
2018-08-02,87.31891145441513,87.57853513042295,86.51897972981017,86.84175872802734,4639600
2018-08-03,87.11540308350826,87.18557148684073,86.54001361057236,87.04523468017578,5299400
2018-08-06,87.30488783728674,87.66977222364132,86.68739818419694,87.22068786621094,4455900
2018-08-07,88.0907911709281,88.20305958739516,87.53645147706918,87.83818054199219,4542000
2018-08-08,87.37505634269631,87.56451698480241,86.53302451013633,86.92597198486328,5957200
2018-08-09,86.98213064418636,87.26982822700006,85.78925102383435,85.97870635986328,5218300
2018-08-10,85.72607624623794,86.67336341869718,85.25594188447411,86.54705810546875,6128000
2018-08-13,86.52601386245671,86.78564295509935,85.78923728091675,85.91554260253906,4360000
2018-08-14,86.25235242877103,86.76459215993245,85.6067942813276,86.01377868652344,3622200
2018-08-15,85.39629682605998,85.41735217731348,82.40006091873569,82.75792694091797,9476700
2018-08-16,83.38129081095782,83.81342878551489,83.01291364493879,83.35295867919922,5455200
2018-08-17,83.70011046368407,84.00473232215056,82.94917901907242,83.45216369628906,6112900
2018-08-20,83.5938536690552,83.82054864925247,83.11921189877258,83.416748046875,5403600
2018-08-21,83.86304802918625,84.2526825402179,83.44508137629265,83.55134582519531,4875800
2018-08-22,83.97640685469369,84.6281542812521,83.89139420585937,84.24560546875,3636900
2018-08-23,83.87014656040104,84.17476847780992,83.3813332637871,83.66470336914062,3962500
2018-08-24,84.23143741046218,84.68482738388597,84.10392114263456,84.30936431884766,4415400
2018-08-27,84.5573073644858,85.35074248519231,84.42270536418555,85.2586441040039,3901900
2018-08-28,85.43574537565489,85.9599764690832,84.83358738126414,84.91151428222656,4685700
2018-08-29,85.01070349083825,85.59869548714362,84.92569084160682,85.16655731201172,4101700
2018-08-30,85.06737573595632,85.31532253185128,84.69191267291042,84.8760986328125,3353000
2018-08-31,84.58565003903551,84.58565003903551,83.65761286177901,83.91973114013672,5287000
2018-09-04,84.25270870895386,84.74860241807748,83.84182226148798,84.210205078125,4590900
2018-09-05,83.63636166419131,84.2597769459732,83.06962688646725,84.24560546875,4619400
2018-09-06,83.51592408130143,83.95514795594579,81.56776229987263,81.63152313232422,8191100
2018-09-07,81.12855133697154,81.71654337447023,80.32803576875783,81.18522644042969,6637800
2018-09-10,81.77320363345292,81.97864679256762,81.02935789889402,81.10020446777344,5870900
2018-09-11,81.00102244424927,81.99281498099715,80.5901415202428,81.48274993896484,5605300
2018-09-12,82.47452524649763,83.23253691315702,82.00696932553174,82.0282211303711,5067800
2018-09-13,82.18409083525859,82.54538239722294,81.52525773337112,82.38953399658203,6297700
2018-09-14,82.4816106405022,83.31754919132308,82.42493555794371,83.15460968017578,4947800
2018-09-17,83.31757579253987,84.0755876980654,83.08379505597081,83.24673461914062,5560200
2018-09-18,83.94806951384165,84.23143960582581,83.57969217764668,83.68595123291016,4966300
2018-09-19,83.82761279302497,85.0390142880935,83.67884475729726,84.6635513305664,4855300
2018-09-20,85.14531141001098,85.94582697769836,84.38021372833514,84.59982299804688,5846700
2018-09-21,84.94695487630867,85.90332428638222,84.59274358333064,85.81122589111328,13703600
2018-09-24,86.36378856274322,87.12180041271513,86.12292210503647,86.86676788330078,6534100
2018-09-25,87.49015661562862,88.01438761964826,87.09344184554168,87.39806365966797,5396400
2018-09-26,87.12887270392183,87.43349456344741,86.24334467097935,86.3921127319336,4231400
2018-09-27,86.54088881760391,87.13596107943566,86.22209547319316,86.760498046875,4533400
2018-09-28,86.42044187751192,87.2847180184297,86.25750776199482,86.62588500976562,5202900
2018-10-01,87.21387909845524,88.46778432522595,87.21387909845524,88.12065887451172,5348200
2018-10-02,88.60239490057815,89.0912081167372,88.07107806730414,88.36861419677734,5445400
2018-10-03,88.64490652283277,89.14788585517394,88.39695972588076,88.77242279052734,4479500
2018-10-04,88.40405022261025,88.97078501688544,87.97899777569509,88.51739501953125,4824300
2018-10-05,88.50322050364983,89.19039117294456,88.36861850311406,88.78659057617188,4318000
2018-10-08,87.8798117454657,88.87868464243077,87.72395793342592,88.43946075439453,6267700
2018-10-09,88.91409336183087,90.28134875504247,88.60238578881875,89.84212493896484,6797900
2018-10-10,90.13257608035022,90.39468888526545,86.75339851493713,86.85257720947266,6504400
2018-10-11,86.73216560494882,86.73216560494882,83.26798006370973,83.89847564697266,8589900
2018-10-12,84.67773320822526,84.78399765496597,82.30451912024252,83.430908203125,7450700
2018-10-15,83.38133089433848,84.20310363602783,82.82168184333372,82.84293365478516,6047300
2018-10-16,82.94919304312769,83.36716515440284,82.41787613538078,83.24673461914062,4846100
2018-10-17,83.03419862243507,83.37424379256032,82.19117413772625,83.09087371826172,6978700
2018-10-18,83.18295287945114,83.69301784750472,82.21241769758102,83.21837615966797,7391600
2018-10-19,83.14754080017899,84.48645873223708,83.14754080017899,83.69302368164062,7944400
2018-10-22,83.6646751214994,83.94095939460775,82.51703441930576,83.0341796875,5644900
2018-10-23,81.978637957557,81.978637957557,79.37872914297742,80.33509826660156,8095300
2018-10-24,80.56180551392072,80.88767920704483,77.97606237377875,78.07524108886719,8035200
2018-10-25,78.8899149528104,80.3350972251482,78.23108193755101,79.04576873779297,5734000
2018-10-26,78.37277181770672,79.67627190495145,77.68560659775171,79.0103530883789,8035500
2018-10-29,79.37165126419514,79.39290307273893,76.1837502666026,77.16845703125,8598300
2018-10-30,77.6572764685661,78.74116202980898,76.61589452781594,78.52863311767578,7523800
2018-10-31,79.13789394947361,79.69754849414615,78.67033780882262,79.09539031982422,7429800
2018-11-01,79.18037005121585,79.33622384552723,77.99730592870166,78.75531768798828,10572000
2018-11-02,81.36231283326491,82.96334899569257,80.13674508877807,81.27730560302734,9890400
2018-11-05,82.61622580220353,84.77691097263016,82.60205432688439,84.259765625,8758700
2018-11-06,84.13224372307764,84.60688542255372,83.4875767601918,84.2314224243164,5273200
2018-11-07,85.01070747341689,85.80414268890947,84.31645098425649,85.62703704833984,4848800
2018-11-08,85.47116228299016,86.33543846203187,84.27392671646511,84.55729675292969,9532400
2018-11-09,83.74968590695332,85.27279494630847,83.14752802762685,84.6635513305664,6565700
2018-11-12,85.64826915185627,85.9812285442833,83.00585122447856,83.16170501708984,10550800
2018-11-13,83.097956888901,83.50883780886228,81.49692061269188,81.7165298461914,6846200
2018-11-14,82.80038171812609,83.44504849052666,81.42604637640399,81.9786148071289,6783500
2018-11-15,81.30623017330453,83.75271221938286,80.63380317698267,83.65971374511719,7218100
2018-11-16,84.05315229338092,85.31931227123992,83.88862031731004,85.1690902709961,6706900
2018-11-19,84.51099354535255,85.46956022230401,84.33931199786049,85.4266357421875,5328300
2018-11-20,85.2978521752898,85.48384365615836,82.2934012758766,83.05166625976562,7983500
2018-11-21,83.46657580119378,85.26209588190076,83.46657580119378,84.10323333740234,5624400
2018-11-23,82.05016207390901,82.42214495071586,80.19741904907134,81.2632827758789,5577800
2018-11-26,81.9786532990961,82.57954679753261,81.56375129513481,82.25048828125,6953000
2018-11-27,81.94287545703692,82.73690984680621,81.70680999896365,82.41500091552734,6339200
2018-11-28,82.25048810461729,84.61112670531197,81.835586101547,84.51097869873047,6841700
2018-11-29,84.37506259938834,85.64838312542918,84.22484058703874,85.01887512207031,6656900
2018-11-30,84.44661718935201,85.27641590501058,84.19624166479942,85.0832748413086,6712500
2018-12-03,86.39234192566023,87.57981901401897,85.88444687409414,86.32080841064453,8237600
2018-12-04,86.27071979190629,86.62123777647297,83.74554948172721,83.86715698242188,8288100
2018-12-06,82.50798099677552,83.08025981320992,80.85553396436272,82.91573333740234,10715700
2018-12-07,84.11752845760608,85.6269088633747,82.40070252706089,82.61530303955078,9114400
2018-12-10,82.47939541720906,82.95152093598846,79.88268596212352,82.22187042236328,7674300
2018-12-11,83.1661449264022,83.42366997701254,81.5136916087095,82.60102081298828,5929400
2018-12-12,83.77416935623368,84.21053084690625,82.67253587631089,82.70830535888672,7891400
2018-12-13,82.3720861351282,83.20903957562508,81.77119270716318,82.93721008300781,7030500
2018-12-14,82.27191889958348,82.84419224352055,81.05582781061385,81.42781066894531,6195400
2018-12-17,81.14884736915864,82.24332581365877,80.01859944363102,80.4406509399414,7132400
2018-12-18,80.56941704439417,81.00577853574863,77.9369435778088,78.50206756591797,9658600
2018-12-19,78.62366282429215,80.11157800342875,76.61353733003683,77.1357421875,10472400
2018-12-20,76.40611752413639,77.3074551657619,74.53191417789368,75.09703826904297,11612800
2018-12-21,74.12412934789835,76.49907704420355,73.61623451505368,74.54618072509766,19912800
2018-12-24,73.89521976359279,74.50326257277283,72.18554382055883,72.24276733398438,5619500
2018-12-26,72.85796755854139,76.82098388671875,71.69195588658036,76.82098388671875,10779400
2018-12-27,75.44754844929072,78.20878462728581,75.0254914435847,78.20162963867188,10655100
2018-12-28,78.43769713940685,78.94559219077152,77.34321853289423,77.72235107421875,6445400
2018-12-31,78.0799888931959,78.85971313292434,77.15719223036025,77.82246398925781,6309600
2019-01-02,76.78524225431443,79.88984694391829,76.61356073075585,79.18165588378906,6384800
2019-01-03,79.44631757206662,79.61084953802445,77.30743476055287,77.66510772705078,6496200
2019-01-04,78.88834785991477,79.39624281254525,78.30891940620299,79.2746353149414,7952500
2019-01-07,79.44633000661203,80.78402907544054,78.63083595197222,80.30474853515625,5712700
2019-01-08,81.12023341776225,81.3992179071394,79.88268249854168,79.95421600341797,5674900
2019-01-09,80.61234800727567,81.5494495850039,80.44066102600455,81.0272445678711,7097000
2019-01-10,80.48359186078306,81.28477600607037,79.91131279329986,81.15601348876953,6078300
2019-01-11,80.83410154931484,80.86987103394817,79.88269001770202,80.50504302978516,4491700
2019-01-14,79.64661445137499,80.36196039237598,79.46062843622735,79.91844940185547,6121700
2019-01-15,80.10443422753819,80.88415861885213,79.76822078994192,80.20458221435547,4226100
2019-01-16,79.7109965528411,80.34765398877401,79.56077456367609,79.68953704833984,5624100
2019-01-17,79.22455815645043,80.32619149363492,78.80965622601937,80.09012603759766,4442700
2019-01-18,81.54228248051356,82.0144134223723,80.877010535494,81.81411743164062,9382000
2019-01-22,80.91995115464456,81.15601121503438,80.08299208680921,80.36197662353516,7242000
2019-01-23,80.3905716007854,80.59802257011958,78.98849426862049,79.68238067626953,6082300
2019-01-24,79.42484590136816,81.4206614036354,79.33900789545699,81.19890594482422,8470700
2019-01-25,81.59235832269289,82.10740828630706,80.82693836500421,80.99147033691406,6261800
2019-01-28,80.05439325706129,80.52651889571806,79.45349963062934,80.2403793334961,6886600
2019-01-29,80.85555193483282,81.08446242075179,79.95421450880214,79.99713897705078,5359900
2019-01-30,80.49786390630817,81.29905318602972,80.10442698158799,80.84123229980469,7941700
2019-01-31,81.4063765504269,82.55808404091867,81.10592708420442,82.01441955566406,11225600
2019-02-01,83.44510310027853,85.30500141057105,83.4093336210271,84.67549896240234,10934300
2019-02-04,84.05314427080822,85.6626725653556,83.20188089301985,85.655517578125,7987900
2019-02-05,85.56968382322773,85.74136532171855,84.90441187671233,85.46953582763672,6887400
2019-02-06,85.12615718850644,85.54820862548057,84.90440171875095,85.04031372070312,4990400
2019-02-07,84.41797854484352,84.77565152601758,83.34495960132138,84.57535552978516,7281900
2019-02-08,84.2248269597217,84.33212993908359,82.92289760568282,84.1103744506836,5671000
2019-02-11,83.64540922627621,83.95300822909824,83.25912172568643,83.65971374511719,4859600
2019-02-12,84.64689592072956,85.0331834267418,84.13184591271325,84.9258804321289,5400700
2019-02-13,85.24061606204651,86.12048842145342,84.91155216075708,85.53390502929688,5935900
2019-02-14,85.52667101006944,86.36481071405666,85.01367061549188,85.37493896484375,5406500
2019-02-15,86.42986741119077,86.60327472659198,85.68564976120064,86.23477935791016,6209800
2019-02-19,85.90964193712676,86.6032767272749,85.59172392444748,86.20587921142578,4277800
2019-02-20,86.2058690316762,87.22464862699294,85.98188437420316,86.90673065185547,5940600
2019-02-21,86.75501318697229,86.93564742826378,85.54115086499274,86.08305358886719,5139400
2019-02-22,86.9067292140575,87.0367860642331,85.87350132447324,86.263671875,4517600
2019-02-25,86.27813850982008,87.00789684900853,86.24923637076519,86.42987060546875,5196600
2019-02-26,86.56713083746372,87.40527615785444,86.47320303949644,86.66106414794922,5445600
2019-02-27,86.91396200281181,87.63649888319513,86.6249461481547,86.7622299194336,5289800
2019-02-28,86.70441934489801,86.82002788336676,85.61338719130286,86.40095520019531,6406500
2019-03-01,86.98619801979025,88.17838474784666,86.82723905438034,88.17115783691406,7743600
2019-03-04,88.6335827049473,88.7564126306978,87.10180830731068,88.23619079589844,7499500
2019-03-05,88.05557242948636,89.124923935555,87.85325747055002,89.08157348632812,7345200
2019-03-06,88.99487587789623,90.10035654267706,88.36627225185512,89.25498962402344,7599900
2019-03-07,89.1754992476046,89.23330352025788,87.93273494815347,88.10614776611328,7201100
2019-03-08,86.7766647317172,88.09890834012224,86.12638053803292,87.87492370605469,7014100
2019-03-11,88.77811227017347,89.73908217262552,88.69140585631621,89.32001495361328,6088600
2019-03-12,89.47896001989729,90.28820326882433,89.14659373351259,89.5223159790039,6184300
2019-03-13,90.02810457884014,90.26654309987728,89.52233090923367,90.07868194580078,4707000
2019-03-14,90.14370761317866,90.64948125178087,89.94139815773778,90.0280990600586,5146400
2019-03-15,90.02087208470012,90.62057905042475,89.84746476765994,90.54109954833984,10449700
2019-03-18,90.46884350035313,91.1335761173606,90.43994136319816,90.95294189453125,5586900
2019-03-19,91.44427081389857,91.7043845460509,90.12925384024805,90.51942443847656,5096800
2019-03-20,90.34601119250175,91.28530581917389,90.08589747741867,90.09312438964844,6708500
2019-03-21,90.22318185624131,91.0107444065179,89.96306813940234,90.93849182128906,5050400
2019-03-22,90.20872388425066,90.24485293146347,88.65526856691696,88.93705749511719,5786800
2019-03-25,88.82147416316008,89.12493838197518,88.37349923596645,88.79257202148438,3837500
2019-03-26,89.42840095170773,90.25209819297648,89.1466119662157,89.68851470947266,4079800
2019-03-27,89.58012706939697,89.94139551851734,88.16394989782832,88.72030639648438,3727800
2019-03-28,88.58300287337734,88.98762719469936,88.4095955999638,88.88646697998047,4057700
2019-03-29,89.79687989597969,89.9341636631062,88.50353825771056,89.00209045410156,5318600
2019-04-01,89.5006437073161,90.51219091118604,89.1971740336363,90.27375793457031,5506300
2019-04-02,90.46161543060074,90.63502825131202,89.67405287514966,90.26653289794922,4362700
2019-04-03,90.47606628701861,90.56999409409988,89.26220414445727,89.51509094238281,3595400
2019-04-04,89.60180260875953,90.19428264689523,89.26943629590477,90.172607421875,3715400
2019-04-05,90.4977272044225,91.50205283778553,90.461598162208,91.34309387207031,5551400
2019-04-08,91.59601628686404,92.00786217085209,91.20585114415537,91.53099060058594,5483100
2019-04-09,91.24917801964237,91.24917801964237,90.40381124137973,90.707275390625,4143400
2019-04-10,91.14079260627263,91.45148365450704,90.41102888599764,90.671142578125,3970000
2019-04-11,90.56279759676944,91.22753591923035,90.13650335317315,91.0324478149414,3248300
2019-04-12,87.84603806220804,88.14950223871378,85.98189152792574,86.53102111816406,42693700
2019-04-15,86.71887372923618,87.44141060771264,86.22032703160028,86.80558013916016,13369100
2019-04-16,87.01511369932463,87.65817105950352,86.74777307837212,87.54978942871094,11942900
2019-04-17,88.29399422192137,88.5396595989477,86.7405445213149,86.89949798583984,11898100
2019-04-18,87.08014296200518,87.29690623253097,86.05414190822357,86.603271484375,9546500
2019-04-22,87.26798920316406,88.15671184563469,87.0295507487795,88.07723236083984,7946200
2019-04-23,87.95441721397896,88.35180919221195,87.67984967036166,88.16394805908203,9079200
2019-04-24,87.67985031974487,87.73765459383127,85.32437851965504,85.46166229248047,22115000
2019-04-25,85.29548491109888,85.76512949522973,84.82583481444884,85.18710327148438,10636400
2019-04-26,85.54837771261728,85.62063030657461,83.56140105993306,84.60907745361328,11626700
2019-04-29,84.5440671941469,85.33885689769103,84.32007694574659,85.05706787109375,9404000
2019-04-30,87.49922659127101,88.09170669041428,86.45155018227413,86.74778747558594,21431500
2019-05-01,86.5599071940783,86.80556704970806,85.08593152274554,85.12205505371094,10097000
2019-05-02,84.73912093782333,85.60616846586483,84.01658408738142,84.08883666992188,9495600
2019-05-03,85.03536511856638,85.65674726136855,84.61629241527768,84.73189544677734,7364900
2019-05-06,84.89807847515212,86.58881203026537,84.87640325201251,85.5483627319336,11035000
2019-05-07,84.7535886559459,85.4544448852539,84.1755568758251,85.4544448852539,9165200
2019-05-08,85.52669564126595,85.60617514201441,84.82583395967637,84.89808654785156,6229000
2019-05-09,87.51368501971558,88.38072723051218,86.6032868396152,87.56426239013672,16496300
2019-05-10,87.54977776852671,88.3445671009549,86.58158115743663,88.14225769042969,8787900
2019-05-13,88.08449207267243,88.33737893095368,86.71167061161982,87.0223617553711,7701200
2019-05-14,87.18852735540288,88.33013699291716,87.07292431664602,87.88938903808594,6858500
2019-05-15,87.57146211030157,88.5035352880311,87.33302914450172,88.25064849853516,6945000
2019-05-16,88.279833734811,88.68843912169515,87.94419737302567,88.14120483398438,8543300
2019-05-17,87.60127612453257,88.36740646885269,87.46993965312787,87.9369125366211,6870900
2019-05-20,88.07554294846388,88.44036584472961,87.95150449975488,88.17039489746094,4569700
2019-05-21,88.30903648203565,88.97301687868546,88.2141845254097,88.53522491455078,4859400
2019-05-22,88.21419605846143,88.60820553764147,87.80559054296539,87.9734115600586,5763300
2019-05-23,86.6892202359556,86.73300277163194,85.26641307848351,86.00335693359375,11000200
2019-05-24,86.31708200602971,86.77675675821936,85.64580378208427,86.6162338256836,4890800
2019-05-28,86.74028445004265,87.06133036027204,86.22223663738039,86.32438659667969,8145100
2019-05-29,85.3977215403606,85.6312079092758,84.5075530192607,85.20071411132812,7451300
2019-05-30,85.03291516754369,85.17884208877284,83.79981208616304,84.1865234375,5807900
2019-05-31,83.34013081890281,84.05518047099707,82.97530797733293,83.07015991210938,6899800
2019-06-03,83.69037848068363,84.71188380493584,83.52256304913337,84.63162231445312,6100800
2019-06-04,85.07667759080465,85.86469619098081,84.8504892315289,85.58743286132812,5235600
2019-06-05,86.00334216134453,86.12008258066578,84.83590456760201,85.84281921386719,5105700
2019-06-06,86.2514389439851,88.40389763346268,86.1784754692203,88.05366516113281,7370100
2019-06-07,88.09741780810035,89.10433240880727,87.94419288337424,88.63735961914062,5343100
2019-06-10,89.16270728452443,89.57131268469938,88.80518243028216,89.22837829589844,5708800
2019-06-11,90.01639489084441,90.11124683084505,88.39658049437837,88.41117095947266,5625100
2019-06-12,87.83473483486648,87.98066729410635,87.23642566886829,87.69610595703125,4000100
2019-06-13,88.46226787029809,88.93653882139967,87.8931449556788,88.22148895263672,3993300
2019-06-14,88.28714064610067,88.40388664461754,87.8274658021406,88.14850616455078,3366800
2019-06-17,88.08285488635568,88.90005474042374,87.83477238297324,88.57171630859375,4219100
2019-06-18,88.98029537554052,90.38121942092232,88.91462993127139,89.69535064697266,4884300
2019-06-19,89.38891243017848,90.09666977784532,89.17731447090394,89.66617584228516,3847100
2019-06-20,90.7022397339146,90.9868010630973,90.18419204317802,90.68035125732422,7771700
2019-06-21,91.0598035009145,92.0813032284704,90.64390559276502,91.15465545654297,14287900
2019-06-24,90.87008186538638,91.48298161992003,90.7825223718436,91.14005279541016,5542600
2019-06-25,91.0889744843258,91.28598195794257,90.10395381650821,90.2134017944336,4713300
2019-06-26,90.89196057481301,91.11814895036906,90.38850328289308,90.42498779296875,5054800
2019-06-27,90.41769428317814,90.62199418957107,89.66616009890916,89.8266830444336,3551700
2019-06-28,90.04557734066273,90.82629800686236,89.83397942239772,90.79711151123047,7048300
2019-07-01,91.4684082339234,91.81863513998051,90.73876235175538,91.0889892578125,5526900
2019-07-02,90.87737874461365,91.00141718384768,89.30134128109232,89.69535064697266,5747700
2019-07-03,89.69533545678559,90.01638130796725,89.25754920219964,90.00178527832031,2725800
2019-07-05,89.84855965003636,90.28634590112621,89.48373684633579,90.14041900634766,3458900
2019-07-08,90.22799426044973,90.54173658240887,90.0528752759893,90.18421173095703,3505200
2019-07-09,90.4030925922974,90.57820598078092,89.79748539729715,90.00178527832031,3955600
2019-07-10,90.55634128889943,91.65810801295865,90.55634128889943,91.52677154541016,4743500
2019-07-11,91.70188165945862,91.70188165945862,90.91386288270105,91.51947021484375,3548000
2019-07-12,91.48299204573068,92.11778592106042,91.30058058846126,91.92078399658203,3974400
2019-07-15,91.97914072373531,92.22722317145242,91.40271991786155,91.73106384277344,3739200
2019-07-16,91.57053010042536,91.77482999403243,90.66577104298496,91.03059387207031,4697600
2019-07-17,90.95764309463262,91.41001990301464,90.51985118531982,90.5782241821289,3874200
2019-07-18,90.56361398996448,91.24218462148832,90.00908177457569,90.97221374511719,5770700
2019-07-19,90.97222091645087,91.50486469648105,90.91384792775489,91.23489379882812,4880900
2019-07-22,91.4756978174908,91.75296122311903,90.81901547073362,91.43191528320312,3275800
2019-07-23,91.38082029725021,92.09587548870799,91.04518396387355,91.80401611328125,4295300
2019-07-24,91.84051489179394,92.62123564147541,91.68728994840848,92.32937622070312,4796900
2019-07-25,92.66502208261281,92.66502208261281,91.44651486054005,91.6654052734375,4586800
2019-07-26,91.38084112062936,91.38813913753556,89.96533201239603,90.27178192138672,6971700
2019-07-29,90.09667125670788,90.94305754094283,90.02370221891098,90.64390563964844,4377500
2019-07-30,90.54903818668355,91.02330904656986,90.02369234599442,90.72415161132812,3871700
2019-07-31,90.26446935338343,90.97952459251364,89.36700825504948,89.8266830444336,7199500
2019-08-01,89.0167902920534,90.29367048066892,87.78368707139997,88.0974349975586,7928400
2019-08-02,88.85625836287458,89.41079069043371,85.97415988296196,88.09013366699219,9026200
2019-08-05,86.96646643976804,87.95878496494257,85.69687900603464,86.63812255859375,8620300
2019-08-06,86.62355444135639,87.21456578647737,85.8428336204011,87.10511779785156,6788000
2019-08-07,85.76987016642953,87.41157329585859,85.33207821184368,86.90081787109375,6853700
2019-08-08,87.1853591739683,89.98720142940891,87.13428419995854,89.91423797607422,8868100
2019-08-09,89.82668425248934,90.39580701845362,88.93651559115854,89.32322692871094,5051700
2019-08-12,89.75372048577825,89.84857242419439,88.22146560573943,88.68843841552734,3936500
2019-08-13,88.29443666121242,89.52753423374993,87.77638882973716,89.30134582519531,5806400
2019-08-14,87.57206120728031,87.98795897064824,85.86469319979747,85.9084701538086,7175600
2019-08-15,85.5436749836758,85.98146136542374,84.2449063055627,85.33207702636719,6272600
2019-08-16,85.80383865564701,85.988125248282,85.0372057554078,85.3689193725586,6239100
2019-08-19,86.34195331944224,86.85058612045992,86.21663978480849,86.47463989257812,6443700
2019-08-20,86.34197443993534,86.38620705778762,85.25837372223849,85.60482788085938,5150900
2019-08-21,86.82848068625839,87.14545388349791,86.48939399544093,86.89482116699219,4578400
2019-08-22,87.46980242029576,87.528769863394,86.57785024666718,86.78425598144531,4362100
2019-08-23,85.86281836231856,87.02750544371352,84.29269287216597,84.90452575683594,7653400
2019-08-26,85.45002363529247,85.67116984188577,84.91190982268729,85.31733703613281,3966400
2019-08-27,85.70801523515456,86.26824811166145,84.80132825142032,85.38367462158203,4237100
2019-08-28,85.8112113378162,86.39355201902231,85.4205190389084,86.12081146240234,4153500
2019-08-29,86.38620149181062,86.86534222515279,85.9365416698279,86.62945556640625,4467300
2019-08-30,86.96854564906948,87.70569214147936,86.41568577976207,86.77688598632812,4881100
2019-09-03,85.33942702297107,85.75223278662807,84.44011323638638,85.70800018310547,5672500
2019-09-04,86.5999813660183,87.3813549291714,86.371462105412,86.43043518066406,4595600
2019-09-05,86.99063402649071,87.77200728315887,86.437774316815,86.71788787841797,5394300
2019-09-06,86.61470155139406,87.30762096347904,86.53361499789558,87.17493438720703,4578200
2019-09-09,87.5287653786257,88.18482525032145,87.41082487449098,88.0079116821289,5048000
2019-09-10,88.62710042001183,90.88276625498112,88.3912138335051,89.82127380371094,8728800
2019-09-11,90.08666948943353,90.65427542117644,88.73032268315669,89.401123046875,5509500
2019-09-12,88.48705818789614,90.06455109917276,88.13322542672132,89.50431823730469,5818300
2019-09-13,90.1161456166962,90.16774563871586,89.37162619271486,89.56328582763672,4885400
2019-09-16,92.04010808633863,92.34233521257265,90.64690171715706,91.49462127685547,10683900
2019-09-17,91.49461940024216,91.86319262524864,90.3446671139148,91.3250732421875,7246500
2019-09-18,91.07443344407157,91.56094710874271,90.68374115592104,91.53883361816406,4801500
2019-09-19,91.97374482776746,92.12117746768784,90.97859841022054,91.155517578125,4034500
2019-09-20,91.40616504420316,92.01062494292333,91.16290535199128,91.64205169677734,10420700
2019-09-23,91.0744562729621,92.14331649470802,91.0744562729621,92.0696029663086,4705500
2019-09-24,91.9000391660667,91.93689873518885,90.83117914929223,91.21449279785156,6232100
2019-09-25,91.02283890066913,91.51672563323883,90.60266568245629,91.04495239257812,3762500
2019-09-26,90.86067633038493,91.03758991015144,88.49443681407575,88.57552337646484,7834400
2019-09-27,88.0963582184215,88.6418449201387,87.31497929544271,87.42555236816406,6850700
2019-09-30,87.38132538866756,88.03001212519665,87.2854983917651,87.42555236816406,6108300
2019-10-01,87.91945069233763,88.0595103112595,85.42052478830495,85.516357421875,7116600
2019-10-02,84.81607079269966,84.85293036568534,82.28029076755648,82.77417755126953,9702400
2019-10-03,82.60461911719271,83.43759810147733,81.39569953941472,83.40811157226562,5315300
2019-10-04,83.73983143863956,84.03469112879992,82.96583107894699,83.92411804199219,4757300
2019-10-07,84.0051969702895,84.58754325888847,83.46708328678612,83.48919677734375,4694000
2019-10-08,82.64149363260266,83.11326693736186,82.2729203867607,82.34663391113281,5323900
2019-10-09,82.99532400028139,84.41064959312898,82.78155645855175,83.4007568359375,4601700
2019-10-10,83.6882310966157,84.6170371486978,83.51869057160485,84.4696044921875,3555500
2019-10-11,85.28048875209606,86.26826245950184,85.03722903347271,85.61957550048828,5134200
2019-10-14,85.19939109538436,85.79647794161758,85.1035584541006,85.64167785644531,2571300
2019-10-15,85.39841635468423,86.70316873966553,85.36156240603475,85.73750305175781,3742700
2019-10-16,85.67853420881625,85.99550740672338,84.83081466799659,84.8529281616211,3608900
2019-10-17,85.22149820624149,85.55321184619456,84.7128653759313,85.02983856201172,3722400
2019-10-18,84.87502933923062,85.1993755292745,84.58016967773438,84.58016967773438,5679900
2019-10-21,85.17727523797676,86.06184873555921,85.17727523797676,85.95864868164062,3926300
2019-10-22,85.97338796073107,87.39608082627811,85.87018790822351,86.83585357666016,4095000
2019-10-23,86.54099769907018,86.99802491638354,86.08396485777548,86.96854400634766,4148500
2019-10-24,87.3297430739328,87.58037017385789,86.47465047046342,86.6736831665039,3873900
2019-10-25,86.81373231246633,87.6098518041083,86.754764872478,87.47716522216797,3369100
2019-10-28,87.77939149661924,88.09636466214909,86.71789891922054,87.33710479736328,5076300
2019-10-29,86.96117630196584,87.77203635325107,86.75477617516397,87.07911682128906,4548400
2019-10-30,87.11595146213935,87.11595146213935,85.1551395707953,85.77434539794922,4690900
2019-10-31,85.40576730260983,85.77434043765511,85.00770764188337,85.61216735839844,7177700
2019-11-01,85.13303391854737,85.9660129279511,84.0494278392569,85.66378021240234,7684700
2019-11-04,86.41567825333568,89.83603723030076,86.26087255430886,89.6148910522461,10348800
2019-11-05,89.36426859050552,90.26358255531174,88.98832231795083,89.88764190673828,6971200
2019-11-06,89.88762935389032,90.03505637698015,88.31013658611134,88.38385009765625,6104700
2019-11-07,89.29055140034458,89.93187086475109,88.69346454919527,89.85078430175781,5440700
2019-11-08,89.17259871276904,89.34213923116644,88.57551194314073,89.14311218261719,4249800
2019-11-11,88.60499721740467,89.48220325473018,88.46494322225466,89.05465698242188,3870800
2019-11-12,89.40848181417029,89.96871461706405,88.81139506802137,89.16522216796875,4503600
2019-11-13,88.79665367960492,90.23409251797504,88.73031320385493,90.13825988769531,5076400
2019-11-14,89.82128009114778,90.62477252341709,89.48956648889602,89.9023666381836,4882800
2019-11-15,90.2373620994455,90.36391040973162,89.41106671915975,89.80560302734375,5589600
2019-11-18,89.19518434882096,89.32917834351208,87.94457562483595,88.24978637695312,4885300
2019-11-19,88.21256587846403,88.43589110181362,86.41109543201804,86.6865234375,8723000
2019-11-20,86.65675669431896,87.89991982853125,86.4408771479964,87.34905242919922,5903100
2019-11-21,87.5500237876963,88.54753004268244,87.24481308975876,88.41353607177734,5810900
2019-11-22,88.62944556115335,89.10586746798316,88.28701767058175,88.3093490600586,4786800
2019-11-25,88.16046037480253,88.74854484858398,87.82547820793552,88.12323760986328,7390000
2019-11-26,88.09345059665351,88.25722165687797,87.244823902214,87.68402862548828,10053100
2019-11-27,87.83289428937294,88.29443032366066,87.55746634968405,87.89244842529297,4106100
2019-11-29,87.3043887517699,87.70637076358959,87.00662366752609,87.1927261352539,3271000
2019-12-02,87.82549417486074,87.89248834865525,86.8875359859545,86.94709014892578,5195200
2019-12-03,86.50043384600174,86.87263882069091,86.12822887131259,86.26966857910156,6135800
2019-12-04,86.82796718563793,87.31928042822973,86.67164179373962,87.0512924194336,5706700
2019-12-05,87.5574955802894,87.64682113459531,86.49298918276783,86.59720611572266,5517500
2019-12-06,87.16294745292927,88.80065254639763,87.08106759368253,87.84780883789062,6735300
2019-12-09,86.73860773111498,87.75845097047196,86.6790592769572,87.31925201416016,4736100
2019-12-10,87.862693181373,87.90735595470922,87.13317471303151,87.75847625732422,4886800
2019-12-11,87.16293035163699,87.58724933920813,86.44829771046705,86.52274322509766,7039600
2019-12-12,86.79073814905415,88.50288300605045,86.79073814905415,88.44332885742188,6462000
2019-12-13,88.62198700999402,88.98674621372984,87.7659146229685,87.81057739257812,4863400
2019-12-16,88.480547791817,88.93463821651912,88.29444534495207,88.85275268554688,5619300
2019-12-17,89.02397438017344,89.24729961482102,88.0860220252056,88.2870101928711,6755500
2019-12-18,88.3465576089093,89.06119035412985,88.22744931167443,88.24978637695312,7496700
2019-12-19,88.26466828360029,88.39121658443015,87.73613801596147,87.93712615966797,6220300
2019-12-20,88.88253904682385,89.28452105558686,87.90735826135565,89.09097290039062,12171100
2019-12-23,88.81552795473104,89.62693755835322,88.69642534466475,89.5748291015625,5875000
2019-12-24,89.6492752279937,89.90981753021364,89.39617293483987,89.582275390625,1640100
2019-12-26,89.82791869442747,90.3862259791139,89.58226212611055,89.77581024169922,3648600
2019-12-27,89.99171990367546,90.28948502452647,89.50785229221722,89.55252075195312,4138300
2019-12-30,89.65672644349495,90.32669078210554,89.18774459119163,89.21752166748047,4580200
2019-12-31,88.95696868985426,89.79814969648123,88.77086624489641,89.70882415771484,4215700
2020-01-02,89.93217102698723,90.54258700486392,89.90239394521305,90.39370727539062,5205000
2020-01-03,90.6542402042436,91.35398735459671,89.8800531969033,90.08104705810547,6360900
2020-01-06,90.25223200361334,90.57232840734271,89.57482211814607,89.77581024169922,9953000
2020-01-07,88.59964797661821,89.12818390909955,87.66913576779247,88.62942504882812,7856900
2020-01-08,88.24976475904172,88.65174096524964,87.57979494970384,87.61701202392578,7295900
2020-01-09,87.53516493585292,87.78082158701481,86.48554983995703,87.47561645507812,7345300
2020-01-10,87.48304309973584,87.60959709061571,86.64930770229539,86.67908477783203,6393800
2020-01-13,86.70141766943503,87.0289598266266,86.41109827715941,86.84285736083984,6846700
2020-01-14,86.7237393032677,87.00661297486751,86.13565489599272,86.57485961914062,7189100
2020-01-15,86.57485719796051,86.65674272575913,86.09098971898565,86.44830322265625,5808800
2020-01-16,86.76841198518544,87.3043879963071,86.68652644574205,87.01406860351562,7022000
2020-01-17,87.10339327718785,87.311827114851,85.99421857342931,86.03888702392578,7885900
2020-01-21,85.68155408367461,85.7187768398895,84.24484315646632,84.34906005859375,8470300
2020-01-22,84.1927639952066,84.51286050006921,83.71634208276886,84.04388427734375,5589900
2020-01-23,83.67167200635818,84.48307605292412,83.26968998790835,84.19275665283203,8007800
2020-01-24,83.96199229321796,84.10343198992469,82.88259454355534,83.26224517822266,6920000
2020-01-27,82.0711676201279,82.50292659968771,81.87017950448187,82.17538452148438,7609800
2020-01-28,82.61460174735103,83.09102356294876,82.45827069215537,82.71881866455078,5771900
2020-01-29,82.96447313013265,83.25479250895042,82.01907514669463,82.16051483154297,4772800
2020-01-30,81.74365421648167,83.06126299916595,81.18534675791308,82.9272689819336,8382700
2020-01-31,81.74366162645616,81.88510134618865,79.20522643801111,79.75608825683594,13699600
2020-02-03,79.61462078604106,79.83794598362766,78.46078907689878,79.1158676147461,8785500
2020-02-04,80.15804550272408,80.64935300525043,79.35408157561267,79.5401840209961,9909000
2020-02-05,80.59724817040185,82.36894716489972,80.47814555328893,82.09351348876953,6914100
2020-02-06,82.3540666045,82.3838436825382,81.22256603603334,81.50543975830078,6274000
2020-02-07,81.08856261228672,81.46821321395994,80.74613477368987,81.09600830078125,4830100
2020-02-10,80.79824743430957,81.73620545450656,80.6344763552946,81.728759765625,6011800
2020-02-11,82.46572353973646,82.90492831126222,81.92974753080846,82.78582000732422,6072700
2020-02-12,83.75354476505176,83.82053891820345,83.08357483655558,83.40367126464844,5725700
2020-02-13,82.90492430210716,83.6195570529871,82.80070738089942,83.12080383300781,5991900
2020-02-14,83.47477230726957,83.57268035806493,82.52585713186744,82.90241241455078,5148700
2020-02-18,82.08904799148088,83.0454958390194,81.96102058002202,83.02290344238281,4975800
2020-02-19,83.23377460024994,83.67058009373588,82.75931702711847,83.39945983886719,5887500
2020-02-20,83.42958430173005,83.64798704677584,82.6162235434445,82.69906616210938,4466600
2020-02-21,82.08151507713188,82.23214063063729,81.07234972464376,82.0965805053711,6443900
2020-02-24,79.61130287392444,80.55269091152043,78.6397897296322,78.85819244384766,9539800
2020-02-25,78.92596553494634,79.01633509799709,75.31103362274428,75.84574127197266,12871900
2020-02-26,75.95870111868949,76.52353381246573,73.8048053200941,73.83493041992188,11990400
2020-02-27,72.26094241009666,73.95544085297229,70.85262960375921,70.8902816772461,15783700
2020-02-28,68.25439761486862,70.37064187409001,67.8627827113063,70.29532623291016,20835100
2020-03-02,70.8074489917497,72.81072574507392,69.4443207809302,72.7429428100586,15050800
2020-03-03,72.89356401767132,74.16632256697831,70.31792755615393,71.08609771728516,16525500
2020-03-04,72.57725627544848,74.57299437518971,72.05007551196209,74.20397186279297,14753000
2020-03-05,72.0801879015362,73.34541346657703,71.50029548437304,73.19479370117188,12814400
2020-03-06,70.73214308038168,72.34379923425277,70.35558779684585,71.7864990234375,16861900
2020-03-09,61.92829360756711,66.28127240901446,60.24885426673922,60.75343704223633,30595500
2020-03-10,64.94825525774925,64.99344579998939,61.03208251308554,63.99934005737305,22642900
2020-03-11,61.9282730092484,63.89388593979074,61.56677747574454,62.530757904052734,18412800
2020-03-12,58.16271940137854,58.84051417269618,54.87162484635176,57.43220138549805,25768200
2020-03-13,60.23378552719483,62.88473218830831,55.81302444140507,62.82448196411133,23497500
2020-03-16,54.65323550051871,59.111648831793445,52.48427906130399,52.49180603027344,17535300
2020-03-17,53.01897825557621,54.962004647837745,49.321203088618546,53.23738098144531,22684200
2020-03-18,49.8634457013977,49.878511129089055,41.09723990837945,41.45873260498047,24947300
2020-03-19,41.61687121722553,44.04941985674171,38.860487812750094,43.22099685668945,29871000
2020-03-20,44.8326727248747,45.67615865832202,42.44531352176645,44.727237701416016,26960400
2020-03-23,43.87621265390316,44.73476096253769,39.89226063842972,40.833648681640625,23764000
2020-03-24,46.301233899780556,50.94792724938746,45.42762582140313,50.1195068359375,29198800
2020-03-25,51.42991981867833,55.08250481356365,50.187286270003796,52.167964935302734,22560100
2020-03-26,52.943650552444154,58.06479658048575,51.12865217153528,57.52255630493164,24129100
2020-03-27,54.31432678385814,55.38374222539085,51.58806493349183,51.79893493652344,20411500
2020-03-30,51.21904689688426,54.924349191141204,50.473463362259864,54.18629837036133,18486800
2020-03-31,55.18039877527814,56.51340745636402,53.32774780370387,54.57038116455078,18514200
2020-04-01,52.348709573144525,54.44235572820995,50.91779855300339,51.63325119018555,14362000
2020-04-02,54.03568316655142,59.26979930736974,52.40143461562284,57.326778411865234,23220600
2020-04-03,58.742608649545375,59.48818630435691,54.99964920473093,56.56612014770508,14905400
2020-04-06,57.98951610714293,60.96430067406833,56.86738292375758,60.54256057739258,17334900
2020-04-07,63.45710791574029,64.53405642493172,60.88899772236895,60.941715240478516,16394800
2020-04-08,61.973454602690026,64.9934288715137,61.393556385502976,64.75243377685547,12284800
2020-04-09,66.83101099040738,67.71215446854595,61.393553332674365,63.49473190307617,17023800
2020-04-13,65.65618723184491,65.79174737978069,62.80942987097201,63.94662857055664,13854700
2020-04-14,64.36081531035967,65.58085624988719,63.50980261076251,63.720672607421875,14797600
2020-04-15,60.59526733311361,62.79434851224315,59.7367218625524,62.124080657958984,13982300
2020-04-16,61.23541579655552,61.89815674502487,59.352639457999246,60.241310119628906,12291900
2020-04-17,61.2504736400057,65.89716368915761,61.24294092676661,65.64863586425781,16130100
2020-04-20,62.25211145525436,65.5206079925417,61.82283299039212,62.93743896484375,15749000
2020-04-21,60.459709395441465,63.10312883192257,59.68400650778761,61.48394012451172,19620600
2020-04-22,63.97674125410982,64.202676725649,62.48558552843995,63.59265899658203,10320700
2020-04-23,64.99343227356785,66.86114291848959,64.30809902570535,65.36998748779297,14226500
2020-04-24,66.63522592576989,66.86868836439572,64.59429121976162,65.52815246582031,9175500
2020-04-27,65.33234717887167,68.24688738662826,64.66961189268427,67.56155395507812,12037100
2020-04-28,67.44105319963347,68.50293610541777,66.89881267507229,67.71217346191406,10645200
2020-04-29,69.64765952760315,71.65093041110717,69.50456669814682,71.25931549072266,12342800
2020-04-30,70.58151425948651,72.10279488272246,68.21674784027425,69.28616333007812,12222000
2020-05-01,68.91713846534324,69.32381879534049,65.55073385518004,67.35820007324219,13250100
2020-05-04,66.84607448655402,68.99997048959517,66.04024666344253,68.86441040039062,11192400
2020-05-05,71.16893679963611,71.77142745180615,69.79827602443716,69.95642852783203,13608700
2020-05-06,69.92631005608212,70.38570792915512,67.60672829462783,67.8176040649414,11145900
2020-05-07,70.02420320823148,70.83755802335715,69.21837535968334,69.76814270019531,9749600
2020-05-08,71.5454818034108,71.96722175223526,70.8450889622411,71.89944458007812,8585900
2020-05-11,70.9505422150025,71.24425486151539,70.17483928981324,70.31793212890625,7101000
2020-05-12,70.13716577292703,70.81496624622339,68.53304277427235,68.60835266113281,8749100
2020-05-13,67.70462396030595,67.77993384876045,65.76159781098853,66.80088806152344,12215100
2020-05-14,65.73901743806826,68.48033924859524,64.78256386792195,67.8176040649414,10678200
2020-05-15,68.2694642121398,69.33134697082022,66.89880340750169,67.14733123779297,10113000
2020-05-18,70.6090066375917,71.37317336347445,69.89068804962051,70.7236328125,12304300
2020-05-19,70.70834899826187,70.78476450783421,68.41584873031366,68.48462677001953,7749300
2020-05-20,69.53917890979397,71.42667184159491,68.91256236600982,71.06751251220703,9160000
2020-05-21,70.89174654139345,71.35025125361602,69.75313972100113,70.33390808105469,8830900
2020-05-22,69.88304925256016,69.99767543485393,68.37000230269767,68.98897552490234,8563100
2020-05-26,70.67778908632769,72.09149656804425,70.32627304109923,71.29676818847656,9430000
2020-05-27,72.35131345835822,72.35895675885813,70.38740499924569,71.75526428222656,7822600
2020-05-28,71.53363413609351,71.75524314426791,69.37868461020766,69.4398193359375,9633300
2020-05-29,68.92020144877868,70.21928259927846,68.20952613394229,70.07408905029297,17010000
2020-06-01,69.49331350383468,71.71703531126111,68.85905381716485,70.90702056884766,7344000
2020-06-02,71.66355324820665,72.76395517804808,71.28911319213036,72.35894775390625,7880300
2020-06-03,73.33707775991266,74.6820127591893,73.16896015623693,74.26171875,8440200
2020-06-04,73.95605798880061,74.04011679868462,72.71811157074463,73.573974609375,6371700
2020-06-05,75.71364688008057,77.9832231770326,75.69072280922327,77.03565216064453,12760100
2020-06-08,78.42642833025957,79.16002768142785,77.08149910151576,78.89257049560547,11090700
2020-06-09,76.9515937391066,78.6556882531094,76.28677236034103,77.58585357666016,10745400
2020-06-10,77.18083134597435,77.56291466946927,74.55209621468805,74.5673828125,10486300
2020-06-11,70.53259561328478,71.97687035057461,68.10254503734589,68.29358673095703,14944800
2020-06-12,71.54130724638863,71.56423132055794,68.78266427215264,70.60137939453125,9532400
2020-06-15,68.07961309084892,70.36447587546604,67.4071484483936,69.71493530273438,12289500
2020-06-16,72.58819838379128,73.03905980065265,69.91361474281015,71.85459899902344,8726700
2020-06-17,71.70175499479345,71.83166192031209,69.92124537987824,69.95181274414062,6019900
2020-06-18,69.53917346291853,71.24326786138771,68.85142222967694,70.25749206542969,7064100
2020-06-19,72.14501068166602,72.14501068166602,69.19532553747598,69.25645446777344,14838800
2020-06-22,69.01953919424784,70.06644971886517,68.46169491306924,69.99002838134766,5939200
2020-06-23,70.68541146999004,71.1362669717153,69.67671177735318,69.87539672851562,6317700
2020-06-24,68.76735572165086,68.87433858705045,66.3755161878904,66.97156524658203,8974500
2020-06-25,66.71939999957053,68.40057042129371,66.60477964615316,68.17131805419922,7398000
2020-06-26,67.84272914976918,67.88093982271029,65.85589658956482,66.06986236572266,13766000
2020-06-29,66.41372909682099,67.68224275661946,66.1768334610354,66.99449157714844,7022200
2020-06-30,66.17683010021172,68.76735455288392,65.99343173837646,68.18659210205078,8263600
2020-07-01,68.22478939510674,69.36339593458631,66.90278451406326,66.9562759399414,6379400
2020-07-02,68.29357931219171,69.05010270427397,67.36893831517358,67.48355865478516,5832800
2020-07-06,68.39292630997187,68.96605139078169,67.10912589575268,67.6822509765625,6747500
2020-07-07,67.10913190745215,67.3078169190343,65.83297467909406,65.95523834228516,5898000
2020-07-08,66.01635380238844,67.09383153451155,65.63427049257943,65.98578643798828,6736400
2020-07-09,65.6954109242664,65.96286809832439,63.188945127158696,63.227149963378906,8833600
2020-07-10,63.043758375840454,65.27512393972997,63.043758375840454,65.12993621826172,6218100
2020-07-13,65.74889280166452,66.429000586891,64.80896534931463,65.25982666015625,7074000
2020-07-14,65.25220418426478,67.70517897274692,64.98474696373809,67.5141372680664,7440500
2020-07-15,68.91254874968315,68.9201920486214,67.40713951593703,67.92677307128906,5935200
2020-07-16,67.58288612213148,68.37761996994614,66.7499416178331,67.5217514038086,4795700
2020-07-17,67.55997743744166,68.09489176919831,66.41372744356687,66.62769317626953,5964000
2020-07-20,66.35259595984024,66.85694295017007,64.80133849167005,65.16049194335938,14974800
2020-07-21,66.0774830347567,70.09700075203338,65.99342424718057,69.8371810913086,15115000
2020-07-22,68.7368030601465,69.73022225723311,67.93443139800438,69.56974792480469,10317500
2020-07-23,69.1570797233567,69.8295442560745,68.79027717724692,69.54680633544922,6586300
2020-07-24,69.90598134431532,70.86882731345177,68.75973114570812,68.87435150146484,6620500
2020-07-27,68.5916153289761,69.60795276768947,67.85801588210467,69.56974792480469,7599700
2020-07-28,69.13416157699464,69.66907592948947,67.83507470216135,68.09489440917969,6787300
2020-07-29,68.37763567752371,68.83613451001557,67.68988451372142,68.8284912109375,6386900
2020-07-30,67.57527826747268,67.62876971652912,65.48910009401038,65.92467498779297,10112800
2020-07-31,63.616872931774274,64.26641341129816,62.28722460743812,64.14414978027344,19119800
2020-08-03,64.17472129688278,65.06115162707184,64.03717105925165,64.80897521972656,11220100
2020-08-04,64.55680263356759,66.26853433627606,64.40396580199513,66.0927734375,9077900
2020-08-05,67.35364872386766,67.5752577541523,66.03164367129965,66.63533020019531,7324200
2020-08-06,66.04693304830606,67.17025911404592,65.79475661923595,66.84166717529297,7035600
2020-08-07,66.39080267391964,66.56656358514499,65.51965307770392,66.32967376708984,7185000
2020-08-10,67.20082820904796,68.59161150944522,66.94100847330087,68.56868743896484,8150200
2020-08-11,70.26513088056076,71.07515160639063,68.1407482317495,68.48462677001953,9074300
2020-08-12,69.38633004010799,70.04351378657255,68.3547004596409,69.3251953125,9057400
2020-08-13,68.67566947168397,69.75314158184025,68.591610660876,68.63745880126953,7314600
2020-08-14,68.01083374041734,69.22585594922803,67.89620757370544,69.0424575805664,6343000
2020-08-17,69.04247751314801,69.9824053553882,68.5610544701259,69.3634262084961,10473800
2020-08-18,68.96807015218404,69.27814470449705,67.6890163202555,67.9293212890625,7981500
2020-08-19,67.67352902881257,68.13863799486386,66.82082235784027,66.96810913085938,9120300
2020-08-20,66.21615604821007,67.35567644516232,65.68128359300046,65.74329376220703,7872300
2020-08-21,65.63478575564567,65.96036140738342,64.73557596786793,65.9526138305664,9003600
2020-08-24,66.35570073110964,67.70451824955815,65.80532120297363,67.59599304199219,8738700
2020-08-25,68.22390461800592,68.24715917780287,66.4797416630624,66.76655578613281,6835800
2020-08-26,66.44099092712098,66.54176267402511,65.62705163093686,65.7200698852539,7486500
2020-08-27,66.01463481825157,66.37896612359367,65.09216448917601,65.82083892822266,7438200
2020-08-28,65.92933499632471,66.45645982065017,65.36344864546324,66.37893676757812,7307900
2020-08-31,66.5339915872744,66.5882541878475,65.0146328570479,65.06114196777344,9437500
2020-09-01,64.54177018411252,64.82858425101209,63.913867621660756,64.40223693847656,8990600
2020-09-02,64.38673305135389,65.08439931304258,64.1076665466784,64.48751068115234,10821900
2020-09-03,64.37898761399465,65.49524775559807,63.34023872004469,63.7820930480957,16179900
2020-09-04,63.921618938210216,64.8363355364623,62.712334793265995,63.510772705078125,10516600
2020-09-08,62.402250255923335,62.464266333965654,60.4953002124624,61.21622085571289,14942500
2020-09-09,61.991428044891116,62.84412874786815,61.76662411074772,62.03793716430664,9269800
2020-09-10,62.50304885741009,62.70459824073412,60.50307974999004,60.580596923828125,11845900
2020-09-11,60.65035401973313,60.999190135394706,59.74339076453815,60.22400665283203,13732400
2020-09-14,60.061215732220866,60.44880745350366,59.627108982741525,59.9139289855957,8182800
2020-09-15,60.123232125429105,60.836405461059236,58.88293967199986,59.18526077270508,11732000
2020-09-16,59.185252350809066,61.61158021656944,58.882931293123285,60.898406982421875,13019000
2020-09-17,60.099969356804735,61.123211230389174,59.200759668711804,61.07670211791992,10515100
2020-09-18,60.371293717864376,61.355780154172216,60.076726093222206,60.627105712890625,14517800
2020-09-21,59.09997698172588,59.417804994213306,57.890692847573874,59.14649200439453,16199100
2020-09-22,59.03022989396654,60.099981088845,58.41008067381072,58.54961395263672,9155000
2020-09-23,58.59610774182302,58.84417209632141,55.696923611689975,55.77444076538086,16649200
2020-09-24,55.23183449740038,56.61166043401371,54.65044676584879,55.65818786621094,15203500
2020-09-25,55.0457730569897,56.18529356331337,54.85972478897537,55.68142318725586,11070500
2020-09-28,57.08451080960794,57.95271843350751,56.70467256160589,57.3093147277832,12863800
2020-09-29,57.3635751278348,57.472100337374656,55.12329543719298,55.73569107055664,10553000
2020-09-30,56.00701688395606,56.503133930624045,55.510899837288086,55.8132209777832,10466500
2020-10-01,55.43336621417079,55.720180285151194,54.286092187709315,54.58841323852539,14930700
2020-10-02,53.42564066287375,55.557395098832274,53.34812350258402,55.18531036376953,9854800
2020-10-05,55.441121997846864,56.379099248831935,54.81322524768241,56.355838775634766,12049800
2020-10-06,57.239542212924555,57.61163286533765,56.00700338553049,56.0457649230957,15294500
2020-10-07,55.944993004871996,57.30156415967984,55.47213058634736,57.19303894042969,15410300
2020-10-08,57.66590333776932,58.56511908719123,57.35582873747966,58.30930709838867,11590900
2020-10-09,58.80542057440333,58.98370946682926,57.34807772868127,57.36357879638672,12260900
2020-10-12,57.07674979219506,58.09999161098731,56.74342070426078,57.758914947509766,9056900
2020-10-13,57.937207146729165,57.937207146729165,56.417848353443205,56.89846420288086,10440300
2020-10-14,56.80543733239751,57.69689940525076,56.518623265901844,56.549625396728516,7057500
2020-10-15,55.67367600228565,57.146525762869175,55.34034687707033,56.98373794555664,10052100
2020-10-16,56.99148770772807,57.38683294446693,56.02250834309994,56.50312423706055,9305600
2020-10-19,56.67366845874738,56.851957359043624,55.18531749773259,55.25508117675781,8357100
2020-10-20,55.743430706701965,56.03799821450204,55.06901914573733,55.56513595581055,7753200
2020-10-21,55.138799307809066,55.48763542550925,54.82873064431646,54.937255859375,9800600
2020-10-22,54.9449986728131,56.96822787186464,54.70469370518435,56.89846420288086,9810100
2020-10-23,57.30930817047521,57.64263726422597,55.68142423683335,56.25505828857422,8727200
2020-10-26,55.603915608754335,55.72794189461052,54.4488879240879,54.991519927978516,9710900
2020-10-27,54.588409369313396,54.727942607044575,53.86748862673221,53.88299560546875,14251700
2020-10-28,52.47216757577517,52.77448863634533,51.41791765177352,51.84426498413086,15961900
2020-10-29,51.26287093496436,53.596174389253775,50.51094808082535,53.33261489868164,12292200
2020-10-30,54.185322507685335,54.348110316985405,52.77448891290453,53.875247955322266,17191600
2020-11-02,54.805458329729305,56.65039841544137,53.7977235627628,55.92947769165039,11475500
2020-11-03,56.71242112617002,56.82094633045813,55.076783657596344,55.611656188964844,8608000
2020-11-04,54.867495713943924,57.04575979505934,54.17758276481808,55.634925842285156,10925700
2020-11-05,55.73569908736496,56.56514525911267,55.62717386221525,55.9217414855957,10627700
2020-11-06,56.20080099526334,56.797689658766735,54.90624603312059,55.15430450439453,8366900
2020-11-09,62.014684758516694,65.32471595526279,60.665867020989694,61.54957580566406,24015200
2020-11-10,62.89838125944811,64.45650156568338,61.78986874930939,64.39448547363281,15039700
2020-11-11,65.1929352199699,65.49525633062963,63.410016607640834,63.921634674072266,11640600
2020-11-12,62.7743532298129,63.751080038419175,61.94490724297304,62.53404235839844,8920700
2020-11-13,62.90614434328558,64.61154573550586,62.813120191022655,64.36348724365234,10890300
2020-11-16,66.85181217685279,69.13085317732747,66.30918618349203,68.96031188964844,18980200
2020-11-17,67.961350533681,68.85019472448386,66.72640495829508,68.46476745605469,14329000
2020-11-18,68.72435061393296,69.14124223334841,66.27018836222207,66.29378509521484,10583700
2020-11-19,65.71956811236555,67.61524606134681,65.33413486033467,67.43433380126953,8820200
2020-11-20,67.42646819839527,67.89055322811343,66.76572974785732,67.48152923583984,8294600
2020-11-23,68.78725645600333,72.03587526620994,68.24451372594638,71.6032485961914,13379300
2020-11-24,73.45960935242331,75.37102250491412,73.15283985891764,75.21370697021484,17257400
2020-11-25,74.4743259279233,74.4743259279233,72.47638702392578,72.47638702392578,10556600
2020-11-27,71.83922911008375,72.83032767834476,71.21782261024892,71.82349395751953,4627700
2020-11-30,70.80094042316004,71.46167288914371,68.35464598139086,68.57489013671875,14288400
2020-12-01,70.22673802970515,70.56497189168046,68.48837525110775,68.78727722167969,9913600
2020-12-02,68.63781177336234,71.8234961267636,68.51195455385682,70.69081115722656,10509600
2020-12-03,71.24929645197328,71.66618803269702,70.06154432487504,70.63575744628906,8249800
2020-12-04,71.7527121876057,73.5068038284353,71.51673288109264,73.37308502197266,10791100
2020-12-07,72.22466757909757,72.66515590025817,70.69868160764365,71.39088439941406,9398400
2020-12-08,71.06051376627933,72.72808616460648,70.94253010701372,72.00442504882812,7627300
2020-12-09,72.52356120828658,73.16856446237286,70.29751712480997,71.13916778564453,11129400
2020-12-10,72.01230348557208,74.37993462364676,71.40662593772649,73.42816162109375,11992100
2020-12-11,72.78316636757805,73.37310882403357,71.60328145466704,72.7202377319336,9584500
2020-12-14,73.46745543581656,73.70342866882895,70.19524046080745,70.3525619506836,12198400
2020-12-15,70.33684938272884,71.1706385437572,69.82556487858572,70.29752349853516,11775300
2020-12-16,70.16379832995864,70.28178798434237,69.10190344291121,69.76264190673828,9892900
2020-12-17,70.43125617790989,70.43912375677935,68.86594405032938,69.54241180419922,11748900
2020-12-18,69.20417030764827,69.77837747660591,67.85123494887141,68.582763671875,27427600
2020-12-21,66.34884197027671,68.30744870125676,65.70383863712004,67.7175064086914,11430500
2020-12-22,67.20623844572253,67.48941127072901,66.30952650027014,66.35671997070312,8585800
2020-12-23,66.86011382212266,68.16585539616705,66.86011382212266,67.40286254882812,7223100
2020-12-24,67.59164248663248,67.59164248663248,66.71066000132856,67.11968994140625,3335600
2020-12-28,67.33993387072036,68.14225259520057,66.56121187325394,66.78145599365234,8051900
2020-12-29,67.06465221691961,67.42648282737359,66.11287921962025,66.5533676147461,7670800
2020-12-30,66.5533444866539,68.10292691112848,66.49828345639754,67.11968994140625,7901800
2020-12-31,66.78145148992247,67.01742474534869,66.0420554202764,66.42748260498047,8350700
2021-01-04,66.97812046395327,67.60738868250256,65.9870156682636,66.63201904296875,9234900
2021-01-05,67.24555170683367,70.17953392549086,67.11183289825334,68.43330383300781,13414800
2021-01-06,70.00648328593424,71.40661199146041,69.0783072000726,70.63575744628906,13916800
2021-01-07,71.09984430037302,71.43807811997202,70.25032596260766,70.96612548828125,9286600
2021-01-08,72.42920624597006,72.7045115366281,71.14706074758294,71.64261627197266,11152100
2021-01-11,70.10087382543601,72.44490769054454,69.66824710476013,72.0516128540039,10635000
2021-01-12,72.88541279012694,73.87651160422705,72.13814888923118,73.4202880859375,10923900
2021-01-13,73.31015542039682,73.5618638767294,72.31905674926396,73.3494873046875,9723300
2021-01-14,73.89223973794192,75.76432109896697,73.7742500804665,75.1114501953125,13950200
2021-01-15,74.11247432400245,74.183264508621,72.1381327143178,72.4370346069336,10244600
2021-01-19,73.54613418321445,74.7496154187473,73.38095107257297,74.34059143066406,9574800
2021-01-20,74.7260232991701,75.16651162139068,74.17541289639438,75.0249252319336,8735400
2021-01-21,73.82931241751551,74.4585866009708,71.75271601379772,72.3741226196289,10393100
2021-01-22,71.1077265337306,72.38986588096941,70.65937054103443,72.15389251708984,7810600
2021-01-25,71.28077052354224,71.60326922402493,70.26606895161659,71.50101470947266,7689400
2021-01-26,72.5235773803936,73.08206142115395,70.21886901932632,70.28966522216797,7827800
2021-01-27,68.85019883998997,71.06838166216637,68.23665980424806,69.37721252441406,10178500
2021-01-28,69.74690398564057,70.91105932753868,69.4165377674327,70.02220916748047,8155500
2021-01-29,68.29960141285194,68.70075793485009,66.79721184624823,67.0174560546875,14699800
2021-02-01,67.63885076730264,68.66928741826185,66.52189476514877,67.96922302246094,8073600
2021-02-02,69.22777081674502,69.5109436282708,68.06361525811637,68.48050689697266,9233100
2021-02-03,68.47263063944683,70.31324751853846,68.34677341632806,69.97501373291016,9256500
2021-02-04,70.40765509545983,70.51777718801593,69.18057091937143,70.0064926147461,7917600
2021-02-05,70.74589514801157,71.16278682080353,69.72332591190698,70.21101379394531,8017300
2021-02-08,71.02118593503218,72.39771793332716,70.8009417754975,71.95722961425781,9886600
2021-02-09,71.6583245988977,71.79204341531417,70.64362310728359,71.54820251464844,7605500
2021-02-10,71.87855687349374,72.83032958770106,71.26501793385617,72.7752685546875,8778800
2021-02-11,72.65727677263065,72.71233779947501,70.8559860355769,72.38196563720703,8572400
2021-02-12,71.9965566496893,72.94046792146843,71.85497025898259,72.79888153076172,7858300
2021-02-16,74.22679157172179,74.87293362420404,73.87579782171467,74.29060363769531,14006000
2021-02-17,76.11735054762786,77.15437412656816,75.14414511515264,76.51620483398438,14342300
2021-02-18,76.38060726366545,76.40453755066142,75.22393209460853,75.7823257446289,9030600
2021-02-19,75.88601706186012,76.88315281363181,75.50312034135864,76.42048645019531,8913900
2021-02-22,77.3697636309625,79.48369286278826,76.9469790018042,78.48655700683594,13178700
2021-02-23,79.7469244492437,79.89849102076494,77.21818981489051,79.47570037841797,14874000
2021-02-24,80.0340946098635,82.99359239028999,79.61928278508398,82.41126251220703,16116000
2021-02-25,83.67963674160634,83.7274973120113,81.03921703031244,81.64547729492188,13219200
2021-02-26,80.01016612307285,80.61642020975705,77.86432828000397,79.7708511352539,14454100
2021-03-01,81.73320812189671,82.80214062356488,80.88763910140689,81.4061508178711,10439900
2021-03-02,81.27852773859944,82.41127247561734,81.13493994897509,81.71726989746094,10643500
2021-03-03,82.49104659510705,84.35768173779628,82.48306780527416,82.63462829589844,14958200
2021-03-04,83.37648615942885,85.81747820304092,82.26767187895761,83.36053466796875,22994200
2021-03-05,85.32291474550377,87.05394102029454,84.67677269962194,86.95024108886719,23638200
2021-03-08,87.63627138621003,88.09096506605846,86.20039340456553,87.54852294921875,18033600
2021-03-09,87.0060908380124,88.29838117010483,86.0568155028685,87.34910583496094,19010700
2021-03-10,87.90745875976938,89.35131502859286,87.50860458012245,88.84078216552734,17389900
2021-03-11,89.06415740783675,89.78209629250028,88.4578972290061,88.69721221923828,10989500
2021-03-12,89.05618875493218,89.90175793420472,88.32229829420379,88.99237060546875,10930300
2021-03-15,88.96843846247462,89.27157162307697,86.86248826244191,87.94737243652344,10488000
2021-03-16,86.57530125416824,86.85449800784325,85.41862638064342,85.86534118652344,11698400
2021-03-17,85.52234702006736,86.59925252297083,85.03574423743106,86.17646789550781,9168600
2021-03-18,85.362796112649,85.77760189281177,82.73035538697081,83.05741882324219,13246600
2021-03-19,82.91383061736144,83.67165132357093,81.95657668284937,82.46710968017578,18491000
2021-03-22,82.21182564809516,83.36052769011117,81.61354434888383,81.7970199584961,12508500
2021-03-23,80.92751913394571,83.2009930660523,80.32126509901423,81.34233093261719,14781700
2021-03-24,82.15600721669152,84.3656634524319,82.09219515391648,83.52008819580078,11026800
2021-03-25,82.04432495883432,83.96680552800842,81.42211324988395,83.81523895263672,11138200
2021-03-26,84.98786869864425,85.7855772397398,84.04657237671016,85.73771667480469,9820200
2021-03-29,84.87619458026128,85.77760308947956,84.3177949196737,85.29100036621094,7542300
2021-03-30,84.60498167696366,85.21922077617495,84.23005761906172,84.50128173828125,6284600
2021-03-31,84.19813332377743,84.73259654996872,83.44030660872909,83.59187316894531,8954400
2021-04-01,83.96681337326108,84.44543734132412,83.12921686462528,84.3576889038086,8515800
2021-04-05,84.34174349015093,84.42151314290746,83.09731378021861,83.36853790283203,8692700
2021-04-06,83.16111118394971,83.82321070006695,82.5229419490842,82.62664794921875,8125100
2021-04-07,82.53890721415446,83.41638542928979,82.37138914375863,83.1132583618164,7699300
2021-04-08,82.57877058033958,82.65854628886598,81.42209583909185,82.17991638183594,8283000
2021-04-09,82.25968875717305,82.70640349386585,81.44602281701768,82.10014343261719,7163700
2021-04-12,82.69844941243711,82.85001599453803,80.97540199469304,81.19078063964844,7845900
2021-04-13,81.01525918200976,81.8448766076341,80.79988060242997,81.55770111083984,6829900
2021-04-14,81.88478661843625,84.02264584751124,81.84489875518642,83.17707061767578,10194800
2021-04-15,82.96966701179616,83.17706685040802,82.10814032730123,82.49901580810547,7860500
2021-04-16,82.8021508025743,83.24886564778132,81.70928788651193,82.13207244873047,7459700
2021-04-19,82.37936400039955,82.82608495249612,81.53379483648507,82.37139129638672,7068700
2021-04-20,82.02838058214367,82.15601079929303,80.17769678822366,80.83181762695312,9783800
2021-04-21,80.03409160989148,82.15599295823127,79.88252505428414,81.94859313964844,8264400
2021-04-22,82.06027622190267,82.06027622190267,80.4648592095389,80.52867126464844,9899400
2021-04-23,80.64832125516506,81.50186903393383,80.34519424198733,81.00729370117188,6756000
2021-04-26,80.78393317525847,81.90072623797064,80.77596047259117,80.98336029052734,5639700
2021-04-27,81.21469209442498,82.24373668403695,80.97538322062847,81.92465209960938,6898900
2021-04-28,82.59476272396135,84.44544673612397,82.45915370036282,83.9349136352539,8718400
2021-04-29,84.89216729641761,85.87335177817447,84.35770387201401,85.27507019042969,9740300
2021-04-30,83.7434365612339,84.07049386413068,82.14004085728203,82.21981048583984,13730000
2021-05-03,82.94575274574103,84.33376417031195,82.33949243373073,84.18219757080078,7938100
2021-05-04,84.5251865705558,84.96392865215155,83.63972970481348,84.64484405517578,8704300
2021-05-05,85.4265950787191,87.38098443488651,85.21121647484772,86.9183120727539,12872400
2021-05-06,86.91033954190519,87.0539273168356,85.68984649801311,86.96617889404297,9654900
2021-05-07,86.22431536260194,88.28240490884951,85.91320951096375,87.7638931274414,10273000
2021-05-10,88.89663961200696,90.22881138269138,87.36503462485055,87.40492248535156,13586500
2021-05-11,86.99808630490337,87.41289812946965,84.72461831690696,85.11549377441406,12754800
2021-05-12,85.35482425071595,87.86760767717278,85.13146680588137,85.64997863769531,11661900
2021-05-13,84.61293805179238,86.0488157471786,84.11038390142355,85.09954071044922,9706300
2021-05-14,85.9929703030025,87.60433863715711,85.9929703030025,87.32514190673828,9124100
2021-05-17,87.02201394613174,88.44991283570668,86.92629282492999,88.39407348632812,12692900
2021-05-18,87.9661072847492,88.06300009836777,85.56791157921187,85.73748016357422,12759900
2021-05-19,83.83186575567979,84.21137913802238,82.33804159668719,83.33123016357422,14762700
2021-05-20,83.22625760472393,84.03373075744678,82.33803836883503,83.62191772460938,9706300
2021-05-21,84.05794376869515,84.94616289682807,83.71880656422212,84.0740966796875,10352800
2021-05-24,84.74430624941589,85.46295687382091,83.97720920645409,85.2691650390625,6785600
2021-05-25,85.13190204354872,85.2853239271019,83.66230102590121,83.87224578857422,7884000
2021-05-26,84.39708097316819,84.71200113221371,83.70265981376029,84.0740966796875,9232400
2021-05-27,84.07410635572855,84.71201088167085,82.8225205125898,83.17781066894531,11703400
2021-05-28,83.67034826621789,84.07408473624504,83.12933671437898,83.8076171875,7278200
2021-06-01,85.02691697901174,86.74683240525226,85.02691697901174,86.11700439453125,10260600
2021-06-02,86.56920928805314,87.65929697989856,85.76173601105178,87.27171325683594,9141800
2021-06-03,86.85180676036215,87.27976652800388,86.04433364087785,86.87602996826172,8809300
2021-06-04,87.40089645706735,87.74811017557164,86.56920005613492,87.57046508789062,6699300
2021-06-07,87.50585399950765,87.77231541594486,86.8598731148344,87.00521850585938,6748600
2021-06-08,86.92448967571057,87.99843049125619,85.83440210708426,87.79656219482422,10559500
2021-06-09,88.06302176200747,88.44253513678737,86.92448779819915,87.02945709228516,10146900
2021-06-10,88.0630148210388,89.02390978693433,86.60149047300415,87.53816223144531,13526200
2021-06-11,87.88535095605937,87.99032637995141,87.09403093264785,87.13440704345703,7731700
2021-06-14,87.35244520836402,87.98227327675848,86.26235769302505,87.18287658691406,9051900
2021-06-15,87.53815411548435,89.20962304070736,87.52200120499178,89.06427764892578,10540200
2021-06-16,88.84626331569083,89.23385311043472,87.93382093963884,88.55557250976562,9283300
2021-06-17,88.20836920656626,88.8059038004181,77.767740654172,86.4561538696289,14337800
2021-06-18,84.98653798391452,85.81015777915849,83.09705401572106,83.1939468383789,22284500
2021-06-21,84.05795387007727,85.9474442487611,83.92068491279909,85.63253021240234,13591500
2021-06-22,85.05115738771234,86.36733654400204,84.2275312374692,85.91515350341797,10230100
2021-06-23,86.69031430599561,87.3120658952514,85.77787190187112,85.81016540527344,7792800
2021-06-24,86.5126724243164,87.02945474524077,85.88284435572302,86.5126724243164,8724600
2021-06-25,86.8760303757902,87.25554372941305,86.22197911730973,86.6418685913086,8102300
2021-06-28,86.3592434171875,86.39961953538828,83.70266240601127,83.96912384033203,11348400
2021-06-29,84.45360709795173,84.76045081333605,83.66228692366016,83.78340911865234,7225500
2021-06-30,83.84800290462795,84.6877756594555,83.75111007634106,84.5747299194336,7927500
2021-07-01,86.35926249487068,86.48038471569951,85.38222059177369,85.76173400878906,10873200
2021-07-02,85.34990673757684,85.91514162066228,84.81697767924426,85.64867401123047,7107700
2021-07-06,85.5679232489101,85.5679232489101,83.48464122457618,83.96912384033203,10162800
2021-07-07,83.94490895436635,84.7039356959558,82.45916129737483,83.11321258544922,8245000
2021-07-08,81.95852152444823,83.24240082575663,81.7324300369623,82.84674072265625,8695500
2021-07-09,83.5411552749272,84.162912930613,82.65293621304897,84.0337142944336,8567900
2021-07-12,83.6219112361453,84.8008212083819,83.36352009374454,84.20329284667969,9898600
2021-07-13,83.97719241952522,84.44552824039212,83.34736446206361,83.92066955566406,6738000
2021-07-14,84.36478703602495,85.0430614414639,82.13615969145467,82.33802795410156,9216600
2021-07-15,81.59515931265943,82.5641245695568,81.43366099615596,81.79702758789062,9665700
2021-07-16,82.06347722465846,82.1119297929052,79.39882007122654,79.63298797607422,12199100
2021-07-19,77.3720693143217,78.28451166555217,76.32235185919977,77.48511505126953,17385500
2021-07-20,77.42857611171743,79.16464408383585,76.75030183081313,77.94535827636719,12114600
2021-07-21,79.11621178050228,81.1268179406729,78.89011415271158,80.60195922851562,11478100
2021-07-22,80.26283819799757,80.27091465503555,79.043551927591,79.79450225830078,7694300
2021-07-23,79.77834344211762,80.03673458347907,79.08391609460918,79.82678985595703,7570800
2021-07-26,80.31127114243755,81.764725138794,80.29512439160277,81.514404296875,10227500
2021-07-27,80.78769279148104,81.32869833463536,79.89139708361336,81.23987579345703,8332100
2021-07-28,81.47401995420873,82.20881711780088,80.97338451929515,81.70011138916016,8546100
2021-07-29,82.66908791610095,83.07282443755969,82.31380396637795,82.822509765625,8681300
2021-07-30,83.2181731307701,84.01757591053148,81.36905904991997,82.20883178710938,12295300
2021-08-02,82.42686608856329,83.96106640725922,82.00697657286209,82.0634994506836,8911800
2021-08-03,82.03119114805543,83.09706157854224,81.28831735759279,82.84674072265625,8437300
2021-08-04,81.10258582130338,82.28149559996994,80.82804181228252,80.98954010009766,10389800
2021-08-05,81.50634108230702,82.70947434126253,81.28831988364837,81.74050903320312,7986100
2021-08-06,82.37840702864978,82.83059617619166,82.03926978839174,82.32188415527344,6475600
2021-08-09,81.4821158214089,81.86162301447727,80.69078945001748,80.94918060302734,9243100
2021-08-10,81.34484734712458,82.6206564644637,81.21565484034159,82.42686462402344,9762600
2021-08-11,82.39455563474247,83.14550586208095,82.039265500358,83.0486068725586,7079800
2021-08-12,83.05669630343971,83.37161036791908,82.18462374309752,82.8790512084961,7377600
2021-08-13,82.54796959071003,82.79828425567824,82.07155730517184,82.32994842529297,6572600
2021-08-16,81.41748848202094,81.71624949208709,80.67461494276336,81.49015808105469,9476600
2021-08-17,80.90881835923913,82.10388149720568,80.44855884648508,81.33678436279297,10937500
2021-08-18,80.76391618201103,81.36131523250954,79.01262702343861,79.1353759765625,12893600
2021-08-19,77.58867598229548,77.9978558049948,75.9928771712036,77.16313171386719,17423400
2021-08-20,76.5329922779381,77.64596190952699,76.27930278253976,77.17131805419922,9707600
2021-08-23,78.63617905558394,79.3808893651071,78.61162926403287,79.1599349975586,10277800
2021-08-24,79.7900590794633,80.69843871308578,79.70003902614302,80.06829833984375,8924900
2021-08-25,79.5609230102377,80.78846243645552,79.15174320149843,80.61660766601562,9342300
2021-08-26,80.28926025439216,80.79664545028534,79.54455002704516,79.56092071533203,8124800
2021-08-27,80.31382731720502,81.39406196371205,80.2401779348382,80.72300720214844,10281200
2021-08-30,81.09125901691179,81.27129914842254,80.17470015625918,80.5184097290039,8127200
2021-08-31,80.31380465742252,80.53476522936016,79.08626534893092,79.1926498413086,15676900
2021-09-01,79.26631780721237,79.43817258796956,78.12879837011329,78.32520294189453,10557300
2021-09-02,79.0862620130598,80.51839114589255,79.01261265457899,79.96190643310547,12340100
2021-09-03,79.70823386566745,80.55114333481909,79.69186317570185,79.7818832397461,9097000
2021-09-07,79.39724991139704,80.1828806639722,79.16811021005786,79.42998504638672,9237800
2021-09-08,79.7900707454391,80.58388065336797,78.8489558417751,78.8816909790039,10775900
2021-09-09,78.47251045187295,79.88827546775428,78.0305954684809,78.56253051757812,10219400
2021-09-10,79.87191678996774,79.95375152284677,78.4725222538896,78.61982727050781,11006000
2021-09-13,79.5527427785166,80.78028228362535,79.42998757928797,80.17469787597656,11500900
2021-09-14,80.5102127838656,80.8048227305102,78.54615479768566,78.72618865966797,15294100
2021-09-15,79.37269564432695,80.63297017419987,79.37269564432695,80.39564514160156,11623400
2021-09-16,80.46112859177457,80.68208297221135,79.30724461644607,79.64276885986328,10616700
2021-09-17,79.47091869268321,80.51023286554661,78.86533420401297,79.18449401855469,16006100
2021-09-20,77.44955521183685,77.94875508773885,76.3611354008644,77.56412506103516,15796100
2021-09-21,78.21064183882352,78.4725167116952,76.95036706200679,77.62142181396484,10958400
2021-09-22,78.75892033492332,80.83755431452734,78.75892033492332,79.90462493896484,13292800
2021-09-23,80.39565637439361,82.05692559110416,79.99466186364016,81.88507080078125,10094900
2021-09-24,81.54953385349685,82.62976825541723,81.54953385349685,82.32697296142578,8225300
2021-09-27,83.95550648465824,84.92935638477118,83.95550648465824,84.26648712158203,12697500
2021-09-28,85.03575552419642,85.83774449700748,84.19283982723762,84.58565521240234,15560800
2021-09-29,84.46290603600549,85.30581554946988,83.75093083120503,84.56111145019531,10268100
2021-09-30,84.63474472057027,84.65929450854814,83.02257537841797,83.02257537841797,15319800
2021-10-01,83.6527238466886,85.5513179718883,83.37447832093602,85.37946319580078,10854900
2021-10-04,85.92777101034106,86.63156087238909,85.19943135555008,85.6986312866211,13305400
2021-10-05,86.77885099530126,88.19460957853828,86.27146580577093,86.63154602050781,13017300
2021-10-06,85.25672119953158,86.2142006332188,84.76570658560914,85.87049102783203,10630100
2021-10-07,86.42697562504766,86.99164586309325,86.10781581491483,86.48426055908203,8830900
2021-10-08,87.40898903601293,88.73473386843482,87.23713426500075,88.42375946044922,10586700
2021-10-11,89.65949774364317,89.71678267993383,87.499028369839,87.67088317871094,9794800
2021-10-12,87.55628481939745,88.03912019126062,86.8852302510698,87.68722534179688,9085000
2021-10-13,87.37626053339257,88.6610849848806,87.13894171987998,88.21099090576172,9220700
2021-10-14,89.10300026024099,89.33214621666887,88.47286604993381,89.04571533203125,7648600
2021-10-15,89.83132796232779,90.04410320041558,89.55308870324905,89.70039367675781,9968100
2021-10-18,90.19958990022423,90.35508021146607,89.16845512701894,89.65946960449219,10677400
2021-10-19,90.1504907631843,91.41075897216797,89.85588082655262,91.41075897216797,10362800
2021-10-20,90.91157268132892,92.61376229222846,90.65788318175048,92.60558319091797,10811400
2021-10-21,92.23730648684814,92.31914119522047,90.73152787331537,91.44349670410156,9372600
2021-10-22,91.83632400967389,92.3764381501674,91.20618356157782,92.31097412109375,8673800
2021-10-25,92.90836747860544,93.5794221231772,92.72014826075582,93.17024230957031,9579800
2021-10-26,93.27662537264663,93.78400430382342,92.89199538056877,93.37482452392578,7463000
2021-10-27,92.65467681982504,92.94928678138159,91.36985247109891,91.71356201171875,9096100
2021-10-28,91.31257085415446,92.69559441108744,91.31257085415446,92.57284545898438,7538200
2021-10-29,93.9722457886268,94.34869050115242,92.59740124377326,93.69400024414062,15294200
2021-11-01,94.13589484903122,94.18499442242005,93.33390601360475,93.72671508789062,11213800
2021-11-02,93.4403018772449,93.44848722166857,92.6464920450366,93.15387725830078,9189700
2021-11-03,91.87722801422073,92.69558760058753,91.63172388446358,92.48281860351562,10416000
2021-11-04,93.47303284744441,93.50576798009243,92.4009837884718,92.89199829101562,9673000
2021-11-05,93.51395243235487,94.1522781901401,93.23571315430543,93.8985824584961,8102100
2021-11-08,94.18504027727994,94.92156545463466,93.85770130386958,94.23414611816406,7695900
2021-11-09,94.33230515321715,95.02791578455273,93.66943589759266,94.9297103881836,10945900
2021-11-10,94.73331577468107,95.10157512340933,93.01476174130137,93.41575622558594,10305100
2021-11-11,92.96565690683475,93.8413015006338,92.94110711580308,93.42394256591797,7317500
2021-11-12,93.12932916648649,93.54668808587616,92.95746814839833,93.4812240600586,8682800
2021-11-15,94.07042682287282,95.70714590630575,93.5139420847621,95.60076141357422,11050400
2021-11-16,95.83810660440795,96.63191652594881,95.63351667591141,95.97722625732422,10566300
2021-11-17,95.09145681491817,96.46563142346311,94.91761579119715,95.5467529296875,11108000
2021-11-18,95.0749105571787,95.5136531536657,93.8828567498322,94.74378204345703,8368600
2021-11-19,93.13779513637941,93.66759809530485,91.97056884778618,92.64110565185547,13532600
2021-11-22,92.73216357120165,95.35635126110107,92.59143603610208,94.29674530029297,9947100
2021-11-23,95.35635953170319,96.72225420904998,95.24873914726356,96.27523803710938,10366800
2021-11-24,96.69741092157437,97.6825162848085,96.58979686374403,97.0119857788086,8500900
2021-11-26,93.83318495676833,95.0583585835637,93.23715488512471,94.79345703125,11861800
2021-11-29,96.30835256851162,96.99544309192511,94.95901136935984,95.07490539550781,12003800
2021-11-30,93.9159511814524,95.91099562716575,93.0798595344794,93.43582153320312,24451200
2021-12-01,95.15768884950953,96.0765674533094,92.7901285588226,92.79840850830078,12302700
2021-12-02,93.75041128758127,95.77856335425697,92.65769151460773,95.31498718261719,11392400
2021-12-03,96.6394740313193,96.85470848525216,94.0318460012586,94.71066284179688,10445100
2021-12-06,95.99376930686009,97.22721629143805,95.24045825197682,96.19244384765625,9833900
2021-12-07,97.05338596619926,98.22889239175086,97.05338596619926,97.61630249023438,11419600
2021-12-08,98.00538664481672,98.72559068232329,97.40108295451037,98.0550537109375,8827900
2021-12-09,97.5583557750794,98.17921931159762,97.33484768086306,97.79842376708984,8334700
2021-12-10,98.4523822104072,98.67589026245875,96.7470793728493,97.9639663696289,9090700
2021-12-13,97.23548980896396,97.5583382848131,95.70402795659639,95.92753601074219,8533000
2021-12-14,95.8116442534209,96.78846965125356,95.58813619404158,96.20899963378906,12245300
2021-12-15,96.29178686375458,96.29178686375458,94.32985598394781,95.66264343261719,11069500
2021-12-16,96.1841860453863,97.83982222792088,95.96067162392367,96.55670166015625,11344700
2021-12-17,95.96066048195682,96.40768295722759,93.98217597880938,94.04012298583984,22727900
2021-12-20,92.59971003511538,94.13117187432769,91.66427808950445,94.08150482177734,13464400
2021-12-21,94.7272185055086,96.08483958492671,94.61132448524732,95.58815002441406,11368200
2021-12-22,95.54676376079668,96.58981633711272,94.71067202560965,96.13451385498047,8345200
2021-12-23,96.44907539635773,97.61629547338482,96.35801491256305,96.36629486083984,7416600
2021-12-27,96.0848509889497,98.36135086759487,95.53849430226548,98.33651733398438,7745500
2021-12-28,98.22888212444445,98.7917922738913,97.71563271578725,98.1460952758789,6516000
2021-12-29,97.74874891987764,98.22060491741985,97.09477195560859,97.64112854003906,6957400
2021-12-30,97.79015590941228,98.253738368709,97.13617881219565,97.21068572998047,6016000
2021-12-31,97.16927322640316,97.7570232404083,96.96231872925698,97.14443969726562,5706600
2022-01-03,97.20238236353873,99.0815326505379,97.09476830349793,98.72557067871094,10717700
2022-01-04,99.29676115717903,100.97723691074118,99.05669950813423,100.52193450927734,16413100
2022-01-05,101.19245689914911,102.51696425730238,101.05172937391548,101.1759033203125,15487100
2022-01-06,102.33486496530631,102.91433504767913,100.69578252184427,102.03684997558594,13318500
2022-01-07,102.27692326895402,103.9242794307574,101.78022738312337,103.50209045410156,14164600
2022-01-10,103.60142707751825,104.04844956884622,102.53354106752646,103.56831359863281,12626100
2022-01-11,104.18917838002803,105.96070846949232,103.33652681458264,105.93587493896484,14609000
2022-01-12,105.95242348743203,106.31665911078252,104.69414291306197,105.40606689453125,12469200
2022-01-13,105.24877838731055,106.04348921288229,104.67758195510274,104.96732330322266,9691300
2022-01-14,104.93422094523784,106.95409275333157,104.93422094523784,106.75542449951172,13281000
2022-01-18,107.35974050819136,107.61636211989837,105.85311169114286,107.10311889648438,12905500
2022-01-19,107.57494492433057,107.74050599549209,106.40771853066676,106.71401977539062,12064300
2022-01-20,106.18422025605805,108.32826588203928,105.8613654199149,106.33322143554688,11370400
2022-01-21,105.76201644791514,106.29181308178127,104.4954560741235,105.0583724975586,13055700
2022-01-24,103.02195993777453,105.7372086088724,101.68917229256137,105.28190612792969,19513700
2022-01-25,105.23220990368588,109.88454860656176,103.70074179165037,109.76036834716797,19984500
2022-01-26,110.0169972273065,111.5153582826614,108.93255776612908,109.8431625366211,17266500
2022-01-27,111.30010800326842,113.41104605839212,110.5881841431894,112.06169891357422,20654100
2022-01-28,107.61633789765175,109.32164092329761,106.01865525198353,108.12130737304688,24817800
2022-01-31,107.7736341181982,109.1560887480687,107.06171008883067,108.71734619140625,16401800
2022-02-01,108.30342154954418,112.36801062685636,108.03851374820852,111.58157348632812,16169700
2022-02-02,111.21736349383997,112.4176971769911,109.9342429505399,112.0948486328125,10906700
2022-02-03,111.63129009622477,112.04519919909323,110.25710884314068,111.09320068359375,9447700
2022-02-04,111.7637145459766,113.4110770741756,111.7637145459766,112.48392486572266,13034700
2022-02-07,112.03687463039951,115.4226469027958,111.61469203714807,114.69417572021484,18422500
2022-02-08,114.38788207421183,114.59483656859838,111.76370060117041,112.9474868774414,11021600
2022-02-09,113.17927429612092,114.52033537050289,112.66603119486359,114.06503295898438,10140800
2022-02-10,113.8746505156551,114.89286319445077,112.07828683803143,112.61636352539062,11012700
2022-02-11,113.29517360199509,115.43094558825284,112.81503763936347,114.90941619873047,12821200
2022-02-14,114.18919535727953,114.28025582532752,111.79680229474378,113.13786315917969,15945000
2022-02-15,111.32267083794457,112.79492276509602,110.56980473060236,112.30974578857422,11746800
2022-02-16,112.88694195142716,113.89912395037564,111.89149371457684,112.34321594238281,11348800
2022-02-17,112.23447261281797,112.57744455449024,110.79567532181748,111.76602935791016,10073900
2022-02-18,111.10517299390942,112.01696508098892,110.46105724944188,111.60707092285156,10691800
2022-02-22,114.60180165509466,114.60180165509466,109.18122366171296,110.75385284423828,19428700
2022-02-23,111.19716916411676,113.83218097640035,110.88766482421852,113.38883209228516,16134200
2022-02-24,115.37970548382084,115.63066079154298,110.18499060532315,112.80326843261719,22108900
2022-02-25,113.73183641648808,117.52958390290202,113.28847464169137,117.42920684814453,28028000
2022-02-28,116.50065110185984,120.45733642578125,115.98200666820371,120.45733642578125,24394300
2022-03-01,121.30223741652426,125.4429696329074,121.04292151503094,125.24220275878906,31159900
2022-03-02,125.64369595037152,130.28632517891262,125.51822465937816,128.93954467773438,31329500
2022-03-03,127.36692142997165,131.4323577771434,126.94030621504089,130.67950439453125,22492900
2022-03-04,130.3197867151707,133.79966869311463,129.73423271987238,132.7122039794922,29034400
2022-03-07,133.7578290219672,135.59815965277903,130.26122635166206,135.54795837402344,34824700
2022-03-08,137.44684388647264,145.55262121355557,137.27118407774233,142.64993286132812,57231000
2022-03-09,136.15862785379085,142.01419319113103,134.853675335157,139.08641052246094,43430000
2022-03-10,141.15259138044706,146.18836844397234,140.7761519641412,142.8925323486328,34913600
2022-03-11,138.7685349099162,144.69938311020348,138.76017441153851,142.95944213867188,28423600
2022-03-14,139.03621444782212,140.82634381451894,137.43847864351324,139.46282958984375,25156200
2022-03-15,133.09701431115053,134.00044601633905,129.87644793888003,132.4027099609375,28534400
2022-03-16,132.8293222414622,134.2597589341701,130.671139218124,131.9259033203125,22299700
2022-03-17,133.79967002613196,134.66964691134524,132.10155704078903,134.20956420898438,15750700
2022-03-18,134.58598573812696,135.2886505126953,132.8209505393607,135.2886505126953,23214700
2022-03-21,136.36774420456638,138.50920588463822,136.11678887178203,137.72288513183594,13180600
2022-03-22,136.92820352393025,138.24151643162028,135.99967772993554,137.26280212402344,11063900
2022-03-23,138.8605647886286,139.9898576199676,137.97386683886418,138.7434539794922,10755000
2022-03-24,139.22024876931624,140.03166388195106,138.0240464931532,139.11151123046875,9024800
2022-03-25,138.2080743887699,141.9472721654578,138.15788587055172,141.62939453125,10254700
2022-03-28,138.7769113697521,139.38757245278876,138.1328082893584,139.15335083007812,9992000
2022-03-29,136.7776473771373,137.58906251613774,134.2597586786216,137.45523071289062,15102600
2022-03-30,138.224783072923,139.15330878386533,136.90309702177245,138.425537109375,9906000
2022-03-31,136.74416667330797,138.9943785742832,136.1167847424391,136.20880126953125,10395900
2022-04-01,136.1670063886096,138.81873979664275,135.79057969131475,137.37158203125,8795300
2022-04-04,138.02402946040866,138.40045607884062,136.3510109214946,137.4970245361328,8718600
2022-04-05,138.04912965289404,140.29934172674203,136.434672820204,136.65216064453125,9538200
2022-04-06,137.88181554537508,139.70539950869036,137.46356093755588,137.86508178710938,9269000
2022-04-07,138.10771233707226,140.28262920192918,136.70236985388567,139.78073120117188,8018400
2022-04-08,139.73888730168468,143.12675266943157,139.7137930427037,142.1480255126953,10801200
2022-04-11,141.01039411071162,141.1860539348433,137.94876667749892,138.49249267578125,10206100
2022-04-12,141.34499372668608,144.4484364393315,140.65904989488044,141.37844848632812,9528400
2022-04-13,142.98453987513432,143.94653330498755,140.7761556583543,143.6035614013672,7330700
2022-04-14,142.78376786417138,144.6659137022363,142.6750175756764,143.53662109375,9421100
2022-04-18,144.71615458156353,146.00437369399455,143.7708946896617,145.4606475830078,7639000
2022-04-19,144.78303287752516,145.29330406708783,143.06818623954445,143.73739624023438,6970200
2022-04-20,143.56174090258045,145.20130496288346,143.42790909767214,144.32296752929688,7495000
2022-04-21,143.66214033414713,144.2476944077194,137.0453473924769,137.6727294921875,14594800
2022-04-22,137.50541855713183,138.4172107351053,134.56090191015463,134.6361846923828,12160100
2022-04-25,130.26963256173238,132.46965682885536,126.61408980291426,131.7418975830078,15449800
2022-04-26,132.85441040231836,134.1509895791804,130.8216862080596,130.9387969970703,9810600
2022-04-27,131.3988621502199,132.10152679067423,129.25740071410186,130.69619750976562,10396600
2022-04-28,131.70840414998995,136.35103393177957,129.60039686126262,135.33885192871094,9366400
2022-04-29,134.91221651912485,135.8825703535122,130.73803059017635,131.055908203125,14713200
2022-05-02,130.754745899739,133.8414667693662,129.784392202273,133.63233947753906,11559000
2022-05-03,133.48177223600095,136.71068532669656,133.2224436756152,135.92437744140625,8827200
2022-05-04,137.998947143099,140.4415528895531,136.7441831303515,140.1905975341797,9183200
2022-05-05,141.5875613801842,141.78832820990058,136.05823432408883,139.07803344726562,9807600
2022-05-06,140.75941682171782,143.01798927197828,138.37536032392612,142.7837677001953,10418100
2022-05-09,140.32444066118035,140.32444066118035,132.56999556753007,133.214111328125,14110700
2022-05-10,135.69020318517067,137.3464883183651,132.059742479881,134.49398803710938,11636000
2022-05-11,136.83619566284023,140.08185589865343,135.9411245665048,136.48486328125,9105500
2022-05-12,136.53504494885706,137.89855915224643,132.88786399763006,137.7814483642578,8936400
2022-05-13,139.27883649434878,141.1944376983875,137.92369514270672,140.4248504638672,9229900
2022-05-16,141.37007428660684,146.36403592010942,141.25296349302886,144.72447204589844,13296300
2022-05-17,146.25526817620974,146.93283859851323,144.38985619957757,145.57769775390625,12827600
2022-05-18,146.85122721878108,146.8596693644704,139.82577910294705,141.7402801513672,13107500
2022-05-19,138.84745228729827,143.0728361943369,137.3293460464351,140.72821044921875,10958700
2022-05-20,142.4318492876972,144.2535637229755,138.39199995425767,141.53785705566406,9615000
2022-05-23,142.89573007627,145.87291212760275,142.6258516498707,144.8271026611328,10216400
2022-05-24,143.95841740411305,146.39581697340216,143.21622917735343,145.60302734375,9782700
2022-05-25,146.02472299417354,148.42839258678447,145.88134806280434,147.93922424316406,10174500
2022-05-26,148.85010159389896,150.06457398188235,147.60187348568712,148.93443298339844,11213900
2022-05-27,148.87539284370078,150.41880002084113,148.17537672276,150.35975646972656,10512300
2022-05-31,151.77664589484203,152.62003687190597,146.30303382081203,147.30667114257812,20547600
2022-06-01,149.05247605880564,150.2332310870591,147.54281195041025,148.70669555664062,8824100
2022-06-02,147.37414534631665,148.86693812394117,146.8343756307017,148.4368133544922,7441900
2022-06-03,148.43682406187233,150.33445391493603,148.43682406187233,149.7862548828125,8435300
2022-06-06,150.0392472001697,150.12359144413657,148.02354331296004,149.13682556152344,6734200
2022-06-07,149.67659594601605,152.3670151898599,149.2127283403318,151.9790496826172,9668300
2022-06-08,152.61158016346695,153.83449438969234,152.0212091096813,152.76339721679688,8715200
2022-06-09,151.83568738793016,152.3501564353545,149.60913556462882,149.71878051757812,9764600
2022-06-10,148.74886114381013,150.604331571651,146.45483667768406,147.93077087402344,9529700
2022-06-13,144.7343153561143,145.06323729801346,138.36671137763832,141.12460327148438,14614900
2022-06-14,142.84513034181666,145.30783053114038,139.86796112488287,141.31016540527344,10269300
2022-06-15,140.660764797098,141.56319943952943,136.57875501483534,138.53541564941406,11565300
2022-06-16,134.89194604238315,135.39797287380344,129.67135417929194,131.1304168701172,18125900
2022-06-17,130.62438227775203,131.12197980327775,122.95794947635655,125.14234161376953,35575100
2022-06-21,128.23759912448378,131.5858622934818,127.72313011977533,130.3798065185547,13772000
2022-06-22,124.88093828728006,127.18339260693742,123.41343300016572,124.71224975585938,13735800
2022-06-23,125.48815136277707,125.85924549180898,118.20125304900752,120.12418365478516,15713700
2022-06-24,122.46033862563212,124.05434668433124,120.2675303201178,122.09768676757812,11108300
2022-06-27,123.01700901675463,125.51345198320017,122.7977319945559,124.45921325683594,9242400
2022-06-28,127.25079715586135,128.35563695045678,124.9146012360006,126.4580078125,9183300
2022-06-29,127.88335337985147,128.28817736764424,123.21096105865365,123.96157836914062,9082900
2022-06-30,121.91217905703581,124.75440278221133,120.9507137731785,122.10615539550781,10685000
2022-07-01,123.64116157456407,123.94478293730799,120.15795161713069,123.56524658203125,7684600
2022-07-05,121.15310216732757,121.9037195816286,117.57713285385948,120.31815338134766,11513100
2022-07-06,119.47479331004575,120.82421142758038,115.3759118092841,118.73260498046875,12421200
2022-07-07,121.5326559039397,122.54472259387259,120.67239342638995,121.04348754882812,12741800
2022-07-08,122.19049768227171,122.67122388190248,118.99403844209809,120.41094207763672,7915500
2022-07-11,119.68563075363541,120.47842042459857,118.01570715640922,119.3482666015625,7056800
2022-07-12,116.80964149643776,117.75423520124956,115.76383213102183,117.16386413574219,8653900
2022-07-13,116.05903915359131,118.69041502641024,115.66264434337491,116.37953186035156,9414600
2022-07-14,113.27584983067695,114.8361284203348,111.78304406929294,114.65058135986328,10150200
2022-07-15,117.19762652832551,117.19762652832551,115.06383532207174,116.0927734375,7051900
2022-07-18,118.54704729806025,119.87960673922687,117.29883211194115,117.72052764892578,7943900
2022-07-19,117.81331601035879,122.30015039666334,117.58559678836987,121.96279907226562,9152100
2022-07-20,121.87000073419642,124.19775528488482,120.8748055212981,123.57365417480469,7856600
2022-07-21,120.70611317055045,122.68808712499461,119.33982389845495,122.62904357910156,6724200
2022-07-22,122.76400798746421,123.38812204213086,120.95915152572776,121.60856628417969,5889500
2022-07-25,122.88206624693296,125.3363371479349,121.60010832231806,125.22669219970703,6210900
2022-07-26,126.0869612400676,127.08215649608628,123.58208880663784,124.24837493896484,6112800
2022-07-27,125.10864889252161,126.6773570565039,123.69175783815237,125.88456726074219,6223000
2022-07-28,127.09056712685265,127.74841094935599,124.84714441466286,126.8375473022461,6574300
2022-07-29,132.02439973206805,138.8727422750943,131.4846300957376,138.13055419921875,17143700
2022-08-01,135.93776639508087,136.51127901424547,134.22568355364876,135.37269592285156,8017800
2022-08-02,135.693173587597,136.18234189787725,133.50879404877,134.2172393798828,5928300
2022-08-03,134.36064360594963,134.90885558128517,130.17743066013813,131.0292510986328,8751400
2022-08-04,130.9954889052381,131.09669170140722,127.12431465314924,127.47010803222656,10640000
2022-08-05,126.20503388454826,130.73403962157573,125.68213556129207,129.57859802246094,7170200
2022-08-08,129.53641723598525,130.70873018076293,129.1653231465664,129.38461303710938,5966900
2022-08-09,131.5183920658838,133.08709981043395,130.38825123624156,131.07139587402344,5842200
2022-08-10,131.569010029554,131.96540487135266,128.9797932062787,131.41720581054688,6145800
2022-08-11,133.3485696213468,135.92091509426191,132.93530334237778,134.62208557128906,7888600
2022-08-12,133.4666245622107,134.86665669834116,132.53046004577712,134.81605529785156,7244700
2022-08-15,130.87740482829844,133.0786557794876,129.40991277358899,132.25213623046875,8975200
2022-08-16,132.75817060084245,133.18829534621347,131.41718209839945,131.91477966308594,7218400
2022-08-17,132.10032498230328,134.38590718721304,131.15571839328638,133.00274658203125,6741100
2022-08-18,133.74317542148424,135.87932998356933,133.69211424225728,135.33465576171875,6477500
2022-08-19,134.85807425639544,135.9474227551508,134.14317875291476,134.2027587890625,6834200
2022-08-22,133.35168140239102,134.24529088766695,131.4197847797174,133.5303955078125,9147000
2022-08-23,135.40275803096745,138.16016593101705,135.07084733981114,137.8623046875,10354800
2022-08-24,137.58141784453102,139.0197014445696,136.73886955591365,138.88352966308594,9468100
2022-08-25,139.50477442239975,140.33880373201666,138.38989572579823,140.1005096435547,8050700
2022-08-26,139.72607264924267,141.38563873196642,138.26227136899365,139.07077026367188,7765800
2022-08-29,139.47923941344627,141.98134024893457,139.26647591364016,140.10902404785156,8462600
2022-08-30,138.14315292972634,138.34739766945634,135.11338843445256,136.69635009765625,8814300
2022-08-31,134.13465211106353,137.36866064728986,132.89210727326133,134.5176239013672,13582700
2022-09-01,133.17294829224207,133.513377740134,130.4070223351415,132.37295532226562,8244400
2022-09-02,134.67083888459504,135.42827670215067,133.37723269542357,134.33892822265625,7526600
2022-09-06,136.0750444275599,136.16015503504545,132.51764439481818,133.71762084960938,8550000
2022-09-07,131.11340952518682,132.6112732459814,129.88788938492098,132.00701904296875,9442100
2022-09-08,132.41552851786443,133.08786865200958,130.53470588509938,132.72190856933594,9232500
2022-09-09,134.81553043338715,136.72188397566097,134.0665984068884,136.14317321777344,8261100
2022-09-12,138.56015044251313,140.02396489786415,137.23250779371995,138.29632568359375,8920800
2022-09-13,137.3686734894867,138.432491332037,135.0963601361262,135.66656494140625,10308300
2022-09-14,136.9686566567186,139.20693322149364,136.4665378260526,138.9516143798828,11160800
2022-09-15,136.74741128258876,137.61549038461897,135.81125925802135,136.69635009765625,9665000
2022-09-16,136.61124299212764,137.1388925146399,132.43256316703784,133.14744567871094,43741600
2022-09-19,130.15170937786445,133.5729508139792,130.04108116509846,133.5303955078125,6813800
2022-09-20,132.798488903282,133.48785369928964,131.3516993904628,133.00274658203125,8955200
2022-09-21,134.73040252969417,135.1303990847528,131.87085959675255,131.9219207763672,6877000
2022-09-22,134.1261409319369,134.70485152795436,131.69212551268953,131.8197784423828,6981100
2022-09-23,127.4453849568813,127.8113320827149,122.26246724290155,123.20713806152344,13919700
2022-09-26,122.18585147719467,123.44540799266937,119.90501958511554,119.964599609375,9444000
2022-09-27,121.09653108754645,122.35610101426217,119.53911288321406,120.01570129394531,10121000
2022-09-28,120.91776064111605,124.62835680808752,120.33903713600091,124.06665802001953,8279800
2022-09-29,122.9858556263139,123.75181230917562,121.07950225256047,123.20713806152344,8197600
2022-09-30,122.57733798471226,123.5220086861735,121.26672020280319,122.27095794677734,9402700
2022-10-03,126.78152753932781,129.64957563797904,126.21132286314209,129.13043212890625,9597400
2022-10-04,131.4282736937831,134.36442062182542,130.74744082716035,134.1516571044922,9520200
2022-10-05,132.62827998128978,135.9388802142282,131.74318935004501,134.91761779785156,10633100
2022-10-06,133.90484919722942,137.81970325807993,133.78570214247597,137.3771514892578,9498300
2022-10-07,138.30479383138862,139.51328906636118,135.3686598533305,136.19418334960938,9972500
2022-10-10,137.01973485596253,137.41973139411607,133.13892953656904,133.7346649169922,5904500
2022-10-11,131.70067322356752,136.10912894371964,131.15599890706108,133.76022338867188,7533300
2022-10-12,132.883590323542,135.1559032749551,132.3559409225109,134.16017150878906,4942000
2022-10-13,133.06235284887399,141.26651626540158,133.06235284887399,140.66226196289062,10227500
2022-10-14,139.60696416636623,140.81547289494,136.1091299099831,136.28785705566406,7327900
2022-10-17,138.96863779575304,140.3473544619357,137.10483996323566,137.28355407714844,5890400
2022-10-18,138.17717097057994,138.98566992503498,135.2835916643016,138.48355102539062,5631200
2022-10-19,139.22395951457187,144.0068931570443,139.22395951457187,142.97711181640625,9766800
2022-10-20,144.08351431851003,146.22817506941877,142.92607980059768,143.79415893554688,8871500
2022-10-21,143.95582227703565,147.9472688173596,143.70051638895907,147.3940887451172,7971300
2022-10-24,146.44942323851583,148.65365072478903,146.04942668481434,147.34303283691406,7007700
2022-10-25,147.28344121166066,148.93448847596326,146.52600347542517,148.87490844726562,7280600
2022-10-26,149.2068391104023,151.8961607028491,149.07917317975597,150.71319580078125,6865300
2022-10-27,153.0961601340833,154.38124747414943,151.04511611924156,151.40255737304688,9177400
2022-10-28,154.4408356805927,155.62380072103338,150.23662506626053,153.17276000976562,10773900
2022-10-31,151.5386978396194,156.45778972178687,151.5386978396194,153.9556884765625,13281000
2022-11-01,156.48336663001814,157.01953505158698,154.8067884418021,155.07913208007812,9185600
2022-11-02,153.98124846742496,155.65782647950613,151.71745389586326,151.91319274902344,8087500
2022-11-03,151.4621092309661,155.0535588093268,150.9855209812216,154.1514434814453,6607800
2022-11-04,157.3088524400473,157.78544070588222,153.70039100669348,156.10035705566406,7491900
2022-11-07,155.31740825510266,158.61950306285928,154.98549760073956,157.9641876220703,7578000
2022-11-08,157.71734800960584,158.50882206904706,156.4748033415361,157.73435974121094,6308200
2022-11-09,156.26206475677722,156.4322730023711,150.8238288485926,151.42807006835938,8021700
2022-11-10,155.087586146054,155.17269675110117,151.52166736309283,154.29611206054688,6981500
2022-11-11,156.6365626209372,159.23228110009617,156.50039080227918,158.68760681152344,8428300
2022-11-14,158.55988723855157,161.42793539902493,158.44924605005212,158.76414489746094,9722400
2022-11-15,159.2492993775135,160.37269744848592,157.6748564875753,160.04078674316406,7747300
2022-11-16,158.7556470779638,159.84500841708163,156.32163151089298,157.4365234375,7941100
2022-11-17,155.66977059035645,158.0025455275316,154.60630851575334,157.88247680664062,6550500
2022-11-18,155.19808387949286,157.2992930846794,154.0745677899026,156.9390869140625,7661500
2022-11-21,154.14319136143223,155.83273836173058,150.7898385266186,155.438232421875,8432900
2022-11-22,157.59089523346097,160.00085458509432,157.01627966203853,159.42623901367188,9018000
2022-11-23,157.12777333120053,158.79157910121927,156.58745751439739,158.01113891601562,5831200
2022-11-25,158.56862557166085,158.9202601511116,157.2135565058481,157.54803466796875,2796400
2022-11-28,154.61489369729213,155.63548445735083,152.62518142192147,152.96823120117188,9365500
2022-11-29,154.59773312763605,155.96138671680782,154.07457372210723,155.25811767578125,6985400
2022-11-30,156.81901034339697,157.23924431150039,154.0488320039578,157.21351623535156,10936700
2022-12-01,158.0282626826344,158.27698485718878,155.60973201855074,156.51025390625,5217400
2022-12-02,155.68693643157505,157.48798044051296,154.31471117843094,155.25811767578125,6852300
2022-12-05,156.6646502248426,156.90478769274446,149.76925005728398,151.4244842529297,8162200
2022-12-06,150.5239323785737,152.71091032251638,146.75890479067937,147.52220153808594,8765000
2022-12-07,146.7074989947132,149.7263872832306,146.52740241091536,147.95965576171875,6936300
2022-12-08,151.15861509206314,151.28725548732464,147.53938365825718,148.83441162109375,8076600
2022-12-09,147.7709745149727,148.53427152481993,144.02308896383536,144.0831298828125,10754300
2022-12-12,144.88070006782138,146.24435367127018,143.8343943323191,145.58396911621094,9364900
2022-12-13,148.86017953512757,149.62347655269204,147.92534451104407,148.82586669921875,7838800
2022-12-14,149.64916138524958,150.01793920235488,146.8875677858008,147.79666137695312,7045500
2022-12-15,146.31295812175247,146.97332955364575,144.1345516119863,146.6903076171875,7272900
2022-12-16,144.53765407279536,145.92702270475212,143.31123866784793,144.7006072998047,23876000
2022-12-19,145.89276389026,146.50169247467633,144.2975570893187,145.6955108642578,7131600
2022-12-20,145.63539820083625,148.61997255337096,145.45530168344172,148.08824157714844,6199100
2022-12-21,150.24951649750108,150.9099010401462,148.50851341039922,149.8292694091797,5479400
2022-12-22,150.2237851585704,150.26666965016375,144.36611955997716,147.58226013183594,5755000
2022-12-23,149.31467404059688,152.29924847772364,148.96303957180248,152.14486694335938,6079100
2022-12-27,152.9682307520186,154.5720087493959,152.14489296312087,154.05743408203125,5168000
2022-12-28,153.397061358852,153.7744239959543,150.8841763907906,151.78469848632812,4494400
2022-12-29,151.50167837914069,153.6886568991605,151.50167837914069,152.93394470214844,4142100
2022-12-30,152.68520613774217,154.33186860035852,152.40218418668954,153.93736267089844,5005100
2023-01-03,152.6937735515657,153.5171113032114,147.09340176714585,149.22035217285156,7565400
2023-01-04,146.613152397511,149.4776589832733,146.5273964851509,147.6337432861328,7684500
2023-01-05,147.08485006220107,151.107172545499,146.86186899482522,150.29241943359375,6088200
2023-01-06,151.8190032853459,153.8516000981261,150.6869154339424,151.4244842529297,7191200
2023-01-09,152.8824614430525,152.94250235169955,149.5548367242519,150.24093627929688,8385600
2023-01-10,151.28726568094115,151.55314432657994,148.98880322066566,150.978515625,8307000
2023-01-11,152.5651341235978,152.77954349827746,149.48621864396023,150.25808715820312,6962600
2023-01-12,150.93563112932213,152.9767995182689,150.85843380714616,151.87045288085938,6891400
2023-01-13,151.87899862281594,152.6508801072646,150.66972679106848,152.28208923339844,5726300
2023-01-17,153.03683866434494,155.50683886930585,152.81384453741887,154.7949981689453,10697700
2023-01-18,155.07799735423225,156.4159095733731,151.7503601316968,151.9990692138672,8899200
2023-01-19,151.46733704471555,154.3318427312058,151.08140284397416,153.51708984375,5907200
2023-01-20,153.35416243302373,155.5411407202743,152.24781579334942,155.14662170410156,10477900
2023-01-23,155.41251445209468,156.56174568940165,154.40049528433116,154.94081115722656,8381300
2023-01-24,155.30957467100257,156.0900279515226,153.25982153070396,155.0865936279297,5989000
2023-01-25,153.76583569878997,154.40049221805523,151.24439221054467,153.5857391357422,6727500
2023-01-26,158.6543658258095,161.07289677066692,157.35932482552764,161.0557403564453,14307800
2023-01-27,158.0025831584579,158.0025831584579,152.5908915930092,153.903076171875,19654700
2023-01-30,152.65947681623172,152.95107042893855,148.94590482666916,149.40045166015625,11476000
2023-01-31,148.15687522332047,149.76923787942516,147.01621580027933,149.24607849121094,14481300
2023-02-01,148.6371425874564,148.93732092596883,145.40384577541505,146.96475219726562,11526400
2023-02-02,146.76751071584673,147.02479149866042,143.07109515564525,144.94931030273438,10463400
2023-02-03,145.6783252353602,147.12773489286099,144.5033658951073,145.32669067382812,8404900
2023-02-06,145.42104195669194,145.90131696044548,143.54281335618168,145.48965454101562,7659500
2023-02-07,145.85841330125132,149.56340043008908,145.46389430023382,149.3061065673828,10256500
2023-02-08,147.92533859221047,149.28899240500348,145.34385397014591,145.79840087890625,9784700
2023-02-09,145.9956607063777,146.36445171907945,144.08313231663635,144.4604949951172,10123400
2023-02-10,146.4844807812712,148.13971479750128,146.46732436784913,147.4879150390625,11602400
2023-02-13,146.93050577065463,147.42792415006144,145.60116463941222,146.6646270751953,9442900
2023-02-14,146.21003824077394,148.80867883493798,145.7812194881197,147.78810119628906,8077300
2023-02-15,146.56813260419182,146.67196788951514,144.92422134444732,146.23069763183594,8885700
2023-02-16,145.52121874445837,145.92787282291306,143.97246898978273,144.11956787109375,6727500
2023-02-17,142.52754292069392,142.62271755263598,140.0357208154589,140.90093994140625,9612100
2023-02-21,140.32122993003577,141.67963027954102,139.04070933465846,139.30027770996094,7259700
2023-02-22,138.67732810106142,139.87133478544115,137.49198205782446,138.73789978027344,6205900
2023-02-23,140.38184174336737,140.89231799936076,138.91961890653903,140.10496520996094,6445500
2023-02-24,139.1012895039404,140.68464216755592,137.69962547259408,140.52024841308594,5330200
2023-02-27,141.0393805622604,141.3508600101288,140.0962947792302,140.875,6386800
2023-02-28,142.17283409136513,142.17283409136513,138.6773409135224,139.10130310058594,10854200
2023-03-01,139.2310688539023,141.54120248011532,138.9455449402539,140.20877075195312,7470400
2023-03-02,140.14821092178528,141.4547004433848,139.81077594116115,140.65003967285156,5582000
2023-03-03,139.18782088179398,143.26300948588533,138.7984748475403,142.72657775878906,6007500
2023-03-06,142.1901304416072,144.31857563648737,141.73156528862296,143.7734832763672,7703600
2023-03-07,143.36685083778806,144.1455562131239,141.53258994858842,141.92193603515625,7393000
2023-03-08,141.22972362240193,143.01207302801387,139.62907605428694,141.02207946777344,5435800
2023-03-09,141.71422983271825,143.1851128567183,138.59944901046117,138.87631225585938,6214700
2023-03-10,139.24842963902844,142.47569470514645,137.2843776605332,138.14959716796875,7385800
2023-03-13,135.35490305232807,139.25703715941458,133.07072473560945,137.31895446777344,10106100
2023-03-14,136.92958807310998,141.91325919582098,136.60081374924042,139.09263610839844,10035200
2023-03-15,134.61947658614488,136.66139479673836,131.52198970384296,133.07073974609375,14063100
2023-03-16,129.9213429434724,134.5156556566729,129.7050381023447,133.49468994140625,12849600
2023-03-17,132.9149900690258,134.43778454861803,130.30203718190614,131.80751037597656,33161800
2023-03-20,131.28838574277697,134.78386602316968,130.8990264829453,133.74560546875,8469200
2023-03-21,135.97785766264366,138.06303918018372,135.38085428024277,137.83807373046875,9753500
2023-03-22,138.32261300115516,138.4870067896997,134.91364665617743,135.0347900390625,6315000
2023-03-23,135.8567278957882,137.36220091438926,132.49967304127475,133.6936798095703,7859400
2023-03-24,131.5998471100251,135.53658395341256,131.36623422673088,135.02610778808594,6600100
2023-03-27,136.18550487954857,137.1199432552562,134.7059873529934,136.4018096923828,7006800
2023-03-28,136.0816798769973,138.59947101294296,135.56254305644433,137.9938201904297,5605400
2023-03-29,138.9715113289504,139.57717536404687,137.85538430848027,139.17916870117188,7569700
2023-03-30,140.38184527800192,141.03940725809912,139.80214987406092,140.5029754638672,6322400
2023-03-31,140.77118275122453,141.65371016695218,140.29530947793023,141.169189453125,7041400
2023-04-03,146.9142287432855,148.0390163892239,146.152831591783,147.04400634765625,12868200
2023-04-04,148.07364939263468,148.07364939263468,145.11460059283382,146.25668334960938,7521400
2023-04-05,146.44702973020193,147.46799547925207,145.13190575821224,146.9834747314453,6478100
2023-04-06,146.52488412982126,146.5767951720662,144.6040963535707,145.0540008544922,5803200
2023-04-10,145.7808119988899,146.8104119282296,144.7598463079975,145.60775756835938,5923500
2023-04-11,146.28262168825142,147.38144060578387,145.41740245745237,146.4123992919922,5469600
2023-04-12,147.47661294286095,148.0563082341667,146.6287018065538,146.93153381347656,6157900
2023-04-13,147.30355359373794,149.22434107562933,146.9315157131984,148.8955535888672,6856600
2023-04-14,149.2503058128871,149.57909331996046,148.142826338973,149.19839477539062,4930700
2023-04-17,149.1551282070101,149.28490579816742,147.27760424248802,147.8832550048828,7006000
2023-04-18,147.7967693620361,149.15515681810336,147.19976592380183,147.53720092773438,8045600
2023-04-19,146.6200429278409,147.7275223833621,146.3085635058383,147.67559814453125,5506800
2023-04-20,146.01440519610023,147.13919293332572,145.37415135964486,146.95750427246094,5851100
2023-04-21,146.94020878512785,147.59777076066803,146.08363684674524,146.32589721679688,7179000
2023-04-24,146.3085548567724,149.14647244405583,145.85863722887748,148.36776733398438,7177600
2023-04-25,147.36415263903152,147.4333585628076,145.72887554200696,146.21340942382812,5807200
2023-04-26,145.53853348471364,146.17878726989505,142.96017065606048,143.6090850830078,5927400
2023-04-27,143.99841608783652,144.82903227670977,142.82173072374374,144.44833374023438,6417200
2023-04-28,142.32857672103307,146.17015257588574,141.93923067135455,145.85867309570312,10036300
2023-05-01,145.10591860869448,145.98843269178167,143.93786740163566,144.6992645263672,6099800
2023-05-02,143.03805050040106,143.08996154223402,137.09398536876796,138.4696807861328,10701700
2023-05-03,136.83443497220028,138.06305806759002,135.61448572192097,135.69235229492188,7538100
2023-05-04,135.9345953770599,136.87768118049715,134.47237274854274,135.16455078125,7500400
2023-05-05,137.82945320690865,139.4041456514379,137.37953542181444,138.61680603027344,5802000
2023-05-08,139.7934613559938,140.425067625114,138.01975949670933,138.07167053222656,5028200
2023-05-09,136.7998240556608,138.7984785263758,136.62678283609478,137.67369079589844,5019800
2023-05-10,138.81578731397784,138.81578731397784,134.8703893981608,135.91729736328125,6161200
2023-05-11,134.4377697878964,135.2510779861626,133.1485883670066,135.16455078125,6666100
2023-05-12,135.83937702986134,136.64402432744387,134.5934596122683,135.51058959960938,4898900
2023-05-15,136.03842195255518,136.84308273777546,135.17320268365503,136.01246643066406,5096700
2023-05-16,135.38948020919403,135.85670591344822,132.66404534242852,132.8197784423828,7007700
2023-05-17,133.9272837800235,135.33759540203977,133.20916341036917,134.72329711914062,6169600
2023-05-18,133.56130357695912,134.7582707881448,132.3905593930542,134.55731201171875,7477700
2023-05-19,135.32611694477347,136.68034184679095,134.5397996888812,135.6231689453125,8100900
2023-05-22,134.36505329949247,135.27370021847867,132.87977993626038,133.18557739257812,11661000
2023-05-23,134.6708783963044,137.76374207379408,134.40876814158935,137.03858947753906,10436200
2023-05-24,137.9996369470599,138.5413350062008,136.54930515137806,137.40553283691406,7064000
2023-05-25,135.14263476542357,135.97265260093397,134.11168488981014,135.0377960205078,7037700
2023-05-26,135.67561374763403,135.97267913532988,134.07676924974945,134.6184539794922,7736200
2023-05-30,132.51285818458223,133.90202520364036,132.11096734797135,133.7797088623047,7814800
2023-05-31,132.39925386707267,133.16810694247013,131.36830390822544,131.595458984375,13346400
2023-06-01,132.1895881719711,134.32139855771024,130.82663093032954,132.9409637451172,9887700
2023-06-02,135.0552906081467,136.95120036267213,134.20780842933615,136.52308654785156,9464300
2023-06-05,138.4364537032899,138.4364537032899,135.63191068014277,135.8677978515625,6443800
2023-06-06,133.96318263480333,136.435732348643,133.84959842002706,136.11245727539062,6176400
2023-06-07,136.77648790647558,139.97420388775635,136.7328006393359,139.64219665527344,9900000
2023-06-08,139.93048862048406,140.21880852813442,137.24824826631487,139.12669372558594,7142200
2023-06-09,139.16162668492154,140.13142510117981,138.5849869062861,138.794677734375,6669500
2023-06-12,137.22204623401672,139.20533055891835,136.4968803648856,137.45794677734375,7159600
2023-06-13,138.4976523120415,140.2974556046493,138.2792293234924,138.48890686035156,7660800
2023-06-14,139.77322961330805,140.46345369566083,136.4269879603009,137.24826049804688,7721100
2023-06-15,137.44924220833184,139.60724934616928,137.44924220833184,138.28797912597656,7705400
2023-06-16,138.54130641770993,139.12667828714152,137.39675903320312,137.39675903320312,22908100
2023-06-20,136.42700226860387,136.79396464515284,133.01087663542825,134.26898193359375,10438700
2023-06-21,133.38651817477717,136.26097150441413,133.2379921767182,135.3173828125,7328200
2023-06-22,133.98064811308222,134.19032562115268,132.77494911575954,133.36032104492188,7088600
2023-06-23,131.93621098483766,132.53906053785386,131.16737116679258,132.2332763671875,15172700
2023-06-26,132.46918848044712,135.39606227169256,132.39929151449238,134.55731201171875,7371800
2023-06-27,134.11171450231978,135.16888762906927,133.51761037464524,134.13792419433594,6581700
2023-06-28,134.05926537147914,135.43969994777333,132.96715067486772,135.35232543945312,5773800
2023-06-29,135.79791365925308,136.53182492254848,134.93296728656944,136.505615234375,5633500
2023-06-30,137.57153999714808,137.97343082759636,136.8201643886131,137.47543334960938,6346600
2023-07-03,137.32689587272174,138.13070420761966,136.90752746473947,137.35311889648438,3272600
2023-07-05,137.78120361269924,137.78120361269924,135.52707701482524,136.5667724609375,6318700
2023-07-06,135.597011849115,136.14744214060667,132.47793797079044,133.57005310058594,9203000
2023-07-07,132.92348764647272,136.28720685767658,132.7662295006094,134.7407684326172,6602200
2023-07-10,134.48737591213506,136.11244323613624,134.47864379323778,135.64065551757812,5167900
2023-07-11,136.29594022785122,138.40154096554198,135.99888817306385,138.14816284179688,5060500
2023-07-12,139.10920157727284,140.08773207173274,138.33161645260853,139.4761505126953,6464000
2023-07-13,139.65090754703658,140.31492191106207,136.793944684858,137.61520385742188,8143900
2023-07-14,137.17835147103307,137.18709692161005,133.9369621991095,134.1815948486328,7065700
2023-07-17,133.9806513280946,134.67086202785453,133.36032424504882,134.0592803955078,4351700
2023-07-18,133.38651993818945,136.3570799330749,133.1244097428351,134.33010864257812,6798300
2023-07-19,134.40002216249735,136.10371864524447,133.91948896698406,135.15139770507812,5653100
2023-07-20,136.43570825222395,137.33560969725954,136.04254962706403,136.6453857421875,5866600
2023-07-21,137.63266303204875,138.76846499579975,137.22202683491201,138.64614868164062,8760100
2023-07-24,140.20133946650122,143.3204125994891,139.79943532892312,141.38082885742188,9722100
2023-07-25,141.4594645828788,142.85736368184286,140.36734966268148,142.02735900878906,6767600
2023-07-26,140.55955025135873,141.61670993293416,140.2712303387073,140.96144104003906,6056400
2023-07-27,141.61670177655336,141.94870892923853,139.1092105569,139.49363708496094,6470100
2023-07-28,138.40154544662667,138.91702049923816,136.74152273736968,138.80343627929688,6542300
2023-07-31,140.77797915368396,143.26799305282648,140.33238775557317,142.98841857910156,13056300
2023-08-01,142.97093000559417,142.97093000559417,140.27122546031265,141.80018615722656,7531400
2023-08-02,140.81292809448766,140.85661535769836,138.09574563314524,139.5548095703125,7067100
2023-08-03,139.71208650258697,141.27598926729246,138.78597514490292,139.5023956298828,6680700
2023-08-04,140.36732493195566,142.42923807126778,138.9519351793444,139.18783569335938,10185400
2023-08-07,140.67312598468487,140.99640104841507,138.98690704118837,139.69459533691406,13927400
2023-08-08,137.99090334687767,139.60722539259868,136.4881521848305,139.4849090576172,6451300
2023-08-09,140.54208794819456,141.04883088019076,139.18786275614207,139.66839599609375,10531500
2023-08-10,140.07900798156217,141.9574400201478,139.45868093732273,140.51585388183594,8647100
2023-08-11,140.22753416286366,143.43398147509686,139.9479463872297,143.41650390625,6682600
2023-08-14,143.0845361736722,143.5039045821019,142.07105029944248,143.3116912841797,6060100
2023-08-15,142.76124165654278,142.76998710711007,139.0043774009597,139.12669372558594,7876500
2023-08-16,140.24502715341495,141.38956140637976,138.45395609681094,138.59375,7920500
2023-08-17,140.41082315330564,143.02181070423444,140.22559212918608,140.9136199951172,8270500
2023-08-18,139.70515609931118,142.2984979817851,139.51109558704445,141.92800903320312,5999200
2023-08-21,142.19264166972619,142.96006769939228,140.6489870318051,141.45169067382812,6802300
2023-08-22,141.56639264840334,142.23677508396221,140.22561431768278,140.287353515625,6080800
2023-08-23,139.49346127794556,140.6137173326256,138.22325180800928,140.4725799560547,4975600
2023-08-24,139.13180262883472,141.03711684511916,138.98184921268287,139.31704711914062,5989600
2023-08-25,140.31383175533273,141.0547829051598,139.06125417304014,140.35792541503906,5291800
2023-08-28,140.7195850196668,142.7219297927994,140.44613972325723,141.3194122314453,4386100
2023-08-29,141.9368429545508,141.97212056715338,140.34026515717713,141.09886169433594,5374800
2023-08-30,141.6546130680028,142.23679480728657,141.07243132871903,141.29295349121094,5534900
2023-08-31,142.02503297569152,142.22792297651466,141.07237599225914,142.10443115234375,7003700
2023-09-01,143.46286918192874,145.27115324944333,143.46286918192874,144.92713928222656,6663000
2023-09-05,145.79157191035472,147.80273241641964,145.72100322212071,146.8324432373047,9755800
2023-09-06,146.6736702667085,147.69689612606297,146.05621102730564,146.98240661621094,7195500
2023-09-07,147.4322551389999,148.10263747982341,146.67365857403604,146.9912109375,7925900
2023-09-08,147.67926487341447,148.62310609177558,147.0529895341534,147.49403381347656,7434400
2023-09-11,148.26141872398603,148.7112789590004,143.66573227381653,144.45079040527344,7155100
2023-09-12,145.8092104624592,147.47635694577102,145.63279548012576,147.1411590576172,7521100
2023-09-13,147.67040588790385,147.97031268032018,146.05618267987572,146.6030731201172,5759500
2023-09-14,147.92620978784092,148.63188314156056,147.41459694288417,147.51162719726562,8822800
2023-09-15,146.61192183869028,148.5172225917625,146.3208310456762,146.8677215576172,17439700
2023-09-18,148.0761902684926,148.50841847334672,146.7795191135325,147.50283813476562,7027600
2023-09-19,148.7995157248698,149.03768339577124,146.80598704035106,147.48519897460938,6615100
2023-09-20,147.37050671710287,148.64070263178075,146.95592411689827,147.03530883789062,5939100
2023-09-21,147.41461291615505,148.076179233277,145.58869687989107,145.71218872070312,7150000
2023-09-22,146.62958367413864,147.67927125784408,146.37378390329798,146.67369079589844,5963000
2023-09-25,146.71776398993367,148.8788778603788,146.4178571666851,148.817138671875,5510000
2023-09-26,147.69688245506725,148.55250927175697,147.29111587267388,148.01443481445312,5659200
2023-09-27,149.3993198759233,151.0400049687171,148.90535248619648,150.87240600585938,9124400
2023-09-28,150.4401862517845,151.45458257473865,149.4522380456815,150.4754638671875,7151800
2023-09-29,150.38724628580172,150.3960623237665,148.0320720276138,148.73773193359375,7396100
2023-10-02,148.49080800058172,148.69369809177738,145.74751161493566,146.90304565429688,6839600
2023-10-03,146.35612001055557,147.62632958418,145.9944605009204,147.2470245361328,6168600
2023-10-04,145.2799590843624,145.5269427634981,142.44846281298447,143.81568908691406,9664700
2023-10-05,142.3867194040865,145.32407562829627,142.36025782671902,144.5742950439453,8073000
2023-10-06,144.9359572168681,144.98888037257785,140.24325346270834,143.10121154785156,10190400
2023-10-09,146.7618912313194,148.35846928774146,145.50049765760753,147.06179809570312,8183500
2023-10-10,147.10593574549256,147.66164247198822,146.14444883660553,146.90304565429688,6512900
2023-10-11,145.6063227958464,145.61513883343028,141.55752725135886,142.10443115234375,12570700
2023-10-12,144.0097392265142,144.0097392265142,141.9280101813934,142.21910095214844,7397000
2023-10-13,144.1420714965985,145.40345147268786,143.16295281504338,144.71542358398438,8042800
2023-10-16,145.84452251747268,146.25910522664364,144.5302191480446,145.89744567871094,5446000
2023-10-17,145.39461894631057,148.3672522683475,145.23583605021506,147.8291778564453,7538300
2023-10-18,148.60544325781748,149.69040828999974,147.82038507036825,149.00238037109375,6893500
2023-10-19,148.80833509452458,150.10500633457718,147.75864757071025,149.1611785888672,6580200
2023-10-20,148.55254560904615,149.16118890171546,146.51492307939955,147.15884399414062,7458300
2023-10-23,144.04505936823935,145.04181025272257,141.35468666491175,141.73397827148438,16232400
2023-10-24,141.9192290724539,142.08682805379863,138.02039921964743,138.17916870117188,17689900
2023-10-25,138.43496046621382,138.8495431054068,136.87366017520205,137.49111938476562,10502400
2023-10-26,136.73252724089264,136.8824806638327,135.5152543194965,136.50318908691406,10830400
2023-10-27,132.94835868991507,133.41586444392578,126.98544622204264,127.32946014404297,24524300
2023-10-30,128.48499678691496,129.17302464722064,127.30300158686171,128.86428833007812,13857100
2023-10-31,128.87315012371602,129.24362572136812,127.22363528560311,128.54676818847656,14261300
2023-11-01,128.76725131518188,128.79371288845167,126.86195074175711,127.0030746459961,10819600
2023-11-02,127.49706781816313,131.43118851057042,126.87079251095999,131.219482421875,11099100
2023-11-03,130.81372131596441,131.04305947011838,128.91722305111574,130.205078125,13160000
2023-11-06,131.19300132006612,131.72225973324305,129.39354694254544,129.6669921875,10634200
2023-11-07,128.04396687210112,128.44090399582421,126.3503586071745,127.38240051269531,15054600
2023-11-08,126.91490627684992,127.59410477690533,125.47709761746428,125.60940551757812,12654100
2023-11-09,126.1827548828046,126.94135148469205,125.06249878777976,125.2036361694336,10359500
2023-11-10,126.39443500992942,126.52675633950923,125.0183793237407,126.09452819824219,11988200
2023-11-13,126.27095612861902,127.28536592103612,126.00634036152042,127.02073669433594,8747700
2023-11-14,127.44411786526588,128.34385172854567,126.89722740895841,127.94691467285156,11224400
2023-11-15,127.77934552791179,129.34946204110184,127.38240837967436,128.3968048095703,10052100
2023-11-16,127.47872400837792,127.91546941453589,125.4464814797613,126.36455535888672,14031300
2023-11-17,127.41631322994333,129.41290817675628,126.92607634560417,128.76223754882812,11075600
2023-11-20,128.91375166042565,129.8585643370202,128.59287060038514,128.69091796875,8062400
2023-11-21,128.20069046093045,128.61961891983708,127.19347774900301,128.3878631591797,6783300
2023-11-22,126.33782326052354,128.69985548544577,125.42865778497003,128.64637756347656,7216100
2023-11-24,128.6196261765942,130.08141483886308,128.53048724812902,129.1544189453125,3861000
2023-11-27,128.9315921071552,129.0831310137733,127.32720011466758,128.67311096191406,9850800
2023-11-28,129.0474495300826,130.598376957589,128.40568739461025,129.6981201171875,9746500
2023-11-29,130.48252534374626,130.57166428077005,127.51437826999172,128.2720184326172,16417100
2023-11-30,129.22570682631132,130.14378052066442,126.59627206285282,127.99567413330078,16276000
2023-12-01,127.89764850652409,130.5894700869656,127.10436099693723,129.07420349121094,11906500
2023-12-04,128.3522436856186,129.86751050899073,127.68374241642266,129.12770080566406,11842800
2023-12-05,129.02963622955195,129.30596147527802,127.13110212628156,127.33610534667969,9597600
2023-12-06,126.48043912009749,128.37898714331027,125.99021571941061,127.04198455810547,18079700
2023-12-07,127.91546042129053,128.36112784975384,125.66930637433266,126.94390869140625,14786700
2023-12-08,127.91545420922348,128.94940585721142,127.56783417593148,128.62852478027344,10821700
2023-12-11,129.10092992041706,129.60007523521642,128.1917782116138,128.6641845703125,9849600
2023-12-12,127.6124057154792,127.98676471122329,126.34671189157586,127.01521301269531,9863900
2023-12-13,126.72109081849364,128.95833669280745,126.25759282675686,128.8959503173828,10641300
2023-12-14,130.00119828316815,133.63783264160156,130.00119828316815,133.63783264160156,14960500
2023-12-15,131.31145621642276,133.53979333439878,131.31145621642276,133.12086486816406,30850900
2023-12-18,134.44003651994788,135.58985248754587,133.09412579807884,133.4149932861328,11561700
2023-12-19,133.66456669388722,135.3313583441135,133.24563826831871,135.16200256347656,8738100
2023-12-20,135.61661146225688,136.42772955640208,133.75372462240534,133.92308044433594,9370000
2023-12-21,134.39545520904767,134.41328571259774,133.00497514730492,134.33306884765625,7264700
2023-12-22,135.25117749956644,135.83053980801847,134.36875095525272,134.6361541748047,6396100
2023-12-26,135.5452923215089,136.38313562597241,135.39375343381943,135.8483428955078,5165600
2023-12-27,135.7235758262411,136.34750756734022,134.89462725538007,135.40269470214844,5337200
2023-12-28,134.75201120067473,135.500742895134,133.1654360778713,133.4952392578125,8148000
2023-12-29,133.72696452442923,133.90522877171435,132.51474860192414,132.95150756835938,7658600
2024-01-02,133.69132962621646,135.01940995336034,133.0228284358206,133.2367401123047,8879700
2024-01-03,133.15651195374488,136.5435870849649,132.52365822947579,135.77703857421875,10255300
2024-01-04,136.962533324466,137.57755662345585,134.22612846680198,134.2885284423828,8220300
2024-01-05,135.46508887982245,135.50965834975966,133.548724078757,134.05677795410156,7455400
2024-01-08,132.2919039426521,133.43281135167055,130.65185124227423,133.25454711914062,10038200
2024-01-09,133.6556660143719,133.6556660143719,129.76944529240183,129.86749267578125,11784700
2024-01-10,130.1527148208784,130.1527148208784,128.45026204271312,128.79788208007812,8490400
2024-01-11,129.74269094136488,130.2864057118397,128.9048340556473,129.4931182861328,8612500
2024-01-12,131.76605215258837,132.36324495904103,130.28643281682616,131.26690673828125,9386900
2024-01-16,130.5894697921508,130.65186976276078,127.97786509369246,128.07591247558594,9380400
2024-01-17,126.94391648753776,128.3700577864816,126.60520486888304,127.5678482055664,8167000
2024-01-18,127.46091035639418,127.63026618962199,124.44819357756663,126.40914154052734,11187800
2024-01-19,126.32887308747601,126.79237097586196,125.68711096530755,126.78346252441406,11192500
2024-01-22,126.48933365671894,127.15783480388556,125.60690724621037,127.00630950927734,9184600
2024-01-23,126.560662562532,127.75504820795666,126.48043207536125,126.64978790283203,6767200
2024-01-24,127.1934768113207,129.22571912432875,126.76563990350061,129.1722412109375,8100000
2024-01-25,130.3309862694579,132.53258449469044,129.44855984859157,132.42562866210938,9773600
2024-01-26,131.94428788296287,133.04062586653058,131.00838363327304,132.9336700439453,9151900
2024-01-29,132.88909643965565,133.00497431096863,131.12425741859403,132.88018798828125,10494800
2024-01-30,132.0780131324532,133.97656102548655,131.65909819711794,133.8072052001953,9902900
2024-01-31,134.03001138783728,134.03893344040276,131.32926799433113,131.40948486328125,10428000
2024-02-01,132.08690694585164,132.82671646617845,130.59837945339518,131.8195037841797,8641100
2024-02-02,134.466791789388,136.7129596830803,133.2991451750213,135.69683837890625,12839100
2024-02-05,135.14418484994968,136.82880716301284,134.40437529649893,135.77703857421875,8277800
2024-02-06,135.92857089202067,136.8555531944556,135.31354764105438,135.7948760986328,6198200
2024-02-07,136.3920882812809,137.06949799880442,134.74311305747727,135.5988006591797,6252000
2024-02-08,135.43834397627327,137.53298656519485,135.17094076907384,137.31906127929688,9237000
2024-02-09,137.63994433175793,138.4421539645697,134.57374986115414,134.62722778320312,9194500
2024-02-12,135.1441944354435,136.02662089085206,134.9391912147414,135.55421447753906,6713000
2024-02-13,136.0355486228265,136.4366602689346,133.34372661094454,134.2350616455078,6987100
2024-02-14,134.8411433585526,135.6611698391804,133.77154419254646,134.60047912597656,5995100
2024-02-15,135.07804188754642,139.7455307178013,134.86178232336198,139.17787170410156,8950300
2024-02-16,139.9978463017798,140.35827895930183,138.8444892959093,139.33106994628906,7570200
2024-02-20,140.08794261298942,140.2140905920782,138.61020325119276,138.7633819580078,6977900
2024-02-21,139.27700965034418,140.17807067803892,138.85350986739965,140.06092834472656,6628900
2024-02-22,139.50226116797623,141.13317926762193,138.61020588873907,140.05189514160156,8874900
2024-02-23,139.547323645894,139.59237944925766,138.0876091107972,139.3581085205078,6561600
2024-02-26,139.24996120895628,140.16004162046207,138.61021559698858,139.1688690185547,6900800
2024-02-27,138.04250484999218,138.6552333126283,135.06900161009872,137.10540771484375,15093800
2024-02-28,137.28564897038777,138.63724041585007,136.76303196158378,137.2676239013672,6715900
2024-02-29,137.78125436695095,138.07860617610123,136.49272986063303,136.9702911376953,9334400
2024-03-01,137.90736061970398,139.0787424301627,137.18650921718347,137.69110107421875,7459100
2024-03-04,137.4117841037204,137.4928762830801,133.05965840647804,134.1499481201172,12503200
2024-03-05,134.1049020010919,135.71779504191807,133.6273408005015,134.78970336914062,6985500
2024-03-06,135.90701004155693,137.33068783849384,133.4831541483142,133.65435791015625,14692100
2024-03-07,133.8075426044773,135.83492961363606,133.7624868100097,134.59146118164062,8739300
2024-03-08,134.59146028008212,135.15012737936146,133.70842446064432,135.05101013183594,7528400
2024-03-11,135.6096816815828,137.03335972387944,134.78971286465438,136.96127319335938,7577100
2024-03-12,136.8080906405083,137.4748807173201,135.87097951909178,136.86215209960938,6432900
2024-03-13,138.0785767809531,139.55631610180163,137.9974708509232,138.6642608642578,8065600
2024-03-14,138.55612524385361,140.3221967401222,137.64604502212526,140.295166015625,9047200
2024-03-15,139.8356669096767,141.50262160701172,139.14184604964075,140.16004943847656,20387200
2024-03-18,140.59255849633897,141.16923703463752,139.61040522392597,140.03390502929688,7242700
2024-03-19,139.93479772944286,141.32242583481948,139.67348229946228,141.1241912841797,7736700
2024-03-20,140.3492482148076,140.9529573996628,138.9706260652385,139.25897216796875,8449100
2024-03-21,139.61942228174703,140.2862124816552,139.1328553109128,139.538330078125,7899100
2024-03-22,139.73655252038103,139.91676198473482,138.90757798507292,139.3581085205078,5974700
2024-03-25,140.09694318322897,141.74588626012323,139.90772809601867,140.98899841308594,6058700
2024-03-26,141.03405623003303,141.34041363692782,139.34906299391525,139.90773010253906,6677900
2024-03-27,139.5472946268687,140.96196681351992,139.52928330854937,140.88087463378906,7416900
2024-03-28,141.6017253968146,142.53883650154285,140.89889894281805,142.13336181640625,8331600
2024-04-01,142.6109325630613,143.80032596891922,141.4125197475112,143.34078979492188,6285700
2024-04-02,144.21478685294582,145.2690263614463,143.28669530916085,143.97149658203125,8815400
2024-04-03,144.25985049035484,145.0257439788232,143.91744296074683,144.5662078857422,7819700
2024-04-04,144.8905906343279,145.92680513510663,144.00755483154532,144.79147338867188,9269700
2024-04-05,145.36817513041976,146.1250630828743,144.0436143390743,145.61146545410156,7432800
2024-04-08,145.65649598191155,146.42240328334086,144.46710268631057,145.31410217285156,7253200
2024-04-09,145.83672440505333,146.44943926891278,144.5842501988942,145.9718780517578,6576200
2024-04-10,146.16109646254927,146.66568837299036,145.07981236977733,146.57557678222656,7525800
2024-04-11,147.43158855509924,147.43158855509924,143.98954286825756,145.8727569580078,7682500
2024-04-12,146.23315596089046,147.65683372130388,142.40364743575276,143.23263549804688,11071000
2024-04-15,144.1156983091406,144.61128460816715,141.7909592829703,141.99819946289062,7236900
2024-04-16,141.7368807574209,142.19641686167998,140.0428818843828,140.8177947998047,5541900
2024-04-17,140.55649406120205,142.1063199016378,140.24111724808736,140.92591857910156,6733900
2024-04-18,141.59271547950118,142.40366482539125,140.91691977489322,141.9801788330078,4979200
2024-04-19,143.04342782497406,144.84554975032808,142.5027857477282,144.1697540283203,7734700
2024-04-22,144.12471933468566,146.60263734489132,142.76412203148556,145.89981079101562,6779200
2024-04-23,145.35012106604427,146.73776245117188,144.71037557281173,146.73776245117188,5597600
2024-04-24,145.86375564927758,147.6298274682471,145.4762922788581,147.3865509033203,7610300
2024-04-25,147.50367495257288,149.21569900920727,146.57558327282172,148.92735290527344,9702600
2024-04-26,148.88231665804042,150.4591735296051,147.14327539354036,149.47702026367188,9736400
2024-04-29,149.4950301602245,150.57630058400795,148.39573466713315,149.87347412109375,6364000
2024-04-30,149.54908585645765,149.68423949831043,145.02575607143385,145.31410217285156,8457300
2024-05-01,144.87259471413785,145.47630396855865,143.17859553814478,143.8363800048828,7713700
2024-05-02,144.53919753829743,145.77364670199657,144.07064197105043,144.82752990722656,8597100
2024-05-03,144.76447312423142,144.76447312423142,141.50262273933635,144.39503479003906,11664500
2024-05-06,144.82751528085316,147.7920133551362,144.82751528085316,146.2421875,8430300
2024-05-07,146.25119430421466,147.0080821698763,145.98989268955708,146.57557678222656,6869900
2024-05-08,145.926827621987,146.94503096161955,145.55738930860352,146.4584503173828,6706400
2024-05-09,146.89094927953943,149.13458208311135,146.6296339234709,149.0805206298828,6683300
2024-05-10,149.6121764779694,149.9545840899226,148.69310407078078,149.41395568847656,5490900
2024-05-13,150.00862249196942,150.39608584841423,146.85490917988383,148.25155639648438,6848300
2024-05-14,148.0803475227277,148.85526045986066,146.89095426404594,147.42257690429688,4924000
2024-05-15,146.9900552651478,147.59376436177635,144.32290920106777,146.91796875,7603100
2024-05-16,147.018087214329,147.44586336104084,146.06241680384656,146.61761474609375,6409400
2024-05-17,147.21831887670848,148.3287147267205,146.70863171039483,148.0556640625,5497900
2024-05-20,148.10121650568928,148.3560601605743,146.59945826169286,146.6631622314453,4913800
2024-05-21,146.15346464379135,146.95440972449833,145.38893373290014,145.5982666015625,4783300
2024-05-22,145.18868814083967,145.18868814083967,142.458208873308,143.41387939453125,6260500
2024-05-23,143.73242200158515,144.35133783586426,142.28527137298533,142.84046936035156,6718400
2024-05-24,143.87806742279253,144.68810911501703,143.16814386726708,143.5777130126953,4477700
2024-05-28,143.91448557465972,145.09769627676323,143.75976005108336,144.7518310546875,6928300
2024-05-29,143.82345027250287,144.2512264740353,142.38539617406514,142.80406188964844,5909600
2024-05-30,142.75858573184198,144.22394372493957,142.72217155863203,144.04190063476562,6369600
2024-05-31,144.3786335101291,147.97376144432852,144.2694049054693,147.7189178466797,10334200
2024-06-03,146.9816936686252,147.1546123442493,142.40359152865426,143.31375122070312,9009900
2024-06-04,141.73007214996548,142.30347721544126,140.2647144510325,142.10324096679688,6360500
2024-06-05,142.13056013517442,142.91329813209674,140.64699519162784,141.0565643310547,7058500
2024-06-06,140.61969695160832,142.00314381347633,139.6094189616812,141.9212188720703,5215100
2024-06-07,141.72098458541714,143.52309705014395,141.193090249702,142.0577392578125,5887700
2024-06-10,142.3580928751492,143.9872727518,142.27618182900196,142.658447265625,7074700
2024-06-11,142.13965040888766,142.66754474499083,140.60147816691975,142.430908203125,5132000
2024-06-12,143.34109507994117,143.46851691702787,138.708370393997,140.3648681640625,10017400
2024-06-13,139.95528155086876,140.24652547599675,138.5536276293836,139.10882568359375,6163000
2024-06-14,139.37275482048312,139.5183698129671,138.31696626935133,138.86306762695312,6159100
2024-06-17,138.79937093230114,140.10089279352235,138.28057317473807,139.42738342285156,6321400
2024-06-18,139.7550305649433,141.93940838124195,139.10881104019097,139.55479431152344,6942900
2024-06-20,139.90065210376386,143.26824018021614,139.48197253554338,142.56741333007812,8336000
2024-06-21,142.71305181344746,143.50488635311672,141.2749977395185,141.32960510253906,21289800
2024-06-24,142.2306788537103,145.20689146357125,142.1578644016123,144.99755859375,7971600
2024-06-25,144.82463294297307,145.04307630973025,143.5049039193331,144.22393798828125,5985400
2024-06-26,144.22394817171454,144.22394817171454,141.79380894475685,141.93943786621094,8637800
2024-06-27,142.62202006022753,142.84046338458776,141.65725301485557,142.2761688232422,5568700
2024-06-28,143.36836878770984,144.3331359079016,142.13964756078738,142.3671875,11283400
2024-07-01,143.04070785395447,144.4423477407311,141.96671214066146,142.4582061767578,5584100
2024-07-02,143.51398340929924,143.55039757671966,141.48433104558495,142.66754150390625,7216800
2024-07-03,142.84046687754145,143.56859742194618,142.4946017441638,142.63113403320312,3264200
2024-07-05,142.4855251174596,142.4855251174596,139.8733569440845,140.44676208496094,6183100
2024-07-08,139.54570940744264,141.32961486638922,139.54570940744264,140.4649658203125,4990700
2024-07-09,139.25444365613683,140.85631983840673,138.6628453657132,139.23623657226562,5301600
2024-07-10,138.79936015973877,141.47523201374045,138.61733098957538,141.19308471679688,5416600
2024-07-11,141.07474959260918,142.60381118004955,140.36482615730694,141.31138610839844,8322500
2024-07-12,142.13055310653235,142.38539673125925,140.6742919184335,141.61175537109375,6446300
2024-07-15,142.84955831497103,145.18867534758846,142.3216640365445,143.8416290283203,5661200
2024-07-16,142.90417122063786,144.08738162249327,142.12143331368137,143.5959014892578,6924200
2024-07-17,144.26030886295945,146.9725808128969,144.0691692200208,146.7450408935547,7296600
2024-07-18,146.74507106098122,149.5210614252231,145.84402168342908,147.41859436035156,6577700
2024-07-19,147.88276255534822,148.0829988252807,144.17841933747064,144.8519287109375,6427700
2024-07-22,144.00547894905142,144.69719536992855,142.75856451670194,142.885986328125,5577300
2024-07-23,142.30347556074514,142.53101548720113,140.01896581084873,140.2465057373047,6238700
2024-07-24,140.79262359669312,141.71188000752383,139.6367167463683,141.13848876953125,5971700
2024-07-25,141.4115361473497,144.04189764569978,140.72891623717643,143.38658142089844,5432100
2024-07-26,143.5594888088332,144.7517958204773,142.94968346272267,143.65960693359375,5232500
2024-07-29,144.0327791369294,144.0327791369294,140.9473381678074,142.53102111816406,5072000
2024-07-30,142.4035946349963,145.70746494540745,142.38538755213642,145.23419189453125,5740900
2024-07-31,147.1637254226745,147.1637254226745,145.67106405692905,146.05332946777344,6209200
2024-08-01,144.45146834603773,145.17048847922396,138.37159364442854,138.90858459472656,16689900
2024-08-02,137.55246832816383,138.38070327147489,133.81171063267848,135.20425415039062,13278600
2024-08-05,132.44646483061686,132.6740047923781,130.52602699783432,131.66372680664062,13037200
2024-08-06,131.50902362501205,132.05511129318415,130.2620949790765,130.36221313476562,9692700
2024-08-07,131.5909050777022,132.63758328876656,129.4975347676371,129.61585998535156,8867900
2024-08-08,130.21654713800893,131.80932651751303,129.88888911013643,131.50897216796875,7531100
2024-08-09,131.25414206640227,132.9834400152559,130.3257752440391,131.9640655517578,7653100
2024-08-12,132.7376872573409,133.55683931974662,127.14021065994189,131.99136352539062,8442200
2024-08-13,131.13583521565064,131.56361146388772,130.19837166430662,131.1995391845703,7794800
2024-08-14,131.4179926326096,132.19163413355625,130.54423298316328,131.67283630371094,5874200
2024-08-15,132.51015081912067,134.2667663073062,132.41003269401233,133.6114501953125,6304200
2024-08-16,132.9288343400189,134.35777792659786,132.555665509204,134.0392303466797,6874400
2024-08-19,134.3797393308357,135.96273586793907,134.26930228422736,135.13442993164062,5967400
2024-08-20,134.67425359642834,134.8399091623433,133.0452369814256,133.16488647460938,7497600
2024-08-21,133.84594506232816,134.95957017616814,133.03604993199528,133.74472045898438,5985000
2024-08-22,133.77234824727344,134.67428374256218,133.56987092580871,134.1220703125,4027000
2024-08-23,134.85833717139946,136.2940750987591,134.66507231991542,135.86151123046875,4824100
2024-08-26,137.10398109448505,138.13476439390445,135.7970911131871,136.67141723632812,5780300
2024-08-27,136.82786965500966,137.6377788154605,135.0516082066384,135.244873046875,5100000
2024-08-28,134.7755143109977,135.41975391180773,133.8919756846225,134.3705596923828,5614400
2024-08-29,134.79390475005312,136.37688722508886,133.85514773486767,135.67742919921875,4466700
2024-08-30,134.57302711931052,136.28487167196488,134.09444314669506,136.16522216796875,6414800
2024-09-03,133.95640622590008,134.15888353454173,132.7875624975361,133.13729858398438,7944700
2024-09-04,133.1188836811256,133.93799129815287,130.3854541408882,130.75360107421875,9820700
2024-09-05,131.7659876556218,131.7659876556218,129.4007047953898,129.70440673828125,9371100
2024-09-06,129.8332484797508,130.7904023730332,126.88812933008732,127.5231704711914,7836400
2024-09-09,127.59679471415298,130.70756931790174,127.50475447817041,129.12457275390625,9892300
2024-09-10,129.67679013840572,129.84245977762282,126.17027292594524,127.21946716308594,8202500
2024-09-11,127.20108538977003,127.44956881292387,124.58729087368205,126.89736938476562,9534000
2024-09-12,127.21947985365328,128.36071445346437,126.47400151123809,128.12142944335938,6591500
2024-09-13,128.72882033845818,130.25659842268436,128.5815756173155,129.40988159179688,5900700
2024-09-16,130.4038702689882,131.76597886894018,129.8332600534752,130.77200317382812,6864300
2024-09-17,130.50508903609796,132.6586956922917,130.44987051312395,131.98684692382812,7338800
2024-09-18,131.90402099987674,134.0024091626943,131.78437150283344,132.4930419921875,6180300
2024-09-19,134.1956861534244,135.08842315062245,133.38577694935947,133.44100952148438,7247400
2024-09-20,133.66188154334893,134.28772429397182,132.0144679400095,134.07603454589844,23162900
2024-09-23,134.60066214501518,136.59781216479988,134.3245554139921,135.78790283203125,6960600
2024-09-24,137.02116541403373,137.2236427290834,135.2080820295975,135.70506286621094,6014200
2024-09-25,135.24487077559326,135.66823620509228,132.06967920614022,132.5022430419922,7888400
2024-09-26,129.67677412597953,131.8119840534857,129.42829076289192,130.67996215820312,8046200
2024-09-27,131.5910909575105,134.15886462639958,131.46224305593182,133.9011688232422,8049200
2024-09-30,133.79073186622875,135.73266304445818,132.78755780915915,135.53939819335938,7491700
2024-10-01,134.69268156663156,138.53052380837298,133.86436150170067,137.7758331298828,9489100
2024-10-02,139.5981337227315,140.1503471741922,137.37089714368375,138.92628479003906,8105400
2024-10-03,139.2575958501763,140.04909422675163,138.07035530699832,139.20237731933594,6553300
2024-10-04,140.3343952300302,140.35280608756221,138.18078832998057,138.73300170898438,7892400
2024-10-07,139.4324845513843,140.58291759223732,138.6870061878511,139.08274841308594,5895900
2024-10-08,137.31564221496092,137.68378909948996,135.96273225647312,136.9014892578125,5892700
2024-10-09,135.7602721812501,138.3924630548107,135.62222585916646,137.7298126220703,4973500
2024-10-10,138.6777618612906,139.47847262317748,137.91388685590496,138.62254333496094,4420900
2024-10-11,138.4016869290693,140.19635948113878,138.28203741114112,139.3588409423828,5051300
2024-10-14,138.530523790586,139.800592087259,138.21759538741074,139.69015502929688,4214700
2024-10-15,136.94753056561333,138.01513563090145,135.80629611202568,135.96275329589844,6704600
2024-10-16,136.53338036954534,137.15920911798614,136.40453244819753,136.8831024169922,4303700
2024-10-17,137.37086769163452,139.2759910516849,137.10397347478533,139.15634155273438,6593100
2024-10-18,138.80663373969358,139.0459187186893,137.48133283953612,138.74220275878906,5208200
2024-10-21,139.89263023165688,140.33439250024503,138.5029124474685,138.86184692382812,5074000
2024-10-22,139.2023670636628,139.5981092011093,138.2544115717566,138.89865112304688,4416400
2024-10-23,138.38324581868784,138.9722667850487,137.39846871058663,138.49368286132812,5248600
2024-10-24,139.09193774344467,139.38644125039323,137.48133175398698,138.46609497070312,5474300
2024-10-25,139.33122685968866,140.00307573167763,138.4753115349675,138.79742431640625,6839900
2024-10-28,136.44133292329687,138.6961784496117,136.3585051303794,138.54891967773438,8892000
2024-10-29,138.08872001103893,138.4384560161949,136.09157069762549,136.68980407714844,6014700
2024-10-30,137.20523404909025,137.72982416032482,135.8983439315263,136.2572784423828,5784000
2024-10-31,136.91069455603778,137.65618676847583,136.1099978623509,136.96592712402344,8400900
2024-11-01,140.33441111407603,143.50960329431481,139.6165420661393,140.87742614746094,11728000
2024-11-04,142.11985671141093,142.11985671141093,140.4632307638051,141.70570373535156,6130000
2024-11-05,142.22110619153864,142.3499541059839,140.39882453199297,141.19032287597656,5978900
2024-11-06,144.58638755454777,145.9761052024692,143.68443820526775,145.15699768066406,12118900
2024-11-07,145.35948774437392,145.4239046787779,143.94214666705662,144.28268432617188,8143200
2024-11-08,144.12622973341144,145.0281651348168,143.27030041024668,144.429931640625,6041500
2024-11-11,144.62321601244963,145.35949585599283,143.48198155278916,144.03419494628906,7771700
2024-11-12,144.77046769129987,144.9269248683336,142.76410556710687,142.92056274414062,5681900
2024-11-13,143.63843504229396,146.35345346441008,142.2210940609175,146.0773468017578,8824000
2024-11-14,147.10814816690475,148.93964234638713,146.9608893895517,148.9120330810547,10111200
2024-11-15,148.65434188530503,149.44584028408616,147.95486969271636,148.5623016357422,9022800
2024-11-18,149.27819774728187,150.17074928097935,147.89290215541206,149.46414184570312,6075400
2024-11-19,148.73894014252798,149.15731788309816,147.59537053520296,148.38565063476562,4657400
2024-11-20,148.67387332988076,150.09636622900356,148.55300328399937,149.9940948486328,6391300
2024-11-21,150.63560618603006,151.22132934615348,149.95688970319947,150.27301025390625,7945200
2024-11-22,150.1614258704315,151.18413957601018,149.8267208564806,150.9517059326172,7005900
2024-11-25,150.75645805342197,151.70479130722237,148.5994811822449,149.0922393798828,10702400
2024-11-26,150.90522897031633,151.49096634030747,150.05916703291246,151.10977172851562,7369500
2024-11-27,151.32360590297588,153.10869472122178,150.25441673453363,150.7192840576172,7674500
2024-11-29,150.849447557934,151.31431488476895,149.37117286338895,150.5519256591797,5077000
2024-12-02,150.88662214322034,151.5002503846256,148.85980752276708,150.812255859375,6229600
2024-12-03,151.5281495172931,151.732692275537,150.04987482631438,150.54263305664062,5900100
2024-12-04,150.45895046324478,150.46824270196393,146.76790300451475,147.19558715820312,7862700
2024-12-05,148.09743096418094,149.38046936255313,147.53959866804655,148.13462829589844,6358400
2024-12-06,147.59534838426788,147.66972884490346,144.26689725059333,144.3319854736328,9701700
2024-12-09,145.96832888188183,148.8319130871824,145.80098346726547,146.04270935058594,9404500
2024-12-10,147.88357363610416,148.31125776654193,145.68939955463145,145.96832275390625,9126200
2024-12-11,145.83816272791634,146.12637816983616,144.85264637040086,145.2338409423828,13764700
2024-12-12,144.91771465655845,145.53134284270126,143.43014794100895,143.8392333984375,7621500
2024-12-13,143.98799265465428,144.07167955030982,142.314481727529,143.05825805664062,5816200
2024-12-16,143.07685461308085,143.07685461308085,138.76288670931487,138.8651580810547,11961200
2024-12-17,137.60073154823394,138.20505341078893,136.58732415986472,137.7030029296875,11909300
2024-12-18,137.37759363093582,138.223655609438,133.86319761352357,133.9561767578125,10174500
2024-12-19,134.41172976963088,134.58836741614053,131.04608107510037,131.23202514648438,16544300
2024-12-20,130.92523147427602,132.81259155273438,130.67419916329482,132.81259155273438,32209200
2024-12-23,132.4685735269605,133.27745222512988,131.5946207879173,132.9241485595703,8156500
2024-12-24,133.04502246631927,133.91896104420366,132.26403464671446,133.73301696777344,3556100
2024-12-26,133.574959002354,134.16998853756215,132.85905943782097,133.86317443847656,4492600
2024-12-27,134.15137638961218,135.47161178143546,133.31462106648866,133.8817596435547,5296500
2024-12-30,133.68653147835232,133.86318332166576,132.34772557525795,133.0171356201172,6194800
2024-12-31,133.43552312190937,135.12763283553022,133.2495790261942,134.6627655029297,6137800
2025-01-02,135.25778343374816,137.6658067903799,135.25778343374816,136.4013671875,7170300
2025-01-03,137.17304353610888,138.06559503908252,136.9499163003341,137.46127319335938,5809000
2025-01-06,137.9726012853109,139.76699634047313,136.55010856142178,136.91270446777344,5888700
2025-01-07,138.07487968533394,139.9250566377621,137.25672288811055,139.07899475097656,7736000
2025-01-08,137.63789606935364,140.5572619789085,137.62860383106982,139.73910522460938,7640900
2025-01-10,142.63059470329458,143.49524110998226,140.26906077026894,142.3795623779297,11074700
2025-01-13,143.27211210840724,146.29374965486872,143.17913297078937,144.4342803955078,11774100
2025-01-14,144.30411141767425,145.88465737745307,143.60681047777558,145.87535095214844,6830200
2025-01-15,145.8567674386872,147.53958478157043,145.39190014234933,147.2048797607422,7900000
2025-01-16,146.92595917019986,148.66455834984095,146.92595917019986,148.1811065673828,5578900
2025-01-17,147.94866164533306,150.4031602594104,147.6418475452455,150.12423706054688,9260400
2025-01-21,149.82671732501402,150.05915096292847,146.42389964778005,147.12120056152344,10131400
2025-01-22,146.60053721145547,147.30714454974773,145.2896222762062,145.41978454589844,7232200
2025-01-23,146.55407711565226,146.84229258669527,144.68530139358325,145.0478973388672,5979800
2025-01-24,145.46627746251764,146.40530427360363,144.35989105132919,144.7131805419922,8003800
2025-01-27,145.34540400290746,146.79578763203577,144.59232128675418,146.18215942382812,7141000
2025-01-28,146.62844277357416,147.7534136395594,144.27620129993784,145.2338409423828,6425400
2025-01-29,144.7782876343959,145.5778600384236,143.93222565835922,144.75039672851562,5630600
2025-01-30,145.55924783175473,146.38671106468857,144.59233008239215,145.33612060546875,6931900
2025-01-31,142.95600302428969,143.523141761371,138.20505811790792,138.70712280273438,16726800
2025-02-03,138.53045126740727,140.25975813928414,137.41477261801464,138.8465576171875,7605000
2025-02-04,138.27012809896868,142.6119868922843,138.27012809896868,142.4539337158203,8458100
2025-02-05,142.24009704589844,142.99317977813263,141.589271497259,142.24009704589844,6533700
2025-02-06,143.38367572069754,144.35059349342643,140.44571088619017,141.2266845703125,6420500
2025-02-07,141.76591012741918,143.00245869335376,141.24526108631457,141.8960723876953,4724900
2025-02-10,143.44875059223455,144.8526589705263,143.2349155984392,144.82476806640625,5653800
2025-02-11,145.36400362657568,147.55817774803197,145.1501544641483,146.37741088867188,6011800
2025-02-12,145.73589909044216,146.40530913985452,143.7090844645056,144.01588439941406,6693500
2025-02-13,143.90430359564706,145.42906759568535,142.54689918128085,144.92701721191406,7836400
2025-02-14,145.78247894949376,148.01038557318716,145.59447243316137,146.02688598632812,5828800
2025-02-18,146.02686895914744,147.87876233423955,145.50044503720824,146.79771423339844,5981500
2025-02-19,147.13614832605077,148.86583122089658,146.6473199100369,147.80357360839844,4945800
2025-02-20,148.0573806503479,149.42044573039703,147.65316738510975,149.27003479003906,6256200
2025-02-21,148.6496397181166,149.42047081489778,147.4181804181508,147.51217651367188,6689800
2025-02-24,147.67198598888035,148.83764948166439,147.35237343801325,148.4240264892578,5925000
2025-02-25,148.51800998592904,149.45805685485806,146.13969255505674,147.04212951660156,6810900
2025-02-26,147.23013250396124,147.29594266832282,145.1432273572811,145.8388671875,6005200
2025-02-27,146.35590344453442,148.80001676626608,145.5286575864833,147.2771453857422,7517200
2025-02-28,147.30534122835604,149.1572347043451,145.63205895217968,149.1102294921875,8828500
2025-03-03,149.8998979658722,150.49211781025065,142.66152473388627,143.9117889404297,9059800
2025-03-04,142.14448480810174,144.90821038749633,141.05402706321144,142.88711547851562,8826300
2025-03-05,141.14802877129307,142.29488707565994,138.8825267645141,141.76846313476562,9288300
2025-03-06,141.48646497188867,144.13740432515814,140.50882242973344,143.78018188476562,7314700
2025-03-07,144.72022260582852,148.01038687449488,144.49462052183725,146.96693420410156,8562600
2025-03-10,147.76596182269063,150.75530382299428,146.80711005067909,148.12318420410156,11750300
2025-03-11,148.93163342578228,149.3170561230708,144.56981609231084,144.84243774414062,10466300
2025-03-12,144.42881447286427,145.50986274011296,143.09394950990446,143.5169677734375,9710200
2025-03-13,143.13152007634739,145.17141990354781,142.8119076080802,144.4005889892578,9022800
2025-03-14,144.75782964850285,147.8129821231777,143.8365733438601,147.60617065429688,6671500
2025-03-17,147.79416860042133,149.89046908366245,147.36174073310963,149.20423889160156,7615200
2025-03-18,150.16308739372315,151.43214202140734,149.29824602215257,151.16893005371094,9289500
2025-03-19,151.3193450949412,154.6753049460832,151.25353492924393,154.21469116210938,11503900
2025-03-20,153.34984899061942,155.3991442620311,152.67301410333303,154.8915252685547,9545900
2025-03-21,154.62831941078954,155.0043324323863,153.33105010151925,154.8727264404297,21625500
2025-03-24,154.81633917232574,156.452011734644,154.46852638038058,155.12655639648438,8068000
2025-03-25,156.12298477127683,157.75867147717855,155.21113816639777,155.9913787841797,7869200
2025-03-26,157.33563960389327,158.83032502445533,157.22283856987983,157.89967346191406,10076100
2025-03-27,157.22283205241297,158.13467862349364,155.90677223022243,156.65879821777344,6862700
2025-03-28,156.7057991184396,157.11002670240907,155.38973933244188,156.1323699951172,4923000
2025-03-31,156.22637888659884,158.79270261620877,156.16997837403224,157.2604217529297,10675300
2025-04-01,157.2604444554422,158.49191798148618,156.19820117947995,158.4073028564453,6378600
2025-04-02,157.36384549751207,157.90907442139607,155.90678427607267,156.48960876464844,7044900
2025-04-03,150.52030415509415,151.6765721629761,146.45930902978097,146.76011657714844,15501000
2025-04-04,142.66152028484208,143.3195646264853,134.19170241037324,134.68992614746094,20374700
2025-04-07,130.41270890939984,137.42546544367116,129.05903901101132,131.74757385253906,17817000
2025-04-08,135.50776721344266,135.8273940899157,126.7841323360869,128.7206268310547,12904400
2025-04-09,126.92512906983883,138.62870942513175,125.85347623994643,137.27503967285156,16846800
2025-04-10,134.63351914182277,135.01894181617226,125.44925684590878,126.88752746582031,20991200
2025-04-11,126.9157268417555,128.8992263750864,124.12378640043245,127.49856567382812,17224400
2025-04-14,130.17767500607795,130.2340755182439,126.06027983422983,127.20713806152344,9628200
2025-04-15,126.267117959777,128.43862420094112,126.20130778569145,126.47391510009766,9334800
2025-04-16,127.28235417345763,129.3034637680925,126.71833459707787,127.24475860595703,8637200
2025-04-17,128.49502996162278,131.83219976447657,128.26941351210746,129.60427856445312,8434400
2025-04-21,127.86518649480078,128.1189888363707,124.39641105356807,125.71247100830078,9967500
2025-04-22,127.15073205793308,129.95208200500227,126.84992452411302,129.0684356689453,7984700
2025-04-23,128.98384904466988,130.243508522184,127.04734026786114,128.48561096191406,10002000
2025-04-24,129.6512677721621,131.04253317906685,128.99323780565155,130.73233032226562,7745800
2025-04-25,130.03669143946212,130.71352636560457,129.0214390502484,130.41270446777344,6878500
2025-04-28,130.63831919229344,132.03899424089693,130.365697557932,131.70057678222656,6715500
2025-04-29,130.37511813093175,131.61597268737316,130.26231708324943,130.94854736328125,7343800
2025-04-30,129.72645642598465,129.86745770624876,126.09787525944084,127.90276336669922,13858000
2025-05-01,127.30113864984538,129.67945595705288,127.01912173503527,128.0907745361328,10199800
2025-05-02,129.613678166125,131.39976163505028,127.17894566213435,130.19650268554688,12393200
2025-05-05,128.57022934133184,128.78643613019992,127.07554374321457,127.3763656616211,9665000
2025-05-06,128.17540261800153,129.07783962391602,126.94392911021664,127.47036743164062,9916200
2025-05-07,127.91217496990947,128.12838171761112,126.54909563463501,127.6489486694336,8422100
2025-05-08,128.49499735853254,130.56309741708904,128.28818591827934,128.82400512695312,8669300
2025-05-09,130.5725116077257,131.01433480817624,129.44445817116213,130.18710327148438,5965700
2025-05-12,133.90966562478883,135.0941337891519,132.1423873704936,133.12942504882812,8028200
2025-05-13,133.04482853181688,134.64290529599597,132.47139938387286,133.815673828125,8536800
2025-05-14,133.2610381530567,133.70286132624454,132.292791031554,133.1764373779297,6453600
2025-05-15,131.60657807644645,133.9190999739975,131.14594988934658,133.7310791015625,7545400
2025-05-16,134.14469276401252,134.4267097091209,132.2645989219269,133.58067321777344,8200100
2025-05-19,132.70529016012816,132.7528679147301,130.469266362067,131.7728271484375,7713600
2025-05-20,131.58251601502738,132.0202110308136,130.38363500104435,130.61199951171875,6503900
2025-05-21,129.99350876117722,130.47878149800607,128.91832707957542,128.98492431640625,9073200
2025-05-22,128.44257462354463,129.39407154477448,127.28174721814898,128.72801208496094,8877600
2025-05-23,127.87167625341667,130.1552631567221,127.55768051344116,129.91738891601562,7025900
2025-05-27,130.71666566915846,131.27804542825706,129.7937123953288,131.14483642578125,8348900
2025-05-28,132.04874910647578,132.05825884950238,129.08008318871543,129.42262268066406,6876300
2025-05-29,129.87933308770567,131.24949101250064,129.49874011690315,131.220947265625,7554300
2025-05-30,130.24091812842244,130.78326388586916,128.65191983036982,130.06964111328125,12858900
2025-06-02,131.77282441095952,131.96312090672177,129.81272840040148,131.1543426513672,9076600
2025-06-03,130.97354966743265,133.77095302998904,129.97448948254075,132.78140258789062,9001300
2025-06-04,132.65769432603906,133.80901194825088,130.66906931545438,130.70712280273438,8735600
2025-06-05,131.44932011960267,131.58252913443792,130.06965221194605,130.25994873046875,6342600
2025-06-06,131.39220991044706,133.7899862818232,131.39220991044706,133.40939331054688,6563500
2025-06-09,133.73290250630083,135.24577920942122,132.91461452848304,133.93270874023438,7159500
2025-06-10,135.32189851812177,137.90997140518328,135.0269367841545,136.3970947265625,9841500
2025-06-11,137.1963564535823,138.08124170557855,135.69298943270456,137.7577362060547,9256700
2025-06-12,137.49133279316567,138.15737786835575,136.47322391354433,137.93853759765625,6999400
2025-06-13,139.94616589129478,140.44094834487126,137.52935563315208,138.83291625976562,14148000
2025-06-16,138.6616457909558,139.74635172798799,136.76817616153053,138.9470977783203,10105100
2025-06-17,140.1840610064138,142.70552236142944,139.39431671893712,141.63034057617188,11330300
2025-06-18,142.19170577591066,142.88629448048863,140.5360958649736,141.00233459472656,9841900
2025-06-20,141.31631561143766,142.6293713860069,140.72637769429934,142.29635620117188,23705900
2025-06-23,144.74171580689486,144.77025955477097,139.2230449433662,139.73684692382812,10540600
2025-06-24,137.52935975286923,139.28963487929553,136.21630386333536,136.58738708496094,10778400
2025-06-25,136.45420549816095,137.20588183492558,135.59784937872828,136.28292846679688,7386100
2025-06-26,136.73012158363844,138.04319214327754,136.44466956823524,137.43423461914062,7415700
2025-06-27,137.53888180981696,137.65305679350544,135.65492198550322,136.81573486328125,9213500
2025-06-30,136.10210928403038,137.11070818703308,135.4931518528216,136.24484252929688,6980300
2025-07-01,136.38756607156384,139.1754596182081,135.59782187968008,138.50941467285156,8508200
2025-07-02,139.87955234983585,140.83104923832346,138.41425352978865,140.80250549316406,8228700
2025-07-03,140.66932222037784,141.7540282907634,140.212607695661,141.17361450195312,5173300
2025-07-07,140.2506561279297,140.98331290476645,138.51893908658843,140.2506561279297,9460900
2025-07-08,140.17454314173057,145.80740356445312,140.1174411267899,145.80740356445312,14082100
2025-07-09,145.52194673860006,146.49247769872,145.08425175072122,145.5980682373047,9495900
2025-07-10,145.37920562699634,147.74843814554967,144.32304348242326,146.69227600097656,8395100
2025-07-11,146.80646181855403,148.32886278534656,146.1213973540582,147.77699279785156,8333200
2025-07-14,147.38687504436732,147.38687504436732,143.8092516590696,144.2945098876953,10706300
2025-07-15,144.24693867852642,144.92249336031847,142.96241203083957,143.38107299804688,7346300
2025-07-16,143.44767620166965,144.13275517311752,141.98237727416202,142.64842224121094,7923400
2025-07-17,141.92528852486555,144.47529338150528,141.39245255593733,144.03761291503906,8359600
2025-07-18,147.5010692821188,148.34790103296075,139.42285451022545,142.76260375976562,45782600
2025-07-21,143.86633866072395,144.31354339718817,141.8967474866444,142.42005920410156,17982200
2025-07-22,142.0204372598678,143.61895977258837,141.27827075996998,142.76260375976562,26196500
2025-07-23,143.59040668046086,145.71224079114032,143.17174570392692,145.69320678710938,13162800
2025-07-24,145.28407439268972,148.4335270343379,144.81783565155806,148.2717742919922,15701000
2025-07-25,148.27177544052063,148.6238246754888,146.4924807422436,147.3297882080078,7875500
2025-07-28,147.86262915928637,148.956859429136,147.43445840964614,148.699951171875,8755400
2025-07-29,149.0805292332176,149.5848359538746,147.91019209645523,149.41355895996094,6446000
2025-07-30,148.56674145111572,148.72849419936463,145.29358943816976,146.11187744140625,9191700
2025-07-31,144.62754316086964,146.46392539124275,143.80925516486968,144.28500366210938,10237100
2025-08-01,145.1413466290147,147.14900588857694,143.05758038556726,144.056640625,10706500
2025-08-04,143.91391682141145,144.7036610493521,142.5532831222537,143.71409606933594,10116600
2025-08-05,143.70457712649528,145.67418269876507,142.62938097243355,145.61708068847656,8604100
2025-08-06,146.98723170892714,147.63425712714948,144.83685401974665,145.36968994140625,7840900
2025-08-07,146.3307259977671,147.62476257594605,145.41729695357776,145.73129272460938,6510400
2025-08-08,146.52101497351308,148.1956443149664,146.05477625905195,147.4915313720703,6332800
2025-08-11,147.8055307794762,148.36691048808765,145.5695216876761,146.0072021484375,6169700
2025-08-12,146.61615849935433,148.48109887088893,145.92156980549763,146.94918823242188,6641600
2025-08-13,147.07288012062844,148.4430234359488,146.72081640133752,148.309814453125,6581900
2025-08-14,148.14806402133277,148.14806402133277,146.62567769670815,147.63426208496094,7337300
2025-08-15,147.93873945465475,150.85031775406486,147.75795271393343,148.95684814453125,11617000
2025-08-18,148.5572244941557,148.89976397931213,147.2441540479408,147.78651428222656,8174300
2025-08-19,147.6421900221689,148.10398864926844,146.09322608596537,146.23753356933594,8567500
2025-08-20,146.64161122440635,147.67105355435203,146.17018230504144,147.41128540039062,8076300
2025-08-21,147.02648509739018,149.76843063054866,146.93988590851734,149.65298461914062,7533600
2025-08-22,149.43169712006153,152.77013303829594,149.43169712006153,152.18325805664062,9084300
2025-08-25,151.9138697108691,152.31796006934934,151.21154874741447,152.20249938964844,7030000
2025-08-26,151.53865564386928,153.93426289508758,150.6150582874753,151.39434814453125,10270000
2025-08-27,151.43282405725364,153.92464607526583,151.25003945297138,153.2030792236328,7483000
2025-08-28,152.9817845991191,153.47245944223368,151.86577238488942,153.28004455566406,6502000
2025-08-29,153.64563135923274,154.99256495147574,153.40510907636596,154.5115203857422,6934800
2025-09-02,154.39605905974747,155.723746753304,153.33776982776166,155.69488525390625,8947300
2025-09-03,153.93426537511755,155.71413619064356,151.06724379299433,152.06781005859375,9556100
2025-09-04,152.0678060501505,153.5975242487173,151.52903848438976,151.7118377685547,7243000
2025-09-05,150.14363337780685,150.77861575267553,147.67107184703485,147.83462524414062,11011700
2025-09-08,148.07512815587538,149.15266318651302,147.08417761584673,148.16171264648438,9462000
2025-09-09,149.0372304451587,151.03837759442493,148.7389851641222,148.97950744628906,7769200
2025-09-10,149.17191449619892,151.93310545265888,149.12380710623083,151.8080291748047,7440800
2025-09-11,150.56695431291962,152.8952083304336,150.09552533718602,152.2506103515625,6417400
2025-09-12,152.82786422421762,153.72260006886842,151.14420824614925,151.15382385253906,5546300
2025-09-15,151.41359046759698,152.3179565896314,150.56694734393668,151.3462371826172,5030500
2025-09-16,152.25059551745076,154.03046617129704,152.12551924049419,153.49168395996094,8011000
2025-09-17,153.16458477733752,154.57885695640277,152.59695572051945,154.02084350585938,5736800
2025-09-18,153.96312574385072,154.21326363833322,152.09667044104503,152.8182373046875,6244200
2025-09-19,152.97217080660977,152.97217080660977,149.65296626290672,150.28794860839844,16734000
2025-09-22,149.72031196738973,151.1634457226759,149.2681288829748,150.13401794433594,5244000
2025-09-23,151.16342723294932,153.77069502459435,151.03836563873622,151.45205688476562,7181400
2025-09-24,152.3179422345582,154.4056736674505,152.25058895592608,153.14532470703125,6285200
2025-09-25,153.39548031674258,154.9059524898634,153.30889582561053,154.626953125,6311000
2025-09-26,154.48264056238074,155.18496143455823,153.4628138725269,154.0881805419922,7015200
2025-09-29,153.09724243177547,153.09724243177547,149.66257731502623,150.18211364746094,8315100
2025-09-30,149.01798698683243,149.8261383448415,148.09437494888252,149.40281677246094,7755700
2025-10-01,148.9602641075804,149.21040200040986,147.38243849672193,148.71974182128906,6768400
2025-10-02,148.12324676283893,150.66316144193732,147.5075103157943,147.55560302734375,7562400
2025-10-03,147.7576517829584,148.4311112444401,146.45882557271025,147.72879028320312,7249300
2025-10-06,148.13286184658662,148.7870753966262,147.12266534225859,148.18096923828125,4778900
2025-10-07,147.82497460497788,149.08532357441732,145.54482828588206,149.03721618652344,5479600
2025-10-08,148.5080658286074,148.81592668977325,147.0456863672066,147.9115753173828,5678000
2025-10-09,148.28679670331874,149.0949480187166,145.81422068606486,145.8911895751953,6178600
2025-10-10,144.9868138488109,145.61218052634322,143.24543505379498,143.2550506591797,7796600
2025-10-13,144.31338463114383,146.21831719778626,143.7649867229935,146.17984008789062,5978800
2025-10-14,144.13057072536952,147.64220487045804,143.98626322748603,146.61276245117188,6419400
2025-10-15,147.10342777170285,148.36377691201963,145.31394133375431,146.3433837890625,5824900
2025-10-16,146.37224843307578,146.93987753055697,144.53465456124763,145.95855712890625,5276800
2025-10-17,146.4876911652649,148.3445308898529,146.4299681641416,147.276611328125,7735500
2025-10-20,147.61332340748586,148.85442656612554,147.37280113274488,148.62351989746094,5676500
2025-10-21,148.87366737758083,149.40280461970002,147.40167228082993,147.9596710205078,6304900
2025-10-22,148.7870909572783,150.06667137254126,147.78652463483553,149.67222595214844,6036700
2025-10-23,152.2024898136731,152.57770396838467,150.20134276177336,150.62466430664062,9810900
2025-10-24,151.45206876268935,151.65411393890074,149.5375061131246,149.66258239746094,4979900
2025-10-27,149.89349420952541,150.56695368611585,148.998743656093,149.39320373535156,4884400
2025-10-28,149.02760226895685,150.3071825898435,148.0558975201551,148.28680419921875,5066500
2025-10-29,148.02703591775182,150.23021359273608,148.02703591775182,149.22003173828125,7344400
2025-10-30,149.34508477106124,149.34508477106124,147.4305368845306,147.69992065429688,8971200
2025-10-31,149.82612956857702,153.145333986221,149.2296390316984,151.74069213867188,11136100
2025-11-03,151.4424610848907,151.74070638132383,147.74804216336247,148.20021057128906,8512200
2025-11-04,147.6133367272327,147.93082792017708,146.38186374386325,147.57485961914062,6976800
2025-11-05,147.7095562557332,148.54656917650544,146.87254333496094,146.87254333496094,5894700
2025-11-06,147.11306049600555,148.9217781774332,146.8917694140878,147.1419219970703,6466300
2025-11-07,147.61333347750156,150.24946307340983,147.61333347750156,149.14306640625,9835900
2025-11-10,149.52788438671436,150.06665192747334,146.59350973045798,149.74916076660156,8436800
2025-11-11,150.80747843245834,152.00047429635924,149.9896967602198,150.3168182373047,6361400
2025-11-12,149.68183888113856,149.8838693913294,146.31452669500763,147.5075225830078,11670900
2025-11-13,148.1617211929552,150.2783142739345,148.09436790949832,149.68182373046875,7998700
2025-11-14,150.30716703268416,151.96196136057694,148.94100235366827,151.64447021484375,8484800
2025-11-17,151.74070581072363,151.90425920878755,148.58505449207854,148.95065307617188,8745000
2025-11-18,148.3572229936708,150.0888667695961,147.63732030536994,149.44679260253906,10813400
2025-11-19,147.05362502455012,147.8318953734624,146.16834231710902,147.57894897460938,7539900
2025-11-20,148.3961003586195,148.8825173865797,145.97375305971028,146.2266845703125,7623400
2025-11-21,146.35318043258204,146.90768821138548,144.70908824815808,145.90567016601562,9248400
2025-11-24,145.75002079957068,146.0418591717995,143.7265239679138,145.68191528320312,14181100
2025-11-25,144.85500004026866,145.8278341972732,144.2421246154602,144.49505615234375,11447900
2025-11-26,144.2323977628499,146.37264494674568,144.1740300840659,145.4484405517578,7578900
2025-11-28,145.3997980778297,147.40383404468054,145.20521937309888,147.02442932128906,3848600
2025-12-01,147.62758569915096,149.76781791011962,147.38437715598926,148.3961181640625,8209000
2025-12-02,147.89025560905304,148.3183050216261,145.20522378264818,146.1683349609375,9196300
2025-12-03,146.93686208187842,148.35720645879925,146.87849440851897,147.471923828125,8060200
2025-12-04,147.6275782028,148.78525318454777,147.1119773050205,148.12371826171875,7254700
2025-12-05,147.87079345703125,148.48368373271077,145.7597450949112,145.9251251220703,12659800
2025-12-08,145.19550521406066,145.99323638805848,143.64870238948086,144.67018127441406,10237200
2025-12-09,145.00093098146814,146.02240979341687,144.1934768670428,144.45614624023438,8916700
2025-12-10,145.12738324396642,147.67621866832454,144.66042703451396,147.29681396484375,10976300
2025-12-11,146.7325616557594,147.8124080458614,146.02239695510823,146.62554931640625,8414200
2025-12-12,147.0438970272201,147.43303964986723,145.56519959398076,145.91542053222656,5848100
2025-12-15,145.76946713769934,146.02241351992083,144.39776740791288,145.73056030273438,7503000
2025-12-16,144.50477908435397,144.77718630492103,142.51048093881724,142.76341247558594,11290500
2025-12-17,143.49303134021702,145.79864343260172,143.34711216130802,145.45816040039062,8805300
2025-12-18,144.80637821000272,145.21496679721116,143.0844575005534,143.67788696289062,6998800
2025-12-19,143.94055354280172,144.9620175687218,143.1914670587582,143.7362518310547,21701400
2025-12-22,144.76744913930045,146.40181824898184,144.6604367878078,145.73056030273438,8143600
2025-12-23,145.96401619277336,146.9757719304726,145.77919019010173,146.42124938964844,4663700
2025-12-24,146.29480944780565,146.88823889425348,146.02241706362682,146.4115447998047,2227600
2025-12-26,146.29481625347518,147.03416492431646,145.58463657771898,145.94459533691406,3706900
2025-12-29,146.89795236739613,147.52056561147387,146.01266975408024,146.8882293701172,5589100
2025-12-30,147.38438519231224,148.522599455059,147.35520135308326,148.17237854003906,5150500
2025-12-31,148.2501924813161,148.4058495047457,147.54975072015372,148.2696533203125,4953100
2026-01-02,148.0361734117126,151.6648406982422,147.14116775938132,151.6648406982422,6862100
2026-01-05,161.2472743715493,161.2472743715493,154.9822195261624,159.39889526367188,35094900
2026-01-06,160.40090890022836,160.56628893420873,151.86914874312845,152.28746032714844,20564900
2026-01-07,153.16302550699535,153.71753330617227,150.69201821837032,150.98387145996094,13537900
2026-01-08,151.27571520363705,156.08151843470742,150.99359982251812,154.92384338378906,12929600
2026-01-09,156.1982654365711,158.2801301462191,155.59511294929922,157.70616149902344,12549600
2026-01-12,158.28012203027617,159.1167600395311,156.34419146454832,157.92990112304688,9796800
2026-01-13,159.02920722021548,161.616949744405,158.86382718819505,159.4183349609375,12068600
2026-01-14,159.64207891767262,164.7689038459128,159.64207891767262,162.69677734375,16414900
2026-01-15,161.26672868052776,162.7843476498229,160.61493155111367,161.64613342285156,8097400
2026-01-16,162.064445269356,162.7454262382073,161.30563578345428,161.743408203125,9745800
2026-01-20,162.18119378432615,163.0956454505688,160.66355998399743,160.8094940185547,11142500
2026-01-21,162.46330720099002,163.9030976233812,161.5488407015417,162.2006378173828,10918500
2026-01-22,161.74339528761857,163.00808261122444,161.22779439206914,162.13253784179688,8957400
2026-01-23,163.38749987066055,163.86419396953357,161.91852558204306,162.19091796875,8368700
2026-01-26,163.75719176097982,163.83502028261438,162.2395726997878,162.94973754882812,8912600
2026-01-27,163.21239974020213,164.7494795749356,162.1228153297482,164.45762634277344,9784900
2026-01-28,165.34290412652973,165.79039953751808,163.6307064656447,165.31370544433594,9200200
2026-01-29,167.95981937104128,170.1681571703616,166.3935557089409,166.53948974609375,16786600
2026-01-30,167.93063125239942,172.4835029297801,166.61731401712788,172.0943603515625,22946600
2026-02-02,168.72833860679435,171.48146072675834,167.9597914008816,169.30230712890625,14235300
2026-02-03,169.1564056435824,173.96220868817042,169.0299324547445,173.20338439941406,18425400
2026-02-04,174.02058078862206,177.62978724049168,174.02058078862206,176.30673217773438,16170500
2026-02-05,174.75991901472284,175.5576501105748,172.590503104725,174.36105346679688,10474100
2026-02-06,175.4020078299674,177.15311234485614,174.63346050530458,175.94679260253906,9901800
2026-02-09,176.09270874664264,177.85355107331895,175.0615068957937,177.6395263671875,12021300
2026-02-10,177.76597957465023,177.98000427459178,175.94678446941796,177.30874633789062,7458200
2026-02-11,178.94311599730068,181.45302988661211,178.56371127242053,180.7720489501953,10502100
2026-02-12,180.75259136651906,180.75259136651906,177.14337007209383,177.4449462890625,9673700
2026-02-13,177.58115272953114,179.81867441373743,176.78343638481854,178.74856567382812,9034700
2026-02-17,180.06489844497997,180.55607382808714,175.58538134936003,177.36343383789062,9849000
2026-02-18,179.99614346274876,180.6739679528922,178.76820489060034,180.62484741210938,10313400
2026-02-19,182.0197617911052,184.58369781887117,181.4794808763685,181.51876831054688,10773300
2026-02-20,181.33213198599154,181.62684022618225,179.1022064450623,180.68377685546875,9566200
2026-02-23,181.41071479411997,183.3361288975989,180.80166211370053,181.646484375,7047200
2026-02-24,182.01977289478572,182.67796112065682,180.60520033583146,182.0688934326172,7451800
2026-02-25,182.56006188394954,182.6975903909533,179.2888320500569,180.96865844726562,9440700
2026-02-26,179.67195738841625,182.97265671391656,178.55207806312956,180.90972900390625,7133800
2026-02-27,182.7172554310416,184.23990222419712,180.52661726459598,183.46383666992188,12035500
2026-03-02,186.97081973499323,188.06122966525737,183.91570830799967,186.2537078857422,15809100
2026-03-03,187.15748369768082,188.1791219620635,184.11219013915394,185.43836975097656,14004200
2026-03-04,184.14165570704438,185.13383961502186,180.89989504723084,182.74671936035156,11054400
2026-03-05,183.3066703986848,186.61718789056943,183.1986112080855,186.5484161376953,13567200
2026-03-06,187.5111196409924,189.01411511886573,184.79982192444976,186.58770751953125,13073100
2026-03-09,187.62899185993876,188.26751384691508,184.78999881305094,186.09652709960938,15987500
2026-03-10,185.30083319844417,185.8411141381038,182.36359895781828,183.0021209716797,11999600
2026-03-11,183.29683847671672,188.47383156776982,183.19861238702967,188.40505981445312,11371700
2026-03-12,189.18111769906702,195.36993069889576,188.38541595427884,193.49363708496094,27151800
2026-03-13,192.54076333946207,194.1419999944813,191.2538861460719,193.34629821777344,13017000
2026-03-16,193.13016643013384,194.34827178568756,192.12816445259523,193.3659210205078,12683900
2026-03-17,194.00447371640337,197.03993422905617,192.9926535455191,194.4759979248047,14018600
2026-03-18,195.7039251318559,197.1872694251227,195.00644947719087,195.1046905517578,13305000
2026-03-19,196.26386252945557,198.86710118018976,195.4878119817852,197.88475036621094,16918400
2026-03-20,197.8454391462758,201.46049777557772,197.45250483394182,198.16961669921875,35849500
2026-03-23,195.1243410995613,201.7355576814351,193.88656951796344,201.5882110595703,15735700
2026-03-24,202.41338980942962,206.08737228932236,202.17762021600709,203.14031982421875,16695500
2026-03-25,202.3642552349586,203.58237556559646,201.00860639840053,201.5292510986328,8865000
2026-03-26,202.39373339968216,205.51761672702105,201.53909300337904,204.12266540527344,11085600
2026-03-27,204.4763028491884,208.71024717766784,202.60984241785945,207.42335510253906,13907800
2026-03-30,209.49613252626014,210.92055322078087,206.57854936316187,206.99114990234375,10409000
2026-03-31,207.17777037008966,209.33895404496178,198.3955671209947,203.2483673095703,17403900
2026-04-01,198.4250412139038,201.16579331911703,191.4699958308832,193.92587280273438,23051900
2026-04-02,198.93585880708252,201.85344193643624,194.54474945035759,195.45834350585938,11528000
2026-04-06,194.99663387400517,196.2442235875341,192.88458564899707,195.35028076171875,8245700
2026-04-07,196.44068824898596,201.0086134167756,195.7235763708982,197.98297119140625,11672600
2026-04-08,188.0317665211894,189.7606984989148,185.27136322588763,189.4856414794922,17195400
2026-04-09,190.88057239295452,193.1989207693204,185.9295311938336,187.0002899169922,11634000
2026-04-10,186.36177477540426,187.58971326164664,183.17895282285,185.2222442626953,11151400
2026-04-13,188.0710555951217,189.2105861080738,186.37159292685493,188.39523315429688,12000200
2026-04-14,185.27136962581548,185.83130179559518,181.34196636749053,183.71925354003906,12111000
2026-04-15,183.0708899927943,183.9353634665379,180.79182901273688,181.646484375,8661600
2026-04-16,182.34395356288672,184.90788979073002,182.06889653372593,184.8292999267578,8013200
2026-04-17,178.6797789677757,181.04724789461181,174.60302931342582,180.7427215576172,15720600
2026-04-20,181.24371604346968,182.9824810936249,179.60319206555403,180.01577758789062,9661100
2026-04-21,180.7230815662459,183.0807175386048,179.1218449329075,182.69760131835938,9799000
2026-04-22,183.964831177037,186.07687931702083,182.8351188083967,183.03160095214844,8708300
2026-04-23,183.81747754554698,185.094536587933,182.2260740405874,184.2890167236328,6684700
2026-04-24,181.9608288499166,183.12982866401913,179.9666579868534,181.94119262695312,9626700
2026-04-27,182.90388644968678,185.04540386525113,180.42835839093416,181.51876831054688,10836600
2026-04-28,184.95700889152155,186.60736604314013,183.25754619110052,185.0355987548828,10754900
2026-04-29,186.7743593312861,189.2204031898196,186.15547354082176,188.8274688720703,8644600
2026-04-30,186.89224795331256,190.7037740222674,185.1731339773951,189.8982391357422,11748600
2026-05-01,187.9237219816454,190.66447427788046,186.40107515507725,187.2655487060547,10435900
2026-05-04,187.48164395792733,190.2911676624147,184.65246904166517,188.8863983154297,8229500
2026-05-05,187.8451149782872,190.25187136099336,187.08870069018533,189.24005126953125,5642800
2026-05-06,182.31447822671564,183.4834780568493,179.907721806167,181.89207458496094,11082900
2026-05-07,178.37524609153274,180.20241903599913,176.36142411136822,179.2790069580078,12194000
2026-05-08,178.82713632610137,179.50496078888713,177.5500922541974,178.41455078125,13053000
2026-05-11,179.77019639929262,181.9313651613874,179.77019639929262,181.4794921875,12042100
2026-05-12,183.20841725530693,183.5915334532052,181.40089544929887,182.66812133789062,8995100
2026-05-13,182.53060558239017,182.7270727507715,180.71326553800785,182.71725463867188,7554700
2026-05-14,182.90389241665417,184.25954127701567,181.9804802937693,183.345947265625,6222400
2026-05-15,185.27135701739738,188.12016819001704,184.58369950240112,187.72723388671875,11210800
2026-05-18,187.7959970030907,192.73722023231093,185.69376693135175,192.65863037109375,9869700
2026-05-19,193.24352165728013,197.14943647656602,191.79616157432926,195.54345703125,11819200
2026-05-20,194.55211470959853,196.47533293898638,189.6152041361591,189.6746826171875,14564900
2026-05-21,192.11338425290108,192.48019341746198,187.36483245647818,189.35743713378906,9051200
2026-05-22,188.72297690053614,190.3388795203656,188.1579162178831,189.7738037109375,7209600
2026-05-26,188.3561796606487,188.84194578014933,182.30894889451795,183.11195373535156,14264600
2026-05-27,180.2767004497806,182.13051699236496,179.10690155063838,180.82192993164062,9442800
2026-05-28,182.12061217118776,183.6571900134226,180.51461755677323,181.4464874267578,8725400
2026-05-29,181.13916907178498,181.3870061556587,178.83923367258456,180.8814239501953,13886500
2026-06-01,182.7848074875158,186.3140050749503,182.42792148840587,184.22225952148438,8850500
2026-06-02,183.28048518121938,186.81959087444886,183.28048518121938,185.92738342285156,6549800
2026-06-03,187.25578219104912,189.82337069065628,186.33383552103973,188.06869506835938,7983700
2026-06-04,187.36482933083468,188.45531851521605,186.04633427218252,186.720458984375,5163200
2026-06-05,187.42431270112647,187.9695573075498,184.97568111782311,185.689453125,6310900
2026-06-08,187.0674313622167,189.37727484209876,186.86916471678475,187.60276794433594,6113000
2026-06-09,186.86916237530232,187.7415537564023,183.86537811065833,185.1442108154297,8469900
2026-06-10,187.5531901308008,191.02290923322064,186.60148909264186,188.1579132080078,10041800
2026-06-11,190.1505234675948,190.58671915929676,183.9446882789702,184.2123565673828,9274100
2026-06-12,183.47875017070805,186.77001875032343,182.76497816514808,185.60023498535156,8703400
2026-06-15,177.35221089747452,180.09825001808318,176.22207440181367,178.8392333984375,10184900
2026-06-16,177.07462814408635,178.69053071035674,176.78714379345382,178.55174255371094,6663500
2026-06-17,177.4612610029066,178.5220109881872,175.56779716873388,176.04364013671875,8430000
2026-06-18,174.1204122250015,174.1204122250015,170.73991094170302,172.1278076171875,19146100
2026-06-22,172.57392352104563,173.93206592735817,171.364477317331,173.54544067382812,11108900
2026-06-23,174.2592071155141,174.87383823558957,173.18854911079316,174.4574737548828,6555300
2026-06-24,172.3855672448334,172.48470813242324,169.38178289752412,169.9666748046875,10634600
2026-06-25,168.74731948425116,171.27526083412147,167.80554156517903,170.74984741210938,7954200
2026-06-26,170.74984653515205,170.75975457308752,168.45981912291998,169.58004760742188,13102200
2026-06-29,169.8873552231953,170.11537622601344,166.91331029006062,167.012451171875,8813700
2026-06-30,168.231812140037,168.98524656793634,163.77074456051866,164.32589721679688,19428800
2026-07-01,163.3543696717164,166.021098986479,163.3543696717164,164.25650024414062,9175500
2026-07-02,166.8240911376383,168.08310771733343,165.9516997908543,167.7361297607422,9561800
2026-07-06,167.3990796858983,167.79561296737074,165.71379054947784,166.64566040039062,9974300
2026-07-07,168.6680034240702,173.09933164732058,168.52921526362996,172.5045166015625,9748900
2026-07-08,175.270391748575,177.03499060589527,173.4363912457271,174.44757080078125,9921800
2026-07-09,173.11915802206258,174.07084391660874,172.3954628736556,172.54417419433594,6582400
2026-07-10,173.45621947311395,174.89367153423836,172.0088442474984,174.87384033203125,5996600
2026-07-13,177.4711768935554,180.8021077864773,177.4711768935554,180.6236572265625,7685100
2026-07-14,181.1689097881995,181.77363288285085,179.06725614039013,180.18746948242188,6823300
2026-07-15,180.59393033258408,180.8219362216628,177.0349933228906,180.02886962890625,6665700
2026-07-16,180.99046969361547,183.2309114468484,180.3758234501959,182.26930236816406,6257600
2026-07-17,185.84806781461606,186.5221774006786,183.8951104450309,185.75885009765625,7058300
2026-07-20,184.67827052717857,188.703157383451,184.3213845295161,188.06869506835938,7767000
2026-07-21,188.85185534793104,189.60527462703973,187.68207158878008,189.41693115234375,6892400
2026-07-22,191.7267587657066,192.0241662866403,190.27939869155074,191.31039428710938,6142400
2026-07-23,194.60168530647266,195.9796589162297,192.34141226495422,192.73794555664062,8150000
2026-07-24,192.77760468776617,195.16674268877938,192.12331115349815,193.104736328125,6700400
2026-07-27,187.0376907964813,190.82464874253338,187.0376907964813,188.35618591308594,7369200
2026-07-28,189.8134672272052,190.30914139552678,185.11447066587763,185.95712280273438,7406800
2026-07-29,190.83455081810604,191.88537761271655,189.12943050455033,190.20008850097656,8101200
2026-07-30,188.26696452250857,191.44918418306943,187.67214947524624,190.6461944580078,6645000
2026-07-31,193.42197014392966,195.84086245030258,189.8828494022017,195.12709045410156,9958100
2026-08-03,193.68964546360823,194.16548843611125,190.15052459325534,191.5086669921875,9544100
2026-08-04,188.50487898184394,189.81346603887252,184.7278442631638,188.75271606445312,9455900
2026-08-05,189.53588489986126,189.72424349814156,184.65845305327434,184.7972412109375,8260600
2026-08-06,187.33508936043367,188.13807906271805,185.4019632018278,187.59283447265625,7182100
2026-08-07,184.59897527825967,186.12564501836846,184.2619053568443,184.94593811035156,7098800
2026-08-10,187.24587981009512,193.30301878907449,187.24587981009512,193.2237091064453,13667300
2026-08-11,192.56941920624195,195.7516541021881,192.56941920624195,194.9585723876953,6049800
2026-08-12,193.53102805055298,195.69216021451425,192.89656570522,194.8990936279297,7366200
2026-08-13,193.31292550662153,196.3861113987189,192.07374008670726,195.98956298828125,5908900
2026-08-14,197.14944011106155,199.88557121858932,196.64385790182394,198.26966857910156,7910500
2026-08-17,198.99334689273124,201.91782145332886,198.07140020275753,200.94630432128906,8357800
2026-08-18,203.2561427580939,204.43584966709753,201.94757085501675,203.9600067138672,7701600
2026-08-19,205.0500030517578,207.67999267578125,204.25999450683594,205.75999450683594,8689900
2026-08-20,208.89999389648438,208.97999572753906,205.52000427246094,205.77000427246094,8200600
2026-08-21,205.92999267578125,207.82000732421875,205.00999450683594,205.27000427246094,7359100
2026-08-24,203.6699981689453,205.3000030517578,201.75,203.08999633789062,5853900
2026-08-25,201.02999877929688,202.05999755859375,199.7899932861328,199.88999938964844,8176800
2026-08-26,198.72999572753906,202.38999938964844,198.1199951171875,200.2100067138672,6863100
2026-08-27,199.57000732421875,200.8800048828125,197.82000732421875,199.77000427246094,8112300
2026-08-28,199.97999572753906,202.24000549316406,199.55999755859375,201.86000061035156,5301000
2026-08-31,206.0800018310547,208.4199981689453,203.83999633789062,206.13999938964844,12067400
2026-09-01,209.0,211.0800018310547,207.8000030517578,211.0500030517578,8551500
2026-09-02,210.49000549316406,212.7899932861328,209.4600067138672,211.77999877929688,7595300
2026-09-03,212.3800048828125,213.1999969482422,211.1699981689453,211.32000732421875,6668200
2026-09-04,209.50999450683594,209.86000061035156,207.1199951171875,208.60000610351562,5458400
2026-09-08,211.25,213.30999755859375,209.17999267578125,209.8000030517578,7703900
2026-09-09,212.8800048828125,215.27999877929688,212.22999572753906,213.80999755859375,8384700
2026-09-10,217.39999389648438,217.39999389648438,211.33999633789062,212.75999450683594,9625200
2026-09-11,212.02000427246094,215.5500030517578,212.02000427246094,214.05999755859375,6570300
