Date,open,high,low,adj_close,volume
2016-09-12,148.6147703233207,151.54432165272496,148.48273129850637,151.2637481689453,7056100
2016-09-13,150.2405393937854,150.45510606388865,148.8541667189986,149.2007598876953,7477500
2016-09-14,149.23379229044156,149.9765028747009,148.54885354146666,148.89544677734375,2990400
2016-09-15,148.84582759009825,150.70258381975904,148.73029659504118,150.40550231933594,3932400
2016-09-16,150.0698570832332,150.0698570832332,149.19341806325116,149.6316375732422,2844300
2016-09-19,150.38403282138464,150.74784049574973,149.38356171688065,149.63987731933594,2260400
2016-09-20,150.32618688795566,150.51635454202167,149.68125952508512,149.6977996826172,1997800
2016-09-21,150.20214531477282,151.17779998715588,149.62336605010137,151.0289764404297,4496500
2016-09-22,151.85585021972656,152.35194146459895,151.57473058598768,151.85585021972656,2323500
2016-09-23,151.649057238972,151.74000914193502,150.72299805886522,150.8304901123047,1741500
2016-09-26,150.07810938817786,150.11118969759863,149.3091625161044,149.44972229003906,2639800
2016-09-27,149.30920787249528,150.59906277001917,149.02808823922882,150.48330688476562,3717300
2016-09-28,150.78099293093197,151.50033229908036,150.08645749848193,151.39285278320312,6413000
2016-09-29,151.16126793803593,151.65735902876236,149.3670333464293,149.8383331298828,3376400
2016-09-30,150.590693094559,151.67383939122627,150.4583971426085,151.1281280517578,4583000
2016-10-03,150.73960264132535,150.9545868400969,150.3013830896745,150.7478790283203,1987600
2016-10-04,150.99593192862417,151.25224761971498,149.60686136408896,150.0533447265625,2811200
2016-10-05,150.61556087760127,151.32663615032382,150.57421679803005,151.0289764404297,1818200
2016-10-06,150.76429563834967,151.09503546370286,150.0449570199123,150.9131317138672,2368100
2016-10-07,151.14467875342368,151.30177863027973,149.9209726535283,150.6651153564453,2527700
2016-10-10,150.6650981049453,152.01283624529924,150.6650981049453,151.40924072265625,1879100
2016-10-11,151.19424286324175,151.21904677173717,149.20157810455183,149.8217010498047,3949800
2016-10-12,149.65640263416662,150.3178699204784,149.37528313782684,149.9623260498047,1920200
2016-10-13,148.93706596597357,149.83830869110813,148.35827419653222,149.52410888671875,3460100
2016-10-14,150.48321941355042,150.86356716769646,149.83002857282318,149.8961639404297,2698100
2016-10-17,149.79693706568693,150.0780565145157,149.20161787026305,149.42486572265625,1801800
2016-10-18,150.43362574935,150.5659217299002,149.7556183113597,149.9623260498047,1720700
2016-10-19,150.35928722786727,150.82231076888147,150.12777545736017,150.48330688476562,1503700
2016-10-20,150.25174142497733,150.85532456694708,149.83832589444776,150.1029052734375,2359600
2016-10-21,149.47382923146694,150.17732525626852,149.16758966400593,149.98696899414062,5607600
2016-10-24,150.93055817798694,151.0464289059618,150.3429199389245,150.59950256347656,1905700
2016-10-25,150.48372762750728,150.77339831735625,150.0119598161109,150.2023162841797,3351100
2016-10-26,149.4739097191193,150.73193127463028,149.266996783533,150.4422607421875,5375400
2016-10-27,150.88088656555095,150.92227167061898,149.99529330714645,150.24359130859375,2027100
2016-10-28,150.48367648552266,150.89750244092806,149.53186921071068,150.1029510498047,3726600
2016-10-31,150.28498840144016,150.38430255835667,149.84633403644284,149.94564819335938,1415600
2016-11-01,150.23531891492215,150.23531891492215,148.26550410568652,149.07659912109375,3622300
2016-11-02,148.69585519451604,149.15106599532695,148.1909873297909,148.4392852783203,3552700
2016-11-03,148.72895766922366,148.88621345967923,148.01717694276473,148.2406463623047,1966900
2016-11-04,148.24067777900694,148.7041606518652,147.85168051879498,147.9096221923828,4337500
2016-11-07,149.9456497547585,151.0050428694396,149.8463355968078,150.93055725097656,3402400
2016-11-08,150.79819013401197,152.321066765486,150.64921883763537,151.7748260498047,3437500
2016-11-09,150.57464768889616,154.39840662193504,150.42567646461518,153.91009521484375,8363900
2016-11-10,154.63013569840612,156.27716677710188,154.2328665031131,155.70608520507812,8748100
2016-11-11,155.55713588657122,156.1199456146875,155.11020952130008,155.98751831054688,5003800
2016-11-14,156.51723843564426,156.74897993825888,155.7640722376643,156.23583984375,4796400
2016-11-15,156.2275562441414,156.71588042610483,155.71441614634384,156.7075958251953,3750000
2016-11-16,156.25232061090276,156.57510418967564,156.0371357680407,156.40957641601562,3459100
2016-11-17,156.5006260970537,156.69926701235514,156.21095563648598,156.6744384765625,4211200
2016-11-18,156.78490801143968,156.83471798685994,156.30352556401425,156.4197235107422,4359200
2016-11-21,156.7682672278709,157.20816021873995,156.5358714087183,157.15005493164062,2999100
2016-11-22,157.63145834128764,157.9053561423932,157.2164639756046,157.71446228027344,2756300
2016-11-23,157.63967415651652,158.22897143098135,157.58987688409178,158.18746948242188,2465900
2016-11-25,158.60244555899294,158.80994261352026,158.51114634841633,158.77674865722656,1547100
2016-11-28,158.46981495612843,158.70222355877237,158.12952904558188,158.34532165527344,3159600
2016-11-29,158.38675042644365,158.8764407362762,158.26224451851513,158.685546875,2264900
2016-11-30,159.3328711867003,159.5652669211924,158.80997445178411,158.85977172851562,4774600
2016-12-01,159.22496773820023,159.49057009874747,159.0008799941833,159.27476501464844,8323900
2016-12-02,159.28311008746334,159.34120270197195,158.88470645388773,159.1420135498047,2773600
2016-12-05,159.75621302360756,160.00521215342985,159.26652275588424,159.54042053222656,2925600
2016-12-06,159.49058288378149,159.83088118627992,159.2498791421631,159.7644805908203,2669400
2016-12-07,159.74793893312713,162.42050377495738,159.7064369618692,162.24620056152344,7241300
2016-12-08,162.53669437233205,163.34178445289197,162.1881006257942,162.91018676757812,7032100
2016-12-09,163.04300409830572,164.10538876347073,162.98489880250216,164.0804901123047,4392300
2016-12-12,164.20497294338156,164.6614692934847,164.07217170251093,164.4041748046875,3791700
2016-12-13,165.13453951303424,165.7653262977335,164.8689370786633,165.35862731933594,5357500
2016-12-14,165.14290235786726,165.85669336129325,164.01411687953376,164.45401000976562,7456100
2016-12-15,164.7859670751152,165.7321537792596,164.61997185177162,164.8855743408203,6033000
2016-12-16,165.2781550122655,165.50274388334333,164.64599350326446,164.85394287109375,4467700
2016-12-19,164.94540456449752,165.44447532140813,164.87054585479382,165.1949462890625,2729400
2016-12-20,165.6606904782285,166.03499658280847,165.5775057028931,165.876953125,3062600
2016-12-21,165.88529691375396,166.03502699834345,165.64408132863713,165.6607208251953,2523500
2016-12-22,165.61089958533583,165.66911881468945,165.17836129949723,165.5027618408203,2250900
2016-12-23,165.49449244197535,165.57766460491496,165.3031698135378,165.56935119628906,1374200
2016-12-27,165.66075439804177,165.97682874340055,165.63580149425607,165.7023468017578,2340700
2016-12-28,165.96025697851871,165.99352329719298,164.6959211010917,164.76246643066406,3818100
2016-12-29,164.68760681152344,165.12845851188084,164.38815917616523,164.68760681152344,3018700
2016-12-30,164.90383420445664,164.92047370624368,163.79754214170828,164.28829956054688,4277400
2017-01-03,165.4527664280832,165.61080990995933,164.26328995916373,165.04518127441406,6669800
2017-01-04,165.32798916086847,165.82707250419728,165.19491126923523,165.6523895263672,4823200
2017-01-05,165.48618125184527,165.75236265858015,164.61279096281004,165.31982421875,4124500
2017-01-06,165.30305770535062,166.21803972273554,164.8372532936704,165.9518585205078,4322600
2017-01-09,165.6025433745269,165.7522735083396,165.31973530115113,165.3280487060547,2303500
2017-01-10,165.29480679113732,165.86874911972552,164.87059461846144,165.02862548828125,3029200
2017-01-11,165.21997500528113,166.00186684466195,164.8207029858791,165.80223083496094,5209800
2017-01-12,165.42796200176454,165.45291492211743,164.3050298169724,165.31982421875,3865200
2017-01-13,165.4528355166833,165.81882842917952,164.96207806230063,165.2781524658203,3468900
2017-01-17,164.92043627441493,165.23651058330321,164.35480757202538,164.7707061767578,3329800
2017-01-18,164.76238879476148,164.8871532962808,164.11358800242525,164.6542510986328,4634800
2017-01-19,164.7208328935377,164.8289706136261,163.6062274589458,164.09698486328125,3050900
2017-01-20,164.46573147215315,165.02357959457282,164.2825559448342,164.82376098632812,6999000
2017-01-23,164.74069804423672,164.9488511544359,164.0579497445477,164.67408752441406,3249700
2017-01-24,164.68224331331714,165.87288451163195,164.54070086541094,165.55648803710938,5205800
2017-01-25,166.5305898019253,166.98020704083206,166.31411542685515,166.87196350097656,4880800
2017-01-26,167.0219320802002,167.32999438056228,166.87205534985662,167.12184143066406,3999700
2017-01-27,167.09687545499582,167.2467394908818,166.89704403583255,167.0469207763672,3576500
2017-01-30,166.38069972549204,166.4389759038172,165.2067148695263,166.0060272216797,4718000
2017-01-31,165.45676922855208,165.59831183944016,164.49093560814694,165.1570281982422,4628100
2017-02-01,165.7980504319873,166.0228465501373,165.0237145777358,165.38174438476562,3676900
2017-02-02,164.99045457359406,165.6648684963136,164.87388936108272,165.36512756347656,2640600
2017-02-03,166.17263798403118,166.99692810783333,166.05607285886532,166.83872985839844,4857300
2017-02-06,166.54732497072976,167.10517331074922,166.33917203618606,166.75547790527344,2770900
2017-02-07,167.26344830066148,167.60482231902313,166.88044113536378,167.00534057617188,2606300
2017-02-08,166.93863890623754,167.09683715540075,166.64721974150052,166.94696044921875,2291500
2017-02-09,167.20516774290851,168.27923176008002,167.16353459704706,167.9545135498047,3487600
2017-02-10,168.43735973439007,169.02018541904354,168.24586258899973,168.8037109375,2880300
2017-02-13,169.28668869471682,170.24418747369597,169.28668869471682,170.01937866210938,2637400
2017-02-14,169.90285676243337,170.83537843373983,169.81126890509756,170.82705688476562,3586600
2017-02-15,171.01018218324012,171.92606048658442,170.92691589942655,171.83447265625,3646000
2017-02-16,171.97604407634856,172.1175866188975,171.39321810566076,171.91775512695312,4589600
2017-02-17,171.17547860250525,171.9185214371443,171.16713438701862,171.8851318359375,5747700
2017-02-21,172.45295634951884,173.070772657223,172.33607356041466,172.87875366210938,3076400
2017-02-22,172.59482319738586,173.26273007171042,172.51968701808116,173.19593811035156,2254400
2017-02-23,173.70520016305994,173.7803363356576,172.99555952308822,173.5048370361328,3179900
2017-02-24,172.88706936659148,173.613411383415,172.87872514705626,173.59671020507812,3703900
2017-02-27,173.4297315077753,173.9640545453469,173.3295499192513,173.8972625732422,3433700
2017-02-28,173.74692046152703,173.91389395514517,173.3879153479501,173.6383819580078,2821900
2017-03-01,175.25803363071398,176.65228190533855,175.22464403111792,176.17640686035156,7846100
2017-03-02,176.31833314520856,176.31833314520856,175.19123989668336,175.2329864501953,3336900
2017-03-03,175.37499809910548,175.59207518509143,174.83233086267185,175.24977111816406,2589000
2017-03-06,174.70704187297503,175.13283896662716,174.50667875997357,174.89071655273438,2524700
2017-03-07,174.66531457770176,175.04100816788088,174.4732829348833,174.6319122314453,2741000
2017-03-08,174.9741871993764,174.99923258528432,174.0140673622842,174.1643524169922,3173100
2017-03-09,174.2729252772122,174.56512575017203,173.54657072488405,174.2144775390625,4430100
2017-03-10,175.06598514571053,175.07432935938263,173.95559324295755,174.61514282226562,3004000
2017-03-13,174.5984485652139,174.77376622127736,174.14760625682229,174.4398193359375,2261800
2017-03-14,174.13093885902558,174.38974963730792,173.63834994566452,174.1058807373047,4433000
2017-03-15,174.34808283756897,175.24975523643138,174.24790126189464,174.9742431640625,5737000
2017-03-16,175.46681999212558,175.46681999212558,174.53175797884228,174.85736083984375,3018400
2017-03-17,175.27389998406068,175.27389998406068,174.68834566816253,174.71343994140625,2873200
2017-03-20,174.70511366513023,175.05644632349927,174.46251862407803,174.67164611816406,3308600
2017-03-21,175.10654920840278,175.1901925066369,172.5300982101038,172.61375427246094,6192400
2017-03-22,172.28758981011916,172.79786137505542,171.90278962831124,172.6640167236328,3898500
2017-03-23,172.34616151208152,173.40853283062458,172.24578439239028,172.58038330078125,3840000
2017-03-24,172.8062433323677,173.07391990431532,171.48455595477674,172.1119384765625,4052700
2017-03-27,170.79854215662297,171.91110157457973,170.48903765624306,171.6768798828125,4559600
2017-03-28,171.55150067026614,173.21616044033775,171.40929547847082,172.94847106933594,3538000
2017-03-29,172.76441652963533,172.78951080955812,172.2792391775773,172.58038330078125,2323900
2017-03-30,172.57198490730755,173.37502721678985,172.4465007711134,173.12408447265625,2849200
2017-03-31,172.92337720538018,173.09903718691052,172.5720444781877,172.60549926757812,4179600
2017-04-03,172.75604315137096,172.84805975894133,171.38416730658577,172.53018188476562,4436100
2017-04-04,172.33772317167512,172.96510541465292,172.16205052742657,172.86471557617188,2555400
2017-04-05,173.65102671921363,174.53772486275065,172.45482410477655,172.53846740722656,4110400
2017-04-06,172.69741821289062,173.40008326983593,172.25406911047577,172.69741821289062,3186900
2017-04-07,172.47996184875655,173.2160945749655,172.22900634990106,172.63890075683594,2609300
2017-04-10,172.73091866153933,173.4252233491993,172.27919620733792,172.6472625732422,2395200
2017-04-11,172.50501407130287,172.6723134417156,171.43428278371286,172.59703063964844,3511500
2017-04-12,172.57198821118104,172.57198821118104,171.77730638991332,172.04498291015625,2181700
2017-04-13,171.76895046453495,172.27086154134048,170.94917428560623,170.95753479003906,3605200
2017-04-17,171.4259798909657,172.53853966890918,171.36743083114183,172.4632568359375,2260900
2017-04-18,171.78570494794275,172.16213191886433,170.99938345607566,171.55148315429688,2497900
2017-04-19,171.70208323535266,171.7355507920814,170.34694076289716,170.52261352539062,3606400
2017-04-20,170.94084838928174,172.49675772542835,170.7902699301029,172.07012939453125,3873700
2017-04-21,172.06342953833413,172.24762576016576,171.44387204256861,171.8457489013672,3034800
2017-04-24,173.58716323647926,173.83834096404885,173.33598550890966,173.6290283203125,3220200
2017-04-25,174.94360462117194,175.8059721820111,174.85150649450773,175.55479431152344,3483600
2017-04-26,175.66358370723614,176.1826751015141,175.353805007481,175.37892150878906,2865300
2017-04-27,175.596432524263,175.62992967727826,175.03547657775442,175.4541015625,1951700
2017-04-28,175.51284327963782,175.51284327963782,174.96025483040057,175.05235290527344,1934000
2017-05-01,175.39558907497909,175.39558907497909,174.73415411160389,174.91835021972656,1886000
2017-05-02,175.0690607565574,175.23650827860868,174.77601801139744,175.09417724609375,1359700
2017-05-03,175.094145174099,175.3788071869873,174.5415569546631,175.16949462890625,1829400
2017-05-04,175.52961366227314,175.52961366227314,174.31560263653424,175.1444854736328,2640100
2017-05-05,175.04399303977752,175.63843382500343,174.78443461653583,175.63006591796875,1673800
2017-05-08,175.57138862533174,175.83931485852682,175.42905760473158,175.75558471679688,2311000
2017-05-09,175.93978353802305,176.0904952403901,175.16951476877514,175.50440979003906,1570100
2017-05-10,175.14442527851082,175.6635164741128,174.90161549155448,175.38722229003906,1394300
2017-05-11,175.10257303601117,175.3621186528375,174.2318381174232,175.21978759765625,3093700
2017-05-12,174.96024423769154,175.21978985786583,174.83466176839082,174.9937286376953,1575100
2017-05-15,175.32038754653288,175.93159009078676,175.32038754653288,175.76412963867188,1818500
2017-05-16,176.09061427218228,176.20782888640068,175.37057799185916,175.78082275390625,1746600
2017-05-17,174.24860017793776,174.642109003187,172.78341154894665,172.8671417236328,5717400
2017-05-18,172.4987398263604,174.1146401250586,172.35640875763448,173.2773895263672,6653800
2017-05-19,173.61160887428886,174.92156624303092,173.46885842390782,174.46812438964844,4892800
2017-05-22,174.929920547477,175.39175482907996,174.929920547477,175.20701599121094,2246200
2017-05-23,175.5848536770717,175.79478295558897,175.24056658516744,175.6016387939453,3457500
2017-05-24,175.76960978538682,176.307028278819,175.5680730454494,176.18946838378906,3479500
2017-05-25,176.77736252157743,177.11324445493386,176.59262361430905,176.82774353027344,2198200
2017-05-26,176.79412841796875,176.94528424068898,176.60940234386874,176.79412841796875,1152200
2017-05-30,176.5170440673828,176.77735447584763,176.31550722869693,176.5170440673828,1066600
2017-05-31,176.68492438338163,176.68492438338163,175.76963557968182,176.34063720703125,1577500
2017-06-01,176.56743938417483,177.5163116455078,176.26514050818227,177.5163116455078,1827900
2017-06-02,177.55825862311974,178.19645210842856,177.40711562696043,177.9445343017578,2314000
2017-06-05,177.90249633789062,178.19640249936302,177.717757518634,177.90249633789062,1923000
2017-06-06,177.45755157170052,177.83542199217035,177.32319365813206,177.4911346435547,2094800
2017-06-07,177.7599199566263,177.9530515247032,177.2980724563721,177.7851104736328,1545800
2017-06-08,177.70095958604657,178.60785574974238,177.50782820703037,177.90249633789062,2030300
2017-06-09,178.14604598952704,178.918597293432,177.67580628319953,178.58270263671875,4271100
2017-06-12,178.40644241298799,178.67514543562595,177.91940457056316,178.35604858398438,3682300
2017-06-13,178.69191509671953,179.18734542569413,178.64992665240024,179.17054748535156,2426500
2017-06-14,179.51480454740928,179.69954342083162,178.84302799069832,179.565185546875,5423100
2017-06-15,178.76743251775312,179.5315784086989,178.6498725970746,179.439208984375,2571800
2017-06-16,179.46782773882677,179.67814488385844,179.03878538418851,179.66131591796875,2372000
2017-06-19,180.33434206569004,180.8811615345064,180.0987878788085,180.80545043945312,2103300
2017-06-20,180.78026836291255,180.93170343579405,180.34280495283133,180.3680419921875,1762100
2017-06-21,180.57837038460838,180.57837038460838,179.72869338797264,179.9390106201172,2129400
2017-06-22,180.0987551287014,180.27541431836772,179.7454239126307,179.80430603027344,2697100
2017-06-23,179.56040672089506,179.98944916854038,179.24072048338917,179.8127899169922,1346800
2017-06-26,180.27541984995923,180.67081706890036,179.63606041603285,179.92208862304688,1940400
2017-06-27,179.7875490869516,180.1408804193341,179.08087358544427,179.13134765625,1981600
2017-06-28,179.13132573389785,180.47736069545206,179.13132573389785,180.2333984375,4693700
2017-06-29,180.4689631208539,180.49420015463525,178.0965792514755,178.8621368408203,4372600
2017-06-30,179.31645744101922,180.02313305931236,179.16503520357784,179.39218139648438,2216600
2017-07-03,179.98944852602492,181.192469527205,179.93056638796656,180.44374084472656,2134700
2017-07-05,180.65399995996376,180.7297110431611,179.88844255411044,180.51939392089844,1799000
2017-07-06,180.1071859766104,180.24179202930512,179.13973225093895,179.3079833984375,2297500
2017-07-07,179.644522604331,180.1661179565084,179.5435744624384,180.07357788085938,1326500
2017-07-10,179.76225200503313,180.3259132123128,179.64447492517,180.02305603027344,1156300
2017-07-11,179.95578156538286,180.2754549261757,178.9210118744416,180.01466369628906,1577600
2017-07-12,180.8558602876427,181.4615745064831,180.78014921947164,181.06617736816406,2103300
2017-07-13,181.1250985579886,181.34382373219992,180.87271545744463,181.25970458984375,1587400
2017-07-14,181.1251741793396,182.28611638776513,180.96533105436794,181.9327850341797,2395500
2017-07-17,181.98331721581292,182.12633140616893,181.74775008474538,181.89918518066406,2291000
2017-07-18,181.42794853966473,181.5541336665799,180.5614431035479,181.4615936279297,2247500
2017-07-19,181.6214936444289,182.00006198064753,181.42800544356004,181.98324584960938,1785800
2017-07-20,182.19354175761785,182.20194982215577,181.47005026842427,181.8738555908203,1372000
2017-07-21,181.2304438226,181.53363202674615,180.8682962881176,181.51678466796875,2217300
2017-07-24,181.49982010657126,181.49982010657126,180.80080295254422,181.14610290527344,1459600
2017-07-25,182.33373868394253,182.3505860455474,181.48313325908506,181.79473876953125,1924200
2017-07-26,182.5947723388672,182.88954326967436,182.38422534565308,182.5947723388672,2041000
2017-07-27,182.99065643847743,183.3864859321563,182.4432392327203,183.36122131347656,3202400
2017-07-28,183.20119949539264,183.73178217762907,183.00749980615242,183.61387634277344,2305000
2017-07-31,184.14438095436597,184.4644164716698,184.0096406556617,184.18649291992188,1765000
2017-08-01,185.06242706708295,185.11295629951172,184.56552629640075,184.7508087158203,2307100
2017-08-02,185.13822198798172,185.39088100236,184.80976912452135,185.18875122070312,3063300
2017-08-03,185.22239011610287,185.47504907185805,185.04553784261205,185.33187866210938,2496400
2017-08-04,185.8203753155279,185.8456399295751,185.30664007861807,185.7614288330078,1877700
2017-08-07,185.91293795348864,186.1066375295862,185.78661493663472,185.99716186523438,1902800
2017-08-08,185.95509846219363,186.6962151058498,185.6519102918172,185.86245727539062,3623900
2017-08-09,185.55934418377186,185.79515587272388,185.24773863425094,185.7025146484375,3555800
2017-08-10,185.12138119634386,185.1971750481157,184.0602287192228,184.1023406982422,7832600
2017-08-11,184.23702213828193,184.62443423032173,184.03490526484174,184.18649291992188,4944500
2017-08-14,185.1802944239381,185.5255817240622,185.12133509783854,185.25608825683594,2605000
2017-08-15,185.76988573581448,185.76988573581448,185.1635091677242,185.41616821289062,1835700
2017-08-16,185.87080832232624,186.2076910865088,185.51709105800717,185.67710876464844,2476100
2017-08-17,185.28142136451868,185.34038071241494,183.40334510072213,183.43702697753906,3535800
2017-08-18,183.19128805652903,183.75692621707773,182.48211803725354,182.8029327392578,4468500
2017-08-21,182.7438084237951,183.13215078606112,182.12750525602723,182.98019409179688,3467200
2017-08-22,183.54591676235208,184.7616224051279,183.45305000124952,184.6265411376953,2423200
2017-08-23,184.05243406315157,184.4323517006415,183.90891506141296,183.97645568847656,3660200
2017-08-24,184.50834509100343,184.50834509100343,183.5881281262303,183.75697326660156,1934400
2017-08-25,184.26350756574658,184.8291458676784,184.04401017280628,184.07777404785156,2373300
2017-08-28,184.46607278933797,184.53361340073667,183.64716058895368,183.99330139160156,1425000
2017-08-29,182.92953979730302,184.6855569220669,182.8788875628859,184.5420379638672,2013300
2017-08-30,184.6771753306222,185.0233162137928,184.37324894965295,184.82913208007812,1804100
2017-08-31,185.3357235161844,185.6396499679531,184.98958255238054,185.32728576660156,2173000
2017-09-01,185.84221273346884,186.07859846713973,185.58893862394822,185.6649169921875,2150200
2017-09-05,185.3356494938824,185.3356494938824,183.35168415916056,183.76536560058594,3828600
2017-09-06,184.49979775814384,184.56733835530378,184.07767868743312,184.25497436523438,1915500
2017-09-07,184.44081301627318,184.65187267204482,183.77385729008176,184.1368865966797,1982800
2017-09-08,183.71475339303296,184.60120645665398,183.63877501439467,184.2466278076172,2135800
2017-09-11,185.37787406030597,186.48382433087363,185.37787406030597,186.3740692138672,3019300
2017-09-12,186.8553570562707,187.05797898619267,186.6358596270673,186.93133544921875,2072900
2017-09-13,186.87214907191253,187.24360309546165,186.74550560024576,187.21827697753906,1720800
2017-09-14,187.12546518121482,187.78397020461165,187.10013905585785,187.6911163330078,1893700
2017-09-15,187.91778458364408,188.2900183304721,187.73166771023006,188.18849182128906,2377700
2017-09-18,188.58608344753074,188.98369555122716,188.37458819699626,188.78912353515625,1827300
2017-09-19,188.96686946840748,189.22066648126008,188.84843258356324,189.14453125,2042800
2017-09-20,189.13599873236038,189.45746276909668,188.61148167800124,189.4151611328125,1819900
2017-09-21,189.41520313160748,189.47442801726658,188.98375732659778,189.0514373779297,1741400
2017-09-22,188.83999758579196,189.04303779949066,188.5016101382811,188.8230743408203,2448400
2017-09-25,188.74687001104053,189.01757728822665,187.79937517791566,188.5015411376953,2844300
2017-09-26,188.7045799839929,189.07681380810422,188.33234615988155,188.39157104492188,1314500
2017-09-27,188.99210735821515,189.09363383305995,188.10383783666128,188.75523376464844,2381500
2017-09-28,188.62840473547294,189.3051921894373,188.3999862266725,189.161376953125,1462800
2017-09-29,188.983846897677,189.3899144894789,188.76389630808765,189.34762573242188,2415800
2017-10-02,189.66057557472078,190.6757506914212,189.516760283148,190.54885864257812,2611200
2017-10-03,190.97184572612898,191.42867000194667,190.86186401345083,191.39483642578125,2510000
2017-10-04,191.52162046830676,191.76694925595118,191.34395879483398,191.53854370117188,1746900
2017-10-05,191.7078789306628,192.59616213696899,191.5725187850315,192.57923889160156,2258500
2017-10-06,192.32545097980824,192.57079286899872,192.23239248884886,192.50311279296875,2090300
2017-10-09,192.7905918563654,192.8498167170726,192.32529976739625,192.4860382080078,1006800
2017-10-10,193.06142524524358,193.24752928140148,192.57920964042182,193.1037139892578,1417700
2017-10-11,193.154420904019,193.42512815747568,193.02751598728958,193.39974975585938,1423600
2017-10-12,193.29832400976534,193.56903138626734,193.010680479624,193.1629638671875,1307300
2017-10-13,193.4843561505741,193.70430660434138,193.31514959220905,193.5012664794922,1744300
2017-10-16,193.7889332382576,194.17807738864013,193.5689698493331,194.1103973388672,2373400
2017-10-17,194.33035464767156,194.5418499558513,194.1696161480711,194.44879150390625,1838000
2017-10-18,195.4217406292045,195.99700189464295,195.34560538677664,195.81089782714844,2720500
2017-10-19,195.28628443745973,195.979995172595,195.0155771835237,195.97152709960938,2305400
2017-10-20,196.82078536915404,197.37957763671875,196.32972667209938,197.37957763671875,3275700
2017-10-23,197.7605511775653,197.7605511775653,196.9392994670361,196.97315979003906,2325100
2017-10-24,198.20931872910862,198.70883934711333,198.08232634109365,198.36170959472656,3300500
2017-10-25,198.49717204690148,198.49717204690148,196.71921406256152,197.40499877929688,3813300
2017-10-26,198.03987163155816,198.4716584088885,197.90440455358532,197.98907470703125,2581500
2017-10-27,198.0738829502218,198.39561427597755,197.57436225307785,198.26014709472656,2944200
2017-10-30,197.709770033492,198.2346890545537,197.39650065611147,197.5489044189453,2672500
2017-10-31,197.81133355451504,198.03993270423445,197.43880543463322,197.80287170410156,1772000
2017-11-01,198.6241224460503,198.97971394462385,197.88752806006784,198.27699279785156,2675700
2017-11-02,198.2939065290557,199.10668331230613,197.54038852929975,198.92889404296875,2459400
2017-11-03,199.26754654161823,199.29294500836804,198.65795750191558,199.11514282226562,2574400
2017-11-06,199.15754800922835,199.46234263636632,199.03901748305572,199.30995178222656,2549900
2017-11-07,199.55546619362295,199.70786996013476,198.70035407111877,199.3184051513672,2390700
2017-11-08,199.27610182582887,199.47930257395615,198.9374468311434,199.35231018066406,1531900
2017-11-09,198.53099735033655,199.19984528125866,197.40495110609797,198.72572326660156,4225200
2017-11-10,198.49714597264796,198.68341005875803,198.20082614027828,198.48020935058594,2506600
2017-11-13,197.8283373851769,198.7765817078686,197.8029389064519,198.67498779296875,2452400
2017-11-14,198.09067475776644,198.41240584831152,197.19322794609013,198.35313415527344,2566500
2017-11-15,197.40498421207656,197.83677120808335,196.97318429721162,197.23565673828125,2823600
2017-11-16,198.3024364170102,199.19988367757594,198.27703794124767,198.88662719726562,2933400
2017-11-17,198.39611124150935,198.5658448089741,198.04814901080985,198.0736083984375,3483300
2017-11-20,198.30264553408094,198.9052013058945,198.09895759651687,198.71849060058594,2056600
2017-11-21,199.58418923985533,200.28011345743928,199.5247883394821,200.0594482421875,2749900
2017-11-22,200.3395537822211,200.3395537822211,199.39751773513257,199.584228515625,2860800
2017-11-24,199.91518429235697,200.1782731856273,199.78788739233497,199.83880615234375,1435500
2017-11-27,199.86425535548034,200.56866171602144,199.77089998360532,200.0594482421875,2329500
2017-11-28,200.5602559904096,202.3594551704359,200.4838648753424,202.2745819091797,4844500
2017-11-29,202.96195369373396,203.38629397990096,202.6394638821368,203.19110107421875,3376100
2017-11-30,204.26041392985255,206.64521698242703,204.03127952164513,206.09356689453125,6586400
2017-12-01,206.34811892009304,206.60272558932027,203.18254516057266,205.7625274658203,9772700
2017-12-04,207.9351035633649,208.4103752901926,206.28867507157597,206.32261657714844,6565800
2017-12-05,206.89134361574773,206.8998257593133,205.185500370765,205.38917541503906,4925600
2017-12-06,205.1430091987633,205.81346095759866,204.99873509749077,205.05813598632812,3976100
2017-12-07,204.7102256244484,206.11902538863387,204.61687025304124,205.6862030029297,2718300
2017-12-08,206.39064300564024,206.76406455214385,205.87294730704906,206.7555694580078,2704300
2017-12-11,206.88289923070272,207.28178019832313,206.65375181423485,207.2223663330078,1857800
2017-12-12,207.86733549963196,208.66509734465401,207.7570158262708,208.3001708984375,3282400
2017-12-13,208.51231840444748,209.61560566710085,208.47836393184073,209.03001403808594,3748700
2017-12-14,209.5306208254463,209.68338997112764,208.32549668657612,208.41036987304688,4713300
2017-12-15,209.43212150117373,209.8489189159891,209.1003786908453,209.4661407470703,5862800
2017-12-18,210.9632460998211,211.4140757655035,210.55495022853154,210.77610778808594,3285700
2017-12-19,211.21842207334407,211.24393975241262,210.05307146424406,210.44435119628906,2773600
2017-12-20,211.23540126714798,211.29493818140537,209.89991572501307,210.1636199951172,2401400
2017-12-21,210.72498795449508,211.20133510996428,210.46129670625223,210.6654510498047,2446700
2017-12-22,210.59747025019124,210.62298792925978,210.0785891433126,210.44435119628906,1847000
2017-12-26,210.05306587246585,210.6059662102203,210.00203051568735,210.31675720214844,2156700
2017-12-27,210.23168270418228,210.69102685905654,210.1891618945929,210.51239013671875,2930300
2017-12-28,210.90356502633895,211.11622087346893,210.75896060782853,211.065185546875,2743300
2017-12-29,211.43955146668353,211.47357070566022,210.24867043068565,210.42730712890625,2951800
2018-01-02,211.2438877825528,211.3544730176378,210.29969495083256,210.97169494628906,4454900
2018-01-03,211.22694837185497,211.99250474548813,211.0142923814578,211.76283264160156,5528600
2018-01-04,212.6218460110048,213.43843726500953,212.33262416987267,213.16624450683594,4932900
2018-01-05,213.82980230052468,215.08022025063576,213.4810434481561,214.96963500976562,3349200
2018-01-08,214.99517275191863,215.18231103263355,214.54434316096615,214.85906982421875,3847500
2018-01-09,215.37795412353583,216.30513099591556,214.96965831377508,215.9053497314453,5031400
2018-01-10,215.35237517428192,215.99884443742624,214.73992514415107,215.7351531982422,2357600
2018-01-11,216.0583521976363,217.47889177462605,215.9307638743524,217.4278564453125,2760400
2018-01-12,218.29564747784323,219.43548055516146,218.1680590660138,219.3844451904297,3678400
2018-01-16,221.39179744018145,221.8001061178624,218.53371457333188,219.2992706298828,8102900
2018-01-17,220.53269523669059,222.1743926467998,219.92024517191234,222.080810546875,6144400
2018-01-18,222.21687975182536,222.28494417035466,220.63473246711024,221.2982177734375,4860200
2018-01-19,221.32720855090645,221.75275598205477,220.6633555972492,221.7442626953125,4057600
2018-01-22,221.02942895250789,222.99545674325992,220.96984605621512,222.9699249267578,3359900
2018-01-23,222.8422001469824,223.23372256137316,222.36558900832839,222.87625122070312,3483300
2018-01-24,223.83787300261952,224.48471319044734,222.0250374039353,223.47190856933594,7106400
2018-01-25,224.33163602224494,225.02104695178747,223.34438855843487,224.47633361816406,5918900
2018-01-26,224.96139852650202,226.33164877717797,224.7315862924816,226.31463623046875,3861700
2018-01-29,226.01675346323353,226.30612260461737,224.79117476245816,224.82522583007812,4605600
2018-01-30,222.5443790737692,223.36142318157923,221.36134429541994,221.8124237060547,9409500
2018-01-31,223.83782173084066,223.97399994831412,221.53136323573085,222.51011657714844,5360500
2018-02-01,221.24210783305926,223.752821956526,221.08889102641436,222.66342163085938,5182000
2018-02-02,220.9526444733322,221.15692482795995,216.79931188494874,216.9695281982422,9486600
2018-02-05,214.66314915029605,217.04621738363105,203.46273754429552,207.0458526611328,19888200
2018-02-06,202.8328731789396,212.2034201362824,202.16900743706907,211.88851928710938,20493100
2018-02-07,211.2757476128141,215.14821800967414,210.70551573676366,211.7183074951172,12657100
2018-02-08,211.8886031093844,211.9907303469934,202.9861442752497,203.13082885742188,15829100
2018-02-09,205.4628343216728,207.69269892761406,198.95195018354406,205.99050903320312,19858000
2018-02-12,207.6926651966079,210.94385360051845,206.8671021929626,209.51400756835938,10458400
2018-02-13,208.27988558280893,210.4331540269414,207.94795918591387,209.8544158935547,6234000
2018-02-14,208.6629221234778,212.3396580968784,208.55227563760852,212.17794799804688,5764000
2018-02-15,214.1525062903393,214.90147399902344,211.48858793863917,214.90147399902344,6111500
2018-02-16,214.53882609276386,216.83413684636255,214.3425765806533,214.99107360839844,6399000
2018-02-20,213.69405834837417,214.67531877170893,212.1154953856861,212.7639923095703,8685200
2018-02-21,212.97739073656808,215.46041045635047,211.36470191982946,211.37322998046875,5894800
2018-02-22,212.14959118156443,214.4790263508949,212.06425854447383,212.88340759277344,6342300
2018-02-23,213.99271538791731,215.83579151247093,213.36130056334824,215.80166625976562,5119000
2018-02-26,217.00473288670122,219.4450849604745,216.69755360847478,219.22325134277344,6120900
2018-02-27,219.37685187679486,220.02532270904015,216.66343253386268,216.69757080078125,7219200
2018-02-28,217.73857635161795,218.24201819180644,213.48927307128906,213.48927307128906,5299300
2018-03-01,213.4978653315345,214.91429141791912,208.5147312603686,209.8885040283203,8144800
2018-03-02,207.8150550896186,209.83731195543263,206.62900378140762,209.3509521484375,6393400
2018-03-05,208.06245433499367,213.00292106141083,208.02832908321102,212.32882690429688,4891000
2018-03-06,213.47221162808552,213.47221162808552,210.8014712532581,212.32882690429688,4408500
2018-03-07,209.7861103905975,212.1070185291008,209.3935983145535,211.7059783935547,5362600
2018-03-08,212.57621925908083,213.07111988924356,210.94646230767228,212.58474731445312,5846600
2018-03-09,214.12071757092104,216.35629272460938,213.60874763315996,216.35629272460938,3904000
2018-03-12,216.7744143948233,217.34610681353638,214.76921387998578,214.99107360839844,5512800
2018-03-13,215.96381326555715,216.706158024543,213.02000538694944,213.50637817382812,6100900
2018-03-14,214.521747304432,214.70092766005104,210.6905400741319,211.5096893310547,6222800
2018-03-15,212.32891174122116,214.0013361853841,211.44151162101335,212.46543884277344,5069600
2018-03-16,212.48585859205065,213.8193960699127,212.28923759806327,212.9389190673828,3430100
2018-03-19,212.25500993129864,212.32339812798142,208.85277866954857,210.2119598388672,5739500
2018-03-20,210.70782981631163,211.8704034329688,210.56250974469432,211.22927856445312,3258400
2018-03-21,211.26347137317237,213.40909795709783,210.56251494900403,210.81895446777344,4341400
2018-03-22,208.65624208798755,209.4597874192999,204.45046411914848,204.61288452148438,7449700
2018-03-23,205.1428661460905,205.9293111189493,200.7575807326901,200.99693298339844,7598700
2018-03-26,204.33079764195725,206.99787329852606,202.7664511760942,206.71578979492188,6589700
2018-03-27,207.76725746036908,208.8015985548579,202.46729306610976,203.6982421875,6513100
2018-03-28,204.33924348069624,205.77536948485297,202.63813441758052,203.6895751953125,7983700
2018-03-29,204.7923867636149,207.67317034390902,204.35641350326537,206.35671997070312,6614500
2018-04-02,205.44215336471157,206.0405342547375,199.34718583895244,201.8689422607422,9217400
2018-04-03,202.92028395340918,205.37365075830115,202.08253813011908,205.2881622314453,9874500
2018-04-04,200.92857560929764,207.63900938295566,200.83454342181784,207.2628936767578,6437500
2018-04-05,208.40834285051457,210.36590519640356,208.04931446128376,209.35720825195312,4786400
2018-04-06,207.1260484225021,208.79297024354338,202.8005953224658,204.41622924804688,6985500
2018-04-09,206.15161771510293,208.27160081095263,204.6727466001558,204.92919921875,5052000
2018-04-10,208.02360397867344,209.4340731312548,207.04053825815447,208.58778381347656,5977500
2018-04-11,206.9806912541323,208.2201963324426,206.348110221554,206.76698303222656,4733100
2018-04-12,208.2886299217373,210.1350724918958,208.1005656019776,209.2716827392578,4742400
2018-04-13,210.64793732993834,210.682137952964,207.1516736392253,208.22021484375,5222500
2018-04-16,209.53669475882666,210.8616887323952,209.1947667208754,209.964111328125,4018400
2018-04-17,212.12685102680214,212.40894754494235,211.37460668881428,211.82766723632812,3821900
2018-04-18,211.8959833443666,212.18662339976308,211.21211441588704,211.46856689453125,3645600
2018-04-19,211.07541365425817,211.6396067006948,209.8530084306984,210.77622985839844,3721800
2018-04-20,210.71804676496282,210.96608847191672,208.34033874697232,209.10154724121094,3396500
2018-04-23,209.59755982410275,209.70019054312613,207.95540306621956,208.9903106689453,2491000
2018-04-24,209.87987760976054,210.02527552728316,203.66190780364911,205.34683227539062,7088900
2018-04-25,205.51784261689525,206.4073524526251,203.63620526536354,205.86851501464844,5269200
2018-04-26,206.49292569207964,208.58839934472803,206.22778753703116,207.93836975097656,3845800
2018-04-27,207.81006296603832,208.21205079489673,206.78371633838717,207.79295349121094,3209800
2018-04-30,208.77653094287746,209.40943790806165,206.56131741261927,206.58697509765625,3475700
2018-05-01,205.86002776364384,206.03108338249032,203.4823194247681,205.91989135742188,4396600
2018-05-02,205.79149623305815,206.72375996562977,204.1749973290696,204.50856018066406,2729400
2018-05-03,203.49088689619032,205.12449626979839,201.09606885357397,204.50013732910156,6177500
2018-05-04,203.65330460410644,208.0238413650973,203.28552275262288,207.42514038085938,3600900
2018-05-07,208.26343219451564,209.26412145252735,207.39959267709773,208.19500732421875,2983800
2018-05-08,207.981184498557,208.67396836558746,206.84364549995152,208.19500732421875,2927200
2018-05-09,208.8877539137325,210.2733344512362,208.0153663372274,209.88844299316406,3670500
2018-05-10,210.40155340461953,212.2062176570694,210.37589572265082,211.65028381347656,3877800
2018-05-11,211.85554866013487,212.91611405106116,211.58186236452033,212.57398986816406,3293500
2018-05-14,213.3182418668697,213.99391636432406,212.83928074704713,213.19850158691406,4286300
2018-05-15,212.17201734388073,212.26608681310435,210.82065617161388,211.52198791503906,4755900
2018-05-16,211.41075406234464,212.35157907532397,211.23115031940358,212.08644104003906,2034400
2018-05-17,211.9411469232123,212.87341113285555,211.15428064116145,211.88983154296875,2058200
2018-05-18,211.82728199689245,212.30759442421356,211.3555419030835,211.85301208496094,2408800
2018-05-21,213.7569790876303,215.00064719542414,213.748406759654,214.37452697753906,4060300
2018-05-22,214.74334885198223,214.7948089985918,212.64197664443634,212.86497497558594,2329300
2018-05-23,211.7071519955377,213.31105483380088,211.39837792687183,213.2510223388672,3489400
2018-05-24,212.8220882526028,213.07938897115176,210.86652426648791,212.63339233398438,3448100
2018-05-25,212.2046035836516,212.79642158770582,211.60421324893267,212.1702880859375,4207000
2018-05-29,210.463420024519,211.17531594315267,207.83026235845745,208.80804443359375,6439600
2018-05-30,210.28332526738146,211.9901612404948,209.77728295896767,211.59561157226562,4185900
2018-05-31,210.9952012737946,211.0123590197061,208.85951342744093,209.43417358398438,5357800
2018-06-01,211.11527439886257,211.7070922875218,210.6949947027433,211.30397033691406,3565300
2018-06-04,212.47050775376889,213.28532421171698,212.31611417606265,212.8822021484375,3062500
2018-06-05,212.8478798517097,213.12233839334002,211.99017564188256,212.83929443359375,2816400
2018-06-06,213.77417205040916,215.7383086575136,213.18235413445092,215.729736328125,4102500
2018-06-07,216.3300764122357,217.31643065177272,215.91838220910546,216.59596252441406,4286800
2018-06-08,216.10712265594344,217.35079093660184,215.94415678907654,217.230712890625,4451000
2018-06-11,217.53090169412587,217.99406922019224,217.01628710547217,217.33363342285156,4200200
2018-06-12,217.63378523036596,217.6595152995286,216.62168785571953,217.2563934326172,6531000
2018-06-13,217.35936464697988,217.6424085616222,216.16715650880343,216.29580688476562,3819000
2018-06-14,217.13635516118325,217.44512913517903,215.74686573443972,216.13284301757812,5007000
2018-06-15,214.97835574879352,215.77720616188665,213.68987719316073,215.382080078125,6340800
2018-06-18,213.71567584148684,214.66055238456022,213.14874205139273,214.5145263671875,4075500
2018-06-19,211.82586080549137,212.36701283754476,210.90673989344373,212.06637573242188,5511100
2018-06-20,212.99419813818238,213.01136842299985,211.41365376010455,211.70571899414062,4711700
2018-06-21,211.1644096997117,211.25889863018594,209.53232936489115,210.02195739746094,4676600
2018-06-22,211.2418441238966,211.74864273877273,210.82953449714032,211.04428100585938,3584900
2018-06-25,209.74710705626038,209.9360849454218,206.75784070228582,208.14080810546875,9536000
2018-06-26,208.66483495714525,209.3262577121282,208.10649941394004,208.45008850097656,3829900
2018-06-27,208.96547968194125,210.9497347870426,207.02416338126503,207.11865234375,6149300
2018-06-28,206.56034573974304,208.69922540436187,206.01059527387235,207.9433135986328,5524000
2018-06-29,209.14588738692484,210.41719598109935,208.38139044513034,208.50164794921875,3966200
2018-07-02,206.94688553668828,208.767931486337,206.68918714018886,208.50164794921875,5700300
2018-07-03,209.6440494667886,209.85021075493296,207.3162055417448,207.58248901367188,3143800
2018-07-05,208.84517549273127,209.30902195488085,207.60823411755874,209.20594787597656,3294600
2018-07-06,208.9998567840242,210.62333960726204,208.57036383494452,210.1079559326172,3546000
2018-07-09,211.121498076996,213.0284473233766,211.10431469351946,212.89100646972656,3679300
2018-07-10,213.4752102709795,214.29982951372853,213.41507495792146,214.0850830078125,3474700
2018-07-11,212.4615365370016,213.165911157583,211.86024912131174,212.2382049560547,4409800
2018-07-12,213.9475633121708,214.2653838101508,213.17446835867548,214.14512634277344,3175400
2018-07-13,214.09362438450682,215.14158810356165,213.8273277779576,214.91824340820312,3018100
2018-07-16,215.08143024149464,215.3906656197085,214.60040034362459,215.3219451904297,1881400
2018-07-17,215.21890652626527,216.0950757599404,214.66055786162323,215.84596252441406,2960100
2018-07-18,215.94037733462835,216.6103850164409,215.62255687473964,216.49012756347656,2119600
2018-07-19,215.7944042628237,216.13799332492542,215.27042242351493,215.42503356933594,2537400
2018-07-20,214.8643549433411,215.91363638222282,214.74393161359515,215.39759826660156,2687800
2018-07-23,215.19978925827957,215.53521863444828,214.6923340492215,215.24278259277344,1792000
2018-07-24,216.1027626114518,217.30687728450087,215.93074997922267,216.9198455810547,5485300
2018-07-25,216.36943885709732,218.59703371322462,215.8189773302418,218.47662353515625,4687600
2018-07-26,218.90663053480088,219.9043091006022,218.8464188924929,219.42266845703125,4175000
2018-07-27,219.41402284349383,219.83546487325867,218.01209454692858,218.68295288085938,5852900
2018-07-30,218.91524830552424,219.13886344831695,217.31550565272752,217.48751831054688,4484200
2018-07-31,218.19274264244697,219.0442097178096,218.11533893081798,218.60557556152344,3743100
2018-08-01,218.37342440674456,219.00988575966574,217.22092501315666,217.6939697265625,3159000
2018-08-02,216.26616905670417,217.95192427037685,215.9049386088576,217.685302734375,4132600
2018-08-03,217.63375231254187,218.88946978002187,217.63375231254187,218.79486083984375,2469400
2018-08-06,218.64854702773835,219.52582832372124,218.1411052788121,219.19039916992188,2305400
2018-08-07,220.16230469922337,220.8331762172678,219.8784779748988,220.28271484375,2394500
2018-08-08,220.1536624752578,220.28266863028568,219.64622076718976,219.85263061523438,1876800
2018-08-09,219.97314553362534,220.3773956339817,219.319492163874,219.4571075439453,1677300
2018-08-10,218.1841351118159,218.37335293524905,217.08323857023484,217.85731506347656,4796900
2018-08-13,218.08959544661352,218.4250247428871,216.4812435335411,216.77366638183594,3686700
2018-08-14,217.39289288875258,218.07236055262277,216.93705347443523,217.77993774414062,2815800
2018-08-15,216.6015835486379,216.91121150056975,214.8986363748733,216.53277587890625,5804000
2018-08-16,218.7775732706292,220.53213602361325,218.70016956427662,220.12789916992188,7919200
2018-08-17,219.97973298379898,221.6087012400154,219.80735796515557,221.0829620361328,3902500
2018-08-20,221.60001349891098,222.125778862132,221.47936285500208,221.87582397460938,2930700
2018-08-21,222.30684376417057,222.9705145914874,222.1603374821416,222.42752075195312,3290900
2018-08-22,222.3671550254566,222.5395431861074,221.54835071647602,221.660400390625,3850600
2018-08-23,221.3328723163382,221.98791574472756,220.6261308531553,221.06568908691406,2811900
2018-08-24,221.71204291230612,222.52221967151394,221.49657092959623,222.23780822753906,3631500
2018-08-27,223.44452055556565,224.6511588004284,223.44452055556565,224.5908203125,4111600
2018-08-28,225.2113553617437,225.22860995790577,224.3925774289254,224.6425323486328,2713600
2018-08-29,224.78036779506465,225.61640016223024,224.47010075705663,225.23716735839844,2433900
2018-08-30,224.72867925806577,225.08205651099112,223.61686262381528,224.09951782226562,3867200
2018-08-31,223.73749433949249,224.51318824973913,223.21175530460013,223.9615936279297,3081800
2018-09-04,223.4186439652063,224.02197618230963,222.54812852980427,223.85821533203125,2945000
2018-09-05,223.41862523094866,224.35808006534222,223.16006933257847,224.02195739746094,3282400
2018-09-06,224.21158813143248,224.9958831741157,223.2635059390146,224.3408660888672,3878500
2018-09-07,223.51339681886049,224.38391208984385,222.76355848960034,223.6944122314453,3796400
2018-09-10,224.53917086757374,224.6512205751834,223.10843287568932,223.17739868164062,2247600
2018-09-11,222.4533073979512,224.53046072146714,222.21197979993093,224.1167449951172,3072900
2018-09-12,224.22020240673416,225.61645703520145,223.7289198366469,224.306396484375,4971200
2018-09-13,225.31480918878168,226.00430917985997,224.9441772984069,225.6250762939453,2472300
2018-09-14,225.82342363653828,226.21988499815654,224.97013610039696,225.72000122070312,3077700
2018-09-17,225.57336620255228,225.97845468252635,224.64253857981328,224.93557739257812,2473500
2018-09-18,225.16830713688339,227.13341131069558,225.1079686462364,226.5990447998047,2998900
2018-09-19,226.76278347721671,228.3917384460464,226.76278347721671,227.90048217773438,4001000
2018-09-20,229.26228968453552,230.391361262597,229.25366238458668,230.15866088867188,5247100
2018-09-21,231.0706752905723,231.12249243507827,230.24157462184144,230.69931030273438,3944500
2018-09-24,230.31928065863067,230.33657060974534,229.0842615590409,229.23109436035156,3778600
2018-09-25,229.7578408205815,229.83556650704688,228.4623599995753,228.63510131835938,1820400
2018-09-26,228.70418341990435,229.59374586812902,227.37414905574445,227.8146209716797,3365900
2018-09-27,228.22056579589844,229.18785404313846,227.65055100235458,228.22056579589844,2440100
2018-09-28,227.62461629534752,228.8164628761856,227.57279917066978,228.35008239746094,3288800
2018-10-01,229.81836622242037,230.72519250426456,229.50743703428702,230.3624725341797,5828100
2018-10-02,229.8270431268514,231.47662607445903,229.77522597512666,231.08799743652344,4553400
2018-10-03,232.12429875462726,232.56477077175302,231.17430034717873,231.41612243652344,5827700
2018-10-04,231.19158586080013,231.20884945573624,228.50560769844327,229.9479217529297,8720900
2018-10-05,230.02556187883084,230.2673839011284,227.05459054396172,228.28099060058594,7477100
2018-10-08,227.35701058222398,229.04976575028957,226.34652338271496,228.72157287597656,6236400
2018-10-09,228.33288147029214,229.14471845520532,227.26195879088843,228.20333862304688,4559100
2018-10-10,228.03921591552964,228.10829664054455,220.92270201236823,221.14724731445312,12292000
2018-10-11,219.99858759591157,221.72590883598448,214.9289426517118,216.14669799804688,15270300
2018-10-12,219.67899024470873,219.8949037037015,215.85299689863524,218.76351928710938,8634400
2018-10-15,218.39215322844188,220.00719495128365,217.93441772460938,217.93441772460938,5500900
2018-10-16,219.9036482110271,222.91779320936746,219.3509099998283,222.75372314453125,7099800
2018-10-17,221.88997909130683,222.83997732814436,219.94674457225582,221.9331512451172,6822400
2018-10-18,221.1903470708148,221.83808737690006,217.91711836749744,219.0916748046875,8694600
2018-10-19,219.70100692596955,221.21332556885892,218.93188540075496,219.77879333496094,6618300
2018-10-22,220.42692439408867,220.74666753667935,217.946712914926,218.67262268066406,4662600
2018-10-23,215.21584494597673,218.57751185913247,213.90229801092624,217.4886474609375,7360500
2018-10-24,218.11957674495167,218.54303075983364,211.8801803565204,212.2777099609375,7624300
2018-10-25,213.7381345436759,216.84918181586153,212.80481640610898,215.84674072265625,5920200
2018-10-26,213.7813893423665,215.2159217223062,211.1283437521474,213.0468292236328,5882900
2018-10-29,214.93931343509456,216.25287355546163,208.31104014629437,211.26654052734375,6833300
2018-10-30,211.24070756776058,215.12952762405553,210.93823851105455,214.922119140625,6151100
2018-10-31,216.85780706508936,218.82814073281477,216.38250438507464,217.0738525390625,5376400
2018-11-01,217.90348126830372,219.35531385352095,216.83190405097514,219.26889038085938,3267900
2018-11-02,220.69485823879776,220.88497938096674,216.5467809704165,218.17144775390625,6413400
2018-11-05,218.49971932893257,220.3058560946416,218.20590068679542,219.91697692871094,2833700
2018-11-06,219.96033803701837,221.5590806993821,219.7875041999355,221.42945861816406,2193300
2018-11-07,223.35655533701697,226.29476995433666,222.52694769309468,226.22564697265625,4462300
2018-11-08,226.00946997044971,227.2538938990906,225.52553026183784,226.50205993652344,4023400
2018-11-09,225.68975668092662,225.94037682574591,223.8576952034661,224.76507568359375,4386500
2018-11-12,224.42812598121952,224.61824711851318,219.22573230288683,219.69239807128906,10153000
2018-11-13,219.355350074997,220.68618474369646,217.97265340231448,218.68992614746094,3937900
2018-11-14,220.38372875107947,220.61704843015556,215.76034911740135,216.83193969726562,5610300
2018-11-15,216.21836755388995,219.50226230437966,214.61963851585895,218.8282012939453,5667000
2018-11-16,218.11014870127576,220.85613590705987,217.72034408666312,220.06785583496094,4529500
2018-11-19,219.6866404879154,219.83389937571485,215.55468113612332,216.43824768066406,4249600
2018-11-20,213.4063844091377,213.90013317323854,210.9549293955788,211.79518127441406,7341100
2018-11-21,212.95590447592286,213.6402397620181,211.86444957096447,211.92507934570312,4257600
2018-11-23,210.71239989817002,211.38806450126677,210.24463717977352,210.3312530517578,1928000
2018-11-26,212.1156724659424,213.7268755047752,211.95108514845677,213.43235778808594,3435500
2018-11-27,212.3842724764061,214.41993750422213,211.4833905771732,214.39395141601562,2932000
2018-11-28,215.79723456424256,219.88587951660156,215.3381294215948,219.88587951660156,5132500
2018-11-29,219.67793658541922,220.86467827797662,218.48252405451294,219.6692657470703,3471100
2018-11-30,219.24481992335177,221.61830333323203,219.01093198709458,221.3324432373047,2991800
2018-12-03,225.36913461604388,225.48172334150541,222.64046397924173,224.1217498779297,9544200
2018-12-04,223.17760104812382,223.52409100766326,216.8887038623001,217.19187927246094,5376900
2018-12-06,213.40639534223683,216.44688597999922,210.33991862175586,216.31695556640625,8232800
2018-12-07,216.26508763241563,217.78100487108128,210.747139895603,211.63070678710938,5963700
2018-12-10,211.31004399653733,212.65271518528746,207.2473867352484,211.97705078125,6021000
2018-12-11,215.20810011796289,215.2600722660461,210.20124718062243,211.5612335205078,5646500
2018-12-12,214.29866124610055,215.48540331429774,212.79140206559254,212.9906463623047,3734800
2018-12-13,213.45839112132577,214.70577610078115,212.37559349579084,213.32846069335938,4455300
2018-12-14,211.41401900842746,212.0810258900265,208.60741668174822,209.1271514892578,6591200
2018-12-17,207.93180787297118,209.10989233192905,203.60928779413894,204.8046875,7036700
2018-12-18,206.54579867139003,207.73254054673845,204.14631561938327,205.61026000976562,5349600
2018-12-19,205.77486373280627,208.93662751738094,201.02788263575692,202.19729614257812,9545700
2018-12-20,201.4782864667447,202.15395102658493,196.5927048398846,198.27320861816406,11912800
2018-12-21,198.91239583419576,201.91767176785018,194.43055800877076,194.63900756835938,10242700
2018-12-24,193.25811430336879,193.96165857646614,189.24529837330843,189.43638610839844,7024000
2018-12-26,190.38308832079264,198.67798797048206,188.4548494241013,198.6519317626953,9761100
2018-12-27,195.89852234127463,200.9623193526615,193.28411472534265,200.8667755126953,7952000
2018-12-28,202.12623366717952,203.0816588749418,199.48575642179563,200.18930053710938,7266800
2018-12-31,201.79619275189333,202.6039617863733,200.6844169228852,202.55184936523438,5079600
2019-01-02,199.13823504363702,203.24659193024792,199.0253160292527,202.69070434570312,5319500
2019-01-03,200.85807721087212,201.00573345019635,196.6107436975008,196.92343139648438,7350200
2019-01-04,199.77239602458653,204.27161145167622,199.53787689221087,203.48989868164062,7343700
2019-01-07,203.97623931256248,205.74814051187926,202.33463237245317,204.4279022216797,5101600
2019-01-08,206.66889499957466,207.29427053607236,204.80144937546717,206.65151977539062,4845800
2019-01-09,207.52871577288772,208.35387301282157,206.52985935552738,207.52003479003906,4872000
2019-01-10,206.4082759667508,208.59708988125786,205.88712537882677,208.45811462402344,3052200
2019-01-11,207.47664254402886,208.40602476726505,206.68624884647687,208.35391235351562,2047200
2019-01-14,206.66016008202948,208.1541109858828,206.40827902129837,207.5374298095703,2330700
2019-01-15,207.53749247458072,209.3528126169384,207.49406103626208,209.01406860351562,3940300
2019-01-16,209.63944259572713,210.9770434131353,209.44835487132397,210.07373046875,3718500
2019-01-17,209.52645224005747,212.63595394365578,209.36142078389574,211.75869750976562,4108400
2019-01-18,213.5179809868298,215.03907390769675,212.52709812889444,214.73486328125,5393200
2019-01-22,213.25719036249305,213.59617618686846,210.64960301718216,212.08377075195312,5218500
2019-01-23,213.95251364941853,214.62179804388856,211.1971649054526,213.57876586914062,4330300
2019-01-24,213.36155700683594,213.99606641434613,212.19683747445305,213.36155700683594,2840400
2019-01-25,215.0303192138672,216.03858938795682,214.4131844440563,215.0303192138672,4110600
2019-01-28,212.71832073132236,213.15291870550806,211.3363023565025,213.03993225097656,3560300
2019-01-29,213.25726405082366,214.38720834726286,212.9095776602519,213.57017517089844,2432900
2019-01-30,215.91699214843308,218.16820671591668,215.36939439741525,217.45545959472656,5686200
2019-01-31,216.3862561737553,217.67266203260698,215.85604629243073,217.40321350097656,5649600
2019-02-01,217.88129005632086,218.90694790504193,217.08163158357394,217.7161407470703,3971400
2019-02-04,217.67274336102048,219.34161131744779,217.0208463746554,219.31553649902344,2576100
2019-02-05,220.21948969035225,220.94961111609587,219.74142925818276,220.7410125732422,3090500
2019-02-06,220.454212702012,221.08003495962672,219.95007736877346,220.66281127929688,1913500
2019-02-07,219.385052687335,220.2020990031868,217.4467494305634,218.95045471191406,3884800
2019-02-08,217.74227497107677,218.48978402652625,216.54279356610175,218.4463348388672,2942300
2019-02-11,219.14159600601445,219.31544574073754,217.60312930412167,218.11595153808594,2677600
2019-02-12,219.6631773039113,221.54064353181255,219.6197148586321,221.23641967773438,3080600
2019-02-13,222.10558443474557,223.00085497806992,221.7492110013788,222.34027099609375,2918200
2019-02-14,221.24510140582473,222.66190812003242,220.44544283133632,221.7840118408203,3811000
2019-02-15,223.27268720538183,225.46033518198337,223.25523858023257,225.43418884277344,4751100
2019-02-19,224.83276010919278,226.1575786777743,224.83276010919278,225.5736083984375,2744500
2019-02-20,225.58235027241253,226.40163763039718,225.1465602563999,226.17501831054688,2454000
2019-02-21,225.68694085699317,225.94840423326266,224.431863453875,225.32958984375,3197200
2019-02-22,225.96587682085675,226.96818866753392,225.74798178468714,226.75901794433594,3938500
2019-02-25,228.22324505831514,228.66773280392798,227.26450166829574,227.38653564453125,3585000
2019-02-26,226.57602671513948,227.91826793950133,226.26227054759943,227.08155822753906,3080200
2019-02-27,226.4540207317339,226.97697427947645,225.53884537355387,226.49758911132812,2777200
2019-02-28,226.48885756207426,226.9333720532362,225.7916039197023,225.9833526611328,2772900
2019-03-01,227.61310403135363,227.95303298721547,225.9396853827549,226.97686767578125,3676900
2019-03-04,227.91824495803598,228.07512302598764,223.2988800782178,225.11175537109375,4823900
2019-03-05,225.05947154100033,225.617269115181,224.33607157795652,225.0333251953125,2107200
2019-03-06,225.07684249539983,225.25989347219556,223.5167332258594,223.88278198242188,3222000
2019-03-07,223.47318129706662,223.5516203314358,221.0414781368034,222.08737182617188,4104600
2019-03-08,220.40525045147515,222.1658332412212,220.28322973041097,222.000244140625,5495800
2019-03-11,220.37904471490447,223.84791666473555,220.03912899073822,223.78692626953125,5469400
2019-03-12,223.33367858048584,223.96994163541223,222.62770082019756,223.0024871826172,6570500
2019-03-13,223.85664832021226,224.92870150788718,223.13324848036126,224.30116271972656,5272800
2019-03-14,224.28374586190938,224.8154236736892,223.66493129934713,224.466796875,3409600
2019-03-15,224.9776654085183,226.34895433192196,223.88587995770362,225.6414794921875,4225100
2019-03-18,225.2921848846063,226.32282427965316,225.09128670221176,226.2092742919922,2786200
2019-03-19,227.18753575991536,227.9299555166102,225.34461392105132,226.1132354736328,4761400
2019-03-20,225.74629203161012,226.36644537405104,224.0780406242625,224.72439575195312,4382600
2019-03-21,223.92959325560403,227.0651982342388,223.90339146795222,226.72454833984375,3800000
2019-03-22,225.27470065469424,225.90357026938338,222.61072761604404,222.68934631347656,6226500
2019-03-25,222.45350855200851,223.5016200947833,221.47527288908023,222.78541564941406,4982500
2019-03-26,224.51486202893508,225.1961354256785,222.9863749587775,223.99954223632812,3278700
2019-03-27,224.14801713314804,224.84674944859398,221.93824353326195,223.69381713867188,3166200
2019-03-28,224.40121425708168,224.7156356558962,223.2395396722111,224.5409393310547,2434400
2019-03-29,225.85117172919212,226.5149860419988,224.96902690577667,226.33157348632812,4255900
2019-04-01,228.1658657987811,229.4148628635656,227.59811562848128,229.17904663085938,6051700
2019-04-02,228.8382808606076,228.8994272564926,228.03471486377015,228.56752014160156,2320000
2019-04-03,229.3447877375697,229.46708049203752,228.15693806230718,228.8382110595703,3265500
2019-04-04,229.03039815220654,230.5326960797714,228.93430716679336,230.3929443359375,4397000
2019-04-05,231.07432652421855,231.31888552766085,230.2445584831113,230.72496032714844,3112700
2019-04-08,229.56325016405825,230.0611109130219,229.1614804312641,229.90390014648438,3231700
2019-04-09,228.9431792257743,228.9606648629495,227.9212823385443,228.410400390625,4161200
2019-04-10,228.75094003146899,228.89943461840502,227.96485963955894,228.48892211914062,3602600
2019-04-11,228.76848531803083,229.05670509675087,227.5980672579552,228.3142852783203,2731700
2019-04-12,230.47162013140684,230.92582010141075,229.78160401500475,230.6463165283203,3395200
2019-04-15,230.602617260806,230.75111185605044,229.84273861761295,230.41920471191406,2190300
2019-04-16,231.70306012158812,231.73800471723072,230.52392657662898,231.04798889160156,2536000
2019-04-17,231.54584942357133,231.62445477257972,230.51521041890578,231.04798889160156,2873600
2019-04-18,231.57924142638348,232.40947778343403,231.03737011454575,232.08612060546875,3469200
2019-04-22,231.24733845689295,231.98145377424012,231.10750315775212,231.65809631347656,1604200
2019-04-23,231.99024314842316,233.22249026686532,231.64938954525252,232.89041137695312,3399200
2019-04-24,232.80293443783748,233.08260499401342,232.234871956816,232.4009246826172,1899800
2019-04-25,230.77547552532462,231.815479243536,229.83162027621495,231.1862335205078,2333800
2019-04-26,231.09000816746877,231.89402770996094,230.60057133922376,231.89402770996094,1883100
2019-04-29,231.8764839983367,232.39211143925863,231.66671780463417,231.98135375976562,1522500
2019-04-30,232.47954737066814,232.5232342210001,230.81029895691583,232.2872772216797,2259200
2019-05-01,232.88165229660095,233.1787923445615,230.84535882907215,230.8540802001953,2902500
2019-05-02,230.51317549953382,231.11620343395163,228.69534365724948,229.7440948486328,3660200
2019-05-03,231.00260096524315,231.81536852362393,230.37335554275586,231.57066345214844,2161600
2019-05-06,227.53299167684006,231.3346812460421,227.2970079998047,230.9588623046875,3282600
2019-05-07,228.957585361293,229.4032820263843,225.31319966276712,226.80764770507812,6758100
2019-05-08,226.7115812687241,228.19728163302383,226.18720545214575,226.93006896972656,4115200
2019-05-09,225.25199351242793,226.4318320225261,223.18073509313587,225.86376953125,7175400
2019-05-10,225.11217403575736,227.69908690241874,222.89234547575717,227.15724182128906,5456100
2019-05-13,222.56897108177884,223.4691390252816,220.7511524509445,221.52023315429688,6326000
2019-05-14,222.33300368402973,224.8062985549334,222.1931817378103,223.56527709960938,4308800
2019-05-15,222.13202289980836,225.15589785017667,221.75623054197112,224.535400390625,4151400
2019-05-16,225.47928647086636,227.2970922390192,225.34819919662496,226.49307250976562,3889400
2019-05-17,224.60415135028373,227.2588447411334,224.47273750353463,225.55038452148438,3652900
2019-05-20,224.47264869186614,225.52401252449835,223.84184910839184,224.8756866455078,2613300
2019-05-21,226.21618843207483,226.8119488658645,225.7605849049329,226.71556091308594,2376700
2019-05-22,225.96211871276748,226.79442406052124,225.57662035098542,225.69052124023438,2942600
2019-05-23,223.69288262627717,223.71916538212744,221.9055750165906,223.20223999023438,4616900
2019-05-24,224.4726623685716,224.8844434420908,223.4300816731447,224.39381408691406,2258900
2019-05-28,224.39384634398425,225.34882243106495,222.0633565718822,222.07211303710938,4580100
2019-05-29,220.85431475500394,221.02953765502093,218.57637694883232,220.1446533203125,5192100
2019-05-30,220.58265282826312,221.0820386158865,219.75033426979323,220.67025756835938,3454700
2019-05-31,218.49752587490926,219.09329976978296,217.4724578857422,217.4724578857422,4891100
2019-06-03,217.57754402438465,218.690229917021,216.438575370939,217.7177276611328,5479600
2019-06-04,219.6714607005213,222.27356063890744,219.47871156666707,222.22975158691406,3796100
2019-06-05,223.60522758521344,224.11338306210598,222.59768646102611,224.0520477294922,2792400
2019-06-06,224.39385965451063,226.34763437664887,223.87694743381218,225.79566955566406,2796200
2019-06-07,226.4440069159763,228.77451031136894,226.3914413815713,228.0122833251953,3124900
2019-06-10,229.4403653743979,229.98356036281064,228.6168030573528,228.6605987548828,3495900
2019-06-11,230.12374601716937,230.3077253806066,225.1210634425549,228.56423950195312,2792100
2019-06-12,228.4940316695038,228.89706955335612,227.78437056341332,228.18740844726562,1725500
2019-06-13,228.96716298538487,229.44027933286796,228.11731822105878,229.159912109375,1882700
2019-06-14,228.87957832539385,229.65934476641633,228.1699170691321,229.11614990234375,2260900
2019-06-17,229.23004982865191,229.7031395060115,228.64303254220286,229.26507568359375,1319500
2019-06-18,230.6229837696139,232.8746104634902,230.3688993827389,232.46282958984375,6147700
2019-06-19,232.52410784890392,233.2337686024956,231.84949966286402,232.66429138183594,3920800
2019-06-20,234.84606220439218,235.24033043635654,232.96239265264123,234.87234497070312,3471800
2019-06-21,234.7379841311927,236.2045874808564,234.39546757827608,234.5711212158203,4446800
2019-06-24,234.77295221220925,235.28233137412883,234.57098013159126,234.63246154785156,1654200
2019-06-25,234.82580147566006,234.83456539649612,232.84102801561338,232.9552001953125,7240300
2019-06-26,233.71033974857662,234.0352746881896,232.91116167497725,232.91995239257812,2141400
2019-06-27,233.12210781555606,233.52607908191007,232.28779311233842,232.85862731933594,1991500
2019-06-28,233.55231793287496,233.83335294694078,232.78827576417493,233.47328186035156,2176200
2019-07-01,235.75666085065336,236.020114444061,233.60502490091247,234.45689392089844,3970200
2019-07-02,234.34272398084116,235.12434765030633,233.72798999008123,235.0628662109375,2775300
2019-07-03,235.6600835499904,236.76664243309887,235.60739282231668,236.73150634765625,1262900
2019-07-05,235.98500866912482,236.6612509806721,234.76430446160884,236.476806640625,2157000
2019-07-08,235.27362128046914,235.7390738184322,234.8959955385506,235.4141387939453,1423400
2019-07-09,234.2373747874093,235.4668697391566,234.21102942419256,235.238525390625,1407000
2019-07-10,236.09922561789892,237.01257636718043,235.51083680514836,235.96749877929688,1978600
2019-07-11,236.81937476040423,237.92593383789062,236.44174887874897,237.92593383789062,2238500
2019-07-12,238.5757719277378,240.0950927734375,238.52308119791994,240.0950927734375,2411200
2019-07-15,240.23555317718075,240.27947998046875,239.71740986542548,240.27947998046875,2624500
2019-07-16,240.29705626939887,240.62199135850346,239.6647407334994,240.12142944335938,1780400
2019-07-17,240.05111383282815,240.1477313504996,239.03238194261735,239.12020874023438,1550800
2019-07-18,238.5757217702158,239.5329722286329,237.77654346801967,239.11141967773438,2119000
2019-07-19,240.10719337780424,240.2478260422353,238.50752699570629,238.58665466308594,2364300
2019-07-22,238.86790371032905,239.2107008743084,238.0153365853616,238.76243591308594,1623500
2019-07-23,239.76457367908873,240.48527965552685,239.02627184420618,240.25677490234375,1722900
2019-07-24,239.2898739785494,239.81723994694835,238.9207097537859,239.6062774658203,2355400
2019-07-25,239.4920470865373,239.57991906528605,237.76931640670924,238.5340118408203,2348600
2019-07-26,238.762483320131,239.11405165505943,238.2878513153581,238.94705200195312,1731300
2019-07-29,238.94699681283174,239.66772916788287,238.79759304589334,239.184326171875,1346000
2019-07-30,238.2703409095555,239.20200929666422,237.8572406380676,238.99107360839844,1670600
2019-07-31,239.33384583842368,239.6678452292354,234.7634026808117,236.011474609375,5058800
2019-08-01,236.27515421051478,238.8152607040065,233.26918673032876,233.5856170654297,7225300
2019-08-02,233.1021940197975,233.50652317246312,230.65875736316528,232.75062561035156,5691500
2019-08-05,229.39303927750143,229.53367197500006,224.24249749346828,225.9739990234375,6608200
2019-08-06,227.24845284875153,228.83932178810653,225.93005139693605,228.77781677246094,4991000
2019-08-07,226.0004135255616,229.12941794011394,223.56576140734984,228.73388671875,5089500
2019-08-08,229.80623269698066,232.1529998779297,229.03276595834646,232.1529998779297,3637100
2019-08-09,231.54649418735517,232.42542863938039,229.62162559158392,231.31796264648438,3773000
2019-08-12,229.77103958215304,230.43024037335127,227.25727328378372,227.99557495117188,3072700
2019-08-13,227.7054471194513,232.59231821324883,227.31871399781798,231.30908203125,4326300
2019-08-14,227.8021386893217,228.28556854888498,224.18093440809875,224.19851684570312,6148000
2019-08-15,225.2180948078759,225.84215741343215,223.18775891580273,225.3235626220703,4034800
2019-08-16,226.82526520649512,228.46437957239084,226.36699735857783,228.13832092285156,2743200
2019-08-19,230.92305415238016,231.10810935987237,229.8479266956273,230.30616760253906,1971800
2019-08-20,230.01543112676546,230.50010862793778,228.65829647236203,228.8521728515625,1975200
2019-08-21,230.73796936487713,231.4694228563428,230.43834721073276,230.9142303466797,2156300
2019-08-22,231.51351470985716,232.49171760889843,229.96253075498382,231.38133239746094,2329200
2019-08-23,230.24446345218513,231.93647738443417,224.75427290633726,225.85585021972656,6293900
2019-08-26,228.2440380891403,228.61417538951773,226.6401546102542,228.33216857910156,3145200
2019-08-27,229.57479496515657,229.6188467746509,226.69308587423075,227.18658447265625,3077200
2019-08-28,226.49915524844675,229.53066128041405,225.8999109358521,229.468994140625,2741700
2019-08-29,231.7161403583093,232.86175590216996,230.88776226586373,232.5621337890625,3740600
2019-08-30,233.769550973427,233.8841179592833,231.91894453428523,232.7649383544922,2442400
2019-09-03,230.94957809356143,231.06414508709955,229.1518175731288,230.37677001953125,3082900
2019-09-04,232.28021022487388,232.6062958027271,231.56639880983232,232.58865356445312,1963100
2019-09-05,235.05619887656977,236.80105946092328,235.029762409948,235.89337158203125,3614800
2019-09-06,236.23706935205558,237.0037537673934,235.6554402005714,236.45738220214844,2470100
2019-09-09,236.92446506260274,237.4091426176775,236.20183239670226,236.88038635253906,2243400
2019-09-10,236.59829633826305,237.4266744933945,235.77871240612777,237.40023803710938,2654300
2019-09-11,237.6911339452074,239.47125213089456,237.25050823545385,239.4272003173828,1899800
2019-09-12,240.2466338191996,240.96926606510644,239.22437947237546,239.98226928710938,3272200
2019-09-13,240.5992364871016,240.8283704465401,240.10573787727802,240.2291259765625,2182700
2019-09-16,239.3478035879647,239.8853538487761,238.64278657339747,238.9688720703125,4077500
2019-09-17,238.45765511500997,239.33008481703428,238.26377885971115,239.31246948242188,1756200
2019-09-18,239.030581322366,239.8149078467019,237.4795974043514,239.6739044189453,3052600
2019-09-19,240.11451197316993,240.75783502132907,238.9336386099485,239.189208984375,2965600
2019-09-20,239.73425360861734,240.06109136413565,237.70251646574792,237.84385681152344,4076900
2019-09-23,236.96055705346285,238.47993243982054,236.8015592353131,237.94107055664062,1898300
2019-09-24,238.87738521672193,239.045198226763,235.75029423652063,236.71315002441406,3733300
2019-09-25,237.09308192041277,238.6212996768666,236.2274090633286,238.13543701171875,3391800
2019-09-26,238.5152724768024,238.5152724768024,236.65137487391243,237.51707458496094,2401100
2019-09-27,238.13530796557438,238.4798300482322,235.8562593435105,236.73077392578125,3171000
2019-09-30,237.1901636695058,238.35617425913085,237.1901636695058,237.78199768066406,2128800
2019-10-01,238.2943123981581,238.76249037158766,234.4870471717253,234.5312042236328,3558400
2019-10-02,233.25920066996534,233.25920066996534,229.29293715875755,230.3087921142578,6690100
2019-10-03,229.94664665210857,231.4660216920518,227.35841724551622,231.4483642578125,5610300
2019-10-04,232.21687621215554,234.8404473967552,232.075535867103,234.672607421875,2937500
2019-10-07,234.01891852661134,235.41461054755044,233.37405829380882,233.85989379882812,2104200
2019-10-08,232.00484922134714,233.39169894717142,230.86531137004346,231.06846618652344,3505200
2019-10-09,232.7116009867641,233.41827589697644,231.8635857029253,232.7027587890625,2020800
2019-10-10,232.5260753084856,234.99946415184397,232.4200498226989,234.09844970703125,2100800
2019-10-11,236.53647456288215,238.6300531238556,236.40397641545698,236.88099670410156,4177000
2019-10-14,236.38632757774732,237.38452525450538,236.24498722938276,236.61598205566406,1194600
2019-10-15,237.7290008861965,239.55755611041667,237.4993194692666,238.70069885253906,3168900
2019-10-16,238.32085702631036,239.00103210999427,237.9763349079052,238.57701110839844,2415000
2019-10-17,239.09823733793726,239.52223142055257,238.25019525687725,238.84205627441406,1883400
2019-10-18,238.31429923427393,243.0786537967724,236.55530233521722,236.572998046875,2232400
2019-10-21,236.94419928235814,237.21821302543603,236.3608073526923,237.0767822265625,1379600
2019-10-22,237.31544756684823,238.1109721705868,236.6790224888243,236.7320556640625,2534300
2019-10-23,236.99731190497997,237.6867704211258,236.32552212892864,237.10337829589844,1693400
2019-10-24,237.7928409868334,237.88123863920933,236.06036029600543,236.8735809326172,1843700
2019-10-25,236.64367224848758,238.7650803108229,236.5641224808563,238.30545043945312,1825200
2019-10-28,239.34855969504702,240.05568698245332,238.8270485999289,239.3750762939453,1809600
2019-10-29,239.07444553784714,240.07328196922282,238.93301474467162,239.42800903320312,2884600
2019-10-30,239.42810470924206,240.41809368190695,238.55302998790012,240.19711303710938,2144700
2019-10-31,240.04684633766058,240.12639612780657,237.83704002746782,239.0833740234375,3021000
2019-11-01,240.3031588849529,241.6113739013672,240.15290716543564,241.6113739013672,2989400
2019-11-04,242.8400652896283,243.12290002012176,242.15942762441037,242.68093872070312,1543200
2019-11-05,243.1494312653491,243.52953850687965,242.5748869365322,242.91078186035156,1706300
2019-11-06,243.09631946834244,243.26426687595273,242.18588051006182,242.90185546875,1605900
2019-11-07,244.45761839386012,245.77465436197133,244.45761839386012,244.89073181152344,3023800
2019-11-08,244.98798180081042,245.0586837370624,244.00681372477314,244.90843200683594,1512000
2019-11-11,243.77697613555645,245.2089261656026,243.42341255625166,244.98794555664062,1729000
2019-11-12,245.22665567682066,245.7216502055543,244.52837620157274,245.10292053222656,1694000
2019-11-13,244.2631733362337,246.0840517736487,244.1129215970793,245.77467346191406,2595600
2019-11-14,245.6244290520805,246.01335717412192,244.92612260907273,245.93380737304688,1582600
2019-11-15,246.95570515570665,247.91212351075592,246.62805282067933,247.90325927734375,2363300
2019-11-18,247.74383340981265,248.2751468442702,247.61097802609987,248.19544982910156,1790500
2019-11-19,248.69139016356309,248.7002543968983,246.95570301127015,247.36305236816406,1928300
2019-11-20,246.75207472505824,246.982301596536,245.05179022934004,246.3624267578125,2463600
2019-11-21,246.47757108919328,246.55729516399387,245.44148241810677,245.93739318847656,1382100
2019-11-22,246.52171141850405,247.0973188793932,245.999235290922,246.94676208496094,1419300
2019-11-25,247.67297380992298,248.67365915415618,247.637570930995,248.664794921875,1811100
2019-11-26,248.9038216227668,249.35543787665173,248.4964454387526,249.16061401367188,1300300
2019-11-27,249.38226529486246,249.64794921875,248.8509514973211,249.64794921875,1786300
2019-11-29,249.10763814169349,249.34675627393926,248.7002887285673,248.79771423339844,811900
2019-12-02,249.24049236467897,249.27589525253387,246.3624267578125,246.3624267578125,2544300
2019-12-03,243.90944106895677,244.0954278653297,242.30658188661474,243.9803009033203,3834300
2019-12-04,245.29971176556506,245.97274489353194,244.95433096828683,245.34397888183594,1928500
2019-12-05,246.06117201470727,246.06117201470727,244.54687516106247,245.61839294433594,1453000
2019-12-06,247.46933057521028,248.78880407586342,247.41619922787527,248.57627868652344,2686400
2019-12-09,248.3459934007491,248.59394866529811,247.69068884981897,247.7438201904297,1206100
2019-12-10,247.68183758046158,248.08034968099506,246.74314781374994,247.4781494140625,1406900
2019-12-11,247.18598921796848,247.86785964644983,246.76091133878876,247.70846557617188,1921700
2019-12-12,247.531375501601,250.56886259528113,247.28342012916883,249.6833038330078,3768600
2019-12-13,249.6655723414092,251.15330455800472,248.842009188484,249.82496643066406,3065500
2019-12-16,250.55099666222452,251.59594894238066,250.55099666222452,250.67498779296875,2117200
2019-12-17,250.7813711720857,251.4986715592426,250.53341581634143,250.9673309326172,1697900
2019-12-18,251.31266557639793,251.41892827715742,250.74589513887807,250.7990264892578,1592600
2019-12-19,251.18864465395882,251.97680463306594,251.11781187021037,251.90594482421875,1815100
2019-12-20,252.94160484273567,253.20807271457343,252.5507672256292,252.67510986328125,3637000
2019-12-23,253.45672149623098,253.74097189327387,253.28794951721235,253.4478302001953,2564700
2019-12-24,253.71450643739877,253.71450643739877,253.03941803885235,253.16378784179688,611600
2019-12-26,253.35912854686515,254.13191260268187,253.33248175554806,254.09637451171875,931600
2019-12-27,254.78031287655554,254.79809547486917,253.9542352835534,254.336181640625,1930200
2019-12-30,254.3450574953323,254.40724237041522,252.37311384323718,252.7373046875,2552900
2019-12-31,252.1867393268228,253.43030204485945,251.87584187040508,253.2437744140625,1341300
2020-01-02,254.4338341115114,256.37913055450576,254.1762304759135,256.3702392578125,3865500
2020-01-03,253.45694616605408,255.02916182425258,253.3148208415496,254.32745361328125,3296700
2020-01-06,252.5242820400092,254.95811385236732,252.40880351910744,254.91371154785156,1645100
2020-01-07,254.30965038340923,254.74491762554385,253.6701000288174,253.81222534179688,1413000
2020-01-08,253.43924406543383,256.4149309878192,253.22604247993866,255.2868194580078,3136700
2020-01-09,256.66349507869046,257.4540347151009,256.2015811670753,257.205322265625,1783100
2020-01-10,257.56052707311176,257.63160323686657,255.67741534781763,256.03271484375,2989600
2020-01-13,256.5213944167665,256.7789710839761,255.94402907947983,256.7256774902344,1463300
2020-01-14,256.5923620075124,258.0313427967465,256.45912806547557,256.90325927734375,2198500
2020-01-15,256.7168052390239,258.6976136620511,256.6635116469548,257.9070739746094,2195100
2020-01-16,259.0440608134416,260.23432960276534,258.9019355256322,260.19879150390625,2522000
2020-01-17,260.8457360078524,260.92571407365284,260.1970159895589,260.6235656738281,2147400
2020-01-21,259.8860123895655,260.63250157317157,258.935116703622,259.3439025878906,4476900
2020-01-22,259.9393337502602,260.44588870441464,259.12173485300696,259.3261413574219,2077000
2020-01-23,258.3840853095769,259.37050852460874,257.3621072491996,259.0861511230469,1872600
2020-01-24,259.9748306012291,260.17920993963907,256.2423583575962,257.5398254394531,3612500
2020-01-27,253.14089189849165,254.74050750514508,252.2610789064696,253.59410095214844,4129100
2020-01-28,254.3582783995026,256.1089810646059,253.9405972422325,255.30917358398438,2999200
2020-01-29,256.81991502062687,257.07764010585106,255.2380639161471,255.30917358398438,2126300
2020-01-30,253.8695940376229,256.6244843184944,253.1408688766954,256.42010498046875,3433200
2020-01-31,255.01597784619867,255.2559391538713,250.26152747472676,250.98138427734375,4885700
2020-02-03,252.1099811475585,254.39389842515698,251.94112954366452,252.36770629882812,3157400
2020-02-04,255.65579919317886,256.8288648772924,255.42476052477912,255.97573852539062,3004100
2020-02-05,258.39288590919693,260.41907742338367,257.6730564976037,260.25909423828125,3305900
2020-02-06,261.2900283737611,261.3966928955125,259.89481954551303,261.04119873046875,2857200
2020-02-07,260.17035214931377,260.214775367192,258.3041159516009,258.7751159667969,3839300
2020-02-10,257.89517810155985,260.3479186590753,257.85962327597684,260.33905029296875,2877700
2020-02-11,261.58336624969496,261.6455804543885,259.7437893079495,260.330322265625,1994500
2020-02-12,261.83221330129044,262.93416959276703,261.74333973446704,262.8008728027344,2804400
2020-02-13,261.6189720787796,262.90754404199924,261.2012906693644,262.0010986328125,2638000
2020-02-14,262.13441540149114,262.27660771344006,260.73917876587745,261.7522888183594,1861700
2020-02-18,260.5167701801126,261.16551692517083,259.2815179750555,260.33905029296875,2397800
2020-02-19,261.06795648759544,261.9122147672129,260.7302802961558,261.3612365722656,1474400
2020-02-20,260.8814030773932,261.53015049515807,257.8687861547072,260.188232421875,3493900
2020-02-21,259.14012002293924,259.36290211621724,257.3133177360915,258.1955261230469,3271800
2020-02-24,249.80993817074182,251.99321297997548,248.5980169605242,249.123779296875,6595200
2020-02-25,250.2288924575695,250.7279222829168,240.49778366821076,241.228515625,9903700
2020-02-26,242.37810183639712,245.3366558355118,239.56213170176773,240.37306213378906,7477600
2020-02-27,236.0242528237981,238.5818141524056,229.367549843616,229.46556091308594,11188900
2020-02-28,223.24554942291596,227.34473298493802,220.10877282074927,226.845703125,17541400
2020-03-02,228.76164451172528,238.15414877007976,226.4001588591036,237.95809936523438,8544500
2020-03-03,238.64423441033557,241.5136696647879,229.18045278334756,231.06964111328125,11482600
2020-03-04,236.55011554175294,241.59387986547756,234.33118666818226,241.39785766601562,5408100
2020-03-05,235.49859177899557,237.51255151463522,231.3013828598072,232.99452209472656,5872900
2020-03-06,226.05263184658975,231.78259686766418,224.94762728453162,230.66868591308594,7372400
2020-03-09,215.20754564117786,220.1711382103228,211.348957373339,212.73020935058594,10406900
2020-03-10,220.36717759383097,223.2633454397788,211.2776689199033,223.2009735107422,9407100
2020-03-11,217.02552333415372,218.2463791566724,208.16771361208575,210.16383361816406,7687200
2020-03-12,196.49384076833914,204.06843326961297,188.76775804874487,189.01727294921875,17322600
2020-03-13,201.08308812383467,207.16949582260892,190.06874219355237,206.83978271484375,13676000
2020-03-16,184.01801534017287,194.54223961089787,179.57127971117234,180.44459533691406,12407000
2020-03-17,184.47246177779536,191.12028478104904,177.64642943420625,190.22915649414062,16128100
2020-03-18,177.39694435974707,183.07342814836295,169.02032889912022,177.68209838867188,13369800
2020-03-19,176.77313154713735,182.66349065477385,171.3818157518567,179.39305114746094,13532100
2020-03-20,181.7008420157094,183.48844443606038,170.71603114351547,171.52044677734375,12206000
2020-03-23,169.93840939578587,170.89476949148622,162.7611875740913,166.3632049560547,15712300
2020-03-24,175.42642730004724,185.20461806365225,175.37280139123942,184.6951446533203,14123600
2020-03-25,188.20779522648607,196.7882817546481,183.51533718132075,189.53955078125,17556100
2020-03-26,191.65778862746927,201.88287674342112,191.28239375251184,201.1678466796875,16071900
2020-03-27,194.5001167013424,199.55008898729352,191.78296653698544,193.37393188476562,10545600
2020-03-30,194.27661990927086,199.96119580976043,192.25663420551348,199.40704345703125,7691800
2020-03-31,198.3792152056126,200.88186181799605,195.24197724563868,195.9480743408203,8426600
2020-04-01,188.27932919428784,191.97073470786782,185.7051894828758,187.1442108154297,8570300
2020-04-02,186.1877909788407,191.97962096397362,185.1777909049509,191.23777770996094,8231900
2020-04-03,190.138330175865,191.76505494663036,186.52737923911585,188.2345428466797,6664500
2020-04-06,195.6978080473179,203.70627435667143,194.95595127053494,202.4728240966797,10322500
2020-04-07,210.454465394641,211.08012359271967,202.40130675046674,202.53538513183594,10857700
2020-04-08,204.80562712868647,210.2667535583492,202.74988143318208,209.4444580078125,7010200
2020-04-09,212.5816670024766,214.6821052073344,210.14159362707417,211.9560089111328,9393200
2020-04-13,211.3035646892027,211.55382795749745,206.43235042216688,209.11375427246094,6761900
2020-04-14,213.35041198061566,214.9324444295682,211.7237003680258,214.22633361816406,5391900
2020-04-15,209.57852090407053,211.45550905267035,207.71047949682398,210.11480712890625,6828000
2020-04-16,210.66899806996182,210.9907671360174,207.52281316167705,210.34722900390625,6126400
2020-04-17,216.06179339094317,217.00974441624925,213.06589807508763,216.80404663085938,5924500
2020-04-20,213.0569616107327,215.6235852902438,211.2862467224851,211.62608337402344,7357400
2020-04-21,206.87738844164076,208.67491756049645,205.16034264619645,205.8847198486328,6571400
2020-04-22,209.6228672431101,211.29520916714483,208.71963366829937,209.95376586914062,4318000
2020-04-23,210.61547858668058,213.66502879698663,210.007364340213,210.2220001220703,6364800
2020-04-24,211.5992963395404,213.13748596409175,209.44404052718,212.69033813476562,3568500
2020-04-27,213.84391006776298,216.58940347506197,213.24473379178784,215.81137084960938,3632500
2020-04-28,219.111287814346,219.24544029764397,214.9528201035151,215.60565185546875,4709900
2020-04-29,219.53165641529745,221.49016575163083,218.38695926229406,220.3991241455078,5015300
2020-04-30,218.38694955702906,219.25441724868858,216.33901894886196,217.5105438232422,4928900
2020-05-01,214.25521513643847,214.92593644090545,211.5007846752575,212.19833374023438,4723500
2020-05-04,210.34725347530144,212.61875807261092,208.94320297082072,212.32363891601562,3845500
2020-05-05,214.64879604872584,216.1869853023481,213.46831951395575,213.55775451660156,3143500
2020-05-06,214.93502113190308,215.11387753929154,211.5903640115444,211.8228759765625,3082300
2020-05-07,213.95123178402332,215.68615335999706,213.33416578802263,213.65611267089844,3411500
2020-05-08,216.66098010589556,218.02925116396054,215.82927817393187,217.86827087402344,3894800
2020-05-11,216.1332885709221,218.15440474789176,215.5251742971936,216.92027282714844,2743000
2020-05-12,218.0381576597822,218.33327677707857,212.78864806772418,212.91384887695312,6433900
2020-05-13,211.91223640363,212.3951498981655,206.60011973441758,208.20985412597656,7531300
2020-05-14,205.75946303286392,211.733349051178,204.1676185000383,211.7244110107422,6964500
2020-05-15,209.81767817717093,212.58645101220947,209.14564513919768,212.28179931640625,4811100
2020-05-18,218.19568027837735,221.50208498904274,218.0612791407678,220.36410522460938,5207700
2020-05-19,219.93395157983798,220.44470311702912,216.90533278353348,217.03973388671875,4404700
2020-05-20,219.8891641064726,220.94650300144065,219.28881634369148,220.1848602294922,3280600
2020-05-21,220.0235471166157,221.66330883151858,218.52715568414584,219.54864501953125,3378200
2020-05-22,219.45018955852166,219.6204401451033,217.8910677194867,219.42330932617188,2521100
2020-05-26,224.7636479696819,225.82098687846553,223.90345348469862,224.2349853515625,4872300
2020-05-27,227.3531697181733,229.1990175975896,224.30662653288024,229.1811065673828,5326100
2020-05-28,231.06275498250105,231.12548459629573,227.4965053410651,227.90869140625,4957600
2020-05-29,226.94107119530747,228.777964158041,224.62030680851322,227.8550262451172,5082300
2020-06-01,227.39804382299684,228.98404552152311,226.4303146682628,228.733154296875,2060800
2020-06-02,229.88000286855163,231.1076057211546,229.1273431060837,231.0448760986328,3045800
2020-06-03,233.2849486681954,236.55550222617006,232.66667641795243,235.81179809570312,5184500
2020-06-04,235.09502101302945,236.9408691600635,234.21691553915377,235.95521545410156,3937100
2020-06-05,242.29021882517281,245.47119046981365,241.74364527618522,243.3117218017578,7866800
2020-06-08,244.53032778651658,247.64856980271202,244.53032778651658,247.5589599609375,4667600
2020-06-09,244.83514247556153,246.43010027936492,243.84054640101738,244.96060180664062,4632600
2020-06-10,244.79923435670793,245.67733998524184,241.94085177852378,242.34405517578125,6531200
2020-06-11,234.8889587549985,236.11653451067693,225.24751773566067,225.82994079589844,14257800
2020-06-12,232.07539163870152,233.2581762592962,225.29233212335055,230.05032348632812,9817200
2020-06-15,224.27079544878293,232.61297466569567,223.204514817602,231.492919921875,7421300
2020-06-16,239.32441779556675,239.36923640807518,231.7976527488549,236.3943634033203,9238000
2020-06-17,237.1021305581574,237.18279856171264,234.100405783152,234.60218811035156,3669300
2020-06-18,233.007220195525,234.9964383783776,232.17387874082112,234.27064514160156,3268700
2020-06-19,237.42761316344397,237.6522712203326,231.49663497676815,232.56600952148438,5852600
2020-06-22,231.73926587701916,234.16555625528866,230.66089631507015,233.9319305419922,2823500
2020-06-23,236.18743226596158,236.4750010825918,234.56091056899996,234.9922637939453,2948000
2020-06-24,232.94339756563468,233.21297620691732,227.29998947417366,228.8186798095703,5903500
2020-06-25,227.6594896400663,231.58650816256437,226.50924146351713,231.34388732910156,4312300
2020-06-26,229.73526189806506,230.09470920790415,224.38840432000234,224.99948120117188,5331400
2020-06-29,226.61701062223727,230.15762288747646,225.51169710431918,229.9689178466797,3759000
2020-06-30,229.21405093848037,232.79058843682543,228.8995242809497,231.73020935058594,3667900
2020-07-01,232.62886877508637,233.87798045796194,231.0742529175548,231.2270050048828,3575300
2020-07-02,234.67775046774833,235.59437269490337,231.73923358581055,232.22450256347656,3830000
2020-07-06,235.58540802127627,236.38517637522855,234.42616486762554,236.3402557373047,2989100
2020-07-07,234.63278036007304,235.30675424424172,232.54794789660167,232.78160095214844,2828700
2020-07-08,233.32094713114046,234.71381648676294,232.07183483718708,234.2914581298828,2837800
2020-07-09,234.42616259991888,234.71373146726512,229.46572304654094,231.16412353515625,3995600
2020-07-10,231.1281818455974,234.6867572021163,230.4631754583144,234.3812255859375,3110100
2020-07-13,236.39420683627884,239.50346686545265,234.1655888955077,234.5789794921875,4876000
2020-07-14,234.12961668192477,239.9796930462606,233.73421636117982,239.5663299560547,7614300
2020-07-15,243.05304809625713,243.11595893096572,239.97971395794477,241.65118408203125,5220600
2020-07-16,240.0785124740586,241.6690811358079,239.05405889850894,240.35708618164062,2478100
2020-07-17,240.97857335135285,241.08648994337238,239.37774652970415,239.89035034179688,3415100
2020-07-20,239.57555482205484,240.6997315068408,238.35243631723338,239.96226501464844,4017400
2020-07-21,241.76096316419145,243.0649917344676,240.70872164385347,241.3292694091797,3173200
2020-07-22,240.86163365264372,243.13696642262207,240.81665011272364,242.80421447753906,2039300
2020-07-23,242.49846647549737,242.6243600195567,238.88309591263524,239.84539794921875,2838000
2020-07-24,238.46048827613103,239.53070728333307,237.4712067427003,238.0467987060547,2637700
2020-07-27,238.11864202236936,239.503635634318,237.74093395729918,239.1798858642578,2637900
2020-07-28,238.2536330036912,238.87415357288344,237.09347443938825,237.36326599121094,1989300
2020-07-29,237.59695068842217,239.28771651342595,237.24619445110724,238.77508544921875,1917900
2020-07-30,236.0592089145826,237.264323446094,233.7748734122431,236.77867126464844,3055600
2020-07-31,237.210388974966,237.8668908877851,233.99073013747403,237.74099731445312,3306800
2020-08-03,238.9280018605301,240.25900934469703,238.6402060736822,239.87229919433594,2569300
2020-08-04,239.48571863601165,241.40132092558278,239.25188100194742,241.39231872558594,1909800
2020-08-05,242.81314954940942,244.86364662187233,242.73221212564727,244.62083435058594,2122900
2020-08-06,244.28817052493764,246.44658494051785,244.23421222297776,246.3296661376953,1948100
2020-08-07,245.72711754643953,247.15706741032477,245.05261134013173,246.97718811035156,2311300
2020-08-10,247.7775651815571,250.2687310523403,247.75058603659272,250.14283752441406,2313900
2020-08-11,252.6249547661125,253.41637946723367,248.64087956621816,249.2884063720703,4546400
2020-08-12,251.67177473679916,252.48117676704726,250.66451643731438,251.85165405273438,2641600
2020-08-13,251.0332048787541,252.01348384991547,250.22380299341884,251.2940216064453,1668300
2020-08-14,250.22384240253885,251.95956523642994,249.9270442822122,251.6357879638672,2247000
2020-08-17,251.94147991793628,252.0403942850135,250.46654704148528,250.8712615966797,2436900
2020-08-18,251.00617907864952,251.2489913654033,249.2164711090635,250.19677734375,1678300
2020-08-19,250.62846451345246,251.58176423887423,249.09059834443772,249.50428771972656,3374300
2020-08-20,248.2542566626453,250.32273131197752,248.10135651839684,249.90003967285156,2063700
2020-08-21,249.69630175160378,252.0126231651642,249.5340467551235,251.72422790527344,2601200
2020-08-24,253.9143338097238,255.29332223472562,252.78770838062084,255.230224609375,2622800
2020-08-25,256.1766635990572,256.1766635990572,253.28346904799236,254.72555541992188,3346000
2020-08-26,254.7165847629479,255.6178854882074,253.779251812649,255.45565795898438,2647500
2020-08-27,256.36586104422616,258.17748345967,255.68086401042598,256.9066467285156,3432800
2020-08-28,257.9794330218592,259.0790215035786,256.87082272704725,258.4030456542969,2715500
2020-08-31,258.006202942638,258.07829485590787,255.8701258787171,256.22161865234375,4070100
2020-09-01,255.72609151594168,258.61023763612724,255.22136525727126,258.48406982421875,3023600
2020-09-02,259.64672798905247,263.23391515278604,259.21412119920757,262.4678039550781,3464300
2020-09-03,262.25137710007374,263.50417034657966,253.35554660004192,255.37445068359375,6118500
2020-09-04,256.7896624551405,257.58281170898096,249.66939029901863,253.95956420898438,7145800
2020-09-08,251.30060693286896,251.30960123394146,247.86665429770528,248.23619079589844,4780100
2020-09-09,250.64281202791747,254.60853124703146,250.01191778028902,252.22911071777344,3488900
2020-09-10,253.38267519845246,254.32003564651777,247.7225077908342,248.56973266601562,3455800
2020-09-11,249.61508899499296,251.30051588440585,247.82148298233344,249.7412567138672,2787500
2020-09-14,251.39073162343632,253.6529770312569,251.16540651272268,252.84181213378906,2371700
2020-09-15,254.54531910929703,254.97792577941698,252.256007959707,252.88690185546875,2331800
2020-09-16,253.75218310220126,256.17668395941485,253.06718583235298,253.29251098632812,2651800
2020-09-17,250.28214363882867,253.4006357369794,249.74135782564133,251.97659301757812,3305300
2020-09-18,252.08243284476384,252.42575073998304,248.24274256530592,249.82379150390625,3156700
2020-09-21,245.36055457883992,245.89361785165846,241.26790023137391,245.2340850830078,5936900
2020-09-22,245.44189156439134,246.8602964603612,243.7433899566291,246.47181701660156,3169800
2020-09-23,247.70965893950304,248.0800793568132,241.29511324925656,241.74684143066406,3575900
2020-09-24,241.09620301076524,244.7281129943345,239.65971158863826,242.2165069580078,4432100
2020-09-25,241.00602438419668,246.02019609059082,240.52719362227307,245.46910095214844,3606800
2020-09-28,248.68526085719628,250.3656754685949,248.1973869885099,249.26345825195312,2790200
2020-09-29,248.9924016978353,249.33571928249765,246.90542119241994,247.92633056640625,1971100
2020-09-30,248.4504053614161,253.12128511357818,248.4504053614161,250.70904541015625,4028500
2020-10-01,252.36236454806448,253.2839073582377,249.86884461600195,251.2872772216797,2968000
2020-10-02,247.70063889883914,251.62163613801198,247.18566216370755,250.0767059326172,4771600
2020-10-05,251.874628630321,254.4042956338277,251.8384826527559,254.33203125,1862500
2020-10-06,255.26253311437452,256.1479025816723,250.474198511887,250.90786743164062,4364400
2020-10-07,253.22065205871954,256.2833811992384,253.1754902862575,255.6057891845703,2422600
2020-10-08,257.0512525449312,257.19580879175084,255.39794044488508,256.8434753417969,2148000
2020-10-09,258.03605226079844,259.1202104781169,256.9519216147687,258.3251647949219,2549100
2020-10-12,259.2468529044885,261.65002292433377,259.0029020046056,260.6110534667969,2534800
2020-10-13,259.8882292382594,260.29476800963124,258.40654774802385,259.0570373535156,2430600
2020-10-14,259.49069823037,260.1502312007517,257.10556056046573,257.60247802734375,2264000
2020-10-15,254.80173684768909,257.8463796613763,254.46746248364062,257.5211486816406,3128000
2020-10-16,258.71149167859596,260.6366480484795,258.3951742212943,258.46746826171875,2409300
2020-10-19,259.0728745263635,259.4524662589399,254.22834952022177,254.90621948242188,2837600
2020-10-20,255.92768048604498,258.1872481966691,255.10519452946414,255.73788452148438,3339000
2020-10-21,255.36728455989208,257.11166402449584,254.72554753981885,254.8520965576172,2907100
2020-10-22,254.96959314888187,256.83147449605775,253.34268805717386,256.3705139160156,2324200
2020-10-23,257.09359431741586,257.1749354353303,254.43634080176835,256.09033203125,2161000
2020-10-26,253.19815319547234,253.42410998489532,247.37750409332705,250.36012268066406,5140600
2020-10-27,250.31482711369142,250.42328190946455,248.1908287544572,248.24505615234375,3029800
2020-10-28,243.12958279502058,244.7112808243562,239.5323396328438,239.9481201171875,5815200
2020-10-29,239.63165323360494,243.07523184397522,237.53476800606404,240.95123291015625,5479400
2020-10-30,239.54123041384975,240.70717478059402,236.26938161010233,239.56834411621094,5271200
2020-11-02,243.03915325604365,244.48528243949258,241.25861238783756,243.31031799316406,5062900
2020-11-03,246.4374619039534,249.84487960899537,246.02170922602326,248.23606872558594,4343000
2020-11-04,249.36598686739407,255.83739469151297,249.05868884562898,251.72499084472656,6766400
2020-11-05,255.1414861590183,257.5546902650646,254.94264299522257,256.6056823730469,4316200
2020-11-06,256.64175265932744,257.03039174789603,254.7798707745471,255.98194885253906,3078200
2020-11-09,269.8918139945733,270.6871863056054,263.3662084031865,263.6644592285156,10839300
2020-11-10,265.09247606400135,266.59283235237086,263.37521009915906,266.1861267089844,4354500
2020-11-11,267.5961981647244,267.6594727056816,264.7581667487854,265.8246765136719,2910400
2020-11-12,264.116296979022,265.110512082373,261.3777025840599,263.0588073730469,4361900
2020-11-13,264.79425076429226,267.4605519857538,264.29715684695645,266.76458740234375,3090400
2020-11-16,270.49728456992534,271.22033497947416,268.95174845951686,271.1299743652344,4615000
2020-11-17,268.71683938208497,270.3798779763224,267.17130272690264,269.62066650390625,4049200
2020-11-18,270.4249803663761,270.9220740563737,266.4119873046875,266.4119873046875,3566400
2020-11-19,265.7794259894517,267.3611235999499,264.73098312057874,266.9272766113281,3266600
2020-11-20,266.51232512057476,266.84747656696106,264.6825651908687,264.9814758300781,3090200
2020-11-23,266.54855310114203,268.7134643730565,265.8420094351922,268.0250549316406,2855600
2020-11-24,270.78789998577946,272.7535289094676,270.20815749164973,272.1375732421875,4022700
2020-11-25,271.70275978481766,271.78428087960106,269.98166674947885,270.606689453125,2629200
2020-11-27,271.2408688601551,271.92930630167785,270.0904783956125,271.0596923828125,1518000
2020-11-30,269.50164014164466,269.7552705968901,266.99250929355026,268.6864013671875,4159300
2020-12-01,271.50357723507915,272.6630348626021,270.099528589071,270.3350524902344,2841100
2020-12-02,269.12114148689807,271.1501846252697,268.44177140285694,271.0052490234375,2481700
2020-12-03,271.18638216970095,273.0161420190758,270.8874438999794,271.8023376464844,3140900
2020-12-04,272.418331174866,274.0941162109375,272.2915298030566,274.0941162109375,2747300
2020-12-07,273.35124249940407,273.70452808983606,271.747939607427,272.7443542480469,2589900
2020-12-08,271.75699111708684,274.3476413903452,271.72981743043124,273.7407531738281,2205400
2020-12-09,274.664828118711,275.00904675666953,271.7208907537874,272.5451965332031,3074500
2020-12-10,271.7389917739514,272.78975425222416,271.02340845563384,272.2372131347656,2413000
2020-12-11,271.2317138925303,272.81691080306786,270.55234378801424,272.5904541015625,2454300
2020-12-14,274.48371860652503,275.19026264062273,270.8423036067369,270.9328918457031,3646100
2020-12-15,272.6087134633702,274.4113007888176,271.2771463415527,274.1214294433594,4211500
2020-12-16,274.0489034684769,274.3478142099807,272.9437934422959,273.69561767578125,1977300
2020-12-17,274.664860493001,275.1087068712931,274.32970893031955,274.909423828125,3002900
2020-12-18,275.06200954465623,275.1255471921208,272.4844694353706,274.0001220703125,4442100
2020-12-21,271.17747855174235,274.9711792839163,269.9340908517442,274.2178955078125,6340800
2020-12-22,273.94558863718316,273.9818998103945,272.148559476904,272.33917236328125,2698200
2020-12-23,273.3647832713016,274.80784099604983,273.31033035318376,273.4373779296875,2714400
2020-12-24,273.78213884286646,274.18147852344015,273.1195917143463,274.1088562011719,1955700
2020-12-28,275.6247175289441,276.9497849633856,275.3161416988587,275.90606689453125,2382400
2020-12-29,277.2038381331546,277.4489039493099,274.67169447983684,275.4158935546875,2319600
2020-12-30,276.00566480199944,276.93141924083585,275.7787685489194,276.0238342285156,2081300
2020-12-31,275.90584111359067,277.9842185272222,275.31591640066887,277.5304260253906,2797000
2021-01-04,278.2565433871342,278.32008099854215,271.1319940214567,274.38116455078125,5106600
2021-01-05,274.02703848489955,276.8586982828326,273.5278779848961,275.7605285644531,3355200
2021-01-06,275.67904484661256,281.5692647935306,275.0528087511765,279.72686767578125,7290300
2021-01-07,281.09729094645263,283.1484423739545,280.4982813871653,281.8052062988281,4107900
2021-01-08,282.48599536172856,282.6493541092816,279.5272576796995,282.29541015625,3234900
2021-01-11,279.9810336952877,282.2590820955973,279.9175237621354,281.50579833984375,2811400
2021-01-12,281.5148561561222,282.4859792623062,280.3622325732163,282.0231018066406,2290900
2021-01-13,281.9231872558594,282.803545983233,281.2788095370503,281.9231872558594,1854400
2021-01-14,282.79463190635477,283.4117835502029,281.2517527967343,281.3969421386719,3232400
2021-01-15,279.6608798479229,280.8503057049388,277.8631083567742,279.7607421875,4009100
2021-01-19,281.7944782632699,282.139507528458,280.1964873579805,280.8502197265625,2781700
2021-01-20,281.8580438367861,283.59225093218595,281.4131522598814,283.07470703125,2398400
2021-01-21,283.29268559613524,283.92824114392766,282.5572400126019,283.1655578613281,1930000
2021-01-22,281.3404176280538,282.39365434843137,280.6412985390573,281.4403076171875,2049700
2021-01-25,280.5505234084632,281.2678194950027,277.49070294860377,281.1497802734375,4546400
2021-01-26,281.9579364120843,282.5481049336604,280.75033396561594,280.9137878417969,2256100
2021-01-27,278.32619254003566,278.48961876414614,274.2948460927938,275.34808349609375,5743100
2021-01-28,276.9096494395877,280.94099403684345,276.7734332732525,277.8993225097656,6392100
2021-01-29,275.94721461720985,276.7280469148226,271.10777231390057,272.2154846191406,5929900
2021-02-01,274.4580938013018,275.429617460639,272.5150741913622,274.2220153808594,3138600
2021-02-02,276.5102046536171,280.0421553922492,276.4920277161781,278.5803527832031,3090500
2021-02-03,277.9265300400339,279.5971729256253,277.09119474286973,278.9797668457031,2087800
2021-02-04,279.5155950068158,282.0760498046875,279.44294266302836,282.0760498046875,2638800
2021-02-05,283.61028961570946,283.7828041821136,282.25743847691825,282.86578369140625,1955600
2021-02-08,283.9191285578407,284.9996032714844,283.65581237576765,284.9996032714844,1690000
2021-02-09,284.4276593662736,285.5535212988713,283.801164527328,285.02691650390625,1798700
2021-02-10,286.16190403619623,286.2254402083367,283.55603429832047,285.5535583496094,3048000
2021-02-11,286.08915540786796,286.6975008897312,284.0099189417538,285.7168884277344,1937100
2021-02-12,285.3537340972268,286.13459428748814,284.9451409186457,286.0437927246094,2479500
2021-02-16,287.215058333273,287.40574993915385,285.88944410529484,286.5340881347656,1836300
2021-02-17,285.7258764358907,287.7415483338,284.9813427373984,287.4600830078125,2007400
2021-02-18,285.78054547898654,286.91549601702854,284.53664412269296,286.5159912109375,2609600
2021-02-19,287.10822299453974,287.77230894485496,286.1712402217005,286.4805603027344,2314900
2021-02-22,284.6427533506718,287.9085458149378,284.5244888939297,286.744140625,2978000
2021-02-23,286.3437739714931,287.90844550296595,283.46006554438554,286.9078063964844,5723400
2021-02-24,286.26211775911486,291.1380855029667,285.807271368461,290.67413330078125,4290300
2021-02-25,290.8377951623957,291.0288505847959,284.6973704968688,285.6252746582031,7648600
2021-02-26,286.0255990056415,286.0437828659712,280.89491870754813,281.5044250488281,7925600
2021-03-01,285.1704969013307,288.29984222217286,285.1432072289474,287.0899353027344,4749700
2021-03-02,287.2080819055551,287.8539557279101,285.6525156950237,285.8162536621094,4075700
2021-03-03,285.58885885158696,287.34455867187717,284.57908576466025,284.7246398925781,5148100
2021-03-04,284.9066860597726,286.48046457479387,278.0748843486019,281.6226806640625,8577600
2021-03-05,284.27893555179855,287.5083331550211,280.09434406815313,286.771484375,7016100
2021-03-08,288.14516552657665,292.6754452108061,287.3082360193274,289.50970458984375,8230700
2021-03-09,290.6195695081181,292.71185191245166,289.68258700369086,289.83721923828125,5829900
2021-03-10,291.5838827845533,295.02252105612166,291.5293034279908,294.1310119628906,6472200
2021-03-11,295.38628188456863,297.4421960826482,294.5857479397725,295.9502868652344,5745900
2021-03-12,296.2595288538851,298.82484026011815,296.10486893457204,298.6611022949219,4257200
2021-03-15,299.45266329758323,300.4169354255144,297.2966958462349,300.2804870605469,4456000
2021-03-16,300.0622360249163,300.19868442005463,298.670406871252,299.16162109375,3270600
2021-03-17,299.4799901914404,301.1356379231398,298.72495730370053,300.89910888671875,4338200
2021-03-18,300.4715074581127,302.8003187022774,299.0796786460796,299.61639404296875,5376500
2021-03-19,299.0703581894569,299.15239432987295,296.2354517813448,297.1743469238281,5628800
2021-03-22,296.7551323586439,298.97022030648475,296.2811363077659,298.295654296875,3807600
2021-03-23,297.45680855547,298.51420920360397,294.8315418177967,295.3966979980469,5068400
2021-03-24,296.5089711817921,298.7422797209457,295.41510009765625,295.41510009765625,6099000
2021-03-25,294.16614595663964,297.7303080167386,292.2610107452734,297.3383483886719,5557900
2021-03-26,298.62365573237577,301.6226617176348,297.7850178569354,301.3674011230469,4956600
2021-03-29,300.1643680623534,303.05396656915326,299.80885013758973,302.3247375488281,5200900
2021-03-30,301.76853756732424,302.2699066273732,300.6108793842283,301.55889892578125,4568800
2021-03-31,301.36745410687445,302.28812827031754,300.7567313432707,300.9754943847656,3763700
2021-04-01,301.52248904421015,302.2699666738896,300.5562483300574,302.13323974609375,5936100
2021-04-05,304.40295198599335,306.417469318063,304.37560660386725,305.551513671875,5632700
2021-04-06,305.08659395945904,305.75203530442667,304.2570803327047,304.7948913574219,2987500
2021-04-07,304.5852527145693,305.5241478625147,303.9471567498994,304.7948913574219,2658500
2021-04-08,304.7310081468497,305.5058308399804,303.93796447701993,305.48760986328125,2665000
2021-04-09,306.02558519206866,308.1768299663764,305.69741270716577,307.9762878417969,3034700
2021-04-12,307.42936559435935,307.97627334628953,306.8733056221654,307.6936950683594,2951500
2021-04-13,306.8549116817127,307.5750435735926,305.8157319021683,307.0007629394531,3391700
2021-04-14,307.0191589493557,309.1157128607882,306.95534377178456,307.67547607421875,3966800
2021-04-15,308.8603022288767,310.58314412205993,308.8603022288767,310.3279113769531,3881800
2021-04-16,311.6064584807904,312.2447366777282,310.922571094997,311.7249755859375,3748900
2021-04-19,311.0045060290957,311.2233409975503,309.70966753505184,310.71270751953125,3222800
2021-04-20,309.48174154332054,309.901184557972,307.06534572448834,308.3145751953125,3762900
2021-04-21,307.8676706390721,311.43300459113505,307.8038345121782,311.2141418457031,4191200
2021-04-22,311.050123932279,311.1321870550951,307.37537124205164,308.3145751953125,4962500
2021-04-23,307.97723944685936,311.47873899276493,307.41189707924445,310.4209899902344,3613900
2021-04-26,311.07756707168085,311.37849310198243,309.47273027738447,309.910400390625,2090900
2021-04-27,309.66425471925925,310.4210779486713,308.8435953134942,309.87396240234375,2732700
2021-04-28,309.32674662205346,309.56380859293796,308.2598703570293,308.54254150390625,3025100
2021-04-29,309.92859393004693,310.8130613848611,307.6307149799859,310.54864501953125,3688400
2021-04-30,309.0442119828604,309.7098446684198,308.06852581141044,309.06243896484375,2909600
2021-05-03,310.7492448906682,312.01670141299644,310.5303820556162,311.041015625,2698400
2021-05-04,310.0198289523135,311.4240855463169,307.8587492089311,311.3876037597656,4478300
2021-05-05,312.080525263799,313.037956211791,310.36624356525516,312.1078796386719,3506100
2021-05-06,312.70063466837996,315.17176757863564,311.77055792169097,315.05322265625,4276700
2021-05-07,314.7432802504857,317.5882478297876,314.41499977655263,317.2143859863281,3526500
2021-05-10,318.47263825389274,320.141310977202,316.94983699586464,317.08660888671875,6092500
2021-05-11,314.57903881525397,314.7887742772797,310.84047707288573,312.6824035644531,8396400
2021-05-12,311.4422549654098,312.0623339123808,306.11705603855495,306.3815002441406,7034100
2021-05-13,306.65495057258136,311.888985196036,306.627596202922,310.43914794921875,5741300
2021-05-14,312.13533373132157,314.52437599158384,311.7432449570694,313.9134521484375,4677300
2021-05-17,313.0654096093855,314.7067561032407,311.88914329035697,313.3572082519531,3262200
2021-05-18,313.53950254745905,314.1321992446964,310.82218061739053,311.041015625,3462300
2021-05-19,307.80408909997516,309.62778913153204,305.65213641991596,309.51837158203125,7223900
2021-05-20,309.7918255482523,312.7097558828856,309.42709121328465,311.4149169921875,4532800
2021-05-21,312.7609950082042,314.38743508950506,311.8381177655767,312.5325622558594,4481000
2021-05-24,313.74767596642323,314.9538070673394,313.4552754780474,314.2867736816406,2531800
2021-05-25,314.9446007844185,315.2370012170394,313.0988753375742,313.5740051269531,2623200
2021-05-26,313.921209102048,314.4328958872884,313.10800355883464,313.6562194824219,2064500
2021-05-27,315.55684942270415,316.29696893367156,314.20451817700354,314.8715515136719,3026200
2021-05-28,316.4979900578155,316.58936868911644,315.5568487135865,315.82183837890625,2641400
2021-06-01,318.47174753120413,318.57224453658716,315.7853766919724,316.0320739746094,2584300
2021-06-02,316.8360741164123,317.3843180335969,315.92234354938586,316.4797058105469,2576700
2021-06-03,314.8805822557684,317.0278540169877,313.9211766039729,316.1689453125,4436400
2021-06-04,317.12848720641955,317.96910374601316,316.6442111020235,317.8868713378906,2594200
2021-06-07,318.4351091360696,318.47166616725633,316.16904724484993,316.68988037109375,2224300
2021-06-08,316.78132868631417,316.9823505747914,315.00868872924696,316.4615173339844,2748700
2021-06-09,316.6441638151617,316.9548288277345,314.95375687438644,315.0451354980469,2591200
2021-06-10,316.644320591252,317.7316626160392,315.05440982992224,315.2189025878906,3089400
2021-06-11,316.1782390216593,316.65336895615445,313.93046926464746,315.34674072265625,3003000
2021-06-14,315.08171874218334,315.11827577489294,312.9253278546964,314.5974426269531,2527000
2021-06-15,314.7894724594875,314.807737040749,312.8340747550913,313.78436279296875,2138500
2021-06-16,313.7842345622347,313.99440264271055,310.20239827389645,311.36285400390625,4032000
2021-06-17,311.18010435589974,311.8379915317306,307.58000340549864,309.43487548828125,5169100
2021-06-18,305.95121077558076,306.77476159745447,304.42304382209005,304.67926025390625,7126600
2021-06-21,306.78399356188834,310.2886721447872,306.00618451997246,310.0050048828125,5435700
2021-06-22,309.9591957368797,311.4964943574322,308.7879166080544,310.6180419921875,4042100
2021-06-23,310.74620358997265,311.2677961396048,309.9134930086748,310.0050048828125,3082700
2021-06-24,311.73446694682667,313.244315032987,311.4599313422057,312.9331970214844,3704700
2021-06-25,314.4979332344584,315.6783720553458,313.94888997412704,315.1933898925781,3638000
2021-06-28,315.0835777534366,315.1659579840908,312.7867889972953,313.68353271484375,3606300
2021-06-29,314.7632358305723,315.4495327645017,313.5095766405131,313.73834228515625,2375800
2021-06-30,313.29907027368824,316.1632200655924,313.27161951859443,315.6507873535156,3778900
2021-07-01,316.410407465754,316.97774192219634,315.62346687791467,316.9411315917969,3606900
2021-07-02,317.56338149115487,318.7072099175323,316.7764130125479,318.3869323730469,3013500
2021-07-06,318.2130859711097,318.54249517204454,314.41558096877594,316.447021484375,3910600
2021-07-07,316.2914960060056,317.6549587603443,315.1751181149622,317.4536437988281,3347000
2021-07-08,313.46391248759403,315.6966679675495,312.52139891473996,315.12933349609375,6379900
2021-07-09,317.1332636065971,319.42092019043645,316.4652578309377,319.10980224609375,5063100
2021-07-12,318.45099128778725,320.5373332062023,317.86533773325044,320.2994079589844,3999800
2021-07-13,319.84185465778035,320.5007008987033,319.2196187428799,319.35687255859375,3310200
2021-07-14,320.4457422689248,320.9032735234365,318.7711622391368,319.73199462890625,3933300
2021-07-15,318.3504266614976,320.27206463440564,318.11252925997167,320.2171630859375,5082600
2021-07-16,321.1207695473979,321.1390715758835,317.1104178888251,317.4766540527344,5710400
2021-07-19,312.9443639969762,320.4889335828916,308.9065461650902,311.195556640625,9715300
2021-07-20,311.57100150490925,316.90896238965024,311.07656734893163,315.95672607421875,5802200
2021-07-21,317.68721796165875,318.7676243053346,317.1378498055781,318.6211242675781,3056800
2021-07-22,318.4196516072689,319.3718877662366,317.4216464166868,318.8683166503906,2429300
2021-07-23,320.4615277609237,321.3679671408557,319.73819248878124,320.9834289550781,4142300
2021-07-26,320.4615274524896,321.7891649573181,319.9945602853242,321.7525329589844,2466600
2021-07-27,320.47980663695074,321.0841088272586,319.2986972096463,321.0291748046875,3902600
2021-07-28,321.39542535621723,321.58772238586977,319.28038156625473,319.8755187988281,3697700
2021-07-29,321.33128276428425,322.0271229071964,320.80938170058465,321.2122497558594,2425700
2021-07-30,320.3516487427275,321.38628611052326,319.2437753227282,319.98541259765625,3576700
2021-08-02,320.8734270289337,322.2102010203899,318.6851200973293,318.9506530761719,2827100
2021-08-03,319.62835530208287,321.55113024273555,317.81544842511937,321.4595642089844,3819300
2021-08-04,320.08609670311796,320.53473385860497,318.52042120900967,318.6211242675781,3118500
2021-08-05,319.4086356458154,321.05671257020185,319.24383354178315,321.02008056640625,2261400
2021-08-06,321.94478692170475,322.7413582103555,321.7982868772823,322.3751220703125,2123700
2021-08-09,321.9264984707224,322.3476686524321,320.9650971277856,321.51446533203125,2322500
2021-08-10,321.75263781514366,323.15351183114365,321.38640153853623,322.96124267578125,2841000
2021-08-11,324.06913649189886,325.14954335427524,323.84940030078195,324.9847412109375,3422500
2021-08-12,325.21345956079597,325.26839357769217,323.88582228775135,325.2500915527344,3118600
2021-08-13,325.81777657476687,326.29388072362724,325.0395073771491,325.3966064453125,2414900
2021-08-16,324.4993723588862,326.5045483142983,322.8970645917233,326.4770812988281,3634600
2021-08-17,324.0415257113121,324.73739393052114,321.8440809488941,323.96826171875,5019600
2021-08-18,322.8604221547731,324.16059270973955,320.36084000169075,320.5714111328125,4038000
2021-08-19,318.0168409265979,320.9010169313478,317.99853889905376,319.98541259765625,5442200
2021-08-20,320.0871637877081,322.6278191238215,319.6744091127014,322.086669921875,3394800
2021-08-23,323.7376524223342,324.97588853205934,323.7009842643727,324.1871032714844,3569200
2021-08-24,324.7649112442321,325.1409697846308,324.34300351223135,324.45306396484375,1981400
2021-08-25,324.4897204395517,325.6454110326025,323.70093529829586,324.8565979003906,2434700
2021-08-26,325.1226540552438,325.6087730756902,322.92136090588207,323.00390625,3008900
2021-08-27,323.45324358522714,325.4711114332562,323.45324358522714,325.21429443359375,3163700
2021-08-30,325.57207043226157,325.8105534155976,324.58149833164197,324.7649230957031,2482000
2021-08-31,324.5080146107693,325.42522214555487,323.9393504177546,324.61810302734375,2913800
2021-09-01,324.957622566909,325.0126528063462,324.04041458833365,324.27886962890625,2739200
2021-09-02,325.4071396755535,325.7740173749461,324.6183540214081,325.48968505859375,2390000
2021-09-03,324.3981629858844,325.28785598692053,323.85701355096126,324.8200988769531,2465400
2021-09-07,324.36134347201084,324.4071926604876,321.9307206816757,322.3434753417969,3168500
2021-09-08,321.7748671255621,323.0131033307623,320.6925685720827,321.69232177734375,3075700
2021-09-09,321.53637183803613,323.32493828730395,320.03216556527013,320.3898620605469,3484700
2021-09-10,322.16925618621303,322.5453147623138,317.8767301810504,317.9959716796875,4539000
2021-09-13,320.0229492960581,320.96767212905866,318.7021679385289,320.3806457519531,5439700
2021-09-14,321.38950032568323,321.5454379156946,317.0877949391955,317.7848815917969,3902200
2021-09-15,317.72995554320283,320.52742812084966,317.1521101539477,319.9404296875,3267300
2021-09-16,320.02296530125585,321.0960827135689,317.3538873407179,319.3533935546875,3646000
2021-09-17,318.80750779618563,319.5887917019224,317.1622197664945,317.6953430175781,5380900
2021-09-20,312.7134270421164,314.49658150024794,308.82540979676236,311.959716796875,10010600
2021-09-21,313.80736257983705,315.3331566851409,311.60140567527947,311.69329833984375,6071100
2021-09-22,313.5775147818328,316.49120733722447,312.91572503214223,314.8091735839844,6862700
2021-09-23,316.93238776897994,320.4803244729469,316.6750266648261,319.4600524902344,5592200
2021-09-24,318.4857933640518,320.2597479052726,318.3111524454591,319.7450256347656,3121600
2021-09-27,320.13109442819405,322.16241018757177,320.0208008014783,320.4252014160156,3426000
2021-09-28,319.23021676489185,319.69899258239536,314.7263840946058,315.1951599121094,7493800
2021-09-29,316.06842216683594,317.72291065191615,315.15847173271084,315.97650146484375,4116600
2021-09-30,317.18058979840094,317.51149871851845,310.7741067101236,310.9395751953125,7926000
2021-10-01,312.53879361859407,316.9047591952134,310.3787839864268,315.4341125488281,6219800
2021-10-04,314.9103084733817,316.21551522649287,310.7373831583587,312.5205383300781,7037700
2021-10-05,313.549912536862,316.9875275050318,312.9432696512574,315.3882141113281,3826100
2021-10-06,312.95249273485706,316.46362767744705,311.10499054302056,316.2981872558594,6276300
2021-10-07,318.8257286378811,321.49125947106745,318.733807978065,319.5242919921875,5310400
2021-10-08,319.7909468624872,320.2872680799646,318.55926015176993,319.4324645996094,3658300
2021-10-11,319.55197098013883,321.29835189274417,316.97833190606997,317.0886535644531,4098400
2021-10-12,317.55758074775,318.11827763940414,315.44354393068033,315.98583984375,5100300
2021-10-13,316.141938797897,316.7026073393629,313.54072624414994,316.0867919921875,4189100
2021-10-14,319.1383856021431,320.98588794203215,318.57771700063546,320.9031677246094,4473900
2021-10-15,323.3277597748813,324.64257944324436,322.6565726463815,324.4311218261719,4206800
2021-10-18,323.0427685206531,324.688608225937,322.04056143253405,324.1093444824219,3310600
2021-10-19,325.18502466270877,325.9573667315377,324.38507189103774,325.911376953125,2380900
2021-10-20,325.95747369118806,327.8607328147824,325.82873594097725,327.35504150390625,2873800
2021-10-21,326.7665181213327,327.410122527713,325.7642832088729,327.29058837890625,2243800
2021-10-22,327.2999000364352,328.81700213921954,326.7022571546921,328.00787353515625,3872300
2021-10-25,328.5777725127907,329.06511259806183,327.59397295442534,328.7524719238281,2518200
2021-10-26,329.6812283332427,330.0214236856028,328.587069840177,328.70660400390625,3182200
2021-10-27,329.24912239684335,329.44220096089816,326.3712107788058,326.3896179199219,3542100
2021-10-28,327.09749401392514,328.5962164662047,327.09749401392514,328.52264404296875,2490500
2021-10-29,327.9250466840163,329.644430524187,327.68600642462576,329.3778076171875,2979600
2021-11-01,330.4996780653606,331.0513312334379,329.14807168422567,330.2054443359375,2548400
2021-11-02,330.46272120131744,331.8143268845569,329.89266118220365,331.529296875,2629000
2021-11-03,330.92250392043627,332.6970531197334,329.9938413180527,332.4396057128906,3557400
2021-11-04,332.2374089770414,332.52243910572963,330.8858027288839,332.2466125488281,3870900
2021-11-05,333.72690749896924,335.5474468389451,332.74310746816064,334.0395202636719,4489000
2021-11-08,335.6576549933765,336.1909568548104,334.0669810365827,334.9772644042969,3056000
2021-11-09,334.8578905439522,334.9590176000714,332.67877645454615,334.02117919921875,3680600
2021-11-10,333.322273448713,334.43483906460096,331.2626942253543,331.98907470703125,3529000
2021-11-11,332.0993715523881,332.1637404114926,330.43515314197447,330.5086975097656,2461200
2021-11-12,331.6395296210112,332.60494994153845,330.61891596878377,332.1820068359375,3099800
2021-11-15,333.39589530191853,333.5154294816464,331.6213458666255,332.1454162597656,2555000
2021-11-16,332.678658136097,334.260128719572,332.5683275469622,332.77978515625,2728600
2021-11-17,332.32933789445184,332.45804759235466,330.58237101376045,330.8674011230469,2976000
2021-11-18,331.0329098766034,331.05128895996813,328.36648368591784,330.4076843261719,3438100
2021-11-19,329.70840531610594,329.70840531610594,327.39604318450245,327.8843078613281,3542200
2021-11-22,329.3305430033512,330.9519341402561,328.04998390946093,328.1513366699219,4929200
2021-11-23,328.22517862457397,330.15060083092635,327.3591954925003,329.8281555175781,5789300
2021-11-24,328.022526251059,329.99402829006357,327.78299060887775,329.83740234375,4246700
2021-11-26,322.7437393760768,323.78476359715614,320.00760676778947,321.5368957519531,9075000
2021-11-29,324.8257639731541,324.9915833640258,321.4447690074957,323.5360107421875,5243000
2021-11-30,321.24203170417155,322.44887501509265,317.2437552605399,317.7412414550781,9543500
2021-12-01,320.6340478640209,322.7897842143951,313.5219481624438,313.6509094238281,8415000
2021-12-02,314.8945408658462,320.55106673530344,314.30495158967574,319.3165588378906,8326400
2021-12-03,320.46832237679376,321.05794012335366,316.06471674731546,318.97589111328125,11365300
2021-12-06,321.75786763180344,326.14302691142143,321.3617061994643,325.03753662109375,7026500
2021-12-07,327.902627834753,330.3715870656404,327.7736666196025,329.5700988769531,5271500
2021-12-08,329.9663235461982,330.6111859745408,328.35412530358246,329.80047607421875,3355600
2021-12-09,328.65817673590834,330.89682274096475,328.28967984810447,329.91107177734375,3774500
2021-12-10,331.2744573441661,331.9561778197886,329.45036025661807,331.86407470703125,3855200
2021-12-13,331.1271111979459,331.6430124238692,328.5291619509338,328.9253234863281,4563000
2021-12-14,327.70001175011396,330.18741455921196,327.018291207186,328.1238098144531,4079700
2021-12-15,327.8105028958724,331.62451614690275,326.52997170359254,331.47711181640625,9274900
2021-12-16,332.822085760725,333.964462115258,330.09517635814035,331.1361999511719,9493700
2021-12-17,328.849225582574,329.43069239403656,325.5358167809841,326.38494873046875,10638300
2021-12-20,322.46237965274554,322.7023572318417,319.8411879287702,322.36083984375,7303400
2021-12-21,325.02824627997126,327.63098942387165,324.42833040630575,327.5663757324219,4693300
2021-12-22,327.60317963726254,330.01208080805566,326.883275224182,329.8551940917969,2999500
2021-12-23,330.7780694381243,332.7254922250488,330.56577951123614,331.6733093261719,2655000
2021-12-27,332.31940812981406,334.995973873841,331.9871576166279,334.9590759277344,2594300
2021-12-28,335.13441926097977,336.98956916785835,334.93139605363154,335.9466247558594,3048500
2021-12-29,335.8638030732653,337.46976624166155,335.76229139676707,336.73138427734375,3012200
2021-12-30,337.5157835861123,338.466427144225,335.5868089164034,336.0205993652344,2863200
2021-12-31,335.50367196082567,336.6388895686483,334.9498928474026,335.32830810546875,3133800
2022-01-03,336.26974274195373,337.66341513732164,334.38690485567327,337.5065002441406,5624100
2022-01-04,339.03869693304904,340.76462036671523,338.91870813111325,339.5278625488281,5462200
2022-01-05,339.38006640786404,341.03216516221744,335.9374593300004,336.0389709472656,7638000
2022-01-06,336.0575809743882,336.5559852275336,334.0732307037835,334.4701232910156,7019800
2022-01-07,334.0084924959941,335.8359269782115,333.3070370652737,334.3961181640625,5806300
2022-01-10,333.25165159044496,333.39008932472905,328.9783618051663,332.99322509765625,8091800
2022-01-11,332.9008942388135,334.8021807306592,330.1412657044727,334.6083679199219,7310900
2022-01-12,335.7068125477722,336.47285367227875,333.80552534747653,334.9869079589844,4493200
2022-01-13,336.1496900730469,336.9988217164716,332.67939576875693,333.3716125488281,6418100
2022-01-14,330.61211886493913,332.07961578238184,328.9415704652246,331.4704895019531,8575400
2022-01-18,327.95390836906955,327.9815959194832,325.45270576043777,326.58795166015625,8166100
2022-01-19,327.56625071354244,328.15692778688117,323.228347129312,323.3575744628906,7386500
2022-01-20,324.4005099945252,327.6954407460435,320.0902940781577,320.5702209472656,8968700
2022-01-21,320.5868547332949,322.21247345182553,316.01484436839706,316.20880126953125,16301600
2022-01-24,312.58808415507843,317.84360819399194,306.0487126857525,317.5572814941406,29707000
2022-01-25,314.27852169907425,319.3862622253625,309.73418941661464,316.7723388671875,18657900
2022-01-26,319.61716858145485,321.4274994791742,312.68060633999215,315.3868713378906,19047300
2022-01-27,318.102264198517,321.08563767803537,313.9366584037526,315.4698791503906,12854100
2022-01-28,315.75625645364636,320.6700389054703,312.098641842337,320.6053771972656,12008900
2022-01-31,319.37695559149023,324.530865967981,318.3978972468976,324.2722473144531,8379100
2022-02-01,324.8080675468206,327.2187605159906,322.9792455724893,326.9139709472656,7636000
2022-02-02,326.5907012381698,329.4262900704534,325.8240904758125,328.8443908691406,8856400
2022-02-03,327.7266832592488,328.0961344466475,323.81042174832936,324.1799011230469,9339900
2022-02-04,323.64413422553787,326.27651942524284,321.26115039266404,324.0782470703125,8532300
2022-02-07,324.4384522442419,326.19336615960674,323.1176229479139,324.1059265136719,4746200
2022-02-08,324.7524777858908,328.21613469873665,324.004330147701,327.4679870605469,4568400
2022-02-09,330.0634671081584,330.7561985929857,329.42615188713205,330.3590393066406,4781700
2022-02-10,327.6897982952742,330.7193437659736,324.22613983697505,325.63006591796875,10298500
2022-02-11,325.546943217123,327.35730234243084,319.79266997455994,320.771728515625,8211500
2022-02-14,320.2451871939237,321.01179772769115,316.9939771782478,319.47857666015625,7315100
2022-02-15,322.286368785116,323.9766492857334,321.75066887326204,323.4778747558594,4932200
2022-02-16,322.129331191452,323.9396612719838,320.23584854202073,322.9698486328125,4496500
2022-02-17,320.90094399241565,321.1595626335441,316.679893146749,317.4372863769531,4433500
2022-02-18,317.19588951703,318.39845723864636,314.2080314063732,315.4198303222656,6193700
2022-02-22,313.3940567270623,314.75386555946716,308.5745818887677,310.82244873046875,7942700
2022-02-23,312.81140512043,312.90391472955747,306.0216176140146,306.66912841796875,5732600
2022-02-24,298.62127640709775,307.79765299887544,298.501016747957,307.4276428222656,14167100
2022-02-25,308.6668850766825,315.45666527274096,308.0933656395403,315.0126647949219,9496300
2022-02-28,310.76684263941564,314.3467388141393,309.69379408330565,313.9027099609375,8217300
2022-03-01,311.9879632652321,313.6067818779134,306.49322811579157,308.1860656738281,8532900
2022-03-02,310.13785080885333,314.9295748311993,309.60134054872054,313.5882568359375,6836200
2022-03-03,315.17006625820966,316.4466247427295,311.44215978600107,312.7834777832031,7790700
2022-03-04,309.5273373012742,311.6179348197368,307.85301869346364,311.2479248046875,6025000
2022-03-07,310.0730873963923,310.1933187545156,303.72730510919206,303.8475646972656,6590800
2022-03-08,303.8662312256321,309.3332183263761,301.6183919055703,302.05316162109375,8209800
2022-03-09,308.14910168520396,309.9251896464557,306.7153019943198,308.4081115722656,4669200
2022-03-10,304.63394344094394,307.8993309806091,304.04190474946677,307.21478271484375,3317400
2022-03-11,309.0555780355435,310.56339632963324,304.9761520971022,305.2814025878906,6923400
2022-03-14,306.8817568460911,309.51812423137807,304.14364869843837,305.32769775390625,5640600
2022-03-15,307.11294544779844,311.5993902065047,306.2896471942643,310.9888610839844,6648500
2022-03-16,313.76401276057027,315.8268601043428,309.46258661660505,315.7713317871094,9577100
2022-03-17,314.4578044080281,319.6842698514808,314.1525256860652,319.5547790527344,6032900
2022-03-18,318.57393437394387,322.1155058188728,317.67463541108367,321.88372802734375,5903900
2022-03-21,321.3458426465353,322.5696356237354,318.2771083354178,320.2611389160156,4329900
2022-03-22,321.81870263724494,323.3020856047725,321.5776447707334,322.7643737792969,4430800
2022-03-23,320.5486479036128,321.18835679628944,318.32358702582536,318.37921142578125,4098700
2022-03-24,319.3803800545405,321.7630615234375,318.4069250634598,321.7630615234375,3550000
2022-03-25,322.4491421207195,323.85836871951415,320.9565072338337,323.1352233886719,3206200
2022-03-28,322.4028272398885,324.0159912109375,320.20557885361677,324.0159912109375,2962400
2022-03-29,326.95499894987165,327.9284542727962,324.6094090342635,327.2424011230469,4711800
2022-03-30,326.4820053026296,327.70579813436194,324.8966540347594,326.4541931152344,3909800
2022-03-31,325.4808352357774,325.9443906925886,321.48498946151926,321.54986572265625,3978900
2022-04-01,322.77370173110506,322.959135255697,320.07580521943834,322.6439208984375,3560200
2022-04-04,322.30076422718076,323.82121100092445,320.8081013484075,323.78411865234375,3829900
2022-04-05,322.4677460003236,325.4622963408737,320.316841748724,321.0956115722656,4331700
2022-04-06,318.54606882830717,320.8360341568738,317.7209547410913,319.62152099609375,5431300
2022-04-07,318.7128475050907,321.8001420999149,316.9699030878088,320.75250244140625,4599900
2022-04-08,320.511499113197,323.67295065564156,319.5287638294082,322.0505065917969,4535900
2022-04-11,320.18704415671414,321.781676222274,317.7580178425529,318.18450927734375,5344400
2022-04-12,319.306284661275,321.4757208821401,316.1448329367261,317.2759094238281,4501400
2022-04-13,316.784513322016,320.8267031075444,316.64545235107863,320.557861328125,3605000
2022-04-14,321.5557812051129,323.4292459867151,319.27426497082223,319.3113708496094,4179600
2022-04-18,318.92183892380655,320.9622377625657,317.77181138022956,319.1351623535156,3939000
2022-04-19,319.31138886813517,324.36596837777586,319.27428298725414,323.79095458984375,4261200
2022-04-20,325.59015996165573,327.45434102946626,324.8667510597948,326.02606201171875,5677000
2022-04-21,328.2798324824158,329.13309799611596,321.991729540756,322.4832763671875,5369600
2022-04-22,321.21273180306815,321.27766003571907,313.23666353707944,313.72821044921875,6855100
2022-04-25,312.0401884176216,316.33425297663103,309.02597954390274,315.85198974609375,6806600
2022-04-26,313.5056906093967,314.45167872080685,308.1635735014173,308.3305358886719,7619800
2022-04-27,309.6566539031839,312.55029004207654,307.0597799118351,308.8683166503906,6894400
2022-04-28,310.9179785690916,315.83347501193043,308.3674939432352,314.6741638183594,5976600
2022-04-29,313.12519910678196,314.61840610542185,305.22334703973365,305.7705383300781,6495600
2022-05-02,306.3828164040985,308.2284310593421,300.92012760946227,306.7445068359375,9221700
2022-05-03,307.15250953049593,309.2300142426733,305.2326835795281,307.2174377441406,6051000
2022-05-04,307.72756763977765,316.417788566211,306.243671878905,315.8798522949219,10569700
2022-05-05,313.3200340935336,313.7002915203358,303.1737696635023,306.28070068359375,9101200
2022-05-06,303.9621251775618,306.66100515487767,301.18906173403496,305.1956481933594,10644200
2022-05-09,301.4023401353541,302.6914793304711,298.054235039344,299.19500732421875,7817200
2022-05-10,302.81203331207666,303.84148789478195,295.91181197324346,298.4808349609375,7716500
2022-05-11,298.39750103962064,302.4133719859926,295.0772453072161,295.35546875,9374700
2022-05-12,293.630415632312,296.2550843544488,289.8556906822242,294.594970703125,6790800
2022-05-13,297.08969213218717,299.5938154705094,295.71708588159066,298.85186767578125,4236700
2022-05-16,298.3696526641078,301.9496210354484,296.50549915308585,299.3620300292969,3692600
2022-05-17,303.11803998016063,303.6188701929143,299.992542453517,303.36846923828125,3316800
2022-05-18,300.68814243988976,300.85510472061526,291.61769506467795,292.65643310546875,3659000
2022-05-19,289.4753719189012,293.3984913045357,288.27895480637494,290.4584655761719,3836700
2022-05-20,292.64774818676227,292.90805191315764,284.73633064695775,290.4444580078125,4654000
2022-05-23,293.1405991529007,297.1660172317885,292.638574464555,296.4129943847656,4484600
2022-05-24,294.30266667206547,297.63083917890975,291.56015651899446,296.92431640625,5260500
2022-05-25,295.61331601254574,299.85256361532345,295.1205973157177,298.6811828613281,4612800
2022-05-26,300.2337385013397,304.7146785894291,300.1872384740866,303.487548828125,3270200
2022-05-27,304.0454879729148,308.76817971008757,303.83168419228423,308.71240234375,2773100
2022-05-31,306.946049305437,309.15861767672186,304.61259214717427,306.97393798828125,4354000
2022-06-01,309.02841678686144,309.5304413464418,303.16226193598845,305.2632751464844,3721400
2022-06-02,305.4398696443295,309.37234279076677,302.47425112030083,309.363037109375,3718800
2022-06-03,306.6670985396327,308.3962817883983,305.60730034347466,306.1836853027344,4150900
2022-06-06,308.2661004249028,309.335204251607,305.42134176174875,306.2766418457031,1957600
2022-06-07,303.8316091935908,309.084184614409,303.8316091935908,308.8052978515625,2424000
2022-06-08,307.3086015710624,308.58223203673134,305.4492803958401,306.21160888671875,2032900
2022-06-09,305.07729292959954,306.7785586028507,300.2802429199219,300.2802429199219,2591500
2022-06-10,295.92025012429616,296.34788603735507,292.21091357437393,292.25738525390625,4484700
2022-06-13,285.87050077172785,287.84137578240757,282.7654392247733,284.0855407714844,6317200
2022-06-14,285.0430507490538,285.8053787895574,280.6922485784776,282.8955383300781,3724000
2022-06-15,284.84793387034716,288.8268791495113,280.99915466204953,285.61956787109375,7060900
2022-06-16,280.1717165045336,280.4413259319756,277.05734886498914,278.80511474609375,4943500
2022-06-17,277.93116819370226,281.0154593462261,276.17938795851455,278.3504943847656,4738000
2022-06-21,282.41315119271974,285.57200285522117,281.9845262682582,284.47247314453125,3246500
2022-06-22,280.96887229688303,286.6995022730822,280.782498786842,283.8388366699219,6361200
2022-06-23,284.82656213834116,286.12176410133355,282.13361582145126,285.8235778808594,3582600
2022-06-24,288.1159146642783,293.63221875101465,288.04135387476043,293.5390319824219,3314800
2022-06-27,293.89297989031905,294.3495863005489,292.01073321288703,292.92388916015625,1896500
2022-06-28,294.4521074581019,297.01458624136075,288.1437608361276,288.2462463378906,3025900
2022-06-29,289.2339762795023,290.24034755362516,287.77102695572376,288.9078369140625,2462800
2022-06-30,285.83294226346396,288.6936080377161,283.5034154316509,286.8299865722656,4117800
2022-07-01,286.4385021253672,290.0818840854087,283.9878363017729,289.65325927734375,3315000
2022-07-05,285.69308659905727,288.63761100192875,282.8790008707584,288.59100341796875,3767700
2022-07-06,288.8612099574154,290.99506363192813,286.9416829016583,289.2432556152344,2493300
2022-07-07,291.2280444946886,292.8400583654045,290.36143916886897,292.5419006347656,2267500
2022-07-08,292.1226075326996,293.65079048483165,290.8833120128473,292.0853271484375,2094300
2022-07-11,290.4079710945021,292.34612380340843,289.95139319503176,290.44525146484375,2633200
2022-07-12,289.38301664081183,292.1691204550571,287.5566763383918,288.833251953125,2806000
2022-07-13,285.31108722515603,288.805376942532,284.30471586205437,286.76470947265625,3481200
2022-07-14,282.02175191228446,285.9353387084488,280.9128952108884,285.5067138671875,2893100
2022-07-15,289.73703347232185,291.5734683171044,288.18957830552955,291.46160888671875,3027500
2022-07-18,294.3513848249589,294.90137923124445,288.7302218015086,289.58782958984375,2344900
2022-07-19,291.84390703205406,296.8125213013458,291.46170155772535,296.54217529296875,3004900
2022-07-20,296.663355508883,297.77267592166754,294.99473778586247,297.12945556640625,3243000
2022-07-21,296.094733540981,298.7328474066679,293.99728323645763,298.6862487792969,2159800
2022-07-22,299.9446242420922,300.3547944402139,295.8242885058629,297.42767333984375,3264100
2022-07-25,298.3692804327641,298.66759128000217,296.6726694936472,298.2667236328125,4002500
2022-07-26,297.2692482958845,297.81924283884763,295.60060246143036,296.0107727050781,2101700
2022-07-27,297.2598531286201,301.5106816025866,296.4768087727292,300.1776428222656,3338100
2022-07-28,300.5879282655161,304.0090866403697,298.1269063901163,303.179443359375,2688400
2022-07-29,303.44967940612753,306.945428779986,302.8903822650951,306.3768005371094,3225600
2022-08-01,304.7454682193875,307.36494762379897,304.3166642372995,305.7988586425781,2745500
2022-08-02,304.8013764886008,305.5564560674308,301.93951621163814,302.0700378417969,5394600
2022-08-03,303.6175624832718,306.82433287642846,303.09553274005907,305.9107666015625,2564600
2022-08-04,305.47261995817615,306.09717802637425,304.409898304008,305.16497802734375,2426400
2022-08-05,303.03011696336443,305.9385750308092,302.89959537005643,305.7334899902344,2672400
2022-08-08,307.4487578297822,308.6699370697419,305.4911329162253,306.15301513671875,2528800
2022-08-09,306.0224299918333,306.6376850339719,305.0063360194809,305.6775207519531,1655100
2022-08-10,310.0497136386832,311.1963013870864,309.45309200659926,310.6090393066406,2934400
2022-08-11,313.05142956720687,313.9649674148609,310.5904077646142,311.08447265625,2401600
2022-08-12,312.10051478981717,315.0090023712741,311.53188650672826,314.9250793457031,2606900
2022-08-15,313.3217970387982,316.80824514815333,313.27519840797623,316.36077880859375,1936500
2022-08-16,315.84796909742784,319.8284523300666,315.78270827841345,318.5699768066406,3897100
2022-08-17,316.64027369288954,318.868216105822,315.7360388771447,317.13433837890625,2960300
2022-08-18,317.1343134414185,317.8800617376598,315.9876976986854,317.488525390625,1850900
2022-08-19,316.0185191332005,316.30805649875253,314.0664649414476,314.79498291015625,2010300
2022-08-22,311.1243791425921,311.5073221356859,308.36909931918944,308.92950439453125,2684500
2022-08-23,308.50923804703496,309.5740106944009,306.9494755240357,307.388427734375,2897200
2022-08-24,307.220255040838,309.1816584551667,306.65984999340344,308.0888671875,2581700
2022-08-25,308.30379938134735,311.1618347167969,307.28574365105663,311.1618347167969,2498900
2022-08-26,311.4792670198656,311.64740847525,301.51351526331587,301.6162414550781,4191000
2022-08-29,299.38388451163445,301.9897197810599,298.64601772224444,299.90692138671875,2896900
2022-08-30,300.83163347377575,300.9063693305773,295.6759709862077,297.0489501953125,2926300
2022-08-31,297.4413073155759,299.03846609448954,294.7700839132725,294.8167724609375,2981600
2022-09-01,293.5465004922725,296.3111290502975,292.06144577181163,296.1336669921875,3228000
2022-09-02,298.6647656598548,299.5800946826896,291.6971430676666,293.05145263671875,3826200
2022-09-06,293.7895416265941,294.3966641256075,290.4084678785671,291.59466552734375,3320400
2022-09-07,291.0713848193995,296.0215668047444,290.89392277620976,295.4518127441406,2520200
2022-09-08,293.9200641832769,297.38519150901396,292.9767163398909,297.2357482910156,3301100
2022-09-09,298.95425542629795,301.6255062090247,298.41254878688653,301.0090637207031,2479300
2022-09-12,301.95246248195286,304.1847046624454,301.87772662040334,303.1479797363281,2486900
2022-09-13,297.7589936627783,298.49686116067073,290.31501739603885,291.1556396484375,4301200
2022-09-14,291.74384179379194,292.7899443578777,289.1006378190947,291.4636535644531,2868800
2022-09-15,291.06205121283057,292.82729412676144,289.10064802805516,289.8758544921875,3294600
2022-09-16,286.52600205392486,288.97958012718334,285.9547617971074,288.4832458496094,4071000
2022-09-19,285.9735373123782,290.4873879408574,285.89863131842316,290.4499206542969,2730000
2022-09-20,288.14625457313946,288.4271878445351,285.2337796235299,287.518798828125,2822800
2022-09-21,288.923372670154,290.56221592238285,282.55530746458527,282.63958740234375,5110700
2022-09-22,282.4055595617776,283.7260028447259,280.8416503496161,281.4316101074219,3492500
2022-09-23,278.9030913151065,279.07165122530364,273.8273460233577,277.06756591796875,4949300
2022-09-26,275.88775847341145,277.4235749582074,272.9846569206834,274.1271667480469,4143400
2022-09-27,276.05627117379515,277.6951153170704,271.11164541610873,272.79730224609375,3681000
2022-09-28,273.7805584045488,279.09977008248023,272.56311447922997,277.8823547363281,3995700
2022-09-29,276.0468981985509,276.1218327925649,271.4394209377789,273.6495056152344,3351100
2022-09-30,272.7129485458141,274.82003330331884,268.807834132905,269.0513000488281,3827200
2022-10-03,272.1043126334476,277.5452728666757,271.0835502890547,276.0656433105469,3457600
2022-10-04,279.6428715299139,283.9226010558796,279.4836855969615,283.8851623535156,4163800
2022-10-05,280.6917104034857,285.20553112336944,279.8207605776744,283.5573425292969,2746900
2022-10-06,282.3213134520113,284.04443741378776,279.64295927614006,280.2236022949219,3081700
2022-10-07,277.8823575524337,278.03219812533763,272.92835899647656,274.3611755371094,3029300
2022-10-10,275.58795911373875,276.18732139285197,271.6640967163669,273.4153137207031,3154500
2022-10-11,272.6848856278536,277.3298580103874,272.2541118093466,273.7243957519531,3849900
2022-10-12,273.8835027330426,275.8594945060961,272.8627408383903,273.6025695800781,4378700
2022-10-13,268.90156897527,282.564843706957,268.41457983855173,281.4691467285156,7389600
2022-10-14,283.3233234374481,285.02769926501713,277.3766559479184,277.9666442871094,5519400
2022-10-17,281.77820244830247,283.95081989145945,280.92600003663335,282.8738708496094,3555700
2022-10-18,288.6799928730215,288.79236615686335,283.7915549717333,286.06719970703125,4685500
2022-10-19,285.00896709785,287.1722385248576,283.08919016919236,285.0183410644531,2939800
2022-10-20,285.46784567795214,288.7830005430094,283.51060138331644,284.0444030761719,3574700
2022-10-21,283.99926757660313,291.60808846595876,282.9966522840311,291.3082275390625,5357200
2022-10-24,292.8544787709206,296.10602391152355,291.9830343611344,295.2158203125,4331700
2022-10-25,294.5598908459574,298.7109903646156,294.3349807612641,298.4392395019531,6024800
2022-10-26,297.96136962376914,301.4659063056734,297.7645697229527,298.336181640625,4991800
2022-10-27,301.31606363201615,303.4806344015137,299.7793253359553,300.2853088378906,4262200
2022-10-28,301.51271298551575,308.18449195485084,301.22223156057925,307.89398193359375,5251400
2022-10-31,306.33866758883306,308.1190468093441,305.34537389274976,306.80718994140625,5128200
2022-11-01,308.63430007099936,309.06533247492604,304.3520004300507,305.86065673828125,4376400
2022-11-02,304.97045826358243,309.92743107904374,301.0911093705053,301.1285705566406,7110300
2022-11-03,299.24513855807646,301.5877495870322,297.21173960255936,299.7323913574219,4112700
2022-11-04,303.23695103271183,305.60770102416944,299.2357813900558,303.7336120605469,6263700
2022-11-07,304.67057564940063,308.24071188948994,303.74288241321574,307.74407958984375,4518300
2022-11-08,308.72811643886354,312.560625805302,307.622410563197,310.82708740234375,6349000
2022-11-09,308.95312831347195,310.04010404836595,304.50216414034367,304.8582458496094,4799200
2022-11-10,313.17905577580007,316.2431814055009,310.9863747844088,316.0276794433594,6002300
2022-11-11,316.6272615856763,317.0676735482132,313.10399448170364,316.5242004394531,5190700
2022-11-14,315.5123245823776,318.4733893752944,314.4347288568473,314.6315002441406,3303300
2022-11-15,317.18025351129944,318.7076409581103,312.42945858317404,315.0437927246094,4824100
2022-11-16,314.5377550398934,316.01827283878396,314.4252856735627,314.9125671386719,3085500
2022-11-17,311.78289874480816,315.5779184072358,311.78289874480816,314.94073486328125,3606500
2022-11-18,316.85708480947676,317.50496060996113,314.7914183529921,316.7725830078125,3659100
2022-11-21,317.04475727062993,317.97430536680247,315.04479614484524,316.47198486328125,2304100
2022-11-22,318.19974267340507,320.2935760135791,317.7302692027814,320.1433410644531,4389400
2022-11-23,319.8147532181542,321.6644801238065,319.2326106095189,321.0729675292969,3108500
2022-11-25,321.2043100123334,322.8099010302971,321.1479754962212,322.5469970703125,1498300
2022-11-28,320.8287071286054,322.0399564209318,317.3170555643373,317.8240661621094,3089800
2022-11-29,317.29841171504546,318.6504979383076,316.0589945679896,317.8148498535156,2943600
2022-11-30,317.97437740010895,325.0540453932402,315.6551772982756,325.0164794921875,6940400
2022-12-01,325.5799762609556,325.58937490336245,320.82890521551235,323.3828430175781,5325900
2022-12-02,320.0494471273754,324.3216729892876,320.0494471273754,323.69256591796875,3736500
2022-12-05,321.54240590919477,322.34988656076763,318.33119461821474,319.2701416015625,3827200
2022-12-06,319.0260030116211,319.8522809333686,314.2843322551039,315.9180908203125,5516300
2022-12-07,315.6176803694337,317.6739480809578,315.0543063992232,315.89935302734375,3577100
2022-12-08,317.1199774643895,318.91336982478094,316.4815003273763,317.7960205078125,3278400
2022-12-09,317.05415644957696,318.40621338524005,314.7818927441379,314.8945617675781,3815500
2022-12-12,315.61772314741677,319.8523555020306,315.5425913255306,319.8241882324219,5017300
2022-12-13,326.92261717934343,326.9601830891904,318.7725626605407,320.9415283203125,5274300
2022-12-14,320.91327172368693,323.61744339208343,317.02604644115615,319.4485168457031,5498400
2022-12-15,316.03084782090764,316.77262415995864,310.5849653184158,312.48162841796875,5865600
2022-12-16,309.8842174299517,311.0229014028141,307.21158838007545,309.58306884765625,6672200
2022-12-19,309.4888819048726,310.8628324924346,306.515104987787,308.0867004394531,3709600
2022-12-20,308.2843500239828,310.4299831311856,307.1738970823397,309.0278015136719,4721700
2022-12-21,312.0016490710269,314.62720774560006,311.60638792996514,313.94024658203125,5086800
2022-12-22,311.9639729771686,312.2933524481158,306.4587206513966,310.79705810546875,4876900
2022-12-23,310.1947575483976,312.6133086394812,308.7266941067607,312.3686218261719,3997900
2022-12-27,312.75439241271175,314.1471827536089,311.08871315457844,312.7826232910156,3098900
2022-12-28,313.08389081943886,314.07200065479066,309.2066955566406,309.2066955566406,3102400
2022-12-29,311.0511949866435,313.2344795697106,310.6747735424529,312.49102783203125,2458800
2022-12-30,311.1357441338077,311.86977566306825,308.99953116612545,311.80389404296875,3881800
2023-01-03,312.82976278974695,314.15664308132574,308.99961004816214,311.7004699707031,3910700
2023-01-04,312.96148681640625,314.3542774171587,310.7405807245369,312.96148681640625,4137300
2023-01-05,311.46516675635667,311.63455204375543,308.7643071483324,309.81829833984375,4350100
2023-01-06,312.6038965296421,317.25277378323636,310.4676829514634,316.4622802734375,4800800
2023-01-09,317.78913521660036,319.4077727141484,315.1823881798207,315.53057861328125,3864000
2023-01-10,315.21068968045904,317.450407052446,314.58958144954926,317.3563232421875,2277500
2023-01-11,318.45719398283734,319.7841024279901,317.2620487553623,319.737060546875,3265800
2023-01-12,320.7911929959508,322.7862521165993,318.03387126258485,321.8451843261719,4332600
2023-01-13,319.1725960036308,323.24740742009647,319.125525376633,322.8239440917969,3473400
2023-01-17,322.183822778969,322.550852851845,318.6736597408478,319.17242431640625,3929700
2023-01-18,319.5584666333887,320.15134406655636,313.0933340890672,313.347412109375,5164300
2023-01-19,311.5497937202987,312.8672824319398,310.5240336262674,311.1451416015625,3454200
2023-01-20,311.5879856327995,314.3288179863037,310.20344204687376,314.2723083496094,4120200
2023-01-23,315.2328906201412,318.1149960569624,313.68821777507515,316.6268615722656,3985300
2023-01-24,315.4872929912131,318.0868512423457,314.30056188203014,317.5028991699219,3360900
2023-01-25,314.80903040311415,318.01139523201266,313.21727583902106,317.7099914550781,4318600
2023-01-26,318.77430608860163,319.7255704477327,316.6551092712571,319.6313781738281,2930900
2023-01-27,319.66912914474375,321.6847350119367,318.50122518039797,319.8669128417969,2907400
2023-01-30,318.7837853793538,320.6392615425417,317.2673957388236,317.4651794433594,3032700
2023-01-31,317.9736934941209,321.0441544641299,316.9470638875211,321.0158996582031,2593500
2023-02-01,319.4053854749161,323.3141210826973,316.0711739564106,321.05364990234375,6175400
2023-02-02,321.65651311670246,321.65651311670246,318.3599836923348,320.6392822265625,5169400
2023-02-03,319.0757471311577,321.8071799222077,318.3128384185672,319.2735595703125,6504300
2023-02-06,318.02078703752113,319.8197530640237,317.1166044709228,318.80255126953125,2708400
2023-02-07,317.36165030532163,322.4100365203637,316.6458231952792,321.66595458984375,4969600
2023-02-08,320.58268201955576,321.60931172959283,319.1416292852078,319.68792724609375,2769500
2023-02-09,321.8824404819837,322.64534901437463,316.52322505495135,317.4839172363281,3094700
2023-02-10,317.1636328419917,319.30168493569295,316.41958013579756,319.0379638671875,2523900
2023-02-13,319.1792355898083,322.64529210629746,319.1792355898083,322.6358642578125,2653900
2023-02-14,321.66586811378636,323.5590268072035,318.73668045241214,321.3079833984375,3501100
2023-02-15,319.72558383572743,321.8071268254285,318.94384829082287,321.7976989746094,1967700
2023-02-16,318.82142722111047,321.07249924856745,317.70060513317617,317.7759704589844,3229600
2023-02-17,316.72124514366305,319.2778752665635,316.1174496127854,319.14581298828125,3034200
2023-02-21,315.7778724369997,316.9288326080059,312.3627363466289,312.5042419433594,3142900
2023-02-22,312.9759246336196,313.61743582110034,310.80609552691146,311.8155212402344,2896400
2023-02-23,313.07025835737744,313.9193206340391,309.4192704143435,312.90045166015625,5999600
2023-02-24,309.27770342734283,310.513595479379,307.9569368262023,309.5513000488281,3764700
2023-02-27,312.0136157810102,313.1928768301152,309.62679256924366,310.4381103515625,2887300
2023-02-28,310.25890997158103,310.25890997158103,308.03247857438475,308.0890808105469,3155300
2023-03-01,307.5890255185294,309.2682920980868,306.89088340102484,308.49468994140625,3317500
2023-03-02,309.03253273340187,312.4571124497611,308.3060892841368,311.7401123046875,3047500
2023-03-03,312.75898010172483,315.5043040870489,311.72125310547904,315.2967529296875,3033500
2023-03-06,315.6930143976834,317.0986848445929,315.2684687559882,315.74017333984375,2641700
2023-03-07,315.7306695144829,315.96652173969477,310.1173750382182,310.2588806152344,5009200
2023-03-08,310.30598667369,310.85315102434424,308.1172716899784,309.9002990722656,3169600
2023-03-09,311.0607260263113,311.7399814600811,304.1549672480767,304.7964782714844,4760900
2023-03-10,304.2872079875193,306.48533873080777,300.40978124828416,301.63623046875,7741600
2023-03-13,298.8343197494803,304.8815764261531,298.73997306747015,300.7777404785156,6831600
2023-03-14,303.97570595373446,305.3908189887819,300.67377553862383,303.95684814453125,4760500
2023-03-15,298.9662956889665,301.7116192360107,297.1455232935791,301.4569091796875,6518000
2023-03-16,299.6831972107568,305.25874582427423,298.52279419892767,304.95684814453125,6569900
2023-03-17,303.37536400821193,303.7253496746212,300.0078922225545,301.2754211425781,5314900
2023-03-20,302.0604907030989,305.2955484102737,302.0604907030989,304.869873046875,4695000
2023-03-21,307.82111785552246,308.2183878559837,305.8535892483845,308.0102844238281,3527300
2023-03-22,308.03868283040674,309.8453925595783,302.75099623060913,302.864501953125,4378700
2023-03-23,303.95235248116086,307.4427983455228,301.27541253756556,303.4888610839844,4772600
2023-03-24,302.17406996807375,305.0212687320303,300.7173454978206,304.88885498046875,4484900
2023-03-27,307.0359744412544,307.9629858450105,305.8157303330061,306.7711181640625,3550900
2023-03-28,306.4685679738312,308.03879841456165,305.3807659019855,306.2983093261719,2536500
2023-03-29,308.9185804667639,309.47669874137637,307.6983642948456,309.39154052734375,2531700
2023-03-30,311.0940603302353,311.1602816341173,309.0508704141648,310.7156982421875,2487000
2023-03-31,311.76563964927146,314.81150193695686,311.689978782307,314.63177490234375,2837300
2023-04-03,315.5494164203234,318.06556682192104,315.47375552977826,317.74395751953125,3450700
2023-04-04,317.74386442566913,318.0749420675708,314.6412492130135,315.8804016113281,2449900
2023-04-05,315.9371685353768,317.30876359834446,315.71015705296793,316.71282958984375,2566600
2023-04-06,316.2682993441599,317.1763742935843,315.25615820302386,316.7885437011719,2333300
2023-04-10,315.93717371938305,317.7911682128906,315.3979925726375,317.7911682128906,2834200
2023-04-11,318.12217830432763,319.5978103851218,317.83841400693325,318.6802673339844,2343100
2023-04-12,320.2979372936836,320.6763283637471,317.79125522403484,318.4060974121094,3363800
2023-04-13,318.84115360347556,322.1613120520292,317.8952339230669,321.9626770019531,3040900
2023-04-14,321.55592876745,322.4167191147166,319.0681554642729,320.5154113769531,3107900
2023-04-17,320.78026478738985,321.54645738901763,319.71137097181173,321.5370178222656,2226400
2023-04-18,321.5559045115793,321.8207608394381,319.6262204845081,321.4234619140625,2191100
2023-04-19,320.7707933350254,321.2626900198601,319.90056343707784,320.65728759765625,2854700
2023-04-20,319.18162630902793,320.5248447693988,318.63300567247705,319.67352294921875,2179300
2023-04-21,320.141103342566,320.4439405830454,318.7687610779843,319.9991149902344,2470100
2023-04-24,319.80985645905855,320.7562914654008,319.14734040145726,320.6048583984375,2288800
2023-04-25,320.0558813091509,320.5385434353063,317.24496868994396,317.36798095703125,2745300
2023-04-26,317.6235557219244,318.43747586573926,314.50977683816814,315.1155090332031,3588400
2023-04-27,316.27960282932503,320.4439105453219,315.94834484310815,320.08428955078125,3066600
2023-04-28,319.1284490819644,322.77222994105006,319.07166528741504,322.76275634765625,3651100
2023-05-01,322.82910494670136,324.2392843812823,322.03410271548637,322.12872314453125,2296200
2023-05-02,321.7311855668486,321.78796936845725,316.4027507469229,318.82562255859375,3275800
2023-05-03,319.07166183881736,320.06540711559705,316.0430580420213,316.2134094238281,3924100
2023-05-04,315.4277736790517,315.72116614217975,311.72721032471486,313.58221435546875,3576800
2023-05-05,316.3553586947523,319.42179871993477,316.0524925759212,318.69305419921875,3542700
2023-05-08,319.1095130187642,319.3177298814929,317.1409119742558,318.21038818359375,1789900
2023-05-09,317.44372114094057,318.64568302015226,317.19763883381853,317.784423828125,1924900
2023-05-10,319.3271031555952,319.75301037864045,314.680104713782,317.5194091796875,3365500
2023-05-11,315.863139388329,315.98618053300015,313.7147428005186,315.47509765625,2744700
2023-05-12,316.5068247775392,316.53521667396046,313.563396728302,315.3521728515625,2636400
2023-05-15,315.6455176075014,316.35534379344404,314.08387689210645,315.8915710449219,2171000
2023-05-16,314.8884499358502,315.2291816298105,312.58861931253233,312.6548767089844,2265200
2023-05-17,314.3489481681404,317.21664518510744,313.1659043676935,316.6866149902344,3068800
2023-05-18,316.01459614819055,318.4185487963157,314.92620182829404,318.05889892578125,3553500
2023-05-19,318.65271392734496,319.1174908247794,316.05387672492543,316.9739074707031,3706700
2023-05-22,316.90748739671176,317.884424814223,314.91566509481845,315.7503356933594,2555100
2023-05-23,314.66905733116505,315.9400224024801,313.0755822317329,313.5782775878906,2526200
2023-05-24,312.99968683221573,313.2273137055556,310.6095178258523,311.1122131347656,2978300
2023-05-25,311.16915293052097,311.7951558441816,309.03506392981035,310.8656311035156,3499900
2023-05-26,311.2260339127953,314.5362335375654,311.02686039392466,313.7964172363281,3580000
2023-05-30,313.6161969430366,314.2516938944523,311.97533831484935,313.4928894042969,3474500
2023-05-31,312.47806171305876,313.16097134286616,310.81821473252745,312.54443359375,3067600
2023-06-01,311.96596602113516,314.87781968909394,310.4578794989943,313.8913879394531,3081300
2023-06-02,316.0728278674592,321.0618634272737,315.94952030488776,320.6540222167969,5584700
2023-06-05,320.786614795241,321.0427238799715,318.65252679806497,318.81378173828125,3415600
2023-06-06,318.7190355218283,319.3924509687029,317.2394029917042,318.8518371582031,2824900
2023-06-07,319.20283493003166,320.132330787459,318.62424459949744,319.8003845214844,2739000
2023-06-08,319.8571823512072,321.78260318733976,319.4018997352399,321.35577392578125,2700300
2023-06-09,321.1281929117314,322.73113297814285,320.89107194268155,321.7921142578125,3162300
2023-06-12,322.23800597594254,323.71763898076426,321.754298727154,323.5943603515625,2035500
2023-06-13,324.13487300847873,325.9275214416788,324.00210031644406,324.96954345703125,3259300
2023-06-14,323.8029958085462,324.41950467496883,320.91010198081364,322.8829650878906,3766000
2023-06-15,322.81647623991347,327.77702812899423,322.65522125336884,327.0087585449219,4722500
2023-06-16,328.29781740400335,328.6590589601793,325.7976730648415,326.0163269042969,5576800
2023-06-20,324.44793467988893,324.74262577639894,322.2615112520911,323.6494140625,3387200
2023-06-21,322.850908961607,324.0772220093784,321.95732010642365,322.6702880859375,3050700
2023-06-22,322.20435110546566,323.1454591445579,321.53890301049967,322.5845947265625,2605500
2023-06-23,320.4742655119811,321.4914398602491,319.6187099616767,320.5122985839844,3721600
2023-06-26,320.170048547395,321.38684571533315,319.36204161604974,320.4932861328125,2301900
2023-06-27,320.4552390003188,322.8793177094505,320.4552390003188,322.4800720214844,1778800
2023-06-28,322.0047056024326,322.20432841257144,320.7688776574965,321.9096374511719,2305000
2023-06-29,321.7004525260291,324.533320563203,321.4152481135573,324.3146667480469,2902700
2023-06-30,326.2729897769333,327.5658237759105,325.8357111020705,326.87188720703125,3027500
2023-07-03,326.06394136282574,327.51839451809644,325.854802980531,327.08111572265625,1698400
2023-07-05,325.47447860362814,326.767312638606,325.3508929068997,325.88323974609375,2717000
2023-07-06,323.4401821830334,324.03907972571415,321.02561899385904,322.4800720214844,3742400
2023-07-07,321.2822352094479,323.59224342200446,320.5407500173657,320.7688903808594,2852200
2023-07-10,320.7404523318016,322.87935580187093,320.5218274328427,322.81280517578125,2560200
2023-07-11,323.91550201245116,325.98788367387596,323.1645301962876,325.7217102050781,2477100
2023-07-12,327.8796696600362,328.82077797109446,326.20656243083306,326.6628723144531,4140200
2023-07-13,327.3377833324246,327.85112828786174,326.7293992091993,326.93853759765625,2472300
2023-07-14,328.6400858902649,328.8397377396144,327.49935494457037,328.12677001953125,3293400
2023-07-17,327.54681992706924,329.5811680744448,327.22361142912405,328.77313232421875,2860000
2023-07-18,328.5830261164766,332.6326917458474,328.2027824964686,332.3189697265625,4617200
2023-07-19,333.0984870720969,335.04728276161677,333.0984870720969,333.3741760253906,5864300
2023-07-20,334.0967580396965,336.41628251534956,334.0016898541559,335.0283508300781,4561300
2023-07-21,335.64477155923805,336.12996787584115,334.5982839316675,335.00738525390625,2971700
2023-07-24,335.54959778577853,337.31911833207926,335.3783622908224,336.84344482421875,3073700
2023-07-25,336.5865797736367,337.89944336776597,336.34874300753523,337.081298828125,2548700
2023-07-26,335.9587359652395,338.9459508256246,335.93969044183694,337.966064453125,3084700
2023-07-27,338.5463483631168,339.0220218896425,334.9122246853946,335.606689453125,4771000
2023-07-28,337.26205975865787,338.2514398098378,336.23458866260603,337.2335205078125,3219000
2023-07-31,337.31913024560095,338.2990165450892,336.95761372160973,338.2704772949219,2201400
2023-08-01,337.98509811519654,339.3455466311447,337.8614473708481,338.869873046875,2581900
2023-08-02,337.233611162766,337.918582399998,334.97889360863246,335.5782470703125,5061000
2023-08-03,334.4936747549453,336.19659433867645,334.03701765610447,334.86468505859375,3307000
2023-08-04,335.93967217041603,337.690147292451,333.16175498887674,333.58984375,4269400
2023-08-07,334.9122062141049,337.6045054513174,334.759987210075,337.3666687011719,2390800
2023-08-08,335.2736974907216,336.1584431668136,332.89533016823503,335.844482421875,3033600
2023-08-09,335.7018167376104,336.4724054975945,333.48519096577604,334.1891784667969,2873300
2023-08-10,335.96827005831733,338.60352047889245,334.10363760787845,334.76959228515625,4133500
2023-08-11,334.1036254144551,336.51053266859384,333.5518277802059,335.8255615234375,2602600
2023-08-14,335.5686100957523,336.3011367735486,334.65529614743014,336.0252380371094,3134100
2023-08-15,334.56032710524516,334.89327544328756,332.19145251979955,332.60052490234375,2818700
2023-08-16,332.3055968136114,334.417588958913,330.79295810631385,330.85003662109375,3586800
2023-08-17,331.9725741336529,332.324567906895,328.04350606037724,328.2718200683594,4804100
2023-08-18,326.74744812984017,329.5675957315526,326.49018558532714,328.8149108886719,3525400
2023-08-21,328.9863808258855,329.38655082986315,326.3091408617601,328.38616943359375,3176500
2023-08-22,328.5003631323075,328.8338331553764,326.38524613621814,326.7568054199219,2816000
2023-08-23,327.3000344486287,329.08168224779934,327.0332641216264,328.5386047363281,2605400
2023-08-24,328.0526326237085,330.5774277436153,324.86089732460647,324.9180603027344,3840800
2023-08-25,326.2806106042307,328.2718659283639,324.2703106391204,327.271484375,3868500
2023-08-28,328.90072794850124,330.291771955088,328.22427966428984,329.3771057128906,2382700
2023-08-29,329.2341375950477,332.2734294984584,329.0816932494093,332.1495666503906,3107700
2023-08-30,332.6068242492757,334.15981977521193,332.0542099872008,332.89263916015625,2792900
2023-08-31,334.34086083122844,334.68383873993304,331.3110772587677,331.3777770996094,2901400
2023-09-01,333.39768439744313,333.807362234193,331.3206846394308,332.4925842285156,2533200
2023-09-05,332.5877682495048,332.7783309174262,330.51076891775347,330.5870056152344,1906900
2023-09-06,330.08206826739985,330.1392312563848,327.2333102959978,328.7005615234375,2748400
2023-09-07,328.18604133452953,329.88194439279204,328.081252221049,329.3579406738281,2378600
2023-09-08,329.43422346058975,330.64424142441186,329.15794532976895,330.1392822265625,1665900
2023-09-11,331.57787274589754,332.1209502184004,330.1392320851217,330.9585876464844,1722900
2023-09-12,330.2630734647308,332.79737668687176,329.9962740984202,330.8061218261719,1813800
2023-09-13,331.13953798435335,332.0446668988591,329.4817535259705,330.17724609375,2025200
2023-09-14,332.1876704091873,334.06459953594435,331.3016149476473,333.4071960449219,3489400
2023-09-15,332.684052675912,333.2476613798959,330.1430178926222,330.65887451171875,3581700
2023-09-18,330.79255586667637,331.6045452754652,329.8659381465617,330.6683654785156,2122800
2023-09-19,330.0188228817951,330.3436128514547,327.64019769514493,329.63671875,2740900
2023-09-20,330.563239537426,332.11077976615303,328.80553772500343,328.920166015625,3411400
2023-09-21,327.82166048972465,328.2801737283861,325.2424069115623,325.34747314453125,3483700
2023-09-22,325.45264336278433,326.15953753670834,324.14392127206355,324.39227294921875,3376400
2023-09-25,323.5802594684124,324.86032426526583,322.5867654646326,324.77435302734375,3104700
2023-09-26,322.7587605452062,323.58984513324845,320.5425155419737,321.0106201171875,4657300
2023-09-27,321.8130167275287,322.07093045857147,318.03966916747544,320.4278564453125,4442200
2023-09-28,320.3227601061493,322.5676617669577,319.60630399010455,321.5646057128906,4053600
2023-09-29,323.6279888977089,323.6757409756539,318.975805382165,319.96929931640625,3786500
2023-10-02,319.33880220549463,320.03613411062304,317.22762403218394,319.1477355957031,4192600
2023-10-03,317.95362927991386,318.9471231357554,314.3235970623698,315.2215576171875,4871100
2023-10-04,315.36493989697783,316.63544281771425,313.9129032416455,316.18646240234375,4877100
2023-10-05,316.0240463951593,316.9124450470287,314.6580102978536,316.3583984375,3172200
2023-10-06,315.57506777226615,320.6284801356262,313.7887083809019,319.1573486328125,4491300
2023-10-09,318.05871077357995,321.3352958717161,317.7147967354399,321.0582580566406,3756300
2023-10-10,322.11866421757287,323.84770921966293,321.0009799091066,322.35748291015625,3769400
2023-10-11,323.0644380666796,323.68536095440123,321.1252310819219,322.9115905761719,2773900
2023-10-12,323.6185344244659,323.6185344244659,319.6063965048476,321.2303466796875,3315000
2023-10-13,322.3862162484183,324.42092750230006,320.5138562657288,321.6219787597656,5154600
2023-10-16,323.61842226508963,325.6627242593952,323.27453734231244,324.6883544921875,3969300
2023-10-17,323.19817556014584,326.2455051200833,323.1408613927792,324.783935546875,3777800
2023-10-18,324.5450791225301,324.764802840381,320.9723603922583,321.5741882324219,4141200
2023-10-19,321.63151618568963,323.47518979060106,318.8325676576932,319.17645263671875,5201800
2023-10-20,318.64791354351934,319.46035780357545,316.4973412387258,316.5546875,3960800
2023-10-23,315.3216909108859,317.6443020463951,314.34677528053743,314.767333984375,3898300
2023-10-24,316.37311191822647,317.998000595681,315.27393624536325,316.7936706542969,3583900
2023-10-25,317.5392524214361,317.9884843632543,315.2548521386339,315.75189208984375,3836300
2023-10-26,315.5701791639318,316.3921616223179,312.89389411995097,313.3335876464844,4882600
2023-10-27,313.3526831102985,313.3909236698357,308.9272790441401,309.8639831542969,4757300
2023-10-30,311.96689906981504,315.4364655258994,311.9477641980218,314.681396484375,4617200
2023-10-31,314.63349773650623,316.06721259495936,313.3527159632352,315.8760681152344,3645800
2023-11-01,316.29661526318165,318.62876451233114,315.5128441686055,317.97882080078125,4546200
2023-11-02,319.9859741745979,323.5606931629295,319.63232924824393,323.43646240234375,5356300
2023-11-03,325.0900426329231,326.52375741285357,324.39232010818483,325.5583801269531,4046900
2023-11-06,325.79735343367736,326.54291316918136,324.8702458189176,325.96942138671875,2766000
2023-11-07,325.6731229622331,326.9539047485381,325.26210253018445,326.44732666015625,2793700
2023-11-08,326.9826027265764,327.4509402866115,324.91804965222843,326.0458984375,2787900
2023-11-09,326.8965669860376,326.9347783819628,323.7997229448272,324.12469482421875,3940700
2023-11-10,325.7495322336128,328.12948927690485,324.27757698952456,327.8523254394531,3268600
2023-11-13,327.2501876819038,329.0853262961162,327.1068220353251,328.3876037597656,2624500
2023-11-14,332.16303270121176,334.07465242498046,331.35061765381175,333.0232849121094,4815500
2023-11-15,333.8549202229034,335.2790679473185,333.5586214234481,334.7915954589844,3149400
2023-11-16,334.13202308364816,335.2981123670625,333.3387136747125,334.5525817871094,3848000
2023-11-17,334.999828195142,335.42123806074596,333.99420828697373,334.66461181640625,2059200
2023-11-20,334.3485955839334,337.35589797852964,334.31986441936226,336.66632080078125,2904300
2023-11-21,336.27354385886224,336.3693241221408,335.5552357263219,335.9958190917969,1849500
2023-11-22,337.02062023480084,338.21780048361916,336.64708596771345,337.66229248046875,3486200
2023-11-24,338.2370343349503,338.9936606362381,338.12210967714276,338.8499755859375,1245100
2023-11-27,338.6872183038483,339.1756773894527,337.8731295705226,338.39031982421875,2532400
2023-11-28,338.5531146712406,340.1334165753881,338.1700226934042,339.14691162109375,2759600
2023-11-29,339.97048664773627,341.0814735146949,339.3958342368217,339.66400146484375,2736300
2023-11-30,341.6370675073704,344.9604424329009,341.38807378686033,344.7880554199219,4094300
2023-12-01,344.807081442197,347.9006059553032,344.65383885168654,347.70904541015625,5852500
2023-12-04,345.8893473709406,347.6133046441318,345.764835935717,347.31640625,4211000
2023-12-05,346.5694048093068,346.9525259851841,345.4584469289974,346.6173095703125,5372700
2023-12-06,347.47920028041233,348.1879216954401,345.5828560817809,345.9563903808594,5583700
2023-12-07,346.6651608647127,347.0482527857624,345.67868528469063,346.5406494140625,3295600
2023-12-08,346.4736655693252,348.31251867291525,346.1097179766446,347.77618408203125,2930400
2023-12-11,348.23590818735084,349.4522331877362,347.6612556382081,349.27984619140625,3673200
2023-12-12,349.9694100716135,351.1857350256592,349.03080996950433,350.9271545410156,3239600
2023-12-13,351.1091299892871,356.03192138671875,350.5344774593192,356.03192138671875,4304800
2023-12-14,356.9609516096685,357.880407392401,355.5722395934891,357.55474853515625,5507000
2023-12-15,356.82806033096875,358.4118958790287,356.43450350274895,357.682373046875,6948400
2023-12-18,358.315842336852,358.8725633109693,357.8071039439292,358.0182800292969,3403200
2023-12-19,358.26787341325564,360.49481616349277,358.1526917698638,360.4372253417969,3749200
2023-12-20,359.64059618225394,361.2435898243875,355.74343103558874,355.9258117675781,4564700
2023-12-21,357.93192432994516,359.12217366166465,356.27131091279,358.8822021484375,3837500
2023-12-22,358.6518029118385,360.2547960551801,357.63429684784285,358.80535888671875,3330700
2023-12-26,358.69025115877884,361.0035803061748,358.59425668465525,360.29327392578125,2217800
2023-12-27,360.0533167922495,361.67552680161805,359.7173507660758,361.4547424316406,3061200
2023-12-28,361.41630198908535,362.53938160947166,361.41630198908535,361.9058532714844,2620400
2023-12-29,361.8291266387542,362.31864869724757,360.21649550703745,361.7523193359375,3364400
2024-01-02,359.7653836033943,362.6642590584011,359.7653836033943,361.9635314941406,5776300
2024-01-03,360.50446558580575,361.0323912761332,358.9014427497283,359.1990051269531,6393600
2024-01-04,359.80370118213125,362.0882347805564,359.38134895586444,359.5157470703125,4251900
2024-01-05,359.4102191926074,361.15721928374603,358.23915673840963,359.61181640625,5381700
2024-01-08,358.4214998830444,361.8483006346659,357.52881275079403,361.7235107421875,4604900
2024-01-09,359.765304506998,360.53323097572576,358.7574358027047,360.13006591796875,3230900
2024-01-10,360.48517668850434,362.3281707032524,360.2356262472481,361.82904052734375,2718700
2024-01-11,362.6161609099678,362.952126903146,359.2373723886362,362.0402526855469,4095700
2024-01-12,362.3377775610333,363.07687923487106,359.6980910629609,360.83074951171875,3816700
2024-01-16,359.9285301233749,360.4660640527057,357.11607058359033,358.67108154296875,4471600
2024-01-17,356.8377080080558,358.75748047884565,356.4441511363355,357.768798828125,4361000
2024-01-18,357.2984091255029,360.2740325639474,356.46328362238603,359.77490234375,3953400
2024-01-19,360.9111122556946,364.35905939367666,359.6433350639414,363.6195373535156,5218600
2024-01-22,364.66637275883716,366.0013577938225,364.08049408704045,365.0313415527344,5433400
2024-01-23,364.34936910237104,364.82000058358994,363.02399792785286,364.04205322265625,3110100
2024-01-24,365.16571861384296,365.55949911744176,362.9855492651872,363.1296081542969,3967200
2024-01-25,364.0709582872203,365.5019925605374,362.96646737042926,365.4251708984375,3539100
2024-01-26,364.94495142516394,367.00987430381804,364.9161396383942,366.0110168457031,3221000
2024-01-29,365.9245928959351,368.2392375388094,365.48280238166984,368.1431884765625,2730900
2024-01-30,367.6726450060332,369.7183701879884,367.35568598090765,369.27655029296875,2747900
2024-01-31,369.9679621873643,370.5538408847351,366.2510954421053,366.2799072265625,4476600
2024-02-01,366.3086951819821,369.91031455512046,365.89571652827505,369.8623046875,3652500
2024-02-02,368.7962550393734,372.4363003360784,368.0759310769943,371.130126953125,3344800
2024-02-05,370.7171409919002,370.7171409919002,367.000273814528,368.4024963378906,3761600
2024-02-06,368.72900347605867,370.12161205261367,368.3256092084029,369.84307861328125,2507800
2024-02-07,371.10138047209267,372.1194361732709,370.3906407732998,371.37030029296875,2797600
2024-02-08,372.1386236262016,372.32110806837204,370.25618493387964,372.02337646484375,2549800
2024-02-09,371.8695864859855,372.16731799557783,370.4961760630208,371.4181823730469,3526300
2024-02-12,371.19737016397727,374.0018446202528,371.149360285949,372.7532653808594,2412200
2024-02-13,369.83354885510204,369.9199842159273,365.40594219466664,367.6725769042969,5325300
2024-02-14,368.80587814172264,369.33410400357957,366.95225146568464,369.08441162109375,3465200
2024-02-15,369.94871540929876,372.9644559224335,369.65098390574235,372.88763427734375,3497200
2024-02-16,372.43750130803085,373.47639245783813,371.0234362653603,371.4947814941406,3772300
2024-02-20,370.84065031934017,371.86031303628187,369.9075594153847,371.0137939453125,3295700
2024-02-21,370.31158735989385,371.4755658703385,368.7340075068601,371.360107421875,3027600
2024-02-22,373.5821908558976,376.5738650391644,373.1493317773837,375.67926025390625,4990700
2024-02-23,376.86242797793125,377.8917195762348,376.0447955098475,376.3910827636719,3451600
2024-02-26,376.5546656440081,377.47812777228836,375.39068708959053,375.8428039550781,1914100
2024-02-27,375.506079269756,375.5926804399441,373.957356783504,374.8327331542969,2370900
2024-02-28,373.1781564925089,374.9096513681644,372.85109765405514,374.7749938964844,3313900
2024-02-29,375.8235265757608,376.22752836083373,373.66877210516407,375.1116943359375,3026900
2024-03-01,375.015516223191,376.7085251135722,374.08242528353736,376.4199523925781,3857500
2024-03-04,374.5346147456938,376.3623108311787,374.5346147456938,375.3811340332031,3048500
2024-03-05,374.18822473907034,374.4768268158104,370.27311783596355,371.4947814941406,4132400
2024-03-06,373.7072016430958,374.322862507701,371.43701825659707,372.4470520019531,3039100
2024-03-07,374.2652264821799,374.8904869964838,373.07239064586315,373.6688232421875,2965700
2024-03-08,373.466774901538,375.5638443732917,372.95694350914005,373.2262878417969,4256900
2024-03-11,372.1971224319292,373.8612745305191,370.8311426602053,373.6400451660156,3396000
2024-03-12,374.428671075093,376.54496864906963,373.08194959907445,375.9197082519531,3275800
2024-03-13,376.78552140358335,377.84367037516006,375.21754102156484,376.3334045410156,2788700
2024-03-14,377.247331475797,377.478189706662,373.0820783038098,375.22723388671875,4471900
2024-03-15,373.88010399528713,375.3457899568386,372.240888678707,373.16656494140625,4372300
2024-03-18,374.4682554681688,374.96000527205626,373.62935872894184,373.87042236328125,2060600
2024-03-19,374.285045484874,377.1103042224532,373.6197074986573,376.9270935058594,3303800
2024-03-20,376.2039521091976,381.09273032893975,375.9532659061688,380.8709411621094,4823900
2024-03-21,382.14372813839776,384.56401653740016,381.6616008510564,383.5322570800781,4348400
2024-03-22,383.5418595972294,383.8311241616574,380.3887287114124,380.42730712890625,3156100
2024-03-25,379.8392283924538,380.06098814270155,378.77854232588254,378.9039001464844,2535600
2024-03-26,379.60775247041795,380.1766591661079,378.595296888154,378.80743408203125,3395400
2024-03-27,380.88054029224594,383.36830403804663,380.3694865671502,383.3490295410156,4427300
2024-03-28,383.83122631133233,384.31335366482864,382.84769710381846,383.5419616699219,3155000
2024-04-01,383.5997442590658,383.82150396791116,380.6202012920117,381.19873046875,3825200
2024-04-02,377.95888552088036,378.12282175444403,376.32929285487984,377.63104248046875,4034900
2024-04-03,377.67923192471,378.8749276301989,376.049639308399,377.2742614746094,3547000
2024-04-04,379.94524653575337,380.14773176636334,371.8165871559676,372.2215576171875,5041200
2024-04-05,372.5397023450642,376.49315136612466,372.27933481766655,374.9599609375,4423500
2024-04-08,375.14326741322714,376.1943308985351,374.6804440049477,375.1914978027344,2431300
2024-04-09,375.69294396993854,376.0400909938295,371.9420081647078,374.9408264160156,4003900
2024-04-10,371.1608813514463,372.17333687740376,369.3384260926658,370.7655334472656,5173100
2024-04-11,371.6912749903065,372.2794562555922,368.34530987277043,370.7945251464844,3972800
2024-04-12,368.6441960739909,369.24202925388397,365.26930476981767,366.2914123535156,5305100
2024-04-15,369.6277706927957,370.1002755436613,363.13835487715835,363.8229675292969,4870700
2024-04-16,366.1661236847502,366.34933445856785,363.5626532716481,364.46905517578125,4383500
2024-04-17,365.65498437226637,366.5999644887328,362.69474506805386,363.9579162597656,4584900
2024-04-18,365.5006018358568,367.31340473323513,363.379259908886,364.3338623046875,4579200
2024-04-19,365.34511520452634,367.6026509887648,364.60226030185515,366.4159851074219,5078600
2024-04-22,368.2779240027398,370.89241591696623,366.42557145284104,368.8953552246094,4129000
2024-04-23,370.16887761986027,372.0019162804222,369.41636577217076,371.4519958496094,3126400
2024-04-24,371.3072348185859,371.88609679794814,369.5224226497788,370.89239501953125,3575800
2024-04-25,366.40639795723575,368.104356413876,364.1778035611453,367.49658203125,4682800
2024-04-26,367.3324702411504,369.83119578996957,367.12022180554453,368.8374938964844,4252400
2024-04-29,369.59961842331353,370.49683829444126,368.60591664899994,370.2749328613281,3265900
2024-04-30,368.98211602915563,369.26190468408055,364.756462350376,364.8047180175781,3463600
2024-05-01,365.04592680083215,369.96620913796136,364.6600286540682,365.5379638671875,5731600
2024-05-02,367.7183269694523,369.41631426272056,365.54761662200315,368.7602844238281,3535600
2024-05-03,373.4972753095087,374.31729791997316,371.4905576201494,373.1402893066406,4471100
2024-05-06,374.6356848627213,375.0408676558027,373.1981721558327,374.7611083984375,2596100
2024-05-07,375.4557322906334,376.0152802406174,374.65496485345034,375.0408630371094,2428600
2024-05-08,374.6548819607701,377.1343221414712,374.51017385418277,376.719482421875,2855100
2024-05-09,376.36251738685456,380.36629502480935,376.26606493853603,380.1154479980469,4141200
2024-05-10,381.32150757209405,381.94859587701524,380.2120391184416,381.25396728515625,3505600
2024-05-13,382.41167883660086,382.6335548547424,380.18308497816076,380.559326171875,2635800
2024-05-14,380.6364412465731,382.28617270073784,379.93215580558166,381.6397705078125,2702700
2024-05-15,383.2413534962468,385.4217210896047,382.9519371971932,385.20947265625,3421200
2024-05-16,385.662946601767,386.8688970289145,385.06479990064565,385.1419677734375,2877200
2024-05-17,385.6192150152121,386.49845860901615,384.97187895906086,386.43084716796875,2702900
2024-05-20,386.25696677726364,387.17486667864097,384.39221169975303,384.6434326171875,2094800
2024-05-21,384.85600272315753,385.5709798230247,384.32457612010137,385.3004455566406,1618300
2024-05-22,384.4984175498619,385.3679896528595,382.14089261265843,383.25201416015625,2647200
2024-05-23,383.63849397273646,383.6674787271343,377.058689350259,377.454833984375,3361200
2024-05-24,377.9958675352025,378.9910499924534,376.97170032622637,377.43548583984375,2072200
2024-05-28,376.6334768036057,377.0296213502556,373.9377772957249,375.4643859863281,2176100
2024-05-29,372.2857183977302,372.681863083467,371.25187954612596,371.58038330078125,2715000
2024-05-30,368.4788774619734,369.4740600899772,367.5513357616055,368.5851745605469,4063400
2024-05-31,369.06827761137123,374.5079469192178,368.38225588516144,374.4306640625,4748400
2024-06-03,374.7591417753072,374.7784846026577,369.9861222104657,373.1842346191406,3614300
2024-06-04,371.9861803437537,375.2519338655736,371.54173757916857,374.4113464355469,2822500
2024-06-05,375.46452203535796,375.8220105522089,372.9234167580389,375.3968811035156,2181400
2024-06-06,375.6673265788903,377.387157310947,374.68181553670524,376.16973876953125,2241900
2024-06-07,375.73495502428113,378.3823272073536,374.77842876549477,375.3581237792969,1952000
2024-06-10,374.913776258373,376.19880651312053,374.10217354705554,376.1311950683594,1380600
2024-06-11,374.5563464364318,375.0781016490399,371.8896303342403,374.8558654785156,2522600
2024-06-12,378.34369896301394,378.66256073014733,373.61900733580705,374.585205078125,3866700
2024-06-13,373.7445817694557,374.5658556685425,371.5899503966066,373.80255126953125,3136100
2024-06-14,371.6190195283373,373.47413241002323,370.66249307388455,373.3968200683594,2884300
2024-06-17,372.2277036837148,376.05383872831146,371.9668408918163,375.44512939453125,2025300
2024-06-18,375.7640004570774,377.0007324962631,374.9040702377127,375.9862365722656,1848700
2024-06-20,375.5997745993132,379.82205484381836,375.2519574971303,378.8172302246094,3588000
2024-06-21,379.2761781767502,380.05085150455966,378.1044456121799,378.95660400390625,2592100
2024-06-24,380.05083391658087,383.07210112787016,379.4988636813168,381.5130615234375,3096600
2024-06-25,381.10639288946027,381.63897715923315,377.4847489304543,378.6467590332031,2879100
2024-06-26,377.74616771055656,379.33428648892135,376.70035573721174,378.8597717285156,1501900
2024-06-27,378.2496967733459,379.9733996151579,377.8139541042587,379.1696472167969,1601100
2024-06-28,378.9856309374008,381.84229407331645,376.8843141461565,378.75323486328125,3624400
2024-07-01,379.67319122366337,381.8132802967336,377.9108049101683,379.07281494140625,2536500
2024-07-02,378.42401858636583,380.84490966796875,378.3271770327231,380.84490966796875,1711600
2024-07-03,381.27105018630556,381.5905948576399,379.73136675698987,380.3995056152344,2319100
2024-07-05,380.7481025949752,381.5324690122955,379.2568252791273,381.2419738769531,2011000
2024-07-08,381.9294719349067,384.17606599691504,380.35104618920167,381.009521484375,3374500
2024-07-09,380.7770589874661,382.53947451592416,379.0824354913076,380.50592041015625,3821600
2024-07-10,380.50599349633933,384.8829540998763,380.2058053549405,384.6893005371094,4234300
2024-07-11,384.921685838487,386.2677154782776,383.769339307926,385.0475769042969,4020700
2024-07-12,386.2386745152157,389.9474966043706,385.52210013378885,387.6524963378906,4711800
2024-07-15,389.73443374972396,390.8092952577857,388.69828522350434,389.6278991699219,4433500
2024-07-16,391.0803542072382,397.0163829494161,391.07069073969393,396.69683837890625,6547600
2024-07-17,395.63175420168756,399.2921408202257,395.63175420168756,398.8951110839844,4490600
2024-07-18,397.6845976042906,400.7639638510195,393.20110276264927,393.84991455078125,4922200
2024-07-19,392.729961288484,393.3984484369324,389.4166184853872,390.38543701171875,4284500
2024-07-22,391.44157034054376,392.11005770192065,389.6783129651439,391.5481262207031,2314000
2024-07-23,391.68367245804643,392.65249103921235,390.64702948035966,390.9085998535156,1693500
2024-07-24,389.2035046533439,390.07543547528655,385.66729313024774,386.2389221191406,3701300
2024-07-25,386.20024676355433,391.7806525674245,385.94834441196184,387.0334167480469,4179800
2024-07-26,389.2809602595765,394.90979339577876,389.1840724960939,393.3112487792969,2810600
2024-07-29,394.1734819121031,394.30913069419114,391.363914166793,392.8656005859375,2039000
2024-07-30,393.21434065013034,395.9754791534069,392.6427413109807,394.7063293457031,2576400
2024-07-31,394.7547731684714,399.16291503211335,393.81501805169444,395.7526550292969,5634800
2024-08-01,396.92502687024944,398.1166549299571,388.4575314627499,390.6567687988281,5497900
2024-08-02,387.4595671212077,387.89554726305454,381.28819814196106,384.74688720703125,4844900
2024-08-05,374.46775259076827,378.12988569620273,372.9273345730693,374.74871826171875,8680200
2024-08-06,375.4753477812078,382.21831720171565,374.21589538222156,377.8005065917969,4058000
2024-08-07,380.3872456689587,382.4798973599824,375.20406032723776,375.67877197265625,3969400
2024-08-08,377.36456142736927,382.8190151517161,377.102961469904,382.21832275390625,2993500
2024-08-09,381.8889190661396,384.1268877278884,380.18381838852025,382.82867431640625,3380200
2024-08-12,383.60371560430207,383.6909057256338,380.3678356384592,381.4916687011719,1902000
2024-08-13,382.75116480978045,385.71574730947316,381.7823462264561,385.3863525390625,3510800
2024-08-14,385.33783375942863,388.3799378281917,385.1150244422592,387.61456298828125,5230400
2024-08-15,392.1196536334836,393.4760234056,390.6082988943815,393.22412109375,3764100
2024-08-16,392.7169926825788,394.9858525879543,392.3000718840767,394.375,2789200
2024-08-19,394.97620431142644,396.8766414357518,394.87926799250124,396.6730041503906,2012400
2024-08-20,396.1978830960468,396.9057016337498,395.38342277874085,396.13970947265625,1999600
2024-08-21,396.87656406740916,397.52617930880655,395.1991459012629,396.55657958984375,1439000
2024-08-22,397.2450419936491,398.02070998228396,393.6768923123528,395.092529296875,2353500
2024-08-23,396.84751003193264,399.7853962394133,396.139691526296,399.3102722167969,3818300
2024-08-26,400.09569332312327,401.91851617206333,399.13576935769197,400.1732482910156,3145000
2024-08-27,399.7563079352545,400.51259459208177,398.85455763724553,400.33807373046875,1710200
2024-08-28,400.115053386489,401.3464344689688,396.28512237532254,398.8351745605469,2732600
2024-08-29,401.77312561072654,403.644446408303,398.79644666960206,401.3271179199219,5024800
2024-08-30,401.90885737497575,403.88681983359857,399.5914994491537,403.5571594238281,2283800
2024-09-03,401.59866915704055,402.55856379056615,396.19798948004217,397.7784423828125,3754700
2024-09-04,397.5068749930925,400.0084297332242,396.7893805307758,397.9432067871094,2131200
2024-09-05,398.8351152922746,399.1453942809104,393.6380753868741,396.04266357421875,2234700
2024-09-06,396.527504629945,398.50549640088445,391.50498503720735,392.17401123046875,3351000
2024-09-09,394.97618101388736,398.3988968934147,393.7641812004023,396.61480712890625,3038200
2024-09-10,397.63293727382603,397.66202408813695,392.65888489776506,395.848876953125,1970500
2024-09-11,394.77254766675384,397.4680338931211,388.62528856316334,396.8280944824219,3134600
2024-09-12,397.2450639503465,399.47513173331055,395.0925511345977,399.446044921875,3131600
2024-09-13,400.04714882911867,403.6540610063213,399.81445436279444,402.3257141113281,5210300
2024-09-16,403.78983814867024,405.82597400437123,403.01414057474125,404.6915588378906,3881100
2024-09-17,405.57385126407735,406.7373531056127,403.1692334478373,404.5751647949219,2561700
2024-09-18,404.8079542509837,408.201553867459,402.9172226287256,403.53778076171875,3173600
2024-09-19,409.15170849377677,409.9273764490012,406.63074325454386,408.5990295410156,4073000
2024-09-20,407.8385353739139,409.7056797510996,406.98274850198504,408.99578857421875,2902200
2024-09-23,409.5307303896157,410.09478535066324,408.4415576509834,409.52099609375,2318700
2024-09-24,410.06560701486376,411.0186183103885,408.81109965085267,410.512939453125,2790700
2024-09-25,410.81439465412734,411.3006345843895,406.8661287946169,407.58575439453125,2048000
2024-09-26,409.6474206656288,410.50320771997923,408.6360629447883,410.0169677734375,2703700
2024-09-27,410.96025559167276,414.47092327696697,410.6198817091722,411.31036376953125,3667700
2024-09-30,410.7949289213692,411.6506862134676,407.54682028287436,411.47564697265625,3819800
2024-10-01,410.7949936847895,411.5048850547955,407.75112669175866,409.9002990722656,5101300
2024-10-02,410.22116570467193,410.8727402681505,408.03308602277053,410.2989807128906,2599600
2024-10-03,408.7721976593608,409.530730794353,406.7688914393113,408.422119140625,2534400
2024-10-04,410.7462422064552,411.9521075260334,408.1108305544601,411.75762939453125,2520900
2024-10-07,410.49345548584176,411.290896085978,406.7494318032668,408.062255859375,2632600
2024-10-08,408.93745415511376,409.6862528511397,407.18697286274715,409.2194519042969,1872900
2024-10-09,409.30704909400873,413.9457671900597,408.4707010094242,413.3525390625,3935100
2024-10-10,413.30399779120177,413.37207851349416,411.39794531115376,412.9733581542969,2179000
2024-10-11,413.57623751240766,417.2619445257819,413.3136786317535,416.9313049316406,3753500
2024-10-14,416.5325496577362,419.5472429341922,415.43364274954854,419.0318298339844,2180600
2024-10-15,417.5148267245149,418.29282853373206,415.27813458820117,415.77410888671875,3291200
2024-10-16,415.4239594511306,419.2166251519852,415.171134856228,418.8665466308594,2583700
2024-10-17,420.63640877828556,420.9767826339401,419.33328944548094,420.54888916015625,3462800
2024-10-18,420.50907916125766,421.4235277619029,418.6315233905088,420.8787536621094,2303700
2024-10-21,420.67435158355585,421.2677841265173,417.1041374281972,417.6975402832031,2702600
2024-10-22,416.0147279013501,418.71915310974896,415.5477658935242,417.6393127441406,2306100
2024-10-23,415.4212101771426,416.1313758522707,411.4229545664429,413.60205078125,4006500
2024-10-24,412.7849109869619,413.12540221007356,410.46960629535533,412.25958251953125,1936600
2024-10-25,413.88411405377497,414.4191503774371,409.0394851293045,409.6912841796875,2518800
2024-10-28,412.03580418342216,413.271298302107,411.76341715586227,412.54168701171875,2912000
2024-10-29,410.7517243937782,413.4172282289096,410.2945001159017,411.0143737792969,2697700
2024-10-30,410.54737836800444,413.10588658525086,409.99289637713053,410.28472900390625,2933600
2024-10-31,407.83332418984804,408.51427701240493,405.68338123724203,406.31573486328125,4297100
2024-11-01,408.26129449316767,411.7925880950699,407.91106564652466,408.99090576171875,3856400
2024-11-04,408.42664991352905,408.87413650514765,405.11908481973086,406.685302734375,3125400
2024-11-05,406.89941059482845,411.13116273123757,406.35463644771914,410.8198547363281,3093100
2024-11-06,422.84382165118745,425.8887377126712,421.91963541630986,425.3439636230469,7271800
2024-11-07,425.63575141797764,426.3361794148027,424.5656489661675,425.49957275390625,4267900
2024-11-08,426.3848369660341,429.6924319827954,425.50930933311025,428.1456298828125,5014300
2024-11-11,429.867572018114,432.776279875917,429.8092054829581,430.96685791015625,4065100
2024-11-12,431.52131952033733,432.14393544974445,427.1144681973703,427.44525146484375,3483000
2024-11-13,427.95107772704966,429.54647899188564,426.52103839758905,427.8537902832031,2631000
2024-11-14,428.61259815886757,428.9530893789275,425.2174829852644,425.8011779785156,2528300
2024-11-15,424.2496351210953,424.9018307769116,421.991324114652,422.95501708984375,3486900
2024-11-18,422.6240056946693,423.7531313405647,421.6700564216716,422.6434631347656,2243000
2024-11-19,419.2754111203409,422.5752438552432,418.2144015527878,421.32928466796875,3202500
2024-11-20,422.02047303360166,423.34432162450975,419.4604383041982,422.7408142089844,3956000
2024-11-21,424.26898520156277,428.82455065307994,422.09830750162956,427.2962951660156,7558000
2024-11-22,427.8997183786614,431.7738865680684,427.63690934324666,431.3747863769531,5492800
2024-11-25,434.7331497067507,436.47555600813087,433.5553359237241,435.65789794921875,2976100
2024-11-26,434.68446899527345,437.380794707638,432.8350023110588,436.9427795410156,4126500
2024-11-27,437.23474613578986,438.65594108430975,435.4728826602513,435.8330383300781,2985900
2024-11-29,436.3781992080548,439.2789617849984,436.31979718421155,438.12060546875,3474100
2024-12-02,438.6268456431584,439.00648857287575,436.018122419221,436.80657958984375,2661200
2024-12-03,437.2056287792948,437.6436736921459,434.7331673564337,435.9791564941406,1697400
2024-12-04,437.8869579170622,439.541731286873,436.84540574235064,438.9479675292969,3694400
2024-12-05,438.50023645499397,439.4736431007071,436.426875546663,436.7383728027344,1917600
2024-12-06,437.53646508688803,437.9939673164387,434.8985418685038,435.2586975097656,1973900
2024-12-09,435.74537499063257,436.35862578399804,432.9711607714112,433.24371337890625,1998600
2024-12-10,432.6888864089802,433.94455927096527,431.17037480834256,431.89068603515625,2461000
2024-12-11,432.29955312405895,432.9128039814793,430.6155788649304,430.74212646484375,2084300
2024-12-12,430.72270102166647,431.33595196693216,428.34758640832734,428.5617370605469,3585300
2024-12-13,429.1359740850219,429.78816950877206,427.2475928100335,427.68560791015625,2548400
2024-12-16,427.9582090251577,428.9511027766068,426.3034356160963,426.7122497558594,1987500
2024-12-17,424.5804886275789,425.21319698378136,422.8770270576427,423.9867248535156,3130300
2024-12-18,424.3858084023746,426.3910235663289,412.7049295260534,412.93853759765625,6135700
2024-12-19,416.1410577210806,417.56222301429335,413.16243595417683,413.24029541015625,4948000
2024-12-20,412.0229974915317,421.8047013538414,411.6910865995159,418.3489074707031,6069600
2024-12-23,417.1383678446224,419.2274908100209,414.87356240065793,418.6905822753906,2602700
2024-12-24,418.6905550920291,422.3416043908868,418.0950460474206,422.2146911621094,1431700
2024-12-26,420.7210247446843,423.35682746725854,420.672225720569,422.9077453613281,1867400
2024-12-27,420.3403027158794,422.00965841296886,417.2652192719367,419.77410888671875,2429100
2024-12-30,415.3518910954418,417.4898130474759,412.4720331843561,415.6447448730469,3858300
2024-12-31,416.7576674684011,417.5679161506065,413.9559236338119,415.3811950683594,2442700
2025-01-02,418.15356891733575,418.7588198235779,411.56409183295557,413.7215270996094,4231500
2025-01-03,415.72280363781374,417.59712714822086,414.11204849210395,417.00164794921875,2203200
2025-01-06,418.66122121419687,420.8674854513626,415.9473338764442,416.9723815917969,3463300
2025-01-07,418.70028813199343,419.11031318611856,413.780136441677,415.2151794433594,2053900
2025-01-08,415.29330646812105,416.4159523005601,413.19444168715444,415.9961853027344,2020200
2025-01-10,414.1901753631434,414.23897439396103,408.8404847862847,409.3578796386719,3415500
2025-01-13,408.8014486620525,413.1748904016965,408.5573939295514,412.90155029296875,2608100
2025-01-14,414.77592134886896,415.39094406756556,411.5250954905696,415.03948974609375,2643300
2025-01-15,421.297085187362,422.9761831225281,420.26229539158015,421.9609069824219,4059800
2025-01-16,421.8144224150436,422.6149290659103,420.5160643818683,421.2970275878906,2532500
2025-01-17,424.36545101926225,426.17214006760946,423.8087901584215,424.5412292480469,2771000
2025-01-21,426.1331529455613,430.1176092712079,426.0940811748409,429.79534912109375,2113800
2025-01-22,431.1527675024817,431.65083569602285,430.03947541477663,430.94769287109375,3724100
2025-01-23,431.1820245818961,435.02002829482433,431.1820245818961,434.95166015625,2352500
2025-01-24,434.3852013321548,435.049302096239,432.95939490328294,433.72113037109375,2022000
2025-01-27,430.32265437903476,436.8364630553785,430.22498986721484,436.6509094238281,3822400
2025-01-28,436.72904546182514,439.2095511619509,435.73290918258687,437.91070556640625,2233500
2025-01-29,437.7153238857928,439.0825374542552,435.33245317946387,436.7094421386719,2225100
2025-01-30,436.0845128826386,439.5709005902018,435.89895924685766,438.3111267089844,2322600
2025-01-31,439.49279779366407,439.81505791470653,434.6196453926748,434.9614562988281,3085400
2025-02-03,429.3166624980242,435.45939256688365,428.4279960746249,433.8675537109375,4527700
2025-02-04,433.82859527938433,435.5571409167137,432.89105172416595,435.09814453125,1890500
2025-02-05,435.28370310272254,438.3404205764479,433.02779291536467,438.1646423339844,2273400
2025-02-06,438.82874053024995,439.19984782268324,434.9614699413136,436.88531494140625,1867200
2025-02-07,437.2954599392883,437.98882730886214,432.4320533541219,432.74456787109375,2259200
2025-02-10,435.3813188020515,435.82076435894055,432.7250052693309,434.36566162109375,1858100
2025-02-11,432.95941962764147,436.08450520395314,432.85200952619925,435.66455078125,1436200
2025-02-12,431.9827807221535,434.37542686484625,430.7425279976554,433.2425842285156,2444500
2025-02-13,434.90276517482596,437.3637794686778,433.310955999655,436.78759765625,2961500
2025-02-14,436.63137537964946,437.54936811784773,434.9223507845179,435.35205078125,2005400
2025-02-18,434.853944429077,435.55708710711065,433.2425844844643,435.4789733886719,2451200
2025-02-19,434.3656650188124,436.3383568522185,433.1644542145425,436.21142578125,2239400
2025-02-20,434.8442799074584,435.12749808967385,429.6683879043684,432.03173828125,2960000
2025-02-21,429.4585102939407,429.7421510043563,423.83476536142985,424.6171875,3842200
2025-02-24,426.26021273216014,427.30672527993966,423.83468664457945,424.98876953125,3629300
2025-02-25,425.9766084501651,427.9326933107651,423.15005149980465,426.55364990234375,2953100
2025-02-26,426.85684308279366,428.8911582164325,423.4923747157289,424.8029479980469,2427800
2025-02-27,424.9007947380408,429.1161556110592,422.6121788231472,422.856689453125,3296900
2025-02-28,423.5510128519854,429.18454627465553,421.55579812354244,428.7444152832031,3249900
2025-03-03,429.8888151460437,431.0135580681305,420.0497098387644,422.6023864746094,3925200
2025-03-04,420.24520334600413,421.6242465544434,414.5432299371214,416.2254638671875,3586900
2025-03-05,415.8733710899769,422.12307591009704,415.13007921491504,421.01788330078125,3018300
2025-03-06,416.81243044971256,420.6756808341557,414.7291949237448,416.54833984375,2824100
2025-03-07,414.7877249284467,419.8931066763797,412.7142801303748,418.85638427734375,3719500
2025-03-10,414.0933808895541,416.6949473752658,407.47201482188376,410.27899169921875,3442800
2025-03-11,409.28131735039426,409.82901859020996,403.19789372121085,405.6332092285156,3893400
2025-03-12,407.80457475689576,408.40119617671525,401.54510899785606,404.8606872558594,2960500
2025-03-13,404.2738604647484,405.095412556876,398.3077954353234,399.80419921875,2557200
2025-03-14,401.80912390717236,406.77759573984986,400.90934166336956,406.2396545410156,2422700
2025-03-17,405.82898746591826,411.5407525082523,405.73117723915925,410.0052185058594,2141000
2025-03-18,409.23260913014326,409.47711978689796,405.77032987319853,407.38409423828125,1844100
2025-03-19,408.4402417175822,413.2130930473725,407.64802982077094,411.1885681152344,1813800
2025-03-20,408.7435574432399,413.84894077080145,408.46970672192396,410.8952331542969,1646500
2025-03-21,407.6918361240472,411.5723040401457,405.86921657016876,411.19012451171875,2485700
2025-03-24,414.8452063315416,417.6673539697161,414.29645872461896,416.94219970703125,2474900
2025-03-25,417.7555192943113,418.2650620713375,415.83487287155833,417.26556396484375,3997600
2025-03-26,417.7654000464746,419.53906628425665,414.6395117935516,415.7076110839844,2442100
2025-03-27,415.1685447352004,416.5502223659334,412.9931418555676,414.44342041015625,1646000
2025-03-28,413.5026938659506,413.89465213274065,406.85890106378884,407.27044677734375,2600600
2025-03-31,403.91926857663356,412.89522574099766,403.1745267533651,411.4449768066406,2985300
2025-04-01,410.00447904134205,412.81681823632914,406.6629796441592,411.1607666015625,2384800
2025-04-02,408.00539882458753,415.1391472700142,407.8192134058669,413.55169677734375,2299800
2025-04-03,402.66487862631027,403.34098943105374,396.8637946916043,397.0793762207031,7440100
2025-04-04,386.9960762483049,388.68152363366175,374.9921717032945,375.5213317871094,8667200
2025-04-07,363.91932090379424,384.33085213366223,358.96097405935564,371.9447937011719,12718200
2025-04-08,385.57525989833584,386.43755616525067,363.5762534691436,368.9167785644531,7283000
2025-04-09,364.5660088020762,399.5978185949215,364.5660088020762,397.9221496582031,9861100
2025-04-10,391.5723424066634,392.15048616169463,376.5894986381325,387.7310791015625,6624200
2025-04-11,386.51600291993145,395.97213578167117,384.80115908836456,393.8359375,3789900
2025-04-14,399.29400418050164,399.6663451093563,393.63990056630047,397.275390625,2286200
2025-04-15,397.6379930769018,399.82317491854957,395.4233852043232,395.5997619628906,2387300
2025-04-16,394.22790849910876,396.16814263368735,386.1240570115612,388.7991943359375,3004400
2025-04-17,383.8060273254454,386.688398393435,381.874643037294,383.6883544921875,4537500
2025-04-21,380.8451663473532,381.08048206895944,370.93336297588456,374.1392517089844,2881800
2025-04-22,378.5020310279205,384.96284629726995,377.64909007785263,384.1883239746094,3308100
2025-04-23,391.46288741346734,395.83545145334074,387.15892845309327,388.1491394042969,4049200
2025-04-24,387.757006229194,393.8060417596607,386.0805050425458,393.1197814941406,4010500
2025-04-25,392.0413894155128,393.5021722367772,389.3551096181918,393.1590270996094,1790800
2025-04-28,393.92370294570867,396.24727014950906,390.90409181472205,394.3844909667969,1534700
2025-04-29,394.51196154477987,398.3551330410876,394.31589998967087,397.2668762207031,1888100
2025-04-30,394.54139766589105,399.78653079219526,389.619812501345,398.374755859375,2487400
2025-05-01,400.54135667465727,402.874707337091,399.04134980871487,399.43353271484375,1917600
2025-05-02,403.7080794741337,405.7571066492734,402.28649113800765,404.9433898925781,2277700
2025-05-05,402.76690563512057,406.31593977603376,402.4139469792417,404.1786804199219,3866000
2025-05-06,400.46295946654175,403.6688484520846,399.5217862640684,400.2374572753906,1745600
2025-05-07,401.8256647860678,404.70803554123535,400.1491936062188,402.9923400878906,2420600
2025-05-08,405.0022283740466,409.5610709355981,403.5022213397462,405.7669372558594,2001000
2025-05-09,406.31596357180456,407.03166455525354,403.50222738654986,404.3355712890625,1789200
2025-05-12,414.66890803960956,415.9826370670256,412.83556954672775,415.9140319824219,2398600
2025-05-13,414.39442385198925,415.6787422322003,413.15914330025436,413.24737548828125,3018000
2025-05-14,413.8061593062828,414.3748066051737,411.3845763098429,412.30615234375,3064800
2025-05-15,410.33554528046176,415.37477247023884,410.2865074577609,415.1787109375,3927000
2025-05-16,415.7497638851466,418.73244870104287,414.53315544826967,418.50677490234375,2430300
2025-05-19,415.71052959714325,420.57699316849744,415.64184236327924,419.96868896484375,3121500
2025-05-20,419.34067719448717,420.1256098685713,417.01537216037025,418.9187927246094,1971000
2025-05-21,415.11201062613236,416.5641138230909,410.20629299845046,410.8538513183594,3624800
2025-05-22,409.9904480428363,413.20859767027423,409.49987627071386,410.92254638671875,2638600
2025-05-23,406.13457460866454,410.284822718028,406.0266332453025,408.4794921875,3117800
2025-05-27,412.76716094388723,415.86754864457794,411.2856243955882,415.8577575683594,3126600
2025-05-28,415.73998053749335,416.81921452336303,412.80634086837915,413.4735412597656,1790900
2025-05-29,414.49395751953125,415.0433955940417,410.68711518747324,414.49395751953125,2751400
2025-05-30,414.1995344833604,416.2697328508102,411.5995102537176,414.87652587890625,2957500
2025-06-02,413.36556797134165,415.85768085949513,411.1776071745707,415.7203063964844,2636100
2025-06-03,415.0924252003423,418.3301870657566,414.503733058778,417.97698974609375,2332600
2025-06-04,418.3400343100732,419.1053251594472,416.848676798996,416.92718505859375,2163300
2025-06-05,417.9181083636514,418.77169846399374,414.88634843590967,415.9754333496094,3018800
2025-06-06,419.7135844958843,421.98002368953706,418.5067671563306,420.3022766113281,3081100
2025-06-09,420.4395487891054,421.6169328173906,418.3889627259064,420.2825622558594,2680200
2025-06-10,420.1943045419236,421.98981386569784,419.80185314101794,421.509033203125,2022600
2025-06-11,421.75431399990083,423.91284159210977,420.09620909667217,421.4992370605469,3025000
2025-06-12,420.12563956895383,422.4313027353903,418.9188223396771,422.3724365234375,2587700
2025-06-13,418.07504184216907,418.8697956228379,413.6501050238524,414.8372802734375,4826100
2025-06-16,417.0350345172122,420.1256605093919,416.86825688907385,418.2418518066406,3177100
2025-06-17,416.4562332909657,418.3792964402197,414.39582559798123,415.1316833496094,2450200
2025-06-18,415.6810956399111,418.17317866642827,414.26824655076973,414.8667297363281,2786700
2025-06-20,416.56797492781476,417.3354419559114,413.96055682128593,414.9838562011719,3810500
2025-06-23,415.21995401718124,419.11632242923326,412.87818738684456,418.88018798828125,4315000
2025-06-24,421.64498374201736,424.79358267056716,420.80863433656526,423.8686828613281,4958200
2025-06-25,423.82942019652336,423.98685318396656,421.6254184268634,422.9537048339844,3265500
2025-06-26,423.89826351228953,427.2141148050212,423.8785656236378,426.9582824707031,2444800
2025-06-27,428.15867402986305,432.4978245455925,428.10948936375854,430.962890625,3621000
2025-06-30,433.37360481395496,434.1705886989123,431.61235510510954,433.57037353515625,2827800
2025-07-01,433.1177182525264,438.80485305546796,432.9307684730497,437.7422180175781,4520300
2025-07-02,437.5354856412702,438.2439188717986,436.24653532322407,437.56500244140625,3141700
2025-07-03,438.50967522959644,441.64839560602627,438.4112758698631,440.8907775878906,2807100
2025-07-07,440.19218571833966,440.6447867327181,434.4656853897975,436.8664855957031,3657500
2025-07-08,436.5615337170881,437.24045035354897,434.94786808049327,435.2725830078125,3563200
2025-07-09,437.25028767696045,438.44083898185,435.1741720682095,437.378173828125,3251900
2025-07-10,437.2404509132597,440.61533620897245,436.57138322139826,439.3263854980469,2262600
2025-07-11,436.5418197725107,437.31910567239066,435.6464366214436,436.44342041015625,3345500
2025-07-14,435.9907503708421,437.61426463637264,435.3708975006906,437.4371337890625,2244700
2025-07-15,437.43715696848307,438.0177041770546,433.0685197062577,433.0783386230469,3810700
2025-07-16,434.76081038526735,435.4987604567804,430.60864014239513,435.2527770996094,4230300
2025-07-17,434.94781197857384,438.4506129999927,434.8789594510813,438.06689453125,3790800
2025-07-18,438.7471628838146,438.79636756333645,435.19370186142095,436.31585693359375,3901900
2025-07-21,437.2410536848393,439.0226953281035,436.1976623370541,436.4929504394531,2548800
2025-07-22,435.9220288651752,438.4714797051623,435.90235300444476,437.9891357421875,3091600
2025-07-23,440.2432410521322,443.1962421100559,439.3573467426511,443.1568603515625,5486500
2025-07-24,440.0069983805589,442.0937809306503,439.7510620166679,440.10540771484375,5078300
2025-07-25,440.5188869763217,442.3694392538128,439.4164379700247,441.98553466796875,3710600
2025-07-28,441.63118663839646,442.4383475279141,440.3712406321054,441.3161926269531,2864200
2025-07-29,441.60163249132614,441.81818710683376,438.66830725208285,439.4853210449219,3146200
2025-07-30,439.71179149474784,440.37130843027677,435.6760164653067,437.7923583984375,3765000
2025-07-31,438.2942931366692,439.20974638569027,433.59903180174723,434.416015625,4223300
2025-08-01,430.8921172939036,430.90197024445473,426.6102592923382,428.8939208984375,5980000
2025-08-04,431.02009461355266,434.9771057254942,430.734629396879,434.8885192871094,5065800
2025-08-05,434.8786071817937,436.0598196118843,432.3291865590036,434.2289733886719,4081600
2025-08-06,435.18378109511576,436.0106478823331,433.2348194895553,435.0459899902344,2975300
2025-08-07,437.30991350674645,438.0383408573048,431.1184762836204,432.8312072753906,5205100
2025-08-08,433.9041695420365,435.941747668521,433.41200265387016,434.9967956542969,3684500
2025-08-11,435.4003613475534,435.93191001648216,432.348950565424,433.1167297363281,3538100
2025-08-12,434.77035283648365,438.17613901552465,434.22898131916816,437.7135009765625,5012600
2025-08-13,439.44600779951827,442.60571105704565,439.06210317784024,442.37933349609375,6203200
2025-08-14,440.72555448321447,442.59581251618806,439.9774813095052,442.1233215332031,4553200
2025-08-15,445.0840044353813,445.23173597994827,442.19820472146984,442.749755859375,5584400
2025-08-18,442.5725317565232,443.1831755864181,441.8633901991934,442.27703857421875,3809100
2025-08-19,443.06485670259923,445.33015346392665,441.4495786202579,442.5133056640625,5794900
2025-08-20,443.00581253142946,443.7247826831606,440.91779336335026,442.582275390625,4731400
2025-08-21,440.96706177404474,442.29670579982246,439.1548180132513,441.193603515625,3780700
2025-08-22,443.6263778509065,450.963992285035,443.49833381745844,449.7525634765625,8534700
2025-08-25,448.767602581715,449.3092949163758,446.1969535459884,446.2363586425781,3898200
2025-08-26,445.96057734538476,447.89100625150746,445.714348095109,447.6349182128906,3190500
2025-08-27,447.42809811331006,449.75251788676314,447.35914670886046,449.1517028808594,2943900
2025-08-28,449.64418050286224,450.3040881528416,447.93043445088205,449.9002685546875,3576500
2025-08-29,449.24036173900816,449.9495032199864,447.4281179670155,449.2108154296875,3605900
2025-09-02,445.17265814526706,446.856887981108,443.37027312713155,446.7682189941406,6009200
2025-09-03,446.04931063560895,446.8963250082581,443.73474918188816,446.423583984375,3948200
2025-09-04,446.70910147230046,450.36316525017065,445.7340432428515,450.15631103515625,4524200
2025-09-05,450.2252584097308,451.7518978082697,446.1477176216703,448.12738037109375,5828200
2025-09-08,448.51151366856095,449.4077917562246,446.78790889781135,449.31915283203125,4395200
2025-09-09,449.08273930798606,451.63367068796475,448.3539103586439,451.1018371582031,5979400
2025-09-10,450.8064044368052,450.99354109329875,447.85165309084704,449.0532531738281,5412200
2025-09-11,449.9593745614788,455.3468721979797,449.7131452911767,454.9529113769531,6352100
2025-09-12,454.2929724660119,454.7263383565241,452.1458605903809,452.39208984375,3784600
2025-09-15,453.0716752073152,453.9580944888528,451.90945031296735,453.1307678222656,4862200
2025-09-16,453.17009469223893,453.84968974921435,450.87525156950494,451.86016845703125,4526100
2025-09-17,452.85499673260864,456.85375735585467,451.0525817870024,454.3028259277344,5998000
2025-09-18,454.3324058886407,457.3659372540743,453.7119033222993,455.6521911621094,6681000
2025-09-19,457.04292134781565,458.089913869261,455.2156128419558,457.2602233886719,5871400
2025-09-22,455.5019869589135,458.59358950898377,454.5142560556658,457.981201171875,4074900
2025-09-23,458.52451351521484,461.27040465411034,456.3613800840779,457.1910705566406,5904600
2025-09-24,457.7639175964129,458.7220178168613,455.14640648290475,455.36370849609375,4588800
2025-09-25,454.257539278776,455.42305477427743,452.0944056991925,453.7933044433594,4767200
2025-09-26,455.61062798037256,457.72438660565547,454.6723016976957,456.6082458496094,4167200
2025-09-29,458.0701763740462,458.0899201441544,455.6502231651428,457.3590087890625,3752700
2025-09-30,456.9440696877899,458.39603533416016,455.1859098701513,458.0503234863281,4253300
2025-10-01,456.89472759025114,459.4332034484164,456.87495367898987,458.5639953613281,4551600
2025-10-02,458.61339168714784,460.0554705494776,456.9441238365992,459.403564453125,5458300
2025-10-03,460.0752408419694,464.6089226124643,459.9665747551861,461.7741394042969,9693900
2025-10-06,462.5741573184272,462.72231092959913,458.53434142364,461.1123046875,7405400
2025-10-07,461.8136535985246,462.8606461300621,458.6924499171005,460.2530517578125,7368700
2025-10-08,461.5865316222953,462.3865914481833,459.2258396878424,460.35186767578125,4621200
2025-10-09,460.4505790391356,461.0530804876246,456.9342289053812,457.8133239746094,5411000
2025-10-10,459.41345828723473,460.77653195063726,449.14106145994674,449.2892150878906,9309100
2025-10-13,452.6080006468161,455.89713171313304,452.44007310875645,455.0279235839844,6272500
2025-10-14,451.4227149596866,459.5122345699987,448.9830180908121,457.03302001953125,7827400
2025-10-15,458.9689945565209,461.2111331605893,454.6032101068448,457.03302001953125,6187100
2025-10-16,457.68488334991974,458.57383517215396,452.2227324275502,453.921630859375,8149500
2025-10-17,453.81793069253405,457.5824533442612,453.44249157925327,456.2683410644531,8439900
2025-10-20,457.9184036923976,461.9496926967092,457.8986231086211,461.4457702636719,4556600
2025-10-21,461.4951747371455,465.6252760497108,461.33708083934465,463.6195068359375,5951600
2025-10-22,463.6096035701364,463.6392442905616,458.93607911424976,460.2205505371094,7604700
2025-10-23,459.9933026208112,462.384431389362,459.3115358714583,461.7125549316406,5144200
2025-10-24,464.4099892268774,467.59155760092756,463.6788312659251,466.5738525390625,7228900
2025-10-27,469.09340677773577,469.94312758413344,468.05592119272075,469.6763610839844,4720200
2025-10-28,473.0851645309726,473.68789942064785,471.1288165574807,471.4548645019531,9435500
2025-10-29,472.93698958718466,474.6562420404207,468.82663832066993,470.6842041015625,10006500
2025-10-30,468.4413119293391,474.4190891544168,468.25357729154905,469.3404541015625,9338300
2025-10-31,470.1802581848226,471.4647598527793,467.7694090602389,469.9925537109375,7990900
2025-11-03,470.47674327600765,470.6150566107912,465.6747346637817,467.81884765625,4858700
2025-11-04,464.80516743437664,467.06781270889377,463.20447812499015,465.2794189453125,6013300
2025-11-05,465.18061730350684,468.8957483765556,464.7853976507696,467.4630432128906,7030200
2025-11-06,466.4552606950555,467.7891534990551,462.26587781157593,463.6788024902344,7125200
2025-11-07,462.6907332993724,464.3408138911391,459.31154024201976,464.2518615722656,8604400
2025-11-10,466.26751518227763,468.5400810572577,463.84677585327063,468.16461181640625,5636600
2025-11-11,468.5994019430734,474.13253810558257,468.3424955664817,473.68792724609375,4839100
2025-11-12,474.7549995752385,478.6183345555124,474.7549995752385,476.9979248046875,7066900
2025-11-13,475.6541508114583,476.6521054094447,468.55985633216585,469.0736389160156,8722300
2025-11-14,465.75376156307686,468.39187639788736,463.2737104837135,466.1687316894531,10940200
2025-11-17,465.24976925167834,466.72197521068773,458.99533634524556,460.75408935546875,7599500
2025-11-18,456.6537392614179,458.56069632599707,454.04523475898895,455.7940979003906,12817500
2025-11-19,456.0015801080825,457.86900601827836,453.9365292698954,456.24859619140625,5833400
2025-11-20,461.0703718596824,463.4318300230683,452.24693412346556,452.6322937011719,13414200
2025-11-21,454.6267257961515,460.83958045504346,452.9547924231318,457.62432861328125,11821400
2025-11-24,458.79167912387135,460.88900768354546,456.08098430896695,459.47430419921875,6206800
2025-11-25,460.6021103307433,466.85454556163154,458.494909171174,466.1422424316406,7203600
2025-11-26,467.15131385852703,470.7029264435297,466.88418133940377,469.2783203125,5689100
2025-11-28,469.743280815491,472.50342868574006,469.743280815491,472.0780334472656,2281800
2025-12-01,469.268452401159,471.8505625270393,467.89332968963055,468.2593688964844,4413900
2025-12-02,469.1398276719406,471.36577109633566,468.0614853692996,470.1786193847656,5233500
2025-12-03,469.7532225530331,475.0460277230418,469.5949598015418,474.2842712402344,5994200
2025-12-04,474.58104806921943,476.08481591870327,472.39468530909915,473.9479064941406,4003800
2025-12-05,474.3535365751075,476.7773237034712,474.16556558992806,474.89764404296875,4596600
2025-12-08,475.3526360063738,475.3823140415162,471.7416675047101,473.03765869140625,4427600
2025-12-09,472.95864667261947,475.1450096565724,470.99980528507433,471.3262939453125,4266900
2025-12-10,471.03930138252895,477.58851660353406,470.27751477313393,476.2034912109375,5476200
2025-12-11,477.0444477524647,483.1583654598466,476.80699324361774,482.65380859375,6972300
2025-12-12,483.47490960151737,484.42463698103194,478.99334484684385,480.2101745605469,7089900
2025-12-15,482.3668415070275,482.5152618785629,478.538223900204,479.9826354980469,4891300
2025-12-16,479.2802472664899,480.28936096375475,475.19439952599646,476.8267822265625,5373200
2025-12-17,477.6479325915398,479.6067738726038,474.3634218261856,474.67010498046875,6381600
2025-12-18,477.0246866091394,479.44850411090266,474.28431338497273,475.37255859375,6422800
2025-12-19,476.51660992694787,478.6779904980487,476.32822966774813,477.0420837402344,6439100
2025-12-22,477.7460515892925,480.2941171872385,477.7460515892925,479.3323974609375,4162000
2025-12-23,478.0633396095942,480.97824152785796,478.0633396095942,480.0958557128906,3677800
2025-12-24,480.05615025331997,483.4072977856913,479.4612668011011,482.8520812988281,1544000
2025-12-26,482.6835069477336,483.4568463385766,481.58299830796904,482.87188720703125,2711500
2025-12-29,481.7416474584781,482.7529281455105,479.6199035426879,480.4527282714844,3390100
2025-12-30,480.48247820142205,480.5320694730352,478.69785807800184,479.4612731933594,3042700
2025-12-31,479.52076227561963,479.6793998833728,476.25884265344774,476.4670715332031,3441900
2026-01-02,477.73617465952515,479.81825179960447,474.29579884081767,479.5009765625,7021100
2026-01-05,480.2742773399466,487.8391398603109,480.115639734178,485.5885009765625,7574400
2026-01-06,485.1523169197992,490.8928930905576,484.785480647185,490.3872375488281,6061400
2026-01-07,491.41834006724116,492.01322356779747,485.32085226486015,485.77691650390625,5603700
2026-01-08,483.64524765870107,489.3064892184102,483.64524765870107,488.324951171875,6544800
2026-01-09,488.6521387796497,491.4679185920979,487.7102676638162,490.793701171875,6004600
2026-01-12,488.12667069630436,492.10244460758304,485.86613763172636,491.66619873046875,5722400
2026-01-13,491.3191547897662,491.72565798357203,486.44117697815545,487.739990234375,5966400
2026-01-14,486.4709282077007,487.7399988260959,484.3789268814612,487.383056640625,6767800
2026-01-15,488.1663299316636,491.5967813136947,488.00769231913205,490.2583312988281,8519900
2026-01-16,490.4557058474664,491.9434380188945,488.24393312280074,489.3845520019531,5845500
2026-01-20,482.1938257632052,485.06017388416177,480.28951534778383,480.91436767578125,7416300
2026-01-21,481.69790095614314,488.8786780319762,481.5887848654401,486.7859191894531,6718600
2026-01-22,489.434111311989,491.9533461628076,488.4323620043669,489.6523132324219,5087200
2026-01-23,487.7975609285205,488.10502311127823,485.556035096043,486.9148254394531,4915700
2026-01-26,487.8868771153442,490.80283450423775,487.4504732702045,490.019287109375,3722800
2026-01-27,486.6768237328789,487.56945689993086,484.5642394011317,486.0519714355469,5971400
2026-01-28,486.27019660031846,487.3711340977901,484.93123165171227,486.1214294433594,4726500
2026-01-29,486.071772498625,488.91832507295936,481.91606907155943,486.2007141113281,9706500
2026-01-30,485.1097278982142,486.4685485782235,480.5969528449698,485.0303955078125,8112100
2026-02-02,484.8716699391807,490.7630908322078,482.99714343757233,489.9894714355469,5584500
2026-02-03,489.1068285804939,492.45915954808277,484.286560749864,488.2835998535156,8799100
2026-02-04,489.88041487804503,492.43930064505435,487.09336903590395,490.70361328125,8797100
2026-02-05,488.4819705876021,489.40435723130474,484.23697617861865,484.9114074707031,7767500
2026-02-06,488.34307443271854,497.5670311707243,488.10504699390066,496.9322509765625,10635300
2026-02-09,496.01982048635574,498.05307265922806,494.2345539487993,497.1207580566406,6414800
2026-02-10,498.23150877440196,501.16729135069306,497.1603550871012,497.79510498046875,8163100
2026-02-11,500.08624777048163,500.9888088552558,495.04780849577105,497.22979736328125,5743800
2026-02-12,499.01506750271204,500.413539201474,490.2771240611867,490.624267578125,9160300
2026-02-13,490.99128162824945,493.70886261888285,487.18269102780386,491.22930908203125,8378100
2026-02-17,491.27885023174025,493.5005506119861,488.085184311373,491.79461669921875,6779400
2026-02-18,492.7170397778879,495.2561001708353,490.6044553277276,492.93524169921875,4454300
2026-02-19,491.5070119127731,492.4293985529901,488.382780547788,490.336669921875,4625400
2026-02-20,489.11822096303297,493.5472278420126,487.97621633598044,492.63360595703125,6086800
2026-02-23,491.06459269374136,493.5372843828309,483.7656488039144,484.61968994140625,8269200
2026-02-24,484.997039847672,489.4260465607103,484.06356785222226,488.3734130859375,5335000
2026-02-25,490.20065001793984,491.69022919212614,488.4826577937079,491.38238525390625,4446200
2026-02-26,493.54720548865004,494.7487908031751,488.8202648087247,491.42205810546875,6467000
2026-02-27,486.22841885848163,487.53925575110657,483.3783623381595,486.2582092285156,7198400
2026-03-02,480.9751833223357,487.56906837610524,480.7865008683198,485.78155517578125,7218500
2026-03-03,476.8242243261809,484.00400680313135,473.4180605795128,482.14697265625,11570700
2026-03-04,483.17973702673646,485.63257849801124,480.5878839312511,484.3515319824219,7590700
2026-03-05,480.45880015759604,482.1171813182571,472.8420720502518,476.5064392089844,8758600
2026-03-06,470.42894745452395,472.9215195416236,467.19158580886284,471.928466796875,8206100
2026-03-09,467.60865919153355,476.0496071228801,463.43782573852525,474.5600280761719,10305600
2026-03-10,474.4210174291959,479.5153829536868,471.710002781017,474.3813171386719,6265600
2026-03-11,474.08338609294935,474.4508107687698,469.1777029872283,471.5113830566406,6701700
2026-03-12,467.0724160577061,468.204510713344,464.16277884045064,464.2322998046875,8000200
2026-03-13,466.6751830314374,468.8201804760615,462.54408020907573,463.1697082519531,7471700
2026-03-16,466.8043015950411,469.41603511001534,465.7218777617349,467.0326843261719,7059900
2026-03-17,470.09129112302435,471.8291333448751,467.36039620297305,467.6285095214844,6189400
2026-03-18,465.51328922662134,466.48649175326716,459.5450632874381,459.78338623046875,7090700
2026-03-19,456.7744487590675,460.1508218567245,454.97702580781464,457.85687255859375,7882800
2026-03-20,456.5273177214113,458.3584789112979,451.36223622075187,453.7009582519531,10543300
2026-03-23,461.0753398190682,464.7974019485145,458.7067934816539,459.7517395019531,9978100
2026-03-24,456.2188016969236,461.7122851824446,455.2434964643066,458.9555969238281,8188000
2026-03-25,463.49370806368387,464.9964368212623,459.5825557228486,461.9113464355469,7019700
2026-03-26,459.32382581833673,463.19513136125596,456.7363041983089,457.1045227050781,8284000
2026-03-27,455.16386925295916,455.3032115897968,448.3268619514036,449.2225646972656,6938500
2026-03-30,453.41235376478664,453.92984594973456,448.2771268672252,449.88934326171875,9181600
2026-03-31,454.61651163262223,461.5928611065636,452.48680316363084,460.96588134765625,11656300
2026-04-01,463.7623957334134,465.6532663800067,462.2695983222544,463.2449035644531,7790300
2026-04-02,457.95043885566554,465.2750835333769,456.67658628688787,462.826904296875,3955900
2026-04-06,461.93123361141824,464.7774860914565,461.2345826725485,464.5286865234375,2905300
2026-04-07,463.5135637099963,464.07087227479,459.89102766779797,463.6429443359375,3943200
2026-04-08,476.5805681021683,477.8942371509087,473.2765024478365,476.8592224121094,4697500
2026-04-09,475.19720113987626,480.9494457914669,474.71952541888396,479.5860290527344,4213700
2026-04-10,479.8846386756649,480.08366011563896,476.33177340921475,476.94879150390625,2659000
2026-04-13,473.8139272560268,479.96424559794406,472.86847670155487,479.8149719238281,3768700
2026-04-14,480.09358574849716,483.6364890469086,479.5462084948473,483.1587829589844,4217900
2026-04-15,484.173930535591,484.7411704797769,480.5414324746387,482.39251708984375,3474500
2026-04-16,483.48721631601376,484.4425981226612,481.0290754480154,483.2981262207031,4111500
2026-04-17,488.52116213079074,494.8632603480363,488.2124917985513,492.05560302734375,10238700
2026-04-20,491.28897952372125,492.6131415050863,490.153957496327,492.16510009765625,3764000
2026-04-21,495.0623839494402,496.19740603269366,488.1727063215877,489.2081298828125,4322200
2026-04-22,493.15080682849504,493.967223019168,491.0699634039234,492.59326171875,4022400
2026-04-23,490.39293146120957,492.96164971370155,486.3706459735065,490.8409729003906,4077300
2026-04-24,490.8907305096633,491.3288060095833,488.62071673004596,490.0544128417969,3372300
2026-04-27,489.4471131240988,491.3885551434195,488.14285251528526,489.67608642578125,2132100
2026-04-28,491.2989274262671,491.65736663801283,488.6207056106749,489.26788330078125,3057100
2026-04-29,488.79995152371964,489.3375647776698,484.8672379534819,486.5299377441406,3322300
2026-04-30,488.82985384626886,495.4009260465027,488.2424412894083,494.4750061035156,5352300
2026-05-01,496.6553899035126,497.74061274082055,492.7426081317279,492.85211181640625,4402600
2026-05-04,491.33876319653365,492.1651149207215,486.85847052300903,487.416015625,3310400
2026-05-05,489.73582600513816,491.42836277572695,487.8839559103421,490.8011169433594,3386200
2026-05-06,494.8035293982768,497.8899289054243,494.72386273645617,496.86444091796875,4317300
2026-05-07,498.3181118970209,499.0050925909074,492.6032285828942,493.7382507324219,4490500
2026-05-08,496.2969899828076,496.3666603361596,492.7625184632333,493.957275390625,3495200
2026-05-11,493.6286922965885,495.6597668732263,492.59326872600695,494.9329528808594,4249100
2026-05-12,494.33557246136655,496.22724544281374,491.0301049201012,495.70953369140625,7445700
2026-05-13,493.98711048349674,495.43074209374385,492.47377814052584,494.96282958984375,3256800
2026-05-14,499.1942238938051,499.96084081248506,496.6653390791464,498.6067810058594,4920500
2026-05-15,495.4150770768555,495.8334512881113,493.18363648098347,493.4725341796875,5300700
2026-05-18,493.7514253097474,495.7338233623499,491.7092899176156,495.1062316894531,5496200
2026-05-19,492.9345799299353,494.43880572406016,490.6931983747769,492.0878601074219,5361300
2026-05-20,493.9705964122313,499.01121196968666,490.60353842469453,498.3238525390625,6516100
2026-05-21,496.86946043570583,502.1192631626269,495.30546690353964,501.182861328125,6576000
2026-05-22,505.06797152577263,506.79132552135684,503.7530203240192,504.1813659667969,5172200
2026-05-26,505.62581806531466,506.293234682036,502.039601376259,503.314697265625,3897800
2026-05-27,503.9920727752701,506.7514819927373,503.8725372887211,504.9384460449219,4247800
2026-05-28,503.40434656672966,506.2633484804659,501.7108764718307,505.1077880859375,3709600
2026-05-29,505.9545434784851,509.35148552781726,505.2572429855012,508.8235168457031,5346700
2026-06-01,507.8970815176992,509.89936176046314,506.3828842547202,509.4809875488281,4424800
2026-06-02,507.1300293025965,512.5193107280277,506.9806099360417,512.0809936523438,5078000
2026-06-03,509.2120285751664,510.88555580883906,506.0441861378762,506.31317138671875,4098000
2026-06-04,511.72240576303636,515.5975204136839,510.7162646572072,514.7208862304688,6390700
2026-06-05,515.7269782585946,515.7668031535429,506.8012768795074,507.7476501464844,6610700
2026-06-08,508.8135236618216,511.7920913681214,506.372926439724,506.9606628417969,4825700
2026-06-09,509.52084916549825,511.57292575392097,501.1530000207964,507.4587707519531,6249400
2026-06-10,505.546089809293,506.79130178277404,498.18441243042827,498.3338317871094,5153400
2026-06-11,501.26258610675563,508.8035973147969,499.64879621033117,507.408935546875,6353900
2026-06-12,510.9254557850516,513.3261978391612,507.52851370091656,511.09478759765625,8384500
2026-06-15,517.241114682104,518.8449939246017,515.8863386374726,516.4541625976562,5379400
2026-06-16,518.3270437844055,521.295610138111,518.0680299250989,519.4427490234375,4812600
2026-06-17,519.2633495181406,522.1621761569163,513.3261571098552,514.3223266601562,6563500
2026-06-18,517.8534533091957,518.9422679597349,514.85678957084,514.9467163085938,7134400
2026-06-22,516.2652815265023,518.3329259583188,515.4161901777405,516.5050048828125,6552200
2026-06-23,514.107626192277,518.1431114317724,512.3995059047012,516.0454711914062,5039200
2026-06-24,515.6159335602632,521.8489841325076,515.4361410592113,517.943359375,4395900
2026-06-25,520.6104025406712,525.984424480063,517.9733237740062,518.6825561523438,5357500
2026-06-26,516.425028433954,520.7002977788995,515.5260049646629,517.1741943359375,3823600
2026-06-29,520.050972459182,522.3983344576462,518.8223599457269,521.0997924804688,5733400
2026-06-30,521.7690264643859,522.5581868583288,519.0121473038711,521.8090209960938,3607900
2026-07-01,520.8500778562403,526.1341725690525,519.0420933088317,521.8190307617188,3438400
2026-07-02,524.9056119498302,527.6725510432186,523.147559426982,527.29296875,3518700
2026-07-06,528.1319558341445,529.50048828125,525.2651525763463,529.50048828125,3236900
2026-07-07,531.9177869825128,531.9477219154921,526.5237681222028,527.8623046875,4489200
2026-07-08,522.7579719991566,523.8767214661672,519.4516557950445,522.1885986328125,3575000
2026-07-09,523.0676781412103,524.5660100053017,521.5593476432603,523.6070556640625,3056400
2026-07-10,525.0553925421052,525.8844255113287,521.1597057743865,525.1952514648438,3469400
2026-07-13,525.2551900972999,527.2729020052334,522.3184575125211,523.8866577148438,2723800
2026-07-14,522.737973895809,526.1341558554799,521.9788094085668,524.1064453125,3664000
2026-07-15,525.3151801022778,527.1431010945205,523.1176144907313,525.3651123046875,3246900
2026-07-16,526.2241163637253,527.3428659007595,522.4882854846348,524.246337890625,3173300
2026-07-17,519.2095263843481,524.9247584603673,518.4701491841938,520.3785400390625,4741300
2026-07-20,521.6075043352433,522.9664240184392,516.7315421959331,517.5109252929688,2336600
2026-07-21,519.1994945843294,522.5766991536548,517.6907358526108,521.0779418945312,3240700
2026-07-22,521.1978654680814,523.9355857836151,520.5783839799501,521.0379638671875,3204100
2026-07-23,514.6433197905752,517.7407273354341,514.2935731422237,515.8323364257812,4305100
2026-07-24,516.8515067996294,520.1287578866829,515.8423337411698,518.3302612304688,3328400
2026-07-27,524.2653386997539,524.9048231453985,518.8597863162865,520.8281860351562,3355200
2026-07-28,525.7540589574571,528.0321382868459,523.2361272387634,526.4534912109375,5157900
2026-07-29,522.0271792621223,522.7365520179364,514.3934941403661,514.9829711914062,7369400
2026-07-30,518.4101710489763,521.5475232297872,515.4425999639255,521.0779418945312,3225300
2026-07-31,523.6458287092661,525.1745294270598,518.8198131787835,523.8856201171875,3981100
2026-08-03,529.1113077329301,531.2096046803155,528.2520347946135,530.7799072265625,4328000
2026-08-04,537.4544273717906,541.6409588100173,535.5559769402913,539.9822998046875,6705400
2026-08-05,542.849874814786,546.2970287569466,542.2004499173057,542.3602905273438,5256700
2026-08-06,543.3494784018259,544.1188600128147,537.2445548484288,537.744140625,3651800
2026-08-07,538.2637543105071,539.7724521986628,536.9847853905668,539.1729736328125,2230100
2026-08-10,538.2537192399399,539.5726329870805,537.4343912613559,538.54345703125,3408900
2026-08-11,539.4626648763239,541.2711628758917,536.4651503366254,536.8348999023438,2826800
2026-08-12,538.56346151789,538.743305076934,536.4152183131135,536.7050170898438,3167600
2026-08-13,538.2537400437179,539.5226464753741,535.2462238432298,537.46435546875,2033100
2026-08-14,536.964765664867,537.8341010350777,535.7558070974129,536.3552856445312,2089100
2026-08-17,534.0571772551467,535.5359315891661,533.0480042627617,533.7474365234375,2668100
2026-08-18,532.938148219251,533.8174240983179,531.5792894914548,532.468505859375,3825700
2026-08-19,534.8865119600056,536.2353691309871,533.1379617833902,533.827392578125,3062700
2026-08-20,529.9106111187631,531.3394801124089,526.7632573034381,527.072998046875,2868500
2026-08-21,530.030029296875,532.9099731445312,529.4299926757812,532.219970703125,3034400
2026-08-24,531.8300170898438,534.47998046875,531.8300170898438,533.6500244140625,4587500
2026-08-25,536.3699951171875,536.52001953125,533.1900024414062,535.239990234375,2443900
2026-08-26,535.3400268554688,535.9500122070312,533.3099975585938,534.22998046875,1761300
2026-08-27,533.5599975585938,536.6300048828125,532.9199829101562,535.219970703125,2500300
2026-08-28,536.530029296875,537.72998046875,534.4000244140625,535.0599975585938,2655400
2026-08-31,533.5599975585938,533.5599975585938,530.780029296875,531.5700073242188,1744800
2026-09-01,528.6699829101562,531.6500244140625,526.8400268554688,527.75,3189300
2026-09-02,529.510009765625,532.1699829101562,529.239990234375,530.6199951171875,3114500
2026-09-03,534.0399780273438,537.6199951171875,532.9400024414062,536.9299926757812,4806300
2026-09-04,535.1300048828125,536.3699951171875,532.9299926757812,534.0800170898438,2321500
2026-09-08,530.219970703125,530.3900146484375,527.3499755859375,528.030029296875,3643200
2026-09-09,525.6400146484375,525.739990234375,523.25,524.0700073242188,3782000
2026-09-10,522.2899780273438,523.02001953125,519.7999877929688,520.75,4748300
2026-09-11,525.3699951171875,527.3599853515625,524.2899780273438,525.7899780273438,3435700
