Date,open,high,low,adj_close,volume
2016-09-12,128.68508260691522,131.1300993813088,127.99876690093822,130.7869415283203,8640134
2016-09-13,129.62878032049412,129.7574747652153,127.48403679824793,128.0416717529297,9403607
2016-09-14,127.87009144636485,128.68508796678793,127.26955834988192,127.39823913574219,10657959
2016-09-15,127.74408296547055,129.040975042855,127.18209593980158,128.60867309570312,7324018
2016-09-16,128.089925066022,128.60867916865735,127.70085604802757,128.3060760498047,13549410
2016-09-19,128.73836972479856,129.51650779385906,127.09564144793332,127.22532653808594,6364465
2016-09-20,128.26283264160156,128.824819647983,128.04668167544398,128.26283264160156,6186101
2016-09-21,128.6086679188822,129.3435729410159,127.91699584253766,129.0409698486328,6057794
2016-09-22,129.51649914505035,130.16495208065604,129.3868140635578,129.86233520507812,6130471
2016-09-23,129.7758847509111,129.9055698340813,128.86806164057654,129.21389770507812,4762024
2016-09-26,128.82479471810564,128.86802765578494,127.61435504749292,127.70082092285156,5405558
2016-09-27,127.96021440505878,129.55972327895375,127.39822740473065,129.170654296875,5319193
2016-09-28,129.34353217838736,129.42999804271602,127.96017469759298,129.257080078125,5581836
2016-09-29,128.86804019118807,130.12169915735944,127.26853145400827,127.65760040283203,8111467
2016-09-30,127.96018025008347,129.0409347807566,127.87372814606974,128.04664611816406,7536875
2016-10-03,127.35497988477142,128.3924877634062,127.09559603307899,128.13311767578125,4130278
2016-10-04,128.43575428559893,128.60867231058984,127.3117802411225,127.5279312133789,6495171
2016-10-05,127.61438334383882,128.39252133833344,127.0956292688661,127.5279312133789,5203386
2016-10-06,127.09564799370693,127.52795000191026,125.9716737836368,126.53366088867188,5860880
2016-10-07,125.62584338510553,126.27428266277131,125.02062329896339,125.71229553222656,7895794
2016-10-10,125.36643517909879,126.7065601950215,124.5450642378352,124.76121520996094,7090734
2016-10-11,124.28570190160966,125.49612815196467,124.02631796592618,125.0206069946289,6456464
2016-10-12,125.020586063665,125.45288796273742,124.54505122187139,124.93412017822266,4748043
2016-10-13,124.41535665768171,124.93411063851589,123.89660267684754,124.37212371826172,5924459
2016-10-14,125.19351802162217,125.49612112625216,124.58829804829102,124.89091491699219,5880390
2016-10-17,124.93419303660991,125.32326221985626,124.06960249832787,124.71805572509766,8290687
2016-10-18,125.49614365704751,125.71229466947727,124.93415653035962,125.2800064086914,5751228
2016-10-19,125.62586212158203,126.31753445800472,125.49616323544593,125.62586212158203,6090429
2016-10-20,125.79872956448352,126.23103148275928,125.19350963171152,125.6690444946289,5932952
2016-10-21,122.94559199133842,125.36645855521913,122.47005701117824,125.2800064086914,13386341
2016-10-24,125.36644306615891,126.27426619494315,124.93414109471043,125.0206069946289,6497675
2016-10-25,125.10706039708863,125.4096772857951,123.7237160969633,123.85340118408203,5525518
2016-10-26,123.59398080143379,125.66902416789485,123.4210628149067,124.8044204711914,5082424
2016-10-27,124.8909420693839,125.19354523980249,123.68050185956125,123.7669677734375,5306882
2016-10-28,124.84766446752813,127.91698308737534,124.8044315260499,126.31747436523438,14162063
2016-10-31,127.44144922548126,128.17635417990624,125.75548837167054,125.79872131347656,9090093
2016-11-01,125.36638723810036,126.23099079597274,124.11272859606436,124.8476333618164,6679440
2016-11-02,124.7612231786524,124.7612231786524,122.7726588834109,123.16172790527344,6442087
2016-11-03,123.63725055413045,123.63725055413045,121.86483722344528,122.25390625,4799374
2016-11-04,121.9945537104736,124.54510575074134,121.9945537104736,122.94561004638672,7483645
2016-11-07,124.71797156121761,126.79300121687241,124.63150568370065,126.70653533935547,8608188
2016-11-08,126.96593217807784,128.04667317303293,126.62008239674802,127.18208312988281,7476237
2016-11-09,126.74976481000135,128.86802734645497,125.66902395502076,128.0898895263672,11277456
2016-11-10,129.04095672469998,133.32070134893976,128.95449084191551,131.46182250976562,16969403
2016-11-11,131.80764174050242,133.01808136104376,131.2888878020136,132.75869750976562,8912459
2016-11-14,132.88847116069,133.3640062444324,131.80772962720505,131.89419555664062,7875012
2016-11-15,131.76449421888185,133.0181675879883,130.72698566935557,132.93170166015625,8385295
2016-11-16,132.49931306486744,133.06131370079677,132.02379206439997,132.8883819580078,5272015
2016-11-17,132.7154994842186,133.4504045314088,132.54258145923686,133.1045684814453,3721301
2016-11-18,132.93165148231986,133.58010440405897,131.93736250794842,132.5858154296875,5964376
2016-11-21,132.672254339849,133.49361135677216,132.19671954114804,133.45037841796875,4619007
2016-11-22,133.70980140071555,135.04992654716858,133.49365040753636,134.79054260253906,5784384
2016-11-23,135.04987591010857,135.65509571126813,134.79049206273524,135.482177734375,5064876
2016-11-25,135.95772268895257,136.13064069631815,135.2660506594902,135.91448974609375,2746306
2016-11-28,135.4390062767817,135.87130829727604,134.9202521106326,135.09317016601562,4609909
2016-11-29,135.2228505078846,135.5254536531376,133.9259582561142,134.2285614013672,6556935
2016-11-30,134.7905456532753,135.17961469698923,132.93166633956338,132.9748992919922,9522691
2016-12-01,132.4561123588775,136.0009520629551,132.36964647542885,135.69834899902344,9327613
2016-12-02,135.56862984078793,136.13061670670743,135.13634178058874,135.482177734375,4465577
2016-12-05,135.8712420541756,135.95769415768126,134.2717336166201,134.48788452148438,4619424
2016-12-06,134.8337665862033,135.0499175650063,134.05562856814112,134.747314453125,3666882
2016-12-07,134.0556060497461,136.60617065429688,133.70977004738273,136.60617065429688,6864357
2016-12-08,136.6061751847653,137.0384633200215,135.74157138611363,136.30355834960938,5872815
2016-12-09,135.95776245458526,137.98955995845392,135.5254604276945,137.3843536376953,6515975
2016-12-12,136.9087319608994,138.29208931252543,136.86549903277188,137.7301025390625,6477017
2016-12-13,137.90308262791532,138.3353845758599,136.64942349576145,137.21141052246094,7198926
2016-12-14,136.64943936973944,138.248934740427,135.9145204672328,136.1739044189453,9113379
2016-12-15,136.1306582864507,138.1192362742138,134.57439601906785,135.13638305664062,9051219
2016-12-16,136.26034824809904,137.7733912324632,136.0009643384104,137.25462341308594,15018704
2016-12-19,137.29786037671911,138.33538228176607,137.08170940633138,137.98953247070312,7293116
2016-12-20,137.98954664979271,139.9781247704391,137.94632746253097,139.4161376953125,8308549
2016-12-21,139.1999877770844,139.37290581968318,138.55153479428466,138.8973846435547,5835173
2016-12-22,138.98449590265193,139.15871530551425,138.41827937643455,138.59249877929688,5048329
2016-12-23,138.81024584284896,139.11512626360886,138.37469049805813,138.85379028320312,3127553
2016-12-27,138.89739016528014,139.59426783140648,138.72317074874857,138.94094848632812,3266793
2016-12-28,138.67959905162604,139.24581556765543,137.93916313586905,138.06982421875,3940730
2016-12-29,138.24406301729167,138.8538240069053,138.06982974293402,138.11338806152344,3357811
2016-12-30,137.7649231483157,138.50535895342065,137.24226502723985,137.63426208496094,5311535
2017-01-03,137.93915900368208,138.6795948972581,136.76316769000533,138.02627563476562,6708382
2017-01-04,138.28760193532423,138.63605460243838,137.72138541929485,138.06982421875,4474320
2017-01-05,137.503606742903,138.2876009700341,136.37117371874896,137.2858428955078,5395334
2017-01-06,137.5471509914717,138.37470345050542,136.5889374638328,137.67782592773438,4615772
2017-01-09,137.80845379694156,137.89555653247533,136.89379880173948,137.0244598388672,4436678
2017-01-10,137.02451973339012,137.72139739288747,136.6325225830078,136.6325225830078,5676131
2017-01-11,136.06625204275255,137.28580133076017,136.06625204275255,137.06802368164062,5922894
2017-01-12,136.98091132632865,137.06802793574215,135.58715651695385,136.71958923339844,6242356
2017-01-13,136.5889434814453,136.98094057218836,136.1098436303472,136.5889434814453,5075455
2017-01-17,135.76138844718318,136.98092401838298,135.71783013844052,136.19692993164062,6015165
2017-01-18,135.93560233180918,136.50181871965742,135.58716361123425,136.022705078125,5154246
2017-01-19,136.1098272775931,136.50182432124015,135.23871657275242,135.93560791015625,7866123
2017-01-20,133.97564891268897,134.585423751887,131.97210499356106,132.973876953125,17434281
2017-01-23,132.84319077482212,132.8867490838922,128.8361175611612,129.57655334472656,12330552
2017-01-24,130.05564584243723,130.92675650432363,129.88142648359107,130.66542053222656,7029095
2017-01-25,132.49478578981208,132.71256352298354,131.62367485712628,132.27700805664062,7956640
2017-01-26,132.58183159843878,132.79960923804165,131.23162132702433,132.05917358398438,5585279
2017-01-27,132.40761813935046,132.5818374852375,130.4040887278223,130.70896911621094,6261031
2017-01-30,130.49118041992188,131.10095501273202,129.66364206392925,130.49118041992188,5469409
2017-01-31,130.01209762586925,130.22987528501315,128.48766787951718,129.3587646484375,8075932
2017-02-01,129.48945071068067,129.83790335321564,128.7490148471526,129.3152313232422,5358922
2017-02-02,128.83611214339675,129.40232853452798,128.4876734208015,129.27166748046875,4529950
2017-02-03,129.7507616613655,129.79431996672534,128.66188723330123,129.3587646484375,6490288
2017-02-06,129.27165640193277,129.5765367911615,128.79254279868226,129.18453979492188,4950529
2017-02-07,129.57660669752616,129.83794279189453,128.61839284172504,128.74905395507812,4961630
2017-02-08,128.5312084725361,128.66188338470684,127.44233407704277,128.18276977539062,6715038
2017-02-09,128.57479013211488,129.35878427693163,128.31346799561425,128.8796844482422,4520873
2017-02-10,129.53302562261396,129.57658394196957,128.70548689315615,129.4459228515625,4754804
2017-02-13,130.1427982761275,130.92679254054917,129.48946509988957,130.8396759033203,7724671
2017-02-14,131.2316462053821,131.88497924804688,130.31699103977678,131.88497924804688,7309078
2017-02-15,131.92852775000213,132.18984985351562,131.4494141141346,132.18984985351562,5315103
2017-02-16,132.18984142688402,132.71251333590388,131.9720637760682,132.62539672851562,5411130
2017-02-17,132.45122746964577,132.58188856248464,131.53657208445372,132.27700805664062,4559141
2017-02-21,132.45121324296287,133.23520745110667,132.1463327698663,132.93031311035156,6310150
2017-02-22,132.93038333140532,133.06105834689797,131.7979497364643,132.10284423828125,6285841
2017-02-23,131.8832687030141,132.05887770449945,131.04912944052617,131.79547119140625,6040329
2017-02-24,131.00520479819497,132.5417938232422,130.74178434483034,132.5417938232422,5701420
2017-02-27,131.92713498223998,132.36616434375347,131.26860491823518,131.4442138671875,4918541
2017-02-28,131.66373668815856,132.05884636403013,130.25885103141653,130.8734893798828,8161171
2017-03-01,131.6198432038674,133.24422972785774,130.91739332098422,132.5417938232422,7696084
2017-03-02,132.71740279939607,132.71740279939607,131.70764070281052,132.5417938232422,5767504
2017-03-03,132.54177873144482,132.67348195399703,131.92714039575787,132.23446655273438,4164269
2017-03-06,131.70765686035156,132.0588748557458,131.3564388649573,131.70765686035156,4886991
2017-03-07,131.40029792223638,131.6637183143231,130.78565965954363,131.0929718017578,6256295
2017-03-08,131.2247135166079,131.44422822133637,130.52226366582335,130.82958984375,6741538
2017-03-09,130.61008953672655,130.96130751170156,129.77593636245945,130.2149658203125,5412736
2017-03-10,131.00514726326946,133.59538900765597,130.08319704879736,132.93685913085938,12355279
2017-03-13,132.71737192614123,132.8490751330524,130.78565965954363,131.0929718017578,6299049
2017-03-14,130.65398193200602,130.78568516460118,129.38079942994005,129.68812561035156,4757830
2017-03-15,129.73204104559676,130.9613039243367,129.38080910197434,130.65399169921875,5246349
2017-03-16,130.8296527497295,130.91745028687583,130.03940502404402,130.61013793945312,4425097
2017-03-17,131.04914389689364,131.88328325139761,130.6979258551792,131.18084716796875,9105805
2017-03-20,131.26861192092275,131.35640941094982,130.34664741690798,130.566162109375,3938998
2017-03-21,131.09301825547584,131.09301825547584,128.8100873092998,129.02960205078125,5599405
2017-03-22,129.77591403882303,130.43445811232198,128.67835456125758,129.6442108154297,5425360
2017-03-23,129.51252547241944,130.52227362161685,128.98568454957868,130.0393524169922,5148737
2017-03-24,129.90763043492254,130.87348668310534,129.64421001150322,130.47836303710938,5817541
2017-03-27,129.29303599754482,129.55644253213165,128.41497694020003,129.24913024902344,6048425
2017-03-28,128.67837232647827,130.52227362161685,128.41495186505787,130.0393524169922,5810759
2017-03-29,129.60031503126396,130.43446812608263,129.33690856425497,130.30276489257812,5750477
2017-03-30,130.214920976518,131.66371209718673,130.08321777582583,131.13687133789062,7503760
2017-03-31,131.0929963068106,131.88324365252635,130.56616940242242,130.82958984375,10599304
2017-04-03,130.65402010539708,131.7076742305404,130.610114355615,131.18084716796875,6241563
2017-04-04,131.26864418695024,132.1027834494382,130.3905852012539,131.79547119140625,5228488
2017-04-05,132.10275462387443,133.55154604283106,131.48811626365847,131.575927734375,5391307
2017-04-06,131.70768768954704,132.4979353532943,131.35646961194217,131.40037536621094,4496668
2017-04-07,131.3564158895119,132.5417869003372,131.3564158895119,131.6637420654297,3959509
2017-04-10,132.01496158045583,132.7173974567945,131.53202643177272,131.7515411376953,3861334
2017-04-11,131.70761554469473,132.14664489035212,131.00517977425488,131.8832244873047,4598954
2017-04-12,131.18079710505344,131.2686085711059,130.1710351367795,130.6978759765625,5642494
2017-04-13,130.39053241052628,130.82956172562626,129.73200241614023,129.77589416503906,4172824
2017-04-17,130.03930952075,130.39052736794181,129.73199739902307,130.1271209716797,4543951
2017-04-18,129.9515051522281,131.26859311837424,129.86370767477686,131.0051727294922,5363993
2017-04-19,131.2247356112518,131.9710773460319,131.13692412326856,131.70765686035156,5549243
2017-04-20,131.927118763882,134.07834559692014,131.83932128933188,132.89297485351562,7737524
2017-04-21,132.89296916440068,133.37590417767504,129.2929653401592,129.73199462890625,15096994
2017-04-24,131.04906851688418,131.40028635657654,129.4685742600054,129.73199462890625,10137889
2017-04-25,129.2930145263672,129.9515447317455,128.72228182518072,129.2930145263672,8316040
2017-04-26,129.60026613798462,129.73198330006443,128.45880126953125,128.45880126953125,7797368
2017-04-27,128.59052184007385,128.67833329333337,127.40516506891704,127.66857147216797,6873288
2017-04-28,127.75636483863485,128.0197712045947,127.01002350464564,127.27342987060547,5024416
2017-05-01,127.36125829556012,128.063694002808,127.01004044193618,127.0539321899414,5011187
2017-05-02,127.36124131143329,127.53685021482711,126.92221206381781,127.27342987060547,7044432
2017-05-03,126.96618350679502,128.5905701985982,126.65887126134469,128.32716369628906,5611612
2017-05-04,128.50280793520602,128.6784169776663,127.53695121253803,128.19549560546875,4092740
2017-05-05,127.88809477393342,128.37102984298576,127.80029729300146,128.28321838378906,3532044
2017-05-08,128.0197891698158,128.41491275246568,127.31735345766656,127.62467956542969,4513424
2017-05-09,127.66863161497442,127.71253736228752,126.70277506543802,127.01010131835938,4974233
2017-05-10,126.9661845295061,127.01009027300097,125.56129858555451,126.00032806396484,5435063
2017-05-11,125.91249002895742,126.83445453488137,125.12224272574616,126.74664306640625,5845752
2017-05-12,124.5075961151933,124.90271969620689,122.26855783002831,124.11247253417969,14279415
2017-05-15,123.23443396722514,123.98077552427422,122.7954185666625,123.71736907958984,8297970
2017-05-16,124.02468030319439,124.15639750278876,122.92712084283669,123.10272979736328,6157451
2017-05-17,122.13689308949508,126.35153662863746,120.33688354492188,120.33688354492188,10946789
2017-05-18,119.67835441340424,121.3905524926855,118.97590449848775,120.64421081542969,10109177
2017-05-19,120.95150403837755,123.67346383259797,120.73198934809963,123.14663696289062,10117753
2017-05-22,123.93688376900417,124.24419594722461,123.19054221195509,123.71736907958984,5803039
2017-05-23,123.8490840316918,124.15641021728516,123.41005461128265,124.15641021728516,4982246
2017-05-24,124.33197460042621,125.12220770418591,121.25879771623492,122.18074798583984,11205008
2017-05-25,122.00514609093025,122.48806712534105,120.38074611154377,120.68807220458984,8190905
2017-05-26,120.55641032224605,120.95153406719103,119.81006857696543,120.51250457763672,6390068
2017-05-30,119.89786352037896,120.51248794701391,119.23931937692603,120.11737823486328,7602749
2017-05-31,119.98565497430927,120.4685901174979,119.37101660037233,120.20516967773438,7430561
2017-06-01,120.77588737188961,122.40028758929039,120.7319816409836,121.69783782958984,6758085
2017-06-02,122.3563933372406,122.66370552588276,121.25883383121408,122.40029907226562,7722083
2017-06-05,122.4880917824263,123.2344333356504,122.09296813915873,122.83930969238281,9078783
2017-06-06,122.83931272716495,123.1027331552732,122.09297115550227,122.61981201171875,7036336
2017-06-07,122.70757984002738,122.75148556380977,120.29294674941407,121.52220916748047,9084960
2017-06-08,121.52223699026523,122.13687532915267,120.86370689580917,121.12711334228516,8538411
2017-06-09,121.30271645363682,122.79541348421898,121.12710750502694,122.6636962890625,5292255
2017-06-12,128.37102010842673,129.38076794302964,126.13198182961264,127.0539321899414,29022706
2017-06-13,127.84419317501386,128.01980212081648,124.41979776446499,124.9027328491211,12274276
2017-06-14,125.03443231904778,126.43931782165674,124.55149724885588,125.95638275146484,8580248
2017-06-15,126.0892316648058,128.17005431979626,125.86786515322189,128.1257781982422,9988258
2017-06-16,128.30284981521353,128.43566404966433,126.7090226170729,128.39138793945312,17019649
2017-06-19,128.21431238811277,128.3914027532074,127.24030833200025,127.50595092773438,6365174
2017-06-20,127.10748892677113,127.15176504029505,124.31829112133765,124.53965759277344,9920401
2017-06-21,124.76100684742302,124.80528295483693,122.41454230866884,122.9900894165039,7044036
2017-06-22,122.94581326908653,123.21145581730163,121.92753327980752,121.97180938720703,7592087
2017-06-23,123.03442919090482,123.03442919090482,121.75050598859745,122.0604248046875,6622204
2017-06-26,122.14895079992871,122.54740774078405,121.75049385907336,122.23750305175781,5947203
2017-06-27,121.83903674711625,122.14894141232516,120.42229950004682,120.4665756225586,8623879
2017-06-28,120.6879508653912,121.3077743368127,119.75822270635284,119.89103698730469,6471822
2017-06-29,120.24521254344354,121.35203106075618,118.60712282936329,119.6253890991211,7664597
2017-06-30,119.93528883489608,120.37800771384661,119.13837511812629,119.58110809326172,5478256
2017-07-03,120.24522003212532,122.14895251124437,119.80248695915269,121.52912902832031,4312002
2017-07-05,121.92757876655956,122.0161310143942,120.55513169462012,121.0864028930664,4438284
2017-07-06,118.91703592433423,119.75822595092404,115.55229696225719,116.48202514648438,15993094
2017-07-07,116.2163612037066,116.43772064003592,115.02099064554044,115.77362823486328,8459808
2017-07-10,115.68507792883064,115.95071346952038,114.44543835751978,115.28662109375,9756038
2017-07-11,115.24236449969415,117.10182758194534,114.71108631272546,116.79191589355469,8607645
2017-07-12,117.50029303030976,118.69565670401357,116.74764828986713,117.67738342285156,10638908
2017-07-13,117.67738158078794,118.78420708898847,117.32319375315531,118.60711669921875,5794045
2017-07-14,118.38573007488725,119.09409151361947,118.34145396092049,118.56282043457031,4394069
2017-07-17,118.47427895810074,119.0055641815477,118.29718858234685,118.73992156982422,5779022
2017-07-18,118.47429550882289,119.18267120698302,118.38575735666991,119.04984283447266,5455700
2017-07-19,118.87275279044546,119.66966664314828,118.82847666614256,119.27120971679688,5173234
2017-07-20,119.62538216504127,119.75821052867414,117.76592603604436,118.16438293457031,11509404
2017-07-21,112.36459496707302,115.1537924642549,111.83332395205151,114.7110595703125,18915198
2017-07-24,114.1355423442803,114.4454540416026,112.23181013630365,112.58599090576172,11867093
2017-07-25,113.20580387424044,113.9141723960094,112.27606886790137,112.63025665283203,9636328
2017-07-26,113.29434204101562,113.73706793464113,112.3203380269476,113.29434204101562,8499516
2017-07-27,113.29435823777733,114.22408627135242,112.984446543888,114.17981719970703,8323113
2017-07-28,114.48972319830798,114.57826838528699,112.45316275351327,113.02871704101562,5902383
2017-07-31,113.07296953151774,113.73706186053624,112.85160307248105,113.38288116455078,6388461
2017-08-01,113.47143942686918,113.60426072722971,112.14325461563318,112.63025665283203,8745299
2017-08-02,112.63025530256404,113.20580251707251,112.40888882064777,112.98443603515625,5714629
2017-08-03,113.2943290955246,114.13551172134193,112.3203251927504,114.04696655273438,6451143
2017-08-04,114.00275241857058,114.4454784749121,113.42720502127936,114.13556671142578,4864539
2017-08-07,113.95842224314406,114.17978869037715,113.1172396109859,113.47142028808594,3937537
2017-08-08,113.47144886496704,114.6225434035273,112.98444678726133,113.16153717041016,5663840
2017-08-09,113.11724590618293,113.86988341095183,112.71878909822492,113.82560729980469,6191213
2017-08-10,113.82562392005642,113.82562392005642,111.87762275506758,112.01043701171875,6192861
2017-08-11,112.45315505625237,112.67452153259394,111.52342713256516,111.56770324707031,4009922
2017-08-14,111.92188890183584,113.1172594690358,111.7890676005606,112.27606964111328,5068840
2017-08-15,111.61198995331038,112.0989920493753,111.12498785724547,111.30207824707031,5703757
2017-08-16,111.21352993364047,111.78907720847899,110.90361823609058,111.12498474121094,5732741
2017-08-17,110.99217670771937,111.12499097977337,109.442625181071,109.575439453125,6514785
2017-08-18,109.04415973380102,109.53116180543252,108.20296985219663,108.68997192382812,7151497
2017-08-21,108.4243392944336,108.91134137927952,107.67170163096979,108.4243392944336,9609933
2017-08-22,108.77850225575449,109.53114684408177,108.3800524771119,108.91132354736328,6253415
2017-08-23,108.55716810604697,108.7342585040242,107.76025426705593,107.98162078857422,7205853
2017-08-24,108.15868468867606,108.64568668784922,107.58313751220703,107.58313751220703,5330878
2017-08-25,107.98161333007049,108.91134137927952,107.8045158962322,108.4243392944336,4771643
2017-08-28,108.60142811629656,109.22125150557237,107.80451434382564,108.3357925415039,4994870
2017-08-29,107.71597792401218,108.29152524031208,107.4946184510385,108.2029800415039,4989131
2017-08-30,108.42432632668373,108.42432632668373,106.91905117978982,107.49459838867188,7068637
2017-08-31,108.07015559053805,109.35406437639965,107.49460832843654,108.68997192382812,11535738
2017-09-01,108.91134388824858,112.01044685446287,108.42434179218368,111.30207824707031,12279368
2017-09-05,110.94790058497243,110.94790058497243,108.77852562842735,109.575439453125,9293476
2017-09-06,110.19526552968983,110.77081285066309,109.88535380729803,110.32808685302734,11481632
2017-09-07,108.51285786589482,108.68994820819455,105.50230090252518,106.34349060058594,16715628
2017-09-08,106.0335931730454,106.25495260650952,104.39549671533125,105.45804595947266,9307268
2017-09-11,105.36949997222949,105.7679497686606,104.57258628318287,105.01531219482422,9036446
2017-09-12,105.45805708744092,105.85651397705078,104.97105500548365,105.85651397705078,10362702
2017-09-13,105.94504436896996,107.05186264273759,105.90076825493509,106.74195098876953,8060554
2017-09-14,106.69769071882601,107.45032833472905,105.9893221725153,107.40605926513672,8781440
2017-09-15,107.76378938883889,108.0767976342431,106.19875528033332,107.00363159179688,13888549
2017-09-18,107.13775820877774,109.77595799801595,107.00361692093576,109.37351989746094,10955699
2017-09-19,109.3735103032081,109.41822880757574,107.4060455998241,108.2109146118164,9460843
2017-09-20,108.21094148308296,109.14996624135965,108.16623008612636,108.74752807617188,8298554
2017-09-21,108.79223808251102,111.07271861658664,108.076798792225,110.67028045654297,10874529
2017-09-22,111.07271498152414,111.9670211836294,110.75970674301,111.20686340332031,8287537
2017-09-25,111.43041889415888,112.59301458304988,111.1174107198004,112.2800064086914,8865635
2017-09-26,112.45887176079724,112.72716144417733,111.43042441524977,111.47513580322266,8503648
2017-09-27,111.7881597216517,112.01173093000105,108.56866171256544,108.97109985351562,11787113
2017-09-28,109.06053604463223,109.32882578121946,108.03208137660764,108.38980102539062,7544053
2017-09-29,108.30036555251263,108.61337378838417,107.36134796341331,108.12150573730469,7026425
2017-10-02,108.30034556154055,110.0442462342026,107.76376621496298,109.8653793334961,8868389
2017-10-03,110.04425699672952,111.02799301351352,108.79222416190282,110.89384460449219,7075210
2017-10-04,111.25157216226148,111.29629067463911,109.2393885940876,109.46296691894531,6708361
2017-10-05,109.06051915141043,109.86538823649981,107.9873532527767,109.73124694824219,7252865
2017-10-06,109.14996152477536,109.73125948970186,107.89793568635795,109.06053161621094,8498765
2017-10-09,107.7637872643115,107.98736559498039,103.96299123551734,104.76786041259766,29275875
2017-10-10,105.97518788233457,106.6906343573076,104.27601229223346,104.45487213134766,16812134
2017-10-11,103.4264012892006,104.05241774723065,102.39795381502566,103.15811157226562,16937707
2017-10-12,103.06864929199219,103.24750904710099,102.0849135203809,103.06864929199219,12509021
2017-10-13,103.5158186760517,103.87354537388474,102.6662311159125,102.75566101074219,8428237
2017-10-16,102.80040794176696,104.99145164869024,102.53211106457942,104.45487213134766,10382567
2017-10-17,103.82884294131262,103.96299136358228,102.84510682737618,103.69469451904297,12235757
2017-10-18,103.73939529374525,104.09711486727564,103.15809742750127,103.38167572021484,7297059
2017-10-19,103.47108891197074,106.33286639382699,103.06865089745088,105.43856048583984,15769450
2017-10-20,98.99957794212682,106.60117602664964,98.82071815068193,106.55645751953125,40147504
2017-10-23,104.8125926334945,104.8125926334945,99.17847206452699,99.80448150634766,39090944
2017-10-24,98.91015365618766,99.759748391508,97.25568981371637,97.88170623779297,27880573
2017-10-25,97.65812514209239,97.8817034469614,95.24350365245644,96.13780975341797,23060959
2017-10-26,96.4508319386129,96.8085587283663,94.79636778136623,95.33295440673828,18004137
2017-10-27,95.06464846094178,95.24350826609523,92.2923001255187,92.96302795410156,20560436
2017-10-30,92.20286431635296,92.65001380059182,90.59311193606418,91.26383972167969,20529324
2017-10-31,90.5930997414314,91.21911605361292,89.65408239167262,90.14595031738281,20450366
2017-11-01,89.743513883194,91.75569700520776,89.25164594867772,89.51993560791016,19137318
2017-11-02,89.65409946469015,89.7882407581928,87.77605728901959,89.1622314453125,17012575
2017-11-03,89.07279026983481,90.90611370329046,88.80449347975726,90.05652618408203,14160018
2017-11-06,91.75570389649025,91.80042240231103,89.78823201065876,90.01181030273438,12661511
2017-11-07,90.19068516675415,90.54841191758148,89.96711395581681,90.36954498291016,8693113
2017-11-08,90.36951769757928,90.86138560275593,89.74350853004466,89.96708679199219,8280233
2017-11-09,89.60937388949179,89.74352229093267,88.75978632973752,89.38579559326172,10610572
2017-11-10,89.3410940374699,92.47116205511026,88.98337441894473,91.62157440185547,21019137
2017-11-13,90.59312928483244,92.78417997347962,83.84112450945914,85.0484390258789,54577114
2017-11-14,84.01996107616479,84.42239913688823,78.07283429155572,80.0403060913086,65218755
2017-11-15,78.29641662707202,82.18664192410131,78.25169812089274,81.65006256103516,30124129
2017-11-16,82.63380177678015,82.63380177678015,80.71104813974905,81.60535430908203,18649508
2017-11-17,82.00780406717831,82.58910209187614,81.42650604248047,81.42650604248047,12615126
2017-11-20,80.26385377169547,81.06872246775916,79.72726752247523,80.39799499511719,13340623
2017-11-21,80.26388135550067,80.80046067061278,79.1459971045801,79.727294921875,16258721
2017-11-22,81.158203125,81.60535979900608,79.77203594372163,81.158203125,11444448
2017-11-24,82.18665432940642,82.18665432940642,81.15819971718942,81.33706665039062,5195206
2017-11-27,82.00776837854109,82.72321452778473,80.88988421525494,81.02403259277344,16453507
2017-11-28,81.24762727034557,82.45493443797268,80.75575927804877,82.32079315185547,11709157
2017-11-29,82.49964778477424,82.90208585497952,81.87363142700735,82.6337890625,11509697
2017-11-30,82.99151680165208,83.12565808108363,81.2923346079017,81.7842025756836,14200582
2017-12-01,81.73950970824824,81.73950970824824,79.86146730407587,79.95089721679688,17116050
2017-12-04,80.48746431560484,80.75576113102433,79.95088492179508,80.2638931274414,14261616
2017-12-05,79.50372891087642,80.53218343457681,79.01186090356637,79.41429901123047,13733075
2017-12-06,78.74356952354937,79.7720240252935,78.69885813393826,78.96714782714844,9163104
2017-12-07,79.63788440127304,80.75576892402545,78.83300811437252,79.19073486328125,11598420
2017-12-08,79.23544625782277,79.68260291432986,78.9671565350277,79.19073486328125,11360294
2017-12-11,78.74358736858281,79.5484637491306,78.38586769656872,78.92244720458984,12138124
2017-12-12,80.26387358677228,80.66630447489835,78.92241119180484,80.08500671386719,13945388
2017-12-13,80.12974532691271,80.44275353493086,79.41429901123047,79.41429901123047,8785613
2017-12-14,79.45902163087528,79.68259995081361,78.87772369384766,78.87772369384766,10129668
2017-12-15,79.5037426094799,79.72732095637495,78.96716311915083,79.68260955810547,18441952
2017-12-18,79.90616701854051,80.7110432338687,79.36958762066482,79.41429901123047,11249683
2017-12-19,79.45901282548705,79.59315410777292,78.47527686899085,78.65413665771484,13666553
2017-12-20,78.8329904251431,78.9224203126744,77.62568338421363,78.02811431884766,15725818
2017-12-21,78.07282758152203,79.10127477835819,77.98339769999338,78.11754608154297,14163503
2017-12-22,78.29641222925343,78.5199833920495,77.80454428148,78.25169372558594,9675745
2017-12-26,78.56687690502213,79.51238510676185,78.34176204832083,78.4768295288086,11546922
2017-12-27,78.61188313402408,79.37728921078671,77.93652440937099,78.25169372558594,12546163
2017-12-28,78.11663959842316,78.34176162156321,77.6664027198081,78.16166687011719,12714804
2017-12-29,77.75643021002936,78.92705296271741,77.75643021002936,78.56685638427734,15889514
2018-01-02,79.15215624344674,80.9981446242324,78.9270414782985,80.95311737060547,16185981
2018-01-03,82.39390997556862,82.57400470029529,81.17825983216765,81.71854400634766,17000180
2018-01-04,82.75411494870686,83.83469066743395,82.39392543168626,83.42947387695312,17225995
2018-01-05,84.91525230145874,84.9602795674504,83.2943925760491,83.4744873046875,16667865
2018-01-08,84.05979007026693,84.19485751895645,81.49342253320543,82.3038558959961,17130657
2018-01-09,82.52896650798974,84.01475854175362,81.53843848548047,83.56452178955078,13855205
2018-01-10,83.69961091365484,85.81574211634673,83.65459081060365,85.23043060302734,17177522
2018-01-11,86.58115939284367,87.30154564230041,85.54561087893629,85.63565826416016,20808952
2018-01-12,86.08587124757214,86.2209458716731,84.1948623484778,84.46501159667969,18169606
2018-01-16,82.48398801591505,83.33944186036469,80.8631205552035,81.98872375488281,42912819
2018-01-17,79.46734820132542,79.69247019840118,77.71141382652853,78.11663055419922,39131904
2018-01-18,78.34176710583795,78.70195663394487,75.4602293779859,75.50525665283203,35944841
2018-01-19,74.96495703182971,75.32514652072406,72.12844688762488,73.20902252197266,44851332
2018-01-22,71.58815977037028,73.52419630818942,71.1379228823107,72.8038101196289,28005019
2018-01-23,73.3890947535057,76.67584791824544,73.25402015277358,76.0455093383789,25714786
2018-01-24,76.54078778745762,78.16165463201591,73.1639866397371,74.01944732666016,34850262
2018-01-25,74.2896113529955,74.82989568231217,72.62372391943674,72.84883880615234,19834813
2018-01-26,72.62371826171875,72.75878574969254,71.72323728200985,72.62371826171875,18965005
2018-01-29,72.12846423627926,73.97444656236365,71.90334216774056,73.29908752441406,15469060
2018-01-30,72.4886370803085,73.25404333547264,71.81327819824219,71.81327819824219,14242064
2018-01-31,72.30854595893078,73.25404700768848,71.99337655345649,72.8038101196289,16018822
2018-02-01,72.30852793787889,72.53364990963537,71.67818928402609,72.12843322753906,11022366
2018-02-02,71.54312904974567,71.72322377824683,70.23743151661601,70.41752624511719,17171805
2018-02-05,69.69714337003408,70.37250221681704,67.13077545166016,67.13077545166016,25715850
2018-02-06,66.7255712458697,69.06681734778371,66.23030709602904,68.75164794921875,26462505
2018-02-07,68.93174032316323,69.87724848624927,68.6615982055664,68.6615982055664,15859821
2018-02-08,68.39147474612267,68.48152214322114,65.0596923828125,65.0596923828125,28928098
2018-02-09,66.14025096193805,67.67107064629258,64.06914703675122,67.26585388183594,26929053
2018-02-12,67.80613083895048,68.16632025607224,66.54545354369768,66.72555541992188,15771182
2018-02-13,66.36536313083458,66.59048511493903,65.41986226585792,66.0501937866211,15378459
2018-02-14,66.14025381025388,67.67107356053283,65.91513895071166,67.08576202392578,17926577
2018-02-15,67.22082332638446,68.16633145313406,66.50044437381085,66.86063385009766,11452419
2018-02-16,66.86064267992471,68.57155725356478,66.68054791799743,67.76112365722656,13505612
2018-02-20,67.17582066256539,67.400942727512,65.82510260821836,66.36538696289062,12867294
2018-02-21,66.23031262306532,66.32036000621777,65.05968230675212,65.23978424072266,20472151
2018-02-22,65.41986415555456,67.85115728405538,65.23976943013436,65.82508087158203,16379390
2018-02-23,65.96127114199057,66.59681922953374,65.7796859741211,65.7796859741211,11040854
2018-02-26,65.32573887529865,66.64224264730738,63.32828687003996,66.50605010986328,30302034
2018-02-27,66.59679831800709,68.91202654881347,65.82505798339844,65.82505798339844,19410582
2018-02-28,66.27907911493602,66.3698717403988,63.96384909817004,64.05464172363281,18490403
2018-03-01,64.28160488708673,64.73556785893776,63.32827180572422,63.64604949951172,19170976
2018-03-02,63.50985068524494,64.64476884260239,63.419058099894286,64.10000610351562,15572368
2018-03-05,64.37238072784385,66.50601698071696,64.09999578864083,65.46189880371094,18247395
2018-03-06,66.27903194373938,66.59680229320698,65.87046180644575,66.46061706542969,12124707
2018-03-07,65.73427567179586,66.23363841794654,64.3723799011964,65.87046813964844,17318787
2018-03-08,65.82507808335433,66.46063339238405,65.41650784568988,65.9158706665039,10348638
2018-03-09,66.36984402602424,67.86793256107515,65.87048118100726,67.8225326538086,13386967
2018-03-12,68.1856963595741,69.59299216993934,67.91331862346601,68.54887390136719,14653629
2018-03-13,66.68762768846294,66.91461281582497,65.09874625089759,65.50731658935547,24772029
2018-03-14,65.64349324067238,66.23364864754542,64.6447675941207,64.78096008300781,11907699
2018-03-15,64.96255955526686,66.0520780253329,64.73557443279937,65.18954467773438,9895779
2018-03-16,65.09871727767529,65.4618947652135,64.37237675656132,64.96253204345703,23889514
2018-03-19,64.73554163867875,64.82633419627466,63.555231162951365,63.873008728027344,13810133
2018-03-20,64.00920699145617,64.0546068929937,61.83017071126054,61.920963287353516,18554546
2018-03-21,62.01177944643381,63.37367567401943,61.60320913276133,63.010498046875,13592791
2018-03-22,62.420320042222656,62.60190517687525,60.46826900423516,60.60445785522461,14862500
2018-03-23,60.83145518854132,61.05844027973263,59.106385117548925,59.333370208740234,17536442
2018-03-26,60.0597125598326,60.1051088538676,57.789883404116416,58.51622772216797,22000434
2018-03-27,58.6524132132511,62.28414543401282,58.198450299147204,61.01303482055664,32336072
2018-03-28,61.37622118391579,63.328272835079765,59.424165919259984,62.102561950683594,29025877
2018-03-29,61.64858875851686,62.011766308719075,60.60446685227763,61.19462585449219,15548310
2018-04-02,61.05844093480459,61.46701121253902,58.834007975516215,59.56035232543945,15041824
2018-04-03,59.56036236331445,59.65115497066993,58.10766980514993,59.60575866699219,12474884
2018-04-04,58.19846427042919,60.37750123519873,58.06227175001196,60.286705017089844,11929712
2018-04-05,60.332092027927644,61.55779915506017,59.78733290325859,60.96764373779297,11168889
2018-04-06,60.468274578212025,61.149222509419864,58.6978048981842,59.2879638671875,13242927
2018-04-09,59.46955399474496,59.74193535811446,58.198450601664184,58.24384689331055,14258423
2018-04-10,59.06099160959627,59.65114709296147,58.78861382350087,59.24258041381836,11982984
2018-04-11,58.60702457780636,59.37876885958028,58.3346467937627,58.8794059753418,10479010
2018-04-12,59.15177772200881,60.15050338854999,58.87939996576562,59.83272933959961,13277419
2018-04-13,60.87684662348986,62.10255004594126,60.649861563894966,61.24001693725586,14850168
2018-04-16,61.28541600826168,61.64858631709909,60.059705375462144,60.513671875,12160618
2018-04-17,60.74065103416966,62.96508715961526,60.64985846037411,62.60190963745117,15050609
2018-04-18,63.01048676265028,63.19207915719405,61.83017594652069,62.01176834106445,8969027
2018-04-19,62.05716098175145,63.82762720486994,61.87557581430074,63.509849548339844,18316838
2018-04-20,67.82252650167763,68.32188930139776,65.09872744129986,66.00666046142578,39371615
2018-04-23,66.95999621319808,67.09618147443113,65.3257152625403,65.9158706665039,15298437
2018-04-24,66.55141172096513,67.05077443482125,66.00664911176705,66.64220428466797,15495602
2018-04-25,66.82378381515497,66.8691837066944,63.14665999873909,63.7822151184082,23216120
2018-04-26,64.05463850873704,65.82510545688076,63.82765334297944,65.28034973144531,13533448
2018-04-27,64.55400153721237,65.73431283597485,64.41780899236068,65.28034973144531,10188469
2018-04-30,65.23490431894655,65.32569687654245,63.873008728027344,63.873008728027344,10127373
2018-05-01,63.91840033906551,63.96380023060495,62.7834897743456,63.7822151184082,10719493
2018-05-02,64.0092055942493,65.28031608576909,63.91841302013816,64.37238311767578,10783239
2018-05-03,64.41778336334822,64.41778336334822,62.87430219504561,63.23747253417969,12665163
2018-05-04,62.965097918052315,64.14540880604835,62.51112774452575,64.00921630859375,8744820
2018-05-07,63.963801285623255,64.37237140829514,63.555231162951365,63.873008728027344,6858410
2018-05-08,64.37238984332915,65.7796857295595,63.96381960365048,64.78096008300781,12381195
2018-05-09,65.14413927303335,66.64222794650975,64.91715416969289,66.3698501586914,10614202
2018-05-10,67.00538444495128,67.00538444495128,65.82507371534689,66.68760681152344,7820843
2018-05-11,66.91460085965196,67.05079335713144,65.91587515009074,66.279052734375,5970052
2018-05-14,66.73300433540429,67.18696720485028,66.4606266137367,66.77840423583984,8562032
2018-05-15,66.73300433540429,66.82379690929349,66.14284899163353,66.77840423583984,7357154
2018-05-16,66.77843578245967,68.54890265015338,66.68763593869403,68.23112487792969,11397833
2018-05-17,68.63969526693367,69.18445096761543,67.73176187214541,68.23112487792969,10585136
2018-05-18,68.4581108756981,68.54890349359552,67.73176270553326,67.95874786376953,7170422
2018-05-21,69.72919295286201,70.59172616671479,69.00284500978519,69.27522277832031,16258282
2018-05-22,69.86537804650524,70.77331116630353,69.41141510009766,69.41141510009766,13717258
2018-05-23,69.00283330527148,69.04823320581802,64.05460549479584,64.37238311767578,30743980
2018-05-24,65.09873461918008,66.82380827032668,64.64477167255369,66.279052734375,21995906
2018-05-25,66.32444483822285,66.59682260382776,65.41651172589003,66.41523742675781,10370235
2018-05-29,65.73427895632476,65.91586410454704,63.64603529780475,64.37238311767578,15867583
2018-05-30,64.1908258016747,64.64478886906227,63.64606289382457,64.32701110839844,10893914
2018-05-31,64.00923056729732,64.1454230950902,63.32828238230253,63.91843795776367,11571648
2018-06-01,64.00921630859375,64.23620139535703,63.32826827528705,64.00921630859375,11870536
2018-06-04,64.14541716507051,64.5085875696313,62.102565571955864,62.2387580871582,17197157
2018-06-05,62.23873816178782,63.2374636815779,61.37620511359885,62.647308349609375,14699910
2018-06-06,62.738103699172406,63.05588132898887,61.87557061279808,61.920963287353516,12967368
2018-06-07,61.87557816676141,62.64731877125925,61.78478557958419,62.55652618408203,14811336
2018-06-08,62.5565245348119,63.873027854647106,62.23874687457819,63.23747253417969,10484206
2018-06-11,63.5098358753859,63.691428230724526,62.87428792613474,63.46444320678711,9098022
2018-06-12,63.691428230724526,64.19079094719815,63.14666561867095,63.46444320678711,8663462
2018-06-13,63.646036859942356,63.82762201262148,62.783503771225455,63.05588150024414,7407462
2018-06-14,62.965088752895895,63.14667390508185,61.55779298298162,61.920963287353516,12659759
2018-06-15,61.87517071784763,61.920973581906566,60.91338348388672,60.91338348388672,20069141
2018-06-18,60.501182515978954,60.59278094637436,59.99738750324063,60.45538330078125,14260009
2018-06-19,59.81419313554347,59.85999235265011,59.08139837070969,59.31039810180664,16249456
2018-06-20,58.44020525273953,60.04318877628871,58.39440603597216,58.98979949951172,20120367
2018-06-21,58.6692043472839,58.71500356355569,57.753212730720925,58.44020462036133,14750782
2018-06-22,58.440206225169206,59.90579212280323,58.440206225169206,59.768394470214844,14178026
2018-06-25,59.67679071086883,59.76839278891472,58.34860614874912,58.394405364990234,16029380
2018-06-26,61.64619173404103,63.84456928417169,61.32559348899504,62.9285774230957,44618882
2018-06-27,63.47815772578006,66.13453441515962,63.203362399987434,63.9361572265625,28252972
2018-06-28,63.84454662820716,64.11934190167695,62.653752527584736,63.34075164794922,13444307
2018-06-29,63.34076584554312,63.66136404868208,62.14997876913694,62.33317565917969,15015178
2018-07-02,61.73778867695349,62.058386914136996,60.40960014640987,61.23399353027344,13098533
2018-07-03,61.14239142996062,61.783584258763085,60.91339529308993,61.23399353027344,6721507
2018-07-05,61.2797778779544,61.554573191822314,59.72259349601126,61.5087776184082,11172227
2018-07-06,61.23399548063769,63.6613728366041,61.004995690908586,63.432373046875,12524399
2018-07-09,63.84452427357206,64.76051548887123,63.707123039383745,63.89031982421875,13993109
2018-07-10,64.11935876031075,64.94375208860106,64.02776031173723,64.89794921875,12585475
2018-07-11,64.39413786861738,65.44753069828572,64.07353973388672,64.07353973388672,9862643
2018-07-12,64.34834230144257,64.76053886164961,63.79874445745762,64.07353973388672,8309863
2018-07-13,63.98193704295779,64.43993643093316,63.56974051023047,63.615543365478516,10121259
2018-07-16,63.61555501600231,63.890350324437655,63.203358407785494,63.66135787963867,8943299
2018-07-17,63.43235683795786,63.61555370647699,62.51636520423479,62.699562072753906,12334350
2018-07-18,62.92856203324756,63.249160199887854,62.745365164060956,62.97435760498047,8562449
2018-07-19,62.83695589872255,63.56974328567447,62.378956490751015,62.88275146484375,15641895
2018-07-20,62.83696020592659,63.11175549486959,59.447792790018006,60.088985443115234,35732423
2018-07-23,59.630996598471555,60.088992445646454,59.081402310974475,59.49359893798828,18849031
2018-07-24,59.17299385551145,60.13478465793907,58.85239935174461,60.088985443115234,11824171
2018-07-25,60.1347960788802,60.2263981714887,59.35620563343975,60.04319763183594,11132811
2018-07-26,59.99738730313744,60.775981250028806,59.81419044295762,60.22638702392578,11374588
2018-07-27,60.088981366491446,60.36378028235478,59.44778875689472,59.814186096191406,8206805
2018-07-30,59.72259218717514,60.501186183865556,59.58519453325229,60.27219009399414,8255716
2018-07-31,60.40957902886464,62.51635733386077,60.27218139477271,62.42475891113281,14959799
2018-08-01,62.05837838744023,62.05837838744023,60.638587951660156,60.638587951660156,9291368
2018-08-02,60.317989349365234,60.501186221375946,59.81419430577196,60.317989349365234,7631879
2018-08-03,60.22638681430652,60.68437896316202,59.99738709431522,60.18058395385742,7354316
2018-08-06,60.08898536189691,60.36378429603204,59.81419007332533,59.99738693237305,6779285
2018-08-07,60.08898957653321,60.684383055762694,59.630993751226576,60.27219009399414,11811088
2018-08-08,60.409587161191055,60.409587161191055,59.4019970844154,59.768394470214844,8429823
2018-08-09,59.58519720130811,59.6767956413582,59.127201355493725,59.26460266113281,6778847
2018-08-10,59.12720811908515,59.12720811908515,58.21121996823998,58.48601531982422,10110158
2018-08-13,58.25700989593056,58.30280911388524,56.74562476673483,57.02042007446289,14001101
2018-08-14,57.157820995787986,57.7074152531723,56.42502622223304,56.56242752075195,10349974
2018-08-15,56.19603313227091,56.60822975869253,54.68464793243429,55.96703338623047,13501919
2018-08-16,56.150226757463884,56.60822254562257,55.92122704060279,56.33342361450195,10847153
2018-08-17,56.150226757463884,56.51662047154003,55.92122704060279,56.33342361450195,9795746
2018-08-20,56.1960259717234,56.74562018840112,55.600632540786165,56.33342361450195,7878350
2018-08-21,56.51662601992877,58.11960961307161,56.470826801173025,57.84481430053711,12091467
2018-08-22,57.75321509957061,57.799014317720925,56.88302266358694,57.112022399902344,9065575
2018-08-23,56.83723125358301,57.52422326577872,56.74563280469883,57.43262481689453,7940552
2018-08-24,57.34101860249492,57.52421547545351,57.11202251129668,57.249420166015625,8068963
2018-08-27,57.157830496038315,58.53181454508825,57.02042917468182,58.48601531982422,9324212
2018-08-28,58.48600383663311,59.03559807745817,58.257007755274195,58.44020462036133,12325524
2018-08-29,58.486004978108376,59.44779582971447,58.02800916088815,59.40199661254883,9971648
2018-08-30,58.94401121802899,59.40200711623376,58.39441686929614,58.48601531982422,9320414
2018-08-31,58.30281174947899,59.31040188115785,58.16541408940387,59.26460266113281,10517216
2018-09-04,58.98980608737183,58.98980608737183,57.844818249190205,58.02801513671875,9355782
2018-09-05,57.02041686880279,57.61581031430466,56.05862970026198,57.52421188354492,11491355
2018-09-06,57.24942020311739,58.62340404232489,57.24942020311739,57.29521942138672,8475812
2018-09-07,56.74563220304545,56.974628322827954,56.196037870003174,56.79143142700195,9570746
2018-09-10,56.60822750178297,58.165411859631604,56.56242828351364,57.29521942138672,9050656
2018-09-11,56.974624081592644,57.11202538879816,56.012833158974054,56.470829010009766,8378597
2018-09-12,56.333421631639446,57.84480658569529,56.012823497543955,57.75320816040039,8385211
2018-09-13,58.02801163616209,58.394409034680265,56.92882308617147,58.211212158203125,11408558
2018-09-14,57.93379467907827,58.95098851819505,57.240254763429974,58.62733459472656,14600045
2018-09-17,58.30368884693929,59.598297280008694,58.25745309435191,58.71981430053711,10573242
2018-09-18,58.581090631455304,58.95098025208029,58.07249378321244,58.534854888916016,8950101
2018-09-19,58.34991798553197,60.060651678286604,58.07249982114177,59.4595832824707,12958354
2018-09-20,58.21120628927636,58.673563727362904,57.14777682105585,57.610137939453125,18430204
2018-09-21,57.33272817713853,58.07250386652749,56.22306280289944,56.2692985534668,19910349
2018-09-24,55.945641146516174,55.945641146516174,53.633839040401895,54.28114318847656,31005079
2018-09-25,54.23491450718471,54.373621768349444,51.87687634613822,52.108055114746094,27896911
2018-09-26,52.01558334410395,53.4489027431548,51.83064033015346,52.66288757324219,19483739
2018-09-27,52.57041636779765,54.327386051339396,52.52418061404483,53.3101921081543,17151231
2018-09-28,52.894066999788386,53.21771725571549,52.01558037307793,52.200523376464844,15978112
2018-10-01,60.19935638287723,60.43053879017638,55.20586275713248,55.8994026184082,64290209
2018-10-02,56.96282958984375,57.70260884392747,54.419845304513515,56.96282958984375,31029263
2018-10-03,57.05529846341737,58.39614599983967,56.777884016074466,57.702606201171875,17311880
2018-10-04,57.378953964812396,58.6273263739946,57.0553000867267,58.534854888916016,15631315
2018-10-05,59.55206053898842,61.49397683667243,59.459589035348486,60.939144134521484,31541445
2018-10-08,62.51117403089602,63.06600308196819,61.30903705961652,62.92729949951172,36025406
2018-10-09,63.3896553182424,63.71330926954457,62.00257536765934,62.64988327026367,23046331
2018-10-10,61.910101324670855,63.158477645412624,61.17032194638433,61.4015007019043,19185019
2018-10-11,60.66172360468984,61.447738715949924,58.53486438171958,58.81228256225586,24238585
2018-10-12,57.93378756063445,59.320870901808405,56.407996989436306,56.96282958984375,25708943
2018-10-15,56.63917996611282,57.79508092209886,56.13058310384167,56.17681884765625,13070635
2018-10-16,56.546712813764884,56.824130996287614,55.48328687497632,55.94564437866211,18046308
2018-10-17,56.639181149482646,58.072496598302635,56.03810910671332,56.36176300048828,17409325
2018-10-18,56.13058813681623,57.47143218828799,55.760698472822504,57.24025344848633,17010175
2018-10-19,56.77789379829542,58.85851723307838,56.68542229991594,58.07250213623047,18108844
2018-10-22,58.21121151627544,58.396154508116766,57.009071028373604,57.24025344848633,10483914
2018-10-23,56.17682727835544,58.9047549743614,55.853173342770475,58.6735725402832,17086295
2018-10-24,58.76604748566037,59.228408671645205,56.13059130176473,56.2692985534668,17394134
2018-10-25,56.40799635687557,56.777885979769486,54.188665980133436,54.558555603027344,18412572
2018-10-26,53.58760919383502,53.86502371056864,51.645692855453845,52.246761322021484,24541312
2018-10-29,52.84781383744625,54.234897043383114,50.53601217452849,51.59944152832031,25007880
2018-10-30,48.82528681859977,52.709115280889456,45.6349982330698,47.06831741333008,71983559
2018-10-31,47.06832261499118,48.03927707763347,45.31134933524216,46.69843292236328,42124411
2018-11-01,46.28230315801701,47.2994969575612,44.109208317257405,44.294151306152344,49320916
2018-11-02,44.47909883424801,44.6640418267142,41.93611428628258,42.95330810546875,54985507
2018-11-05,43.41567862320173,44.06298291664118,42.860845845923365,42.907081604003906,25955269
2018-11-06,43.27696779849474,44.109215055978346,43.27696779849474,43.55438232421875,23563834
2018-11-07,43.6930946500883,43.73933040973328,42.259778740469976,42.537193298339844,25878418
2018-11-08,42.259760481757475,43.18447895543604,41.843635144431396,42.07481384277344,33760858
2018-11-09,40.6415055460931,41.42751693602465,37.68239561624375,39.67054748535156,57077908
2018-11-12,38.930763457541374,39.06947436396195,35.69423943311159,36.9426155090332,51161628
2018-11-13,37.081322698881394,41.843637246795694,36.85014030861357,39.80924987792969,42945997
2018-11-14,40.50280230945561,40.91892779736081,37.867345793138334,38.468414306640625,35507986
2018-11-15,38.098529627632765,39.76302795889169,37.26627862184737,37.77487564086914,26807841
2018-11-16,37.358740004142355,37.91357631103709,35.74047786991352,37.08132553100586,36851582
2018-11-19,36.94262820212148,38.098529510814394,36.017905683042414,36.24908447265625,30898119
2018-11-20,35.463065521243344,36.34154841911324,34.815757684525195,35.3705940246582,29903260
2018-11-21,36.017895332018504,36.66519943722324,35.74047718389601,36.11036682128906,17620011
2018-11-23,35.97166383151556,36.34154983223897,34.90823421881329,35.00070571899414,9070771
2018-11-26,35.185650923511176,35.78671939265104,33.5673885280388,35.04694366455078,33103782
2018-11-27,34.63081021180364,35.278114284480864,34.07597762375022,34.39963150024414,23037755
2018-11-28,34.16845784046728,35.925431218574204,34.07598633221146,35.786720275878906,25938200
2018-11-29,35.37060054640057,36.98886307595407,34.630821076694424,36.71144485473633,25745417
2018-11-30,35.41682310890093,35.509294588086576,34.21468651886667,34.67704391479492,39037109
2018-12-03,34.861994355514874,36.7576709264938,34.81575493056879,36.11036682128906,27268484
2018-12-04,35.8329574096589,36.110371916614945,33.65985870361328,33.65985870361328,27820875
2018-12-06,33.28998039958536,34.16846355525649,33.05879790996819,33.9835205078125,23571659
2018-12-07,33.75233943919479,34.12222550932336,32.31901987651083,32.41149139404297,23887657
2018-12-10,32.226530628514446,32.92007030874423,31.209337134678822,32.04158401489258,23545806
2018-12-11,32.55018912867585,32.96631451590065,30.79321976966214,31.25558090209961,25995248
2018-12-12,31.625470858064205,32.50395370613651,30.978163058039282,31.024398803710938,22080622
2018-12-13,34.63082238638855,34.67705814495479,32.920088278501915,33.28997802734375,43251895
2018-12-14,32.73513090983451,33.52114214158567,32.365241322963804,32.82760238647461,26875823
2018-12-17,32.78138137441287,33.42868568198999,32.411491621377955,33.05879592895508,27069962
2018-12-18,33.197497511708555,35.27812103512417,33.10502600938987,33.65985870361328,30626065
2018-12-19,35.37294315834736,36.80823008850313,34.95624540733928,35.46554183959961,45795945
2018-12-20,35.419250374610094,36.20634302564091,34.076558141779685,34.446956634521484,38050283
2018-12-21,33.89136352140581,34.493258818182944,32.87277034674477,33.10426712036133,38738388
2018-12-24,32.68755440363281,33.01165342494207,31.946761378976195,32.03936004638672,14608516
2018-12-26,32.36346912188812,34.30805648311375,31.344876093186464,34.2154541015625,27092394
2018-12-27,33.2431608796899,33.65985870361328,32.178272173577994,33.65985870361328,24993253
2018-12-28,33.289470314021244,35.41925550646456,33.289470314021244,34.77105712890625,25388083
2018-12-31,34.81733921043986,35.280336242371234,34.030246835917275,35.0488395690918,22610937
2019-01-02,34.5395526835772,37.873127806099134,34.30805594675214,37.27123260498047,26991297
2019-01-03,37.13233419805291,37.96572981318187,36.021142501463274,37.31753158569336,25654795
2019-01-04,37.919428435506426,38.24352756339269,36.94713473722125,38.10462951660156,25056937
2019-01-07,39.58622053253822,40.69741229990346,38.382426380081114,40.465911865234375,37493322
2019-01-08,41.252995111930694,41.85489015475255,39.44730629809258,39.63250732421875,30669237
2019-01-09,39.447315947666915,40.558507634752736,37.873127110066434,39.35471725463867,24268716
2019-01-10,39.35471332422817,41.43819845077686,39.30841398233803,41.39189910888672,23441412
2019-01-11,41.06780003028265,41.43819845077686,40.373306216557445,41.39189910888672,16832625
2019-01-14,40.790009185162965,41.66970047872788,40.55850876079169,41.20670700073242,17043123
2019-01-15,41.25300466699258,41.3456033588172,40.28071103208729,40.41960906982422,19626381
2019-01-16,40.3269943733913,41.6696822427214,40.095494050332086,41.577083587646484,17583057
2019-01-17,41.20670238837552,42.54939069501939,40.51220487837188,42.317893981933594,22074822
2019-01-18,42.73458699702158,42.82718936531375,41.80859648245724,41.94749450683594,19350175
2019-01-22,41.577090738166405,41.62339007366652,39.63250759104373,40.09550094604492,22571396
2019-01-23,40.23441168617498,40.92890556023302,39.86401323350311,40.41960906982422,15104193
2019-01-24,39.956606381000434,41.530794979706755,39.864007702024686,40.651100158691406,18848780
2019-01-25,40.975208661798085,42.64199632353368,40.92890931164213,42.410499572753906,23434130
2019-01-28,41.577104511758805,41.66970321343498,40.51221207173519,41.34560775756836,19120938
2019-01-29,41.20670700073242,42.27159568549553,40.04921224962314,41.20670700073242,23885070
2019-01-30,41.57708337264733,42.966074247704206,41.11408641429504,42.1326789855957,18035624
2019-01-31,46.02187313924884,49.864744870943404,45.18847749364105,47.040462493896484,72747847
2019-02-01,47.225651143057185,48.29054325138337,46.11445969831444,47.179351806640625,33002372
2019-02-04,47.54975345661421,47.87385254433287,46.76266093697343,47.27195739746094,21543088
2019-02-05,47.45715517775152,49.30914366283599,47.086756743659976,49.2165412902832,21455283
2019-02-06,49.40175202272604,50.51294385719538,48.290560188256705,48.47575759887695,25140965
2019-02-07,48.24425647305291,48.336855169989676,46.160771050481266,46.57746887207031,22682446
2019-02-08,46.34595407498696,46.762651767380646,44.169870630164056,45.419960021972656,24736786
2019-02-11,45.697767331140625,46.99415627320752,45.512566278436026,46.438560485839844,14749801
2019-02-12,46.62377105862423,46.994165868917996,45.882974067289055,46.20707321166992,14005879
2019-02-13,46.20707068989876,48.24425677682944,46.068172643619015,48.01275634765625,20644401
2019-02-14,47.64236578855699,47.68866514142861,46.068176734799906,46.48487091064453,19486347
2019-02-15,46.855263856333885,47.59605709970684,46.57746777208409,46.716365814208984,16347527
2019-02-19,46.438557038336064,46.99415278445745,46.068162331170335,46.901554107666016,13264315
2019-02-20,46.716369258830305,46.901566661985655,46.34597076714582,46.76266860961914,10151119
2019-02-21,46.438560485839844,47.225656667745014,46.29966246034119,46.438560485839844,10335701
2019-02-22,46.531161756337056,47.13305687132764,46.25336202652518,47.086753845214844,10587786
2019-02-25,53.5687178974386,54.40210984741437,49.91104360518062,50.09624099731445,60560499
2019-02-26,51.95562631702385,52.48529177886199,50.70368307018318,51.329654693603516,20864323
2019-02-27,52.148234262541855,52.62975035659878,51.233355157982906,52.38899230957031,21835966
2019-02-28,52.10008395567694,52.244539528667424,49.74065644320083,50.029563903808594,18230265
2019-03-01,50.31846992926178,50.655530441690686,48.39240564638481,49.45174026489258,17856700
2019-03-04,49.69250743990075,50.655539758464066,49.2109912806191,49.98141860961914,13996993
2019-03-05,49.98141373610727,50.89629287538637,46.12928115208842,47.62198257446289,35870538
2019-03-06,44.588420150958406,46.41818184842313,43.577238673545274,43.866146087646484,41286543
2019-03-07,43.72170219254247,45.50331497192383,43.67355278671034,45.50331497192383,25577378
2019-03-08,44.97307717921013,46.66016869496634,44.732064105530675,46.17814254760742,17559457
2019-03-11,45.55151274788922,48.299065036603764,44.973082046314595,47.72063064575195,21277594
2019-03-12,47.86523536084398,48.8774917734476,46.56376546555139,47.04579162597656,19937161
2019-03-13,46.90119015992094,48.44367705886326,46.75658155198541,48.299068450927734,14880115
2019-03-14,49.648738861083984,50.61279125485166,49.16671266420015,49.648738861083984,26859385
2019-03-15,49.60053286010273,50.37177622119766,47.72062855091272,48.00984573364258,37959266
2019-03-18,48.15444973148814,49.69693630653808,48.05804524286668,49.16670608520508,18387845
2019-03-19,49.26312363054608,49.84155440485902,48.877501884578244,49.11851501464844,10970991
2019-03-20,48.82929672034075,49.79335290892156,48.781096308942125,49.26312255859375,9704794
2019-03-21,49.16671749869488,49.793352354115434,48.8292961762763,49.50413513183594,10135942
2019-03-22,49.26312363023008,49.35952814440201,47.817044849818195,48.106258392333984,16364625
2019-03-25,48.00985115524688,48.82929501314937,47.28681180604867,47.624229431152344,9977198
2019-03-26,47.9616455523122,48.92570167695714,47.8652410466309,48.684688568115234,9555279
2019-03-27,48.588280099102285,49.07030627746736,47.72062855091272,48.00984573364258,11064769
2019-03-28,48.00985724308487,48.25087039004569,47.2386136970991,47.67243957519531,9068655
2019-03-29,48.10624537421044,48.34725843905807,47.81703190995926,48.154449462890625,9734708
2019-04-01,48.299066856112724,48.82929348199852,48.202662350431424,48.684688568115234,10301888
2019-04-02,48.49187209628632,49.55233264414106,48.39546759810235,49.359519958496094,10382584
2019-04-03,49.455928302842935,49.552336497801555,48.202662350431424,48.684688568115234,11263640
2019-04-04,48.68469229520824,48.78109680826985,48.05805742639132,48.34727096557617,8232943
2019-04-05,48.540075486522056,48.877493069914244,48.10624971706612,48.250858306884766,8678979
2019-04-08,45.84072810322833,45.98533669513657,44.105432378883556,45.744319915771484,35313691
2019-04-09,45.06948295281277,45.358696435888625,43.96082204449642,44.442848205566406,16687089
2019-04-10,44.5874781575759,44.63567858321389,43.76803033966496,44.15365219116211,10808576
2019-04-11,43.9608268737793,44.63566209770003,43.86441867955294,43.9608268737793,10997856
2019-04-12,44.10543214980962,44.39464564284695,43.33418878982272,43.38239288330078,13735824
2019-04-15,43.430596455710095,43.62340915441078,42.37013952532684,43.285987854003906,16642146
2019-04-16,43.575209456277726,44.29824884852129,43.33419632552987,44.05723571777344,12085548
2019-04-17,44.15363588367742,44.25004038862648,43.67160966965481,43.9608268737793,9643619
2019-04-18,44.0090278884954,45.069488525390625,43.86441928443902,45.069488525390625,10334612
2019-04-22,44.58745199873123,45.06947810798492,44.25003077083245,44.924869537353516,13467232
2019-04-23,44.82847869615041,45.165896337460076,44.44285695353469,44.973087310791016,8126706
2019-04-24,44.876665450717546,45.06947810798492,44.39463934146386,44.924869537353516,5775345
2019-04-25,44.4428530878019,44.49105718491508,43.28598796058127,43.9608268737793,12515311
2019-04-26,43.96082593106975,46.22634835053798,43.912621834990276,46.12994384765625,14905235
2019-04-29,46.12994073250495,46.94938817485551,45.98533583258611,46.90118408203125,13243923
2019-04-30,49.311319539701856,50.75739807987191,48.009845902127175,49.02210235595703,35549901
2019-05-01,48.92570167695714,50.227171726847956,48.63648447063592,48.684688568115234,19938144
2019-05-02,48.92569630835333,50.130761720331336,48.58827873085487,49.40772247314453,15895597
2019-05-03,49.64874054233667,50.61279296875,49.359523338701756,50.61279296875,13806910
2019-05-06,49.35953083780273,50.56459655390277,49.21492221401516,50.27538299560547,8754137
2019-05-07,49.841556070693706,49.937960588088345,48.491881759335456,48.73289489746094,11415060
2019-05-08,48.588278051590834,49.40772178242467,48.588278051590834,48.97389602661133,9500004
2019-05-09,48.73288342693034,49.214909589724115,48.29906135612671,48.39546585083008,11937839
2019-05-10,48.29906568434118,49.07030908963526,47.09400016936745,48.82929229736328,12666230
2019-05-13,47.47962252975479,48.5400832314444,47.33501391686279,47.57603073120117,12065484
2019-05-14,47.91344725916692,49.88975631462223,47.768838649622815,49.745147705078125,14148995
2019-05-15,48.92569839744847,50.082559766633814,48.78108980398103,49.45592498779297,10777477
2019-05-16,49.26311809632016,49.60053570265736,48.491874691026084,48.82929229736328,10935800
2019-05-17,48.25085619388042,48.973895422033294,48.10624761039449,48.20265579223633,7436095
2019-05-20,47.76883803884748,48.491877388045694,47.142203198353535,47.624229431152344,10474656
2019-05-21,48.00984573364258,48.00984573364258,47.238602372547646,48.00984573364258,12121141
2019-05-22,47.96164374551448,48.781091236128816,47.62422614370238,47.72063064575195,10361698
2019-05-23,47.28682635937063,47.38323089774504,45.64793444989146,46.08176040649414,11404487
2019-05-24,46.37096525647675,46.66018250621006,45.50331719655468,45.55152130126953,9536881
2019-05-28,45.35869649147488,45.985334928766065,44.68386134086066,45.11768341064453,14488312
2019-05-29,44.876672552955554,45.26229423924277,44.105432869658195,45.165889739990234,8945986
2019-05-30,45.16590003515307,45.84073906229849,44.78027826096682,45.647926330566406,10138450
2019-05-31,45.021288705452875,45.647923589720655,44.82847967457557,45.50331497192383,9297080
2019-06-03,44.82848025340321,45.985345521437615,44.58746711705576,45.93714141845703,9484896
2019-06-04,46.32275158547277,48.20265579223633,46.226343403630935,48.20265579223633,12320032
2019-06-05,48.54008764210983,48.63649216303858,47.33501821802785,47.67243957519531,8258886
2019-06-06,47.67242708689851,48.20265734702404,47.09399642357416,47.81703567504883,7730128
2019-06-07,47.720636646368625,48.44367972585221,47.33501490040326,48.106258392333984,8243075
2019-06-10,48.443660736083984,49.88973894963759,48.20264770049172,48.443660736083984,10486695
2019-06-11,48.684685283537604,49.16671146870087,48.00984641074279,48.781089782714844,7816341
2019-06-12,48.58828144828744,50.08256042914566,48.29906425752669,49.55233383178711,11029015
2019-06-13,49.93795461042815,50.709198035821615,49.407727983587804,49.69694519042969,12462684
2019-06-14,49.55233435697425,49.841547861523146,49.070308160115594,49.31132125854492,6892891
2019-06-17,49.16669984286079,49.35950879562412,48.29905217687339,48.443660736083984,9239377
2019-06-18,48.73287896394645,50.27536549504628,48.636474478071854,50.2271614074707,14759552
2019-06-19,50.46817213878003,51.14301088732612,49.79333707951033,49.84153747558594,12161930
2019-06-20,50.46818227431699,51.576843256578194,50.46818227431699,51.23942565917969,13234293
2019-06-21,51.43224791089569,51.62506065142296,50.37179075046899,50.51639938354492,13156947
2019-06-24,50.41998171479224,50.757399311161706,49.50412973690128,49.55233383178711,7343060
2019-06-25,49.455931582743375,49.55233978409575,48.68469179686731,49.26312255859375,7121838
2019-06-26,49.263122009695536,50.082565887117404,49.16671749869488,49.50413513183594,6847327
2019-06-27,49.359528145022466,50.32358066530917,49.359528145022466,50.13077163696289,6677849
2019-06-28,50.130754683548325,50.661495208740234,50.03425741337542,50.661495208740234,8832104
2019-07-01,51.24049538651358,51.722989244162605,50.80625571530615,51.28874588012695,8010518
2019-07-02,51.288751903088134,51.72299531811804,50.9992562930682,51.240501403808594,6043516
2019-07-03,51.4334982165373,51.4334982165373,50.85451070611661,51.19225311279297,4449238
2019-07-05,50.854493441913334,50.90274023058614,50.03425741337542,50.661495208740234,6072809
2019-07-08,50.27551260648424,50.323763097745925,48.9245394722657,49.21403503417969,9659269
2019-07-09,48.828038612852275,49.648271054539,48.44204578946212,49.45527648925781,7113732
2019-07-10,49.64827468422263,50.323763097745925,49.11753774448437,49.21403503417969,7845233
2019-07-11,49.31053343011757,49.74477678273046,48.731545986128516,48.77979278564453,6755455
2019-07-12,49.11753763621037,50.1307647150197,48.92453936441714,50.03426742553711,7864053
2019-07-15,49.45527959728135,49.88951924286776,49.21403452910489,49.55177688598633,8445819
2019-07-16,49.358791816699984,50.17902446793806,49.26229081657773,50.08252716064453,7931808
2019-07-17,50.03427128066944,50.03427128066944,48.152557373046875,48.152557373046875,10770776
2019-07-18,48.29729484929236,49.165777721713965,48.05604981211012,48.53853988647461,9059787
2019-07-19,48.63505304233802,49.16579004143187,48.39380425187732,48.442054748535156,6952842
2019-07-22,48.49029753649701,49.35878048847256,48.49029753649701,49.26227951049805,8692963
2019-07-23,49.60002593346774,51.52998642272048,49.55177544410526,51.38523864746094,14906960
2019-07-24,51.04750098332719,51.62648844465173,50.85450639382843,51.529991149902344,9008083
2019-07-25,51.28874511629576,51.48173970221856,49.986018736418224,50.32376480102539,9253562
2019-07-26,50.51674907509837,50.90274186098047,50.17900677226181,50.709747314453125,5420359
2019-07-29,50.66151469723443,51.047507619237265,50.08252716064453,50.08252716064453,7497670
2019-07-30,50.13076530658268,51.04749879955527,49.60002836175147,50.75800323486328,9091748
2019-07-31,51.91597447204608,52.06072223395865,48.490293442367985,50.42025375366211,34604621
2019-08-01,50.034275703042304,50.61326322855171,48.15256162910093,48.63505554199219,17640313
2019-08-02,48.29730457122709,48.63505064553036,47.3805710297055,48.24905776977539,12900213
2019-08-05,47.235815538469744,47.3323128109247,46.36733270072042,46.608577728271484,14093359
2019-08-06,46.849831528455525,47.042826109503665,45.74010345535849,46.17434310913086,13321830
2019-08-07,45.54710329920031,45.6918510754186,44.5338762513281,45.64360427856445,15406967
2019-08-08,45.88485013263971,45.9813474208401,44.968116662666006,45.78834915161133,9912773
2019-08-09,45.69185601351982,45.74010650841652,44.00314039173198,44.14788818359375,15393002
2019-08-12,43.61714714954617,43.858392236373575,43.182903777559865,43.66539764404297,13156727
2019-08-13,44.533885544525944,46.27084814312584,44.43738454502426,45.11287307739258,14852407
2019-08-14,44.58213590971691,44.87163154567032,43.231162429982675,43.568904876708984,17895704
2019-08-15,41.204694017393365,41.63893740443892,36.910529107250014,38.64749526977539,80465058
2019-08-16,40.577459506938624,42.45917362632185,40.384464891384376,42.410926818847656,49935166
2019-08-19,42.845166853470545,42.893417354114945,41.54244395718828,41.83193588256836,22398591
2019-08-20,41.39768123343716,41.4941785071314,40.19145608019052,40.432701110839844,20525588
2019-08-21,40.336211257346335,40.91519869884907,39.274729972958525,39.3712272644043,17105978
2019-08-22,39.46772545890748,40.09496340689893,39.12998308470538,39.51597595214844,13672704
2019-08-23,39.03348187295129,39.08172866852114,37.44126376258986,38.45449447631836,25801529
2019-08-26,38.88873905024573,39.081733642744624,38.213250590843,38.840492248535156,11634356
2019-08-27,39.03348707248557,39.1299843693072,38.16500401543423,38.26150131225586,13255982
2019-08-28,38.21323720390834,38.550983161704046,37.44125541152661,38.30973815917969,11576392
2019-08-29,38.79224719337856,39.564233057277264,38.59924888098948,39.12998962402344,11785596
2019-08-30,39.27473264927629,39.85372013023325,39.12998485582995,39.80547332763672,9494847
2019-09-03,39.08173169402548,40.48095534477249,38.98523440258764,40.191463470458984,13572847
2019-09-04,40.57745727909542,42.796913700257086,40.529210474270144,42.459171295166016,18790362
2019-09-05,43.37590264906594,44.53388129718779,42.4591690910326,42.50741958618164,17433537
2019-09-06,42.55566199167074,42.55566199167074,41.34943307769911,42.02492141723633,8596517
2019-09-09,42.2179059009193,43.66537951370532,42.1214086448207,43.231136322021484,10023906
2019-09-10,42.98991540865412,44.726881762394264,42.94166490717235,44.09964370727539,12563304
2019-09-11,44.147886617579175,45.16111373901367,43.71364325739737,45.16111373901367,11455328
2019-09-12,45.354103889441824,45.933091239742275,44.48562101757739,44.67861557006836,13666384
2019-09-13,44.96843799077382,45.644656798951495,44.147318585034746,45.11334228515625,9146903
2019-09-16,44.920123725661306,45.4997370089743,44.29220779506399,45.30653381347656,9178805
2019-09-17,44.92013698522224,45.35484615181983,44.678631071152275,45.20994186401367,7614962
2019-09-18,44.96842267612585,45.354832763941104,44.34050674552853,45.30653381347656,8079777
2019-09-19,45.16163313336583,45.88615071890324,45.113330482268644,45.49974060058594,6808664
2019-09-20,45.69295641494275,46.07936660858181,45.113339276073766,45.258243560791016,11542705
2019-09-23,44.533728804447556,45.35484821018663,44.43712717379962,45.11334228515625,6723554
2019-09-24,44.96843340727316,45.16164034569707,43.27789210437245,43.326194763183594,10702559
2019-09-25,43.27788449662491,44.437114832927186,43.18128289280472,44.2439079284668,8799802
2019-09-26,44.34051219140337,44.48541645423362,43.277887092015284,43.56769561767578,7469661
2019-09-27,43.66429901123047,44.29221504460208,43.42279312891988,43.66429901123047,6121624
2019-09-30,43.85750857702286,43.95411020454474,43.18129348754883,43.18129348754883,7040620
2019-10-01,43.277886195371565,43.66429632263972,41.10433338841086,41.587345123291016,13799506
2019-10-02,41.345841666432676,41.63564650616513,40.6213203250506,41.10433578491211,9534413
2019-10-03,41.056039565645804,42.07036590576172,39.848509968755884,42.07036590576172,11762643
2019-10-04,41.58734908131128,42.022058205348216,41.24923787725976,41.394142150878906,10487838
2019-10-07,41.29754161072633,41.78055340416891,40.959434094680645,41.34584426879883,6454560
2019-10-08,40.95943173434185,41.056033348099454,39.945105547836,39.993408203125,9129448
2019-10-09,40.138305542398186,40.428114057148676,39.800198073069346,40.331512451171875,6589067
2019-10-10,40.283203677500545,41.15262539279652,40.13829944214796,40.814517974853516,6128666
2019-10-11,41.49073976969321,43.08467909025316,41.442437121838125,42.505062103271484,11202546
2019-10-14,42.69827706969899,42.74657602986484,41.73224980771507,42.11865997314453,6832219
2019-10-15,42.21525979465911,43.08468162955328,41.587343819634434,42.93977737426758,7791583
2019-10-16,42.79488344465524,43.80920977957471,42.698281816763135,42.98808670043945,11605123
2019-10-17,43.084685633049126,43.90580489354106,42.891478709108426,43.66429901123047,6552993
2019-10-18,43.5193951362045,43.95410424956827,43.22958659608171,43.277889251708984,7827417
2019-10-21,43.42278372656299,44.05069962397167,42.31185616911989,42.45676040649414,12155530
2019-10-22,42.36016601231591,43.760902404785156,41.587349375579585,43.760902404785156,11459381
2019-10-23,43.37449933371725,44.195622458758095,43.13299340207492,44.14731979370117,9547274
2019-10-24,44.050710537885585,44.19561481116102,42.891480048502636,43.22958755493164,6848069
2019-10-25,43.08468966628207,43.905809003640414,43.08468966628207,43.471099853515625,8458780
2019-10-28,43.56769442105472,44.05070615267575,43.42279016220438,43.809200286865234,6371196
2019-10-29,43.51939176916456,44.147307759635936,43.1329816445037,43.809200286865234,9180931
2019-10-30,47.23859869108202,50.08837094805699,46.90049112074836,48.83253860473633,43326155
2019-10-31,48.542716248136074,49.315532745795274,47.62499180508969,48.20460510253906,17381933
2019-11-01,48.687626265808255,50.18496048690658,48.591020957436484,50.136661529541016,16462897
2019-11-04,50.32986299373175,52.88982963971243,50.32986299373175,52.7932243347168,19618249
2019-11-05,52.744925253552026,52.98643112182617,51.77890178045543,52.98643112182617,14321783
2019-11-06,52.793230586908216,53.61435359569389,52.11701555277714,53.227943420410156,15650118
2019-11-07,53.61434555133,54.67697060130721,53.566042900359186,54.532066345214844,14261713
2019-11-08,54.24226141368897,55.787898182784,53.80754864634284,55.64299392700195,12535897
2019-11-11,55.063390057447116,55.54640186179448,54.29056969176307,54.82188415527344,9144135
2019-11-12,54.676980408949866,55.93281259125421,54.532076126865405,55.15999221801758,9819738
2019-11-13,54.532066345214844,54.87017750837038,54.00075566863627,54.532066345214844,10830626
2019-11-14,54.00075566863627,54.82187485739957,54.00075566863627,54.532066345214844,6177722
2019-11-15,54.773572089129736,55.787898182784,54.725273135082425,55.64299392700195,7671582
2019-11-18,55.11169121697023,55.54640035032573,54.72528104464278,55.256591796875,10226930
2019-11-19,55.208286870200645,55.7879002176502,54.387167653245434,55.54639434814453,9396375
2019-11-20,55.25660069155749,55.498110322856085,54.38718228489576,55.01509475708008,9367744
2019-11-21,54.72528719165158,56.1260200647525,54.628681865103104,55.69131088256836,8364300
2019-11-22,55.49810178801631,56.609029655131316,55.49810178801631,55.787906646728516,7720858
2019-11-25,56.3192180767267,57.188639999839296,55.884508963580615,55.93280792236328,11378143
2019-11-26,56.126015287647164,56.36752118982085,54.62867721544208,54.82188415527344,12879647
2019-11-27,55.015078067642676,55.40148818494895,54.38716578594255,54.532066345214844,9128706
2019-11-29,54.483777055290595,54.87018724113756,54.19396849170019,54.43547439575195,4562336
2019-12-02,54.62866952097641,55.642995645965975,53.80755030860494,53.904151916503906,13785963
2019-12-03,53.131333351220135,53.66264402302191,52.2136088687661,53.083030700683594,12850515
2019-12-04,53.952465600642526,54.000768262878644,52.50343009541005,52.64833068847656,8777551
2019-12-05,52.60001993606925,52.93812740549375,51.97210395181228,52.117008209228516,9484775
2019-12-06,52.648318408875674,53.662644504687144,52.406812547665325,53.61434555053711,10151591
2019-12-09,53.03472805014705,53.75924562727496,52.98642909643055,53.083030700683594,5356135
2019-12-10,53.08303248673494,53.27623570174162,52.74492501206317,53.17963409423828,4971956
2019-12-11,52.98643112182617,53.56604446632009,52.88982951388055,52.98643112182617,7365872
2019-12-12,54.82188266351949,55.884511561625125,54.290568214466674,55.256591796875,20039606
2019-12-13,55.546398969238574,56.02941074843329,54.72527968397166,54.77357864379883,10560930
2019-12-16,54.48377954933663,54.87018975287189,53.759258107194974,53.95246505737305,11137921
2019-12-17,53.85585141174746,54.242261529048015,53.51774024859692,53.61434555053711,8376439
2019-12-18,53.22794178651805,53.807555183241455,52.74493000644513,52.938133239746094,15133639
2019-12-19,53.03473824865587,53.855861284757715,53.03473824865587,53.324546813964844,9090163
2019-12-20,53.56626784766893,53.85633914581943,52.696057653389616,53.32454299926758,14775102
2019-12-23,53.17950855932326,54.001372265355585,53.17950855932326,53.953025817871094,8834673
2019-12-24,53.6629611721084,54.14641087273941,53.614614721976416,54.09806442260742,4167022
2019-12-26,54.04972563246342,54.29145050048828,53.807997064266075,54.29145050048828,6092672
2019-12-27,54.001370503555705,54.19474888684067,53.807988420098845,54.04971694946289,6013441
2019-12-30,53.517914736589226,53.95301789940329,53.32453267520517,53.56625747680664,9659851
2019-12-31,53.17950855932326,53.953025817871094,52.98612646955729,53.953025817871094,11367670
2020-01-02,54.29145002200827,57.820633804102435,54.29145002200827,57.67559814453125,17540015
2020-01-03,55.93517041386783,58.01400459488904,55.74178833878927,57.86896896362305,17231837
2020-01-06,57.24049625884311,59.02925956995451,57.24049625884311,58.69084548950195,22461009
2020-01-07,58.73917546854895,59.174278635638274,57.62724063022218,58.2557258605957,14160793
2020-01-08,57.965662826497805,58.25573411242648,57.38552395481247,57.72393798828125,11115771
2020-01-09,58.35242030611796,58.44910949639663,57.1921389222584,57.57889938354492,7900488
2020-01-10,57.24048460539122,57.57889861694688,56.031860492569706,56.418617248535156,11767739
2020-01-13,56.75703356738008,58.73917854383196,56.46696230735288,58.59414291381836,13274420
2020-01-14,58.78753551773267,58.932571182855,57.9656716822696,58.159053802490234,9034667
2020-01-15,58.110691548644795,58.110691548644795,57.19213505271612,57.38551712036133,9239517
2020-01-16,57.72394349698367,57.917321905942565,57.143804569934616,57.24049377441406,7358067
2020-01-17,57.2888297410348,57.67559021331541,56.85372652232658,57.09545135498047,9345794
2020-01-21,56.75704940343455,57.04712074439593,56.128563964800044,56.37028884887695,8775485
2020-01-22,56.61200432140379,56.61200432140379,54.87158396531982,54.9682731628418,12428998
2020-01-23,56.7086983098104,57.28883724412586,56.080212922563476,56.902076721191406,14679157
2020-01-24,57.43386317108917,57.482209615828765,56.17689260957784,56.61199951171875,11912960
2020-01-27,55.355025213448606,56.031856893254115,55.01661122363162,55.306678771972656,9602991
2020-01-28,55.693444870381185,57.14379756035396,55.45172003874771,56.70869064331055,12625782
2020-01-29,60.76968543856485,62.84852395775649,60.382928570054915,62.55845260620117,44278356
2020-01-30,62.31671865678545,62.80016837233581,60.43126254603564,61.54319763183594,19154638
2020-01-31,61.30146823714875,61.59153952507977,59.6577371058264,60.18953323364258,15646447
2020-02-03,60.23787244901285,61.30146087676961,59.22262676332544,59.270973205566406,10105766
2020-02-04,60.38290905103757,61.01139060929346,59.89945572133265,60.81801223754883,8905297
2020-02-05,61.68822708333155,62.17168045043945,60.76967049605007,62.17168045043945,10046658
2020-02-06,62.55844218465772,62.848513487890365,62.02664602878861,62.606788635253906,12763278
2020-02-07,62.94519474370542,63.283612474711326,61.92995265120372,62.026641845703125,13369743
2020-02-10,62.07498863917735,62.70347025701395,61.73657460645641,62.41340637207031,6720424
2020-02-11,62.60677110309267,62.75180301392256,61.78490387414348,62.123321533203125,8202487
2020-02-12,62.606790095404456,64.1054856967728,62.26837233368285,63.62203598022461,13184414
2020-02-13,63.23528082626642,63.62204509512208,62.36507417194621,62.55845260620117,10234936
2020-02-14,62.70346990737092,63.18692698038392,61.63988506770552,62.026641845703125,7416954
2020-02-18,61.446510465391846,62.6067920412734,61.25313205283115,61.639892578125,8820688
2020-02-19,61.398169417729,62.558451095763054,60.86637688628124,60.96306610107422,11010597
2020-02-20,61.1564251207231,61.30146074696729,59.99614751111284,60.57628631591797,7937566
2020-02-21,60.18953658997121,60.237883040712994,59.07760152446059,59.22263717651367,8611565
2020-02-24,56.51531357001324,58.304076625590724,56.0802066428693,57.33717727661133,14240786
2020-02-25,57.86896981634237,58.01400544974551,54.04971540419474,54.72654342651367,16269102
2020-02-26,54.96827012399474,55.79013380775405,52.21260409584308,52.937782287597656,18682881
2020-02-27,51.34239222874719,52.937780496455616,49.8437005502875,50.2304573059082,18910102
2020-02-28,48.10327888911556,54.09806068279482,47.66817566869533,52.599365234375,30359552
2020-03-02,54.19474792480469,54.823233209582135,52.019224500694015,54.19474792480469,25039892
2020-03-03,54.38813196318961,55.01661727059701,51.5841194531652,52.599365234375,21919391
2020-03-04,53.46957469465514,53.75964597135697,51.72915443478797,52.937782287597656,16665500
2020-03-05,51.24570316563477,51.87418844531883,48.10327676721446,48.73176574707031,21686251
2020-03-06,47.134804557194975,47.23158978212665,44.4247923321795,45.48944091796875,29787216
2020-03-09,40.31137421752309,41.9083428150638,39.24672601659887,39.730655670166016,24558063
2020-03-10,42.48906592687343,42.827816009521484,39.48869852781435,42.827816009521484,19850767
2020-03-11,41.71476873132956,41.9083428150638,39.48869084338244,39.730655670166016,20746329
2020-03-12,34.98814392089844,37.64976097042409,33.05242512404049,34.98814392089844,31583435
2020-03-13,37.746552868679785,38.90798657523104,34.79457969802278,37.98851776123047,22099041
2020-03-16,33.82672064283175,34.601006088474456,32.18135712612847,32.22975158691406,23255932
2020-03-17,33.4395729772301,35.47208088081111,30.48759818256029,34.26225280761719,24121739
2020-03-18,31.503851174884023,32.90724970539118,28.551880000435684,31.939390182495117,27873844
2020-03-19,30.97152483614795,33.4395696365134,29.761700587665562,31.358671188354492,19861762
2020-03-20,33.923512384582004,34.11708285725766,31.213503544038435,31.55225372314453,25306037
2020-03-23,31.213497840333417,32.0845722158955,29.180989729406324,29.568134307861328,21193467
2020-03-24,32.22975694965906,34.16547644162237,31.310287968668113,33.92351150512695,23974833
2020-03-25,36.05279317534101,38.71440659138327,33.68153536419572,36.58511734008789,27665082
2020-03-26,36.92387706600287,40.166209948515146,36.34316200030638,39.295135498046875,24714600
2020-03-27,37.16584386601717,38.08530912457584,36.48833983521589,36.875484466552734,18719196
2020-03-30,36.488336503548254,38.42405948348596,35.56887132894387,38.18209457397461,17425331
2020-03-31,38.08529941121098,39.58548308608814,37.843338245163935,38.42405319213867,24307107
2020-04-01,36.39155538791493,36.5367350907771,33.875117081896775,34.06869125366211,19974760
2020-04-02,33.97188514156768,35.76242383286182,32.762057497139445,33.39116668701172,19561750
2020-04-03,34.02027390454143,34.117059073407916,31.842590937743932,32.568485260009766,19622924
2020-04-06,34.213858624462844,35.32689767342536,33.58474927471482,34.98814392089844,19672140
2020-04-07,37.214228420541986,37.504587771557674,33.87511069924802,34.02029037475586,19278732
2020-04-08,34.7461893378514,35.71404902225676,34.165474267977594,35.326908111572266,18589124
2020-04-09,36.0527999917843,36.48833533339873,34.31065121763302,34.552616119384766,25701070
2020-04-13,34.5042176245712,34.5042176245712,32.71367830165958,33.97189712524414,18874790
2020-04-14,34.35904140635651,35.036541565463345,33.100822592190895,33.53635787963867,21481602
2020-04-15,32.56850073242671,32.56850073242671,30.72956498303308,31.455461502075195,27732155
2020-04-16,31.35867445116335,31.649030078702474,30.003668559185176,30.197240829467773,33241115
2020-04-17,31.310283051483214,33.584756060418854,30.68117357462541,33.100826263427734,33287181
2020-04-20,31.98778633517586,32.665286555564506,31.261887950692813,31.50385284423828,20001786
2020-04-21,30.92313223659325,31.842600887747448,30.487595136754994,31.358671188354492,15539929
2020-04-22,31.890996067162757,32.13296465433076,30.971529140156346,31.116710662841797,15398901
2020-04-23,31.261894310283648,32.616898730555434,31.116718307700605,31.55225372314453,16611930
2020-04-24,31.890994303517857,31.93938875904443,30.245632817539143,30.294025421142578,31222349
2020-04-27,30.874743927597034,31.310281087960416,30.632779044275516,31.116710662841797,21475783
2020-04-28,31.79421026719894,33.48796441915711,31.79421026719894,32.907249450683594,28223273
2020-04-29,32.32653729802415,33.39118211693625,31.55224813671713,31.842607498168945,45188986
2020-04-30,31.74581951373656,33.004034661454774,31.019923025259853,32.907249450683594,35254082
2020-05-01,32.27814138404055,32.61689148792669,31.01992433141924,31.455461502075195,24151935
2020-05-04,30.487594354904314,30.53598695321799,29.761699824430355,30.05205726623535,27457604
2020-05-05,30.390816226514794,31.261888754522158,29.81009935591985,30.003671646118164,23474184
2020-05-06,30.00366269465966,30.245627522237587,28.890623747032063,28.939016342163086,23525367
2020-05-07,29.32616940930779,30.294029003521942,29.32616940930779,29.568134307861328,20196745
2020-05-08,30.052062519002508,30.6327793560383,29.81009763321841,30.439207077026367,18787072
2020-05-11,30.19724136844902,30.245633973902617,29.664919004613008,29.955276489257812,14414337
2020-05-12,30.100455105621467,30.390812580119153,29.035808563232422,29.035808563232422,19191335
2020-05-13,29.0358120122222,29.13259723124358,26.519374094585878,28.01955795288086,47299141
2020-05-14,27.19687603678038,28.551882059233126,26.51937395151569,27.584020614624023,28130338
2020-05-15,27.148479150148482,27.39044401019711,26.519369773252816,26.56776237487793,25779038
2020-05-18,27.777590304659874,31.407065289579187,27.777590304659874,30.34242057800293,51073738
2020-05-19,30.439201756590634,30.82634624694592,29.471340530702424,30.05205726623535,21766084
2020-05-20,30.63277835541233,31.31028038386171,30.439206082723476,31.068315505981445,18315596
2020-05-21,31.068311887180332,31.697421237160366,30.632774787342075,31.358671188354492,19827132
2020-05-22,31.358681902330797,31.358681902330797,30.342427704854796,31.019929885864258,13961540
2020-05-26,32.85885869722121,33.584753333774714,32.85885869722121,32.907249450683594,25984590
2020-05-27,35.08492922497957,35.956003334984366,34.31064030412073,35.278499603271484,29644242
2020-05-28,36.246365577979866,36.246365577979866,32.61688883387176,32.810462951660156,27831269
2020-05-29,31.74583110691767,32.52011677969301,31.165112222526453,31.794221878051758,25942336
2020-06-01,31.842613355975843,33.004043607747796,31.407074233675793,32.713687896728516,15083601
2020-06-02,33.39117470571533,34.74617858533412,33.19760431027518,34.117069244384766,22787385
2020-06-03,34.939767238547866,35.907627026596,34.746193058629764,35.61726760864258,24642090
2020-06-04,35.375293387893095,37.50458658570698,34.69779319540706,37.45619583129883,25118482
2020-06-05,40.89210025314588,41.4244244993044,37.89173261675659,38.133697509765625,33669153
2020-06-08,39.77906443236637,41.47281882938335,39.246740140336534,40.940494537353516,31792699
2020-06-09,39.63387124500757,39.730656436819466,38.23047300027512,38.81119155883789,23603936
2020-06-10,38.56924008855372,38.61763084930037,36.39155214723935,36.827091217041016,23465356
2020-06-11,34.16547247335962,35.56887116433898,33.100827617205994,33.633148193359375,24979842
2020-06-12,35.52048108604289,35.95602019722217,34.262261925543626,35.08494567871094,20261430
2020-06-15,33.63314985422043,35.56887292078927,33.14922001353998,35.03654861450195,20497800
2020-06-16,37.407788922465976,37.45618336461331,35.2784964333527,36.14957046508789,19694772
2020-06-17,36.29476768180994,36.43994737478348,34.8429781597686,35.03654861450195,15090141
2020-06-18,34.50421559083138,35.42368427813154,33.971895122880234,35.23011016845703,15729550
2020-06-19,35.907611019269964,36.05279066352675,34.31064234013692,34.60099792480469,17792356
2020-06-22,34.69780083016664,34.7461915952225,33.68154661397875,34.06869125366211,15707761
2020-06-23,34.310649651805306,34.50422008283407,33.72993465487244,33.8751106262207,16168082
2020-06-24,33.39117867752463,33.39117867752463,31.552244886722306,31.60063934326172,29025298
2020-06-25,31.455459972291568,32.42331948137978,31.068315427887008,32.326534271240234,14836396
2020-06-26,32.08420125900785,32.22959856902251,31.26028811479003,31.405685424804688,17938840
2020-06-29,31.84188441843103,32.95659255981445,31.502626386549167,32.95659255981445,15103383
2020-06-30,32.52039652635611,33.2958464530798,32.27806888792987,33.10198211669922,13947676
2020-07-01,33.58663782124677,33.974362789545935,32.52039694047358,32.66579055786133,24202957
2020-07-02,33.24738840598539,34.11976888141591,33.00506070222137,33.053524017333984,14877567
2020-07-06,33.828965376440344,34.31362065822781,33.39277710659137,33.92589569091797,15133900
2020-07-07,33.39277846389113,33.39277846389113,32.71425881616962,32.762725830078125,12526487
2020-07-08,33.053507382498644,33.295838673704935,32.56885221888297,33.247371673583984,12928884
2020-07-09,33.10197887866242,33.10197887866242,31.89034080505371,31.89034080505371,14997186
2020-07-10,31.696490199497106,32.56887073176585,31.64802688122696,32.4234733581543,12725057
2020-07-13,32.76272227592843,33.053513199635496,32.1811367191152,32.471927642822266,13742084
2020-07-14,32.278062475722265,33.39277013292026,31.841870587567275,33.344303131103516,13946091
2020-07-15,34.362092036565585,34.9436777067329,34.07129734678201,34.60441970825195,18022606
2020-07-16,34.21668752796954,34.798273076374436,33.87742960051661,34.16822052001953,10502384
2020-07-17,34.216684973207805,34.65287317459406,33.828960066754036,34.26515197753906,12029771
2020-07-20,33.974360906607366,34.21668853468906,33.24737802236228,33.29584503173828,9844356
2020-07-21,33.63511086540964,34.65288491664766,33.44124649179285,34.11976623535156,14019625
2020-07-22,33.877432110884115,34.3620873887017,33.441240135208695,34.21669006347656,13143364
2020-07-23,34.21669656745994,34.5074912731851,33.78050821827222,34.11976623535156,13769391
2020-07-24,34.02282141912845,34.45900958262318,33.053507382498644,33.247371673583984,13131567
2020-07-27,33.15045368945628,33.19891699817021,32.423466964749046,32.52040100097656,14185812
2020-07-28,32.47193295474801,33.73203829181044,32.4234659381688,33.39278030395508,15255125
2020-07-29,33.87743130857104,33.92589460956546,31.599548589255615,31.938806533813477,29782982
2020-07-30,31.502616083261312,31.55107938087957,30.339441299438477,30.339441299438477,25586567
2020-07-31,30.2909823282809,30.48484483181084,29.079343999593593,29.418601989746094,28609840
2020-08-03,29.757858414700646,30.0001860525888,29.176270970949286,29.61246109008789,18011050
2020-08-04,29.56399200617214,30.04864721756689,29.56399200617214,29.757854461669922,14253587
2020-08-05,29.903257312813597,31.01796531677246,29.757861826231917,31.01796531677246,21286984
2020-08-06,30.678699493408203,31.114889551178933,30.436371889613287,30.678699493408203,14027650
2020-08-07,30.484844823239907,31.308758144635682,30.29098231976447,31.01796531677246,16665861
2020-08-10,31.163355660791932,32.47192394182709,30.9210262092565,32.3265266418457,18929062
2020-08-11,33.29583271834954,33.925881350839475,32.42344912859935,32.617313385009766,18687596
2020-08-12,33.295837909074166,33.344301198683716,31.890335741226643,32.568851470947266,14073295
2020-08-13,31.93881096749739,32.762728002168636,31.93881096749739,31.98727798461914,10719714
2020-08-14,31.696471757035006,32.568851781713,31.35721388893756,32.27806091308594,10111524
2020-08-17,32.326540021315644,32.42347035828836,31.26029889581537,31.357229232788086,11843460
2020-08-18,31.454152056361764,31.841877021037636,31.066428946385553,31.211824417114258,8564375
2020-08-19,31.357224012413077,31.841879325991066,30.775636523299614,30.92103385925293,10907008
2020-08-20,30.678705561374308,30.921033213099406,30.097118084414216,30.38791275024414,12793394
2020-08-21,30.29098094328552,30.921033587274948,30.194050623302427,30.58177375793457,12008403
2020-08-24,30.77563764676181,32.18114218778536,30.53330998112666,32.13267517089844,20622516
2020-08-25,32.22960117737692,32.47192881054671,31.405687966479473,31.938806533813477,13934033
2020-08-26,32.08420125900785,32.08420125900785,31.21182110831883,31.405685424804688,11497281
2020-08-27,31.59954603189161,32.13266826547905,31.26028811479003,31.405685424804688,14724301
2020-08-28,31.551080932866025,32.084203198683795,31.357220314059106,32.03573989868164,11870004
2020-08-31,31.551082265698472,32.423462505980446,30.339444073473324,30.727169036865234,28464920
2020-09-01,30.387913825878933,31.017964629846116,29.806326328332506,30.00018882751465,18695642
2020-09-02,30.0486513777863,31.26029142872349,29.90325405235793,31.211824417114258,16816680
2020-09-03,30.96949546538561,32.22960061982936,30.43637505257457,30.63023567199707,18884902
2020-09-04,31.16336570038145,31.793418397012793,30.339448638186685,31.114898681640625,17992270
2020-09-08,30.63023272936083,30.82409703955802,29.70938931147033,29.757854461669922,24206006
2020-09-09,30.04865030193504,30.04865030193504,29.17627008999855,29.854787826538086,21878280
2020-09-10,29.903253188848808,30.048650510078573,29.0793399810791,29.0793399810791,19526919
2020-09-11,29.273203367168502,29.321668524184087,28.740081075898072,28.837013244628906,14429505
2020-09-14,29.03087035338657,29.85478534157002,28.88547489996557,29.806320190429688,14847532
2020-09-15,29.903257164398713,30.145586683565185,29.176274170998862,29.56399917602539,17325133
2020-09-16,29.563998663198014,33.00505477739396,29.321671002934895,32.71426010131836,51360267
2020-09-17,33.00504942320975,34.798273076374436,32.326529858904834,34.16822052001953,52374245
2020-09-18,33.538163719573355,34.604408084353175,33.295839838685346,33.344303131103516,29148649
2020-09-21,32.132670171266945,32.22960048055934,30.19404729312284,30.775632858276367,32651524
2020-09-22,31.017958405708768,31.890340404324075,30.09711311039747,30.29097557067871,28269901
2020-09-23,30.436376171727407,31.114893928754164,29.56399593345019,29.61246109008789,17785373
2020-09-24,29.563993000961425,29.951717925003422,29.079337773258665,29.37013053894043,19154738
2020-09-25,29.418681181663423,29.95268284216468,29.224498252999673,29.661409378051758,16006529
2020-09-28,30.24395383270888,30.632317776652123,30.001225671082427,30.098316192626953,16711586
2020-09-29,30.146864413485922,30.243956802328977,29.41867985710694,29.70995330810547,14761158
2020-09-30,29.80704640378993,30.53523097743701,29.80704640378993,30.24395751953125,19417934
2020-10-01,30.438141017512976,30.535231552722298,29.661409304776804,30.292503356933594,15885525
2020-10-02,29.370133239242513,31.06923045922649,29.370133239242513,31.02068519592285,18072625
2020-10-05,31.020686389966396,31.311961696530417,30.68086581823014,31.117778778076172,11693825
2020-10-06,31.214870457966583,31.943054992324594,29.6614071455784,29.952680587768555,34121508
2020-10-07,30.195411161862573,31.06923150400819,30.14686403916118,30.632320404052734,16710242
2020-10-08,30.87504390029061,32.37995794093446,30.777951533231874,32.282867431640625,20699139
2020-10-09,34.321800376868886,34.321800376868886,32.525608519519075,33.20524978637695,34410686
2020-10-12,33.59361328966443,33.59361328966443,32.71979089275336,33.15670394897461,17863963
2020-10-13,32.96251838128923,33.10815233144146,32.33142430701618,32.62269592285156,15105450
2020-10-14,32.622701618229776,33.447980629337266,32.622701618229776,33.108158111572266,19652097
2020-10-15,32.525600915546946,33.39942307406051,32.08869169405537,33.35087966918945,17907361
2020-10-16,33.7877977487407,35.68108020779879,33.690707198014195,35.38980484008789,33937143
2020-10-19,35.875261309251805,36.26362722768921,35.09852947237699,35.38980484008789,26250714
2020-10-20,35.68107352173707,36.02089224336895,35.2927076760732,35.63252639770508,19746677
2020-10-21,35.341246154693394,35.97234010142222,35.29270275296359,35.535430908203125,14809210
2020-10-22,35.58398586265558,37.62290207262259,35.53543873470334,37.477264404296875,19214348
2020-10-23,38.49671306282657,38.98216933767502,36.70052558899332,37.04034423828125,26597033
2020-10-26,36.21507561774304,36.70053574242698,35.341253338161444,35.82670974731445,20917251
2020-10-27,35.92379914533071,35.92379914533071,34.418882994181104,34.467430114746094,19696497
2020-10-28,36.45779835503807,38.15689535911332,35.972338352629436,36.0208854675293,50860201
2020-10-29,37.18599359512279,37.57435948062756,35.48689238159803,35.778167724609375,24738095
2020-10-30,35.63251969492038,36.60343226867767,35.38979155148106,36.0208854675293,20539191
2020-11-02,36.40924951718026,36.79761527141093,35.583974611646205,36.50634002685547,21844975
2020-11-03,37.13744369235024,38.44817520694186,36.60344017522401,38.10835647583008,19636808
2020-11-04,37.33162476283389,38.93363531421258,36.5548967653685,38.10835647583008,25465824
2020-11-05,38.593817206315315,39.07927736816182,38.39963611400168,38.788002014160156,17215987
2020-11-06,38.933637820499285,39.516184784981505,38.642362480492665,39.27345657348633,16878656
2020-11-09,45.390204636153676,45.6814762088516,41.79782551530295,42.331825256347656,38779589
2020-11-10,42.81728905151808,44.17656394065915,42.47746661370212,43.594017028808594,33051594
2020-11-11,44.22510379285984,44.27365090900258,42.86582541169393,43.157100677490234,17543666
2020-11-12,42.5260124206543,43.06001219183975,42.08909946365102,42.5260124206543,15954303
2020-11-13,43.011465121251064,44.904747009277344,42.96291800276439,44.904747009277344,26078809
2020-11-16,46.65239093382752,46.798024857217,45.73002169768945,46.45820617675781,23830013
2020-11-17,45.875656368059204,47.283481832477754,45.29310956560636,46.99220657348633,18127238
2020-11-18,48.4000331066611,48.788398888715456,47.23493576049805,47.23493576049805,29867932
2020-11-19,46.70093395788329,47.38057502882264,46.16693424021331,46.895118713378906,17490999
2020-11-20,46.79803027893023,47.72039962192797,46.55530209111988,47.38058090209961,16078116
2020-11-23,47.86604562350372,49.85641859679647,47.86604562350372,48.88550567626953,21708341
2020-11-24,51.992420304471025,52.67205774567602,50.48750405040622,50.73023223876953,35369990
2020-11-25,51.118587607969324,51.264225234249196,50.196218451883425,50.97294998168945,22044528
2020-11-27,51.21567986301039,51.264226978598884,50.05058624418704,50.48749542236328,10865436
2020-11-30,50.43895845091892,50.43895845091892,48.35149522479969,49.41950225830078,25100464
2020-12-01,50.14767534930608,50.875859769471184,49.07966856063996,49.27385330200195,17408658
2020-12-02,48.93403591038797,50.875861080882075,48.594213533127466,50.63313293457031,15496290
2020-12-03,50.48749950438041,51.94386850342502,50.43895238486679,51.458412170410156,18348801
2020-12-04,51.79823573617088,53.06042380703117,51.021507759552065,52.81769561767578,27090138
2020-12-07,52.86623777120014,53.885697556853984,52.23514379510635,52.72060012817383,19542810
2020-12-08,52.52642491245244,53.54588488339596,52.3807909584871,53.2060661315918,18735107
2020-12-09,53.40024358464932,55.77898195116388,53.40024358464932,55.293521881103516,25307401
2020-12-10,53.788596117183005,55.7304249050323,53.691505606673,54.95369338989258,19195227
2020-12-11,54.759525888186964,55.39061993560451,53.497337793351875,54.17697525024414,17853791
2020-12-14,54.71098859481837,55.09935451805986,52.38079677090083,52.57497787475586,15913996
2020-12-15,53.15751432640084,54.12842701571656,51.70114157689683,53.934242248535156,17377921
2020-12-16,54.031333695864866,54.128427938876726,52.91478334100294,53.060420989990234,11800604
2020-12-17,53.10897093111452,53.35169912046991,52.429329771601026,52.81769561767578,12528955
2020-12-18,52.380366712911545,54.0324385658606,52.186007068539986,52.52613830566406,23023775
2020-12-21,50.874074665474474,52.817690017692414,50.339579978746,52.331787109375,17218374
2020-12-22,52.04025096645728,52.28320245371424,50.97126144736762,51.55434799194336,17858164
2020-12-23,51.89447417812874,53.352182956946336,51.60293093478585,52.769100189208984,12139419
2020-12-24,52.720504977524485,52.720504977524485,51.60292757604898,51.74869918823242,6029070
2020-12-28,51.99165856845658,52.380381687274514,51.40857574970405,51.70011901855469,10793588
2020-12-29,51.79729668610527,52.33179141682824,51.214213891920224,51.31139373779297,10640944
2020-12-30,51.408566748841174,52.720503791071216,51.262795139938255,52.04024124145508,10156427
2020-12-31,51.748696206617296,52.62332211037629,51.408564943752125,52.4775505065918,9570828
2021-01-04,52.914876088437104,52.96346415362308,50.5339493258622,50.874080657958984,16040798
2021-01-05,50.679714989726826,52.86627807715517,50.63112321131577,52.331787109375,16793346
2021-01-06,52.623337083200255,56.461973053301634,52.623337083200255,55.19862747192383,26400690
2021-01-07,56.17043538543467,56.21902717515142,54.61554274188877,54.761314392089844,15105891
2021-01-08,54.85848894251871,55.58734340402508,54.2268143320901,55.1014404296875,14590235
2021-01-11,53.983860645553655,56.02465602978606,53.740909168283004,55.63593292236328,13493535
2021-01-12,55.927473236040306,57.87108495180328,55.44157030709957,57.239410400390625,18346073
2021-01-13,57.23940319028769,57.43376656875027,55.976054246598835,56.21900939941406,10776915
2021-01-14,56.413386230219494,56.99646910519195,56.2676145817391,56.65633773803711,11879594
2021-01-15,56.364786018296066,56.364786018296066,54.66412571770816,55.05284881591797,14768762
2021-01-19,55.781704988691864,56.607739274081396,55.39298187822953,55.538753509521484,12740305
2021-01-20,55.87888561837305,55.87888561837305,54.90707968809499,55.344390869140625,11840751
2021-01-21,55.392977762667854,55.538749383129336,53.78949737548828,53.78949737548828,13162304
2021-01-22,53.30359737502557,54.323995055239536,52.96346233565518,53.98386001586914,10617570
2021-01-25,54.129634181595826,54.17822596634032,52.33179393028125,53.400779724121094,18462763
2021-01-26,58.45417395459205,59.42597985425074,54.42117500827014,54.85848617553711,42495519
2021-01-27,53.83808673455443,56.1704252802817,51.70011531272716,55.295799255371094,29983117
2021-01-28,55.441573027079976,55.73311256737837,53.78950075626121,53.886680603027344,18879766
2021-01-29,53.449366364319786,54.615531896455444,51.84588224947352,51.894474029541016,21921317
2021-02-01,52.76910655018241,53.44937296033471,51.70012072731322,52.1860237121582,13379614
2021-02-02,52.8662799034363,55.15002662657946,52.67192022097444,54.61553192138672,16946953
2021-02-03,54.61553660954595,54.90707987721303,53.78950230975421,54.42117691040039,10877474
2021-02-04,54.56694716616214,55.87888439963393,54.372583752976425,55.63593292236328,13396066
2021-02-05,55.92747337899328,56.12183306348698,55.00425558027701,55.39297866821289,10396669
2021-02-08,55.73310952635014,56.60773553741939,55.44157000195934,56.41337585449219,8517928
2021-02-09,56.1704181076457,56.36477776883013,55.441563799782074,56.07323455810547,10581235
2021-02-10,56.316196466929156,56.316196466929156,55.29579882596603,55.39297866821289,9140985
2021-02-11,55.344385702432746,55.73310878204425,54.372579862878204,55.68452072143555,10398836
2021-02-12,55.441575014784526,57.045055560234275,55.295803379934775,56.996463775634766,11725144
2021-02-16,57.43378508138645,58.21122768898597,57.23942164027469,58.16263961791992,12100796
2021-02-17,57.53095583545439,58.06545056521603,57.14223273371398,57.628135681152344,8615357
2021-02-18,57.530952892333325,57.62813273305983,55.92747250402654,56.510555267333984,9802022
2021-02-19,56.94786985261381,58.45417039288285,56.75350645315579,58.40557861328125,12248665
2021-02-22,58.64853168104282,61.70972090614622,58.45417199520547,60.7379150390625,19388781
2021-02-23,61.22380854400438,61.466759973360254,59.18301728120458,61.17522048950195,14454364
2021-02-24,62.19563018807129,64.86810031428226,61.466775713363454,63.750526428222656,21426186
2021-02-25,63.653334830529275,64.47937277287065,61.515359742922776,62.00126266479492,18526244
2021-02-26,61.61254800485949,62.389994273697525,60.300610680275604,60.93228530883789,17802448
2021-03-01,62.778713193677106,64.57655721130669,62.14704228904928,63.701934814453125,15657201
2021-03-02,63.896285583333274,64.3821884998204,63.02165587091843,63.070247650146484,15490231
2021-03-03,63.6047518311582,66.18004213532775,63.41039212315807,65.30541229248047,23589309
2021-03-04,67.44338090229414,68.65813818569254,64.04205307088193,65.93708038330078,33418377
2021-03-05,67.10410669783056,67.15273431302448,63.89478085899886,66.13158416748047,21061930
2021-03-08,69.09776989745718,69.72991392151994,67.15272510350606,68.90326690673828,28835014
2021-03-09,68.562890906779,70.11892994207464,67.24998994891905,68.07662963867188,22966413
2021-03-10,66.37472523715408,66.81235895595086,62.82501297717291,64.42967987060547,44186284
2021-03-11,61.706610937436785,62.53325814290761,58.10827500555662,59.664310455322266,61355743
2021-03-12,59.51843171191121,61.36622544898379,59.46980781353832,61.171722412109375,26996039
2021-03-15,61.94973646356269,64.96455931737628,61.901108847846565,64.91593170166016,22351422
2021-03-16,64.81868013967295,64.9159353766109,63.55440671977508,63.94341278076172,14938641
2021-03-17,64.18654118769412,66.18021392822266,63.846155313683525,66.18021392822266,15895858
2021-03-18,66.08296694349514,66.56922828513228,64.13792157694652,64.42967987060547,12792812
2021-03-19,64.1865429815146,64.91593492330821,63.116765156197644,64.28379821777344,13737991
2021-03-22,63.99204375172149,64.38104983308784,62.87363824187303,63.846160888671875,10591427
2021-03-23,63.019509780831804,64.08928003405177,61.025833502773416,61.56072235107422,13172818
2021-03-24,62.04699190078823,63.3112690508324,60.782711029052734,60.782711029052734,12454218
2021-03-25,60.29644728180273,62.87363281782671,59.46980384767572,62.48462677001953,14725103
2021-03-26,62.9708831910603,63.8461504527601,61.80385397264245,63.16538619995117,12143472
2021-03-29,62.8249881607835,63.45713212123967,62.14422404007559,62.97087097167969,10786807
2021-03-30,63.11675918412382,64.96455639452623,62.72775316266113,64.67279815673828,10618713
2021-03-31,65.06181419717043,65.30494485887014,63.846160888671875,63.846160888671875,12557044
2021-04-01,64.33241562783246,64.96455974958334,63.94340958627976,64.57554626464844,11874438
2021-04-05,65.49944853881664,65.98570981170296,65.01318726593031,65.45082092285156,10180082
2021-04-06,65.45082351052527,65.64532653869325,65.01318983630166,65.15906524658203,8035938
2021-04-07,65.15907837231214,65.7912226454262,64.47831391489883,65.1104507446289,8379669
2021-04-08,64.47827369774282,65.6452988173097,63.6516268728858,65.40216827392578,11018763
2021-04-09,65.64532290230542,67.24998954341233,65.25631686751822,66.13158416748047,12689464
2021-04-12,66.18022491521414,66.52061084573432,65.49946049755732,66.08296966552734,8442187
2021-04-13,65.69395491653017,65.83983032849802,64.47830167218939,65.35356903076172,10277370
2021-04-14,65.3049237475539,67.05546543456562,65.25630358563792,66.52058410644531,12968951
2021-04-15,66.76371759647006,66.86096536791679,65.35355419837387,65.88844299316406,10208753
2021-04-16,66.27748403549056,66.52061473052275,64.91594767727996,65.1104507446289,10036727
2021-04-19,64.77005662948714,65.49944853881664,64.04065727677545,65.45082092285156,9003729
2021-04-20,65.20769381351676,65.20769381351676,62.72775969897949,63.50577926635742,12330465
2021-04-21,62.87363138864035,65.06180710542635,62.09561558901997,64.91593170166016,9953202
2021-04-22,64.91594432905161,66.52061129952904,64.57555839620936,65.20770263671875,10555051
2021-04-23,65.64531239947587,66.18020119426606,64.96454822582514,65.88844299316406,9357311
2021-04-26,66.27746839792066,68.07663065063231,65.88845491162299,65.98571014404297,18815482
2021-04-27,65.64532256123033,65.83982557761334,62.776382600280215,65.59669494628906,30050351
2021-04-28,64.81867535962108,64.91593058938696,63.94340806525643,64.18653869628906,13261158
2021-04-29,64.08928560750904,64.62417450232589,63.603024329199584,64.23516845703125,11066635
2021-04-30,63.99203413939631,64.91592902639918,63.6030206730812,63.79753112792969,10011667
2021-05-03,64.38101850303751,65.79118160936764,64.0406327649483,65.40216827392578,12734908
2021-05-04,64.86730141268707,65.11043203786582,63.55440050275094,63.79753112792969,15557003
2021-05-05,63.99203781787652,64.62417450232589,63.65165194570699,64.23516845703125,11168297
2021-05-06,64.28379607353865,64.7214297353407,63.359893690044856,64.23516845703125,12595406
2021-05-07,63.992033897487644,64.86730116746963,63.55440026249665,64.67279815673828,10810442
2021-05-10,64.72142868217783,66.0343370896023,64.67280106646172,64.91593170166016,13154138
2021-05-11,64.13791842221174,64.62417973993128,62.92226512791287,63.65165710449219,13645738
2021-05-12,63.603022164753334,63.84615279563419,62.095614486306644,62.3387451171875,14215045
2021-05-13,62.24150218793135,63.40853167980775,61.85249607899764,63.068145751953125,13158312
2021-05-14,63.79753767031715,64.67280503336589,63.35989654541016,64.47830200195312,10167742
2021-05-17,64.33241884174835,64.86730775814192,63.79753736873738,63.94341278076172,15316179
2021-05-18,64.08929609213351,64.52693726891331,63.068145751953125,63.068145751953125,9816408
2021-05-19,62.72776208950163,63.70028472494072,62.19287315133355,63.65165710449219,11921066
2021-05-20,63.6516546787609,63.748909915951614,62.825007492787606,63.50577926635742,9324527
2021-05-21,63.74891124396894,64.57555100378019,63.45715296970148,64.3324203491211,10697965
2021-05-24,64.62417570900365,64.72143094383442,63.79753598647174,64.08928680419922,7827397
2021-05-25,64.18653715086295,64.62417078750832,63.70027590050544,63.79753112792969,9496071
2021-05-26,63.79753660602359,65.3049406568624,63.40852310630511,65.15906524658203,12092309
2021-05-27,66.13157495478663,70.02167197764528,66.08294734636694,69.77853393554688,37035234
2021-05-28,69.48679840972227,69.72992906175634,68.22251753046856,68.36839294433594,14560581
2021-06-01,69.19502845826587,69.72991729112644,68.56288440365559,68.80601501464844,10087388
2021-06-02,68.95189291820526,68.95189291820526,68.12524592257034,68.5142593383789,8012785
2021-06-03,68.02799815115387,69.87578768525665,67.78486755754135,68.5142593383789,12672972
2021-06-04,68.85465611843586,69.0491591566691,67.39587216661215,67.88213348388672,12855029
2021-06-07,68.07662593840294,68.4170117849293,67.39586168873198,67.63899230957031,7493597
2021-06-08,67.93074838453764,68.02800360713506,66.71509531897725,67.59036254882812,8852489
2021-06-09,66.95822063780149,67.15272362423578,66.47195945002528,66.76371765136719,11189043
2021-06-10,67.15274083467229,67.44449911078831,66.08296297004114,66.27747344970703,9999489
2021-06-11,66.37470325423304,67.00684725502882,65.98569728711317,66.56920623779297,8500031
2021-06-14,67.00684655762144,67.24997714538607,65.20767723081102,65.49943542480469,9114079
2021-06-15,65.40218724545474,65.98570369619131,64.7214230151831,65.8398208618164,7629388
2021-06-16,65.64532729808002,66.37471924468448,64.62417708415725,65.35356903076172,14070907
2021-06-17,65.20768861716806,65.69394987760667,62.77638231497502,63.21401596069336,15451709
2021-06-18,62.43599192739425,63.31125915535568,61.99835831341353,62.14423370361328,16465184
2021-06-21,62.67913265402543,64.1379165649414,62.5332572402869,64.1379165649414,10825169
2021-06-22,63.797531063717614,64.18653708625934,62.92225634792596,63.35988998413086,7678083
2021-06-23,63.31124931034348,64.13789624194757,62.922243368047624,62.97087097167969,8763306
2021-06-24,63.5057791013061,64.18654342972401,62.82500732950561,63.94341278076172,9594524
2021-06-25,64.04072570800781,64.43002772580529,63.748745470136946,64.04072570800781,6844839
2021-06-28,64.0407448978116,64.08940207783226,62.24020576561446,62.726837158203125,12396856
2021-06-29,63.55409828308768,64.3813669829168,63.067467007054326,63.7000846862793,13883493
2021-06-30,63.99207456731794,65.84127816382723,63.50544321808609,65.5006332397461,13754002
2021-07-01,66.0845925854387,66.32790825544122,65.01400065780886,65.59795379638672,9368346
2021-07-02,65.8899333616701,65.8899333616701,64.77068427165261,65.01399993896484,6653090
2021-07-06,64.6246884191774,64.81934690629265,62.38618658329532,62.8728141784668,14172730
2021-07-07,62.678159813314316,63.65142240104116,61.99687749171477,63.164791107177734,12250973
2021-07-08,61.94821895428896,62.97014626153917,61.36426208922748,62.62950134277344,10798825
2021-07-09,63.310778837853405,64.18671210242049,62.97013398549647,64.04072570800781,8290767
2021-07-12,63.554101038446206,63.943403096532506,62.775489473227296,63.79741668701172,11187237
2021-07-13,63.700099943380444,63.700099943380444,62.6781725291347,62.726837158203125,7907410
2021-07-14,62.67816560634605,63.16479694518639,61.89955769891558,62.3375244140625,8970443
2021-07-15,61.75356278299951,62.872811796271534,61.16960224187284,62.09420394897461,10310877
2021-07-16,62.28885921974493,62.62950040890788,60.926290738569676,61.07228088378906,9141767
2021-07-19,59.32040335396209,59.563719007879115,57.5198682598808,58.39580535888672,19842400
2021-07-20,58.44446141042869,61.996874132581546,58.347135901833944,61.80221939086914,15072405
2021-07-21,62.2402137516725,63.797437387383084,62.14288820557167,63.65144348144531,13548149
2021-07-22,63.50543255163024,63.554097168189074,61.80221939086914,61.80221939086914,8712244
2021-07-23,62.288857814535646,62.678163618163644,61.46158530965325,61.85089111328125,7579911
2021-07-26,61.60757498197431,62.970143422024414,61.461584841161205,62.8728141784668,10800049
2021-07-27,64.86802211901649,65.54931211529532,62.28887466246073,63.65144348144531,23964901
2021-07-28,63.99206648081833,65.59794675073397,63.45677057449773,63.894737243652344,13757312
2021-07-29,64.18671619534445,65.1113141333554,63.70008491754436,64.67334747314453,10889854
2021-07-30,64.04072593984989,64.3327061787778,62.87280498413827,63.018798828125,12050777
2021-08-02,63.5541064140319,65.21473734576166,61.09053153940678,61.193939208984375,39943542
2021-08-03,60.95062790595865,62.775499279798254,59.67930269869717,62.69033432006836,23177543
2021-08-04,61.9299724419527,62.92757122058065,61.717074941952134,62.599090576171875,22702917
2021-08-05,62.65383225877626,63.65142344798626,62.361851987846435,62.66599655151367,13050690
2021-08-06,62.87281180919534,64.02856859896411,62.87281180919534,63.57843017578125,17637083
2021-08-09,62.994465255502405,63.426353485052594,62.06378519106725,63.08570861816406,12768033
2021-08-10,63.146551775156,64.67944657299488,62.775499819367646,64.52737426757812,12930790
2021-08-11,64.60644398154436,64.60644398154436,63.15262848328629,64.5030288696289,13330458
2021-08-12,64.59426890487129,65.22689404037685,64.01639425797319,64.79500579833984,10270509
2021-08-13,64.78285289550197,64.85584611076537,63.61493910414556,63.821754455566406,9020462
2021-08-16,63.40202947372075,63.44460822289105,62.19152963901644,62.86673355102539,11101144
2021-08-17,62.374012750815574,62.81806527844993,61.04794103846001,61.814388275146484,13125487
2021-08-18,61.485927637881645,62.93973969830813,61.2912765666172,61.68666458129883,10427487
2021-08-19,60.82895968786513,61.327758994985324,59.97735493009822,60.47615051269531,17344153
2021-08-20,60.579566546287495,61.23652032822643,60.281504113286985,60.859378814697266,10203095
2021-08-23,61.1939333259227,61.729229236390665,60.99319642836644,61.419002532958984,9642436
2021-08-24,61.61366296721539,62.96406351752613,61.47375868425948,62.818077087402344,11007246
2021-08-25,62.87282283336543,63.949500735639994,62.38011302377737,63.68793487548828,12627427
2021-08-26,63.54193706433559,63.639266315278135,62.55651005699299,62.88499069213867,13107992
2021-08-27,63.20129696177506,64.56994759547578,63.20129696177506,64.533447265625,12473178
2021-08-30,64.67943504609322,64.75851412062629,63.74875121299582,63.98598098754883,11469513
2021-08-31,63.83392535349157,64.69770207878192,63.541945013185554,64.11982727050781,17641256
2021-09-01,64.08939323279472,64.15630801965979,62.81198600354566,63.055301666259766,12789542
2021-09-02,63.26211224104219,64.68550561362288,63.24994795006323,64.63684844970703,13633178
2021-09-03,64.4787071396884,65.30598342869453,63.31079336918646,63.718345642089844,12225833
2021-09-07,63.566267367699254,63.833911610078,62.23411340421682,62.83023452758789,17639170
2021-09-08,62.623422806472476,63.70617902945716,61.084449701531916,62.398353576660156,19263203
2021-09-09,62.264527861261975,63.821747317069246,62.1124555760362,62.83023452758789,15066205
2021-09-10,62.83023753505839,63.23171136689024,61.91172163323313,62.04554748535156,15350467
2021-09-13,62.44093227986101,63.78525425706114,62.057708632370094,63.54193115234375,20038302
2021-09-14,63.590609894295156,63.59669576665697,60.87155832818667,61.06012725830078,25717763
2021-09-15,61.309524765105394,62.33145222981661,61.24869583802792,62.14288330078125,13007192
2021-09-16,62.28277711311665,62.47134601040668,61.327764608585085,61.644073486328125,9601506
2021-09-17,61.52849875557056,61.96038705144347,60.90804528400082,61.114864349365234,17203387
2021-09-20,59.91652850979587,60.74988686354191,59.16833138027162,60.71338653564453,16217539
2021-09-21,60.76813977837405,60.82288655153064,58.523551875142985,58.89460754394531,25342171
2021-09-22,59.4116507451874,60.238927004114274,59.405568598332486,59.94086456298828,18002884
2021-09-23,60.54307170021254,63.3107911803049,60.53698955334676,62.62950134277344,18620844
2021-09-24,62.495585468778074,63.43308010094422,62.459060478417356,63.1895751953125,10528608
2021-09-27,63.646146018187245,64.72974432431612,63.54874107533781,64.1331558227539,12971559
2021-09-28,64.0966116347831,64.985407295529,63.755709326772546,64.36447143554688,20146646
2021-09-29,64.52884776009508,65.1376099825122,64.10879735372333,64.69930267333984,11876404
2021-09-30,64.74799700270046,65.19238740532924,62.67211510327896,62.72081756591797,14356273
2021-10-01,63.42089873572671,64.76625870498611,63.11042703636867,64.41926574707031,12992425
2021-10-04,64.16359208710308,65.18631413819836,63.67658229656628,63.85921096801758,12288913
2021-10-05,63.956608453220916,64.52884943000568,63.15913439412094,63.85921096801758,9208740
2021-10-06,63.11650406281047,63.56698500532656,62.13030728904696,63.51219940185547,11257962
2021-10-07,63.82267604953052,64.85148860496396,63.51221181113812,64.23055267333984,10684302
2021-10-08,64.14531773815102,64.66276556000221,63.713101089272776,63.7496223449707,6859525
2021-10-11,63.82268214053182,64.38274936254483,63.29306048521433,63.36002731323242,6615872
2021-10-12,63.04345407149909,63.33566138569063,61.82593353548604,62.53209686279297,13722903
2021-10-13,62.21553758302316,62.824303434968634,61.59460170697423,62.31294250488281,12065484
2021-10-14,62.787785899002905,63.098257619696895,62.319040470669606,62.544281005859375,9853826
2021-10-15,63.09825447026408,64.46796942582964,62.818220875190384,63.560909271240234,9069257
2021-10-18,63.11651651912724,63.65831187757936,62.726904250888545,63.384368896484375,6653913
2021-10-19,63.66439628366432,63.90181052889891,63.05563416271551,63.75571060180664,6767714
2021-10-20,63.76790151414746,64.54102812484459,63.23218921257665,64.52885437011719,9803748
2021-10-21,64.38274515008713,64.76625937050154,62.7086416527291,62.79387283325195,11588129
2021-10-22,62.73300030957857,63.62178869706779,62.42861919300556,63.34176254272461,8595273
2021-10-25,63.09215875303697,64.52274981290849,62.90344695846796,64.10270690917969,10427005
2021-10-26,64.38274206442638,67.5543959421808,64.05400602074702,65.40545654296875,18781193
2021-10-27,65.67333001775255,65.91683493559793,63.12261153041774,63.22001647949219,14420637
2021-10-28,62.939962789721086,64.1514038429481,62.76342476246349,64.07835388183594,9487384
2021-10-29,63.88964103200207,64.06617907689784,63.3843669469995,63.840938568115234,9018536
2021-11-01,64.38274464963075,64.99758999119999,64.09053730624008,64.66886138916016,7844250
2021-11-02,64.7358315126392,65.2228413475889,64.10272170914085,64.94889831542969,7192101
2021-11-03,64.62625126280997,64.73582249654051,63.81050542997798,64.51058197021484,6599661
2021-11-04,64.44969109124926,64.77233647955441,63.48784552897351,64.04791259765625,7505094
2021-11-05,65.0949836487099,66.75081503466119,65.04628119077407,66.19684600830078,12202399
2021-11-08,66.5986176941918,67.15259411867157,65.94115321646787,66.00202941894531,8305554
2021-11-09,69.8433378074888,70.71995980981805,67.25609857133657,67.74919891357422,40325875
2021-11-10,68.48578721356832,68.59536588058347,65.81332462412239,66.33077239990234,13952431
2021-11-11,66.08118511436966,66.72038538684338,65.00367757459611,65.13760375976562,8848557
2021-11-12,65.38111854867938,65.70376403567484,64.80888500935936,65.49678039550781,12240118
2021-11-15,65.7646337412688,66.15423856496578,64.6505974310696,64.93671417236328,9831034
2021-11-16,64.62014895807324,64.656677665929,62.59296967852242,62.91561508178711,19257424
2021-11-17,63.128690010624496,63.23826869357707,61.74071075451692,62.087703704833984,13334471
2021-11-18,61.74680775534599,61.97204830705686,60.37709263094682,61.284149169921875,13692888
2021-11-19,60.7545198688508,61.326757118619845,60.45013874955024,60.85192108154297,10598911
2021-11-22,61.162391179461935,62.07553451309214,61.046725611718124,61.50938415527344,9962170
2021-11-23,61.959861741470505,62.22163095764405,61.57634009496871,62.14249038696289,9648856
2021-11-24,62.00856229719903,62.28859213285646,61.673743124095296,62.233802795410156,8943739
2021-11-26,58.842999475430645,59.719617751856234,58.14292297502584,59.56134033203125,13815999
2021-11-29,60.43187372812303,61.138037128109495,58.94648950095396,59.90224838256836,15692352
2021-11-30,58.83082404712676,59.311750654471275,57.50981157387122,57.82636642456055,18313148
2021-12-01,58.776034771370895,58.98301465043401,56.57840040055024,56.614925384521484,13895451
2021-12-02,57.34544278580378,58.30728853292551,56.49926259977943,57.972469329833984,9782400
2021-12-03,57.91158864208888,58.04551854944203,55.841797364520296,56.474910736083984,12973646
2021-12-06,57.132374500152956,58.98301597363398,56.7610303211789,58.447303771972656,10721861
2021-12-07,58.806479655624756,59.85963980057365,58.623850987304365,59.384803771972656,8104115
2021-12-08,59.38479526170551,60.230975382476956,59.03779860517191,59.829193115234375,7635106
2021-12-09,59.5187232764263,59.77440561976761,59.04997790476321,59.55524826049805,6527432
2021-12-10,59.713532335201364,59.99964907313176,58.715161599519156,59.0195426940918,6863859
2021-12-13,58.4229464097094,58.68471560684586,56.50534577149625,56.694061279296875,11843339
2021-12-14,56.46273628284155,57.26021771152103,55.83570975359423,56.07312774658203,11654259
2021-12-15,56.14009041949304,56.25575224189785,54.89821120525195,56.05486297607422,12350388
2021-12-16,56.3227095119532,57.430654906357404,56.12790342752453,56.32879638671875,11440140
2021-12-17,56.2801069225043,56.657541701519065,54.8556027099277,55.67134475708008,14550168
2021-12-20,54.83662051717918,54.897550045789146,53.72160865134319,54.824432373046875,9651745
2021-12-21,55.27529842958732,57.07272282498933,55.27529842958732,56.7010498046875,12227117
2021-12-22,56.615751419910694,57.09709532668559,56.15268412892748,56.70714569091797,7485993
2021-12-23,56.84728185024666,57.60280857689497,56.84728185024666,57.27378845214844,6236589
2021-12-27,57.04835493772952,57.68202268188334,56.93868031118401,57.65155792236328,5503703
2021-12-28,57.53579833040605,58.54113552108043,57.42003148352499,58.065887451171875,6503676
2021-12-29,57.88308572940447,58.17554515279109,57.54187747276243,57.755130767822266,5602577
2021-12-30,57.67592575756743,58.4801938508253,57.59671589702225,57.70029830932617,5247049
2021-12-31,57.57844583904333,57.86481684468414,57.21286868938721,57.5601692199707,6092452
2022-01-03,58.017135135559165,59.3697726989667,57.73076415717224,58.63861846923828,7415209
2022-01-04,60.18622653894272,60.96002990813629,59.76581212791468,60.54570770263672,12237390
2022-01-05,60.76505694712656,62.0202042439991,60.49696632772584,60.54570770263672,9461542
2022-01-06,61.203752678690506,61.58761015536683,60.57617711667896,60.899105072021484,6864983
2022-01-07,60.807712770943844,62.29439388605672,60.78943615235835,61.78258514404297,10029103
2022-01-10,61.977558378046055,62.14816252603518,60.283716232594465,60.576175689697266,9259300
2022-01-11,61.1062636691231,62.37359915284257,60.911286970490664,62.020206451416016,9107137
2022-01-12,61.80086325719252,62.52592530458703,61.770398496635465,62.29439163208008,7316816
2022-01-13,62.32485005083552,63.15349443821618,62.026294681618936,62.42843246459961,7034320
2022-01-14,61.94100322720345,62.92196778017629,61.484028083891374,62.854942321777344,7030789
2022-01-18,62.48936071606068,63.20223826455414,62.24564266133121,62.690425872802734,13499795
2022-01-19,62.568566708703386,62.75135524935103,61.21593300018399,61.30732727050781,9147425
2022-01-20,61.06969849686391,62.02019811657506,59.69268857205116,59.8632926940918,9045502
2022-01-21,59.52818410050793,59.92422594432634,58.407080288793054,58.6751708984375,12964978
2022-01-24,57.633281129775604,59.369776260226466,56.23190210540194,59.04684829711914,15847565
2022-01-25,55.51902021471162,56.27454698591515,53.800809295139224,55.5129280090332,33629909
2022-01-26,55.75665195079256,56.00037004904947,53.64848741632335,54.42229461669922,17073695
2022-01-27,54.836617696863,55.91506880551984,53.660676362897185,54.77568817138672,12527109
2022-01-28,54.410108024108546,56.15269161069184,54.13592517455471,56.11613464355469,10398756
2022-01-31,55.81758169133413,57.615006403617336,55.46419268590437,57.566261291503906,11238219
2022-02-01,57.883090690756426,59.966878717390635,57.730763164831444,59.680511474609375,13080224
2022-02-02,59.50991009665763,60.06437172164605,58.58987507678661,59.7353515625,8926564
2022-02-03,59.19307100682341,60.41775348498914,58.82749392494212,59.90594482421875,9972924
2022-02-04,59.52818668230204,60.96003033359211,59.49162971819297,60.32636260986328,10278374
2022-02-07,60.54570914673548,61.28905150601644,60.01562383150237,60.86863708496094,7039456
2022-02-08,60.917385304002025,61.234217322057525,60.09483676757134,60.5091552734375,8279712
2022-02-09,61.081890395861,61.21593757409472,60.393385349038226,60.47259521484375,10632457
2022-02-10,59.94860369845996,61.34389044620632,59.710977825411604,60.19232177734375,8848717
2022-02-11,60.33246921339426,61.069719530502574,58.59597756232064,58.998111724853516,11966771
2022-02-14,58.924989105484926,59.34540355789179,58.224299595034644,58.857967376708984,11172731
2022-02-15,59.70488357511636,61.77039496906434,59.6805110219259,61.49011993408203,10741924
2022-02-16,60.9844090847158,62.093328646617195,60.8625500381783,61.78868103027344,7850670
2022-02-17,61.1428254565153,61.191570567688665,59.6378639845691,59.99125671386719,6229366
2022-02-18,59.96688342294697,60.30199952945839,56.0064644358897,56.47562026977539,25110235
2022-02-22,56.44515358073387,58.01713670957138,56.280641636171794,57.36518859863281,12349746
2022-02-23,57.145841619846074,57.7977897142417,56.24408324265801,56.45124435424805,11839969
2022-02-24,55.196102019329444,56.71934013901676,53.43523800683419,56.38422775268555,18285861
2022-02-25,56.9143137540089,59.35758681865327,56.701056698194975,58.71782684326172,11191511
2022-02-28,57.736864781474964,58.3827169907039,57.353007287427616,58.1938362121582,10142743
2022-03-01,57.85872313359318,58.528947890532194,55.976000115691434,56.25627517700195,10806289
2022-03-02,56.94477775626918,57.85262836015514,56.71324408550944,57.371280670166016,7131107
2022-03-03,57.84652958610914,58.06587883425205,56.04301660934234,56.329383850097656,7420184
2022-03-04,54.970654816404114,55.12907081822274,53.325557818407084,54.312618255615234,13545059
2022-03-07,54.07478018256019,54.404095893939,52.013510947737096,52.068397521972656,11428423
2022-03-08,53.0746416202996,55.16030545739837,52.17207311993618,53.757667541503906,11006283
2022-03-09,55.77624046719432,56.70930100848523,55.55669790866543,55.64817428588867,10394261
2022-03-10,53.525921881699645,55.861620252506384,53.330770032740595,55.696964263916016,13026132
2022-03-11,56.59343423321924,57.09350737157477,55.8982129697714,56.27631759643555,11342229
2022-03-14,56.37388813093017,57.31914403738136,56.06896687078462,56.37998580932617,9700540
2022-03-15,56.86785849960521,57.05690892968057,55.654271165715514,56.319000244140625,8189827
2022-03-16,57.00202089339388,58.20340902718787,56.55683441094391,57.75212860107422,8954332
2022-03-17,57.447208756312385,58.28269522824708,56.904448180273754,58.25830078125,6982315
2022-03-18,58.29488754272461,58.49003937448319,57.666752036025876,58.29488754272461,11872231
2022-03-21,57.59966960008294,58.37417182446783,57.11179559443619,57.825313568115234,8799280
2022-03-22,58.081443105881924,58.68518790534688,57.69114317351832,57.87409591674805,7730288
2022-03-23,57.678947261894486,57.72773615323275,57.02641731094209,57.14228439331055,7854202
2022-03-24,57.56308204563382,57.58137881517427,57.11179782597062,57.3984260559082,8561245
2022-03-25,57.59356519074419,57.88019337598352,56.96542972230612,57.337432861328125,9227359
2022-03-28,57.081304517247936,57.10569896478511,55.324956571054635,56.10555648803711,12069336
2022-03-29,56.72759301648562,57.91678582058073,56.72759301648562,57.72163772583008,13794811
2022-03-30,57.09350319692374,58.02046232438552,56.89835135206608,57.678951263427734,9042452
2022-03-31,57.172778075209784,57.29474657284562,55.78233570854753,55.80063247680664,13203013
2022-04-01,56.16654146633652,56.44707201559071,55.56279661864641,56.404380798339844,9054811
2022-04-04,56.21532604441437,56.30070100428972,55.4347261772895,56.11774826049805,8249536
2022-04-05,55.8982071836041,56.31290157404263,54.83098281677563,54.94685363769531,10787509
2022-04-06,54.50166651762138,54.989540508471315,53.556410660349634,54.83098220825195,10556215
2022-04-07,54.77609926527598,54.93466131003119,53.111227667623,54.556556701660156,11391666
2022-04-08,54.57485336342424,55.05052829464722,54.0442881238624,54.72731399536133,6447980
2022-04-11,54.605338810378,55.85551583933804,54.29431617204357,54.68461608886719,8655143
2022-04-12,54.88587188720703,55.703061614964845,54.458982121038645,54.88587188720703,7240254
2022-04-13,54.983442462010174,55.77014001379178,54.87977073326289,55.3432502746582,6362268
2022-04-14,55.520106349279416,56.19703077252314,55.270071672914455,55.39203643798828,6146543
2022-04-18,55.47741524811329,55.800633265027656,54.824885270157885,55.12980651855469,6291965
2022-04-19,55.37373663041509,56.26410581819125,55.37373663041509,56.04456329345703,7394824
2022-04-20,56.4104736327757,56.78248052900702,55.64817054055455,55.739646911621094,6424385
2022-04-21,56.684910852667855,57.19108167190552,55.75795165357321,55.9348030090332,7225326
2022-04-22,55.42862971902646,55.67866439423698,54.26382757069355,54.3187141418457,7967682
2022-04-25,53.9710989913894,54.88586262160944,52.800199304287396,54.812679290771484,11080599
2022-04-26,51.806159697046105,51.976917084884036,47.81778913514502,49.14724349975586,46154289
2022-04-27,48.78744252366833,49.85466693037152,47.48847646646721,47.695823669433594,20213257
2022-04-28,47.80559823327401,47.99464868745308,46.256597323549066,47.40310287475586,19277327
2022-04-29,47.25673236534254,47.647032303503686,45.34182621095374,45.46379470825195,16677077
2022-05-02,45.183265858303535,46.24438874935681,44.280697525692574,46.07363510131836,18536095
2022-05-03,46.86644461662601,47.73242341309544,46.3358830089993,47.360416412353516,12595004
2022-05-04,47.68361951604575,49.257014539350614,47.092073829891774,49.04966735839844,12019739
2022-05-05,48.4093352080345,48.83622494678298,47.29942338090218,47.92755889892578,11491503
2022-05-06,47.76899968912441,47.80558949065549,46.46393605159804,47.70801544189453,8609237
2022-05-09,46.82375915028818,46.9335285907335,44.23802174236573,44.5002555847168,11266308
2022-05-10,45.12837639749731,45.55526609128124,43.38422408995299,44.707584381103516,10974181
2022-05-11,44.9820230620784,45.48209245924816,43.94529072752695,44.17702865600586,12465152
2022-05-12,43.7501347233534,45.256447918812846,43.402525996573566,44.689292907714844,13844409
2022-05-13,45.36621961971283,46.32976848591213,45.21985667949537,45.768714904785156,8309406
2022-05-16,45.31743276521012,45.9821618369682,44.96372262162233,45.51258087158203,10451563
2022-05-17,46.47613205050545,47.07987685324197,46.21999970220961,46.592002868652344,7218585
2022-05-18,46.13462045827591,46.66518191658029,45.628449711682904,45.860191345214844,11337253
2022-05-19,45.73823746814945,46.677395924247264,45.40282400054562,46.18952178955078,9992827
2022-05-20,46.4151537031552,46.61640324099684,44.68320009087321,45.890689849853516,11782667
2022-05-23,46.36026795840814,46.59200962832352,45.744327710308625,46.01875686645508,8467508
2022-05-24,45.57356177424614,45.658940464775775,43.94528391257479,45.44549560546875,9837776
2022-05-25,44.80517062235712,45.48819655882676,44.286804424463035,45.45160675048828,11389740
2022-05-26,45.87237831251194,47.3908865405712,45.55526177791199,46.96399688720703,7528368
2022-05-27,47.134764042333614,48.043430097372124,46.951811295709796,48.03123474121094,7819853
2022-05-31,47.53725882731381,48.20198787971141,47.42138800889022,47.744606018066406,8332038
2022-06-01,48.2263895255981,48.44593210515669,46.76886502875308,47.2750358581543,9514991
2022-06-02,47.57995574435865,47.970255726550086,47.06158957236362,47.56775665283203,9897164
2022-06-03,46.799348084020984,47.04938274376508,46.14681441674809,46.939613342285156,8463013
2022-06-06,47.512868278298875,47.744606181906995,46.817643365371566,46.957908630371094,7614722
2022-06-07,46.90302752076087,47.65923303612527,46.451743283040614,47.56775665283203,8227386
2022-06-08,46.76885649353187,47.73850675482755,46.66518103458111,47.05548095703125,5418794
2022-06-09,46.89083198126297,46.98840604292341,45.58576817120472,45.60406494140625,8114548
2022-06-10,44.53073628000266,44.6161149788865,43.14029385256444,43.439117431640625,15384656
2022-06-13,42.36579316552324,42.68901120380382,40.94486229448464,41.29856872558594,15183217
2022-06-14,41.43883645191343,42.024284575331265,41.18270406480402,41.499820709228516,8634919
2022-06-15,42.05477327744747,42.70120560551033,41.34735669703839,42.14015197753906,10576600
2022-06-16,40.87776933323782,41.005839230403,39.54831134598216,39.81664276123047,14550650
2022-06-17,39.75566973959689,40.69482809103014,39.35927204933256,40.2496452331543,14449368
2022-06-21,41.14000937826558,41.50591489132898,40.072784965164,40.0971794128418,12972362
2022-06-22,39.13972562067269,39.88373576060788,39.133627942073765,39.35926818847656,15573094
2022-06-23,39.25559220773552,39.688579617950246,38.468894668593684,39.07263946533203,10841280
2022-06-24,39.43245423389148,41.45103243464421,39.28609126732185,40.90827178955078,16044991
2022-06-27,41.19523412058753,41.457780996848854,40.38317365647096,40.731201171875,10911904
2022-06-28,41.18302444371258,41.793595100455015,39.90693102342234,40.22442626953125,11313819
2022-06-29,40.13285239109041,40.2977087596499,38.63695384522147,38.88728713989258,11088303
2022-06-30,38.19121599389024,38.930009315043655,37.70886453463462,38.875057220458984,13967359
2022-07-01,38.76516390923308,39.406263136139195,37.983631927702675,38.795692443847656,10997455
2022-07-05,37.556234500031124,37.9225769354704,36.59153125797704,37.87373352050781,12889860
2022-07-06,37.58675621708605,38.07521270905283,37.07998484976609,37.59286117553711,7852596
2022-07-07,38.20343739562064,38.54535620900513,37.81877639400509,38.465980529785156,10110160
2022-07-08,38.392715983362294,39.308572008649044,37.97752642316841,38.61862564086914,9940822
2022-07-11,38.0935285553197,38.23396128195445,37.50127659723544,37.800453186035156,7662393
2022-07-12,37.24483652022993,39.40015223433814,37.24483652022993,38.47819137573242,11678496
2022-07-13,37.885942435944195,38.282813397156104,37.37306229221785,37.86151885986328,6961770
2022-07-14,37.244841134882975,37.34253169532061,36.63427045903151,37.2997932434082,8179393
2022-07-15,37.904254230324035,38.45987272831751,37.23873152899448,38.38050079345703,9391720
2022-07-18,39.31468432833542,39.74819258559427,38.66748003032757,38.88117980957031,10607899
2022-07-19,39.38182924024369,40.78614520298861,39.369619324994865,40.74951171875,10070675
2022-07-20,40.48086734338647,41.68979871389616,40.32822468238741,41.45167541503906,11004036
2022-07-21,41.33566253236897,41.726428457128016,40.969320178874696,41.598209381103516,9551106
2022-07-22,41.763064818489816,41.98286949801262,41.42114601273294,41.63484573364258,9009387
2022-07-25,41.14029041790038,42.086678862130995,40.92659064563719,41.738651275634766,9468604
2022-07-26,42.54459951911264,44.797606043966205,42.22099556791812,43.66194534301758,28957643
2022-07-27,43.96112714454189,44.205355420984176,42.80103909294796,43.70468521118164,11570152
2022-07-28,45.518084679676015,45.731784432233496,44.51674794856517,44.65717697143555,18063717
2022-07-29,44.571696951059685,45.49976288772436,44.22366942094067,45.127315521240234,12729511
2022-08-01,44.75487273730025,46.61711349889258,44.38242159418707,46.28129959106445,14685317
2022-08-02,45.93938046610303,46.43394201625272,45.377653143969354,45.402076721191406,9290599
2022-08-03,45.74398707820384,45.97600541091666,45.218897088819354,45.63408660888672,9678390
2022-08-04,45.48144793956421,45.57913850035144,44.9136157135931,44.980777740478516,6942669
2022-08-05,44.83424443937556,45.81726631848615,44.69381541271217,45.402076721191406,7447953
2022-08-08,46.330136007607024,46.87964954759854,45.70735175252112,45.902732849121094,9833442
2022-08-09,46.01874720947513,46.458360334226185,45.71346187499229,45.75009536743164,7581496
2022-08-10,46.53162837142971,47.502436504738796,46.34845716659754,47.09946060180664,16331500
2022-08-11,47.6245472462107,48.36334071049406,47.60012367294227,48.1740608215332,14557872
2022-08-12,48.412182057863134,48.82737157027572,47.96646401478765,48.802947998046875,8273452
2022-08-15,48.424397603815216,48.937273948181755,48.283964861886005,48.72968292236328,5467107
2022-08-16,48.43050941266069,49.63944094050343,48.32060518704106,49.49900817871094,9268610
2022-08-17,48.88232893988372,49.07771006178019,48.393872396649556,48.79684829711914,6485057
2022-08-18,48.70526494823506,48.77853193771211,48.241231958396305,48.363346099853516,6421014
2022-08-19,47.92984096139854,47.98479307625495,47.17884118667229,47.45359802246094,5801930
2022-08-22,46.48279414417806,46.50721398551956,45.40208157904053,45.65852355957031,8143279
2022-08-23,45.78672587031113,47.19714316067187,45.74398368666844,46.46445846557617,7642490
2022-08-24,46.49499478892572,47.184941154533234,46.33014220029038,46.85523223876953,7649392
2022-08-25,47.23989172690564,48.650313057939655,47.20325823200066,47.71003341674805,8349212
2022-08-26,47.862673966420964,48.00310671888888,45.9210576993506,45.95769119262695,8628819
2022-08-29,45.69514355202096,46.91628479786264,45.35322101239115,46.43393325805664,7868808
2022-08-30,46.86743936492465,47.12388127901606,45.38375120162368,45.87221145629883,6886330
2022-08-31,46.04316991356251,46.275188258780716,44.79150006584362,44.8403434753418,10274200
2022-09-01,44.72433605444595,44.72433605444595,43.61309526420323,44.62053680419922,8002191
2022-09-02,45.0540385914369,45.40206607362258,44.02828223510871,44.223663330078125,6479760
2022-09-06,44.266406033877885,44.351886673083236,43.436030692653404,44.058815002441406,6472859
2022-09-07,43.90005930482871,45.02350994420244,43.79015884112989,44.925819396972656,5494394
2022-09-08,44.290824837060164,45.23110429005383,44.009963114345815,45.04182815551758,5810597
2022-09-09,45.5058643693048,45.7745124346648,44.986875635969554,45.20668029785156,10795534
2022-09-12,45.432601635191965,46.70259016453297,45.34101603178256,45.98822021484375,11661482
2022-09-13,44.73044429994859,45.09678670504865,43.11853696980973,43.25286102294922,11574005
2022-09-14,43.16738165024528,43.350552858182226,41.934030345533735,42.75830078125,9968109
2022-09-15,42.60565395557223,43.22232954782608,41.97676470755042,42.07445526123047,7908775
2022-09-16,39.9313542386763,40.66403902018531,39.797026452303946,40.53581619262695,22966955
2022-09-19,40.0473645612954,41.20745267882111,39.96799261003654,40.93880081176758,8045047
2022-09-20,40.57245545303871,41.0303834643999,40.26106515301171,40.657936096191406,8379870
2022-09-21,40.920476431452514,40.951004963443275,39.7848157890948,39.821449279785156,10164733
2022-09-22,39.687120544754535,40.1206249000993,39.394045176877675,39.906925201416016,11345279
2022-09-23,39.41236877441406,39.735972742301314,38.801798071602775,39.41236877441406,13124524
2022-09-26,39.449041278197,40.44550776897979,39.25341774604484,39.3390007019043,16780605
2022-09-27,39.644667451733554,39.92588144474423,38.82549058102757,39.4123649597168,12596770
2022-09-28,39.73025555677699,39.77305078219777,39.24119293344298,39.406253814697266,10686228
2022-09-29,38.98443400335851,39.19228635330558,37.85347676087786,38.34865188598633,14124337
2022-09-30,38.29362979447344,38.690993131247346,37.82902110317944,37.84735870361328,12709126
2022-10-03,38.366991920744866,39.35734597690744,37.99408241982001,38.88050842285156,8721754
2022-10-04,39.66302119917026,41.35029071230965,39.65690866330902,41.28915786743164,12441557
2022-10-05,40.76951214912302,41.698733345553414,40.378265059185615,41.22801208496094,9327837
2022-10-06,40.79396583943943,41.25246577315774,40.21931653194445,40.4821891784668,7953396
2022-10-07,40.109290624246555,40.21321495851912,39.186185457557336,39.4673957824707,6856315
2022-10-10,39.76693920838786,40.115394838675705,39.16172344876996,39.724143981933594,5764210
2022-10-11,39.42458973964493,39.89531474045324,38.5626176513227,39.125038146972656,8500412
2022-10-12,38.935539667406736,39.99313938297563,38.550401246720696,39.57743453979492,8598323
2022-10-13,38.93553089252178,41.79043635599527,38.62986673646244,41.5336799621582,12818915
2022-10-14,41.75376252227439,42.04720164530129,41.075188761298655,41.307491302490234,9106174
2022-10-17,42.15112513911884,42.909173072649594,41.83323588141192,41.955501556396484,8251944
2022-10-18,42.90917056128831,43.489932483474504,42.75022594173746,43.220947265625,9806637
2022-10-19,42.958082647174464,43.392125063003675,42.389545737324546,43.117027282714844,8408280
2022-10-20,43.2576312421677,43.77726034583574,42.68909437266623,42.774681091308594,9609852
2022-10-21,42.793008525725845,44.56586408355544,42.64017647273462,44.5169563293457,10352529
2022-10-24,44.627006589966555,45.433958507637136,44.486399573446725,44.847084045410156,10913990
2022-10-25,45.84966321841761,46.0024953043746,43.453253864732766,44.62700653076172,15445168
2022-10-26,44.80428618256292,46.84612331171526,44.743149613667036,46.13086700439453,12975572
2022-10-27,46.64438940631872,47.45745758937428,46.39374553751724,46.46099090576172,10105505
2022-10-28,46.88280446755774,47.90983748604127,46.81555910467494,47.88538360595703,8648081
2022-10-31,47.54916346138509,48.20939965258813,47.402443891880786,47.567501068115234,10585428
2022-11-01,48.02599963564585,48.96133365985932,47.347425805889415,47.81203842163086,9174391
2022-11-02,47.738666038564226,48.698453733771494,47.24349085473472,47.31684875488281,10230221
2022-11-03,46.992845796695434,48.16048209357759,46.80944356474024,47.915950775146484,13947456
2022-11-04,48.900196273236745,49.61545273800788,48.55785312222278,49.56043243408203,11558435
2022-11-07,49.584878148781655,51.25380588180895,49.56042426849559,51.02149963378906,12864178
2022-11-08,51.229354057254206,51.785662076209555,50.52632649382673,51.351619720458984,10052376
2022-11-09,50.87477695414256,51.83456455840662,50.679153410195696,50.83198547363281,7961743
2022-11-10,52.10355603040568,52.372541243162416,51.443319939378405,52.195255279541016,13786304
2022-11-11,52.439784631975854,53.05111293647891,52.05464630288616,52.763790130615234,12490513
2022-11-14,52.562059063222215,53.246745381257554,52.37254800583141,52.470359802246094,7906367
2022-11-15,52.904397447209604,53.564633563899264,52.70877387203677,53.27119445800781,7913108
2022-11-16,53.08167081283271,53.14280363344902,51.748973826144784,51.90180587768555,7629328
2022-11-17,51.1987872454103,52.43367268010544,50.868669208684594,52.20136642456055,7466411
2022-11-18,52.87382277838752,53.27729867867445,51.87124369003737,52.25638198852539,6555521
2022-11-21,52.030208028061374,52.57429113088819,51.79790544855235,52.50704574584961,5247691
2022-11-22,52.75767882010222,53.54629315578412,52.57428031148467,53.36901092529297,6797569
2022-11-23,53.203944116563726,53.77248092742924,53.148923821458695,53.71746063232422,5867738
2022-11-25,53.61353730840376,54.029238310252744,53.39957240148486,53.88251876831055,3040207
2022-11-28,53.30787429231809,53.52795549694352,52.06076368634713,52.25027847290039,6876058
2022-11-29,52.421444858229144,52.52537291899165,51.93849473455686,52.366424560546875,7205262
2022-11-30,52.354198879270704,52.78824123478836,50.85644450581587,52.555938720703125,11654259
2022-12-01,52.70266061821228,52.947195715908585,51.88348357492919,52.12189865112305,6806718
2022-12-02,51.700083500332866,53.1550427702439,51.60226796695036,53.11225128173828,7191459
2022-12-05,52.476465356511845,52.604843556173186,51.73064629704532,51.755096435546875,7568656
2022-12-06,52.94718909060038,53.246736967952636,51.638942015626284,52.13412094116211,9444207
2022-12-07,51.962955474853516,52.62319164792331,51.85291860809689,51.962955474853516,7801715
2022-12-08,52.32974637719952,52.69043084159253,50.550781680265274,51.125431060791016,10334231
2022-12-09,51.11931317993995,51.22935377346747,49.71937059537386,49.79273223876953,8899117
2022-12-12,49.95778395245414,50.899230200149226,49.53596671398533,50.8686637878418,7480054
2022-12-13,51.70008052656089,51.90181663051084,50.08616923616878,50.66693115234375,12391318
2022-12-14,50.40993014862976,50.99737543220453,49.77353358925644,49.853084564208984,12271899
2022-12-15,48.99639718388358,49.69398563791569,48.03568204429804,48.225379943847656,15598294
2022-12-16,47.60121047385635,47.94388431589293,46.9280996693477,47.515541076660156,15978540
2022-12-19,47.27077252641954,47.943883316902806,47.24017658139758,47.76642608642578,7061125
2022-12-20,47.75419936064149,49.44309888234732,47.63793399548799,49.155494689941406,11196647
2022-12-21,49.58994947291182,51.15034652794005,49.547116645501525,50.777076721191406,12127441
2022-12-22,50.28753370733998,50.61184844915551,49.12488414787147,50.036643981933594,9730074
2022-12-23,49.99994177103131,50.416048188200726,49.54100252271887,50.04889678955078,5286213
2022-12-27,50.177397374196715,50.844389809087396,50.11620547644067,50.691410064697266,6804792
2022-12-28,50.783198151817786,50.893341320251125,49.74905432549355,50.15903854370117,6210907
2022-12-29,50.33037445096124,51.34615915052305,50.17739471467939,51.248252868652344,7088733
2022-12-30,50.73424537046987,51.419596906834805,50.65469814755391,51.272735595703125,6625342
2023-01-03,51.431833173241884,52.06822968270306,51.119755232536974,52.000919342041016,10280781
2023-01-04,53.62445694517259,55.027584075927734,52.32323761172529,55.027584075927734,21031104
2023-01-05,54.79243814839809,56.08582338503851,54.08695529204877,55.882015228271484,16001061
2023-01-06,56.446396400738315,56.69723372115001,55.45871976818159,56.39152526855469,13018044
2023-01-09,56.43856349582936,57.9357532069335,56.40721069913038,56.9637565612793,9488844
2023-01-10,56.59532414041498,59.0801862554135,56.59532414041498,59.001800537109375,11597142
2023-01-11,59.43293271588001,60.90660757649136,59.18993359617928,60.89876937866211,12729603
2023-01-12,61.047699213870494,62.09024690827875,60.58521559384355,61.81589126586914,14407871
2023-01-13,61.75318808825506,63.179833824076184,61.533703552475096,62.86628341674805,13843395
2023-01-17,62.64679399194512,63.22685807880983,62.521375337501134,63.09360122680664,10640727
2023-01-18,63.446340896248685,63.634465126122066,62.03537545146406,62.13727951049805,9816378
2023-01-19,61.0947391861383,61.729674462177904,60.09922430808823,60.24816131591797,13045860
2023-01-20,60.82037502917874,60.945793670159134,59.315343843918114,60.89092254638672,10351409
2023-01-23,60.83605367431163,62.725175302404466,60.7811825485083,62.52920913696289,13729748
2023-01-24,61.141768493293554,63.375793504138876,60.72631778113829,63.25821304321289,16767395
2023-01-25,62.53704788055602,63.76771975651321,62.262695995889544,63.328758239746094,10652380
2023-01-26,63.86962879014988,63.94801826051999,62.80357020995037,63.60311508178711,8158534
2023-01-27,63.49336380446665,65.83713445009326,63.414974345228025,65.24139404296875,9760244
2023-01-30,64.59862909220935,64.8651428127683,63.23470020373334,63.3601188659668,7175806
2023-01-31,63.062243618347516,63.422823159011266,62.29404786176187,63.085758209228516,8625026
2023-02-01,62.921140891041496,64.6456566194117,62.71733653046032,64.528076171875,9112192
2023-02-02,64.4261836077292,65.86850202313121,64.19886086905198,65.7979507446289,10391129
2023-02-03,65.46089088302163,65.60198594147165,64.13614549010939,64.24588775634766,7240085
2023-02-06,63.86180632658524,64.62215665057026,63.68152024186143,64.5516128540039,5425114
2023-02-07,64.26157552803342,64.5672877867066,63.13280736712162,64.36347961425781,5891982
2023-02-08,64.03424891542122,64.74756989922143,63.72853671086519,64.24588775634766,4269472
2023-02-09,64.54375372155049,64.77107642375857,63.05439886158337,63.328758239746094,4838334
2023-02-10,63.344447110733654,63.76773231672165,63.023058486809234,63.720703125,4373095
2023-02-13,63.650144028468425,64.99840394757865,63.55608565657434,64.81027221679688,5114245
2023-02-14,64.37914465646058,65.69604435863512,64.24588779598129,65.48440551757812,6726731
2023-02-15,64.75539952833279,66.46423138670723,64.6221351920731,66.44855499267578,7305617
2023-02-16,65.53925977688048,66.26825701122273,65.0454234241645,65.88416290283203,5645893
2023-02-17,65.52359146631808,65.70388499476894,64.45752917101207,65.09246063232422,5543523
2023-02-21,64.3869749709653,65.35897124597192,64.12829201634658,64.48103332519531,5101965
2023-02-22,64.40265798037795,66.10365163640785,64.35562130493477,65.21003723144531,10829053
2023-02-23,65.44520723731435,66.16636642185505,64.19885880728103,65.01408386230469,10120732
2023-02-24,64.08911359165418,65.67252694685266,64.00288592322102,65.49224090576172,8704340
2023-02-27,65.84498500744344,66.51910750686072,65.44520693312333,65.71956634521484,8007297
2023-02-28,65.54710382743878,67.13836276552448,65.42168517893657,66.40151977539062,11441143
2023-03-01,66.36232827455251,66.91103954092749,65.6490073750132,65.95471954345703,7512988
2023-03-02,65.5314269741539,67.20106787242594,65.35897914373213,67.19322967529297,8546337
2023-03-03,67.33433057226236,68.22794507109656,66.74642826868643,67.71058654785156,9618780
2023-03-06,67.97736036922596,68.90318522721742,67.84397996602381,68.30689239501953,8084105
2023-03-07,68.2284256930495,68.71487448418907,67.55367075675218,67.78120422363281,8643445
2023-03-08,68.07935548244419,68.58149521047766,67.53013546713005,68.2441177368164,7598067
2023-03-09,70.58222078800875,74.48950236593289,70.43314195236007,71.83757019042969,35826152
2023-03-10,72.10432249824025,73.90889173920073,71.23342348423064,71.39818572998047,23152683
2023-03-13,70.37822982379356,71.18636529094937,68.77765732126771,69.80547332763672,14201502
2023-03-14,71.53157043457031,73.03014400904146,70.77050795132217,71.53157043457031,14218418
2023-03-15,69.82113956479319,70.42527770996094,67.82827198225039,70.42527770996094,15107797
2023-03-16,70.14284399379085,72.26125452563018,69.49163290461061,72.15925598144531,10183883
2023-03-17,72.01802782012122,72.04940967873465,70.1036144375951,70.84113311767578,12765689
2023-03-20,71.10789250793952,71.57865037959071,70.1506858356413,70.55082702636719,8705343
2023-03-21,71.38249703586858,72.99876768947603,71.36680610725311,72.32401275634766,8553980
2023-03-22,72.56723536587141,72.6535429715775,70.26052640770111,70.29190826416016,8784783
2023-03-23,71.10788212924149,72.92814213373907,71.02942749571335,71.86109161376953,10834691
2023-03-24,71.06080205647537,72.45737689482489,70.86465049189921,71.6884765625,8342975
2023-03-27,72.40247411795889,73.46952475628197,72.26909372572398,73.21060943603516,7524516
2023-03-28,73.23414902363908,73.54798260713832,72.62216528532699,73.07722473144531,5023152
2023-03-29,73.72844032814407,74.0815087207157,73.493061399763,73.79905700683594,6162254
2023-03-30,73.71275171490127,73.99520343765262,73.40675609821727,73.79120635986328,6623107
2023-03-31,74.16782223286656,75.06225773165991,73.99520700474076,75.00733947753906,9247391
2023-04-03,75.12502739319795,76.05869019700154,74.81903176810837,76.04299926757812,6199468
2023-04-04,76.0743868956723,76.78836917085587,74.27766301091364,74.5758056640625,8554983
2023-04-05,74.52088413453167,74.78764491781436,73.48521535770946,73.94812774658203,10642230
2023-04-06,73.84613517056901,74.0579777216293,73.39106820916376,73.43814849853516,8025340
2023-04-10,73.61859187565635,74.52872567713548,73.44598417215688,74.03443145751953,7499832
2023-04-11,74.15210863490836,74.50517698337005,73.65781444715059,73.68135833740234,6663078
2023-04-12,73.95597163131522,74.27765815748818,73.6029032490601,73.83043670654297,8768118
2023-04-13,74.0501140380426,74.29333838854636,73.33613191231315,73.98734283447266,11044694
2023-04-14,73.64213194720487,75.03871457431809,73.60290462636813,74.88179779052734,7211767
2023-04-17,75.02301976249868,75.98807180867779,74.91317576939798,75.92530059814453,7676003
2023-04-18,76.10575885668334,77.29834431507803,75.99591486705937,77.25910949707031,8909832
2023-04-19,77.34541796474936,77.91817430984004,77.21988304668979,77.698486328125,7038101
2023-04-20,77.91034160707378,78.82831350184931,77.7220354489204,78.27125549316406,8661237
2023-04-21,78.4438554447915,78.52231758631802,77.77695349336895,78.0750961303711,5112741
2023-04-24,78.13001083913723,79.0636734391943,78.13001083913723,78.57722473144531,7833505
2023-04-25,79.98950300777028,80.03658328911318,76.53728156226929,77.2355728149414,11649768
2023-04-26,77.07081256669748,77.24342026821952,75.39177833181631,75.48593139648438,8032357
2023-04-27,76.12145061806014,77.03942986267825,75.7919186455763,76.93743133544922,9348633
2023-04-28,76.2077576667929,78.23986023174454,76.01160607735274,77.65141296386719,6279159
2023-05-01,78.05938745073513,80.0287260016114,77.96523440240331,79.3853530883789,7408237
2023-05-02,78.93815033119036,80.05228124811835,78.6086258350592,79.644287109375,7485046
2023-05-03,79.93459710182763,80.77411432722731,79.48737561247562,79.8482894897461,5917543
2023-05-04,79.62858832489339,79.83258537413877,76.42744424681294,77.92601776123047,9055431
2023-05-05,78.91461080879235,79.8404355479739,78.26339980608681,78.6478500366211,6302841
2023-05-08,78.63215366172952,79.33044489967287,78.63215366172952,79.1813735961914,4282128
2023-05-09,79.06367996023862,79.95027735586555,79.06367996023862,79.244140625,6520737
2023-05-10,79.62074258283415,79.76981388732572,77.25126263593887,78.09862518310547,5053224
2023-05-11,77.98879602517998,78.4438554447915,77.53372910512478,78.0750961303711,5117628
2023-05-12,78.13001957327144,78.45954405697957,76.66282032256436,77.51803588867188,4332874
2023-05-15,77.78480963651882,80.27197960962462,77.6906565538495,80.02875518798828,7973716
2023-05-16,79.4246154101372,80.2092069169574,79.15784709739152,79.34615325927734,5523851
2023-05-17,79.92674907340812,81.26840599798501,79.67567921035537,81.18209838867188,6871703
2023-05-18,80.72702955467024,81.8176165905998,79.81690319757443,81.60578155517578,5772320
2023-05-19,82.00591508236111,82.99450349024856,81.47239356078477,81.80191802978516,7230687
2023-05-22,81.67639630463181,83.12005183199796,81.67639630463181,82.02946472167969,4996087
2023-05-23,81.48807515353268,81.70776310799685,79.4638182880303,79.79335021972656,5738239
2023-05-24,79.46382586260565,79.61289716718659,78.38892987615036,79.22844696044922,6275400
2023-05-25,79.55797693939839,80.0993439005908,78.88322210326007,79.6521224975586,6737506
2023-05-26,79.707063540423,81.55870571298095,79.68352714636502,80.60934448242188,6796523
2023-05-30,80.82902383342615,80.86825115265277,78.97738185927764,80.34257507324219,7098370
2023-05-31,79.49521090658635,79.90319751982497,78.23201624797439,79.65997314453125,13358734
2023-06-01,79.40890833125738,82.51590716088084,79.29906433219443,82.12361145019531,7797043
2023-06-02,82.77480636103495,83.72416734635132,82.02159694308624,83.01018524169922,7477278
2023-06-05,83.01020304456983,83.01020304456983,81.6763916015625,81.6763916015625,5108732
2023-06-06,81.85684123719513,83.25341620649486,81.67638058079336,82.7434310913086,7794036
2023-06-07,83.66926490968834,84.21063193719446,82.88466599247903,83.22988891601562,9121088
2023-06-08,83.04157749174216,84.12431888050757,82.87680776925971,83.22203063964844,4477596
2023-06-09,83.3946508744824,83.59864042353954,82.44528979854167,83.40249633789062,4365076
2023-06-12,83.41035117081472,83.86541810138233,82.89251302548709,83.34757995605469,4677449
2023-06-13,83.19065340961669,84.06939781005275,83.01803821461131,83.74771881103516,5411582
2023-06-14,83.73201385629106,83.79478505879305,81.56653112727193,82.14713287353516,6429268
2023-06-15,81.94316856768201,82.88468447814074,81.5901076017054,82.70423126220703,8733159
2023-06-16,83.12788505527952,85.4424468374519,83.1200395916412,83.3946533203125,13731752
2023-06-20,83.22988766732635,83.33188620007323,81.13502126555647,81.6136245727539,8068443
2023-06-21,81.31547499089115,82.9239001328095,81.26840220643143,82.4217529296875,5983576
2023-06-22,82.11576756039041,83.00235753363567,82.1000766317154,82.24130249023438,5292046
2023-06-23,80.88394885469219,81.88822822142602,80.5308804834917,81.4253158569336,7532911
2023-06-26,81.22916125524793,82.46882699067672,81.09578087556794,81.95099639892578,5326378
2023-06-27,82.09221450431396,82.54727384485302,81.88037200931329,82.31974792480469,5973427
2023-06-28,82.6100598423401,84.24202139177723,82.35898998864882,83.99095153808594,6009012
2023-06-29,83.33972504458268,84.60292715688446,83.19849920293647,84.53231048583984,4070746
2023-06-30,85.51305791459295,86.50949932284111,85.20706982499715,86.18781280517578,9250648
2023-07-03,85.5679926550885,85.77982770074856,84.19494633817386,84.95600891113281,3723916
2023-07-05,84.90891468887274,85.51305286904862,84.54800087343725,85.24629211425781,4588235
2023-07-06,84.7441593503405,85.32476118768645,83.84187098814694,84.24201965332031,4594375
2023-07-07,84.06154571110841,85.41889327168421,83.9046289556707,84.9481430053711,4843847
2023-07-10,85.12089559607155,86.94250938557529,85.08949053238779,86.78546905517578,5805400
2023-07-11,86.94248267216479,87.57062128279377,86.54988947278213,87.32721710205078,4746113
2023-07-12,87.38220772295693,87.91613136564276,87.06814205642719,87.3115463256836,5403938
2023-07-13,87.3507977037095,87.79834988502245,87.01317075124518,87.37435150146484,3477075
2023-07-14,87.1544858051321,87.32722863711523,86.39286810826654,86.58916473388672,3405529
2023-07-17,86.69909842908854,88.05744989431831,86.48709925362782,87.26441955566406,4557412
2023-07-18,87.07597900333744,87.80619169102478,86.7776084126107,87.20160675048828,4476718
2023-07-19,86.62842188687426,87.00530510664629,85.45065713384344,86.28294372558594,5604920
2023-07-20,86.40072938163769,87.81404723545069,86.33791925799619,87.34294128417969,5158852
2023-07-21,87.49997625648129,87.8454544629967,86.22799616148238,86.62843322753906,10277106
2023-07-24,86.68338926966376,87.13878514102713,86.41642375142966,86.56561279296875,6687261
2023-07-25,89.90260130722235,92.61931148603712,89.21950375972568,91.99117279052734,21329067
2023-07-26,91.97548968204968,92.17177884372417,89.07819230038058,90.07536315917969,9449750
2023-07-27,90.73489470063153,92.0696923434749,90.2402349716829,90.62496948242188,7752311
2023-07-28,90.71134282163045,90.96259832399238,89.5257266977409,89.81624603271484,5600785
2023-07-31,89.85549624172893,90.09890046219478,89.29016764690884,89.6984634399414,5169252
2023-08-01,89.2666073144831,89.6670443074077,88.15166024207285,88.89757537841797,6595040
2023-08-02,88.70128633156133,89.11743339442181,87.88470974758906,87.9161148071289,5377375
2023-08-03,87.80619622711636,88.85833335510186,87.58634578174745,88.22233581542969,4347409
2023-08-04,88.58350441042516,89.40793971462497,87.7826304054222,88.7719497680664,6118274
2023-08-07,89.14884553333412,90.2794953204587,89.14884553333412,90.08320617675781,4140914
2023-08-08,89.81625149760025,90.16172220487576,88.81907318681372,89.15670013427734,4735463
2023-08-09,89.43150207238547,89.45506337383868,87.9239690908399,88.07315063476562,3900213
2023-08-10,88.292999574499,90.32660481687657,88.292999574499,89.17239379882812,5853515
2023-08-11,89.14883826000884,90.60141233243904,89.07817687619792,89.98112487792969,4463437
2023-08-14,89.90260777085511,90.96259611785557,89.667054804855,90.72704315185547,4916020
2023-08-15,90.02038115065773,90.0282324155211,89.0938793548535,89.39224243164062,4276614
2023-08-16,89.29802154516086,90.56215777949912,89.0938811486136,89.17239379882812,4614924
2023-08-17,89.49432498794744,89.81624939627504,87.10739012013025,87.12309265136719,5734981
2023-08-18,86.6048818578722,87.88472076038008,86.38503140156517,87.77479553222656,5651281
2023-08-21,87.97107820196713,88.3165563927055,87.17020410642752,87.95537567138672,3686075
2023-08-22,88.0574487467456,88.76410765174555,87.02886545009288,87.67271423339844,3308421
2023-08-23,87.54709043470994,89.32158904249845,87.54709043470994,89.09388732910156,3568043
2023-08-24,88.88188382012129,89.47861750404623,87.17020292617516,87.18590545654297,4211960
2023-08-25,87.5078190091534,88.23018041450612,86.5420533803881,87.9161148071289,3903596
2023-08-28,88.37152643065788,89.72987794823803,88.05745328801962,89.47862243652344,3524313
2023-08-29,89.25092099737822,90.82127170344066,88.66203854435604,90.55431365966797,5833091
2023-08-30,90.17743160180439,90.75060402525092,89.47077264868898,89.75343322753906,6086573
2023-08-31,89.9654308842619,90.24809145830362,89.3608459021243,89.87120819091797,5218620
2023-09-01,90.31089962350097,90.65637779222497,89.14098610991122,89.6984634399414,4435119
2023-09-05,89.26660515030427,89.65919086949616,88.18306316102289,88.630615234375,4406550
2023-09-06,88.60708119567983,89.56499566813031,87.88471970845454,88.47359466552734,5018014
2023-09-07,88.11241497656559,88.8426277383059,87.47642491124121,87.77479553222656,4139035
2023-09-08,87.54707516751868,87.96321468792206,87.32722475802726,87.71981048583984,3170967
2023-09-11,88.13597794535518,89.74558505674433,88.03390398114195,89.71417999267578,5272499
2023-09-12,89.70631414767014,91.72421678796458,89.51001751716275,90.29519653320312,5275255
2023-09-13,90.05179365720956,90.57785842666935,88.4421792774185,89.1959457397461,3508651
2023-09-14,89.80055046182494,92.03045278698367,89.76129412887899,90.80558013916016,6637768
2023-09-15,90.62496528107359,91.00970727996567,89.66705092821927,90.679931640625,8437076
2023-09-18,90.9076361162651,92.20316990694924,90.2323822873107,91.52792358398438,4700880
2023-09-19,91.09607309979704,91.61429411703536,90.46793437313333,91.2452621459961,3882045
2023-09-20,91.4965166343627,92.39161337180447,90.15386026921601,90.17742156982422,5134919
2023-09-21,89.47076157011227,89.77697590828498,87.98677494992619,88.71698760986328,5760292
2023-09-22,88.64633328797457,88.88188626194224,87.2094616479697,87.35079193115234,6249463
2023-09-25,86.99720717049834,87.97152470518586,86.92648742530065,87.78294372558594,4741101
2023-09-26,87.21720730472393,87.95580987358477,86.23503286635649,86.37646484375,6022043
2023-09-27,86.92649588124128,87.69651868149947,86.5493413967439,87.13079071044922,5912656
2023-09-28,87.26437333440668,88.78084831917621,87.08364923646447,88.2701187133789,5518337
2023-09-29,88.49796802423226,88.59225851400811,86.36075197580391,86.8636245727539,4924165
2023-10-02,86.78506643728898,87.37437268393347,84.93857102733892,85.4807357788086,5389278
2023-10-03,85.10357763580956,86.42362206943955,84.1056817615177,84.67141723632812,8624900
2023-10-04,84.83641651501634,85.8107340053512,84.35711468435868,85.52786254882812,4876551
2023-10-05,85.15071316791214,85.76359009297198,84.21568019467549,85.42572021484375,4819539
2023-10-06,85.13499451386829,87.92437193417847,84.82069539847663,87.58650207519531,5284026
2023-10-09,87.2250714075489,87.32721881947053,86.07003723749214,86.63577270507812,5418473
2023-10-10,87.38222387318457,88.78083743035619,87.09935238649815,87.59437561035156,5707039
2023-10-11,88.00294962344742,89.10298527313952,87.8536607342257,88.99298095703125,3580573
2023-10-12,89.18156478133048,89.37013824969314,87.02863490086676,87.47650909423828,3861746
2023-10-13,87.45293084184365,87.58650590609507,85.37857762142325,85.9443130493164,4578337
2023-10-16,86.3450358313554,87.15435062053325,84.85213191025768,85.75572967529297,5616698
2023-10-17,85.44930854970833,86.9736403714781,84.90714379548277,86.44719696044922,4916647
2023-10-18,85.66145328853574,86.10147062719656,84.39641470697377,84.52213287353516,6080433
2023-10-19,84.60071632448722,85.72432299763983,83.81497208696341,84.03498077392578,5035055
2023-10-20,83.83853056723412,84.26283404590806,82.91921888242625,83.35137176513672,9714760
2023-10-23,83.66565525449437,85.09570373137448,83.44564664091435,83.83065795898438,7300229
2023-10-24,87.25651609860154,90.27375973586267,85.1114427484364,89.27587127685547,15904078
2023-10-25,89.83374717459253,89.83374717459253,87.28794842392936,87.37438201904297,8224191
2023-10-26,87.82224081991326,88.2544012447941,84.05068829275807,85.48859405517578,9738191
2023-10-27,85.8343214190205,86.30576642672915,83.07637112848171,83.56352996826172,6677237
2023-10-30,84.48284212394326,86.80863179117058,84.40426545880894,86.28218841552734,5611435
2023-10-31,86.04647228808908,86.23504578239415,84.93071510860037,85.35501861572266,6349452
2023-11-01,85.09571961721686,85.11929036348852,83.15494132525396,84.27069091796875,12703791
2023-11-02,85.55145461580298,85.82646169082491,84.35712830359289,84.6871337890625,9398127
2023-11-03,85.29214970897529,85.99931716294297,84.93070906659568,85.58287811279297,6941620
2023-11-06,85.8735862986888,87.90865477872227,85.28428017424744,87.830078125,6131806
2023-11-07,87.50009073424764,88.73370163695435,87.10721489607255,87.84581756591797,5237415
2023-11-08,88.16010740158924,89.6137269409113,87.99510466071075,89.45658111572266,6065021
2023-11-09,89.84944456133181,90.17945753658194,88.73369499136184,88.85941314697266,5786605
2023-11-10,89.36227905712583,90.80018457907647,88.93798313058127,90.57231903076172,4382618
2023-11-13,90.47018298131121,91.58594011887566,90.13232058516971,90.76876831054688,5753776
2023-11-14,91.53879888214142,92.37168459247363,90.8080605954432,92.12810516357422,6007634
2023-11-15,91.90023168124004,92.32453517201849,90.92591404924997,91.38164520263672,5245309
2023-11-16,91.60950590154911,93.47171499420244,91.38949725222226,93.45599365234375,5825072
2023-11-17,93.76244172975153,94.35174796599962,93.45599948234586,94.23388671875,5186418
2023-11-20,94.23389062241338,94.87033837936963,94.00602503419861,94.3438949584961,5190678
2023-11-21,94.13171861712668,94.4853022811741,93.5345555963837,94.20243835449219,3506019
2023-11-22,94.21031661231333,94.67390468874086,93.7860131147723,93.97459411621094,3773785
2023-11-24,94.27316911036581,94.56389751957929,94.03744662133501,94.26531219482422,1981995
2023-11-27,94.05316045241818,94.54031926156298,93.75458263905465,94.26531219482422,3984415
2023-11-28,94.2653115380961,94.37531586630354,93.15741885192641,93.38528442382812,4378107
2023-11-29,93.91172917545018,94.0531611676659,93.07098662636557,93.39314270019531,3792831
2023-11-30,93.54242960361759,95.73464421446631,93.42456836073137,95.70321655273438,10174611
2023-12-01,95.62463658201953,96.84254105734463,95.44392002191539,96.25323486328125,5668572
2023-12-04,95.71106698962377,96.1825119292572,95.20033747548453,95.49105834960938,4747116
2023-12-05,95.08248912386968,95.21606420667923,94.28103111562034,94.46961212158203,3688206
2023-12-06,95.137467986687,96.31608025328538,94.05314620369457,94.13957977294922,3964241
2023-12-07,93.89601626055526,94.30459840998701,92.85097887285434,93.88030242919922,5064626
2023-12-08,93.58171638284998,94.93319600582227,93.48743339543557,94.75247192382812,4925418
2023-12-11,94.75246764055501,95.0039039517438,94.00601562225133,94.5088882446289,4643869
2023-12-12,95.06675630085779,96.23750414840562,94.76817101963086,96.1117935180664,4664543
2023-12-13,95.9625088509486,96.14323292693142,94.69747036463431,95.21605682373047,5506309
2023-12-14,95.1767802288465,96.17466865394302,94.21031946781173,95.34963989257812,10454155
2023-12-15,96.18251576896392,97.17254717716085,95.72678464093956,96.82682037353516,13586279
2023-12-18,97.17254993332473,97.30612500715654,96.72468321920329,97.14897918701172,5206215
2023-12-19,97.19613762819284,98.98762719279584,97.19613762819284,98.95619201660156,5957138
2023-12-20,98.55543510202318,99.17616883945762,96.81894450855239,96.93680572509766,6231921
2023-12-21,97.61256530801245,99.82835062254807,97.5811376468849,99.76549530029297,5185165
2023-12-22,100.09550807578205,100.59838069838061,99.14476123744794,99.54548645019531,4030650
2023-12-26,99.63191997418052,100.34694433135053,99.5062018186007,100.15836334228516,2480063
2023-12-27,99.77310376082202,100.96031813971675,99.73379451519908,100.79521179199219,3314310
2023-12-28,100.6379626920657,101.58144467274431,100.48857253331252,100.88955688476562,3965494
2023-12-29,100.82665637548403,101.0153557814259,99.82027958674854,100.34705352783203,4441133
2024-01-02,99.8596004047276,100.75591141266958,98.46797031002497,99.02619171142578,5189425
2024-01-03,98.37361555981458,98.45223405395382,97.21784853488353,97.54020690917969,4531850
2024-01-04,97.7288908981333,98.88465782948214,97.62668686402773,98.0119400024414,4364199
2024-01-05,98.20064577078848,99.33282731584974,98.06698680657175,99.29351806640625,4190157
2024-01-08,99.2384773672317,100.97605893017264,97.6581478339119,100.85811614990234,6920068
2024-01-09,100.06402904256329,101.2512435913086,99.81243480236539,101.2512435913086,4815028
2024-01-10,101.1883260789921,102.3440930531926,101.03894343057604,101.97456359863281,4571320
2024-01-11,102.30479089757607,102.3676856944854,100.48858337908113,102.0767822265625,5014005
2024-01-12,102.68218881854322,102.83943333701873,101.56573094065075,102.04533386230469,5640380
2024-01-16,101.58145502444452,102.09250531068828,100.04043480003833,100.6143798828125,6314619
2024-01-17,100.1819551931612,101.17260836327803,99.21488757164552,99.75738525390625,5031171
2024-01-18,100.00897909530053,101.16474613349837,99.67090453440429,101.07039642333984,6508082
2024-01-19,101.18833261257693,102.24974995037742,100.19767943707322,102.0610580444336,6154611
2024-01-22,102.4305922814431,103.99519812925837,102.41486858155969,103.1775131225586,10052443
2024-01-23,100.3470504292347,103.68854656180672,99.45860891761991,102.17111206054688,13333800
2024-01-24,102.42270576388925,102.51705546349902,99.41929168638066,102.15538787841797,10785198
2024-01-25,102.71361671134373,104.17601074891833,101.9666959953061,102.15538787841797,6086573
2024-01-26,102.62714508645591,103.97160409111393,102.51707167219239,103.14606475830078,4696495
2024-01-29,103.31114971523014,103.89296406546667,101.9666909891484,103.07527923583984,6126544
2024-01-30,103.37405779174713,105.57551838779649,103.16964219513959,105.30033111572266,7871346
2024-01-31,105.17453848486534,105.72490553631279,103.8772581423617,104.11312866210938,6253472
2024-02-01,104.59273339395645,106.50328313435195,104.15243974504118,106.4639663696289,6190572
2024-02-02,106.4796990994598,108.03644318602541,106.17307190204606,107.35242462158203,6103864
2024-02-05,106.9121030219455,109.00348245341004,106.73126547797997,108.27228546142578,7158013
2024-02-06,108.24870809770489,108.80693695235819,107.3838521025198,108.17008209228516,6026178
2024-02-07,108.98776706173926,109.15288092161268,108.4452694207185,108.89341735839844,5807655
2024-02-08,109.01135492797145,109.66393350019797,108.69686593162133,109.32585144042969,4327110
2024-02-09,109.2944060171648,109.62461871768312,108.66541298089278,109.5066909790039,4324604
2024-02-12,109.71110198168653,110.71748628791767,109.20791358662493,110.20642852783203,4516313
2024-02-13,109.93911997516071,111.48014020307464,109.04281650980234,111.46441650390625,9054930
2024-02-14,112.4314836205509,115.49779284716323,111.92043333546694,115.18330383300781,13116028
2024-02-15,115.57641581894501,117.06239553782294,115.41130946666136,116.65355682373047,8627532
2024-02-16,117.10957473819566,118.21816314591602,116.76363081709904,117.2746810913086,8616756
2024-02-20,117.16459425706836,118.20242590142506,116.22111231058182,116.85010528564453,7166032
2024-02-21,116.7321698551499,117.45550501081536,116.09531503262818,117.20391082763672,5302571
2024-02-22,117.8171840448036,119.70414060212481,117.8171840448036,119.24813079833984,5753024
2024-02-23,119.50757483169623,120.9227977443844,119.43681067961883,120.55326080322266,7066168
2024-02-26,120.8127374380075,122.00781369159503,120.73411142897126,121.68545532226562,7705449
2024-02-27,121.85841932993131,121.87414302797588,120.37243967142318,121.07218933105469,7300354
2024-02-28,121.20585045679586,123.36799426669,120.93853255302243,122.34588623046875,7633025
2024-02-29,122.64466050392654,123.58028069435618,121.94491082341854,123.3522720336914,8177329
2024-03-01,123.43875042394905,125.26281968042875,123.33654638522604,124.73603820800781,8698201
2024-03-04,125.30214192447748,127.18909865365534,124.68101819803297,126.59156799316406,8402242
2024-03-05,126.99254641788625,127.48787300570005,123.10854469504169,124.11492156982422,8003663
2024-03-06,125.08983852203689,126.5679638040164,124.59451198381622,125.40433502197266,8198755
2024-03-07,127.4013642174793,131.0888117966271,127.03184229401887,130.90797424316406,14393838
2024-03-08,133.27455478736144,138.22782065507246,131.57629005668664,132.05589294433594,21242234
2024-03-11,131.3718471886807,132.41753315196658,128.1404170538436,130.95513916015625,9338609
2024-03-12,131.6549036536613,131.9300834102711,128.8873523245936,131.6627655029297,6928589
2024-03-13,130.12959855666057,134.48533309080867,130.12959855666057,133.78558349609375,8462887
2024-03-14,133.85633485347597,134.24945731705313,130.22393560212805,131.10452270507812,9460777
2024-03-15,130.23967446002388,134.05291169111473,129.64214387932736,132.78707885742188,13263757
2024-03-18,132.84211427826514,134.24947545060024,132.54334898234256,133.5890350341797,6228788
2024-03-19,133.5104024849076,136.74967936911872,132.8735476826834,136.38015747070312,9360787
2024-03-20,135.71188575640522,137.4180124282004,135.24014469300081,136.7497100830078,7229434
2024-03-21,137.29221783197085,139.20276777519334,136.08927953557958,138.8804168701172,7890893
2024-03-22,138.61308090654742,139.5565629797195,137.65387513430363,137.7089080810547,6842132
2024-03-25,137.32367468287165,137.991962017524,135.85340346286853,136.40377807617188,6288181
2024-03-26,136.40372613333275,137.6302494644635,135.54672465488366,136.45089721679688,5056983
2024-03-27,137.60668705305525,141.80516973470176,137.33936916961235,141.61647033691406,12606433
2024-03-28,141.4828225506899,141.49854624822538,137.06417793111672,138.00765991210938,12122274
2024-04-01,138.06269230126327,138.40076679233056,136.06564764973902,137.87399291992188,7399592
2024-04-02,138.44331551943185,142.36421361279224,132.00043242064942,134.443603515625,20490400
2024-04-03,136.09866592649004,145.743306977804,135.96074532566865,143.45774841308594,16208500
2024-04-04,144.47242917452957,149.7331484333182,144.03897523846442,145.20144653320312,11880200
2024-04-05,146.3245264207604,154.1466304170367,146.3245264207604,153.97915649414062,14777900
2024-04-08,155.13176775149486,155.6046361400709,151.41774334885417,154.1958770751953,9588800
2024-04-09,153.81167719288956,155.52583083330828,148.6888784099951,152.19602966308594,8807300
2024-04-10,149.63463055370747,155.44701721851206,149.3981888297969,154.2845458984375,8075400
2024-04-11,154.73775608721667,156.08740885603876,152.4521973508852,155.33868408203125,6063200
2024-04-12,153.85827625305336,154.92413402458445,151.0258675367429,152.60491943359375,6851300
2024-04-15,155.14126639439564,156.61175840223066,150.6903359058113,151.68710327148438,6423700
2024-04-16,150.70021917316078,154.9636511548267,150.00938947028658,154.70704650878906,6187200
2024-04-17,155.93080486560024,156.60189224051973,151.618039954956,153.63131713867188,6519900
2024-04-18,154.62805214189933,155.93077215018624,150.87783042848858,150.93704223632812,6186600
2024-04-19,151.44036665263104,151.5193207540892,144.85772091547824,146.12095642089844,9566100
2024-04-22,146.88089373148858,149.9205592295343,146.88089373148858,148.22308349609375,7322800
2024-04-23,155.7630178988954,161.50678979106922,150.81863562056924,160.4902801513672,19250900
2024-04-24,159.75010415509243,160.21395011929343,153.52274394250972,157.10520935058594,10416000
2024-04-25,156.0196335179053,159.36523712756335,155.0623355327592,159.1481170654297,5908200
2024-04-26,158.90139896157623,161.2304928770419,158.21056921100572,160.22386169433594,5898000
2024-04-29,160.8653081901448,163.8951098733132,160.8653081901448,162.33580017089844,5371700
2024-04-30,161.41799348987345,164.08263090928833,159.46392805683024,159.70079040527344,6723600
2024-05-01,160.44094441415945,161.161379910672,156.74005547741234,157.6085205078125,4775800
2024-05-02,159.2764104805288,160.68769080544615,157.33220870679745,160.51004028320312,5030400
2024-05-03,163.13518748637546,163.13518748637546,159.88826582334588,161.9607696533203,3968600
2024-05-06,162.95758128923055,165.78012729050585,162.86876354467373,165.770263671875,4831600
2024-05-07,165.612312771444,168.56316034981504,165.03004318401594,166.56961059570312,4781800
2024-05-08,165.89854855892602,167.96117405779728,165.89854855892602,166.64859008789062,4878200
2024-05-09,166.54988992625653,167.12229597190424,164.94124687518647,165.306396484375,4968800
2024-05-10,165.71099833437296,166.53013018502915,160.97385772114626,161.24032592773438,5711300
2024-05-13,160.94426530215824,160.97387120993167,156.77953027386283,157.41114807128906,7768600
2024-05-14,156.56241233099135,158.71387036459055,155.9604004333145,157.90460205078125,6103500
2024-05-15,157.90463513600548,161.59566140353505,157.1447148629048,161.32919311523438,7133300
2024-05-16,160.8653174116123,161.7732670893147,158.9803275627622,159.0099334716797,4283200
2024-05-17,159.700783226813,159.7599950465228,157.01640363428305,157.79605102539062,5946300
2024-05-20,157.82564857007446,159.3060042201853,156.74006346203367,157.19403076171875,5586800
2024-05-21,155.87158682522428,159.10863004803588,155.29918082059876,158.89151000976562,5071300
2024-05-22,158.38820859986575,159.62183844579573,157.63815201580715,158.70401000976562,4432200
2024-05-23,159.86856872114927,164.09251622267172,159.63170636312577,163.09573364257812,7411500
2024-05-24,163.65827029610287,166.9347833083777,161.70420485327156,165.1386260986328,5500300
2024-05-28,164.81292584930878,166.4413110092674,163.1450561064307,166.3524932861328,5749700
2024-05-29,164.4181697272523,165.23728658265816,161.250202083972,161.45745849609375,4820800
2024-05-30,161.33903435895664,162.85887469438418,161.05283887340482,162.0496063232422,4384400
2024-05-31,162.13842065803786,163.18455134834954,157.9737004253687,162.977294921875,11704800
2024-06-03,163.94444963030497,164.60567334984316,156.94730550760994,159.34548950195312,5220500
2024-06-04,158.89149704052497,159.85865845817713,156.27620823704262,159.2665252685547,5598600
2024-06-05,159.71066210851285,160.80612605471717,158.4178203914253,160.42123413085938,4279900
2024-06-06,160.17450108292556,161.0331026307989,157.6677568205765,158.51649475097656,3867300
2024-06-07,158.59544509687532,161.65485304414764,158.00331182443907,159.79946899414062,3341800
2024-06-10,159.8784171339226,161.7535283483302,159.44417704832324,160.70741271972656,4385200
2024-06-11,159.90806142197388,160.13504513612057,157.51975543693294,158.2599334716797,5106400
2024-06-12,159.14811357326212,160.806119915087,157.0953517047427,158.9408721923828,5790700
2024-06-13,158.48691630587533,158.52640090052725,152.16085778987932,153.65109252929688,8080900
2024-06-14,152.20032835831248,154.5491645779417,151.21342440841235,153.83859252929688,6247400
2024-06-17,154.0951562019653,165.30638378842193,153.4141901817023,161.09230041503906,9564800
2024-06-18,161.2600783090437,163.02664458144412,160.23370496126438,162.8095245361328,5105300
2024-06-20,162.8095206777057,164.12210453545083,160.91466719358735,162.83912658691406,4957200
2024-06-21,162.34570093573424,162.7601987906227,159.18761128494646,162.089111328125,17195200
2024-06-24,161.95092071930662,162.60226578698666,157.1150830306171,158.43753051757812,5519000
2024-06-25,157.49010827278744,161.506798858695,156.34529626472738,157.6381378173828,6825500
2024-06-26,156.4933413487622,158.91125262463643,155.45708935654272,158.53622436523438,3998000
2024-06-27,158.69411488752115,159.73036676417235,157.50983348232913,158.39804077148438,3339700
2024-06-28,158.16120664896965,159.50339649640136,155.8321129448663,156.8881072998047,8641200
2024-07-01,158.56584084435488,159.286276443217,154.00634984539846,156.8881072998047,4435100
2024-07-02,156.74007028599067,160.8061091631179,156.17752788615817,159.3356170654297,5247300
2024-07-03,159.75999844574764,162.33581807062978,159.4244396953238,160.86532592773438,2577300
2024-07-05,161.10216227815286,161.10216227815286,157.56904529374546,158.39804077148438,4668300
2024-07-08,158.6941387212398,161.63510791526753,158.54609411150955,161.3883819580078,3453300
2024-07-09,161.83249635968326,163.41154861403808,160.89494067195437,160.99363708496094,3829900
2024-07-10,161.01336038120385,163.8161788170606,160.4113484180921,163.52996826171875,3904600
2024-07-11,163.30260398901558,163.7869957804075,159.94144205163025,160.06996154785156,4553800
2024-07-12,160.0304255161034,160.44562494571153,156.98561461452928,157.19320678710938,5983400
2024-07-15,158.76504900435054,158.91332912527622,156.78790027495364,157.73692321777344,5383300
2024-07-16,158.05326716818314,161.99766905242342,157.8258842136956,160.9893341064453,6500700
2024-07-17,159.80304808592797,160.09962342719697,154.72177619827409,154.8700714111328,6041200
2024-07-18,155.5719645427743,158.60689550425627,154.6328217828243,156.97573852539062,5274800
2024-07-19,157.83577177029554,158.60685849512583,155.81907180962682,157.31182861328125,5459800
2024-07-22,158.14224423382367,161.07831133912543,157.9445323753903,160.90036010742188,6350500
2024-07-23,164.10334387490914,175.17537369777253,162.73910643013065,170.0347900390625,16428000
2024-07-24,169.5404985459023,170.8948405585753,160.1984740918951,160.44561767578125,7335200
2024-07-25,161.43418647614683,166.27819452044753,160.06994911284846,162.7885284423828,8791500
2024-07-26,165.33906402814785,170.64770358875475,164.21208984532493,167.86981201171875,7297700
2024-07-29,169.29334499577817,170.75643070260764,166.47590227155894,167.92910766601562,4886600
2024-07-30,168.53215997616226,172.73360118832312,165.35884459026826,165.56643676757812,5329500
2024-07-31,168.91768353811437,169.78763373741631,166.0409438280528,168.25534057617188,5568800
2024-08-01,168.79909082786324,172.70395696921676,166.2979986244025,167.81051635742188,6112900
2024-08-02,163.67825109079863,165.51698477402002,156.55062388131384,158.4486846923828,8210700
2024-08-05,150.74770227730644,158.07302646553399,148.48385865538563,156.55062866210938,7064800
2024-08-06,158.10264920483596,163.55958248230647,157.934593417297,160.41592407226562,5056700
2024-08-07,162.5413859010688,164.37025440453326,159.72395817411297,160.27755737304688,4307500
2024-08-08,162.600694922071,164.42956339152312,161.69120838581563,163.71778869628906,3842700
2024-08-09,163.55961579003096,165.96185919574935,162.68968065881717,165.22042846679688,2770100
2024-08-12,165.71470498408203,166.851559328402,162.73908686214463,164.96337890625,3173700
2024-08-13,165.8432428927533,166.7033129143723,164.35050091633585,166.0409698486328,2942400
2024-08-14,166.57478582955892,167.24700917872173,163.72768674028546,166.03106689453125,4456000
2024-08-15,166.821930836581,168.79907964649604,166.2979876087094,167.9983367919922,4162500
2024-08-16,168.10704423840633,168.38384380519983,166.93063853731144,167.48423767089844,3305600
2024-08-19,167.67207957665315,169.0461971843056,166.10025013538188,168.97698974609375,4506000
2024-08-20,168.95726194745606,168.95726194745606,167.2569126959821,168.0477752685547,2573900
2024-08-21,168.15648909852774,170.22260569933837,167.90934553141318,169.24391174316406,4102900
2024-08-22,169.7777630483752,170.01501123658062,166.84169604375413,167.7412872314453,2996600
2024-08-23,168.0576404718479,169.4218779097602,166.92078599655264,169.26370239257812,4058000
2024-08-26,168.591463986778,169.96558173784638,167.64244105258055,169.26370239257812,3707300
2024-08-27,168.74962093906086,169.54048335351746,167.6621983180732,169.03631591796875,3206000
2024-08-28,169.24392226786674,171.19141490459313,168.34431600735917,169.90626525878906,4578700
2024-08-29,170.64770269158277,173.9594328603829,170.51919828108103,171.59674072265625,4262500
2024-08-30,171.97239980815388,172.8225743487993,169.8074195776471,172.62484741210938,5295600
2024-09-03,172.19975291034427,172.75335208290687,161.73075510824805,162.3337860107422,6099600
2024-09-04,161.63189029117817,164.7162371320972,161.53302683214523,164.45921325683594,4112400
2024-09-05,162.89728747834727,164.10334944609247,160.65321937974616,161.97792053222656,3144200
2024-09-06,162.6303551892216,164.1428726849643,158.75514568315,159.38783264160156,3954900
2024-09-09,161.62200572976244,164.47898464112654,161.04863086822746,163.46075439453125,3716000
2024-09-10,165.53677471386766,165.81357432983273,162.37333975680426,165.0721435546875,3473200
2024-09-11,164.34059704394684,164.82498879684655,160.3764044473461,164.4493408203125,4258000
2024-09-12,164.60750806130898,169.0165562585705,164.3307084526322,167.7610626220703,5148500
2024-09-13,167.4743774330422,177.2711524628166,167.27666558798393,176.24302673339844,7360800
2024-09-16,176.67801975748714,179.4460311223068,174.24612007179135,179.366943359375,6844600
2024-09-17,179.43611799190353,180.34560454906935,176.94492158575468,178.2696075439453,5936900
2024-09-18,179.12966413368576,183.64745602586567,178.36845768208286,181.45281982421875,5686500
2024-09-19,185.505940127517,185.84206681522215,182.17444994487477,184.03297424316406,5021500
2024-09-20,182.8862391817518,185.69378647649103,182.21401592150977,185.28846740722656,9895700
2024-09-23,185.664123047267,187.6116154800369,185.25880399417477,186.51429748535156,3972500
2024-09-24,186.51430227614213,187.63139600769387,184.863385085777,187.4929962158203,3648900
2024-09-25,187.66106572643042,188.69907178347214,186.04968475136138,187.16677856445312,3214800
2024-09-26,187.51327261721624,187.661787445803,182.6917902968272,182.75119018554688,4781500
2024-09-27,182.3353569135863,184.33523856449597,181.3057237002504,183.53330993652344,4452800
2024-09-30,183.23632704850337,186.8301716309227,181.26614499876155,186.7014617919922,5628400
2024-10-01,185.6223316313796,186.345055536957,183.0779253278201,184.44418334960938,3794000
2024-10-02,183.72146546407876,186.3252566415868,182.88982158059721,184.58279418945312,2879800
2024-10-03,184.64216741353607,184.8500821310687,181.8700567848976,182.05816650390625,3999500
2024-10-04,184.72138090783335,185.2956050374831,183.01851351833074,185.21640014648438,3978300
2024-10-07,184.08773894779569,185.3648818120745,182.95909579792598,184.1075439453125,2514200
2024-10-08,185.75100826899853,187.98850482367237,184.70156993408926,185.60250854492188,3627200
2024-10-09,184.770874454558,187.533074988844,184.64216462627655,187.39447021484375,2312600
2024-10-10,186.27573266049203,187.85980026007752,185.52330885942243,186.24603271484375,2300900
2024-10-11,187.52318528663395,189.8596766185332,187.1766657885503,189.25575256347656,2983900
2024-10-14,190.0676017253277,191.99817392853842,189.7507972363138,190.7111358642578,3132900
2024-10-15,191.9189712226999,192.39418547763984,187.8697022352926,188.67164611816406,3824300
2024-10-16,188.602321903771,190.3051892208415,188.02809779854607,190.2655792236328,2912800
2024-10-17,192.15656013015928,192.85949408028685,190.28538805423895,190.70120239257812,2633300
2024-10-18,191.17642369956036,191.513033134539,189.2359417620125,190.69129943847656,3075900
2024-10-21,190.9883382579592,192.45359106634473,190.1072045621801,192.29518127441406,4728800
2024-10-22,182.66208990817606,183.15710912201936,173.9992536659184,174.9001922607422,15636200
2024-10-23,177.90991439356546,183.13731643460943,177.83070950121163,179.88009643554688,9788600
2024-10-24,180.08801102872235,180.39493567715118,177.84063433688004,177.9495391845703,4366800
2024-10-25,178.20693132386478,179.61278419149394,176.52386888271934,177.31590270996094,3974900
2024-10-28,178.1871167448172,178.7811458600117,173.46464419549378,173.61314392089844,5687400
2024-10-29,172.82110679034156,173.15771623260048,171.0489446387414,172.31619262695312,5219300
2024-10-30,171.2568619919157,174.77150182150254,170.7915426707338,172.90032958984375,3694000
2024-10-31,170.28664210171567,171.89049982687285,168.73227422196967,170.06883239746094,5177100
2024-11-01,171.03903181282027,173.5240379126337,169.88068867550754,169.98959350585938,3984900
2024-11-04,170.58364049255988,172.9399219041074,169.7421017055,170.04901123046875,4197400
2024-11-05,170.6430242371119,173.72204435576106,170.05890518959532,173.51412963867188,3607300
2024-11-06,179.69198450113524,180.24640363402506,176.7218690548355,178.9593505859375,5939500
2024-11-07,179.21678704593722,179.21678704593722,175.00912310290246,177.0684051513672,5084200
2024-11-08,177.8604072078353,184.56297195934042,177.6624025328383,182.96900939941406,4676500
2024-11-11,184.77088345470358,185.60251213921345,181.87006289833167,182.72149658203125,3371900
2024-11-12,183.22644983217012,183.85016387373656,178.79106605441953,180.82064819335938,3158000
2024-11-13,181.1275364955482,184.4441714389557,180.93942676767654,181.73146057128906,3934800
2024-11-14,181.17701564419377,181.96904933503382,175.72190984657388,176.62283325195312,5085600
2024-11-15,174.98929605777658,176.14763923159626,174.13786238640643,175.16749572753906,5302100
2024-11-18,175.23682367237063,176.791191449989,173.38545641463742,175.75164794921875,2833800
2024-11-19,174.74179088136952,176.10804881138478,173.94975707981303,175.79122924804688,3216000
2024-11-20,176.3258461313218,176.76145034021118,174.24675943624268,176.20703125,3225400
2024-11-21,176.63275634793956,179.1375523166145,175.5734079980164,176.91986083984375,4532000
2024-11-22,177.51391202085125,179.92960845890104,176.99908775369576,179.34547424316406,3405200
2024-11-25,180.42464846060776,181.87009642536785,177.76144208319627,178.4148712158203,9740700
2024-11-26,179.06823906194077,183.08779251491742,178.6227248070597,182.76109313964844,3918900
2024-11-27,182.80071336509022,182.8502183128912,178.64255456522122,178.80096435546875,2726200
2024-11-29,179.64247923996533,181.14734196001328,179.32567478178007,180.3454132080078,2054700
2024-12-02,178.99896206820262,179.8305907744282,177.6327041174117,178.64254760742188,2817700
2024-12-03,179.19694830975476,180.42460134987815,178.1178100919713,178.91973876953125,2882300
2024-12-04,178.7019590397781,181.07804552723113,176.22686265418562,180.83053588867188,3713400
2024-12-05,178.53366082199514,178.96928021886328,170.9895715972207,171.1875762939453,7547300
2024-12-06,171.5736916045806,174.07848804240527,170.72225780826298,173.8309783935547,6899600
2024-12-09,173.2567377544037,174.61308566722295,169.06887912315523,169.6134033203125,6500800
2024-12-10,169.3064536503719,171.4350451776971,168.91044435108586,169.56387329101562,5100300
2024-12-11,171.44497163043187,171.44497163043187,166.25716425838138,166.96009826660156,7606400
2024-12-12,166.96009362011532,167.59371766185663,162.8118298486637,163.18804931640625,7808600
2024-12-13,163.99989347133894,166.19778044457405,163.89098861746547,164.35630798339844,4957100
2024-12-16,164.6632231127429,167.5145239372944,163.80187927952286,164.13848876953125,7436000
2024-12-17,164.1483917236328,164.8513106219649,161.90100002476825,164.1483917236328,4855100
2024-12-18,164.3463791927924,164.97010823715394,158.01013929072505,158.3566436767578,8059100
2024-12-19,161.40598325323225,164.11869431288272,160.5644444448138,163.15835571289062,6257600
2024-12-20,162.33660126803025,167.395698208851,161.53467256327576,166.69276428222656,9281500
2024-12-23,166.4452600383395,167.6432132145657,164.8909075212197,167.3363037109375,4127700
2024-12-24,167.55412113919368,169.78170776367188,167.1680067285557,169.78170776367188,2235700
2024-12-26,169.31638641032905,170.9499438724535,168.43525276047487,170.43511962890625,3309700
2024-12-27,169.29472096080175,170.03845947891747,167.56924215146967,168.66006469726562,3188400
2024-12-30,165.80409896451565,167.81714994922694,164.6240314635335,166.69659423828125,4117500
2024-12-31,167.09325243860232,167.1428380323713,164.76286571405043,165.39752197265625,2806900
2025-01-02,166.51809053778572,169.27488004155967,165.82393762881358,167.1824951171875,4148000
2025-01-03,167.80725322746986,171.18878817550402,167.58908870621607,170.52438354492188,3975500
2025-01-06,171.7044373918368,172.23001143414334,169.7508828831125,171.01028442382812,4980300
2025-01-07,170.78218445979533,172.24982411575127,169.3542041971797,170.87142944335938,6496400
2025-01-08,170.5640403586102,172.13085138232353,169.28481671373643,171.4466094970703,4527700
2025-01-10,170.96070161965392,172.01186485284057,169.31457173473913,170.2566375732422,5131200
2025-01-13,168.09481972719806,171.07970006066674,167.58908297145183,170.13763427734375,5610800
2025-01-14,171.66477584784926,176.41477943445616,170.96069669033818,175.3834686279297,6432700
2025-01-15,177.5750046389722,179.36989106169892,177.38658847191948,178.78480529785156,7397000
2025-01-16,180.1632166386398,181.35321040757506,177.1287658169334,178.2394256591797,6144700
2025-01-17,179.27073024832842,181.66061363877444,178.45758400781494,181.32345581054688,5899100
2025-01-21,183.35633174040913,187.73944409900903,182.96958831246198,185.93463134765625,7508400
2025-01-22,186.50978390655405,187.6601030805467,185.05205524137685,186.78744506835938,7457800
2025-01-23,199.71859323317972,205.9164147105177,196.4461555982653,199.1236114501953,14403500
2025-01-24,200.80940198110656,201.30522766501053,193.8876796705989,195.10740661621094,7835700
2025-01-27,192.71752413869822,194.98841425576137,191.13089102122,192.83653259277344,7674800
2025-01-28,193.6695249771825,194.90908924978172,190.188818815628,192.80677795410156,4858800
2025-01-29,193.3025904701976,198.2707734197916,193.3025904701976,197.4377899169922,5595800
2025-01-30,198.14183874030996,204.21073969830957,197.81459200395147,203.853759765625,6282100
2025-01-31,204.12152118893704,204.151269520519,201.37465769687205,201.8704833984375,5507800
2025-02-03,198.33028733187092,203.02079439047765,197.3088875626238,202.40597534179688,4678300
2025-02-04,201.2358039523879,202.83236325304077,198.75667554338654,200.4920654296875,5413800
2025-02-05,202.177886859791,203.5661927300528,200.10532398942988,202.87203979492188,3239400
2025-02-06,203.28855824805464,204.37938095462903,202.35640341360033,204.33970642089844,3113200
2025-02-07,204.7561712482033,206.10481772065992,202.79270576657055,203.56619262695312,3954400
2025-02-10,204.41903139477847,204.9346943908605,201.70190094660066,203.5067138671875,3787500
2025-02-11,203.28855938680744,207.4039070974433,202.73323696267744,207.07667541503906,4110900
2025-02-12,204.9743585032293,209.65495471335086,204.41903609379128,207.8898162841797,4595200
2025-02-13,209.35743577657615,209.53594089438917,204.54793563317094,206.6204833984375,3763300
2025-02-14,206.9179781696455,207.4138038538641,203.25878219908833,206.53123474121094,4268500
2025-02-18,208.11787264864552,210.41851113951734,207.5724764885538,208.3261260986328,4396000
2025-02-19,207.29479707863774,210.0119272974583,207.13614435826656,208.74261474609375,2699100
2025-02-20,207.97903963496685,208.52445092010078,205.4205772594834,206.997314453125,2969100
2025-02-21,206.62049837179785,207.37414803249223,196.78331772526943,198.16171264648438,5419500
2025-02-24,200.9383120118812,201.55313098884028,195.78171303767536,197.05104064941406,4299100
2025-02-25,197.31879688966453,198.40961951293062,193.21336058335388,197.60638427734375,4121400
2025-02-26,200.0755910301188,202.8918926469333,198.32037885888127,199.92684936523438,3157400
2025-02-27,202.71337996319343,203.7546169727818,199.4211051414413,199.7483367919922,3480200
2025-02-28,200.26400854616037,205.58918715511652,199.35169102225697,205.25201416015625,6117400
2025-03-03,205.36108723433838,206.73948209145897,199.13351757886122,200.27392578125,5376400
2025-03-04,196.34698932360737,201.34490603039208,191.6465559500714,197.11056518554688,6164200
2025-03-05,197.20971813520163,202.76297228286202,197.03122813807408,200.80941772460938,6221200
2025-03-06,197.33862229442528,198.5484381742799,193.6496779937864,194.4132537841797,5621400
2025-03-07,193.44142897206493,194.11574460211992,186.11311123974298,192.2316131591797,7681300
2025-03-10,187.96952141995808,190.959955374715,186.68791769617116,190.8705291748047,6195000
2025-03-11,188.69476224343498,192.42037370923856,187.09524760728644,190.47312927246094,5356700
2025-03-12,193.65232998674307,195.96717857947718,191.17851832062007,193.7318115234375,4735000
2025-03-13,193.28473132483163,194.34776461006504,190.4234567874032,191.1685791015625,3837200
2025-03-14,194.09940512591962,196.41425377542052,192.34092724692366,195.82809448242188,3263200
2025-03-17,195.71880883107994,202.27589173898824,195.05316800090236,200.71609497070312,3733000
2025-03-18,200.48757190221653,200.66639397348433,198.22240137551438,199.484130859375,3983100
2025-03-19,200.0107030333992,205.47493324729984,200.0107030333992,204.23306274414062,3564000
2025-03-20,203.66676241601417,204.82915138724226,201.78905482256081,202.6037139892578,3970800
2025-03-21,201.28238088838185,202.9812512783514,199.5139584723814,202.80242919921875,7976300
2025-03-24,205.57427648250393,209.5085289582092,204.26286909697035,208.8627471923828,4043900
2025-03-25,209.39924101463652,211.3762891536402,208.88261864062483,210.75039672851562,4315200
2025-03-26,210.90934759610656,212.8168740562606,205.3457767592394,206.02134704589844,4791100
2025-03-27,205.01792017563778,206.33927222267275,201.48107537463702,204.54104614257812,3301900
2025-03-28,204.26287911326432,205.51467920077806,198.29195566101833,198.580078125,5178400
2025-03-31,196.24534141891388,200.2590753384861,193.1853707074193,198.84829711914062,6923100
2025-04-01,198.2621295446197,203.1700039481622,197.17922215942303,202.46461486816406,3854000
2025-04-02,198.1826722111829,200.87505432351267,197.13949788250744,198.47079467773438,6026500
2025-04-03,188.60537837222708,192.88734600814672,185.50567403727078,186.40975952148438,12750500
2025-04-04,178.51145456317693,181.96883350567396,164.3441990798606,165.72515869140625,18167100
2025-04-07,162.14857016573833,174.1996723822149,158.3236025832734,166.60935974121094,18545500
2025-04-08,174.85536429740557,177.1900868731519,165.2780597229525,168.2684783935547,11903400
2025-04-09,164.73163846910094,187.88010801596744,164.62235325685424,186.0520782470703,12548600
2025-04-10,180.71700709559204,184.20418950902868,174.81565062584065,180.3295440673828,8150900
2025-04-11,177.84579072723386,183.0517174852017,173.9115533482446,180.48849487304688,6491100
2025-04-14,184.14456238827708,186.38985877757847,182.634443627211,184.7903289794922,5319100
2025-04-15,182.68412671459976,187.214467968089,181.10445588420885,184.4624786376953,4999300
2025-04-16,182.87290232262654,184.67112850596064,180.1010386848091,181.263427734375,5128000
2025-04-17,182.1973275584863,183.04180567062096,180.4090307772066,180.60772705078125,4932000
2025-04-21,178.1239832416282,179.61422801193189,174.87526055724484,177.1901092529297,8501600
2025-04-22,185.28708285947042,188.76432033940685,180.9157046627998,187.94964599609375,13041000
2025-04-23,194.66570669020587,195.74861423721717,191.31762833532258,192.42039489746094,7235700
2025-04-24,193.0661734214282,196.41425171913713,192.78799561886473,196.1261444091797,5906300
2025-04-25,197.4077441392576,198.68936306570242,195.9771068072043,197.13949584960938,4390600
2025-04-28,198.20255506849554,200.1696739267559,197.3084142673464,199.5537109375,3416900
2025-04-29,199.18610015645172,201.1134704525845,198.35155165306247,199.19602966308594,3444200
2025-04-30,197.30841157936584,200.71609730841112,195.57972220653357,200.22927856445312,4436300
2025-05-01,200.9346717591748,203.90523182012436,199.55371219870773,202.28582763671875,4687600
2025-05-02,204.97818267655143,207.3625679512336,204.22311571724563,206.3491973876953,3831700
2025-05-05,204.96823071494876,209.1508570425669,204.3125194819072,207.5811309814453,4466500
2025-05-06,204.6801398050402,208.46535879726247,204.58078409770866,207.2433624267578,3169600
2025-05-07,207.5414083994785,209.26016822302847,206.8658380703434,208.55477905273438,3968300
2025-05-08,209.6277541352356,215.39003666470242,209.14093540989953,213.09506225585938,5870300
2025-05-09,213.81037056420098,214.71444078237502,211.34648853526215,213.56199645996094,3778200
2025-05-12,217.91350976571215,218.54934689334374,209.77677133772724,217.5260467529297,5468000
2025-05-13,218.5692203136226,222.09613576423024,217.87377582635347,220.13894653320312,7188700
2025-05-14,221.4900950137857,221.89743218559036,219.01628346257831,221.78814697265625,4764700
2025-05-15,221.99677244636857,228.59358808154283,221.99677244636857,227.88821411132812,7207700
2025-05-16,227.58023146649927,230.8090948210076,226.1098458547994,230.27259826660156,4651700
2025-05-19,228.00744291572644,234.33601066324533,227.43121313627017,233.75978088378906,4734400
2025-05-20,232.63712823014137,234.54463956104783,232.2794689081244,233.72996520996094,4311000
2025-05-21,233.3325712406803,235.75670494589738,231.14688213516655,232.02114868164062,4631000
2025-05-22,229.68644532931694,230.93824539140206,227.92795237864408,228.77243041992188,6909400
2025-05-23,227.35172355586707,232.17018739320537,226.52711968475802,231.27603149414062,4234200
2025-05-27,233.8889422723927,240.70432881228925,233.57103127799536,240.20758056640625,7162400
2025-05-28,240.2075585225431,244.40011454580852,240.02873644702137,242.08526611328125,9570500
2025-05-29,242.93968661513944,243.3470237994569,239.91946406603697,242.5720977783203,5243700
2025-05-30,241.80709943259788,245.25453331365276,240.72419194453988,244.3107147216797,9143000
2025-06-02,244.25110974263336,246.4864767683699,242.9198129704901,245.87049865722656,5450800
2025-06-03,245.89036433846738,248.87085360317607,242.5919489422713,247.25144958496094,6456200
2025-06-04,248.35422670945223,251.41419745146715,248.09592310197348,249.24838256835938,5811500
2025-06-05,250.83798707310314,251.36453899483834,248.48340526611545,250.28163146972656,4188200
2025-06-06,251.35458319982465,255.79551321457777,250.4306388464654,253.9674835205078,5796700
2025-06-09,252.36798989882803,253.65953840491562,249.50671507420984,249.77496337890625,5771600
2025-06-10,249.1490295048176,249.61597403218926,238.1907652705169,240.42613220214844,11230900
2025-06-11,241.06197371507506,245.3538855789859,236.95882859882036,243.92324829101562,6940800
2025-06-12,238.43914398443283,241.84682947395848,237.12772141593325,238.42921447753906,8946600
2025-06-13,233.47164851283563,236.45213764278674,232.18010019127982,235.06124877929688,7420300
2025-06-16,236.054766939676,238.37954503728182,234.53471855589117,235.00164794921875,4505600
2025-06-17,235.19040386563546,237.41584130958677,233.352444579649,234.21678161621094,5720500
2025-06-18,234.42543276650386,237.96227775961765,230.72962470055165,234.3558807373047,7761100
2025-06-20,238.16097751265224,239.2339555307135,234.97184714011843,237.81324768066406,9142100
2025-06-23,237.6840924386333,246.8441307771566,237.06811434076982,246.19834899902344,8052000
2025-06-24,246.76465908045594,247.76808506182707,243.97293641384897,247.1322479248047,5255700
2025-06-25,248.45358699475912,249.3576723769329,246.86398665598227,248.27474975585938,5197400
2025-06-26,249.5464368346648,253.81847470087106,248.37411827300173,249.36761474609375,6790300
2025-06-27,250.21207790597364,258.85547851549063,250.14252588041518,252.85476684570312,26988000
2025-06-30,254.64307131415578,256.2128126754723,252.2189375635724,255.716064453125,8135800
2025-07-01,254.08672449528257,254.08672449528257,245.50291552340764,247.40049743652344,7178300
2025-07-02,246.38711226777963,247.50976807392746,242.07534144138606,243.1582489013672,6228600
2025-07-03,243.95306193449417,247.08256976007686,243.40663584252889,245.2744140625,3089500
2025-07-07,246.2693660867542,248.17966312857797,245.2346123672092,247.39364624023438,5336400
2025-07-08,246.74692416971774,248.19955387098332,242.11046622518103,245.80172729492188,5994500
2025-07-09,247.7319444915736,250.44814648810518,245.5729105782596,249.06517028808594,5589500
2025-07-10,249.34375031818618,251.403283391352,245.50325302729001,251.29385375976562,5462500
2025-07-11,250.22923364640076,255.58205471534734,250.12973284861675,254.12942504882812,7867200
2025-07-14,254.89554564348097,261.13385414728003,254.7065032315433,261.01446533203125,7502200
2025-07-15,262.58652262856367,263.7207468387184,260.41751429092733,263.3327331542969,9392400
2025-07-16,262.66607476611944,265.5116093349964,260.7060274633673,264.8350524902344,11912900
2025-07-17,268.4367297150746,271.4215711738636,256.8555606439295,258.96484375,16260200
2025-07-18,264.0590008558239,268.33729235867764,261.2333542368941,261.93975830078125,8619800
2025-07-21,262.35765308741713,264.9047157183996,258.2684039403268,261.5318298339844,5208500
2025-07-22,259.4125842166,260.17868259974887,253.37324766216003,257.6913146972656,4751300
2025-07-23,259.2136154884762,262.3974589524856,258.63655942185756,261.8502197265625,4689800
2025-07-24,262.2282953366708,268.47656286537756,261.8502105227287,266.65582275390625,5206700
2025-07-25,267.4716785605547,271.4514678983585,266.9045816560888,270.2177429199219,4598400
2025-07-28,271.9787808715205,272.0583936594587,266.08870982614127,269.24267578125,5006400
2025-07-29,271.35196900643115,272.41653946651047,267.76019371667445,268.9441833496094,4125300
2025-07-30,269.5511303222624,272.247428947963,268.14825101456046,272.1678161621094,4697000
2025-07-31,271.6902623749102,273.55080893953254,268.51637810700805,269.7102966308594,4524000
2025-08-01,264.18833746260293,269.18296163953005,260.3876317467898,268.0188903808594,4416300
2025-08-04,269.14321995701073,275.45118257315926,268.8546767209843,274.8343200683594,3744000
2025-08-05,274.8641525751554,275.6004038655899,267.26274058003486,270.74505615234375,4000600
2025-08-06,272.1181033529099,273.6602596177831,268.54624596895854,270.9042663574219,3576800
2025-08-07,270.57591509918046,271.49124955999173,267.37218375958065,270.6455383300781,3050400
2025-08-08,272.1976552374914,275.77947140940927,271.20270798770207,273.6204528808594,4467300
2025-08-11,273.7597436942833,275.01338700935304,271.172874639982,273.80950927734375,3360100
2025-08-12,274.6452752225162,279.12253830121296,274.30699676684293,278.2171325683594,3630100
2025-08-13,279.5802010986601,280.07767476609547,262.7456788327597,267.50152587890625,7599600
2025-08-14,271.61066569075984,272.7747674429934,268.11842116082573,268.3373107910156,4481700
2025-08-15,267.5612439753589,268.3373016626534,263.86996759348193,266.49664306640625,5203300
2025-08-18,266.5464191248712,268.2477707839583,265.1634579409896,267.0936584472656,2697000
2025-08-19,264.96441906926873,267.6010234016487,262.46709157310255,264.5863342285156,3404900
2025-08-20,264.1186907557934,267.58111814640193,262.4770338518443,265.09375,3854700
2025-08-21,265.7902203133991,270.54606690687586,264.7952730732292,267.3522644042969,3266400
2025-08-22,268.36713191052127,270.9738888399711,265.0240933710656,265.18328857421875,5229300
2025-08-25,265.6508918674273,270.5460452572301,265.2131126877141,265.2628479003906,4301600
2025-08-26,266.62600002051096,273.3120473828287,266.0688319372664,272.5558776855469,4693500
2025-08-27,272.31707916891895,273.31202643608583,270.85450547164845,271.9688415527344,2705700
2025-08-28,271.123122892518,275.2720662430907,270.75499727186894,274.6054382324219,3388100
2025-08-29,274.6054549724909,274.88403900213063,270.26749931618946,273.80950927734375,5037100
2025-09-02,272.51607347315564,274.1875777362795,266.65584936242556,273.9985656738281,4081200
2025-09-03,274.51590910425386,275.9187884199974,272.2175833045031,274.5357971191406,4120400
2025-09-04,274.43631708688605,280.9333221364171,274.43631708688605,280.8437805175781,4591300
2025-09-05,280.8437708421132,282.9729726946539,270.48636553252715,277.81915283203125,4952600
2025-09-08,278.5852047944604,281.4904638614888,274.0979833866688,274.6551513671875,5008600
2025-09-09,273.9885677369038,275.67995977704277,271.91906053518414,274.8442077636719,3073600
2025-09-10,276.1476201822816,282.05760977051693,275.49098166215146,281.97802734375,3206400
2025-09-11,282.29640862203416,285.46033375176137,278.17731222178475,280.1373596191406,4016800
2025-09-12,280.137375618164,282.0974231274609,279.2817354649258,280.2667236328125,3249700
2025-09-15,280.56518744708745,285.6593129108599,280.19706179368416,285.33099365234375,3716600
2025-09-16,288.4054030270955,293.25079209175055,287.38060840169646,291.48974609375,5538400
2025-09-17,290.614141202202,291.23100364456576,285.05238966867716,288.0372314453125,4149600
2025-09-18,289.24109903910227,296.14603520396946,288.74362542701317,295.5888671875,3977500
2025-09-19,296.28535925727823,301.4988732924955,293.8676142887146,299.6184387207031,9652600
2025-09-22,298.58368893073254,299.6283714438302,294.852636579124,299.4990234375,4192800
2025-09-23,300.1258531284885,304.22503123042947,299.6283794682843,304.08575439453125,3637400
2025-09-24,305.34928069196303,305.69751827447124,297.2802737099778,298.7826232910156,5645500
2025-09-25,296.99177402450647,298.7229726392212,293.38011040687127,295.6784362792969,4504500
2025-09-26,298.4145648930439,300.47411328789184,291.2708498842064,293.4895935058594,3817600
2025-09-29,295.22286256378715,296.786845825401,288.54858846723903,292.50335693359375,3860800
2025-09-30,293.5791995322827,300.3132713770274,292.78228126447715,299.665771484375,4112400
2025-10-01,295.2427914532205,301.0703510171771,293.89796533838717,299.72552490234375,3633300
2025-10-02,301.150037005904,302.27570607085073,295.66116909474846,298.301025390625,2508200
2025-10-03,298.3109958491034,301.58838098699397,294.326343416575,295.8604431152344,2817000
2025-10-06,294.66501668271434,298.14164638364946,293.6190576451895,297.07574462890625,2759800
2025-10-07,296.92631316409984,301.57837735700525,296.74701111993903,300.58221435546875,2578800
2025-10-08,302.2358516508586,303.5009981319476,298.4404730085566,301.3990783691406,2658600
2025-10-09,301.548509281697,302.8335681322886,294.96388609315807,298.201416015625,4292500
2025-10-10,297.8527142836802,298.84887720770587,290.37152099609375,290.37152099609375,3380000
2025-10-13,294.86426893460697,296.4381932101394,291.9953144268414,296.3883972167969,2604100
2025-10-14,293.7087043146322,301.13013105331567,290.8895763140492,298.9285888671875,2516500
2025-10-15,300.3829790463812,303.7798982927733,294.5853034856599,298.9684143066406,2773000
2025-10-16,300.5125094981572,301.8871889196472,296.6175084693959,298.68951416015625,2623100
2025-10-17,297.02596082424276,301.7975601193664,296.19912843832566,298.9884033203125,3949300
2025-10-20,302.6940807906284,304.2580640287935,300.51251174436686,301.51861572265625,5058700
2025-10-21,306.1208728684687,315.3154681563276,301.86726787033047,305.4534606933594,6726600
2025-10-22,306.4197434500671,307.8143655634621,293.66883886928497,296.74700927734375,5212200
2025-10-23,298.00214543445765,305.91168182279085,297.5339476240482,305.2143859863281,3091000
2025-10-24,308.00363488859364,309.109361206569,302.40520379288597,302.70404052734375,3586800
2025-10-27,306.310139983961,312.1277280439873,303.33162245061305,311.6396179199219,4244400
2025-10-28,310.90248300917654,315.4549552830748,308.2626570999682,308.6013488769531,3058100
2025-10-29,308.8105504903855,313.91090052472987,307.8342997414351,313.0741271972656,3596800
2025-10-30,309.2189254539203,313.63191974796024,307.3162506913717,309.5576171875,3782000
2025-10-31,310.5438604320262,313.7116820451171,306.00135934212216,307.76458740234375,4023800
2025-11-03,307.91399071945665,310.4940492526215,305.10480375112155,307.4358215332031,3297600
2025-11-04,304.64658564372456,308.0435052298028,301.9071373066115,303.0328063964844,3938200
2025-11-05,302.28566623721156,307.3561321203847,301.3392992529189,303.93927001953125,4711100
2025-11-06,302.5646245859433,306.84811368890945,300.2834026104037,304.09869384765625,3467800
2025-11-07,302.8634147317226,307.73466605711906,296.55771675395823,306.0909729003906,4766500
2025-11-10,308.75077693517665,312.5561270673319,307.7347015723455,310.74310302734375,3716400
2025-11-11,309.3086444143315,311.5201277256804,305.8718695384226,309.5278015136719,2682200
2025-11-12,309.5875462172283,311.25115185875245,300.841236002448,307.83428955078125,3884500
2025-11-13,308.7906035020661,310.1852255579176,301.41897332024394,303.0028991699219,4153300
2025-11-14,299.8151874090832,305.6228044794453,295.1132967063002,303.6504211425781,2803300
2025-11-17,305.6427573759359,307.6350834960051,297.4044694131399,298.9784240722656,3076600
2025-11-18,294.6949046054144,299.92476066938207,292.6228988172364,294.8742370605469,4053600
2025-11-19,294.72478094243434,300.5125161442204,294.3661768420668,299.665771484375,2952600
2025-11-20,304.2281705644107,305.90171708873635,289.36543580238043,289.5048828125,3733900
2025-11-21,289.5048882341556,290.5907022637423,282.9501490242197,286.33709716796875,5604100
2025-11-24,288.36928053774665,293.6887873899985,286.26736076776274,292.9217224121094,11909200
2025-11-25,293.36004595311294,294.8443495653212,285.1118171408091,292.3140869140625,4693100
2025-11-26,294.07727904078337,297.46422725654367,292.3339937414452,295.48187255859375,4113700
2025-11-28,295.87039339989616,297.53396864770997,294.12710808483763,297.30487060546875,1376400
2025-12-01,294.6152089837737,295.2627088574877,286.92482936249746,287.3432312011719,3756300
2025-12-02,289.68417108113067,290.87957877051673,287.3531534472602,288.2098693847656,4255800
2025-12-03,286.9347710570394,288.2397420277709,283.408345868718,287.3830261230469,4059500
2025-12-04,287.74171261466086,293.40988298916693,286.55627611381084,290.7401428222656,4195300
2025-12-05,290.55087584333165,292.1546836825195,281.0673846186308,282.85052490234375,5220300
2025-12-08,283.90644389617626,287.73170601850916,282.2129547022172,286.0880432128906,4333200
2025-12-09,286.0980337106458,289.3355635506143,283.6773344490099,284.21527099609375,3553400
2025-12-10,284.35471778555205,284.7830605452047,280.2305887029067,282.5118103027344,5807400
2025-12-11,280.9976541294882,288.24971977195406,278.5670443047041,287.3133544921875,5971500
2025-12-12,289.8137048256359,302.84353436340643,289.58460678361917,298.6596374511719,9381900
2025-12-15,298.8488836465919,306.87795455519193,298.7592326295556,299.82513427734375,6808600
2025-12-16,296.5178690930542,300.24350881986334,295.72092048806775,297.5837707519531,5271300
2025-12-17,297.97230384121366,300.07422380621983,290.50108053521717,291.0589294433594,3802500
2025-12-18,294.86423992122826,301.15002584697,294.28647877327006,300.53240966796875,4495100
2025-12-19,303.0627034904686,307.246570168478,302.47497092381315,306.03125,8856400
2025-12-22,308.4618747094605,315.1859751303535,304.75614703926016,313.52239990234375,6959900
2025-12-23,313.79137072024406,316.53081919478586,312.95459737971487,314.3193359375,2724800
2025-12-24,314.7775438257391,315.943067938551,313.9108868600373,315.5346374511719,878500
2025-12-26,315.385236750523,316.8396263330772,313.333143240739,313.93084716796875,1882300
2025-12-29,312.4947027260106,313.15292590402623,310.41034454658654,310.73944091796875,2773200
2025-12-30,311.0984723099807,312.0857918172751,309.7221903087522,310.9488830566406,3155100
2025-12-31,311.2979331244195,312.5146126289133,307.03943311769603,307.1990051269531,2555700
2026-01-02,308.9143795688359,320.11409506970034,307.82732374171144,319.88470458984375,4340100
2026-01-05,322.94644771209664,328.54129917286525,322.54753286726185,323.4450988769531,5628200
2026-01-06,325.04074737120186,331.89220863570705,320.59275763274536,326.6563720703125,4324700
2026-01-07,327.53401015681976,329.3690425987625,322.07876576814664,322.76690673828125,4656800
2026-01-08,329.2593463606937,329.2593463606937,309.43297188129696,313.59173583984375,5771700
2026-01-09,316.2545173715261,321.43051873724875,314.3397140015223,320.7224426269531,3508000
2026-01-12,319.3362103394308,323.6644986923148,318.5483329963531,323.2955017089844,4125300
2026-01-13,324.67173807884546,327.2048943372919,324.1232340107732,326.34722900390625,2783900
2026-01-14,323.9437226453613,325.41971048994856,315.5065237361564,318.0197448730469,3923600
2026-01-15,319.7251141333734,323.5747165177749,317.0922521065131,319.0768737792969,4044900
2026-01-16,320.85206797986956,324.67172204981824,317.84022626459995,324.2428894042969,4109700
2026-01-20,320.8820245805543,323.0062834124528,308.8246430667273,311.4974060058594,10372200
2026-01-21,312.21545072582376,319.46582737686975,309.8219313302649,317.6407775878906,9783900
2026-01-22,305.0448331430554,309.1636962890625,294.04459058605136,294.20416259765625,13939000
2026-01-23,296.19877040753386,298.303063561442,289.28747306915125,293.07720947265625,7780200
2026-01-26,292.20956731150125,297.9241203183446,289.6564759158863,294.2640075683594,7844800
2026-01-27,294.71277671935616,299.81895900730177,293.80522808404004,296.66748046875,7452200
2026-01-28,296.19877430943393,297.46533723615465,290.36454994053145,291.69097900390625,7541300
2026-01-29,292.5087432751761,298.3828682475336,289.54675431932645,298.0537414550781,6149900
2026-01-30,296.19877408448014,306.7701842297641,295.5804515469404,305.9623718261719,7427800
2026-02-02,304.77560159305494,308.82464666397556,300.20793982608893,307.877197265625,6727200
2026-02-03,309.0540018945908,311.5871276391085,304.1871621546613,309.0938720703125,4588100
2026-02-04,309.17368689568383,310.9389009593701,301.18528596249786,307.5081787109375,6591900
2026-02-05,305.8825666639131,308.39578782963065,301.6839326846185,305.5434875488281,4461900
2026-02-06,309.8518490886484,322.3081448780506,309.38311579770107,320.134033203125,5800600
2026-02-09,320.17391588963835,323.6145903160633,315.53646661517513,315.885498046875,4706400
2026-02-10,316.084963188767,319.20652395908144,315.02782528661714,315.4765930175781,4610600
2026-02-11,318.58820639109973,320.91190717246764,311.9162521036841,312.8836364746094,5241100
2026-02-12,316.9226903452687,324.00354201761314,310.8192057808231,312.0458984375,6163900
2026-02-13,314.3696226827588,325.7986981720331,312.6841794120894,314.5591125488281,4393400
2026-02-17,314.15020372266326,329.50865203983255,313.65155260564313,326.1976013183594,5863600
2026-02-18,329.45879913243436,330.8949167844038,325.6191794439778,328.69085693359375,3988900
2026-02-19,327.15503778315366,334.97388375111785,324.69170001448356,333.8369445800781,4456700
2026-02-20,337.9159261781368,343.3711709968984,335.88145139192744,342.2940979003906,5035400
2026-02-23,341.22694863955155,342.35390501829863,336.09084829128926,338.0754699707031,5045100
2026-02-24,337.06821147740584,345.86439382798517,329.82778770244266,344.7075500488281,6171900
2026-02-25,344.6775985853116,347.53988146369267,337.74636655943186,341.9649658203125,5030300
2026-02-26,341.68571576839975,343.05204544252064,333.90677024440834,339.9205017089844,4722400
2026-02-27,339.70107966082145,342.8724934379391,336.7590563525829,341.336669921875,7055100
2026-03-02,340.52887661458,346.2633647403166,334.42536107862054,344.8072814941406,3981200
2026-03-03,339.7609523031785,340.20975052818756,328.19223912604764,333.2386169433594,5891500
2026-03-04,335.64206490808874,339.3320954604507,332.5205343861417,338.8932800292969,3920400
2026-03-05,335.67197393294833,340.88787559528566,319.92459350556703,326.10784912109375,4825400
2026-03-06,322.79682902173147,323.66447709984175,316.7531494542151,322.2383117675781,4677000
2026-03-09,319.4917669694269,321.5991254907336,309.7339106424785,321.5292053222656,5740100
2026-03-10,321.8588189958862,331.4668379040221,320.1509258788456,326.1134948730469,4146700
2026-03-11,323.8263711335781,325.79391986384024,320.79014715072594,324.7452087402344,3116000
2026-03-12,318.24331362504086,318.24331362504086,300.7551035031341,306.31817626953125,8007200
2026-03-13,306.98732577357026,309.1246761476353,298.6776766879311,299.31689453125,5770600
2026-03-16,303.39179637268995,305.31941669349754,299.77630813756195,303.62152099609375,6327200
2026-03-17,305.02977165768345,305.61903345679843,298.64771250529697,301.7138977050781,4787100
2026-03-18,302.4429967824996,304.59031393919133,299.80626894909636,300.5852966308594,3942400
2026-03-19,295.7313791850233,295.87118904395516,285.77379002359606,291.2469482421875,7128700
2026-03-20,289.63894787303263,293.0646701827757,281.93855541386404,286.4329528808594,10192400
2026-03-23,296.430493954651,299.4567206115587,289.808773412789,291.17706298828125,6473800
2026-03-24,287.3518102852004,292.15581969390774,284.9448069288042,290.2681884765625,5028200
2026-03-25,294.7326220562319,297.4991625787017,292.7251146474605,296.1907958984375,4456600
2026-03-26,291.2169912100566,293.6539560301898,282.32807714297377,284.8848876953125,5890800
2026-03-27,282.6376848555793,284.6152308482871,280.62021060574784,282.4579162597656,4161700
2026-03-30,283.71635763724106,284.35554502722067,270.4528916396187,272.9098205566406,8598600
2026-03-31,277.58399153095905,286.13333256081177,275.456638337951,283.4167175292969,7828800
2026-04-01,289.8486866671743,295.13210927270194,289.62895934294863,292.31561279296875,5242500
2026-04-02,284.53533426427185,288.75005121769277,278.9622641452004,280.8099670410156,5322900
2026-04-06,280.20071621197684,288.43047852443374,278.22320072607744,288.3305969238281,5062800
2026-04-07,285.1445758072592,289.73885527870493,282.7675338362302,288.24072265625,5280500
2026-04-08,309.5341834262042,312.7401786533707,304.9199094190215,307.6764831542969,6432900
2026-04-09,305.61903040438864,314.657750974515,303.7713275560271,312.6302795410156,5470800
2026-04-10,312.69021736362623,313.07974646297913,306.0385355586038,307.96612548828125,3685100
2026-04-13,306.0484969908723,311.7613769902997,303.9411385045844,311.5116882324219,3811500
2026-04-14,314.61782771112314,318.7426908087548,312.63028450084425,317.6040954589844,3530100
2026-04-15,316.04603888992466,318.183358769293,311.0123050879257,313.5391540527344,3993700
2026-04-16,313.1796154534072,313.5591472335197,297.4891523184113,297.91864013671875,7373300
2026-04-17,309.7439034935136,313.60908059739114,303.4717231007491,303.7513732910156,7733100
2026-04-20,303.50169609936177,305.08971300599467,298.03850463735955,303.2220458984375,5315200
2026-04-21,293.2144945937664,303.9211499644972,283.8561646384106,286.373046875,12891500
2026-04-22,286.29313274552834,287.44169497219156,268.5752276793647,275.946044921875,12777700
2026-04-23,276.14577178200346,282.58775399410507,273.01966362411673,281.9884948730469,8591100
2026-04-24,280.26064359405547,285.7737910486682,276.83492104311705,284.2456970214844,9672300
2026-04-27,282.4578977525505,284.5153306042842,279.7512802498572,284.2057189941406,5213300
2026-04-28,283.01720694796217,289.04969584156817,280.2007104584763,288.8399658203125,8417200
2026-04-29,286.8524325533501,289.5790448427004,279.2419238647909,283.21697998046875,9819400
2026-04-30,284.6551732145579,291.2070035971616,284.4753741494988,289.56903076171875,7603400
2026-05-01,288.69013620469093,291.396784346687,285.88363694095005,286.1533203125,3782900
2026-05-04,286.0434302148459,289.47914990499,279.06214241310255,280.1707458496094,6133100
2026-05-05,282.1283366893635,290.2981456598858,281.25939419549826,286.3230895996094,6401100
2026-05-06,300.0559779921962,307.9860956765103,299.48668028790286,305.4492492675781,9168300
2026-05-07,307.6265417171076,309.61405444215643,301.4841739953136,302.25323486328125,5477800
2026-05-08,304.0709900360618,305.029786358833,296.4604508803342,296.7800598144531,3952200
2026-05-11,295.66144925821374,302.69269317864365,292.4854155892309,300.3955383300781,4562000
2026-05-12,299.34687498198787,300.5353959702605,292.9348539319828,297.0797119140625,4393300
2026-05-13,295.6015196714406,298.02848701539034,290.94731769653566,294.34307861328125,4219900
2026-05-14,294.66270844522893,297.47920507075105,288.7201035594202,291.17706298828125,4686200
2026-05-15,287.1320758817647,287.95106232734224,280.95977706717105,281.17950439453125,5022500
2026-05-18,283.03720295265686,286.882385439526,281.6888775644737,285.6339416503906,4696200
2026-05-19,284.4354549913275,287.06218561047484,282.26814315406,284.9248352050781,5239400
2026-05-20,288.64021803236307,300.07597588672536,285.8237213925175,299.79632568359375,6098400
2026-05-21,298.1283871112589,302.5029391757558,294.3830556148863,301.38433837890625,4928300
2026-05-22,302.8724754145756,305.9186661906372,299.8762102002517,302.4629821777344,3502100
2026-05-26,305.96859986908464,314.5878603823855,305.96859986908464,314.09844970703125,5084200
2026-05-27,313.9086827831323,320.0810118176295,311.56163292820173,316.8150634765625,4788100
2026-05-28,316.37561713753706,321.91872579373023,313.8987241915454,320.42059326171875,5022600
2026-05-29,318.9324257102999,325.5142480849269,316.18584941748804,323.35693359375,9345400
2026-06-01,321.0797814834759,325.99363921555926,314.5279508543082,324.1958923339844,4633500
2026-06-02,322.5978884548521,324.6253600330785,316.2657849520193,317.324462890625,4827600
2026-06-03,313.0497728116425,319.15215129330005,310.6128081485732,314.248291015625,4127000
2026-06-04,316.27578467308024,329.0498402041472,315.8562941283583,327.2420959472656,4243400
2026-06-05,326.49300767681507,332.0760445423288,322.1284531464306,327.5916442871094,3951500
2026-06-08,329.15969253127463,331.60662399252953,320.6403136039217,321.6390686035156,3152100
2026-06-09,324.2458251386632,330.8975375164423,319.6215843197884,330.02862548828125,4825300
2026-06-10,329.0797797335522,330.1584522169907,317.8537831322463,318.3132019042969,3777800
2026-06-11,320.1609100808466,332.5055381049794,319.36191824842484,332.3457336425781,4451200
2026-06-12,334.14346889849986,336.44059319660784,328.06105463268335,334.8825378417969,4377500
2026-06-15,343.02244432308237,348.4656412198271,341.5342785281748,341.83392333984375,5252700
2026-06-16,343.6116857134471,352.4406764352244,343.6116857134471,351.2921142578125,5210300
2026-06-17,351.6716220524018,361.8788997672718,349.5642635509099,356.58551025390625,5029400
2026-06-18,362.39826835013537,364.2459712496083,356.65542693367746,357.19476318359375,7763400
2026-06-22,357.1947691850646,360.8302217021374,354.09862244738474,354.6778869628906,5426700
2026-06-23,348.8451633374838,359.4719317207853,347.33703345552203,356.0262145996094,4735200
2026-06-24,356.39574540101574,368.79029912530956,355.21722176698177,365.42449951171875,6453700
2026-06-25,367.1922715085387,379.1973261761022,366.0537066521721,370.89764404296875,7591800
2026-06-26,367.94135976171117,370.9775836928659,363.3670749761275,368.5406188964844,8360900
2026-06-29,367.3620994273791,375.5319086352474,367.0125290548068,373.2447509765625,6071500
2026-06-30,374.1436188412274,376.3508894717533,368.2809315087908,373.2647399902344,4887500
2026-07-01,374.56308985967905,376.2210268324063,370.91764017222425,374.47320556640625,3951400
2026-07-02,379.31718121704097,382.49321489599305,373.90391554572057,377.04998779296875,3274700
2026-07-06,377.1700134277344,380.2900085449219,373.8399963378906,378.67999267578125,4065400
2026-07-07,377.3999938964844,377.8999938964844,363.6300048828125,366.9800109863281,4263100
2026-07-08,360.1199951171875,363.010009765625,354.25,356.0299987792969,4214900
2026-07-09,361.5899963378906,362.260009765625,357.8699951171875,359.0400085449219,3045200
2026-07-10,356.80999755859375,360.69000244140625,353.75,359.2699890136719,2335100
2026-07-13,356.1700134277344,358.70001220703125,352.0299987792969,353.4200134277344,2668900
2026-07-14,355.010009765625,359.20001220703125,352.57000732421875,353.7300109863281,4416200
2026-07-15,355.6000061035156,360.6300048828125,353.3500061035156,360.3500061035156,5429300
2026-07-16,353.2200012207031,354.2699890136719,336.5299987792969,345.7300109863281,6883600
2026-07-17,346.989990234375,357.05999755859375,343.0199890136719,348.8299865722656,5596300
2026-07-20,353.79998779296875,357.1000061035156,339.8900146484375,341.29998779296875,3887100
2026-07-21,345.0,346.25,340.010009765625,340.70001220703125,3938600
2026-07-22,340.7099914550781,345.20001220703125,340.3699951171875,341.19000244140625,4200100
2026-07-23,340.0,349.7200012207031,338.6000061035156,349.0,3823600
2026-07-24,350.239990234375,359.989990234375,350.20001220703125,353.7300109863281,2958900
2026-07-27,359.8599853515625,365.5,356.05999755859375,361.6099853515625,3839200
2026-07-28,364.5799865722656,366.7699890136719,358.19000244140625,363.5899963378906,3625900
2026-07-29,362.70001220703125,362.70001220703125,348.8399963378906,350.6300048828125,3723000
2026-07-30,354.75,356.6199951171875,347.6600036621094,355.0400085449219,3187100
2026-07-31,356.239990234375,362.4200134277344,353.7799987792969,360.07000732421875,3151300
2026-08-03,363.7900085449219,369.95001220703125,360.9700012207031,368.92999267578125,3371900
2026-08-04,374.5199890136719,378.8500061035156,368.6000061035156,377.2799987792969,4183100
2026-08-05,379.3399963378906,384.510009765625,378.739990234375,381.2200012207031,3160800
2026-08-06,383.9700012207031,388.8399963378906,372.7900085449219,374.54998779296875,3552900
2026-08-07,376.3900146484375,377.80999755859375,368.44000244140625,370.0799865722656,2527700
2026-08-10,371.5199890136719,372.260009765625,364.8399963378906,366.70001220703125,3092000
2026-08-11,367.739990234375,372.55999755859375,366.4700012207031,368.05999755859375,2286100
2026-08-12,369.7900085449219,370.20001220703125,363.239990234375,365.3299865722656,2180800
2026-08-13,367.0,367.0799865722656,359.54998779296875,360.6400146484375,2738400
2026-08-14,362.5,368.69000244140625,361.510009765625,368.3800048828125,2966200
2026-08-17,367.8699951171875,372.3599853515625,366.760009765625,369.42999267578125,5515000
2026-08-18,366.8900146484375,375.5799865722656,365.0,375.0899963378906,4927900
2026-08-19,373.5199890136719,374.55999755859375,355.9800109863281,356.2300109863281,4923400
2026-08-20,353.0899963378906,354.5,343.55999755859375,344.6400146484375,6056100
2026-08-21,347.5400085449219,351.8599853515625,346.4100036621094,348.3699951171875,3546100
2026-08-24,346.5899963378906,348.489990234375,340.5400085449219,341.8399963378906,2664800
2026-08-25,345.95001220703125,350.0,344.2200012207031,349.5400085449219,3134800
2026-08-26,351.7799987792969,356.3900146484375,350.0,354.3900146484375,3035900
2026-08-27,352.7900085449219,353.5,339.6000061035156,342.7300109863281,5090900
2026-08-28,345.0899963378906,345.6300048828125,341.2699890136719,342.5799865722656,2537100
2026-08-31,338.8299865722656,339.75,333.7200012207031,335.7099914550781,4476600
2026-09-01,333.7099914550781,336.25,329.510009765625,331.0899963378906,3027200
2026-09-02,333.3599853515625,333.8599853515625,329.30999755859375,329.5,2691300
2026-09-03,331.54998779296875,334.44000244140625,329.32000732421875,333.4800109863281,2653100
2026-09-04,332.239990234375,337.2099914550781,332.239990234375,337.1199951171875,2511000
2026-09-08,338.1099853515625,342.7300109863281,332.0400085449219,334.9100036621094,3062100
2026-09-09,330.8800048828125,332.05999755859375,321.1600036621094,325.4200134277344,5020200
2026-09-10,322.3599853515625,327.5,321.79998779296875,324.1499938964844,3463400
2026-09-11,328.2900085449219,329.8800048828125,322.7699890136719,323.6600036621094,2528100
