Date,open,high,low,adj_close,volume
2016-09-12,106.47675906614394,108.48825028980315,106.37971284650186,108.46178436279297,33408100
2016-09-13,107.68540130491219,107.7736300252581,105.76213231914153,106.37969970703125,47536200
2016-09-14,106.54733219903537,107.1648996607182,106.12386390676264,106.39735412597656,30545500
2016-09-15,106.4679021851307,107.8000761935246,106.31792415747779,107.66773986816406,29499800
2016-09-16,107.66778210390963,107.66778210390963,106.83848042184454,107.50897979736328,31940500
2016-09-19,107.91478381957944,108.99993380888623,107.62364519672806,108.22356414794922,22807000
2016-09-20,108.69114196976284,108.7176146232358,107.76480102539062,107.76480102539062,16877900
2016-09-21,108.14418816446016,109.37049223769556,107.72071310673138,109.32637786865234,30784700
2016-09-22,110.04097539745165,110.98496487010877,109.9792193284332,110.89673614501953,36287700
2016-09-23,110.77323978319457,111.05555424332962,110.11156463623047,110.11156463623047,26118000
2016-09-26,109.522359524527,109.84968373493099,108.90308528275908,109.01809692382812,20028000
2016-09-27,108.9650208061466,109.59313695587481,108.64653842748018,109.46044158935547,16939500
2016-09-28,109.65506704753557,110.3716557961,108.87655829238417,110.3008804321289,19426400
2016-09-29,110.24780493692995,110.26549540359332,108.54922990829995,108.69078063964844,26657700
2016-09-30,109.18619451114654,110.38934872748234,108.69078045130604,109.88508605957031,31764500
2016-10-03,109.5489181885528,109.787776621284,108.92964383602747,109.54006958007812,18674300
2016-10-04,109.71698630800908,109.97354192274432,108.50499034297852,109.00040435791016,26057300
2016-10-05,109.42505002098432,110.30087315644724,109.38966234133302,109.65505981445312,24317300
2016-10-06,109.47814281977665,109.71700125250784,108.6553977189082,109.54006958007812,18937100
2016-10-07,109.73466692222452,109.98237389221798,108.13341347368909,108.66421508789062,28732700
2016-10-10,108.66423026785912,110.3539497632239,108.66423026785912,109.9646987915039,21481700
2016-10-11,109.7435224722085,109.79660061213457,107.34605632640734,107.95648193359375,31931300
2016-10-12,108.00956306422907,108.46959612135684,107.514149079177,107.8680191040039,20210400
2016-10-13,107.03645221521435,107.40801954605053,106.25794336631719,106.97452545166016,26302500
2016-10-14,107.36375290716046,107.78839152308677,106.51446892579872,106.54100799560547,24554600
2016-10-17,106.673738581524,106.9125970230814,106.30217800598541,106.41718292236328,17119500
2016-10-18,107.50530468090656,107.55838957388976,106.74449320958315,107.027587890625,19158900
2016-10-19,107.19568792787187,107.88573090049822,106.6029594000529,107.4787826538086,18477400
2016-10-20,107.16911166693859,107.92992974444205,106.52330521130718,107.16026306152344,20485600
2016-10-21,106.39061113926982,107.37259717953688,106.24906044000195,107.10719299316406,21093700
2016-10-24,107.96533713575388,108.46959974438472,107.44337731306045,107.78839874267578,15421600
2016-10-25,107.76186135430788,107.92110253581069,106.69140937012604,106.98335266113281,16459800
2016-10-26,106.25791811548413,107.04527538621538,105.68288016226788,105.92174530029297,24975300
2016-10-27,106.26678694687145,106.28447741440226,104.4708973897566,104.70976257324219,29525700
2016-10-28,104.66549260733501,105.30245722569242,104.17007868172749,104.41778564453125,35473700
2016-10-31,104.55050821382187,104.95745641093913,104.21433537694496,104.83360290527344,20311800
2016-11-01,104.97513355998748,105.01051448383483,102.86961086711702,103.55081176757812,34147200
2016-11-02,103.39159832212488,103.5066032292225,102.08228105508178,102.23267364501953,29859900
2016-11-03,102.54227505518811,102.83421151558109,101.63105775614866,101.73722076416016,22717500
2016-11-04,102.00264815648075,103.41812150502366,101.78148023484874,102.39189910888672,35237200
2016-11-07,104.39126047288347,105.11669099601974,104.13470487025475,104.89552307128906,32370900
2016-11-08,104.65668760715067,105.68290349294618,104.13472768070733,105.16979217529297,26196800
2016-11-09,104.46202681132831,108.66421701847067,104.43548774257305,108.40766143798828,77416800
2016-11-10,109.92928990741105,110.93781494559303,108.47842908934194,110.14160919189453,83440700
2016-11-11,110.61048936446568,112.99025813468518,110.1858507750527,112.6717758178711,95612800
2016-11-14,114.07843179503237,115.23734975297292,113.58301772131927,114.25536346435547,83119400
2016-11-15,113.98997009297379,114.91002285174459,113.50339788923988,114.60923767089844,38704500
2016-11-16,114.34382344706123,115.00732725816603,114.14919458254892,114.60037231445312,42325500
2016-11-17,114.96310268209822,115.74161821945384,114.7861710142504,115.27274322509766,42576900
2016-11-18,115.61774398962321,115.97160726192574,115.27272257447174,115.88314819335938,41380600
2016-11-21,116.16623581081703,116.7766614281252,115.54696833638067,116.42279815673828,32293100
2016-11-22,116.88281414634405,117.57285695382423,116.48471460341595,117.4843978881836,39681500
2016-11-23,117.20131592791942,118.23638031088983,116.86514982427542,118.21869659423828,37939200
2016-11-25,118.30716486829552,118.63450263807177,118.13907505390095,118.60796356201172,13373400
2016-11-28,118.51946451204316,118.5460035821774,116.90935559580117,117.068603515625,32505700
2016-11-29,117.22786657956894,117.74097789256713,116.86516136610578,117.00669860839844,27993700
2016-11-30,117.59055066341172,117.74094321963672,116.33431857698722,116.43163299560547,32491200
2016-12-01,116.99785745492674,117.2632617217366,115.2638946109212,115.865478515625,39815900
2016-12-02,115.83890699838295,116.30778188886343,115.46734652851266,115.80351257324219,24054100
2016-12-05,116.75013825260254,117.9532924377467,116.67936288888578,117.7940444946289,27547100
2016-12-06,118.12137093279733,119.35106407425336,117.43132807638426,119.06796264648438,27820000
2016-12-07,119.06798779347824,120.47461287485763,118.70526907467568,120.2269058227539,31825800
2016-12-08,120.53650753062838,122.27046983540735,120.13840800372525,122.12006378173828,49048900
2016-12-09,122.43856497175297,122.81013898641028,121.86353373305602,122.35894775390625,34313500
2016-12-12,122.04048326445186,122.58898900991805,120.76655359617398,121.06735229492188,34592900
2016-12-13,121.66888497273604,122.12891798788142,120.52766453981822,121.07615661621094,32624600
2016-12-14,120.6869373460874,121.50968922145286,119.26261506638741,119.56340026855469,45923700
2016-12-15,119.75798817968304,121.32386066535362,119.3952830889712,120.4568862915039,41352500
2016-12-16,120.62498308288497,121.66888913482882,119.98801842443797,120.23572540283203,39348200
2016-12-19,120.35073502966581,121.3681156086026,120.23573688522643,121.0230941772461,33393900
2016-12-20,121.44770225012458,122.27045376332596,121.1911534550928,122.04928588867188,31753600
2016-12-21,121.95203408326074,122.21742486986118,121.20889938371137,121.25313568115234,23215900
2016-12-22,121.30909741389767,121.47788055014179,119.75453587120847,120.20758819580078,34737900
2016-12-23,120.33196137731073,120.91824290042896,120.16317822872293,120.84717559814453,17081400
2016-12-27,121.01591453370165,121.96642410544874,120.99815788064437,121.38900756835938,13571700
2016-12-28,121.60219267266586,121.68213826451922,119.77225461187075,120.14534759521484,22712400
2016-12-29,120.18091635125529,121.04258862083243,119.64793199838377,120.25198364257812,21312900
2016-12-30,120.45631020387233,120.48295874444808,119.39031436204145,119.79006958007812,28399300
2017-01-03,121.24686480407841,121.54889050819615,119.47910220404599,120.38519287109375,29792400
2017-01-04,120.85603128379205,122.55272703654576,120.82049086594392,122.392822265625,34499400
2017-01-05,122.13518891453118,122.3750256871852,120.37630458689868,120.9803695678711,30286900
2017-01-06,121.17583162127274,121.44233054590967,120.52734774189324,120.53623962402344,23436000
2017-01-09,120.40296163149621,120.56286637926819,119.4791142216552,119.74561309814453,24077900
2017-01-10,119.92327437992176,121.14916107775255,119.71007256800027,120.89154052734375,21684900
2017-01-11,121.01592172695368,121.51337913606646,120.29638414915142,121.1047592163086,27428800
2017-01-12,120.95377720693459,121.00707429227484,118.67078598371792,120.17205047607422,41844200
2017-01-13,120.50068826458136,121.67327800464452,120.50068826458136,121.04256439208984,27784500
2017-01-17,120.45627355878953,120.53621915619583,119.15044124903582,119.399169921875,28197800
2017-01-18,119.71011040365067,119.87001520180539,118.99057269870497,119.79006958007812,21289700
2017-01-19,120.04762344816525,120.31412229050196,118.29763110094382,118.81285858154297,34105900
2017-01-20,118.81289880667283,119.81670557895431,118.81289880667283,119.42584228515625,29286100
2017-01-23,119.06164083614789,119.63904395898419,118.25326562041684,118.92839813232422,20537000
2017-01-24,119.33701619770373,121.06036076436116,119.23042203636824,120.74944305419922,34313800
2017-01-25,121.75323362962676,122.18851565466474,121.65551780991206,121.88648986816406,29127300
2017-01-26,122.00196264628231,122.14409721252993,121.1847092224059,121.39791107177734,22255600
2017-01-27,121.49559707806391,121.73543385071791,120.50066891317316,120.9803695678711,19467800
2017-01-30,120.1276340005094,120.13652588470241,118.35988404789363,119.29261016845703,40464400
2017-01-31,118.91946229993218,120.4207261301256,118.57301784332564,120.12757873535156,32945000
2017-02-01,121.00703575225575,121.58443873247741,119.65678461664419,120.05652618408203,30010500
2017-02-02,120.18982161454402,120.51849601313961,119.47028384750969,119.7545394897461,19935700
2017-02-03,120.80275193061063,121.68218085822355,120.37634818207721,121.58446502685547,24534100
2017-02-06,121.16693678815156,121.50450298811688,120.30526463380701,120.66947937011719,23691500
2017-02-07,120.65170214870999,121.22910507735148,119.71896287154658,120.136474609375,30342200
2017-02-08,120.13651120022146,120.13651120022146,118.9372726850798,119.92330932617188,32956900
2017-02-09,119.92327275292865,121.92199396547747,119.92327275292865,121.61107635498047,28267600
2017-02-10,122.40170164970786,122.91692927537163,121.87759569685434,122.53495788574219,27287600
2017-02-13,123.27225573159805,123.66311897156065,122.66819066401122,122.85474395751953,23245100
2017-02-14,122.53495840969673,123.43215742882633,122.24181095480535,123.26337432861328,27145000
2017-02-15,122.75705815918509,124.1606067027828,122.65046399666129,124.00070190429688,20253500
2017-02-16,123.88523846603535,124.22279119026078,122.77483734293584,123.65426635742188,24613600
2017-02-17,122.98797734009457,123.61869089416606,122.8103159411731,123.57427215576172,26703200
2017-02-21,123.81414085273322,124.64916446160768,123.81414085273322,124.54255676269531,21353500
2017-02-22,124.36492205806712,124.38269227082021,123.69868140418463,123.99182891845703,14890800
2017-02-23,124.32935999876543,124.3737651860291,122.31286839508527,123.25448608398438,24596200
2017-02-24,122.1085743825437,123.16566467285156,121.96643981160022,123.16566467285156,24512300
2017-02-27,122.89028305843074,124.36489868164062,122.77481058399259,124.36489868164062,28269000
2017-02-28,123.81418124846776,123.90300521272698,122.37509205856419,122.44615936279297,40184100
2017-03-01,124.05399391149935,125.12886804021731,123.93852142505503,124.68470764160156,35719800
2017-03-02,124.65803429081969,124.68468282505668,123.15677027354974,123.25448608398438,25937000
2017-03-03,123.2989209161231,123.84967543515562,122.48166746524625,123.16566467285156,30989800
2017-03-06,122.39280646860317,122.56158954485248,121.69103918570435,122.32173919677734,23892100
2017-03-07,122.05525447109747,122.35729380005937,121.35348710681329,121.52227020263672,29711300
2017-03-08,121.94868835063552,122.25071419430151,120.61620704124948,120.7228012084961,34115100
2017-03-09,120.66061488423763,121.24690986047577,119.82559117044988,120.24310302734375,35223800
2017-03-10,121.0692264423398,121.08699665227225,119.78116409355916,120.77609252929688,39516600
2017-03-13,120.50070211097764,121.51338720526192,120.50070211097764,121.06034851074219,21295000
2017-03-14,120.58954245628807,120.66060974323135,119.53243858939271,120.48294830322266,30037800
2017-03-15,121.06921997780283,122.60602451948364,120.78496440755474,122.34840393066406,31230400
2017-03-16,122.78366271346238,123.04126969884247,122.19736792021685,122.50828552246094,25306600
2017-03-17,122.71263330695322,123.23673931957742,121.97532542517871,122.99690246582031,33324600
2017-03-20,122.83699078915124,123.05019264634966,122.02861566297676,122.46389770507812,19091200
2017-03-21,123.04130151729115,123.12126068591685,118.96391255063581,119.00833129882812,61869000
2017-03-22,118.77734326836635,119.3103274501297,117.95119813232466,119.03495025634766,46332600
2017-03-23,119.03497804015922,120.54512057301254,118.7151820345798,119.72786712646484,37764600
2017-03-24,120.22406657060812,120.687327257404,119.25301214117718,119.81427001953125,33514400
2017-03-27,118.27306796057285,120.33100946588108,117.95235103969526,120.03701782226562,35596700
2017-03-28,119.627190172594,121.07040930965243,119.50246769894365,120.972412109375,26891900
2017-03-29,120.89226094166712,121.59606286728743,120.53591482820842,121.36442565917969,22119500
2017-03-30,121.44460590616877,122.38893526978705,121.39114175883316,122.28202056884766,25792900
2017-03-31,122.42456915869194,123.09272829195095,121.99695111965121,122.47801971435547,29434300
2017-04-03,122.91454044548291,123.03035903130002,120.80316218854463,121.18623352050781,38834900
2017-04-04,121.0971211951335,121.64947516914539,120.58042357122703,121.04367065429688,25642600
2017-04-05,121.89890334036104,122.4334222690148,119.44898753461624,119.67170715332031,44968800
2017-04-06,119.85884058014467,120.8299089071594,119.226324177037,120.78536224365234,41012100
2017-04-07,120.45570236557656,121.18621575416441,120.04589222534771,120.73187255859375,24300200
2017-04-10,120.68734015064793,121.91675712267711,120.41116992504261,120.99915313720703,22779900
2017-04-11,120.509142800889,121.97908694084428,120.3398737048533,121.96126556396484,32589200
2017-04-12,121.72965624986428,121.7831067930147,120.19734390881636,120.30424499511719,25700800
2017-04-13,120.16174919227974,120.59827114896851,119.07487585754215,119.12832641601562,30207000
2017-04-17,119.44013311463678,120.55373166939964,119.0926773155677,120.52699279785156,18278800
2017-04-18,120.01920866790952,120.67846395958634,119.52031864987666,120.55374145507812,24553300
2017-04-19,120.88333239604194,122.01475214583952,120.74969243544722,120.972412109375,34627600
2017-04-20,121.4623747418152,122.64724481039366,121.29310564720005,122.51361846923828,31934400
2017-04-21,122.26418254558365,122.54035273339728,121.79201798053548,122.23745727539062,29386000
2017-04-24,123.90340810872004,124.13503167114744,123.3777929514445,123.7608642578125,33836900
2017-04-25,124.93684436534775,125.5070062378979,124.8032043927888,124.96356964111328,32751700
2017-04-26,124.87445348151812,126.34441134836442,124.8388243182592,125.60498046875,41669200
2017-04-27,125.91676274670365,126.32657283410055,125.1506067001393,125.56932067871094,23004300
2017-04-28,125.64058303521921,125.76530547081626,123.86773007791544,123.88555145263672,31113900
2017-05-01,124.40230271513579,124.98136844004895,123.6361464795888,124.59829711914062,20925200
2017-05-02,124.70516716676829,125.0258839667703,123.55593989643518,123.96573638916016,17993900
2017-05-03,123.37778682137264,123.61831426488239,122.66508119597576,123.19960021972656,27050300
2017-05-04,123.41343634075147,123.59160937805551,122.14839010404201,123.03036499023438,25799100
2017-05-05,123.5559834570449,123.82324981689453,122.52256078228325,123.82324981689453,23806500
2017-05-08,123.52923821961814,123.81431232198997,122.72743926963014,123.3065185546875,16680000
2017-05-09,123.46688447848254,123.68070027530558,122.74527485558507,123.25308227539062,23988400
2017-05-10,122.97692389047955,124.25979174944743,122.81657220497554,124.0192642211914,19791500
2017-05-11,123.53814638518163,123.68069023816237,122.03255922318141,123.15507507324219,28617300
2017-05-12,122.68290920649277,122.84326084416705,122.19292321293823,122.50472259521484,24111200
2017-05-15,122.92342182488781,124.05484142002531,122.92342182488781,123.45795440673828,31132200
2017-05-16,123.80540554555654,123.86775998154543,122.60271394545148,123.50251007080078,18520900
2017-05-17,121.45346811219311,122.08598423770539,120.04587844427091,120.17060089111328,50791200
2017-05-18,119.88555290526048,121.07040961102318,119.58264381672981,120.60716247558594,44805100
2017-05-19,120.8387913567872,121.83657119234778,120.64279694712627,121.18623352050781,44450500
2017-05-22,121.39112800256919,122.22855616408104,121.30204828790153,122.0058364868164,20062700
2017-05-23,122.30870295579103,122.66506251107172,121.47128858676732,122.40670013427734,16681400
2017-05-24,122.5047462661473,122.96800707626952,121.89895517068419,122.4869384765625,21256000
2017-05-25,123.0659368286716,123.48465074782617,122.22850899036246,122.56704711914062,22804200
2017-05-26,122.3888952443205,122.7541451057407,121.85436269562997,122.53142547607422,20047300
2017-05-30,122.15727499217239,122.44236268248838,121.35548965218489,121.56930541992188,25544100
2017-05-31,121.90782717332523,121.97909909421656,119.94789692686491,121.444580078125,34345400
2017-06-01,121.80093437413841,123.83213667965887,121.4000416863675,123.78759002685547,44618600
2017-06-02,124.23303397381197,125.63172008006693,123.87668792563167,124.58939361572266,46680200
2017-06-05,124.68737132802217,124.8209976767699,123.78757526735983,123.81430053710938,20808900
2017-06-06,123.03929963677184,124.4201648100419,122.77203321714944,123.69855499267578,25460900
2017-06-07,123.70739945811117,124.30428647206486,123.37777873538123,123.81430053710938,20542200
2017-06-08,123.81428082865054,126.02366913026871,123.60047870468665,125.5069580078125,33956400
2017-06-09,126.0237374916387,127.30659171248247,125.34666081520434,126.15736389160156,56979400
2017-06-12,126.20192917675028,126.49592089377931,125.51594850368257,125.95248413085938,34665500
2017-06-13,126.3266133477541,126.78095663046213,126.03262171997903,126.59387969970703,22046800
2017-06-14,126.53149275243774,126.54039664513749,125.12390286330739,125.84551239013672,33021900
2017-06-15,124.44687031599261,125.59609806588264,124.44687031599261,125.20410919189453,27376800
2017-06-16,124.74977483502728,124.91904400584897,124.0816156409839,124.89231872558594,35608400
2017-06-19,125.22192993586827,126.13063017604256,125.1773832742821,125.81881713867188,25163300
2017-06-20,125.50701927795782,125.5871951135846,124.45577514494227,124.54486846923828,20111900
2017-06-21,124.7675878717092,125.43574702104674,124.02815678186106,124.2330551147461,23351400
2017-06-22,124.16180160971876,125.07050199398635,123.84108462666754,124.70523834228516,17917200
2017-06-23,124.84777945139501,125.68520786583476,124.32216411679454,125.53376007080078,20772500
2017-06-26,125.69404640849727,126.08603513006133,124.9011650739617,125.68514251708984,22988300
2017-06-27,125.70299842002055,126.16624558753712,124.50030665703972,124.58048248291016,24610100
2017-06-28,125.3198821389698,126.73637574997089,125.07934112779282,126.48693084716797,25085400
2017-06-29,126.71858893346449,126.81658613247501,124.4112028101679,125.73861694335938,38794900
2017-06-30,125.83666291459116,126.21083047572615,125.40904478668477,125.54267120361328,22798500
2017-07-03,125.91680312892879,126.95022577315669,125.88117395907636,126.59387969970703,12968200
2017-07-05,126.23752357919912,126.37116355579589,125.34664477681419,126.1395263671875,21865500
2017-07-06,125.19918390302689,125.68234428795974,124.21499206947439,124.49235534667969,30563400
2017-07-07,124.75181869942689,125.8702278048257,124.52813687834713,125.70024108886719,20511000
2017-07-10,125.19026307136052,126.05814978940307,124.69816024373989,125.15447998046875,17206000
2017-07-11,125.06493439593788,125.60177603729336,124.34915009161394,125.521240234375,16192900
2017-07-12,126.2012509058468,127.24807989757868,126.1654541791058,126.48755645751953,19358600
2017-07-13,126.3354616854951,126.65756398222884,125.60179257498885,126.59494018554688,16559300
2017-07-14,126.24598550795702,127.3196551804178,126.24598550795702,126.80965423583984,15465300
2017-07-17,126.69336025071104,127.4628260871987,126.38914266701921,127.10492706298828,15374600
2017-07-18,126.63967037499955,126.93493196246783,126.19230681564504,126.77388763427734,16653300
2017-07-19,126.94384781766622,128.07119871576484,126.94384781766622,128.03541564941406,16985500
2017-07-20,128.05331339603796,128.41121235823098,127.76700787873297,128.12489318847656,17047800
2017-07-21,127.95493234639372,128.2412516044425,127.2749445872083,127.54336547851562,21662700
2017-07-24,127.32861554729321,127.78493512066606,127.02441160001298,127.72229766845703,16694000
2017-07-25,128.50071248603805,129.06439497499116,128.13388472020583,128.8854522705078,21066400
2017-07-26,128.97491143853526,128.97491143853526,127.99071977853639,128.16966247558594,13574900
2017-07-27,128.37541108796236,128.55435373649496,126.648594733572,127.35542297363281,24355800
2017-07-28,127.06911569370267,127.37331955720894,126.57701317776679,127.01543426513672,19933300
2017-07-31,127.24807804907303,127.39123764905528,126.1296692725571,126.6128158569336,16417700
2017-08-01,127.20336659090034,127.23020731516937,126.12969666277796,126.85442352294922,19835900
2017-08-02,126.68438134251315,126.89017836390315,125.02018872500103,125.4675521850586,19934300
2017-08-03,125.65546770049096,125.74493221303342,124.51021818131845,124.84126281738281,19624900
2017-08-04,125.18127091395104,125.54811229883283,124.80548717301797,125.44969177246094,16473500
2017-08-07,125.65548706054688,126.02232848010934,125.00234004330505,125.65548706054688,9176200
2017-08-08,125.6286211311152,126.86333510533109,124.98441660002406,125.26177978515625,27248700
2017-08-09,124.47442263611822,124.71600276193371,123.72285519186036,124.17916107177734,26534300
2017-08-10,123.72291204983397,123.72291204983397,121.9155587583369,121.92451477050781,40983500
2017-08-11,121.87076945190827,122.34497366494504,121.47708739147389,122.1033935546875,32779600
2017-08-14,122.81022536464081,124.00021393482888,122.78338464634302,123.95547485351562,21710900
2017-08-15,124.18811184660643,124.20601020951109,122.88180440358049,122.93548583984375,16646000
2017-08-16,123.17706634946867,123.82127089158985,122.76549956850008,122.97128295898438,21858600
2017-08-17,122.55970275574869,123.19496494380739,120.71656728828232,120.72550964355469,32722900
2017-08-18,120.31393596039555,121.19972056977832,120.0007760619658,120.71656036376953,42401900
2017-08-21,120.51076326048097,120.80602476331639,120.01866075575526,120.63602447509766,21504100
2017-08-22,121.02076931671755,122.08549663297126,120.913406445314,121.94233703613281,25170600
2017-08-23,121.26235367289236,122.19287743245143,120.976048121648,121.74551391601562,18381900
2017-08-24,122.255495702145,122.51496052287703,121.7007693356107,122.12129211425781,15726600
2017-08-25,122.47023010253906,122.85495614043204,122.05864969571296,122.47023010253906,17163000
2017-08-28,122.90868383331596,123.1234232984546,122.37185564915194,122.98921966552734,16333300
2017-08-29,122.12128714309347,123.302319625776,121.88864939695834,123.0160140991211,20277600
2017-08-30,122.89972100269067,123.9286517569475,122.8013004707872,123.80339050292969,15915500
2017-08-31,124.28657150296922,125.20813952223472,124.07183203784187,125.0202407836914,29260600
2017-09-01,125.24388292152896,125.82546366896267,125.02020116923539,125.72704315185547,17412500
2017-09-05,125.82549570026464,126.05811986698666,123.99130213403795,124.5191879272461,21908400
2017-09-06,125.02918616370789,125.26181032514262,124.43866292415757,124.7786636352539,18399700
2017-09-07,124.89494213904567,124.9844203025231,124.00021511407516,124.4654769897461,18159800
2017-09-08,124.30442531285627,125.05600642770654,124.0270621054795,124.56390380859375,21870500
2017-09-11,125.610713419491,126.0849176011875,125.4675538338035,125.87017822265625,22617700
2017-09-12,126.19226214831177,126.77384276108631,125.99543481212146,126.6396255493164,22679600
2017-09-13,126.52333174920084,127.24805833973879,126.4428096063519,127.01543426513672,25052500
2017-09-14,126.85440032121336,127.19440096970646,126.53229803644393,126.89913940429688,18353800
2017-09-15,126.72915471210338,127.47177989504833,126.64863254409146,127.41809844970703,23184000
2017-09-18,127.60594851265614,128.67067572810197,127.5880638040826,128.28594970703125,24427400
2017-09-19,128.45595000562503,128.5633128668635,128.02647125577255,128.28594970703125,16346300
2017-09-20,128.42019229789642,128.85861353522895,128.178612134268,128.6975555419922,20244700
2017-09-21,128.85858552097477,129.0733112620038,128.3754252987585,128.56332397460938,17395900
2017-09-22,128.5454635765842,129.44019083498804,128.4470430320616,129.10914611816406,25203000
2017-09-25,129.08227202636883,129.68173749625012,128.56332871234076,129.28805541992188,30012800
2017-09-26,129.41269468062524,130.18402326605164,129.31403589578574,129.69970703125,28238100
2017-09-27,130.6145407891241,132.61460848223862,130.19299995581943,132.2379150390625,66351700
2017-09-28,132.06753828141427,132.79401966394352,131.6459973360321,132.58773803710938,29291400
2017-09-29,132.66845451585243,133.12586516938842,132.5070202918417,132.90164184570312,21738700
2017-10-02,133.01822961065298,134.5339813232422,132.8119480045652,134.5339813232422,29772400
2017-10-03,134.6326841657255,134.8300018310547,133.93310832883427,134.8300018310547,28372800
2017-10-04,134.6146596118291,135.08104777787608,133.9868372837853,134.3994140625,22024700
2017-10-05,134.79410236229273,135.09905651768983,134.4174087785156,134.76719665527344,22538500
2017-10-06,134.27390172614886,134.8389351980015,134.1483372117921,134.57884216308594,19350800
2017-10-09,134.704398478516,135.14386740926312,133.798527543538,134.0227508544922,13981300
2017-10-10,134.47122268799924,134.79410486372964,134.00484796733883,134.408447265625,21951900
2017-10-11,134.4802111459333,134.70443451687544,134.0497061056668,134.30979919433594,15137100
2017-10-12,134.04967113076523,134.54295146972936,133.65503591119,134.2111053466797,17185600
2017-10-13,134.4622424182833,134.52503151857098,133.8433838491882,133.9689483642578,15464400
2017-10-16,134.18418678950178,134.8478926575246,133.66398711221424,133.8523406982422,20653100
2017-10-17,133.8792210860924,134.3276675832256,133.18860964856694,133.46664428710938,18046800
2017-10-18,134.08555866688886,134.4532882327043,133.70886509416576,134.10350036621094,20541700
2017-10-19,133.43078123503122,133.9330391471573,132.89263993746658,133.89715576171875,17164900
2017-10-20,134.81199809030488,134.901692873454,134.40839893713863,134.51602172851562,25224500
2017-10-23,134.6685373575746,134.6685373575746,133.36804467605413,133.5115509033203,14676400
2017-10-24,133.9868683709161,134.33665615523273,133.67295029130995,133.78955078125,17527700
2017-10-25,133.5832967519501,133.63710816287156,132.0406391065046,133.14381408691406,27235300
2017-10-26,133.58327711817435,133.94202892859326,133.1976059207449,133.4218292236328,15205900
2017-10-27,133.5295250818198,134.45332440559483,133.00932514558068,134.34568786621094,32744100
2017-10-30,133.52947520178063,134.04069725222263,132.19309929484422,132.92855834960938,30524800
2017-10-31,133.4487441009254,134.38152076895818,133.31421558414436,133.8702850341797,22449400
2017-11-01,134.98247534249944,135.00938105337482,132.23798334913738,132.98240661621094,31585500
2017-11-02,132.95547319694703,133.8433888418082,132.48908482978885,133.37701416015625,28176600
2017-11-03,133.17070723625082,133.60122585404352,132.794013709811,133.2873077392578,22312700
2017-11-06,133.41291362466907,133.97796093232475,133.09003140393858,133.4398193359375,15576800
2017-11-07,133.45774897036054,133.5025963802556,131.4307610013722,131.8433380126953,29549300
2017-11-08,131.53834305774717,132.24688257288358,130.80288415941348,132.0226593017578,30682500
2017-11-09,131.18854342490056,132.19305920923824,130.30061442485132,131.55625915527344,40144400
2017-11-10,131.58328246772783,131.93307046787723,131.26040018408898,131.4577178955078,17823700
2017-11-13,130.88359013495275,131.68183805043785,130.49793271041617,131.4934844970703,14680000
2017-11-14,131.00023867187437,131.3859099234223,130.57869770845295,131.13478088378906,19682200
2017-11-15,130.36344921293352,131.13477801364107,129.6010844186216,130.6145782470703,23925200
2017-11-16,131.134768998227,133.0989537332951,131.1168273011633,132.53392028808594,25889000
2017-11-17,132.06754481196535,133.66401386833232,131.99579170223458,133.14381408691406,25816700
2017-11-20,133.42184558586132,134.15730467856895,133.03618802664099,134.11245727539062,22793000
2017-11-21,134.71337741045525,135.69098787001386,134.5878128898285,135.51161193847656,29392300
2017-11-22,135.682002155932,136.121484750567,135.30530865431805,135.33221435546875,14136600
2017-11-24,135.61923310606926,135.76272562376502,135.22459789002016,135.3860321044922,6816300
2017-11-27,135.69994628090154,135.986944993481,134.92861756793167,134.9734649658203,18416900
2017-11-28,135.4488255022568,137.19776464210656,135.12594337755334,137.09910583496094,35898300
2017-11-29,137.52958233940544,138.309888629327,137.17979458375177,137.55648803710938,38234200
2017-11-30,138.21126063155393,138.61485987252428,137.47580156913668,137.80764770507812,32230700
2017-12-01,137.24258422851562,137.86144264923533,133.41284690883887,137.24258422851562,62734800
2017-12-04,138.92878568436697,139.38621008861065,136.59687099694793,136.7313995361328,36366800
2017-12-05,135.78965929140827,137.1888245325078,135.35915427865098,135.3681182861328,29667200
2017-12-06,134.8658364995657,135.60129554929398,134.48914296879215,134.73130798339844,21273800
2017-12-07,135.70891963623743,136.2291193794764,134.55193332982174,135.6730499267578,29675200
2017-12-08,136.46230676892748,136.5789072744253,135.6820139964553,135.79861450195312,20832400
2017-12-11,135.81650563486463,136.44434170736773,135.4487898917291,135.74476623535156,26654100
2017-12-12,136.05874881729616,136.2650305018829,135.2694917993301,135.32330322265625,25854800
2017-12-13,135.26047505916083,136.96458052378156,135.26047505916083,136.13046264648438,30082600
2017-12-14,136.19329730519158,136.50720185082224,134.21115644690934,134.6237335205078,32882600
2017-12-15,135.47577007405334,137.44893309756915,135.0542290212625,136.54307556152344,42851600
2017-12-18,137.82553230903946,138.76727260486177,137.63719246117486,138.3905792236328,22714300
2017-12-19,138.79422728757484,138.81216898410904,137.06322992340208,137.29641723632812,24313600
2017-12-20,137.8973368449704,138.0677487517279,137.08116070497655,137.56549072265625,19042800
2017-12-21,137.96069190215283,138.66291826222323,137.81664194691794,138.16775512695312,16772600
2017-12-22,138.08672226524263,138.0957202352889,137.56455151802317,137.91566467285156,13599400
2017-12-26,137.74465399839409,138.13177290262502,137.6546193178288,137.99673461914062,11949600
2017-12-27,137.93373459863318,138.59994184438108,137.5736095791,137.86170959472656,15949900
2017-12-28,137.96067564532746,138.41981936900493,137.75359870756859,138.4018096923828,10167300
2017-12-29,138.77998080657403,138.77998080657403,137.19547212315243,137.2584991455078,21006500
2018-01-02,137.92471480628245,138.6179434080733,137.25850759956762,138.55491638183594,20489600
2018-01-03,138.52788646220105,139.05906903235697,138.21279259374305,138.69894409179688,21836600
2018-01-04,139.518184722269,139.68023060979883,138.6629104842461,139.0680389404297,14207100
2018-01-05,139.4371768265882,139.5271977502557,138.59090046742253,139.35614013671875,19883900
2018-01-08,139.3021295936828,139.78829480006505,138.1947746594848,139.5722198486328,18457300
2018-01-09,139.76131490681217,139.995385847666,139.30215726099385,139.38319396972656,16571300
2018-01-10,139.06805005522415,139.69825145269525,138.57288690815395,139.40115356445312,18516800
2018-01-11,139.60824195421523,141.939994184321,139.52720525998416,141.7959442138672,26522400
2018-01-12,141.9580324549026,143.02038413205676,141.7689788325034,142.3901824951172,24089800
2018-01-16,143.02032751209921,143.5154906512962,140.2654373488432,140.571533203125,27704700
2018-01-17,141.1657595532296,142.1920916743892,140.6976039622591,141.90399169921875,18571600
2018-01-18,141.54384605471301,141.7959266030185,140.7966023803219,140.931640625,17903600
2018-01-19,141.10273038796768,142.867308365665,140.94068445741894,142.78628540039062,31040900
2018-01-22,142.60623492405125,143.55154418945312,142.5252119480534,143.55154418945312,12702400
2018-01-23,143.36250034306101,144.31680764722688,142.8493273187272,144.01071166992188,16904600
2018-01-24,144.37078978508455,144.613872411127,142.6062118592423,143.119384765625,20340900
2018-01-25,143.72259473230324,143.97467535893992,142.4351839417918,143.1734161376953,20290900
2018-01-26,143.62361845772926,143.76766851160303,142.93940130788283,143.6866455078125,16120300
2018-01-29,143.20040257434067,143.9206387168706,142.80427200908113,142.8762969970703,18293300
2018-01-30,141.94002353588132,142.44418479936311,141.1027449296701,141.50787353515625,24533800
2018-01-31,142.0120452444241,142.6242371252156,140.3735074387224,140.76963806152344,27468900
2018-02-01,140.20244867910355,141.53489053390345,140.02239305307657,141.21078491210938,21413000
2018-02-02,140.56257159518444,140.58056754136712,138.20379759572322,138.4918975830078,33314100
2018-02-05,137.44755952103364,138.45588202957617,133.11715778094035,133.17117309570312,52622200
2018-02-06,131.01950635171136,135.3769167568074,129.85813560366057,134.7647247314453,69232400
2018-02-07,134.69267120730277,135.755009051415,133.79237931065276,134.8997344970703,37101000
2018-02-08,135.03477662176465,135.04377459462023,130.93844604492188,130.93844604492188,44704500
2018-02-09,132.12682203015805,133.18917351694475,128.2915838377231,132.13583374023438,53315300
2018-02-12,132.27085563055414,134.07143904028783,130.9744333775681,133.38722229003906,36213900
2018-02-13,132.6849653050693,133.95436587622456,132.25281549534688,133.67527770996094,25021200
2018-02-14,132.91008428276143,136.41221887354783,132.5049419784428,136.0791015625,36286900
2018-02-15,137.04238915734885,137.6275732054212,135.54790179667947,137.56455993652344,23773600
2018-02-16,137.39352633390314,138.90600989997068,137.33049931663595,138.0507354736328,27973900
2018-02-20,137.33952009095037,138.4378772119587,136.5472588922262,136.9163818359375,24046200
2018-02-21,137.2225165607813,139.37421407269682,136.85339351269263,137.0604705810547,26735500
2018-02-22,137.5735945475631,138.67195169674233,136.76333738253206,136.8443603515625,16340000
2018-02-23,137.7266005199236,138.6629114455617,136.97935686840677,138.62689208984375,18065200
2018-02-26,139.12205368556545,139.77926267798878,138.16774682982108,139.53619384765625,15267700
2018-02-27,139.7072843665911,140.33749965904912,137.51958173875687,137.52857971191406,18125500
2018-02-28,137.87066388117873,138.2848040880707,135.3228368419497,135.35885620117188,29951800
2018-03-01,135.0887529137209,136.45719994747034,133.58526763932738,134.99871826171875,38943200
2018-03-02,133.88239290755888,137.51956555269666,133.6032909241726,137.15945434570312,31842300
2018-03-05,136.68229924997044,138.8789995672637,136.36719164443676,138.38385009765625,19603700
2018-03-06,139.03209546268607,139.89638187994584,137.56462875441397,139.8783721923828,17304000
2018-03-07,139.0591060037189,141.28281456759188,138.8430309819354,141.1117706298828,22684600
2018-03-08,141.255775124988,141.7689480347496,139.99537212491762,140.82363891601562,23391300
2018-03-09,141.62488588487133,143.1463810639693,141.2287553367794,143.07435607910156,24927200
2018-03-12,143.37146386901748,143.73157508080797,142.68724707167067,143.32644653320312,15310100
2018-03-13,144.04664493947183,144.31673514620508,142.37210214255614,142.6602020263672,17757200
2018-03-14,143.34446685127654,143.4975148145119,141.7149408303648,141.9850311279297,18097500
2018-03-15,142.3361399259285,142.37214555370417,140.77862521171548,141.27378845214844,14172100
2018-03-16,141.32782457358311,142.48920886646826,141.12076127431578,142.06607055664062,36000300
2018-03-19,141.49887581605776,141.534895184865,139.05008075700277,140.69761657714844,25663000
2018-03-20,141.04869414113998,141.36380172025076,140.23843713394177,140.6615753173828,11418500
2018-03-21,140.7336352962667,142.48019002915905,140.6255909277079,141.48086547851562,22213500
2018-03-22,140.46299847888196,141.32926646758818,138.34242224877985,138.37852478027344,29774800
2018-03-23,138.5679800562794,138.9108851738883,135.35554401471595,135.40066528320312,35744100
2018-03-26,137.2415292299388,138.40559491267734,135.743590860547,138.3604736328125,28442400
2018-03-27,138.65826072164901,138.6943494849157,135.0938998362787,135.68043518066406,32820600
2018-03-28,136.02331083229913,136.57375729379606,134.80510535828955,135.63528442382812,26510900
2018-03-29,136.33014955189242,138.1529419878365,136.03236560673207,137.00692749023438,22617700
2018-04-02,136.72721863662173,137.22352529836968,132.81091915317097,133.66818237304688,35040700
2018-04-03,134.47124968951542,135.89699666738548,133.82154185734473,135.58116149902344,29857800
2018-04-04,134.00203821556408,137.68371202892814,133.79449682653308,137.30471801757812,29619700
2018-04-05,138.09877571098133,138.61313350681402,137.44908161642184,138.44168090820312,17301600
2018-04-06,137.4941950123428,138.4236355686295,134.58856076697293,135.68043518066406,25762700
2018-04-09,136.61888891632083,137.70174453732386,135.7345696769775,135.8428497314453,18997000
2018-04-10,137.28667974846726,138.91996853622229,136.8625644117582,138.40562438964844,23420000
2018-04-11,137.8641422883985,139.2447678355604,137.72879224223715,138.70335388183594,14884600
2018-04-12,139.35304925629177,140.23738213025757,138.90186407250152,139.6508331298828,14413200
2018-04-13,140.12906413669575,140.1651666558519,138.52284626116437,138.91989135742188,19813600
2018-04-16,139.72306911657944,140.60740227349146,139.06434239282538,140.20132446289062,18846900
2018-04-17,140.95931164261168,142.11434486121698,140.73371900196094,141.726318359375,18624200
2018-04-18,142.14143395893527,142.91747329771974,141.81657996202352,142.10533142089844,16974200
2018-04-19,141.79848189099434,142.15942453772624,140.66150016161743,141.1217041015625,16174500
2018-04-20,140.81490897185827,141.41949551031578,140.00276731985437,140.3637237548828,21480600
2018-04-23,140.57125636920867,141.03146030507395,139.4793959226226,140.1561737060547,13268200
2018-04-24,140.67954348510807,141.33828380785587,138.23412734864513,139.35305786132812,24859700
2018-04-25,139.28992092501727,139.6869661765588,138.02660764200513,139.14553833007812,21981400
2018-04-26,139.34404263099844,140.23739432948406,138.9109086722237,139.7862091064453,14862900
2018-04-27,139.759114300555,140.2012669284813,138.7665014783326,139.58766174316406,17734300
2018-04-30,139.88551368518011,140.45399787911654,138.3244024167391,138.3514862060547,15624600
2018-05-01,138.0716893153267,139.22672232051497,136.89861881595823,139.02821350097656,24977500
2018-05-02,138.76651687720548,140.57125764946105,138.67627433096092,139.55157470703125,16786800
2018-05-03,139.06430824458187,139.41623216335725,137.30468865070503,138.79359436035156,20985900
2018-05-04,138.29728231980144,141.2209673678642,137.8821996471683,140.52613830566406,17927900
2018-05-07,140.94123082556735,142.44818769686833,140.8600207965397,141.71726989746094,16303500
2018-05-08,141.5999669194199,142.42112731933594,141.44656559785537,142.42112731933594,17281200
2018-05-09,142.58358468976982,143.5671791851249,142.01510053032803,143.18817138671875,15758500
2018-05-10,143.38670223428156,144.53271690669402,143.26037088395074,143.9552001953125,15828700
2018-05-11,143.97319718767983,144.4965736614776,143.51297948069458,144.23487854003906,14413600
2018-05-14,144.39729796589756,145.0018844091842,143.52199768122398,143.68441772460938,15028500
2018-05-15,143.2152093803769,144.00928595353395,142.72792166343032,143.7115020751953,17544900
2018-05-16,143.9190893309004,145.57042915112856,143.90103806388586,145.20947265625,21004400
2018-05-17,145.2816599100481,146.1840304684956,145.05606727043622,145.87722778320312,18639700
2018-05-18,146.13893325221312,146.4728197767973,145.77799047702862,146.06674194335938,17579800
2018-05-21,146.51788406089454,147.30295570733458,146.50886531335578,147.03224182128906,15667300
2018-05-22,147.32102420773683,147.38419676104422,145.85016944270703,145.96746826171875,13212000
2018-05-23,145.57942013293737,146.4366692700073,145.39894880446155,146.1569366455078,14235700
2018-05-24,146.1117830374657,146.49980938844658,144.93869900834972,146.21104431152344,12785000
2018-05-25,145.95843586285127,146.32841109141094,145.70577321141585,145.9494171142578,11150200
2018-05-29,145.173383646804,146.39157567112625,144.4785544432801,145.7509002685547,20986900
2018-05-30,146.5088351458821,148.34064566192237,146.5088351458821,148.0609130859375,25169000
2018-05-31,148.0609021823673,148.3316159927344,146.49077309749924,146.87879943847656,28573700
2018-06-01,147.83541789388588,148.33172461482079,147.339111172951,147.8444366455078,21108200
2018-06-04,148.2775163889663,148.6294403076172,147.37514595457117,148.6294403076172,14836000
2018-06-05,148.48509024487777,149.58598351741077,148.295586353767,149.5498809814453,13283600
2018-06-06,149.53182631144335,150.63270568847656,149.4145137366516,150.63270568847656,16661300
2018-06-07,150.79514985243154,150.90342991713,149.098688737049,149.8115692138672,17571900
2018-06-08,149.84762937948759,150.34393586310242,149.57691550032678,150.26272583007812,17569800
2018-06-11,150.3710449530361,150.79516026115652,150.0552097170882,150.4883575439453,15923000
2018-06-12,150.62370193172666,151.54412381759764,150.45224931122215,151.1741485595703,16166700
2018-06-13,151.39066322853802,151.48089199359995,150.35292916224455,150.57852172851562,19853700
2018-06-14,151.13800750436562,151.45382885000944,150.34391722900395,151.3816375732422,19248100
2018-06-15,150.91245952239467,151.48094362017144,150.2717703574359,151.4268035888672,24922600
2018-06-18,150.6688105648715,152.14869770363262,150.45223667782778,152.13967895507812,18616500
2018-06-19,151.19212568113895,152.29301839693738,150.28072299154078,152.1486358642578,24605900
2018-06-20,152.90666379823998,153.58344160829628,152.45547859153578,153.3759002685547,19216900
2018-06-21,153.38491596306744,153.47515851024414,151.39068509980984,151.94113159179688,26946200
2018-06-22,152.50964621224344,152.6810988248708,150.97561898565937,151.4358367919922,33638200
2018-06-25,150.91244137819683,151.0297401755591,148.1150874317574,148.96331787109375,37005100
2018-06-26,149.0986567668072,150.38905359379675,148.75576537909186,149.82957458496094,20464000
2018-06-27,149.98296978995907,150.25366985778135,147.36608772536258,147.42926025390625,27511800
2018-06-28,147.2939288348522,148.1872805623106,146.41862837224332,147.88047790527344,26759100
2018-06-29,148.26847818110684,148.93623723379608,147.6368216550925,147.7812042236328,24146500
2018-07-02,146.8698007059282,148.8550265925248,146.61713809655765,148.80087280273438,24283600
2018-07-03,149.20389863617177,150.06425219228834,149.15861396080928,149.3940887451172,13561300
2018-07-05,150.20917325638953,151.12386299054506,149.27636688641525,151.09669494628906,18640500
2018-07-06,151.21445634996832,152.54574600557893,150.80692180250404,152.37367248535156,19597500
2018-07-09,153.0618782153691,153.35168901756762,152.50038705978398,153.3335723876953,16565200
2018-07-10,153.57816318868643,153.84079224718647,151.75783495984993,152.63629150390625,18790700
2018-07-11,151.80307229437415,152.69965909683492,151.28686570067302,151.34120178222656,23912600
2018-07-12,152.21059154577242,152.37359975937784,150.91552196672367,152.07473754882812,19617600
2018-07-13,152.0114257542877,152.80837822692737,151.6219940185547,151.6219940185547,15409100
2018-07-16,151.9298677002556,152.1743938968264,150.29972990696498,151.03329467773438,15946900
2018-07-17,151.015150208122,152.14719781088155,150.8702447984231,151.70343017578125,15134700
2018-07-18,151.5676285413272,152.20157259632424,150.8521803547471,152.12911987304688,13780000
2018-07-19,151.9389447657368,153.27928560959165,151.47706037856446,153.2068328857422,18398300
2018-07-20,152.87170472832995,153.33357515636655,152.4641703719518,152.58189392089844,17570700
2018-07-23,152.4189116405339,153.18869581824302,151.97514394824825,152.77210998535156,12335000
2018-07-24,153.46033752302725,153.74108305757952,150.5351310109405,151.14190673828125,25831300
2018-07-25,151.1872265890185,151.6943817138672,150.46271334540293,151.6943817138672,18401200
2018-07-26,151.8393122474144,153.38794591565224,151.703458218606,152.5094757080078,20944200
2018-07-27,152.60001325887802,152.79925473778763,149.2400899726664,149.66574096679688,28777100
2018-07-30,149.65673355412423,150.35407893529958,148.5880869612334,148.705810546875,20093700
2018-07-31,149.00463370189303,150.8974139916652,148.87784492217003,150.2181854248047,23567300
2018-08-01,150.06427047790396,150.55332292110253,148.9775072314935,150.1186065673828,17942600
2018-08-02,149.394088634797,151.4317746541201,149.37597200087683,151.21441650390625,18292200
2018-08-03,151.37738205933212,151.8573690807752,149.98270565756027,150.68910217285156,21734900
2018-08-06,150.58047963672126,151.7034622519804,150.24538407857227,151.53140258789062,16288800
2018-08-07,152.0475572595113,152.59094556561652,151.78492833022162,151.8936004638672,15045700
2018-08-08,151.89363744133726,152.13816362050673,150.77970634347517,151.75779724121094,14789500
2018-08-09,151.83025312797068,152.79024131909162,151.73969759073225,152.14723205566406,10437800
2018-08-10,151.28687039112836,152.75399991433028,151.2053662662711,151.72157287597656,20521900
2018-08-13,151.91175708230486,152.19250271408632,150.2272694726739,150.83404541015625,20517200
2018-08-14,151.16008659669623,152.69061748032587,151.1419699620359,152.32835388183594,17683100
2018-08-15,151.87552805080793,151.98421403503394,149.56614780593878,150.41744995117188,27479900
2018-08-16,151.11483408149493,152.30121825379476,150.9608772014736,151.8121795654297,15484700
2018-08-17,151.66723680943093,152.57287504734768,151.1781844223479,152.46420288085938,15106700
2018-08-20,152.88078157567955,153.2158632859626,151.9932600133681,152.8898468017578,12547300
2018-08-21,153.17964482782605,155.19016274039416,153.16152819449474,154.6467742919922,20661200
2018-08-22,154.49282214725216,155.30790484460533,154.3388653066165,155.0271453857422,14329200
2018-08-23,154.945631158839,155.33506275771356,154.12149710775208,154.55621337890625,12945800
2018-08-24,154.99993930726316,155.57049567350106,154.8822157632799,155.39842224121094,11894300
2018-08-27,155.86934300229404,156.62102413435147,155.42557544656722,155.62481689453125,15880400
2018-08-28,155.91468082381368,156.20447787124837,154.95470651208834,155.769775390625,13170300
2018-08-29,155.78790794857576,156.46713668976545,155.2807526995185,156.2226104736328,13157900
2018-08-30,155.92369073141072,156.88366478763413,155.60672572698283,156.09576416015625,14199600
2018-08-31,155.73355292852878,157.02860893787022,155.7244877022907,156.6935272216797,12240500
2018-09-04,156.48519325393139,156.7840554699929,154.97277936218265,155.99615478515625,17923500
2018-09-05,155.9327117435153,155.97799639787542,154.28445811251112,155.5795135498047,15166100
2018-09-06,155.92371410580935,156.20445971313777,154.33884738926673,154.52903747558594,16647700
2018-09-07,154.14867659364037,155.27165906281604,153.65057284411492,154.44752502441406,17248000
2018-09-10,155.09056024286093,155.47997808220248,154.3117107452339,154.6377410888672,11067100
2018-09-11,154.50184816264715,155.4074861616804,153.95845983565152,154.89126586914062,14078400
2018-09-12,154.67394585313687,154.94564008352202,153.35172178764103,154.51998901367188,21572300
2018-09-13,155.11770462213647,155.35316557147195,154.1939498196111,154.55621337890625,14570500
2018-09-14,154.65585780856117,155.70638774400146,154.32076223754143,155.2082977294922,15734900
2018-09-17,155.2445158684566,155.35318804249312,153.36985177160798,153.56002807617188,20023200
2018-09-18,153.77739756780713,154.60153179879237,153.623440703603,154.2030487060547,13018000
2018-09-19,154.21209710982217,154.92755914482598,153.11628244509214,153.64154052734375,17593500
2018-09-20,154.29357177305147,155.13582246340002,153.78641660502913,155.06336975097656,16918700
2018-09-21,155.54338757128602,155.60678888927023,154.15776199276044,154.32077026367188,32539000
2018-09-24,154.19395223028704,154.4113103692623,152.83549495431114,153.7501983642578,15786700
2018-09-25,154.0038191527141,154.4294703241092,153.82269422889502,153.98570251464844,13758500
2018-09-26,154.30344361644273,154.39425328407197,152.3511604629041,152.5781707763672,17787200
2018-09-27,152.88692032803993,153.18657564143143,152.3330145406699,152.58726501464844,14471900
2018-09-28,152.05150309615618,153.45896979140045,152.05150309615618,153.05035400390625,22740300
2018-10-01,153.7223254763802,153.74957946606943,150.5260296627323,151.03453063964844,27893100
2018-10-02,150.89828692088042,151.2161068977738,149.0822044371691,149.4000244140625,28440300
2018-10-03,149.99025071966898,151.3977174629672,149.38186472985316,150.70761108398438,26027200
2018-10-04,150.22641193590056,150.4170929221678,148.12883795326516,148.59193420410156,29463000
2018-10-05,148.69176823352797,149.06406850529143,145.88592384075798,147.24798583984375,31240100
2018-10-08,146.89386517716636,147.4659218530038,145.7860535304033,146.93927001953125,21330700
2018-10-09,146.75762333051725,147.7746389588413,146.17647748102206,146.36717224121094,20620400
2018-10-10,146.03116652529934,146.1855318392382,141.98129739537418,142.16290283203125,46921800
2018-10-11,141.48194106337272,142.85309256849314,139.3934428840951,139.44793701171875,68877400
2018-10-12,141.25488109410077,141.43648655557226,137.9223716886884,139.47512817382812,53492600
2018-10-15,139.2572558783959,141.0097694596756,138.5126551395043,139.99276733398438,32747600
2018-10-16,141.00070678625238,144.25149756705505,139.87473014837596,144.05172729492188,35569100
2018-10-17,143.63400627252122,143.67033569380297,141.5545972116129,143.4342498779297,24140100
2018-10-18,142.9347972401418,143.13456745259464,140.17434368021787,140.7464141845703,31042700
2018-10-19,141.1731542094423,141.98131025301745,138.69420582834672,139.25718688964844,34214200
2018-10-22,139.76578293702673,140.2470439507047,138.4945300434656,138.95762634277344,28218300
2018-10-23,137.0506818138591,138.83044905384216,135.2255235883782,137.71356201171875,37228100
2018-10-24,137.504751279248,138.00417699735334,132.41065052142503,132.5286865234375,40412400
2018-10-25,133.23692804265175,136.0427868632453,132.94636196184138,135.3980712890625,32311300
2018-10-26,133.97244902806887,135.67957163750708,131.39361425829858,133.91796875,36986100
2018-10-29,135.41622208299367,136.7782842198796,131.7295761160538,133.18243408203125,33031300
2018-10-30,133.34589432112938,136.10633427088231,133.08255453783977,135.96104431152344,29017200
2018-10-31,137.35034659164992,137.89517701124413,136.23345947265625,136.23345947265625,36785400
2018-11-01,137.0143615575346,139.62952513296906,136.94171658537124,139.37527465820312,28496400
2018-11-02,139.89288970410774,140.64656591107888,138.42186671409561,139.83840942382812,26671600
2018-11-05,139.87469198815003,140.4376870813015,138.3401136517734,139.7294158935547,16940900
2018-11-06,139.5205743104889,140.8463210290547,139.40253833444862,140.41954040527344,15572900
2018-11-07,141.07332662506852,142.934814453125,140.56482560690185,142.934814453125,22127800
2018-11-08,142.20836086282932,143.379728144804,141.96318581102557,142.5534210205078,14987700
2018-11-09,141.65444844499095,141.68168857662764,138.8849195985019,139.9110107421875,20654400
2018-11-12,139.85651246694601,139.9927131075883,136.9689341848453,137.14146423339844,21886800
2018-11-13,137.65905826082695,139.01203084805653,136.46951259136705,136.7056121826172,18468500
2018-11-14,137.8588701919897,138.4400162104593,134.82600098547533,135.70680236816406,24549100
2018-11-15,134.83510025579363,137.84071569218048,134.50820473021474,137.6409454345703,24482000
2018-11-16,136.76013755593382,138.28564069982676,136.26071193539232,137.96783447265625,29323500
2018-11-19,137.7317207137185,138.04954076399073,134.72610572613206,135.17105102539062,21540900
2018-11-20,133.7091299062325,134.78061237804533,132.2017774763391,132.56500244140625,25907000
2018-11-21,133.28229159394743,135.63411507129362,133.05528128480722,134.41734313964844,17902300
2018-11-23,133.3186403674278,135.5705790816278,133.30955108615174,134.2902374267578,11134800
2018-11-26,135.58874474138227,136.56941723326804,135.0620790813033,136.03367614746094,15346400
2018-11-27,135.46156082135548,135.96098618337132,134.6534048194052,134.9076690673828,14461800
2018-11-28,135.47975071885986,138.35823979722718,134.1176888540142,138.24020385742188,26125900
2018-11-29,137.66811924293933,138.69421017576605,136.60571276059684,137.86788940429688,15134500
2018-11-30,137.53193353693487,138.8031857420609,137.18687342885357,138.5852508544922,20304700
2018-12-03,140.19250133950732,140.27422173441735,138.04044780654246,139.9110107421875,23379800
2018-12-04,139.61134747246834,139.95640759432573,133.60919402853327,133.95425415039062,41077900
2018-12-06,132.07463885723877,133.66371154785156,130.24039107193084,133.66371154785156,37581200
2018-12-07,133.60916094239144,134.6261624952508,130.09504647587372,130.7760772705078,28525100
2018-12-10,131.00311559175347,131.41173138492402,128.44243260482756,130.3947296142578,30776600
2018-12-11,132.2834425100951,132.7465524146981,129.2959928972074,130.25851440429688,29229300
2018-12-12,131.55699794886206,133.26410578138584,131.4480235959211,131.5025177001953,27894800
2018-12-13,131.883946272091,132.29256215683338,129.43222325241058,129.64108276367188,23205400
2018-12-14,128.69668932023538,130.05875126759804,127.21659142591652,127.6796875,24037200
2018-12-17,127.25055355923398,128.35296657683665,124.05266747174025,124.83619689941406,36468500
2018-12-18,125.9659634282705,126.80415567698863,124.17113403741249,124.68135070800781,42277200
2018-12-19,124.63581360967348,126.3486354747377,121.4014750950372,122.08478546142578,47676600
2018-12-20,121.74766448559853,122.45830600480143,118.64998313591062,120.0712661743164,57908100
2018-12-21,120.60882450213371,121.12813308689978,116.60006946156982,116.95538330078125,59404800
2018-12-24,116.37229465271362,117.04649215668081,114.65034641866289,114.6867904663086,28575700
2018-12-26,115.051216382675,120.35371027307899,114.62300753989743,120.19881439208984,40182700
2018-12-27,118.68645587384295,120.69993591308594,116.49986137122345,120.69993591308594,39527900
2018-12-28,120.699912362121,123.0049443728816,119.84349466920942,121.04612731933594,35994400
2018-12-31,121.82966455499286,122.13032273636372,120.08039196500283,121.99365234375,29173400
2019-01-02,120.41744845798245,123.15068860611485,119.8434635782416,122.68604278564453,27295100
2019-01-03,122.00273746341144,122.66782203260529,119.9436875749802,120.49034118652344,29294600
2019-01-04,122.01189754879096,125.36468098091954,121.82057843100847,124.99113464355469,35355300
2019-01-07,125.05484744446598,127.88830706448907,124.58109580975864,127.17766571044922,30477900
2019-01-08,128.2801280159456,129.18208874923818,126.99550126624408,129.12742614746094,27320900
2019-01-09,129.57386186358312,130.63982431487227,129.02720803636515,130.19338989257812,25764600
2019-01-10,129.4280604799156,130.94045705930984,128.78120127558415,130.86756896972656,22896800
2019-01-11,130.29356965567078,131.18643822860372,129.9929115323746,130.90399169921875,22428400
2019-01-14,130.12053414756966,130.6853996543623,129.45543531965143,129.60121154785156,29185000
2019-01-15,129.9655455123294,130.8766254357302,129.4553429795412,130.6944122314453,25678900
2019-01-16,130.90400877673054,132.33441149823418,130.894902978587,131.66932678222656,20827300
2019-01-17,131.18643930209237,133.31836357347785,131.16821380605194,132.86282348632812,19273400
2019-01-18,133.56434658006788,134.76696506826562,133.01769296599144,134.22943115234375,28306700
2019-01-22,133.4368116209797,133.7101245581911,131.24110501217817,132.10662841796875,27741100
2019-01-23,132.39822762063142,133.181743520631,130.7036173001515,131.74224853515625,20621300
2019-01-24,131.5873349359517,132.7990735310044,131.49623523753172,132.5348663330078,16976300
2019-01-25,133.58254667100437,134.51185217412987,133.4094392447187,134.238525390625,22266900
2019-01-28,132.98129527055482,133.8468188309091,132.4437472934235,133.51882934570312,22784700
2019-01-29,133.66456513524832,133.76478450048856,132.9083669978864,133.1999053955078,12084800
2019-01-30,133.91054621155774,135.14961567593457,132.72613932764216,134.6576385498047,25516900
2019-01-31,134.4845698295087,136.02429783170072,134.41168173391574,135.80563354492188,27252900
2019-02-01,136.0699044935595,136.37054888282867,135.3683684806264,135.91500854492188,17057900
2019-02-04,136.12448984377835,137.54577266699113,135.64161847184016,137.5366668701172,21301700
2019-02-05,137.5822299525756,138.1197778906056,136.88070813684462,137.6824493408203,18295900
2019-02-06,137.60960357434305,137.91026183155188,136.75319951373197,137.50938415527344,13720600
2019-02-07,136.58913744209008,137.29977886265615,135.1951858939043,136.3795928955078,22850800
2019-02-08,135.8055838567359,136.57088772748037,135.29538127623957,136.5253448486328,13463000
2019-02-11,136.92625884880792,137.70978850110444,136.32495638698535,137.66424560546875,16374800
2019-02-12,138.41129176218527,139.5683674205152,138.37485467383496,139.3861541748047,20779900
2019-02-13,139.77793884277344,140.08770281025903,139.1219599104615,139.77793884277344,15534500
2019-02-14,139.0126292709369,140.64345683743653,138.84862759329926,140.09681701660156,18251000
2019-02-15,141.01700638947702,142.34718973178124,140.55236044558066,142.32896423339844,27240200
2019-02-19,141.71855358208455,143.13073092848964,141.71855358208455,142.72073364257812,15856900
2019-02-20,142.72979768747487,143.56798962834594,142.61135283755496,143.39488220214844,18317400
2019-02-21,143.15802916088532,143.3766795007527,142.1831667223771,142.84825134277344,17497000
2019-02-22,143.285600112273,144.1966803959871,143.1307181322794,144.08734130859375,20411800
2019-02-25,144.93462477547826,145.3172767513509,144.03265046679186,144.12376403808594,17957100
2019-02-26,143.95976386689276,144.1237655165086,142.9393585874317,143.1306915283203,21497300
2019-02-27,142.57493281450417,143.4404561470823,142.23782371715782,143.3311309814453,18194900
2019-02-28,143.12162032891507,143.47694113784624,142.46564131212156,142.8391876220703,18155300
2019-03-01,143.90515144821327,144.2604722605996,142.8118577102541,144.16937255859375,19247100
2019-03-04,144.44263504030994,144.6612992722063,141.7549514865713,142.86647033691406,23301800
2019-03-05,142.98493029302918,142.99403609041048,142.0920755803376,142.20140075683594,16798200
2019-03-06,142.14676967653182,142.20143227689738,139.28597774086853,139.4135284423828,29604600
2019-03-07,139.4135002820723,139.52282546072072,137.91020956575167,138.19264221191406,26822500
2019-03-08,137.42730690950435,138.265498859845,137.21776239741368,138.1561737060547,20466800
2019-03-11,138.5844385823402,140.58881265854578,138.39310558370087,140.57058715820312,20854500
2019-03-12,140.67080969368635,141.1992379995384,140.12416978906907,140.6434783935547,18966800
2019-03-13,141.14454090430684,141.88251363147305,140.98965894075172,141.19920349121094,24109100
2019-03-14,141.12634247679904,141.23568157355948,140.48858900395928,140.62525939941406,14217500
2019-03-15,140.78923472477905,142.0100789649649,140.6070214489573,140.998779296875,22025900
2019-03-18,141.2720940129392,142.53849493867207,140.74366582711085,141.90074157714844,24510200
2019-03-19,142.56583170778592,142.61138850006878,140.82567901922303,141.18099975585938,18633100
2019-03-20,141.17365424893768,141.9775465128226,139.22788983972768,140.00436401367188,29463200
2019-03-21,139.52024000871117,142.56222696408975,139.52024000871117,141.84056091308594,31845000
2019-03-22,140.86311889415396,141.1737086834906,136.6335806853664,136.6792449951172,40663000
2019-03-25,136.55132500276707,138.2321922005762,135.57387759540168,137.28213500976562,26454700
2019-03-26,138.36921116884255,139.60245391071328,137.74801779235378,138.72547912597656,21308600
2019-03-27,138.58843905951883,139.04519350196279,136.5513042101105,138.18649291992188,23477100
2019-03-28,138.66153980455593,139.7029396183561,137.87592142298442,139.4197540283203,19473300
2019-03-29,140.3880422274906,140.65296761655355,138.94471041985543,139.8490753173828,28298900
2019-04-01,140.94529869900524,141.52081383448888,140.42460581279153,141.37464904785156,20075200
2019-04-02,141.47511607909678,141.48426008890092,140.23274344215352,141.0092315673828,18253500
2019-04-03,142.26991876203877,142.644446916504,141.34726560783272,141.74008178710938,19554700
2019-04-04,141.84966575454382,142.5165233715434,141.4477195944761,142.43431091308594,15909500
2019-04-05,142.78147490702136,143.85027887975838,142.680988348608,143.76806640625,21379000
2019-04-08,143.283895437495,143.87767072518875,142.57135951664597,143.53053283691406,14202400
2019-04-09,142.92761096435407,143.14684418295366,141.51166935839242,141.77658081054688,18534200
2019-04-10,142.03236330360167,143.7497645376234,141.89534254090418,143.70408630371094,18938800
2019-04-11,143.89595013869408,144.04210099371264,143.24735257695167,143.5214080810547,12218700
2019-04-12,144.4532045213432,144.48060868037282,143.5214212972066,144.0421142578125,14120300
2019-04-15,144.28875360484955,144.42578832762206,142.96416825230116,143.5762176513672,10964000
2019-04-16,144.06952389866578,144.24307891598414,143.40265223064344,143.91421508789062,16782900
2019-04-17,144.41665970714968,144.43493379327532,141.77661879325984,142.59878540039062,17108500
2019-04-18,142.6078628349309,142.7631576620679,141.28327783014242,142.1785125732422,23276300
2019-04-22,141.8771137818683,142.3338683888225,141.15544763606022,141.8040313720703,15596800
2019-04-23,141.9318738753397,144.38008498500375,141.92274380435907,143.9416046142578,23396100
2019-04-24,143.98727502654305,144.96473628555498,143.7588977909653,144.38922119140625,18053100
2019-04-25,143.72238760703112,143.85027832278544,142.0232601325567,143.1925506591797,19365100
2019-04-26,143.38437541456682,144.7820430367048,142.87279867775536,144.58106994628906,16999100
2019-04-29,144.9007723493718,145.8051511477926,144.78202567494097,145.2753143310547,13698900
2019-04-30,145.384906996022,145.42145515062825,143.38433461099024,144.5992889404297,24127500
2019-05-01,144.9464662615218,145.00127456934837,143.15599649033126,143.22906494140625,17734300
2019-05-02,143.0920730616375,144.4714668635831,142.21509814223245,143.89596557617188,22715700
2019-05-03,144.6176383558319,146.7461164517726,144.50802171298238,146.6456298828125,20178800
2019-05-06,144.4988376309757,147.1754260770426,144.34354278365362,146.81002807617188,21262100
2019-05-07,145.5311354479491,146.04269832409724,142.73579977539467,143.90509033203125,25434500
2019-05-08,143.6584299456371,144.41664413911488,143.10118886074582,143.20167541503906,16113700
2019-05-09,142.0689350901807,143.101190865243,140.44289005359818,142.6809844970703,25259900
2019-05-10,142.13287824127886,143.26563454905366,140.3789424331081,143.07379150390625,26544700
2019-05-13,140.39723819272524,140.69869791647196,138.08606091637853,138.51541137695312,26936500
2019-05-14,138.8168304345845,140.83567747016747,138.57930917931063,140.26016235351562,15519200
2019-05-15,139.21876475651783,141.05492675078224,138.91731905561932,140.7169189453125,18410600
2019-05-16,141.14627813584804,142.6718365749164,141.082339750723,141.59390258789062,13772100
2019-05-17,140.515991850061,141.84057740239655,139.45631783257485,139.62074279785156,21534000
2019-05-20,138.7894713909087,139.60250810875021,138.314456556342,138.65245056152344,18689800
2019-05-21,139.42888275603232,140.71691984890182,139.3832045183468,140.51596069335938,11659100
2019-05-22,139.96784784417227,140.30584170824352,138.853365766972,139.3375244140625,13922600
2019-05-23,137.99464379066626,137.99464379066626,135.72914575971745,136.46908569335938,26379400
2019-05-24,137.3734882600583,138.0220718459873,136.83450735489782,137.74801635742188,16093100
2019-05-28,137.94899081609873,138.53363602592904,136.64267962032218,136.6518096923828,14042200
2019-05-29,135.96667270108753,136.04888516359318,134.61468331895608,135.50991821289062,22622300
2019-05-30,135.88444468340563,136.64265871970196,134.32233837941413,135.13536071777344,17739100
2019-05-31,133.54587490775592,134.1396501464252,132.75112658605144,133.24441528320312,25411300
2019-06-03,133.49106341027274,134.4776547200325,132.76025348389072,133.71029663085938,26554500
2019-06-04,135.12626570608543,137.29127783352905,133.75600204283396,137.1725311279297,21217600
2019-06-05,137.72064417589715,137.8394048342901,135.75660494011268,137.199951171875,18184100
2019-06-06,137.1359893862824,137.50140141037133,135.48254005202986,136.8436737060547,20772500
2019-06-07,137.34611179281046,138.40577185568472,137.0446520885211,137.81199645996094,17107500
2019-06-10,138.35094449390493,139.8947770371665,138.35094449390493,138.625,18912300
2019-06-11,139.64813024687703,139.97699407711912,137.55620056217205,138.21392822265625,15373000
2019-06-12,138.10429148858123,138.65240249419926,137.59272865082676,138.3692169189453,11957600
2019-06-13,139.136534879103,139.93128314190594,138.73458874282224,139.830810546875,14839400
2019-06-14,139.65727908360728,139.7120874007007,138.59760515632428,138.6067352294922,16154800
2019-06-17,139.22368209780257,140.16791221053353,139.04033902518896,139.56288146972656,12509300
2019-06-18,140.5071454265337,142.23058751004447,139.5812396063145,141.18551635742188,22100800
2019-06-19,141.3504966333469,141.81802355260308,140.626272634377,141.68968200683594,15625000
2019-06-20,143.05560993858037,143.21145224086376,141.57967520733314,142.35888671875,17595700
2019-06-21,142.21217966396748,142.24884267056746,140.8187476141941,141.13043212890625,19854400
2019-06-24,141.5063404919924,141.55217975630765,139.34285870520026,139.41619873046875,24002600
2019-06-25,139.62702312772396,139.80120391497235,138.4261101059726,138.56361389160156,17462200
2019-06-26,139.06784872544495,139.54455193542495,138.20612084177444,138.2427978515625,15726900
2019-06-27,138.6461452048456,140.9654692287946,138.6461452048456,140.83712768554688,22278400
2019-06-28,141.13045853394357,143.0280947056015,141.1212962776231,142.5513916015625,35089900
2019-07-01,144.42151878955738,144.87072115437815,142.29471421961856,143.1014404296875,22850500
2019-07-02,143.0281243898261,143.1197889365878,141.41467169919858,142.23056030273438,19024600
2019-07-03,142.64309242907308,143.32146319551342,142.248891534792,143.2481231689453,9115100
2019-07-05,142.54222172847793,143.6881331752971,141.96467788306444,143.63311767578125,14156700
2019-07-08,143.2022950075355,143.44980185551518,141.99220557580577,142.26722717285156,9735700
2019-07-09,141.67137462230613,142.4872633399344,141.61637308892168,142.4597625732422,12381600
2019-07-10,143.1931102708061,143.52313337005566,141.95553413975432,142.70724487304688,17325400
2019-07-11,142.90891929435256,142.95475855354883,141.3779831568073,142.01052856445312,14260800
2019-07-12,142.22138242571597,143.62397712957915,141.98303784449402,143.11061096191406,16678000
2019-07-15,143.5231368454305,143.55063760535234,141.95553757717016,142.35888671875,12194300
2019-07-16,142.2122085425602,143.19310153526473,141.79050694606457,142.31304931640625,15152700
2019-07-17,142.31305649646166,142.40472103028782,140.92878635035515,141.2954864501953,14155100
2019-07-18,141.24969587652413,142.1022476746837,140.9288349270888,141.82723999023438,15705500
2019-07-19,142.03805446597926,142.48724291635554,141.01132202148438,141.01132202148438,17182600
2019-07-22,141.39631466446912,141.81800225659043,140.62625151732283,140.8829345703125,14474600
2019-07-23,141.43298382662616,141.83634692405596,140.75459916384165,141.81800842285156,15493200
2019-07-24,141.44218357465496,144.33905205298697,141.28634124355364,144.1648712158203,23823100
2019-07-25,144.09150524446508,144.14652075275876,142.17554435685219,142.42306518554688,17902500
2019-07-26,142.62473588105095,144.31151431417325,142.55139586376154,144.10983276367188,14260300
2019-07-29,144.10065343810476,144.25649571081823,142.64305748609988,143.14724731445312,13192200
2019-07-30,142.1480571327348,144.69656372070312,141.82721023878767,144.69656372070312,1200
2019-07-31,144.64155853076537,145.97081331642406,142.59725595728528,143.5231475830078,40445900
2019-08-01,143.81652441792045,144.99909928507867,140.8004766138082,141.4421844482422,38070200
2019-08-02,140.58041229729685,140.9470983399842,138.6827763565414,139.87452697753906,30148300
2019-08-05,137.30775716894217,137.4360987522932,134.0350397993996,135.6759796142578,39221500
2019-08-06,136.50101252229175,137.2343988961138,135.10759379902967,136.92271423339844,24283300
2019-08-07,135.60264797955645,137.24360188438416,134.4750744281605,136.88607788085938,23952100
2019-08-08,137.64690801090902,139.92040689853795,137.50024194411031,139.837890625,19415600
2019-08-09,139.42533653333732,139.4803380455967,137.53687667548647,138.07774353027344,19313200
2019-08-12,137.33523211162515,137.61941599359108,135.97847648731312,136.2901611328125,15963000
2019-08-13,135.98758732915843,139.1502998333152,135.37338052884078,137.7568817138672,21912600
2019-08-14,135.63007273164314,135.65757348664025,133.5857706771917,133.90663146972656,28235800
2019-08-15,134.41083346924057,134.45667272777692,132.73321732169057,133.37493896484375,24202400
2019-08-16,133.970848039781,136.51019266141302,133.9433472739445,136.25350952148438,22783400
2019-08-19,137.80270552272933,138.32523376192296,137.46350629177746,137.62852478027344,17023400
2019-08-20,137.4360336837534,137.51853595080794,136.58348228116947,136.7301483154297,13324100
2019-08-21,138.07779421573477,138.10529498195945,137.31690704442738,137.8577880859375,13446100
2019-08-22,138.1235866205117,138.49944894895344,136.72099206625595,137.53688049316406,12979100
2019-08-23,136.79434279717492,137.6102312879998,132.8615663952442,133.31993103027344,36974600
2019-08-26,134.57585358176695,134.80503588896062,133.57662207956517,134.7866973876953,19167100
2019-08-27,135.63925148893733,135.69425299995075,132.63236700116119,132.78822326660156,24546200
2019-08-28,132.52238900813165,135.1167346769377,132.23820515543838,134.33750915527344,20115500
2019-08-29,135.8134304842587,136.85850125197197,135.63926367978814,136.69349670410156,18786300
2019-08-30,137.40855243688122,137.48189245851233,135.71259765858645,136.44598388671875,18727100
2019-09-03,135.17175037122075,135.96931447970394,133.8424955079899,134.44754028320312,20688000
2019-09-04,135.685123947677,136.00598485775404,134.92423680827335,135.52928161621094,13107500
2019-09-05,137.3719069028529,139.26036723860867,136.9318667170643,138.05027770996094,25666700
2019-09-06,138.15106486975307,138.6369301466096,137.35351507343677,137.4176788330078,14645900
2019-09-09,138.03191648165728,139.56285250189683,137.5643756571291,139.2603302001953,25780100
2019-09-10,139.04951837187485,141.13049817164637,138.3253082501841,141.03883361816406,29576200
2019-09-11,141.65305874569958,144.07322427954904,140.77299219330737,143.92654418945312,42970500
2019-09-12,144.09149155521482,144.751537710241,142.61557094509487,143.96315002441406,38648300
2019-09-13,144.7057044247351,145.68659735834288,144.04565830626876,144.21066284179688,31042800
2019-09-16,143.8990048292885,145.53078192648067,143.65148399215633,144.75155639648438,23242600
2019-09-17,144.25652261956535,144.44904192657944,143.42229560280254,144.37570190429688,22986700
2019-09-18,144.36648699184352,144.38482548954713,142.15718061060392,143.48643493652344,19735700
2019-09-19,143.74317080096526,144.67823869318764,142.57892056179884,142.78976440429688,21531600
2019-09-20,142.67974770136547,143.6056392586787,141.58883759618882,142.4872283935547,22707200
2019-09-23,141.96470238877416,142.96393398572374,141.6896807964284,142.37722778320312,14944600
2019-09-24,142.73049536247206,142.85928803421587,139.68545759404088,140.2282257080078,27576700
2019-09-25,140.0902531987346,142.00375454823617,139.64868028341883,141.7645721435547,21917500
2019-09-26,141.5989704831993,141.5989704831993,139.78666442797166,140.1822509765625,20641600
2019-09-27,140.58696753164014,140.95494244488955,138.45267373023276,139.05984497070312,20181900
2019-09-30,139.2530612906322,140.07181760663389,138.71948770845688,139.2254638671875,16905400
2019-10-01,139.9338650481808,141.074610302557,136.19886308788537,136.4932403564453,34093500
2019-10-02,135.81244617384337,135.81244617384337,134.1841280675621,135.46286010742188,24894600
2019-10-03,134.94771370346274,136.0976532993579,133.32858976853927,135.91366577148438,25362800
2019-10-04,136.14366025678592,137.30279437190705,135.34329271404465,137.20159912109375,18640400
2019-10-07,136.87037106928466,138.05711626134453,136.2631997634561,136.96237182617188,15762800
2019-10-08,135.61921408089157,136.08838417356378,134.41408016723645,134.73606872558594,18110600
2019-10-09,135.72963219867978,135.8676333400531,134.90168149982094,135.3524627685547,10929500
2019-10-10,135.5456623210114,136.61280952193053,135.3248829258882,135.89524841308594,16349000
2019-10-11,137.799527695093,139.795834783929,135.86763798591485,138.1951141357422,29236300
2019-10-14,137.90994137649994,138.13072076643437,137.1647828607777,137.68914794921875,10692600
2019-10-15,138.14914220159582,139.95225367214064,137.79955607099,139.271484375,16801200
2019-10-16,139.10590569738523,140.08105227418702,139.0415023390855,139.41868591308594,13119100
2019-10-17,140.0994167081692,141.2217587328525,139.8786373179671,141.06536865234375,13175800
2019-10-18,140.68819129917767,141.212570448542,139.32666686309526,140.39381408691406,14490200
2019-10-21,141.8289029812671,142.5740613552522,141.58972067521762,141.7093048095703,17450300
2019-10-22,141.8564836420328,142.6384478398626,141.43331391690845,141.86569213867188,12471800
2019-10-23,141.98531723856593,142.36250073872702,141.25856169878776,142.04051208496094,8728000
2019-10-24,142.5464861121435,142.64768134147317,141.18496178444605,141.83811950683594,9091400
2019-10-25,141.589709444323,143.0800260740813,141.58050094732653,142.5924530029297,10531500
2019-10-28,143.19969588200678,144.41402491894104,142.60171880911832,143.82525634765625,15392400
2019-10-29,143.52164829976232,144.74518564836666,143.38366117062748,144.29441833496094,11978300
2019-10-30,144.23924053542984,144.25764350239703,142.8501183324509,143.81607055664062,14451500
2019-10-31,143.604431350965,143.604431350965,141.89332104015017,143.00645446777344,17344200
2019-11-01,143.88045246141797,145.52717400492153,143.55847776153442,145.4443817138672,18421600
2019-11-04,146.64026320854708,146.91625146549583,145.7847150530864,146.22628784179688,16182000
2019-11-05,146.64028148232816,147.61544198338083,146.2447090267053,146.41029357910156,13760200
2019-11-06,146.26307584552868,146.26307584552868,145.17752591113484,145.56390380859375,16025500
2019-11-07,146.9530753065862,147.34864776115248,145.50874454025424,145.9503173828125,13448900
2019-11-08,145.60992222337177,146.5206792613557,145.3063365440438,146.34588623046875,11967400
2019-11-11,145.3799216893347,146.1802749322874,145.24193459135827,146.06988525390625,10508700
2019-11-12,146.2078924939272,147.08185769266032,145.80312560498615,146.11590576171875,14316900
2019-11-13,145.11312603794084,145.81228398657805,144.6071500052822,145.49029541015625,14514400
2019-11-14,145.28797755874217,146.18954040805644,145.1591848713187,145.4443817138672,13054000
2019-11-15,146.48388268825107,146.53907753577005,145.67433486239486,146.19869995117188,13119200
2019-11-18,146.01472176885463,146.03312473165144,145.29716063060394,145.8307342529297,10759500
2019-11-19,146.37353515625,146.91630336299386,145.63757089019268,146.37353515625,15203700
2019-11-20,145.85830860531817,146.82426045780613,144.67156334623868,145.82150268554688,21314300
2019-11-21,146.10670065171686,146.17108995583553,144.64396713153388,145.10394287109375,15388300
2019-11-22,145.63752554571656,145.84911046872483,144.7543799312972,145.5547332763672,13482400
2019-11-25,146.29988804539698,148.87575509025208,146.17109539502155,148.64576721191406,24753000
2019-11-26,148.80217361064712,149.52892920949955,148.37898969164291,148.74697875976562,15496700
2019-11-27,149.38173993437016,149.88770206631878,149.10575165681377,149.79571533203125,13202500
2019-11-29,149.40938631004045,149.75895847461993,148.7286168740042,148.82061767578125,9988200
2019-12-02,149.17016290518555,149.2253717986938,147.10948007604492,147.3670654296875,17190900
2019-12-03,146.10672798063172,146.97147074138203,145.44436166878384,146.8978729248047,14884400
2019-12-04,147.65218952900472,148.31455561436528,147.46820206914754,147.90977478027344,10833200
2019-12-05,148.54462596858932,148.71021056324395,147.60627115349288,148.0570526123047,11470700
2019-12-06,149.57493056147626,150.32929762797787,149.49213828462055,149.78652954101562,16486200
2019-12-09,149.72213623054094,150.09931978908693,149.3909530635601,149.5013427734375,13476700
2019-12-10,149.40935049060192,149.91532670436982,148.97697209314103,149.5933380126953,13704400
2019-12-11,149.8417240193343,150.02571153544946,148.9861617152446,149.54733276367188,19612200
2019-12-12,149.72210338713276,151.88399498031836,149.26212764708012,150.8352508544922,24857000
2019-12-13,150.62366654117517,151.61721592069964,149.53813042711047,150.2556915283203,23279600
2019-12-16,151.48096559134197,152.21040152326336,151.18550839413248,151.3147735595703,20115300
2019-12-17,151.55485394106395,152.07191467285156,151.14858791213135,152.07191467285156,12980000
2019-12-18,152.40426694809946,152.60739990135812,151.72101436790575,152.36734008789062,15379300
2019-12-19,152.6074397521034,153.02293395996094,152.23811469819617,153.02293395996094,11919800
2019-12-20,153.41071412568263,153.65078806663644,153.0136904369456,153.24452209472656,25449500
2019-12-23,153.4938275086803,153.60462219835097,152.68129554750462,153.54922485351562,13372100
2019-12-24,153.6876937805866,153.91852540659795,153.30912653260535,153.90005493164062,4334500
2019-12-26,154.03856236055404,154.1770557006231,153.60459777654518,153.90005493164062,9371200
2019-12-27,154.3063153588794,154.3063153588794,152.74589136833268,153.14292907714844,12261800
2019-12-30,153.2537476438117,153.4661229092738,151.95186782392145,152.75515747070312,14912700
2019-12-31,152.42273952841526,153.59536812227364,152.08111323359867,152.96749877929688,17362400
2020-01-02,153.95546089080312,153.964689083532,151.6379024310665,153.06906127929688,18297500
2020-01-03,151.18550963492896,152.72746343846623,151.14856867944562,152.46893310546875,19295600
2020-01-06,151.28703797235673,152.84744777123018,151.00079495051833,152.67202758789062,17150900
2020-01-07,152.2104147590355,152.662835832986,151.61948622438476,152.16424560546875,11817900
2020-01-08,152.18272599132476,153.29994350059096,152.0903876781803,152.63514709472656,13832400
2020-01-09,153.38300822437517,153.68770768894603,152.58894679548177,152.8197784423828,11895400
2020-01-10,152.8567899575234,152.9860551759057,151.61029285331045,152.2473907470703,15353000
2020-01-13,152.29344794442983,153.3090984595935,151.4901585414339,153.23524475097656,17271100
2020-01-14,152.4781736748258,154.7403213165696,152.33043801859537,153.7985382080078,18323000
2020-01-15,153.41065022711376,155.07264028865416,153.40142203663092,154.537109375,15437200
2020-01-16,155.66359558137165,156.84545225527407,155.51585997492313,156.53152465820312,19976200
2020-01-17,157.22404401948398,157.48257432672594,155.7374877084201,156.10682678222656,18306400
2020-01-21,155.45127611260682,156.03297641336314,154.44485344054164,154.81417846679688,17935100
2020-01-22,155.29430096641573,155.69132463629404,154.3617320964163,154.7126007080078,14916300
2020-01-23,154.2878366667475,155.09112607212512,152.76433975622217,154.61099243164062,15954300
2020-01-24,155.12809553582997,155.12809553582997,151.63792214774486,152.708984375,20491400
2020-01-27,150.3637748103956,151.87803019677574,149.9667369607359,150.97315979003906,18539000
2020-01-28,151.88724021094094,152.71822859479323,150.95468532783138,152.22886657714844,16690400
2020-01-29,152.44120524280962,152.865927527614,151.33320221202092,151.36090087890625,14944400
2020-01-30,150.35447841182219,151.55480563594742,149.51424794605015,151.36090087890625,21889700
2020-01-31,150.7976611959814,151.35164853412883,147.7599097164329,148.22157287597656,30439000
2020-02-03,149.20959332863774,150.43760538361985,149.10802683286704,149.8743896484375,17373200
2020-02-04,151.71178397142427,152.63511052626353,151.57329062373643,152.1365203857422,15994200
2020-02-05,153.715387822327,154.68488344016524,152.98596610517558,154.48175048828125,17807000
2020-02-06,155.0173049012739,155.25736474930153,153.97394131740532,154.1309051513672,14768900
2020-02-07,153.54003953284953,153.6046791850362,151.79495207888377,152.2381591796875,18029600
2020-02-10,151.9425979222536,153.1706237878948,151.85027373082437,153.0967559814453,11428800
2020-02-11,154.00163719234723,155.0819417109703,153.52151750501008,154.1586151123047,15005600
2020-02-12,155.13737820963354,155.38666631022505,154.45411128217867,155.22047424316406,12123000
2020-02-13,154.39868285466514,155.99603400719676,154.29711636006218,155.626708984375,12649300
2020-02-14,155.76515315905132,155.8390209580594,154.50942875359794,155.0264892578125,16006200
2020-02-18,154.6571649416511,155.17422544783832,153.66919897609606,154.694091796875,13412100
2020-02-19,155.27581329180288,156.1714411093605,154.6848849049566,155.48817443847656,11084600
2020-02-20,155.0265296711,156.14376105018636,153.81697408581744,155.86676025390625,20383800
2020-02-21,155.2572925032938,155.7004992164324,153.57684617137156,154.28781127929688,18729900
2020-02-24,149.44963465579383,154.2509298565572,148.74791155583867,149.64353942871094,28239500
2020-02-25,150.0589969018769,150.28058620097747,144.00197851987488,144.32513427734375,45047000
2020-02-26,145.0084468538641,146.3380394258889,142.39543085806312,142.65396118164062,39465000
2020-02-27,139.74545251046402,143.12481633589545,137.4094379085092,137.6310272216797,50530300
2020-02-28,133.7438626669536,137.69569935893088,132.87593341508875,135.11038208007812,72036400
2020-03-02,136.62463512732305,139.63467470520484,134.24245086100058,139.45001220703125,33569300
2020-03-03,139.50540009582485,142.37694612773478,135.09190047092522,136.6061553955078,42941300
2020-03-04,138.75753425360682,140.76115148612956,137.13248434641923,140.49339294433594,36195800
2020-03-05,137.42793673611519,140.78884521601384,134.33480087745454,136.0244903564453,32729400
2020-03-06,131.76792870007887,134.7871961580888,130.17980602086078,133.32833862304688,39688300
2020-03-09,123.84579018857883,125.72937008348188,120.27250698867468,120.3648452758789,56320000
2020-03-10,124.38130894821573,124.46440494516834,118.20425290889472,124.12276458740234,54432700
2020-03-11,120.88190666896242,122.12840311022508,114.64945264033837,116.22834014892578,51354800
2020-03-12,107.81685941231967,110.70687659234592,103.043261897823,103.38489532470703,70114300
2020-03-13,109.23876747767088,110.76225777217469,101.15043155691322,110.30982971191406,57915100
2020-03-16,100.29174310625021,102.7662588062585,93.65302224864539,95.67510986328125,59095700
2020-03-17,96.91238055989832,102.02761190241837,92.89591036900475,100.06092834472656,59344800
2020-03-18,95.1488019379579,98.59280595735409,88.87017870274805,92.3049545288086,62296700
2020-03-19,92.01874034526506,98.61129227942885,88.3531322971574,95.90594482421875,62654700
2020-03-20,97.98342319679868,100.42100490373606,92.7481559211867,93.62532043457031,76203700
2020-03-23,94.08697907125489,94.34550938424013,88.55625487884929,92.24032592773438,63534700
2020-03-24,97.29092792682557,100.94730047570285,92.26802888864768,100.67953491210938,73386700
2020-03-25,101.47666209862041,105.66623241257034,98.26959303215949,101.93083953857422,56043700
2020-03-26,103.38607724704964,109.00306999016597,103.07092863545273,108.27082061767578,51657600
2020-03-27,104.04416906768472,107.53856700190124,102.76505398931002,104.33150482177734,39931500
2020-03-30,104.96179377406798,106.83412930805352,102.70017034507188,106.63021087646484,41552100
2020-03-31,106.22236293678503,107.67759050759446,103.77535615620943,106.09259796142578,52948000
2020-04-01,100.75365577561332,102.31084231841703,97.81539530376328,98.86279296875,54224200
2020-04-02,97.9915272187236,102.32013341811493,96.92559452364652,99.7989730834961,43774200
2020-04-03,98.79791971703051,100.10484750946802,95.09960371966243,96.97193908691406,42189200
2020-04-06,101.11515485678018,105.05446572457285,101.05027237241237,104.39636993408203,48708100
2020-04-07,108.3356865705585,109.96702678509295,104.1739222592782,104.66517639160156,57546100
2020-04-08,106.48188752798322,110.52315759860538,105.00812520844123,109.43869018554688,52822300
2020-04-09,113.00725735219301,115.50061203345525,112.4603916288154,114.67567443847656,69528600
2020-04-13,113.86925646179587,114.48101166895844,110.41193578311454,111.570556640625,40198200
2020-04-14,114.84251263633254,115.75086752202598,112.43258241888753,113.83219146728516,35089700
2020-04-15,109.24405759008,110.4026785919503,108.13178425694908,109.18844604492188,34809900
2020-04-16,109.45722617290909,109.76310377625724,106.18528200525891,108.36349487304688,49501300
2020-04-17,112.98873173079414,113.74878689386284,111.28323778460216,113.13703155517578,46250200
2020-04-20,110.84757468466152,113.9156076181645,110.33778573471973,111.80228424072266,36700500
2020-04-21,108.83622867293694,110.52318069183887,107.96495042470973,109.1328353881836,31608900
2020-04-22,111.52422283579345,112.14524199538911,110.08752996529111,110.45829010009766,24333800
2020-04-23,111.32958805727877,113.9156312762172,110.93102210443172,111.54277038574219,38571200
2020-04-24,112.64575975305785,114.3049057673224,111.3110261836694,113.46143341064453,27147500
2020-04-27,114.88883827675754,119.05060937531822,114.80542097168303,117.95687103271484,39021300
2020-04-28,121.53471133813596,121.84986701837491,117.9754308024104,119.6716537475586,47292700
2020-04-29,123.73146147569152,126.84583535366176,122.23915703117821,125.55744934082031,50390500
2020-04-30,122.25769825728558,123.22167897566108,120.62636476745921,120.783935546875,43727500
2020-05-01,117.85493164689044,118.14226739710931,114.2771093690248,115.99186706542969,43352000
2020-05-04,114.56443889327419,116.696304284297,113.31312967317866,116.49238586425781,28498200
2020-05-05,118.70767058930268,120.42242104787861,116.88167583439194,117.39147186279297,31209400
2020-05-06,118.17006891650158,118.82816478400986,115.86209790627375,116.52946472167969,29836800
2020-05-07,118.07738585064044,119.10624189107448,117.29879591283174,118.12373352050781,27493000
2020-05-08,120.64490404799184,123.04556362757073,119.74581292241108,122.68407440185547,32122900
2020-05-11,120.87658292356616,123.23089394614718,119.8755329486936,122.07227325439453,33983200
2020-05-12,122.59133350810572,122.61913927334359,117.56755586755732,117.68805694580078,44275300
2020-05-13,116.46460289535015,116.86316886573624,111.60766486936286,113.74879455566406,58719300
2020-05-14,111.19981843312534,114.25857385584027,108.61377532169664,114.11954498291016,55904300
2020-05-15,113.09068344272286,116.35335715070292,112.58088736100963,115.9362564086914,40236600
2020-05-18,121.84054259832256,123.63872407866202,121.26587129181671,122.98062133789062,46981100
2020-05-19,122.55430087903767,123.69438002803975,120.55220031738281,120.55220031738281,30270000
2020-05-20,123.02699222596998,125.11250975342213,122.70258687435886,124.20415496826172,35901300
2020-05-21,124.25051546268895,125.18667611343056,122.88797607257328,124.42662811279297,32716500
2020-05-22,124.82514963223048,125.17737482717362,123.29577606854669,125.02906799316406,24035200
2020-05-26,129.84893683112736,130.11774475613595,125.12177281979453,128.63470458984375,36971000
2020-05-27,131.2207659426279,133.00966969396896,127.29071904265322,132.629638671875,42682000
2020-05-28,134.15905586164106,134.15905586164106,127.52247098656413,129.48748779296875,42105000
2020-05-29,128.1897964560044,129.09815112027704,126.43796253181905,128.7459259033203,41536400
2020-06-01,129.079653408794,131.31347826654044,128.4771760988303,129.97874450683594,25567500
2020-06-02,130.75732496945963,131.48030326792883,129.3577018931164,131.05392456054688,24666200
2020-06-03,133.16726272549164,135.39182355097486,132.64820277587575,134.21466064453125,36111700
2020-06-04,133.32483167580733,134.95617908768097,132.71307639635472,134.02000427246094,28904700
2020-06-05,139.83166748844005,141.18494319120018,138.61743480725988,139.2013702392578,53513400
2020-06-08,141.21272605957319,142.176692460196,140.5453592655566,141.89862060546875,33834300
2020-06-09,139.83164113136624,140.67512054932652,138.16322419015953,139.27549743652344,39646000
2020-06-10,139.11792881620036,139.27549956537257,135.23422919859897,135.49375915527344,51774500
2020-06-11,129.90454203647437,130.7202155025471,124.91784836036939,125.1588363647461,72041500
2020-06-12,130.07145384014456,130.71101501406238,124.34322319591676,128.16204833984375,63864900
2020-06-15,123.95454543713011,132.12021746289665,123.95454543713011,131.12509155273438,57354800
2020-06-16,136.42627811266027,136.42627811266027,131.16229814896747,134.2779083251953,48957000
2020-06-17,134.47320546129168,134.8452264495057,131.4320137078589,131.85052490234375,34811400
2020-06-18,130.5484532670755,133.28274681041137,130.02763815237296,131.8040008544922,26974100
2020-06-19,134.31509145424394,134.39879084842468,130.0555472595467,131.12509155273438,50293800
2020-06-22,130.42754530404366,132.58520972479698,129.11619826100892,132.4364013671875,28983200
2020-06-23,134.22209365069347,134.5383008152533,132.6689292429914,132.99444580078125,20344200
2020-06-24,131.2273825091044,131.69239801878774,126.77252597929534,128.67909240722656,42998700
2020-06-25,128.07460262604002,130.74378762532774,126.75394583558176,130.6228790283203,37191200
2020-06-26,129.72073063664368,130.0462471900283,126.93994679895837,127.10734558105469,39100100
2020-06-29,129.00460367056493,132.05510415418166,127.5072532229061,131.2645721435547,33935200
2020-06-30,130.82749194651518,133.5710812478023,130.75308774487837,133.161865234375,32865900
2020-07-01,133.59896287055363,134.398790190378,131.3575986875125,131.8970184326172,26457500
2020-07-02,134.44527162147742,135.11489503957404,131.96209069234658,132.4364013671875,24022400
2020-07-06,135.15213593156113,135.5055381248601,132.92934782005645,133.3943634033203,19858200
2020-07-07,132.23182318265884,133.403671523631,130.65077305288688,131.03208923339844,22661000
2020-07-08,130.91120736396041,132.52946701740882,129.3673661124017,132.00865173339844,27358900
2020-07-09,132.083036249255,132.38994825110157,127.63748820641715,129.33944702148438,34647800
2020-07-10,129.40447299278455,131.5993460457157,128.7720589189422,131.42263793945312,24008200
2020-07-13,132.80843524377556,134.51968895012848,129.63702599404223,129.7579345703125,34235500
2020-07-14,129.67424290780073,132.0458252969513,128.9395245067195,131.9063262939453,28114000
2020-07-15,135.2451267135292,137.44000077218644,134.65920255399834,136.7424774169922,40770100
2020-07-16,135.88681470879294,136.40762973968833,134.7428806808516,135.93331909179688,30530800
2020-07-17,136.4169666122023,137.2632983915156,135.32883183500644,136.33326721191406,20644100
2020-07-20,135.89618498728365,136.57511813371053,134.99405338496018,135.7473907470703,19663300
2020-07-21,137.1517158745836,138.72347102988607,136.9006034520234,137.6725311279297,24503800
2020-07-22,136.79829710747882,138.26774822785592,136.74249750145137,137.74693298339844,24424800
2020-07-23,137.6260059867854,139.69067628082772,136.4355672467618,137.88641357421875,21704900
2020-07-24,136.98427746240566,137.33769382928085,135.37532759783736,135.85894775390625,20015500
2020-07-27,135.9612509884217,137.35629766108573,135.2172232581045,137.27259826660156,13370700
2020-07-28,136.77971880877593,137.68183617133633,135.84037805365,135.90548706054688,13268000
2020-07-29,136.71459782288198,138.99317161503313,136.69599322380557,138.90017700195312,19864400
2020-07-30,136.84480947344989,138.68626753527715,136.09148636593653,138.35145568847656,23618900
2020-07-31,137.77480053223775,138.03520809350303,134.54759162175625,137.04937744140625,29881500
2020-08-03,137.91431666085964,139.47677641385198,136.9191906832656,139.28146362304688,20777100
2020-08-04,138.9373420512295,140.3695836659708,138.61182549775972,140.2393798828125,20285000
2020-08-05,141.6344181877784,143.12247350039866,141.16010747506496,143.0294647216797,18190200
2020-08-06,143.03877231259077,143.63399159191232,142.21104528054755,142.97366333007812,18237700
2020-08-07,142.7132947808535,145.31738516117187,142.43428256311387,145.24298095703125,20475200
2020-08-10,145.68938351744671,147.7168589366961,145.68938351744671,146.74961853027344,24000500
2020-08-11,148.12607914328686,148.63759916204918,145.23368142754032,145.90330505371094,30359400
2020-08-12,147.56806548067905,147.77267350309788,145.54060404726704,146.49853515625,23378300
2020-08-13,146.00561645438742,147.43785838833162,145.6893950324,146.19161987304688,15799900
2020-08-14,145.3452792703398,146.72172151514593,144.96396306073765,146.09860229492188,13360900
2020-08-17,146.47992188736637,146.97283731461593,145.77310324612094,146.8519287109375,9744200
2020-08-18,146.80540712096555,146.80540712096555,144.81514123887283,145.4475555419922,14670400
2020-08-19,145.94977876810694,146.98211389252117,145.2615648125967,145.4568634033203,14337300
2020-08-20,143.96881142711774,145.54056619456975,143.72699426834185,144.86163330078125,15413000
2020-08-21,144.2943554504493,144.8244801213214,142.85281823909943,143.79214477539062,20685100
2020-08-24,144.95466009485693,145.33597628403936,143.53171352659035,145.29876708984375,13707100
2020-08-25,145.83817957340773,145.84748896706526,143.95951271279426,145.4568634033203,16269700
2020-08-26,145.54987602601906,145.80098841185412,144.3222280874026,144.54544067382812,13772700
2020-08-27,145.1964367723855,146.0148686025349,143.8106996495108,144.89883422851562,17508400
2020-08-28,145.64284373750414,146.20085375944936,144.83370720940846,146.12644958496094,12371400
2020-08-31,146.1915508703636,146.35894961079924,144.43379314006685,144.5546875,17051500
2020-09-01,144.35940782747542,146.3031691425555,143.64328000939202,146.21017456054688,15638800
2020-09-02,146.90769570474572,147.8563170599861,145.25222755114535,147.37271118164062,16763400
2020-09-03,147.056519114123,147.2146227047685,142.25756922357215,143.0201873779297,32117600
2020-09-04,144.81514319123482,144.98254197097117,138.844331273312,142.10874938964844,30618800
2020-09-08,140.60209965663717,141.8111429658876,138.5746386016001,139.3744659423828,26447800
2020-09-09,140.83462351894414,142.0901713663509,140.03481027799373,141.48565673828125,20160800
2020-09-10,142.13665578521028,143.11319128578629,139.56046564530845,139.6441650390625,23005500
2020-09-11,140.3603472921298,140.48125592400515,137.34704023033254,138.7141876220703,20851000
2020-09-14,140.0533734434478,142.69465823899395,139.8487654756515,142.36915588378906,21991300
2020-09-15,143.57822612462,143.87582873943543,142.164574678583,142.63888549804688,16175500
2020-09-16,143.327068031951,145.87535790393395,143.07595570585497,143.98739624023438,22178400
2020-09-17,141.9413527553509,143.59680710418817,141.13223017787126,142.93649291992188,20002900
2020-09-18,143.20619214627223,144.4245306791494,140.56490709273632,142.56446838378906,38352800
2020-09-21,139.33727338409955,139.7464751685926,136.09145956925533,137.57020568847656,40652500
2020-09-22,138.24911597578935,138.8536446995194,136.30535440182504,138.63043212890625,19385800
2020-09-23,138.55202171796495,139.50425900983984,134.41627250688902,134.50030517578125,33403400
2020-09-24,134.47228478932405,136.79689422705565,132.65181438398713,134.50030517578125,31723700
2020-09-25,133.912183326158,137.09568184659193,133.82816488016545,136.68490600585938,20689300
2020-09-28,138.514675185466,140.44718446349913,136.67552921134137,140.05508422851562,17600900
2020-09-29,139.8964058284314,140.2978367755399,138.16928407934245,139.42027282714844,18683800
2020-09-30,139.94301068317728,141.87551948159287,138.6266795942963,139.84031677246094,29073700
2020-10-01,140.79256938533584,142.09023922606784,139.56025669076203,142.07156372070312,25872000
2020-10-02,139.4855940482742,143.3786042719468,139.09349383638337,142.6970977783203,29452000
2020-10-05,144.22815214967937,146.86082889388263,144.21880727332356,146.63677978515625,18553600
2020-10-06,147.97180231810455,150.31507304987147,145.95527465314535,146.2166748046875,36348000
2020-10-07,148.05580262022553,149.89494833325395,147.93444743666095,149.40948486328125,27049700
2020-10-08,150.97788149906114,151.50068167469155,149.91360564288888,151.10858154296875,37278600
2020-10-09,152.49965525237906,152.83574320412646,151.06194014119944,151.892822265625,25038100
2020-10-12,152.54633678054236,153.33055157070837,151.79948725884748,152.91043090820312,20336200
2020-10-13,151.72478541237138,152.3782858059802,150.75385833166095,151.892822265625,20106500
2020-10-14,152.18225035077285,153.02247747304335,150.24975503551093,150.38978576660156,19024900
2020-10-15,148.70930463486795,152.3409144574985,148.26119217408188,151.93948364257812,22865100
2020-10-16,152.36894649311697,152.82638961996227,151.52871953899648,151.56607055664062,17637900
2020-10-19,152.06086243324242,153.13446912804937,149.40016515273587,149.7549285888672,18360600
2020-10-20,150.82857465449428,151.65945693607736,149.68961050510043,150.0817108154297,18927700
2020-10-21,150.18435396733605,150.65114192819206,148.7093023016025,148.7933349609375,17504100
2020-10-22,149.50289595917116,151.41673006764526,148.60665651611876,151.3607177734375,20673900
2020-10-23,152.23826599121094,152.4809906561412,150.53915060097563,152.23826599121094,20889800
2020-10-26,150.23106686388343,150.65117326699772,146.9262136814444,148.9520721435547,26509900
2020-10-27,148.85871085754698,149.4281928658077,147.44901603163527,147.67306518554688,20523000
2020-10-28,144.3868283167099,145.11501625907945,142.8744259212047,143.12649536132812,32338700
2020-10-29,142.6224357453218,145.44182552740116,141.59549625831153,144.8350067138672,27203200
2020-10-30,144.06943590243355,144.9656607653166,141.33405118050092,142.92112731933594,31764500
2020-11-02,144.48956047321136,145.53516102724168,143.462621182475,145.46981811523438,25252100
2020-11-03,147.9064675870059,150.52048374407184,147.56104895835244,149.59625244140625,30257400
2020-11-04,147.2716056399118,151.56606069422648,147.23426886993656,149.76425170898438,45226300
2020-11-05,151.2486451772134,154.58151839102018,151.1552961227859,153.95602416992188,31911000
2020-11-06,154.61887653263528,154.702909212045,152.45298728437422,152.75172424316406,24930400
2020-11-09,165.19626787777364,166.26988880884383,158.08242342275264,158.28781127929688,55052700
2020-11-10,159.8282126227283,161.81673411435267,158.4745302355959,161.22857666015625,35492200
2020-11-11,161.82603890233864,161.95673895514923,159.51077471887768,161.1632080078125,23972600
2020-11-12,160.01488489832423,161.17252400758682,157.15814525676245,158.689208984375,33986800
2020-11-13,159.96825068054844,162.56359077846196,159.9308996638256,161.97543334960938,25440400
2020-11-16,164.76685477299574,165.97116170154086,163.74924597441728,165.8311309814453,31812300
2020-11-17,164.34673603205312,166.92341527368308,162.7036471677932,166.6060028076172,26154500
2020-11-18,167.05413264059445,167.78232095935135,164.17871614680757,164.27207946777344,24377800
2020-11-19,163.98266960801635,165.79380988949762,163.4412078957377,165.53240966796875,20187600
2020-11-20,164.93489267825947,166.12053834843698,164.1506921502919,165.7097625732422,24898800
2020-11-23,167.34351332717875,169.90151692975527,166.8580497740476,168.80923461914062,24816000
2020-11-24,171.20852852832485,173.12236247313177,170.2469462393435,171.9833984375,34945400
2020-11-25,171.31119947266208,172.06739376875268,169.8081415123839,171.3952178955078,21082700
2020-11-27,171.5165943469295,172.23545189955075,171.04980631838797,172.1234130859375,10384400
2020-11-30,171.6099569604759,172.07674498713993,168.34244077382775,168.99594116210938,25481600
2020-12-01,171.4045273275329,171.9833397810956,168.99589998736403,170.56430053710938,30265000
2020-12-02,169.8641052151174,171.29247497595568,168.75314779107975,170.74166870117188,20142800
2020-12-03,171.16184748919846,172.87962418199547,170.78842272823962,171.7033233642578,19603600
2020-12-04,172.73028520685787,175.93244497047277,171.70334561328974,175.6990509033203,24415700
2020-12-07,175.72700522476427,176.39918107953864,174.98948645798527,175.86705017089844,14671500
2020-12-08,174.69074500233322,178.29434910626384,174.65340822843442,178.12631225585938,20165600
2020-12-09,179.26527786946517,180.00279668418545,175.4189348403996,176.82864379882812,29507600
2020-12-10,175.28826907351652,178.91988006444933,174.86816261605244,178.53712463378906,21245300
2020-12-11,177.37012433446714,178.98520696207797,175.7923784821014,177.65953063964844,30865000
2020-12-14,179.76845665385767,180.85477316619293,177.82055758150943,177.86737060546875,32237700
2020-12-15,179.58120277999737,182.5217789339116,178.616619838056,182.3157501220703,26807000
2020-12-16,182.73721941178533,182.81214029421736,180.7050387035448,181.66024780273438,25494600
2020-12-17,182.3625349685012,183.90775069735022,181.73508892940163,183.82345581054688,23834200
2020-12-18,184.12319880024344,185.2657171187355,182.4281551133794,182.93385314941406,37033400
2020-12-21,179.71235425460685,183.34593859117402,179.3190303248286,182.84024047851562,30873000
2020-12-22,183.54256413956836,185.16268681359978,182.9806647791314,184.91920471191406,21919700
2020-12-23,185.95871638033415,186.97011240832845,185.33125587580975,186.4925079345703,18392000
2020-12-24,187.23229596684845,187.24167000510542,185.48106557589057,186.3707275390625,8904900
2020-12-28,188.38421879709026,188.40293829727193,185.54665694283236,185.67776489257812,27168400
2020-12-29,186.02427693104045,186.36141372846873,181.15453430461764,182.08164978027344,33901300
2020-12-30,182.6622564398814,184.93791877438954,182.64352265116577,183.93588256835938,20595700
2020-12-31,184.1325402954229,184.3385691055244,182.25956150518664,183.6081085205078,24747700
2021-01-04,184.99408855485956,185.3218655231149,178.81326779811246,181.21067810058594,33664200
2021-01-05,180.82673076026316,185.06902650392666,180.8080112612629,184.01080322265625,27442900
2021-01-06,186.81085740390077,193.64723126773728,186.51118829729515,191.54013061523438,52952200
2021-01-07,192.64521894845552,195.27675157813886,192.63584491011264,194.948974609375,24031400
2021-01-08,196.02597671258766,196.447394103235,191.66193248658914,194.527587890625,29017000
2021-01-11,192.06458240065044,194.90214376693643,191.82110033290667,194.35897827148438,20945100
2021-01-12,195.27678620367172,197.96450638121547,195.24869266304685,197.84275817871094,24892200
2021-01-13,198.001960602297,198.28291029956068,195.9042333474114,196.4286651611328,22782200
2021-01-14,197.82403567556193,201.3452308474883,197.72102126493587,200.35255432128906,33913700
2021-01-15,197.42129937415305,200.3712491283231,195.03324889402268,197.3651123046875,41043500
2021-01-19,199.7906470924426,200.04350323399453,198.27353882251995,199.89366149902344,19744300
2021-01-20,200.7458780174406,202.2629863457565,199.53781292076215,200.7739715576172,25474200
2021-01-21,201.31712563502185,201.4950609057589,198.4889236715622,199.03208923339844,21180500
2021-01-22,197.12165292317783,201.65425805106412,196.24135062774255,201.34521484375,24800200
2021-01-25,201.2796522509644,204.07040084572657,198.16115524214032,201.14854431152344,33985000
2021-01-26,202.5626263008605,202.92785653437105,199.25682041327528,199.75315856933594,23969800
2021-01-27,196.1945060926212,199.46285885630547,194.1248584759694,196.09149169921875,45830300
2021-01-28,197.44943388873955,198.8822616162571,194.44331073088705,195.46408081054688,32202500
2021-01-29,196.409888728618,197.5898743430023,191.83045681344467,192.50473022460938,40591900
2021-02-01,194.94898773043806,198.13306011802987,192.69204495055882,197.23402404785156,26375100
2021-02-02,199.6126961669877,200.45554514284245,197.49623541282418,200.04348754882812,22773100
2021-02-03,200.12779597787767,201.10175302451154,198.15180263350757,200.6428680419922,23923200
2021-02-04,201.42949938394796,204.93197484541852,201.4201396343416,204.7353057861328,25400800
2021-02-05,206.90796127507565,207.7507959823441,204.87578108069823,207.57286071777344,23338800
2021-02-08,209.5769512216634,212.89213161578755,209.21172093651688,212.87339782714844,20831500
2021-02-09,212.70483081640208,215.03668015445186,211.93690268970587,213.8754425048828,19510900
2021-02-10,215.31759346569808,215.6921977165838,210.66324103491453,212.47067260742188,27955400
2021-02-11,213.650686486007,214.4560679240344,209.2304554712095,212.2272186279297,25847600
2021-02-12,211.5810360294521,213.27609378868468,210.37297103233286,212.82656860351562,17440200
2021-02-16,214.8962169770322,215.0460587058284,210.51343929275285,211.48739624023438,22999500
2021-02-17,209.40840134137824,210.46663896658202,206.926710075726,209.82981872558594,25042300
2021-02-18,208.21902594020187,208.74345765784065,205.4563853842666,206.58016967773438,24501500
2021-02-19,208.33140410473732,211.927519382477,208.0598142209716,210.8880157470703,31238200
2021-02-22,209.31472315916545,212.01181697849577,208.8183849618155,209.520751953125,23272100
2021-02-23,206.92672316309128,208.81842163667903,201.86967136367485,207.6759033203125,38646800
2021-02-24,208.48124118441396,213.00448617025273,207.6290467906095,212.58306884765625,27584900
2021-02-25,212.38642872517678,213.13562311717854,204.16405278201256,204.7259521484375,49961400
2021-02-26,205.5781504905233,208.11602868083446,201.1672792706368,204.4449920654297,47734200
2021-03-01,209.28660971280271,212.3114802228589,208.7809118146329,211.71212768554688,26161000
2021-03-02,211.4499476423055,211.6091634245008,207.47924150066382,207.63844299316406,26895400
2021-03-03,208.29394685785974,210.01708372764844,205.28782422921753,205.39083862304688,33407600
2021-03-04,204.63227752801333,206.67383168981306,196.1289527311738,199.65016174316406,59126500
2021-03-05,203.1151894932314,204.29516101675307,194.0499787773507,203.88311767578125,53204300
2021-03-08,205.42833619936658,208.15352405940428,203.84566666643,204.84771728515625,40619700
2021-03-09,208.2845893850726,210.7007335024494,206.88921517880863,209.155517578125,32247300
2021-03-10,211.27200012327125,214.42796461596356,210.8973958146904,212.7891082763672,36812000
2021-03-11,214.97114785520213,217.527759954469,214.2594067551128,217.47157287597656,25256700
2021-03-12,217.25617271047525,219.2789788766582,216.67553958777196,218.75454711914062,23732200
2021-03-15,218.52040444138456,219.63482896724156,217.18123163447564,219.5318145751953,21497400
2021-03-16,219.15725605539097,219.22280288354742,214.56844936574683,215.86080932617188,24675000
2021-03-17,214.4279760454854,218.03346590065587,212.92022756110242,217.55584716796875,29422600
2021-03-18,216.14170730744948,218.1364195595994,210.34483695115753,210.93482971191406,35637200
2021-03-19,210.307441096457,214.08149240898226,208.79031848163936,212.52691650390625,40855600
2021-03-22,213.2198873720571,213.6132254721852,209.86726808934773,210.9254913330078,26128400
2021-03-23,208.9869274443265,209.6424670080157,202.30975506276397,203.2743377685547,43660700
2021-03-24,205.89656584281593,207.27320644268534,198.57321166992188,198.57321166992188,47270200
2021-03-25,196.41337102129305,204.0882681337235,195.18426506440863,203.2813720703125,59244600
2021-03-26,205.43933442840785,207.05311210655518,202.62458294691646,206.98744201660156,34452600
2021-03-29,205.48623936116306,207.28767862518066,200.86067121161113,201.16090393066406,38078800
2021-03-30,201.15152662071745,205.17661501642138,199.97871348115066,204.54798889160156,36205400
2021-03-31,205.63635078918017,208.66689575438923,205.58943540305202,207.29705810546875,34800100
2021-04-01,208.66686698210952,210.07424247250117,208.31034159314038,209.92413330078125,29799200
2021-04-05,212.4199386100266,212.551293126618,209.76470190439878,211.0782470703125,27826600
2021-04-06,211.1063642572505,212.69200990610005,210.0179902322149,210.45896911621094,24907800
2021-04-07,210.383900388332,210.51525488241143,206.35881214245316,207.0625,26233700
2021-04-08,208.14147513631278,209.0609708796928,205.84276441099396,208.8170166015625,23989400
2021-04-09,208.75136786208358,209.31430959631462,207.5785546867267,208.84518432617188,23267400
2021-04-12,208.9671659657098,209.1641905661237,206.79041779354512,208.02891540527344,20533900
2021-04-13,207.80371242076617,208.82641632514216,205.31735437396878,207.48471069335938,24608400
2021-04-14,208.16963093166385,212.04461002357283,208.10396084220022,209.5301055908203,27362000
2021-04-15,211.19080407775158,211.21895044775528,208.5355534137249,210.44020080566406,20587300
2021-04-16,211.48164192649526,211.74435090247823,209.2392239637055,210.7779541015625,23943000
2021-04-19,209.89601524879978,210.787350316299,206.3588070305165,208.03826904296875,25285900
2021-04-20,207.13753292790346,207.93503713219144,201.94900965902585,203.77859497070312,35570800
2021-04-21,203.61908866097062,208.87328186834628,202.19294416449043,208.7606964111328,31147800
2021-04-22,209.47383724501594,211.41602298360834,207.14697961632893,207.8975830078125,31943700
2021-04-23,209.06099810930058,212.65448518058497,208.31039479275185,211.81944274902344,27999500
2021-04-26,212.98286388024363,214.56850951872516,212.74830125482487,214.02432250976562,19069200
2021-04-27,214.58726176909215,215.22526518842437,213.46134980181003,214.3433074951172,19648100
2021-04-28,213.9961937472244,215.31913049941085,213.0767121885683,214.70925903320312,16222700
2021-04-29,216.59514024845322,216.6889567113707,211.84758054794122,213.9117431640625,25500300
2021-04-30,211.7819082178138,213.73347101461968,210.2994706803391,211.00315856933594,27006000
2021-05-03,213.17989928250827,213.3675465164471,211.03129765169493,212.0352325439453,18693400
2021-05-04,210.73110403350944,212.17600375110513,207.31587220262344,209.50198364257812,26892700
2021-05-05,210.4308161151649,210.67475608554443,207.69112643668132,208.66690063476562,25139500
2021-05-06,208.90147706793826,209.05160059036004,205.13909755535758,208.84518432617188,27647300
2021-05-07,208.91085498256066,211.9789237393835,208.4417297433022,211.47227478027344,26172700
2021-05-10,211.32219441771733,211.73502700321185,206.03046121102275,206.0961456298828,28109100
2021-05-11,201.6487911045834,206.78102236687997,201.17966586537216,205.4393310546875,39519500
2021-05-12,203.69418664335234,205.26106324010843,198.47750190487565,198.76837158203125,42113400
2021-05-13,200.13821769221704,204.01319695135464,198.72146454992622,202.42755126953125,37739900
2021-05-14,204.48228797187667,207.73801790179326,202.36183297262508,207.37210083007812,25070400
2021-05-17,206.2087115760587,207.71929558434533,204.4447959022272,207.65362548828125,20048500
2021-05-18,207.7192544762188,209.45502343442897,205.9178154349408,206.0773162841797,24564500
2021-05-19,202.6902750517124,204.6887534019337,200.8325428807924,204.49171447753906,31202800
2021-05-20,204.7919138839959,206.29310589789904,202.97170586118725,205.8521270751953,24932800
2021-05-21,207.6629687855853,208.638742930657,205.80523694822963,206.38694763183594,24213700
2021-05-24,207.52225194440942,208.71383416399314,206.41512315579885,207.72866821289062,18324200
2021-05-25,208.50739974306396,209.89602075860316,205.65512458888065,205.72079467773438,20514900
2021-05-26,206.53707521702444,209.87724451345053,206.52768354996434,209.55824279785156,20388200
2021-05-27,211.14385323518647,212.3823505736566,210.3369573585795,211.7161865234375,21225700
2021-05-28,213.05790735411762,213.1517238062941,211.15326014449593,211.57546997070312,20668400
2021-06-01,213.4144600365082,214.44652697242336,212.00708431943343,213.97740173339844,23081500
2021-06-02,214.7749304289561,214.78430778021215,212.8233676251903,214.23074340820312,18927500
2021-06-03,212.81396842818612,213.56455731549016,210.20561907351274,212.43865966796875,24811500
2021-06-04,213.50827781026408,213.9774030521803,212.24164824702999,213.358154296875,19395800
2021-06-07,213.81789920082926,216.5294424885615,213.21741947222796,216.21981811523438,24049900
2021-06-08,216.93290132774385,219.06271962461088,215.77884292118287,218.5091552734375,27770300
2021-06-09,219.1190188742172,219.21284965230126,216.7170998475596,217.05487060546875,18700600
2021-06-10,217.700383555853,218.17021347306235,214.90960703865494,215.44520568847656,29069000
2021-06-11,216.40367440100286,217.81316422861937,216.18755664209516,217.7191925048828,16707200
2021-06-14,218.2924163441402,219.2696707915399,216.2533558269881,217.08026123046875,19182800
2021-06-15,217.1741735346643,217.50306020768693,214.6934721773966,216.4600372314453,17039900
2021-06-16,215.8398933139375,216.76075607445296,213.90419606021035,215.9996337890625,24527000
2021-06-17,215.4076197038307,216.3096850908452,210.9724242598088,213.5752716064453,48292500
2021-06-18,210.20191261079978,212.11882679826027,207.7869941712931,208.72665405273438,54023700
2021-06-21,210.53077877446555,213.77260218169474,209.80723672165237,213.1900177001953,26736400
2021-06-22,212.6168713875258,214.62774320618004,211.16039552557712,214.1579132080078,21188500
2021-06-23,214.233085170184,216.08421648792466,214.233085170184,214.86265563964844,22387500
2021-06-24,216.2345486854154,217.91654806863767,214.91903045669966,217.8977508544922,21732500
2021-06-25,218.27358211070256,219.32601090157357,217.76617209612328,218.26419067382812,27619000
2021-06-28,218.22663863214197,218.55551102186877,214.9660173587509,216.53524780273438,25006000
2021-06-29,217.2775588445124,217.74738880355574,214.96600347533987,215.50160217285156,18844300
2021-06-30,214.8532440968622,216.42248884740653,214.01694730607042,215.52980041503906,26039000
2021-07-01,216.882928203868,217.86018265976494,215.84931077860384,217.4279327392578,18089100
2021-07-02,218.0010678955188,218.07624239812017,214.76863597401123,215.36062622070312,21029700
2021-07-06,215.52043873168327,215.61441047587658,210.3616996778926,212.23162841796875,27771300
2021-07-07,211.93087892948125,212.99269916153756,208.41656022258474,210.25828552246094,28521500
2021-07-08,206.07676940104065,210.55895024751703,204.70487424913247,208.3225555419922,42297900
2021-07-09,210.6341686981736,212.78598358159974,209.8636406903155,212.72021484375,23976400
2021-07-12,211.949707416497,213.19945693771794,211.00065597770836,212.89877319335938,16831000
2021-07-13,211.63962585571912,212.11886165036083,208.81125430957235,208.8864288330078,25357500
2021-07-14,210.21132547212375,210.82209868042074,205.3626768793034,205.66336059570312,30594100
2021-07-15,204.68611331242425,205.84189094977705,201.9704968336565,204.49818420410156,45477000
2021-07-16,206.56543373171255,206.6124195934613,201.52885618698588,201.97988891601562,36620200
2021-07-19,197.9206061533251,201.51010018344385,196.435941514497,198.9542236328125,58571000
2021-07-20,199.3958454696701,206.0392484299124,198.5125627918034,205.12777709960938,40794600
2021-07-21,206.20837559983286,208.8112377067915,206.12380964446976,208.660888671875,28278700
2021-07-22,208.10652079899506,208.53875641007534,204.45124363085517,205.3439178466797,32879000
2021-07-23,206.6030060831003,206.6781805914694,203.82162096380065,206.3023223876953,23660300
2021-07-26,207.09163088199335,208.6514696523929,205.92644752252536,206.90370178222656,22194200
2021-07-27,205.7949268461601,205.86070992696762,202.38397087216273,204.48880004882812,35063600
2021-07-28,205.78550919521325,209.15888464910262,204.28204768504241,207.49569702148438,33043700
2021-07-29,209.34680696123826,210.8972542816871,208.73603380771274,209.09310913085938,22634800
2021-07-30,208.27560984352175,210.53080219276248,206.9882803764696,207.71182250976562,28473000
2021-08-02,209.04613910134682,211.00063341392766,206.3868998637616,206.67819213867188,24192600
2021-08-03,207.30771016186333,207.77753999313438,204.0001184731244,207.53323364257812,27798600
2021-08-04,205.8794565447497,207.85273341292555,204.74246194079348,204.94918823242188,25588500
2021-08-05,205.87010303363877,209.01796972414002,205.48483899797534,208.63270568847656,23915200
2021-08-06,210.248907417695,211.6208172117199,208.7360543706861,209.91062927246094,24429200
2021-08-09,209.46895805395093,209.7226702111691,207.86214784706718,208.75482177734375,17225600
2021-08-10,209.20585400843916,209.75085840443674,207.84335018748047,209.16827392578125,22681600
2021-08-11,209.56298017086746,210.23013075095736,207.16684426945156,210.1925506591797,25691300
2021-08-12,210.25829111342927,210.3334656249436,208.3319998159032,209.6945037841797,23269500
2021-08-13,209.52533403861887,209.82603205093594,207.38291088410617,207.78697204589844,20813700
2021-08-16,206.50904686157781,206.96947100638883,204.51695825272103,205.85128784179688,24074400
2021-08-17,203.58671271254414,204.31964627071255,200.85229902503104,203.34239196777344,35161500
2021-08-18,203.0605068816475,204.88343501454835,201.43488495720234,201.56643676757812,29102300
2021-08-19,199.61195924010332,201.15301534538088,197.96755430335162,199.1515350341797,38119900
2021-08-20,199.30188285227823,202.9853481675361,198.66290662495925,202.51551818847656,31759500
2021-08-23,204.35724652129386,206.66881635919108,204.31966643119821,206.3681182861328,25778800
2021-08-24,207.0258707238979,208.5293179223738,206.43388041394556,208.39776611328125,18677900
2021-08-25,208.38838176869484,210.45563069825255,207.5238963740824,209.13070678710938,21548000
2021-08-26,208.73604364425873,209.69450072951457,206.48086568396806,206.91310119628906,22380300
2021-08-27,207.33594771768125,213.33098236718115,207.26078754444706,212.74839782714844,33998500
2021-08-30,213.5377137680392,213.63168549392512,211.404681765465,211.87451171875,20733300
2021-08-31,211.64901722737508,212.9363468006637,210.79392321182905,212.28797912597656,20839800
2021-09-01,213.14306967034946,214.46799365025697,211.3013298467114,213.7162628173828,20451500
2021-09-02,214.55252964321255,215.97141081778864,213.86658198536543,215.20089721679688,22810100
2021-09-03,214.47739010455913,215.15394643616264,213.48135282138546,214.20489501953125,18213100
2021-09-07,213.97931765924724,215.1820809823212,212.59801669104877,212.7295684814453,19153400
2021-09-08,211.99667317416313,212.33495131577357,209.19649065298762,210.4086456298828,25241500
2021-09-09,210.05153992113299,212.63560430393775,209.50654986880693,210.3052520751953,27180500
2021-09-10,211.57385632608316,211.69600238039877,208.15349438183566,208.24745178222656,24366100
2021-09-13,209.74150124352974,209.90124171255337,206.960101515993,209.43141174316406,34693100
2021-09-14,210.2489163721389,210.26771358602815,205.85131463487608,206.7627716064453,30312600
2021-09-15,206.74399427701994,209.2998705877492,206.21778697858866,208.63270568847656,27572000
2021-09-16,208.8488040154608,209.863638427073,206.96948421723198,208.7830352783203,22369000
2021-09-17,208.24743386038568,209.57235783312,207.32657112258877,209.0555419921875,39957600
2021-09-20,204.3290231862111,205.77610732554635,201.29392600908497,204.084716796875,44958500
2021-09-21,205.5694267102571,206.05803959752947,202.7974325172511,204.3948516845703,26711200
2021-09-22,205.6727440624155,209.1212938489305,205.66333828793822,207.5708465576172,32100300
2021-09-23,208.77362402403287,212.03424493543582,208.19103949005404,211.24493408203125,31057800
2021-09-24,210.19784594494956,211.46080145747223,209.08568057281727,210.2261199951172,28866000
2021-09-27,210.76329787584672,214.5898719457043,210.678475742832,213.42117309570312,29743200
2021-09-28,212.4503818273422,212.6294603534461,208.15255472687693,208.56724548339844,39938200
2021-09-29,209.49096040086707,209.85853742485926,207.51169065228734,208.12432861328125,23628900
2021-09-30,209.3495828086308,209.81141626722473,206.03196959189006,206.17333984375,33153600
2021-10-01,207.3043090050285,210.65021007264056,205.22137762126587,209.50035095214844,32647000
2021-10-04,209.36844435347126,209.53810304319762,206.3429914233679,207.59652709960938,32580200
2021-10-05,208.25625708288123,210.2355122419264,207.2383482661542,208.31280517578125,20407600
2021-10-06,206.18274468038823,207.53995652519984,204.29773142515208,207.2289276123047,32893300
2021-10-07,208.79347889437125,212.01684963170368,208.64267439190323,210.42401123046875,24289300
2021-10-08,210.5465258900066,211.22513171869093,208.76518918508714,208.84059143066406,17989600
2021-10-11,209.07624506949713,210.69735760509292,207.5870828853331,207.6436309814453,15929800
2021-10-12,208.15261037177697,209.67946662313727,207.6907769116013,208.78408813476562,18800600
2021-10-13,209.13278494514543,209.89621297567155,207.19122368689156,209.77369689941406,19676200
2021-10-14,211.82836932336826,213.00650263439923,211.42309836749845,212.88397216796875,18160000
2021-10-15,214.8726746631764,215.27796002487077,212.12055680928057,212.21481323242188,27555300
2021-10-18,211.00842336623793,212.70492407192455,210.86703871975593,212.09230041503906,19082600
2021-10-19,212.9876484745999,213.83591308744826,211.6964189677932,212.88397216796875,15498400
2021-10-20,212.97822595274778,214.87265911612408,212.17708955854582,214.2977294921875,18130500
2021-10-21,214.1280909828891,215.8434456304818,213.59085528206768,214.84439086914062,17851600
2021-10-22,214.7030109665935,215.25908642097178,212.71432142263023,214.33543395996094,16887000
2021-10-25,214.69360164549508,216.7576936847241,214.21292839065862,216.37127685546875,16387100
2021-10-26,216.80479922079604,217.45513109735478,214.7030134600779,214.74070739746094,25290200
2021-10-27,214.1186116091278,214.3825266500601,210.6501947243955,210.79156494140625,27088500
2021-10-28,211.87551379421967,215.13657899580465,211.8472397431056,214.99520874023438,22890600
2021-10-29,214.70301774667928,215.67379844566017,213.91131561224032,214.9386444091797,20777700
2021-11-01,216.06963769116447,220.71618831832328,215.7303347404676,220.50885009765625,35500800
2021-11-02,220.90471987711095,221.34769916646303,219.27417296885307,220.97068786621094,24949700
2021-11-03,220.6878946011866,226.02248492442246,220.47112212968995,224.9197540283203,47648500
2021-11-04,225.7115005243002,227.08756663437916,223.90188938579993,224.83497619628906,26514000
2021-11-05,227.3043280548875,229.40611386681277,226.39009544984393,227.90753173828125,42041700
2021-11-08,229.72656039118652,230.40516628345654,228.020611390488,228.61439514160156,31324500
2021-11-09,228.08658247788568,228.58610979312235,225.7680100636765,227.2854461669922,29895900
2021-11-10,226.2770034197736,227.67190926677233,222.72374924139137,223.70396423339844,32471600
2021-11-11,224.60872629728843,226.5597216952239,223.9961028123905,225.5041046142578,17987500
2021-11-12,226.1261824683815,226.39951743689969,225.0140315799542,225.73033142089844,20526700
2021-11-15,226.73884375740838,226.91790794996706,223.89246949614238,224.83497619628906,27390000
2021-11-16,224.09035561872386,225.60779176296836,223.3269276024503,225.24964904785156,21925200
2021-11-17,224.37311795828415,224.43910032313323,221.61158053493708,222.2996063232422,26527800
2021-11-18,223.2986473496836,223.44003195934724,219.65115164819528,221.35708618164062,30637300
2021-11-19,219.85853046002583,220.94240735584714,219.0291200052345,219.34014892578125,33994000
2021-11-22,220.75390541661437,222.18651953004147,218.3033824106083,218.4070587158203,31042100
2021-11-23,218.0865773855552,219.6040134183414,215.47583036659222,218.030029296875,33843800
2021-11-24,216.20159422449584,218.65211720313127,215.4004578403047,218.26568603515625,24099300
2021-11-26,212.0263025237872,213.16672751778137,207.01216023765062,210.03761291503906,62595400
2021-11-29,213.213847954092,213.7133753103606,208.5201690303277,209.90565490722656,45982400
2021-11-30,207.97352525242556,209.1045303801162,203.46834452037535,205.62667846679688,64908400
2021-12-01,210.3392386632597,211.31945377880828,200.89531659772948,200.99899291992188,69120100
2021-12-02,202.04512980730328,207.2948983312714,201.52676269644874,206.60687255859375,64315700
2021-12-03,207.6247748146581,207.70961133951585,200.48058736570488,202.3656005859375,64425200
2021-12-06,204.09036873444572,208.0017796747421,201.42308776577946,206.42779541015625,43878300
2021-12-07,209.36839442350657,213.04416404001833,209.21758993116046,211.21571350097656,44679200
2021-12-08,211.68699519892965,213.51544598367005,210.2355269326958,212.65777587890625,36546400
2021-12-09,211.07435886078366,212.82742178402788,207.80385967397044,207.84156799316406,34830300
2021-12-10,209.42495047167404,210.03758835204712,205.76803487310636,207.26661682128906,32924600
2021-12-13,206.45926469292354,207.08321208591116,203.01811995383375,204.23764038085938,33478400
2021-12-14,202.85741981815352,205.63680887786796,201.656796331943,202.47926330566406,36543500
2021-12-15,202.50763616303186,206.24184334182252,199.5486245849977,205.6935272216797,51261000
2021-12-16,207.46136135940384,207.88677480569302,200.6547029431899,201.5338897705078,52743800
2021-12-17,200.6074364874454,205.47609883138628,198.81123992572495,203.38682556152344,62620900
2021-12-20,200.50342412517125,201.30699401165785,197.355341796923,200.5317840576172,49993000
2021-12-21,202.4981750400843,206.45927616000301,200.47508457713062,206.2607421875,38545300
2021-12-22,205.96770340754674,208.31223078041762,205.2681390226655,208.2460479736328,32442000
2021-12-23,208.97397482203357,210.62837179507017,208.30275598874354,209.90988159179688,22125400
2021-12-27,210.1934791816588,211.98969012616655,208.54854526455293,211.87623596191406,24196700
2021-12-28,211.56427860379483,213.3982981279875,210.20295835432506,210.5811004638672,23120300
2021-12-29,210.55274479425404,211.2806835163327,209.1724986585774,210.80799865722656,19444400
2021-12-30,210.76071414942157,213.11467536892002,210.5338202381221,210.75125122070312,23607700
2021-12-31,210.33532347893126,211.87626638140605,210.24078073267978,210.29750061035156,23997400
2022-01-03,211.4886506979891,214.3058482152602,210.56217805506958,213.0106964111328,30618800
2022-01-04,213.65355114783765,214.7218235196398,211.17668716209826,212.68927001953125,22013100
2022-01-05,212.58527088208902,213.56846340684842,205.44774148743457,205.4855499267578,40582100
2022-01-06,205.92043444519743,208.37838700371844,204.02969505009045,206.65782165527344,39105900
2022-01-07,206.6578520373083,208.3406091923302,204.1337018795765,204.2660675048828,31583900
2022-01-10,203.03703540602731,203.62315994882084,199.57697916750735,203.55699157714844,45778100
2022-01-11,203.70823619925758,205.9298605165792,201.32591520707746,205.7218780517578,35209900
2022-01-12,206.5821832687486,207.39520175778983,202.91414435188395,204.19039916992188,35284500
2022-01-13,204.96558023998054,206.27019490131886,201.72296944284517,202.31854248046875,34489600
2022-01-14,200.40893779907665,202.68726792550845,199.0759629941618,202.60218811035156,42020900
2022-01-18,200.6074418885777,200.8343358033528,196.19256724310367,196.47618103027344,49434400
2022-01-19,197.4026506039567,198.0171495823009,193.21466963283513,193.2808380126953,46209100
2022-01-20,194.16000950951616,197.5727942800451,189.38589023187836,189.78294372558594,50466000
2022-01-21,188.84707286780508,191.92898775911567,186.22840881347656,186.22840881347656,85821000
2022-01-24,183.4678612315416,191.33332777505365,180.7830009550893,190.5203094482422,85782000
2022-01-25,187.63696127597652,190.68105265729167,183.93111403463544,187.977294921875,61088500
2022-01-26,190.75671041773208,192.43001894425896,183.13703240428347,185.2641143798828,71471700
2022-01-27,186.83339877793458,188.70522654802073,180.1874516398996,181.05718994140625,59829000
2022-01-28,181.227339755231,184.64012440595485,177.8145551045071,184.58340454101562,65870000
2022-01-31,183.77038297179794,190.2461700439453,183.25988977098305,190.2461700439453,53393800
2022-02-01,190.6432407443948,192.44890017792486,187.15482454381237,192.2503662109375,43429400
2022-02-02,192.4961550542009,192.76085739054807,188.4027029186384,190.34071350097656,42777800
2022-02-03,187.97730834609106,190.2462042891771,186.285102924235,186.73887634277344,39629400
2022-02-04,186.27564356132052,189.16848702602837,184.27146436797526,187.54244995117188,34291100
2022-02-07,187.58968608462382,190.17055552390076,187.1737355705134,188.46888732910156,33242600
2022-02-08,188.57292136543248,192.0235154789027,188.46893010700248,191.6831817626953,28341900
2022-02-09,193.39428239970277,195.36063864031627,193.13902854699757,195.3228302001953,27329300
2022-02-10,191.81552677545326,197.62955970437724,191.07813948498656,192.32603454589844,44788100
2022-02-11,192.52451870550976,194.80286296788165,188.78086306192367,190.3785400390625,41516600
2022-02-14,190.6149096888733,192.4111064662243,188.35547653516645,189.716796875,32262700
2022-02-15,191.70206034351085,195.0392141213734,191.5602606632263,194.80287170410156,25847500
2022-02-16,194.08437375910097,195.94675294829386,192.93102174066087,195.20936584472656,30104800
2022-02-17,193.3753836892854,193.82915712657348,189.8113357214498,190.20838928222656,27140200
2022-02-18,190.04766562821192,191.64534269554278,187.90167241542332,188.57289123535156,36255400
2022-02-22,187.63697774055748,189.49935724053174,184.67798032997072,185.91641235351562,31847100
2022-02-23,187.4101084472702,188.03404153248425,182.03095214652066,182.4374542236328,31491500
2022-02-24,178.0320281242887,187.63697327516832,177.65387159066555,187.22100830078125,52221100
2022-02-25,187.8355064516404,191.55080241789972,186.2378293637876,191.43736267089844,33656200
2022-02-28,189.51826083335,193.42264222636533,189.50881232962428,192.2125701904297,34975900
2022-03-01,191.588570433932,192.6568280711557,186.9940744681778,188.5917510986328,40638900
2022-03-02,189.86805539127377,194.0844107847947,189.7262557001498,193.0823211669922,29978600
2022-03-03,193.88585826030436,193.90476969237915,189.34808105049413,190.7945098876953,30142700
2022-03-04,188.79033762421042,189.88697000458902,186.2189307306595,187.80715942382812,31610400
2022-03-07,188.33655740319563,188.68633958470403,183.09920105874417,183.13702392578125,39279800
2022-03-08,183.72316130914461,188.66745569113652,182.89124570406383,184.14857482910156,45715800
2022-03-09,187.39119417526064,190.01932094274144,186.82396655162114,189.33865356445312,29048000
2022-03-10,186.62543355084995,189.1117460208994,185.8218635460543,188.99830627441406,25661000
2022-03-11,189.81134015275177,190.7377984828598,185.7084388370755,185.9825897216797,24990000
2022-03-14,186.46471326293553,186.65378430617648,181.3975314080202,182.18218994140625,34969500
2022-03-15,182.89123760308524,185.093936419438,182.3429214187974,185.08448791503906,25464300
2022-03-16,186.74830873473894,190.90794372558594,185.4342455375049,190.90794372558594,31869700
2022-03-17,189.80185413393195,193.99929736650992,189.35752927844408,193.90475463867188,25783100
2022-03-18,193.05396346846976,196.1169522338619,192.85542947339547,195.94679260253906,37092200
2022-03-21,195.880642725726,196.80710119969388,192.7987420081267,194.216796875,26747500
2022-03-22,195.03922282345144,197.3837356683383,194.55708946377624,196.16421508789062,24699900
2022-03-23,194.88794595257832,195.88058696184157,192.61906458157316,192.7608642578125,19775000
2022-03-24,193.5944569921985,195.0342330989886,192.0315221707101,194.97740173339844,19781200
2022-03-25,195.21419906470493,195.71622870730863,193.65127877411618,195.24261474609375,19430400
2022-03-28,194.75008364794047,195.32789330924683,192.31570073690386,195.30894470214844,18999100
2022-03-29,197.02340625084912,201.04912488818618,196.90974352622533,200.53762817382812,29550600
2022-03-30,200.2155518723563,200.5660360154986,195.70675237805168,196.51190185546875,26251500
2022-03-31,196.19931390384298,197.88537836101958,194.32379230927998,194.43746948242188,26771600
2022-04-01,195.29944345627328,196.75818253099087,194.19118853650912,196.61610412597656,25948500
2022-04-04,196.90027417379983,197.43071952625007,195.0152997573107,196.93817138671875,20333900
2022-04-05,196.9855254526677,198.38741873332197,191.8231217035534,192.27780151367188,26509800
2022-04-06,190.64856199421087,191.1505916210143,188.19523076763187,189.54977416992188,34903900
2022-04-07,189.54978968923004,190.61068039068593,186.30079023569368,188.93409729003906,29291200
2022-04-08,188.70677267806371,189.73924778043246,187.07753928095295,187.42800903320312,25249600
2022-04-11,186.7175457327904,188.73514564131906,185.54299247066453,186.16815185546875,33702300
2022-04-12,188.21417192504452,191.03690688635928,186.0544935716158,186.7554473876953,33699800
2022-04-13,187.2480147179122,190.81906814593495,187.18171627708207,190.3075714111328,22303600
2022-04-14,190.49699862853575,191.69050054844143,188.37520298404195,188.46046447753906,27107000
2022-04-18,187.98684448389676,188.6688352350513,186.158687227146,187.191162109375,22246400
2022-04-19,187.41847808467588,191.56734014172582,187.2574511059908,190.9232177734375,22786700
2022-04-20,192.3346389501554,193.11135835658757,191.20743537232866,191.6526336669922,20516200
2022-04-21,193.45234745733498,193.99227429102643,186.62284248102893,187.36167907714844,31547700
2022-04-22,186.48077428349072,186.9543882899636,182.14246824977295,182.5118865966797,35686900
2022-04-25,180.9110600999679,183.8664064946635,179.22499561032228,183.62013244628906,35556500
2022-04-26,182.1708863125674,182.54030463498793,177.58629204909158,177.83258056640625,40513600
2022-04-27,177.76624314023792,179.76489441740233,176.43064844597293,177.09371948242188,37808000
2022-04-28,179.18710083099742,181.29941500951938,174.9624724739535,180.39955139160156,37405200
2022-04-29,179.58494112718083,181.6120083344468,174.77302147225333,175.18980407714844,41193400
2022-05-02,175.14241624048535,177.90833416406502,172.75541256648273,177.02740478515625,38002100
2022-05-03,177.05584446695795,179.5091613579472,175.88127662035765,178.54299926757812,30246300
2022-05-04,179.07346098388078,183.6959239166111,175.8907742423266,183.3075714111328,38834700
2022-05-05,181.42255151168658,181.45096719130314,173.70265020678093,175.87179565429688,41468700
2022-05-06,175.19929245750907,175.63500923162695,171.0220136226751,172.94488525390625,45457900
2022-05-09,170.3684544849943,173.01121464605816,164.91242558117133,165.67019653320312,53682200
2022-05-10,168.19926090195858,169.46854278711956,162.1654095026016,165.71751403808594,53650800
2022-05-11,165.88801740495273,168.7865323030639,161.3129051713175,161.59707641601562,64377800
2022-05-12,160.8677362295611,165.13972939272543,159.98680665588844,163.49156188964844,52967400
2022-05-13,165.80275319579704,169.9421486461082,165.77433751714807,168.67286682128906,36517000
2022-05-16,168.1329594835328,169.97058400116046,166.84472890596763,167.86773681640625,28225500
2022-05-17,170.8893796697694,173.19113640463473,169.54431785890796,173.00169372558594,31833700
2022-05-18,170.9462231628269,171.83661971646643,165.859613878864,166.939453125,36093800
2022-05-19,165.66067353395172,169.37380486899463,165.66067353395172,167.21412658691406,33627700
2022-05-20,169.08020825543116,169.5254065987185,162.72430163035548,166.7879180908203,42243700
2022-05-23,168.49289403312565,169.51590184221223,166.2384871323487,168.80548095703125,24644100
2022-05-24,167.25202212592123,167.59301026369698,163.23577098959683,166.30479431152344,26861800
2022-05-25,165.65123093817743,170.29264217948034,165.58491804300513,169.2980499267578,27950100
2022-05-26,170.35895968504695,174.10050735268695,170.2168668144973,173.07749938964844,25702700
2022-05-27,174.0626048905031,177.7473210802366,173.7216022464394,177.73785400390625,24952100
2022-05-31,177.0463779826642,177.7757330909306,174.37518825041164,175.5308074951172,29794500
2022-06-01,176.44016187683798,177.0748028961885,172.17763591863593,174.53622436523438,28352100
2022-06-02,174.8488128109081,178.7987518310547,174.45097878588098,178.7987518310547,24876000
2022-06-03,177.4063044117106,178.04095981446338,175.98546258269192,177.18844604492188,18972100
2022-06-06,179.3007963882369,179.3197449967774,176.9706234121249,177.9557342529297,24678700
2022-06-07,176.5727466179432,180.86368761318212,176.08965116518192,180.82579040527344,21661600
2022-06-08,179.93541618937255,180.636355577098,177.18844663860224,178.03147888183594,21521700
2022-06-09,177.17105545465955,177.6649161048107,174.3028842636838,174.34088134765625,21697200
2022-06-10,171.4346898225319,172.42241098887826,168.71847835253874,169.61122131347656,37153600
2022-06-13,164.9006437250906,166.16377885109887,160.77882902751074,161.64308166503906,39712700
2022-06-14,162.08941078683094,162.6307604810832,159.30672612331443,160.86427307128906,30282400
2022-06-15,162.6022895478739,165.30899487098912,160.18048989650865,163.2196044921875,32150500
2022-06-16,159.40169006704502,159.95253178611878,154.5960884215874,155.65977478027344,43810600
2022-06-17,156.21062324321431,159.0977927580627,155.46983956977147,156.87542724609375,40327300
2022-06-21,159.53467089537472,161.52909755999997,158.4234952936463,159.68663024902344,34665400
2022-06-22,157.6162333694843,160.75031161153797,157.0558850822412,159.38272094726562,29303500
2022-06-23,159.73413966788885,161.67157095249934,158.17659232405896,161.29168701171875,27089800
2022-06-24,162.61175811711777,166.29669218439338,162.3078394555679,166.2871856689453,37138500
2022-06-27,166.83803811097837,168.09168093308952,165.42294392389357,166.90452575683594,24745400
2022-06-28,168.03466793730624,169.1933324288581,163.6849445739066,163.77041625976562,25909200
2022-06-29,163.8749011537002,164.01735397621718,160.47488703710715,162.10841369628906,21292500
2022-06-30,159.74360758738615,162.69725042989705,158.37600242033218,160.8452911376953,31466300
2022-07-01,160.5508865300572,163.20061079752372,159.23077040905383,162.792236328125,24598600
2022-07-05,160.19945952407417,164.20729651780104,158.34750036622412,164.1408233642578,25151100
2022-07-06,163.779932123514,164.9765938662855,161.21567973301077,162.92518615722656,25697600
2022-07-07,164.16932535153325,167.132460210264,164.15983332654952,166.78106689453125,24822500
2022-07-08,166.2682387630605,168.09170766477612,164.9196175157212,166.7620849609375,20547000
2022-07-11,165.49893627034993,166.17324683843168,162.97268087543364,163.4095458984375,22031500
2022-07-12,162.91570107103757,164.64420626390498,161.98497530883975,162.84922790527344,23864200
2022-07-13,160.645812198027,163.6184530181675,160.3039109711366,162.70672607421875,25535600
2022-07-14,160.19945543356303,161.45309821095285,158.6229244293847,161.03521728515625,25102200
2022-07-15,162.9156960789593,164.63470919308418,160.79781499918604,164.3877716064453,34935900
2022-07-18,166.3252102172327,167.4268793182009,163.4095498544593,163.9224090576172,23031500
2022-07-19,165.96430680318767,169.89616447911686,165.87883510171218,169.7062225341797,24234600
2022-07-20,169.66822029202987,172.66935220237886,169.43078924516632,172.36544799804688,26049300
2022-07-21,171.37768461886708,173.32462162309787,169.8581349872909,173.24864196777344,21709900
2022-07-22,173.6855968396094,174.03699021800324,169.098426408918,170.48501586914062,25116100
2022-07-25,170.9978180391663,171.82407332504388,169.45925522440663,171.3682098388672,19267200
2022-07-26,170.74142942296416,171.14981839787947,169.56376610205675,170.31405639648438,19391200
2022-07-27,171.40620460962566,174.98666858902502,170.95034109104208,174.18890380859375,21670700
2022-07-28,175.05315717180804,176.78164753867688,172.6218512458329,176.5821990966797,22838500
2022-07-29,176.686673356812,178.29170947868343,175.73694921290138,177.83584594726562,21760600
2022-08-01,176.44924738506182,178.8520628704275,174.95818797198058,177.7693634033203,23905600
2022-08-02,177.09506654038645,179.51686606402532,176.15483439827517,177.59841918945312,17492600
2022-08-03,178.83304702634376,180.59002787802413,178.20622565602693,180.21014404296875,19157700
2022-08-04,180.2956167573118,180.48555867591955,178.96600883541814,179.83026123046875,14838900
2022-08-05,178.04478385074646,181.4163074113379,177.7598637133539,181.20736694335938,18540300
2022-08-08,182.48949601917266,184.8448224276702,182.24257294851256,183.12582397460938,22188700
2022-08-09,182.38501746297854,182.5084862384992,179.64982179418845,180.62803649902344,18247300
2022-08-10,183.89510749336011,186.09846017371635,183.4012468355603,185.78504943847656,20796400
2022-08-11,187.49452976917772,189.49844819648916,186.1839058760467,186.47833251953125,23727600
2022-08-12,187.42806348136713,190.3532010589437,186.69677184115287,190.28672790527344,21726600
2022-08-15,188.8051513184472,191.04650074253672,188.25430960921068,190.96102905273438,17414800
2022-08-16,190.41971595072943,191.83481032865126,189.02362011584904,190.8850860595703,18833100
2022-08-17,188.7291514785178,189.30848368909466,186.50680083137553,187.67495727539062,22428000
2022-08-18,187.9314368455979,189.23255441428287,187.00069665841127,188.9191436767578,18368100
2022-08-19,186.9342370913823,187.20015873801879,184.31300322097553,184.86383056640625,27416400
2022-08-22,182.33755338154592,182.67945467134876,180.45708904180972,181.055419921875,22937000
2022-08-23,181.34034623155642,183.23028816873494,180.8179950083507,181.34983825683594,20069800
2022-08-24,181.1978567635805,183.5816735568691,180.5995404279583,182.73641967773438,16038300
2022-08-25,183.65767830757343,185.62359995020807,183.2777799163007,185.57611083984375,14795000
2022-08-26,185.51911277665414,185.61409098871664,179.1749623835014,179.47886657714844,24177200
2022-08-29,177.5509268617779,179.48837224219747,177.14255243345485,177.82635498046875,19753300
2022-08-30,178.37718718095297,178.55762258673585,174.31235470604594,175.3380584716797,22548900
2022-08-31,175.64198865543554,176.40177088256985,173.97997137367196,174.27438354492188,22412500
2022-09-01,172.64086057636732,172.74533081601166,169.9056502959637,172.37493896484375,30706600
2022-09-02,174.3693532959481,174.70174804118608,170.13357736708377,171.0358123779297,27468200
2022-09-06,171.62465299128533,171.97604628018226,168.57603217395857,169.34530639648438,23837100
2022-09-07,169.02240590056917,173.2961645190755,168.98440881975276,173.03024291992188,24781200
2022-09-08,171.605660166307,174.54979635663838,170.58944836280733,174.4738311767578,25273200
2022-09-09,176.0218876397131,178.19676427051516,175.79396309614737,177.9783172607422,23208800
2022-09-12,179.11798844104072,180.31463570619164,178.51965756264474,180.13418579101562,23134600
2022-09-13,175.5660307023991,176.56324409314817,172.41293914180469,173.08724975585938,34144700
2022-09-14,173.3911285820252,174.10342162699166,171.4916804621146,173.7615203857422,25278300
2022-09-15,172.77382673081277,175.40456685301376,171.76712138578807,172.4984130859375,25378700
2022-09-16,170.0860830983901,170.64641683118487,168.0156915467188,169.99111938476562,41155900
2022-09-19,168.11067270448362,171.66264637199308,168.0631980885649,171.4442138671875,25412200
2022-09-20,169.7821901607294,169.94364152704958,167.8257607326093,169.10787963867188,22247500
2022-09-21,170.35201482089494,171.99504802157455,166.5151356611114,166.52462768554688,29357100
2022-09-22,166.20169752804767,166.75253917885146,162.1558785652117,162.773193359375,33468600
2022-09-23,160.50338208679608,160.6838319947869,156.7044854693571,158.89834594726562,40336900
2022-09-26,157.96379414230734,161.305023823938,156.159530696891,156.72276306152344,30597800
2022-09-27,158.76563678456935,160.02576429624253,155.8730885751206,157.25730895996094,42406600
2022-09-28,158.24059796753403,163.2333591480323,157.58191078132774,162.23098754882812,35186500
2022-09-29,160.16897128710715,160.31216098953914,156.36952066101932,158.5938262939453,31464000
2022-09-30,158.25969370699883,161.83004072213316,157.39097068915513,157.43870544433594,40643800
2022-10-03,159.74890443381847,162.57463552026024,157.7537171949317,161.61044311523438,33611600
2022-10-04,164.7798644794675,168.09245545837487,164.70349178476448,168.01608276367188,37537300
2022-10-05,165.54361009557317,167.37651143662507,163.64387717076278,166.77508544921875,25281400
2022-10-06,165.96361550344633,168.17836533146047,165.06625456999342,165.83950805664062,22635900
2022-10-07,164.13072127878078,164.64623338109251,160.30263241256375,160.96133422851562,26536100
2022-10-10,161.61047193694665,161.87778366616124,159.03295525941792,160.06396484375,23386400
2022-10-11,159.38616038114753,162.3932603583602,157.32414147680691,160.11167907714844,28009100
2022-10-12,160.28349804065024,160.8181068350559,157.97327894671943,159.6725311279297,26796700
2022-10-13,156.5604487544145,164.38846827881466,155.1284934304412,163.624755859375,45376500
2022-10-14,164.90398541971717,166.03044998388614,159.14752600579504,159.24298095703125,29608600
2022-10-17,162.49829528718865,164.7894180347012,162.39328464487582,164.3216552734375,28199200
2022-10-18,167.88245807212596,169.24758194681084,164.85626062620514,166.2691192626953,34523100
2022-10-19,164.6652932122775,165.5340015575761,161.64863767861104,163.443359375,27146900
2022-10-20,163.64385578007114,165.67723704000025,160.82767983615346,161.36227416992188,26710700
2022-10-21,161.71547912321836,165.3431021239619,160.56037667373107,164.86578369140625,45402700
2022-10-24,165.45766808638615,166.10681416125402,163.29063832873717,165.5722198486328,27284500
2022-10-25,165.6963256970934,170.78452730896274,165.68677000593038,170.087646484375,33105700
2022-10-26,171.02315878735524,174.09709012325018,170.24036426886153,170.92770385742188,37084700
2022-10-27,172.39786715610393,173.7439086255059,170.75589059057864,170.96591186523438,28651800
2022-10-28,171.67236038467846,175.0899623324114,170.63180962990432,174.85130310058594,33221600
2022-10-31,174.001652393236,175.8822880413629,173.3143127367327,175.01356506347656,25699400
2022-11-01,176.83692838790554,177.18059822306267,174.583984927787,175.25222778320312,27446700
2022-11-02,174.5457899898222,176.60780898531075,169.38120137702413,169.43849182128906,38139600
2022-11-03,167.33831280351706,169.86810958566122,166.21184813896872,168.30250549316406,29093200
2022-11-04,170.8036420386878,171.77737581028578,167.51014746115206,170.57452392578125,25842400
2022-11-07,171.58642225955333,172.39785479289412,169.61985823184176,171.34776306152344,20689900
2022-11-08,172.0542168376192,173.69619358956456,169.31441339800767,171.41461181640625,20265200
2022-11-09,169.92537374988552,170.56497874578312,166.37412320057086,166.708251953125,27277000
2022-11-10,173.60069922573678,177.03738279392445,172.93244184587172,176.97056579589844,38572800
2022-11-11,177.33331504413977,180.27359794247312,177.2664980471734,178.42160034179688,28765400
2022-11-14,177.36199277033106,179.27126667290534,176.25462497745693,176.42645263671875,26499600
2022-11-15,179.31898305358223,180.96095960682172,177.66746537578527,179.04214477539062,26128800
2022-11-16,178.13521729813564,178.1733963575285,175.37631776744155,175.89181518554688,24802000
2022-11-17,173.38112010223884,174.65078871475862,172.3214727379013,174.25938415527344,20835700
2022-11-18,176.21642422816834,176.90376397067516,174.28806815237172,175.38589477539062,27269100
2022-11-21,174.48851820192132,174.87992279726336,173.19975265788375,174.46942138671875,19038900
2022-11-22,175.4049643081106,176.5505255118959,174.05892297452743,176.33096313476562,16869700
2022-11-23,175.93001792779995,177.35243207221785,175.22359598443452,176.78919982910156,19758800
2022-11-25,176.69372174764194,177.915655685841,176.28323491576953,177.1614990234375,13393400
2022-11-28,175.77728248288378,176.53143916204385,173.0661028410761,173.59115600585938,17465600
2022-11-29,173.70576259331207,175.2809078861666,173.70576259331207,174.09715270996094,14020600
2022-11-30,174.3835100521817,178.92757617279037,172.59834382026438,178.87030029296875,28030100
2022-12-01,179.6149179720498,180.65548321189732,177.68656201794474,178.47891235351562,21996400
2022-12-02,176.00639888232877,180.29272376567747,175.9682198160049,179.51947021484375,22574800
2022-12-05,178.38340738381024,178.57433180304002,173.9157002275165,174.57440185546875,25449300
2022-12-06,174.5840013639843,174.67945631425792,170.9563782217149,171.90147399902344,18502100
2022-12-07,171.59595742360852,173.2665717517939,170.98499048053623,171.39547729492188,17177800
2022-12-08,172.56973388821817,174.34535928388118,171.36688195033398,172.6365509033203,20971400
2022-12-09,171.6150529183925,172.60786873077882,170.4599360396211,170.5172119140625,22046500
2022-12-12,170.73680640848778,172.87518362935316,169.92535925954007,172.52197265625,22765400
2022-12-13,178.12278014773648,178.9955114564548,172.76174148071675,173.95095825195312,38445300
2022-12-14,173.8838141933961,175.41828646606874,171.50539534118437,172.8096923828125,32406900
2022-12-15,170.73812799467208,171.28478858079617,167.8705891298907,168.484375,33546700
2022-12-16,166.6813966194574,167.93773849978209,165.59767516521836,167.22804260253906,38502400
2022-12-19,167.45823541103582,167.88021600869277,164.44684571317057,164.9647216796875,25614000
2022-12-20,164.63864629068613,166.89239958354108,164.16871070537707,165.8374481201172,18050800
2022-12-21,167.3047664555875,169.55851956075114,167.0650061096684,168.69537353515625,22997200
2022-12-22,167.1897049559203,167.3431551066629,163.67960958519538,166.48960876464844,21297600
2022-12-23,166.37450692610895,167.3047783048659,165.28120025663733,167.2472381591797,11647700
2022-12-27,167.21845919925678,167.41986433226575,165.51136667683963,166.12515258789062,13553800
2022-12-28,166.08675680607982,166.96908763465606,163.36308316564686,163.54530334472656,19648000
2022-12-29,164.68658091740102,168.07199569420288,164.37968066280354,167.68838500976562,22311300
2022-12-30,166.2402489212533,167.56373086470566,165.54015272867588,167.21847534179688,21275600
2023-01-03,168.72414887431384,170.05723048770685,164.85921314812148,166.2977752685547,22503800
2023-01-04,167.46782237728186,169.4338603829196,167.141751778754,168.36932373046875,22973500
2023-01-05,167.43904594295108,167.6020812360223,165.32915764569626,166.56631469726562,17032600
2023-01-06,168.11998135411045,170.74774575282277,166.7485443711618,170.3065948486328,21986900
2023-01-09,171.67802156921275,172.74255826869015,170.3737244836712,170.5943145751953,18366500
2023-01-10,170.38330261608863,173.2220570314651,170.03804711867141,173.11656188964844,18751100
2023-01-11,173.8358518552555,175.30318413593997,173.27960604573022,175.2744140625,18222700
2023-01-12,176.05123023256502,178.3337387281388,174.46880320150962,178.21865844726562,29650800
2023-01-13,176.94317392106984,179.6668485332681,176.78013860630585,179.38873291015625,22120000
2023-01-17,179.34077231260898,180.14636371355587,178.61190599277316,179.16815185546875,22422600
2023-01-18,179.7722999183546,181.220461736893,176.17589482009274,176.2718048095703,23507800
2023-01-19,175.24561842368206,175.60047366736015,173.37549075384655,174.58387756347656,24624500
2023-01-20,175.22649034833395,177.56653946876605,173.8454681567262,177.46104431152344,36070300
2023-01-23,177.835069336914,180.41489347313328,177.01989279170436,179.65725708007812,20329900
2023-01-24,178.9475500075205,180.13676673592298,178.2666387373234,179.27362060546875,19263500
2023-01-25,177.81590050873442,179.82987901981656,176.33896830012785,179.7723388671875,18174600
2023-01-26,181.23963338652266,182.07400932656552,178.65980976861857,180.8368377685547,18369100
2023-01-27,180.28062170121842,182.50560506257438,180.09840147013003,181.81509399414062,20019900
2023-01-30,180.14634987079148,181.84385740462878,179.17772323459437,179.28321838378906,18395100
2023-01-31,179.743531925521,183.73314753941412,179.7051767095726,183.63723754882812,21567900
2023-02-01,183.35914693602584,188.1543544415077,182.34256528627358,186.52398681640625,27007300
2023-02-02,187.98171492941034,191.09859973448226,186.3897171968243,190.19711303710938,31020400
2023-02-03,188.07762390373117,190.97393325040292,187.6844133875853,188.9215850830078,24981500
2023-02-06,187.63644067677552,188.33655142250868,185.44982749486556,186.18829345703125,18160100
2023-02-07,185.48821766505895,188.0680416086167,183.80029528091376,187.5693359375,27074100
2023-02-08,186.3993198970475,187.3679466133614,184.3277865963274,184.8264923095703,17933500
2023-02-09,186.27462287481546,187.1281692080921,181.67122083634558,182.15074157714844,20516600
2023-02-10,181.5273557610077,182.82206750980774,180.80807470807667,182.51516723632812,15248700
2023-02-13,182.70697235163786,184.96072550140136,181.5561255952139,184.7113800048828,15754400
2023-02-14,183.44545933109686,186.006098413286,182.29461244291699,184.6250762939453,21889600
2023-02-15,183.15774890899482,186.58153422536574,182.72618314347068,186.49522399902344,18721200
2023-02-16,183.9441439559967,186.8883934525662,183.41666825777435,184.7113800048828,21366300
2023-02-17,184.02087896803545,185.4498413695683,183.14814773234588,185.2196807861328,23892200
2023-02-21,182.93716815002216,183.50299912917075,179.570937715932,179.75314331054688,26004000
2023-02-22,180.13676864245588,181.402695826517,179.1010020552356,180.2422637939453,24651700
2023-02-23,181.59452946135826,182.50561603777726,179.05306048798477,181.5273895263672,21311700
2023-02-24,179.0050730464856,180.08879452093106,178.17071170389372,179.82984924316406,24280700
2023-02-27,181.3835158293907,182.40968258097217,179.91618356777786,180.46282958984375,17562900
2023-02-28,180.41487196408048,182.23705949000347,180.36693159887577,180.472412109375,19542600
2023-03-01,180.4820002629037,181.72875698794377,179.52295887961293,180.70257568359375,22532800
2023-03-02,179.20650230973223,181.5465660029965,178.4968063037023,181.13417053222656,18104400
2023-03-03,181.90141576552622,184.06884448058105,180.70261378365254,183.65646362304688,22774300
2023-03-06,183.71398968051548,183.886624762242,180.20389423480145,180.97113037109375,23266700
2023-03-07,180.92318268370505,181.32599301274908,178.5927187397641,178.87083435058594,25865700
2023-03-08,179.139358916542,179.92577998644583,177.53776133567806,178.9571533203125,22505900
2023-03-09,179.08182991793123,179.59972056543617,173.85505624005657,173.979736328125,33546900
2023-03-10,173.00145259654442,173.00145259654442,167.12252498005412,168.96388244628906,69274200
2023-03-13,165.4538352500846,169.17490612955993,164.0632280726775,166.2114715576172,74171500
2023-03-14,171.2848166076341,171.91777287170257,167.45823578006153,169.29000854492188,48946200
2023-03-15,164.88800910556046,166.7869219389859,163.4015063881289,166.49920654296875,54405800
2023-03-16,164.44682345367045,170.11476141316527,163.5165521621604,168.7720947265625,52392300
2023-03-17,166.9115791251654,167.60209018788433,163.86183412633358,164.2166748046875,70239900
2023-03-20,165.96210769926608,168.18707601035663,165.46340210233853,166.34571838378906,46103200
2023-03-21,169.31877748313454,170.8820051561974,168.7529465178307,169.4146728515625,34465900
2023-03-22,169.29000563099154,170.08601181302234,164.50438339220818,164.60987854003906,56098200
2023-03-23,165.83330901334728,167.86435374119776,162.39690547517438,163.8792724609375,47720900
2023-03-24,162.4354411481389,165.66971185273428,161.19371890511002,165.36167907714844,47519700
2023-03-27,167.3349254249257,168.19162114876582,165.9103109523414,167.20016479492188,33880600
2023-03-28,166.62260897619737,167.9798356550163,166.22794763904176,166.95950317382812,28555100
2023-03-29,168.77882677417344,168.9809751004053,167.07507021337696,168.8558349609375,25564800
2023-03-30,170.26116900202103,170.67507138566992,167.92209177337534,168.62477111816406,26728600
2023-03-31,169.79912868464996,171.95531345873383,169.77025245583783,171.7242889404297,39602900
2023-04-03,172.2537138916915,173.05265717402878,169.88577496179258,171.80130004882812,27609000
2023-04-04,172.2248404223441,172.39811248876148,167.79698050011666,168.78843688964844,33487200
2023-04-05,167.72957692475342,168.28787512698233,166.07393803202118,167.13278198242188,28247300
2023-04-06,167.21941978260412,167.93173435970124,166.21832823166727,167.383056640625,26366300
2023-04-10,166.5937691799088,169.2986173041451,166.55525774513748,169.17347717285156,22237800
2023-04-11,169.96279626359515,171.31040269463261,169.5296234149395,170.51145935058594,21876200
2023-04-12,172.12860093153319,172.2826026030512,169.0098357503102,169.26010131835938,27018100
2023-04-13,169.93390398470623,172.00346025100964,169.3467294684929,171.50291442871094,23259900
2023-04-14,171.65693234693111,172.5136281549782,168.7788122023283,169.905029296875,29600400
2023-04-17,170.34780496515825,172.16708080395188,170.1360361637912,172.09007263183594,22177300
2023-04-18,172.86977908218682,172.90829051635953,170.31894736106747,171.35853576660156,22873100
2023-04-19,170.45369327493498,172.09969709226456,169.97240320402804,171.5799102783203,19306800
2023-04-20,170.5210943633221,171.75319597297252,169.91467876170043,170.69436645507812,20336300
2023-04-21,171.1563860210276,171.30078186625116,169.27935753558947,170.91574096679688,25972800
2023-04-24,170.74247947201653,171.77243264169618,169.89540420139537,170.80023193359375,17781000
2023-04-25,169.05794430329547,169.35634177831614,166.53597450370773,166.5841064453125,28857900
2023-04-26,165.78517206237146,166.91138905455037,164.60120261230753,164.9766082763672,30309800
2023-04-27,165.59265688013693,167.35418026239674,164.54344807433733,167.180908203125,33424100
2023-04-28,166.80549622520263,169.2504578627299,166.6996118284939,168.64402770996094,31911900
2023-05-01,168.45153367365742,170.70396779884837,168.22050913986547,168.7403106689453,27420100
2023-05-02,167.87400362549405,167.92213557954136,163.5616478610008,165.27503967285156,40851100
2023-05-03,165.77557005389554,169.1253451754193,165.74669382172962,165.88145446777344,43261400
2023-05-04,164.90925312445745,165.1402629809598,162.46429109921013,164.02366638183594,42382100
2023-05-05,166.80552254240274,168.54780510636743,166.62264463542232,167.922119140625,35456800
2023-05-08,168.7017926193972,168.98094908942298,166.6515068776648,167.53707885742188,22109900
2023-05-09,166.5071227399808,167.74885945191397,165.71781459535947,167.0365447998047,21465500
2023-05-10,169.3755927191037,169.43334517227927,166.25682805736898,167.8835906982422,27281900
2023-05-11,166.73813114424777,167.27717366651572,165.6696666133927,166.59375,25884600
2023-05-12,167.15205906165988,167.69111635401003,165.2268985095518,166.25686645507812,20406400
2023-05-15,166.82476164842555,169.13496279621086,166.3531067802058,168.2878875732422,24310000
2023-05-16,167.11356177261757,168.26865516258366,165.78519629586145,165.8333282470703,24212900
2023-05-17,166.94025923877518,169.89538718788447,165.71779309032112,169.52960205078125,38231600
2023-05-18,168.99057516742266,170.92537074220468,168.47078832942347,170.55958557128906,30446600
2023-05-19,171.8302064076164,172.19599162670156,168.69219987445356,169.52001953125,34316300
2023-05-22,170.01090765756075,172.32110891537286,169.45260938745136,171.58953857421875,28207200
2023-05-23,171.25264492194032,173.77460031660758,170.74247859687873,170.78097534179688,32708900
2023-05-24,169.94351348402392,170.126406046499,168.13385826097297,168.97129821777344,28744200
2023-05-25,168.69216089231108,168.96168214267797,166.23757872350643,167.65257263183594,36202600
2023-05-26,167.77773757859168,169.77990622611634,167.50821628832958,169.55850219726562,29841300
2023-05-30,170.0975439905619,170.9061077877871,168.22050095640753,168.9328155517578,25572600
2023-05-31,168.15313487390668,169.4237330804934,165.91032128023693,167.26756286621094,34598800
2023-06-01,167.3541973445005,169.6451429641991,166.45899010380316,169.07720947265625,27800900
2023-06-02,171.34890607804027,175.27623528494485,170.80986348474516,175.2088623046875,50212400
2023-06-05,174.47729627739585,174.47729627739585,171.76282752526686,172.86016845703125,34465800
2023-06-06,172.23449063756212,178.03886351466255,172.23449063756212,177.41317749023438,58584500
2023-06-07,178.5318610989272,181.24419931048055,178.5318610989272,180.7326202392578,60685600
2023-06-08,180.25966917612433,180.86777879730306,178.48362028105905,180.0569610595703,34185000
2023-06-09,179.84461694425175,180.12453176504826,178.03959715824425,178.5994415283203,30242200
2023-06-12,178.79246946858873,180.19207288638222,177.81757654523884,179.34266662597656,26580500
2023-06-13,179.96044418835908,182.41216224254418,179.79635415620936,181.39865112304688,35758200
2023-06-14,181.77511393864677,182.6631383942505,178.13613279207138,179.44886779785156,37114100
2023-06-15,178.6477088364443,181.05117637449834,178.48361880463096,180.92568969726562,36488400
2023-06-16,181.4179679792284,181.99712142345493,178.6573640549186,179.4778289794922,50684500
2023-06-20,178.72492482510316,179.1206791577842,177.37357180024952,178.6959686279297,33269300
2023-06-21,178.0299404382572,179.4488529642917,177.20947560428434,178.28089904785156,30730200
2023-06-22,177.7983011339255,177.84656637714667,176.1477388065447,176.9585418701172,27063700
2023-06-23,174.48749507534544,176.07049766793014,173.79251689045628,174.29444885253906,50610100
2023-06-26,174.1689463386088,176.38901452016586,174.10137206610722,174.46817016601562,31507900
2023-06-27,174.90252296807316,177.59556679714512,174.13032343997622,176.98745727539062,28818800
2023-06-28,176.6303343508532,178.01062877601484,175.79056048897857,177.85618591308594,23187600
2023-06-29,178.30021520411654,180.5781960070983,178.02028565870245,179.90252685546875,32084100
2023-06-30,181.71716531727358,181.88125533252506,180.41409235081244,180.76158142089844,30287300
2023-07-03,180.41408451334956,182.27700171893696,180.24999450522643,181.12835693359375,14011900
2023-07-05,180.62646735404985,180.7036887923452,178.9951994502089,179.32337951660156,24092100
2023-07-06,177.24813838070966,177.32535983278413,174.43926881650583,176.42767333984375,39080800
2023-07-07,176.62068714185315,180.00870960963377,176.57242190211733,178.2905731201172,31706700
2023-07-10,178.16510645341867,181.5145112142114,177.7597049053741,181.34075927734375,29725100
2023-07-11,181.92954266185882,183.47394198946478,181.16700488326165,183.20367431640625,26738800
2023-07-12,186.0607894304059,186.34071898190737,184.71909825424953,185.20172119140625,40127300
2023-07-13,185.81948341155115,186.95848123545684,185.13416706864018,186.69786071777344,23523000
2023-07-14,186.62061237276882,186.76540807437692,183.67660984851562,184.87351989746094,32198600
2023-07-17,184.6901539803538,187.6052008329584,184.49710773872422,186.85231018066406,23283700
2023-07-18,186.9681283996415,189.56464223435563,186.76543500803362,189.15924072265625,28489800
2023-07-19,189.8638577062057,190.79050021228892,189.12061427006998,189.96038818359375,23679000
2023-07-20,190.09549804310197,190.09549804310197,187.518293689452,188.30014038085938,27278100
2023-07-21,189.56466949938994,189.78667196495698,187.34460065826218,187.70175170898438,28982400
2023-07-24,187.79822567646954,189.4391406360781,187.24804321408993,188.16502380371094,16929800
2023-07-25,187.81755660985655,189.39091220380803,187.6631137247542,188.14573669433594,18961100
2023-07-26,188.00096459504562,190.30790190972024,187.94305219251163,189.63223266601562,20377900
2023-07-27,190.76153413369187,191.02213989787137,186.46617849662502,187.1804656982422,31159300
2023-07-28,189.207501350003,190.10517294791705,188.70556936888286,189.60324096679688,21612200
2023-07-31,190.08586488934958,191.84261946811324,190.07621773276242,191.80401611328125,24203900
2023-08-01,190.56846245838108,191.060747219965,188.97581285303409,190.9256134033203,27444300
2023-08-02,188.79243070147277,189.27505362247155,187.34456193847637,188.32911682128906,28079700
2023-08-03,187.5472744097216,188.84070033325827,186.35036423554084,187.79823303222656,24279300
2023-08-04,188.0491867720316,189.4873935338566,186.97776338508092,187.42176818847656,24950400
2023-08-07,187.8947913980131,188.28088390970782,185.98359369821404,187.54730224609375,20185000
2023-08-08,185.46237157563053,186.5723986185003,183.89867772047836,186.3697052001953,25578200
2023-08-09,186.1669783399682,186.1766402255257,184.12066167561363,184.91217041015625,22293200
2023-08-10,185.55886788242609,187.3735200687365,183.2905342389345,184.09169006347656,29378800
2023-08-11,183.31949005156565,185.02797932991953,183.14575286824973,184.35231018066406,21789000
2023-08-14,183.33883514965234,184.07241683761941,182.0840123522598,184.0338134765625,20354900
2023-08-15,182.93343894034146,183.0492637553916,181.5048641551211,181.6013946533203,25491300
2023-08-16,181.45655861646674,182.48936393731586,179.35231516732173,179.3812713623047,27018400
2023-08-17,179.86389323847672,180.25000038354744,177.24808544984984,177.2673797607422,26715100
2023-08-18,175.87746311673038,178.81180419217165,175.61684259798093,178.23265075683594,33375200
2023-08-21,178.28093221661652,178.84077666077616,176.70759126114405,177.97206115722656,22678100
2023-08-22,178.60908608427962,179.10137089533384,176.85234629136158,177.44114685058594,21299200
2023-08-23,177.60522433886587,179.64189353319537,177.0550271720579,179.3330078125,21231100
2023-08-24,178.81181939446876,179.86393398724357,176.83306217207186,176.8523712158203,26582300
2023-08-25,177.6631522637377,178.57048573701277,175.29830283075495,177.60523986816406,29340400
2023-08-28,178.4160480175797,180.25967121517877,178.39675370415316,179.18824768066406,23002000
2023-08-29,179.09171858304413,181.82336625932237,178.15544360618392,181.688232421875,22986000
2023-08-30,181.20558131312887,183.0202480441503,180.819488902839,182.37353515625,19869900
2023-08-31,182.62453002541451,183.6476883715493,181.97781700905543,182.05503845214844,17953400
2023-09-01,183.46431814476318,185.19210204053525,183.2519628420222,184.2172088623047,25094600
2023-09-05,183.0588691774054,183.3001806393996,180.2789711506005,180.33688354492188,27160100
2023-09-06,180.55888064895774,181.55308266481836,178.65734520616047,179.6612091064453,26406200
2023-09-07,178.7056445137645,178.9373088568785,177.20951026251763,177.92379760742188,23894800
2023-09-08,178.14577189217843,178.40639239590632,177.07434840850024,177.52801513671875,19399100
2023-09-11,178.82142832536638,179.2654478657532,177.7982701526928,177.9527130126953,17424700
2023-09-12,177.64385785558775,178.89868053415225,177.3542958538673,177.77899169921875,16826300
2023-09-13,178.08783243969995,178.45463052044025,176.0511634145295,176.6110076904297,24415700
2023-09-14,178.11682445418393,179.60331138567665,177.83690962417955,179.10137939453125,27952500
2023-09-15,178.36778866808461,178.6380710783019,176.43729681085622,177.2288055419922,39695500
2023-09-18,177.31566296755392,177.3735753630641,176.03188419597362,176.0511932373047,19287800
2023-09-19,176.14773682717583,176.92958368172683,174.77708936030498,175.36587524414062,24085900
2023-09-20,176.06086447719318,177.13228812614142,173.5705427587044,173.60914611816406,27642900
2023-09-21,172.2964171964917,172.54737586326257,170.91612243652344,170.91612243652344,31625600
2023-09-22,171.3890670784044,172.17091393474576,170.42382113655395,170.52999877929688,23164700
2023-09-25,169.5840521607752,171.67863396712437,169.4392564407059,171.29254150390625,22416200
2023-09-26,170.19572372350507,171.66978769623617,169.0222880062576,169.09017944335938,30476000
2023-09-27,170.1472414891494,171.58250620751122,169.187172464299,170.67092895507812,37293000
2023-09-28,170.76787310535062,173.17292853280665,170.65150470639958,172.2128448486328,31372400
2023-09-29,173.56083576978614,173.7450956027405,170.82605997088143,171.3982391357422,36689000
2023-10-02,171.00061805825246,171.3885225714271,167.91672242736215,168.80892944335938,42139300
2023-10-03,167.72274507849747,168.25612480252244,165.22072138929474,165.9674530029297,42733600
2023-10-04,165.84143019944148,166.4233018650268,163.97946158622415,166.0450897216797,42491900
2023-10-05,165.63777796723832,166.70452290897933,164.80376984309365,166.17115783691406,33365100
2023-10-06,165.22073976401606,168.63435557980839,164.38673177486248,167.77125549316406,42160900
2023-10-09,166.64632314240464,169.2744229106867,166.57844650948115,168.7410430908203,26658400
2023-10-10,169.04165749588,171.68914191561186,169.01256539877588,170.6514892578125,31585000
2023-10-11,170.79697676755438,171.873428923552,169.10957567809504,170.36058044433594,27427200
2023-10-12,170.56424664312266,170.56424664312266,165.62807442746413,166.5105743408203,38693800
2023-10-13,167.14091534356575,167.48032809713615,164.56130738790856,165.123779296875,33955600
2023-10-16,166.54935245082405,168.14947709399127,165.85111247623243,167.79066467285156,31140300
2023-10-17,166.7433023112833,171.08789502585458,166.70450298124828,169.66232299804688,39823200
2023-10-18,168.3919388246052,168.41133849194173,165.8317302477721,166.17115783691406,38501400
2023-10-19,165.69595504538597,166.94695977899454,163.2715146489579,163.52365112304688,51397300
2023-10-20,163.56245015024928,163.92126259301463,161.39983866639963,161.4095458984375,54421900
2023-10-23,160.6531237560678,162.39872382031245,159.67364035461415,160.0421600341797,45590900
2023-10-24,161.41924474194352,162.55388111468756,160.41068400981897,161.4386444091797,32666300
2023-10-25,160.0227791865497,160.6531426492868,158.4614387784702,158.7717742919922,36832900
2023-10-26,159.18875432432682,160.75980180122664,158.26746991113365,159.17906188964844,50525600
2023-10-27,159.5475842138726,159.84821246758892,156.78371613095143,157.30740356445312,46017100
2023-10-30,158.83961640771403,159.82879214501864,157.04553955211026,158.18017578125,35156300
2023-10-31,158.46140239517865,160.00335757783353,157.90863773535048,159.5475616455078,31533200
2023-11-01,159.4894065019297,160.5949508205793,158.17051022725903,160.4591827392578,44367100
2023-11-02,162.67993458401452,164.86193072597595,162.27263041322806,164.73585510253906,50458100
2023-11-03,167.5773234798686,170.3411766584959,167.55792381332947,169.21624755859375,57060700
2023-11-06,169.21627769373967,169.4975063193958,166.20996514201397,167.10215759277344,35294400
2023-11-07,166.37480626165865,167.29609071294212,165.41473727244792,166.5105743408203,31168900
2023-11-08,166.51054707371404,166.92755847560082,164.18309044133184,164.73585510253906,44938600
2023-11-09,165.8608243609944,165.8608243609944,161.9332277427197,162.1853790283203,38577400
2023-11-10,163.13574017667813,164.58071192338338,161.74895262958626,163.99884033203125,36121300
2023-11-13,163.15512224399203,164.6388783645271,162.45688232872754,164.0570068359375,27610300
2023-11-14,168.96407510472596,173.07593083656988,168.9543826714764,173.0662384033203,77611000
2023-11-15,172.95956290375227,176.26648795876363,172.726811326676,173.3668670654297,59641400
2023-11-16,172.75592834454727,173.23112400052304,169.86599946760964,170.56423950195312,46616700
2023-11-17,172.08678922250698,173.2408253049549,171.7570688554107,172.90139770507812,43418700
2023-11-20,173.12444157578696,174.2202785574337,172.36801736637753,173.9099578857422,26665100
2023-11-21,172.85289731237899,173.11472620498125,171.56309332425363,171.66976928710938,30457000
2023-11-22,172.79470804872267,173.9681437062273,172.05768349868632,172.74623107910156,28940900
2023-11-24,172.66864560375697,174.29786242475896,172.42620156746906,173.9099578857422,13846900
2023-11-27,173.1050653409656,173.69662946148625,171.87344532658096,173.32810974121094,30665800
2023-11-28,173.15351554078106,173.80326371426688,171.84431196290444,172.65892028808594,28350200
2023-11-29,174.12327500051356,176.2567791336694,173.29895952293654,173.57049560546875,31590200
2023-11-30,174.60817726999267,175.18034157662385,173.3571579038515,174.22996520996094,32216800
2023-12-01,173.78387621391082,179.5831332171044,172.82380733403633,179.32130432128906,64221300
2023-12-04,178.66186213745584,181.3384538743052,178.45821742558874,181.24147033691406,44862600
2023-12-05,180.4268484980245,180.4268484980245,178.4194048444347,178.8170166015625,36873500
2023-12-06,180.087441691512,182.24034609085825,178.23516555374465,178.49700927734375,43637900
2023-12-07,178.75884382300666,179.95166437298766,177.84725185237025,179.78680419921875,32662300
2023-12-08,179.5540353932287,182.07545912168027,179.27280684081947,181.1541748046875,36087100
2023-12-11,181.03781433434733,181.94940633208589,180.27169764551348,181.53240966796875,29302100
2023-12-12,181.31903717349866,181.98818504484868,179.7382974077071,181.34812927246094,32024000
2023-12-13,181.4451006402662,187.78742934832889,180.05831322636874,187.48680114746094,69484800
2023-12-14,190.91982428585808,193.99401287940825,190.54161218249035,192.7042236328125,83649300
2023-12-15,192.93694687240625,193.51881843557712,190.027618651769,191.0846710205078,74160700
2023-12-18,191.97688825730728,192.762404551109,190.73556120323926,191.15257263183594,44451100
2023-12-19,192.48116806706662,195.21594394074424,192.03507932018934,194.85711669921875,52156200
2023-12-20,194.5300768009516,196.77847068222323,190.92875243235977,191.04554748535156,62360300
2023-12-21,193.20635146919165,194.49115650206275,192.25249051718552,194.29647827148438,38613400
2023-12-22,195.522897645786,197.4014208996262,194.85129632436468,196.1068878173828,39173800
2023-12-26,196.81741655544067,199.1047372202508,196.31127989501132,198.65701293945312,26879000
2023-12-27,198.98794778139293,200.00994910177235,197.97567443196158,199.35781860351562,35806400
2023-12-28,198.35525411909333,199.69845657374736,197.85886031500328,198.5985870361328,28930100
2023-12-29,198.05352465699096,198.58886004749584,195.35740661621094,195.35740661621094,41496800
2024-01-02,194.08234780389435,196.24314550815734,193.1479576274836,194.19915771484375,44341500
2024-01-03,192.13566979222475,192.39847350722002,188.61221382469245,189.02101135253906,57532500
2024-01-04,188.8847589404135,190.27663107996992,188.52463094186507,188.6511688232422,43114200
2024-01-05,187.55128063881267,190.2474135055555,187.16193906224802,188.09634399414062,40964900
2024-01-08,188.13528742898026,191.71715599206942,187.1327569145958,191.48355102539062,31545400
2024-01-09,189.16703162109093,190.54916092436298,188.16450110638047,189.77049255371094,28998700
2024-01-10,189.54661900700992,190.16955069568482,187.93088483418157,189.87754821777344,35075200
2024-01-11,189.31299824123835,189.5466031744273,186.19834005802733,188.38833618164062,48939200
2024-01-12,190.66593957690955,191.84367742831947,187.50261166044777,188.07687377929688,42992100
2024-01-16,186.6071622937477,188.10608663782722,185.04009759900543,185.75062561035156,42213000
2024-01-17,183.1129213452096,184.86490675211763,182.52891630833022,184.42691040039062,37787700
2024-01-18,185.6240958901576,186.07182015716046,183.19076662903683,185.51702880859375,41760000
2024-01-19,186.1886201947289,187.70703016989228,184.18355920617333,187.2982177734375,63338300
2024-01-22,188.97235222700414,191.57116105408898,188.91395469864065,191.29861450195312,42379500
2024-01-23,192.93381658148513,193.29394456875124,189.78021643169444,190.7438201904297,42471200
2024-01-24,193.0895555706209,193.16742389214002,188.94315284794254,189.1767578125,41120100
2024-01-25,191.84368979720054,192.38875318934282,189.22542506892944,190.7438201904297,37659500
2024-01-26,191.63927543951226,192.61260712742728,190.16954993743124,190.7535400390625,33478600
2024-01-29,190.92874361134133,194.09207153320312,189.88727159740355,194.09207153320312,29234400
2024-01-30,193.09928215642492,193.6248747580799,191.84369075411027,192.4374237060547,33121200
2024-01-31,191.9507337164114,193.63459324646652,187.57074146288895,187.7362060546875,68126700
2024-02-01,189.1280814691228,190.51995353205848,186.42222051383985,190.2279510498047,59479000
2024-02-02,188.0866217916908,190.28634607224916,187.25928391150103,189.2254180908203,52839300
2024-02-05,187.33712307402513,187.96005466682118,184.99139049339442,186.82125854492188,39751900
2024-02-06,186.5876927428821,188.63169535028297,185.92583428447878,188.50515747070312,34689100
2024-02-07,188.89447649783443,188.972329958569,186.91859962590294,188.067138671875,31713900
2024-02-08,188.20341744895757,191.13314050905765,187.57075778691174,190.91900634765625,35370800
2024-02-09,191.66846499190436,194.22833196070968,191.21099793241757,194.02392578125,46107100
2024-02-12,194.53978778020593,198.12165589503243,194.51058901950822,197.54739379882812,43291000
2024-02-13,190.98712364053839,192.35952473152608,187.91139228611334,189.42005920410156,86247400
2024-02-14,192.40817639403633,194.46190658763214,190.99684859696495,193.81951904296875,43808000
2024-02-15,195.62992398338054,199.30911624986499,195.36712029238547,198.9879150390625,44931900
2024-02-16,196.7297829454881,198.26764869249962,195.72725256165492,196.2820587158203,48346200
2024-02-20,193.83900652300272,194.39381273351574,192.72940895384014,193.5762176513672,30547500
2024-02-21,192.38875370359102,193.06035497494133,191.15261824548045,192.66128540039062,28669100
2024-02-22,193.35232129616276,194.75392121195802,192.53472629590286,194.1212615966797,38184700
2024-02-23,194.27703596313296,195.77596042147115,193.27450538313056,194.55929565429688,37667700
2024-02-26,194.36458871859264,196.26258235980566,193.8389813398804,195.78564453125,29118200
2024-02-27,197.66422888566285,198.773826572551,197.13862138289923,198.5596923828125,32268600
2024-02-28,197.04129457666818,198.4234239687406,196.4864883144288,196.92449951171875,30143900
2024-02-29,199.70818771205768,200.5452535540278,197.1191367210987,198.29685974121094,40404100
2024-03-01,199.07552977939633,200.82752979539345,197.72259932157192,200.39926147460938,35156900
2024-03-04,201.50887323394372,202.2291440835484,199.97100726978067,200.21434020996094,24785400
2024-03-05,198.85166592975682,200.4187305344266,197.59605974087023,198.29685974121094,34163500
2024-03-06,200.53553422770477,200.58420378435517,198.63754033324753,199.77633666992188,34255200
2024-03-07,201.1876591164702,202.55033240553473,200.89565663653758,201.44073486328125,28020200
2024-03-08,203.1732762037859,204.79873845495965,200.31167846330294,201.314208984375,41447800
2024-03-11,200.46742619546396,201.323948089308,199.28968817011435,199.71795654296875,24435800
2024-03-12,199.6789941576985,200.4284637321393,197.9659356965542,199.44540405273438,34958900
2024-03-13,199.40646538246597,201.0708691639836,199.30914112126254,200.2240753173828,25140700
2024-03-14,199.58169343923012,199.80555560018044,194.83182938652106,196.64222717285156,47509100
2024-03-15,195.88301655572175,197.6642154574335,195.76622149720427,197.0120849609375,53217000
2024-03-18,197.49872971751861,197.76151857107695,195.55206640715372,195.88299560546875,32405100
2024-03-19,194.45223590277217,197.34303268687714,194.3354408333103,196.7103729248047,29864100
2024-03-20,196.14580726906385,201.46993282707527,195.7467377098007,200.60366821289062,49609600
2024-03-21,201.99126615219924,203.89407944963096,201.8351340638009,202.9085235595703,43067300
2024-03-22,202.82070292091834,203.20126557679737,200.10797119140625,200.10797119140625,28437300
2024-03-25,200.7422416794592,202.0010212948255,200.53731644973297,200.56658935546875,20107800
2024-03-26,202.04005062472436,202.615770925226,200.0298984639391,200.20553588867188,23434800
2024-03-27,201.7961203424886,204.6357114475677,201.17160684177895,204.56739807128906,35028400
2024-03-28,204.99674787578658,206.75319669795286,204.76254973630577,205.21142578125,37675100
2024-04-01,205.67002678844747,205.69929969074164,202.92802241668514,203.27931213378906,25684200
2024-04-02,200.77151415327452,200.89837333757384,198.47837061173252,199.54200744628906,36632100
2024-04-03,198.4588488656255,201.4057636500238,198.36126259506423,200.8495635986328,27362800
2024-04-04,203.01586846768996,203.50377009107322,198.29298432683822,198.8394317626953,32265200
2024-04-05,198.2246755632024,200.72272955069639,197.9709720733894,199.5029754638672,27569400
2024-04-08,200.99592367838272,201.4252794360563,199.62980525812512,200.59585571289062,21331000
2024-04-09,201.2301136602239,201.96196597499355,199.52245825909478,201.38624572753906,23289100
2024-04-10,196.31206601621616,198.01972148910423,194.71174948292116,196.068115234375,57130500
2024-04-11,197.08298385646,198.00024129501526,195.25823654119117,197.39523315429688,37184000
2024-04-12,196.36088849886667,197.02444246722882,192.8967839010577,193.88235473632812,35388700
2024-04-15,194.54588514821464,195.38507652137238,190.26210956524753,191.04275512695312,41119300
2024-04-16,189.70589807914476,191.4916196691206,188.68130177150948,190.3401641845703,43267500
2024-04-17,191.71607090896865,191.86243544460078,188.32027967611614,188.3300323486328,38589500
2024-04-18,189.01308052399764,190.9256613844648,187.50058255677968,188.17388916015625,40238200
2024-04-19,187.29565300488554,189.6863676680318,186.7101651777757,188.46661376953125,42666500
2024-04-22,189.51074940441293,191.5501745552996,188.2324346823638,190.57437133789062,31553000
2024-04-23,190.53533751949183,194.49711122765618,190.40849322171394,193.7652587890625,31838300
2024-04-24,193.37492323229355,194.09702297874497,191.70630805638933,192.8967742919922,28791700
2024-04-25,190.7109708316318,192.06733662033315,189.08138135093125,191.72579956054688,31915600
2024-04-26,192.23322508229217,194.07749248369157,191.66725745519938,193.56031799316406,24613600
2024-04-29,194.4287705274622,195.56070571356648,194.06772813982892,195.12159729003906,20494600
2024-04-30,193.3163828121376,193.84331001670284,191.0134865422773,191.15985107421875,30606800
2024-05-01,191.14034826658568,195.47291714446885,190.310909535706,191.5599365234375,38782100
2024-05-02,193.9701503045228,195.2777229610492,191.78434587319063,195.0825653076172,27201000
2024-05-03,198.48812071142353,199.21997306801094,196.25352317781505,197.0146484375,30880600
2024-05-06,198.54667939649482,199.82497921325344,198.45886068150574,199.56150817871094,23129800
2024-05-07,199.81521832142343,201.16181656458528,199.5517472977196,200.0103759765625,20116900
2024-05-08,197.81480272282542,199.02480390933104,197.65867065561693,198.84915161132812,18349400
2024-05-09,199.03457778200743,201.00570439416094,198.4881303781411,200.87884521484375,22914300
2024-05-10,201.3569951213503,201.62045126334564,198.75158748946222,199.36634826660156,21520200
2024-05-13,201.09352240306873,201.55215109175836,199.64933785654338,199.78594970703125,18585300
2024-05-14,202.11811580093752,202.71335633149914,200.92763473981424,201.85464477539062,33169000
2024-05-15,204.14779233532747,204.6942397404769,202.69384021910304,204.37222290039062,33412300
2024-05-16,203.845288256353,204.28441162036142,202.8987579345703,202.8987579345703,26731100
2024-05-17,202.97682212575367,203.47449129653126,202.33280331760258,203.04513549804688,35219800
2024-05-20,202.9865658846796,204.41123007850936,202.75236777944824,203.4939727783203,15695900
2024-05-21,202.8011890917938,203.64038047351133,202.56699095402058,203.29884338378906,13466800
2024-05-22,202.5084462621459,203.1817528835894,200.82031081722323,201.58143615722656,20853100
2024-05-23,202.48893038447366,202.59626933932577,197.45379684756733,198.27346801757812,34039800
2024-05-24,199.83472839323377,200.70319263529294,199.02482484971938,200.46900939941406,19946100
2024-05-28,201.9619715161091,202.0790631250213,199.03456217671288,200.19577026367188,18475900
2024-05-29,197.6294358370593,198.0978172393676,196.89758338176296,197.23912048339844,25654800
2024-05-30,198.5954811096152,199.9811199343812,198.16612529836289,199.11265563964844,20428200
2024-05-31,199.990849905842,201.2886698645128,198.1661028047208,200.791015625,25784900
2024-06-03,202.50843161762427,202.53770452169397,198.23440894854892,199.65908813476562,23902900
2024-06-04,198.23441794612555,199.55175824735392,196.77071311790533,197.08297729492188,27098900
2024-06-05,198.38076700675887,200.09817504882812,196.90729484249076,200.09817504882812,20707600
2024-06-06,199.239492905243,199.8542536941647,198.0782995888887,198.6637725830078,17335500
2024-06-07,196.65363613562442,198.25395293802646,195.82419738205763,196.3316192626953,26036000
2024-06-10,194.69224936207857,197.2390961883839,194.19458022444883,197.00489807128906,25075300
2024-06-11,195.3531683628912,196.70354066823023,194.15936399202567,196.33169555664062,23768400
2024-06-12,201.4493779196833,202.81932487699075,198.73886848711192,199.34555053710938,43668700
2024-06-13,198.90521792541654,199.16940950544864,196.20447343597345,197.60377502441406,28021100
2024-06-14,195.27487156994687,195.7445604113781,193.68966239815458,194.4626922607422,33453700
2024-06-17,193.86582176797322,196.6350557882838,193.17107575404592,196.09686279296875,25538100
2024-06-18,196.15557997941318,197.35916432156083,195.73480549584355,196.43934631347656,25446900
2024-06-20,196.01856901191252,197.5254942774809,194.94218315712112,195.60757446289062,27999700
2024-06-21,195.63693329856812,196.1066370986735,194.19851207055768,196.0479278564453,37511300
2024-06-24,196.3806127708736,198.33766703747276,196.22404484607227,196.89923095703125,22289600
2024-06-25,196.81118565426502,196.84054027654048,195.52931737776768,196.25341796875,15925400
2024-06-26,195.04979054946523,196.27294931105234,194.54095232392655,195.73475646972656,19313500
2024-06-27,196.32190476379773,197.8092552653262,195.66629337210966,197.72119140625,17432600
2024-06-28,199.50213354938987,200.24580885823997,196.99710626574702,198.53338623046875,35026000
2024-07-01,199.14987389209566,199.4434350589126,196.1751426340244,196.86990356445312,21886200
2024-07-02,197.19280407623265,197.92669947084178,196.58610706351385,197.54507446289062,17219100
2024-07-03,197.90710385343579,198.9149855611402,197.30042183590376,197.49612426757812,15167200
2024-07-05,196.88947330589042,197.30045295657288,195.58803027982555,196.5567626953125,17282500
2024-07-08,198.16153473282017,199.32598447121026,197.50592331102487,197.9364776611328,20823800
2024-07-09,197.58420146079473,198.17132372659202,196.22404931179912,197.0753631591797,17864200
2024-07-10,197.94624069696715,199.21832891452945,197.1634309610568,199.0030517578125,19286100
2024-07-11,203.4358081261206,206.69430564151435,202.4964303329917,206.15611267089844,65443600
2024-07-12,208.34800102864074,210.3246300717361,208.09358934235698,208.5632781982422,50810700
2024-07-15,210.17781703128082,213.55374727510338,209.6983483360591,212.5262908935547,48925300
2024-07-16,214.4344415500016,220.0316181076499,214.31702306859933,219.77720642089844,67945700
2024-07-17,217.5852997175704,221.773394764467,216.90033369235636,217.4776611328125,66092100
2024-07-18,216.65569951693433,219.95333122917236,212.32081648520548,213.26998901367188,53180000
2024-07-19,212.95686743816464,213.9549543760842,211.21509031378818,212.18382263183594,37933500
2024-07-22,213.00579679199816,215.91202381227987,210.75519614454748,215.55975341796875,36185900
2024-07-23,214.50294152708386,218.94544818536724,214.33657877341756,217.84950256347656,44884600
2024-07-24,216.32299285135204,219.05307688670598,213.04492109863352,213.17213439941406,42443000
2024-07-25,213.7592525271224,219.20965590926434,213.51462074008492,215.833740234375,45053100
2024-07-26,219.09221388939469,220.55022465805777,216.93945723428223,219.4053497314453,40822600
2024-07-29,219.88484802535407,220.57959395804386,216.02944856754846,216.9688262939453,33869700
2024-07-30,217.93755983768267,219.6402023897926,216.3621305882481,217.79078674316406,26876800
2024-07-31,218.90632747772574,223.7206795318942,217.2134646636023,219.0531005859375,52387700
2024-08-01,218.96504123460778,220.06098694822057,210.44206253843964,211.92942810058594,71508100
2024-08-02,204.36540978661284,206.65515982978576,202.5453486143405,204.43389892578125,66850200
2024-08-05,193.65051512425433,200.34365211265535,192.47628554193213,197.85818481445312,65683100
2024-08-06,198.65078843046786,202.79974886077906,196.87965670394706,200.0109405517578,37072500
2024-08-07,203.38687846531886,203.49451705137471,197.2319341982751,197.64291381835938,30594500
2024-08-08,200.03051601953828,202.55511783061306,198.80735709544035,202.44747924804688,26550300
2024-08-09,202.60404556376136,202.67253469877417,200.53935271904612,202.02671813964844,20954500
2024-08-12,202.1735146850751,202.53556498775714,199.44343024124896,200.20668029785156,20357900
2024-08-13,201.66466706455057,203.9055027139893,200.46108278926965,203.50430297851562,25458300
2024-08-14,204.15012906976875,204.26754755267265,201.32218613442885,202.2419891357422,25345600
2024-08-15,206.7236579115761,208.52415936833933,205.4026551054344,207.48690795898438,42561600
2024-08-16,206.8312824264573,209.3852389285311,206.74321856493674,208.03488159179688,30427400
2024-08-19,208.3871492585964,210.58883535481172,208.25015605429968,210.57904052734375,17246200
2024-08-20,210.2757122046408,210.33442144843843,207.4966985031903,208.12295532226562,21703900
2024-08-21,209.67878060376987,211.02915274631127,208.25013943456764,210.8334503173828,19623100
2024-08-22,210.9410921728925,211.72390190077832,208.5534836818808,208.9742431640625,18084300
2024-08-23,210.55945891115547,216.3327778887105,210.1778339308824,215.64781188964844,40003100
2024-08-26,217.16452460417798,217.67336290611087,215.35425832392787,215.71630859375,24865500
2024-08-27,214.20936233486697,214.659476421128,213.03513284883806,214.0430145263672,19577900
2024-08-28,213.1917050141314,214.41486394946037,211.62607053559395,212.5948028564453,19685000
2024-08-29,214.08215661211497,216.23491323451026,212.48715266957998,214.11151123046875,24599500
2024-08-30,214.9922130274667,215.7652429290302,212.73180270224321,215.35426330566406,23010500
2024-09-03,213.44612677847,214.65949085881584,208.33821398611227,208.76876831054688,31338500
2024-09-04,208.19138618347634,210.7453420917209,207.1541500170332,208.4164581298828,23706300
2024-09-05,208.9546711777379,209.43415483381438,206.3909349437219,207.37924194335938,23910500
2024-09-06,207.37923872958413,208.6121924172054,202.69210054467558,203.43577575683594,34561300
2024-09-09,203.68042591466653,205.7451188553271,203.063963946348,204.0033416748047,23584100
2024-09-10,204.238190075609,204.37518328079423,201.37109773197184,203.8369903564453,23025700
2024-09-11,203.01503748524112,204.75681469050667,199.82504421820036,204.43389892578125,27175600
2024-09-12,205.402638416734,208.21100656988966,203.93484768618333,207.06613159179688,27611700
2024-09-13,209.43417782911095,212.58503664382363,209.34611396357224,212.17405700683594,37388100
2024-09-16,212.95686109999815,213.60267764909568,211.49885032148978,212.93728637695312,23289000
2024-09-17,214.86500200523884,217.03733355984468,213.77883622793593,214.6986541748047,35563500
2024-09-18,214.52250054484705,220.10989707934775,213.5635481291556,214.73777770996094,54085200
2024-09-19,219.83590692871604,219.8554667207464,216.74375763808092,219.1607208251953,35369500
2024-09-20,218.65187664694983,218.66167147383993,216.53825453580748,216.812255859375,34587500
2024-09-23,217.90820313606568,218.31918272792856,215.29553756063402,216.01963806152344,20157700
2024-09-24,216.87096214982301,217.16450832976707,214.78669468539005,216.38169860839844,20939800
2024-09-25,216.32477513921265,216.60950975399615,213.59517323434432,213.74246215820312,23242300
2024-09-26,216.49166854643232,217.1200622707818,214.41993041142118,214.88140869140625,24974700
2024-09-27,216.85496734997182,218.56341991433885,215.54908351925678,216.33457946777344,23959600
2024-09-30,215.4410702244767,217.57171798586612,214.61630624885922,216.88441467285156,21938200
2024-10-01,216.17748127087393,216.34439672842439,212.3776638392445,213.93882751464844,30016000
2024-10-02,213.0551610950548,214.7832402862052,212.28930662540148,213.64427185058594,14455400
2024-10-03,212.30894729473206,213.29081360139497,211.1798070349061,212.2107696533203,21353000
2024-10-04,215.31345555654318,215.9909457045217,213.3497229454012,215.17599487304688,27901500
2024-10-07,214.6752167460085,214.69485826420453,211.95544328626673,213.48715209960938,14891800
2024-10-08,213.68357202042708,214.4101435087043,212.77042855212025,213.6344757080078,18118600
2024-10-09,213.58535551534212,215.62763903049589,212.986416527811,214.10574340820312,18230700
2024-10-10,211.98492439654893,212.94716414049336,210.70851021498558,212.91770935058594,24571400
2024-10-11,212.83914150857328,217.59137034631635,212.78023193339212,217.24771118164062,19950900
2024-10-14,217.43428520527038,219.06418682948782,216.4327774024019,218.84817504882812,19263300
2024-10-15,218.53396923945013,221.4108300392445,217.95465678998835,219.02490234375,25998800
2024-10-16,220.81191352874362,223.05056751365228,220.32098037447258,222.6283721923828,27656700
2024-10-17,222.79529032692528,222.8443866393567,220.83155768639622,222.0196075439453,18003600
2024-10-18,222.54981526173432,222.9131009921121,221.30284088755607,221.55812072753906,20047400
2024-10-21,221.53846558028079,221.59737515250865,217.51280834770483,218.07247924804688,24243800
2024-10-22,217.45390967686393,217.80738211004007,216.3051280145638,217.24771118164062,15813900
2024-10-23,216.04001093942207,216.79605208094262,213.42824334659744,215.26434326171875,23263500
2024-10-24,216.4327580876993,217.03169706569835,214.56721831076544,215.7356414794922,18381900
2024-10-25,217.29682999703286,217.9448653553308,214.5574295927237,214.92071533203125,23807800
2024-10-28,216.78621945113372,218.92669543682078,216.48184334347414,218.4259490966797,19877700
2024-10-29,216.73714323180397,217.87609659984423,215.98110208775933,217.71900939941406,20282200
2024-10-30,217.06116803560306,220.40932039137257,216.8942375973567,217.42445373535156,19754800
2024-10-31,217.20843603678827,217.74846542847328,213.68354007065423,213.81117248535156,24078400
2024-11-01,215.51962306233128,216.9629675224092,214.38065471605003,215.00904846191406,21222200
2024-11-04,214.5377591078867,217.71901090651673,213.8897238370769,216.0989227294922,20463700
2024-11-05,215.3625238662747,220.2227584504933,215.08760253502803,220.16384887695312,26404600
2024-11-06,232.2997391526428,233.27179216156733,228.5293762402349,232.91831970214844,75554600
2024-11-07,232.59429803544276,234.16529004632756,231.13131191258242,232.0935516357422,34970300
2024-11-08,231.65168209089333,234.14563059351116,231.37676075735754,233.80197143554688,26597800
2024-11-11,236.1584826140258,237.99456776921468,235.50063400217783,237.31707763671875,29207700
2024-11-12,235.60864217200879,237.40544430328492,232.2702877878068,233.1539764404297,35314300
2024-11-13,234.61693565151612,235.53007904773781,230.57165152664075,230.84657287597656,25947700
2024-11-14,231.67133273312112,232.14262432601558,227.01729641634796,227.7340545654297,29272100
2024-11-15,228.0089770852322,228.07769993063232,223.67894341606504,224.3367919921875,37930000
2024-11-18,225.06339035882124,226.41837062225147,223.99315970714196,224.7786407470703,29368500
2024-11-19,222.48106695557058,226.63437192349468,222.29450997348215,226.44781494140625,26009400
2024-11-20,226.05505200015097,226.7423553466797,223.90476261579803,226.7423553466797,24222700
2024-11-21,227.9500669036643,231.29823433413557,226.91910436868088,230.188720703125,28679400
2024-11-22,231.3669698112428,234.90169441500197,231.06259366132556,234.44021606445312,22693100
2024-11-25,237.11087714632254,240.53758064079977,237.01268453219694,238.00436401367188,33534000
2024-11-26,236.8064802418789,237.22869049378218,235.08821441134467,236.2566375732422,22581400
2024-11-27,237.62146438597017,239.2710076058944,236.07994204338272,236.5806884765625,19472800
2024-11-29,237.97489609204987,239.06476812750049,237.1599453824707,237.4839630126953,16782700
2024-12-02,237.84726972589434,238.25965172518528,235.65769734920505,237.36614990234375,25274800
2024-12-03,237.1599501825913,237.74907588257608,235.0293023729189,235.67733764648438,21376700
2024-12-04,235.92283524493703,237.28762881352617,234.8722460862546,236.5217742919922,19903000
2024-12-05,236.1584665361619,236.49229745399776,233.42887965345318,233.76271057128906,20227000
2024-12-06,235.4416955921744,235.53988820754844,234.05727560077423,234.5972900390625,20760900
2024-12-09,236.1879220539096,237.00287281379616,233.34050102862707,233.41905212402344,16684300
2024-12-10,233.27176185052082,234.4892812707808,231.64186044487164,232.40771484375,19946500
2024-12-11,234.38128486302512,234.9507540691228,232.53537163111554,233.4583282470703,23156900
2024-12-12,232.85940124672703,233.34050611614617,230.10035950741604,230.4243621826172,21454500
2024-12-13,230.11996564988962,230.6010854587576,227.67512851569745,228.8435516357422,23972900
2024-12-16,228.6864665740682,231.35714391063354,228.13662388396762,230.188720703125,32293500
2024-12-17,229.12910816970768,229.88739412674684,227.04137621308217,227.553466796875,33064300
2024-12-18,228.70564322129357,229.53285601072173,215.5883474464816,217.4791259765625,52267500
2024-12-19,219.85246190768174,221.0144968228152,215.99212037076694,216.51405334472656,51871700
2024-12-20,215.2732275438113,221.24100063128472,214.75129458576967,218.54269409179688,53882200
2024-12-23,218.36543071151968,219.01537500837816,216.0413460312983,218.0404510498047,29606800
2024-12-24,218.6411801594684,220.22667888359572,217.12460832252626,219.99032592773438,13399600
2024-12-26,219.03508605520153,222.6984742136856,218.0995466926288,222.24546813964844,20024800
2024-12-27,220.87663301308947,222.00914073859897,216.84888033935928,219.00555419921875,26956000
2024-12-30,217.31172131574442,218.4343715705096,214.53464543356628,217.32156372070312,25706100
2024-12-31,218.7396709822916,219.88202117572732,216.79965014524825,217.5973358154297,26208300
2025-01-02,219.53733419544048,220.95542197011252,216.25802499972798,217.7745819091797,29363000
2025-01-03,218.6904260295762,221.3985750445096,218.0109244179413,221.01449584960938,24525300
2025-01-06,222.3242535296056,223.7127989729082,220.72891239781174,221.10313415527344,23541900
2025-01-07,222.146980657516,223.0726775387736,218.01090195705763,219.33050537109375,28835200
2025-01-08,217.53823657004176,218.92678215033865,215.67700005712794,218.33592224121094,26795900
2025-01-10,214.98763898514474,215.3815605866582,212.0332945933707,213.53016662597656,37379400
2025-01-13,211.23563742335838,214.20968184067564,210.7137044164662,213.94378662109375,28603800
2025-01-14,215.84438454477709,216.8784080416756,213.91422137536702,216.3761749267578,25447500
2025-01-15,222.00913519161304,222.14700399522647,219.60626602014548,220.63043212890625,30124700
2025-01-16,220.73875602642374,221.80232179570666,219.32068336061897,221.07359313964844,21029800
2025-01-17,223.47643870432842,223.51583837570487,221.25083812185883,222.02882385253906,26754900
2025-01-21,224.05747989938976,226.3914071293444,223.53554693257774,226.2929229736328,26086300
2025-01-22,225.85963107913108,226.35202180306504,224.36275907093162,224.8157501220703,21307300
2025-01-23,223.4764356703177,225.85961987936608,223.10222895675304,225.8399200439453,20850700
2025-01-24,225.33769741683776,226.72622783384128,224.56955406543034,225.2096710205078,19074500
2025-01-27,223.25981975923074,226.12552249482596,221.78264751397774,223.05300903320312,27461700
2025-01-28,223.2893519309794,224.09686490814505,221.75308024288537,223.2991943359375,16847400
2025-01-29,223.23025803441644,224.7468299241545,221.16222594828207,222.787109375,20280500
2025-01-30,225.04225110136542,226.5489654503849,223.4665948411731,225.05209350585938,25575100
2025-01-31,225.2687681492041,226.81488231712535,222.10761292217225,223.03330993652344,35330700
2025-02-03,218.1389145247745,222.11743965011766,217.31170178541166,220.42361450195312,34023300
2025-02-04,220.19714655932432,223.6734240071846,219.81308238036044,223.47645568847656,17985500
2025-02-05,224.58924054294852,226.00732814339378,223.4370481242296,225.90884399414062,15197300
2025-02-06,227.00193616178365,227.18904701642126,223.84079654645168,225.1702423095703,18809400
2025-02-07,225.36725650714766,225.76116310389693,222.1470167343865,222.5606231689453,28914400
2025-02-10,223.90974321110426,224.05746943777405,222.42272869935414,223.56507873535156,14574700
2025-02-11,221.62506531316407,222.97421107280917,221.388712358813,222.26516723632812,18215700
2025-02-12,218.87750882705802,221.0637247399068,218.4146603663558,220.21681213378906,25572800
2025-02-13,221.6152054901326,222.89542434921688,220.3448440623142,222.69847106933594,21419400
2025-02-14,223.81127044653377,224.51045681772212,222.176529734701,222.5310516357422,13574500
2025-02-18,222.70831631843672,224.20518831247955,222.07805679882483,223.752197265625,15166500
2025-02-19,221.97960350437828,223.69311371267867,221.65462380328637,222.98406982421875,16194800
2025-02-20,222.57045928337354,222.74772776550145,219.61611481154122,220.8470916748047,18507700
2025-02-21,222.56060201736884,222.91512393137972,214.15057526079357,214.4853973388672,45036900
2025-02-24,215.4603079058087,215.4603079058087,211.87570434377588,212.93927001953125,30246200
2025-02-25,213.07717200247268,213.96348438362395,210.24101145187964,212.1317901611328,33665100
2025-02-26,212.77185049586677,215.0860926182939,211.57041607825403,212.3976287841797,25464200
2025-02-27,212.35826979266903,213.19534002994735,208.99031906039787,209.15773010253906,29378500
2025-02-28,208.41912951216,211.39317347079034,207.7494853902091,211.38331604003906,32015400
2025-03-03,212.1219249870185,212.67341523867438,204.26337297644022,205.60267639160156,36330000
2025-03-04,202.7960466272195,206.57761899893018,200.09775494028065,203.27859497070312,56427100
2025-03-05,203.30813102638876,205.66175813341874,201.70294745190952,205.29739379882812,35778500
2025-03-06,202.64832027754863,204.95270520388803,200.79692639147834,202.1559295654297,39206300
2025-03-07,201.8506532580911,203.95808494175168,198.65995597819614,202.81573486328125,43514000
2025-03-10,200.34394913096142,201.62416807583918,195.72532152936276,197.71458435058594,39442800
2025-03-11,198.05924959879735,200.1272967503143,195.5086691314134,197.69488525390625,51509700
2025-03-12,199.95985614990695,200.64920008968616,196.51312142443996,198.03953552246094,36881700
2025-03-13,198.20694486962347,198.95537327981882,194.001924332738,195.08518981933594,31336900
2025-03-14,197.192657365153,199.97959087546482,196.30634497945246,199.8023223876953,34089400
2025-03-17,199.62502729108252,202.8846510446369,199.51670074519836,202.3233184814453,26947600
2025-03-18,201.19818690484962,201.2672684660002,199.71769992265146,200.56651306152344,22888000
2025-03-19,200.70469133829556,204.97835050918906,200.2605331951938,203.68539428710938,31595600
2025-03-20,201.66206164267825,204.60329138308393,201.5436124503799,202.39242553710938,25665900
2025-03-21,200.08287369385994,201.76075585954115,199.13535543754924,201.13894653320312,39470200
2025-03-24,204.26772790837495,206.50818733607878,204.00123603810073,206.14300537109375,25774700
2025-03-25,205.97521947271994,206.54767624136466,204.3960273481626,204.9980926513672,17836900
2025-03-26,205.25472228044782,206.1035354211475,202.01737688360137,202.91554260253906,19344600
2025-03-27,202.6589228957823,203.66565822604403,201.10933934526707,201.9482879638672,23960000
2025-03-28,201.8791825437127,201.9186706272597,196.78631916740414,197.84239196777344,26656200
2025-03-31,194.91103533350986,198.02993141799834,192.94693230901544,196.8948974609375,32250800
2025-04-01,196.40140244720862,198.6122533007929,194.1017109315992,196.9146270751953,26054100
2025-04-02,194.22013773101884,200.68493345590244,193.98325440838602,200.02365112304688,36603000
2025-04-03,190.59788833054728,192.52251833112348,186.73874877792275,187.18289184570312,60551500
2025-04-04,180.2344879217594,181.65575785092793,174.3717569940855,178.8329620361328,92612800
2025-04-07,172.05233404933594,187.77509854050174,169.49601508593216,177.21429443359375,96706200
2025-04-08,183.2744124971355,183.5014162737921,170.0980729350363,172.5458221435547,61090600
2025-04-09,170.4731445508874,189.61090593018125,169.5058972596687,187.21250915527344,123015100
2025-04-10,182.11964997719184,183.06715324909598,174.67772668849207,179.34620666503906,67503000
2025-04-11,178.783587532117,182.44533155501844,176.2568924391446,181.96170043945312,44954400
2025-04-14,185.3668481240794,185.52477035888626,180.66877459077438,184.10350036621094,35214600
2025-04-15,183.9159403482875,186.59069318142207,183.42244473821248,184.33047485351562,30715500
2025-04-16,183.28428116950147,184.30088100241105,180.18512909377583,182.56378173828125,35063300
2025-04-17,182.58351561014615,184.99176159434558,182.0604114557615,184.0541229248047,42359200
2025-04-21,182.593387852705,182.8796086990268,178.41841893111678,180.36279296875,26019000
2025-04-22,182.7414381514404,185.65307461402972,182.1492523914758,185.03126525878906,34477100
2025-04-23,190.4103657543358,192.9666696869549,187.37043064785937,187.7751007080078,44866100
2025-04-24,188.2784332753273,191.84147206025244,187.4197557625463,191.53550720214844,29820100
2025-04-25,190.21294490922844,191.73290472782713,189.0581670146464,191.5947265625,25029000
2025-04-28,191.96978945313515,193.59831891795295,190.02541557364518,192.40406799316406,22482300
2025-04-29,191.94020242256954,194.2991110653392,190.4991884747168,193.53912353515625,20118200
2025-04-30,190.6274928333569,192.93704878521032,188.23897577285575,192.3251190185547,29046100
2025-05-01,193.1640612151221,195.09855560182638,191.21968727748225,193.51937866210938,33169700
2025-05-02,195.74998403144562,198.59252376127057,195.60192630201362,197.87200927734375,30201800
2025-05-05,195.98686882112506,197.89175479293485,195.5032376645145,196.35205078125,20834200
2025-05-06,194.03263035241378,196.00661309789305,193.09499156036978,194.21029663085938,24642100
2025-05-07,195.52296850776065,195.97697603938124,193.48975392518133,194.851806640625,23623300
2025-05-08,197.17126563366946,200.10263113947832,195.68089906091103,198.5629119873047,32646300
2025-05-09,198.9182075168749,199.64858645483514,197.35877461360192,198.1977081298828,17203000
2025-05-12,206.12327639910666,207.00169812580853,203.14257327181778,205.1658935546875,38207200
2025-05-13,206.21207042815058,206.88323229581465,205.25470279064277,205.91598510742188,28295800
2025-05-14,205.3336609744974,205.82715661860678,203.8433095509922,204.09005737304688,26316100
2025-05-15,203.89264596404183,205.48170241451453,202.71812401452408,205.4224853515625,21563700
2025-05-16,205.70872704150986,207.3964888082906,205.0770532054646,207.12013244628906,28906400
2025-05-19,204.1098023571944,206.3700057911126,203.57681862533434,206.25157165527344,25859600
2025-05-20,205.94558818233722,207.03126947025305,205.25469735179252,206.36012268066406,22053100
2025-05-21,203.9420215737002,204.90926885185448,200.2013160315824,200.56651306152344,36704400
2025-05-22,199.65847487613146,201.7114187048483,198.9083668669109,200.556640625,31831300
2025-05-23,197.18112263935498,200.61584818009527,197.0528089498055,199.92495727539062,29114600
2025-05-27,202.96489295669687,205.0474452290644,201.5041500306713,204.9980926513672,31655900
2025-05-28,205.00798671800754,205.32381612910496,202.53062870895326,202.8365936279297,26046700
2025-05-29,204.25783368513785,204.36640332372585,201.8100996318621,203.43862915039062,32749500
2025-05-30,202.4714100561054,203.56697108471852,200.89221783205818,202.40232849121094,37768900
2025-06-02,202.6490553293206,203.16227994768832,200.03351942062463,203.0339813232422,30334300
2025-06-03,203.77423119636907,206.88324777902835,202.876065495497,206.310791015625,37702200
2025-06-04,206.458818462164,207.27802299109132,205.43235420849916,205.72845458984375,27225300
2025-06-05,205.98507797082044,207.1003829410992,204.3071957999804,205.81729125976562,35728700
2025-06-06,208.74865738494447,209.37046671559727,207.86037124997637,209.14344787597656,32144500
2025-06-09,211.08784811261268,211.49251820532734,209.78502728230123,210.58448791503906,33984400
2025-06-10,211.67016016405165,212.62752786659567,211.02860678487826,211.71949768066406,30182200
2025-06-11,212.77558213404723,213.12102004617157,210.5252432185202,210.8509521484375,31113400
2025-06-12,209.40994336854794,210.49563982813333,208.8769746903919,210.0120086669922,25367000
2025-06-13,207.11024612374777,208.68943819238004,205.5113250729691,206.172607421875,60580000
2025-06-16,208.31633567764698,209.77122580475884,207.4849742055642,208.60336303710938,28974000
2025-06-17,206.910940923648,208.2866516524059,206.22803144283753,206.40618896484375,32843200
2025-06-18,206.29731983595906,209.2169919565622,205.6441007562224,207.494873046875,42850500
2025-06-20,208.9398805001038,209.07844075617248,206.3171274023981,207.05941772460938,36978100
2025-06-23,206.33689026893484,209.60297037988985,204.68405912927327,209.59307861328125,35516400
2025-06-24,211.09745715972463,212.72059800925268,210.17702443801122,212.2653350830078,31772500
2025-06-25,212.453381131525,212.52265370535912,209.71185144088253,209.79103088378906,27725600
2025-06-26,210.6421982221206,213.3342389652794,210.51352973525488,213.1956787109375,26261200
2025-06-27,213.8291015062135,215.17512189247432,211.92884009653974,213.26495361328125,47717300
2025-06-30,214.45258200834414,214.48228751038215,213.17584949802625,213.5717315673828,25558000
2025-07-01,212.41379967051873,218.26305119645357,211.94862984752615,215.76895141601562,43864800
2025-07-02,216.1252290259459,218.82717646770357,215.12561690438258,218.7578887939453,35735200
2025-07-03,219.72782661074098,221.03426482360223,219.49030337344638,220.78683471679688,23515700
2025-07-07,219.29234939774906,220.52949985893977,216.1648294073947,217.47125244140625,41551200
2025-07-08,218.3125208786494,220.00493425311743,218.06509078631734,218.9756317138672,36339300
2025-07-09,220.28208263601366,221.39056468138125,218.8469759356432,221.35096740722656,32425200
2025-07-10,221.09364159958767,223.72630151243447,220.56909099088432,222.48915100097656,33865900
2025-07-11,220.87589541593343,221.24208712395347,219.29235186892518,219.42100524902344,31579600
2025-07-14,219.09439260280516,221.04414293210453,218.78758170563503,220.89569091796875,24632200
2025-07-15,221.7666495958113,221.92499337685643,216.5409121710301,216.57061767578125,44215400
2025-07-16,217.9562369832971,219.09440945102082,214.68026473601708,218.74801635742188,48199800
2025-07-17,218.8073922124286,221.8953150894557,218.44120048973718,221.61819458007812,43548000
2025-07-18,222.97408889769258,223.0433765704656,219.69811698648718,220.04452514648438,49009900
2025-07-21,221.24208869712123,222.10315570325128,218.97563565541472,219.15377807617188,28191400
2025-07-22,219.34183626698672,221.50932641909696,218.39171311385647,220.97488403320312,30873300
2025-07-23,222.50894233647068,224.37951324433823,221.76665205395287,224.3498077392578,37478100
2025-07-24,223.2017493015843,223.52835884649696,221.1827112242941,221.2519989013672,29446700
2025-07-25,222.1130532409988,222.29121076831916,220.2523740322096,222.07347106933594,24555500
2025-07-28,223.00382349584984,223.12258511960187,221.13323731013998,221.81614685058594,24934900
2025-07-29,223.29083027682714,223.37000972468644,219.77731967548945,220.40084838867188,28685900
2025-07-30,221.3608589789108,222.61779296065612,217.8572404531755,219.28244018554688,48924400
2025-07-31,218.19375840614265,219.73771975989402,216.6299984165412,217.13475036621094,42913900
2025-08-01,213.997348171026,214.3338494858243,210.1572281491739,212.71070861816406,63854100
2025-08-04,214.32394891706556,217.48115931033374,213.8587791355031,217.47125244140625,34989600
2025-08-05,218.29271507687437,218.98551629227484,215.99657174841377,218.57974243164062,31337100
2025-08-06,218.6787149535204,218.71831222580607,217.12486180983464,218.292724609375,23142100
2025-08-07,220.47010558793158,220.54928503026773,216.26379398865583,217.5801239013672,37088000
2025-08-08,218.79748128987265,219.29234145642837,217.4811514346024,218.05519104003906,28318100
2025-08-11,218.50056696452475,219.4012010099508,217.55042877903622,218.00570678710938,25212800
2025-08-12,219.56946537668225,224.64672049566195,218.8766490511182,224.4784698486328,43815500
2025-08-13,225.91357584238878,229.080693242841,225.48800331408984,228.84315490722656,41705800
2025-08-14,226.09170935156385,226.44800926616776,223.84504002609103,225.89376831054688,55945500
2025-08-15,226.28966888221478,226.42822913244146,223.7163898329369,224.79519653320312,33571400
2025-08-18,224.87437840224996,226.11152890045315,224.60714966609632,225.61666870117188,20144100
2025-08-19,225.67605032504468,226.62617345401785,223.36999997582078,223.88465881347656,25000700
2025-08-20,223.6075239865383,224.05291025060276,221.3905599432499,223.09288024902344,29229700
2025-08-21,222.1031486467713,223.9935181506197,221.4796199900623,223.64710998535156,24539400
2025-08-22,225.03272522482982,232.99997756114445,224.84467593025607,232.41604614257812,58205500
2025-08-25,231.73313667216047,231.89149556255208,229.971435546875,229.971435546875,28453700
2025-08-26,230.43661248007194,232.45563553827577,230.19907413713338,231.8717041015625,25121500
2025-08-27,231.33725132295444,233.6927756014667,231.1590937982639,233.51463317871094,25395400
2025-08-28,234.52416186721118,234.5340536349043,232.9307113563647,233.79176330566406,25011200
2025-08-29,234.30641651848228,234.5835370265685,231.96076886526922,232.75254821777344,29254800
2025-09-02,229.60523576678597,231.9904503986115,229.09057694204773,231.49559020996094,33108600
2025-09-03,230.87207748313685,232.84161137590726,230.07040639091025,231.26795959472656,33252400
2025-09-04,231.82220299831602,234.23712316911275,231.17889078482077,234.15794372558594,30323800
2025-09-05,235.27633188305632,237.21617538677896,232.53480217929388,235.32582092285156,47542500
2025-09-08,236.05820993184045,236.107698972807,233.960007491887,235.80088806152344,31487700
2025-09-09,235.4544928698828,235.51388878348132,232.99999034223137,234.41529846191406,35395800
2025-09-10,234.870531485787,235.82066965710547,233.03955791781718,233.99957275390625,33910200
2025-09-11,234.4152839348127,238.45332989698957,233.8115538837631,238.32467651367188,43629800
2025-09-12,237.73084951660908,237.8496262401486,235.75140861288722,235.8899688720703,46097600
2025-09-15,236.77081068321223,237.5724818031586,236.09780804985206,236.88958740234375,33014000
2025-09-16,236.66823961934853,237.14464870014268,234.99086529400168,236.49951171875,37059300
2025-09-17,237.03548088501972,242.45467383574072,235.24892793349636,237.10494995117188,79955600
2025-09-18,239.00069247893876,243.31817923554493,238.3357006836391,243.010498046875,49167700
2025-09-19,243.73502583682014,243.73502583682014,240.69787846189215,241.16436767578125,56092000
2025-09-22,240.42992941166338,242.9608630772894,239.30836819944193,242.56385803222656,53572900
2025-09-23,243.17921522887335,245.3329985993615,241.62095455809856,242.01795959472656,41854500
2025-09-24,242.07750994013557,242.78221129985226,239.75499866124633,239.79470825195312,36002200
2025-09-25,237.19427195280005,238.19673464970197,235.7749645727109,237.501953125,37209500
2025-09-26,237.8294874622546,239.87409214265386,237.54166108710285,239.53663635253906,28942800
2025-09-29,241.0254297168939,241.11475357762586,239.0105996416043,239.81454467773438,26391500
2025-09-30,239.3083686620756,240.32075121714615,237.61113952989174,240.1520233154297,33447700
2025-10-01,238.77238824650152,241.22391765210494,238.7525334526153,240.67803955078125,28520000
2025-10-02,241.18424221466918,242.26609382277996,239.66567597526966,242.19662475585938,28687400
2025-10-03,243.51667871023943,246.23619493186112,243.19906257484865,243.9930877685547,34579600
2025-10-06,245.878882944208,246.62327871940096,244.23129847180667,244.96575927734375,31507400
2025-10-07,245.51165695806787,245.78956350755766,241.3728181909118,242.3355712890625,31766600
2025-10-08,243.4472071907466,245.11466169892054,241.97827034992486,244.87644958496094,25825000
2025-10-09,244.46950002379532,245.40247850274264,242.18668324132722,243.29832458496094,26243100
2025-10-10,243.9136801634774,245.0451611258915,235.78487594768384,236.01315307617188,70569400
2025-10-13,240.02297122038243,242.80205175968854,239.59617644172624,242.5836944580078,36298600
2025-10-14,239.42746441862445,247.73493196814556,238.56397012415846,246.04762268066406,45320800
2025-10-15,248.48924727707015,250.8812427814342,245.21390268390743,248.45947265625,45369000
2025-10-16,249.09469403582884,249.3825204235658,242.17677431213409,243.22885131835938,52740400
2025-10-17,241.50186265947693,243.3281101093839,239.665680239282,241.5911865234375,55379500
2025-10-20,244.77716300785232,246.47439194480813,244.30075397870175,246.3056640625,32545000
2025-10-21,245.58113919505018,246.51411772328044,243.6754876914354,245.14443969726562,26337900
2025-10-22,244.1916000570787,245.01539990336232,238.9709095669408,241.52169799804688,46578400
2025-10-23,242.46460059338352,245.27345598043786,241.85915805207824,244.5786895751953,28591000
2025-10-24,247.9334229162411,249.23363178231855,247.10962310644888,247.56617736816406,26627000
2025-10-27,249.8986242623293,250.32541905060478,247.63566230733494,248.4296875,31798100
2025-10-28,247.6852886314204,249.0251919291035,246.25604633140856,247.09970092773438,28075900
2025-10-29,246.98058453706,249.2634012326077,242.86160071828846,244.9955291748047,56235300
2025-10-30,243.4372760812936,246.28582576745342,242.80205895161703,243.02041625976562,44538700
2025-10-31,243.15936628899047,244.9459040303369,241.86907725208525,244.3900909423828,37214700
2025-11-03,244.33055909729927,244.4198829617713,240.67806417657164,243.60601806640625,28887900
2025-11-04,239.98327755598584,242.23631978477073,239.1991872986648,239.39768981933594,34468700
2025-11-05,240.15202300160502,243.89384174521987,239.83440684953842,242.8516845703125,38229200
2025-11-06,242.43481855599123,242.96085704278133,238.2066558664789,238.55404663085938,40601200
2025-11-07,236.62854074437138,239.8542558805078,234.50453199898317,239.80462646484375,54978900
2025-11-10,243.1792005924966,243.40749286235013,240.43982965718843,242.20652770996094,31238000
2025-11-11,241.55148380894715,242.9112571819607,240.70784427290303,242.4149932861328,27357900
2025-11-12,243.01047293311228,244.53897403758882,241.51176159215063,241.81944274902344,34543200
2025-11-13,240.0328978493058,240.86661749129996,234.07773158688312,235.0206298828125,65710000
2025-11-14,231.5964107656507,236.94613448324262,231.52694170166683,235.70547485351562,58344400
2025-11-17,234.69311671716093,236.06279470372763,230.02822421036316,231.020751953125,55765900
2025-11-18,229.58158509282447,233.32341884758492,229.23420947677505,231.72544860839844,63092500
2025-11-19,232.05299080492708,234.60377924523291,230.69321749000216,231.6857452392578,57280500
2025-11-20,235.46728068634576,237.3133828430372,227.18958802873308,227.3980255126953,95483000
2025-11-21,228.2416827988891,235.33824999009613,227.86451741624566,233.83953857421875,99504100
2025-11-24,234.19684490513868,238.593735387003,233.72042070053112,238.10739135742188,36135300
2025-11-25,238.94112850469702,243.71518440953443,238.2463469856368,243.29832458496094,46160800
2025-11-26,243.21891534139,246.9706688269763,242.94100879762587,245.4521026611328,34636600
2025-11-28,246.15680513094887,246.9508303705659,245.2238417550285,246.8912811279297,18911800
2025-12-01,243.73505369567113,245.8392077385549,243.50676140251147,243.78466796875,36920000
2025-12-02,245.52158598684827,245.52158598684827,243.28839853738128,243.33802795410156,31918500
2025-12-03,244.13203920274435,247.97311654947296,243.64569517837955,247.7646942138672,32846300
2025-12-04,247.10961407026494,250.77204357881416,246.6828192988554,249.93832397460938,40245800
2025-12-05,249.61080036522182,250.77205597378403,248.40983516700882,248.89617919921875,36956600
2025-12-08,250.81174989434447,250.8812341037025,248.3105758185624,248.99542236328125,29100000
2025-12-09,248.3800546825375,251.05987641938896,248.2311815867899,249.51153564453125,30170100
2025-12-10,249.02518848401914,254.65283374865402,248.6678779139593,252.90597534179688,51105200
2025-12-11,252.73726578616234,256.0820946038533,252.41966478127773,255.87364196777344,41345200
2025-12-12,256.02252502943406,256.27065694735774,251.54621553743846,251.95315551757812,57657700
2025-12-15,253.64046124629056,253.7794145209553,249.85893306562667,250.04750061035156,43120100
2025-12-16,249.30260476099497,251.11507010112945,247.44035877383777,248.8644256591797,43115300
2025-12-17,249.33247319026097,251.1150640207963,245.67768332760764,246.2154541015625,38132400
2025-12-18,249.1432614919246,250.3183795429759,247.18143903603925,247.6793670654297,39068000
2025-12-19,248.24699525479826,250.35820522099613,248.02790570786556,249.750732421875,43610400
2025-12-22,251.2345741025572,254.06280176172635,251.15490379159434,252.52919006347656,40497300
2025-12-23,251.3739878080867,252.17067570459957,250.41797448871745,251.035400390625,24973500
2025-12-24,250.92585705278793,251.81216835390342,250.07937330872534,251.6627960205078,12103000
2025-12-26,251.53334005411384,251.70263377067062,249.36236581564773,250.37814331054688,17429900
2025-12-29,249.22294318488622,250.45781022458533,248.3167256786223,248.8445281982422,25218800
2025-12-30,248.93414523097934,249.11339203129393,246.92251169706574,247.00218200683594,22123600
2025-12-31,247.1515567121519,247.2511483992098,244.99055082390532,245.1399383544922,35352000
2026-01-02,246.60384082390974,248.05778216095706,244.84117134421498,247.7490692138672,40007700
2026-01-05,248.7548893651502,252.49931803883422,248.53581500233082,251.68270874023438,37428100
2026-01-06,251.19474554482858,255.18812299425983,250.4777279445757,255.01881408691406,40677800
2026-01-07,255.33749620704148,255.73583256608075,252.91757319453964,254.4213104248047,33052000
2026-01-08,253.64453926277673,257.8570062052604,253.30595184421142,257.1997375488281,37957000
2026-01-09,258.5043110728011,260.47611707640004,257.02049522039874,259.1516418457031,36301500
2026-01-12,258.2055497205857,260.5756919297708,257.1698509419682,260.4163513183594,28423400
2026-01-13,261.3226033276642,261.8006251973436,259.3806717726527,260.2669982910156,33882400
2026-01-14,260.0479041321928,262.3682354363099,259.11179698174664,262.099365234375,37164300
2026-01-15,262.96575603814006,265.94335601465525,262.63713690135086,264.4097595214844,33465200
2026-01-16,264.76825150504897,266.11266329319164,263.61305480366576,264.6587219238281,33844900
2026-01-20,260.05787749479043,263.9815225833427,259.9781919874733,261.49188232421875,47911500
2026-01-21,263.5433573991926,267.4769705282831,261.83048379224016,266.6802978515625,59952800
2026-01-22,268.7118399505624,270.47452471007574,268.30356569091924,268.6720275878906,35110800
2026-01-23,267.9251286495007,267.935066544356,263.36409077766166,263.712646484375,42636700
2026-01-26,263.9715879177616,265.5848699628326,262.39811823571983,262.8861083984375,32119300
2026-01-27,262.9557903619885,263.76243136959306,261.5715661899831,263.63299560546875,26975500
2026-01-28,264.8778102049026,265.57489122387966,261.4719690507107,262.2088928222656,37139100
2026-01-29,262.97573693942996,263.96162478820776,258.33504370205276,262.27862548828125,43922900
2026-01-30,259.9881647079238,261.89025354526973,256.871130187759,258.57403564453125,59164200
2026-02-02,257.40888716337287,262.67694387669945,257.27942101207213,261.0935363769531,42896200
2026-02-03,261.96990905519124,263.9616212994434,257.4785882192453,261.6910705566406,54588000
2026-02-04,263.06536061136035,263.5533203929887,256.0744614753521,259.4404296875,48826500
2026-02-05,257.42880089704954,260.5358670549692,253.99310040387945,254.76986694335938,48279600
2026-02-06,258.6636642404177,264.6188949021492,258.5043236109838,263.9217834472656,43354900
2026-02-09,263.74252343444306,266.56081319036696,262.2487392982776,265.7740783691406,29064800
2026-02-10,266.1226105703842,267.407242932401,264.77819888837473,265.0570373535156,24661700
2026-02-11,267.3574837695425,267.8454435249658,261.0138853845763,263.8520812988281,41829400
2026-02-12,265.9134924462444,266.35167157399957,257.319279587283,258.4645080566406,47628200
2026-02-13,259.5201248293937,264.0711948350536,257.4387890742176,261.8703308105469,45360300
2026-02-17,261.29274349607505,263.2645192378256,257.9864937589442,261.95001220703125,33734800
2026-02-18,261.940043727817,265.8039704790802,260.76494075657,262.89605712890625,36034700
2026-02-19,261.48192301229966,263.5433522718796,259.9980768734379,263.5035095214844,31006000
2026-02-20,261.7608025615689,266.2222187903299,261.0537531844427,263.51348876953125,47126600
2026-02-23,262.3084670985484,263.2744486444188,257.0304423991211,259.4105224609375,44001100
2026-02-24,259.32091849561954,263.04544092005057,258.78314770012446,262.23876953125,34884200
2026-02-25,264.15081847161343,264.1806929376056,261.3424971038912,263.48358154296875,26012100
2026-02-26,263.9118368124776,265.1367203745678,261.0337980736441,264.88775634765625,41206500
2026-02-27,261.0138948623686,261.67116354782814,258.69353308612426,260.3267517089844,40631500
2026-03-02,256.7416602393996,263.1848504604334,256.7217540580829,262.716796875,53495700
2026-03-03,255.73581927689628,260.0379246696424,252.26029141754216,258.16571044921875,59537000
2026-03-04,260.1176160043469,261.87030201056433,257.7474737100763,260.67529296875,37979700
2026-03-05,257.9167539913505,259.67943868657045,253.10678254259597,255.69601440429688,60414600
2026-03-06,250.44786154819343,252.2503586974075,248.90428152025285,249.850341796875,64192000
2026-03-09,246.5640045239366,253.59474605519165,243.3772680899403,252.5690155029297,65369500
2026-03-10,251.9117527700634,256.5823048742884,251.35406061851242,252.31008911132812,55879100
2026-03-11,251.29433447889198,253.3258895120503,249.54163314457944,251.80223083496094,50418100
2026-03-12,247.908424268805,248.7748142282663,245.5582032241845,246.384765625,61802900
2026-03-13,248.2270796472705,249.57149142600255,244.52249383466796,245.56814575195312,53933300
2026-03-16,248.72501952374324,250.42794017815856,247.2810311861673,247.8885040283203,48755700
2026-03-17,249.27719097589141,251.11283723653293,248.36936147481853,249.45677185058594,40642800
2026-03-18,247.8206696280403,248.6387163240215,245.29667308039598,245.43634033203125,43192600
2026-03-19,242.45341824329515,249.4966661940341,241.9446336813532,247.04251098632812,59219500
2026-03-20,246.38408626057796,246.9128276636263,239.7598396949907,241.64535522460938,76749900
2026-03-23,246.58359580607743,250.76365761006707,245.5261130554199,246.86293029785156,78746600
2026-03-24,244.92754236044698,249.5665197537807,244.0197128293134,248.18978881835938,45210800
2026-03-25,251.1427679243884,252.46961440848705,248.92803351906144,251.2225799560547,45671700
2026-03-26,248.2995232285758,251.26247830470308,246.57363180911813,246.85296630859375,46830200
2026-03-27,245.42635432838185,246.15463341864134,241.83490419072396,242.5232696533203,48114400
2026-03-30,244.7679219585388,244.78786354898818,238.12371891774902,239.04153442382812,51290500
2026-03-31,242.46339692754933,248.32945188649109,241.66530705287005,247.41163635253906,58660800
2026-04-01,249.32707254808628,251.84109820695582,248.51899667766813,248.96792602539062,51295900
2026-04-02,244.35889141066053,251.771256705617,244.28905017621042,250.69381713867188,30369200
2026-04-06,250.3945466187304,252.44965695551957,249.6562967446284,251.76129150390625,22151400
2026-04-07,250.6140185430932,252.87862207623573,248.92802558155137,252.3099822998047,34881900
2026-04-08,260.89954753718933,261.64776820433946,257.7969404510919,259.85205078125,46680200
2026-04-09,258.16605271685324,262.276273296629,258.16605271685324,261.3385009765625,26758400
2026-04-10,261.7774500505577,262.12662576477896,259.72233983507584,260.6800537109375,22365900
2026-04-13,259.62257366538563,264.73042164939943,259.40309439520496,264.4411315917969,23820000
2026-04-14,266.45635115975784,268.78084050946086,265.648275242013,268.0824890136719,24270400
2026-04-15,268.1423468558891,268.9504227815357,266.9551675685459,268.75091552734375,21670600
2026-04-16,268.8107565356257,269.70861524496405,267.41405360423624,269.3095703125,30847900
2026-04-17,273.09056363678235,276.9713495314102,272.47203940924874,275.125732421875,46462700
2026-04-20,273.99840994581405,277.01126473538915,273.87869950692345,276.6920166015625,22993900
2026-04-21,277.5200409236246,279.12623720536925,273.1105439417984,273.8587646484375,32235200
2026-04-22,276.9314180894915,277.35043504144795,274.24779763994167,275.8240661621094,20274300
2026-04-23,276.07348426995344,277.2107638512214,271.30482577460936,274.8663330078125,32886600
2026-04-24,276.0136243794261,277.4701520604947,273.57941075069436,275.99365234375,21568600
2026-04-27,276.1632653053457,277.5798793750334,275.5946102958115,276.4825134277344,23399400
2026-04-28,275.39506945151976,276.3129001815731,272.2725208341959,273.2601623535156,24139400
2026-04-29,273.27014016474544,273.7290402934027,269.71855822959566,271.4344787597656,29428900
2026-04-30,272.4820329150789,277.5599537765156,271.7936674312815,277.310546875,29220700
2026-05-01,277.99890740711186,279.14617304461314,275.91386940100114,278.617431640625,28936700
2026-05-04,278.03882610431344,280.12386414843724,275.4449882384273,277.22076416015625,28632300
2026-05-05,279.4654207088753,282.27873780996407,279.33572425138726,281.8896484375,24863200
2026-05-06,284.6829817699608,286.36897475746855,282.68772667896246,286.11956787109375,23330300
2026-05-07,286.8478487872096,286.8977179867352,280.48298013469935,281.5903625488281,28350400
2026-05-08,283.3661531496334,284.29393951446093,281.9395225376543,283.495849609375,22474300
2026-05-11,284.2440451646209,286.3689661990807,283.9148110351468,284.6530456542969,20150400
2026-05-12,283.36614142045306,283.38608301144234,277.61979691711826,281.8996276855469,27404600
2026-05-13,282.24879653301366,282.8872623260369,279.265869490763,281.9993896484375,20742300
2026-05-14,283.1666083473194,284.982297847797,281.2910636277208,283.7751770019531,17428700
2026-05-15,279.6349822928174,279.6649099006762,276.5822445105188,276.94140625,35408000
2026-05-18,278.07869446196264,278.4178841766605,273.2900943842351,275.3152770996094,27243300
2026-05-19,273.1604013320659,274.4273773802567,269.9879529799434,272.3523254394531,30276900
2026-05-20,274.25779992920155,279.4255034539349,272.76135856870656,279.2060241699219,31562000
2026-05-21,277.99889362333676,283.0069729079917,276.4924662972495,281.8197937011719,31680500
2026-05-22,283.426003818627,285.9300283615987,282.99703126266184,284.4435729980469,23849300
2026-05-26,287.70583516264253,289.8606839643037,287.05735287329577,289.82080078125,24506500
2026-05-27,290.4692561561424,291.0279251774643,288.6236390040142,289.6811218261719,24519900
2026-05-28,288.9528745725601,292.0454957966981,287.2968090922787,291.3371887207031,23710600
2026-05-29,290.6887251630068,290.7186527721911,287.64594281844177,289.740966796875,26952800
2026-06-01,287.68586492882105,289.92054100094987,285.59084088861124,288.29443359375,23826100
2026-06-02,287.7756278321383,291.17754135166444,287.71577261614937,290.9680480957031,18378800
2026-06-03,289.30199098825983,289.32196302331045,286.099615215707,286.9875183105469,29167300
2026-06-04,286.87777545503303,292.1851613207092,285.97991675028067,291.3172302246094,24307800
2026-06-05,288.4141181044229,288.7133941781847,279.4853397466996,280.9817810058594,35812800
2026-06-08,284.83264650495266,286.1594777271065,282.90720222917486,283.4359436035156,27277400
2026-06-09,286.49865958181994,290.17990751091946,276.961343069542,284.3437805175781,41761300
2026-06-10,283.9148112740411,288.31435227533143,281.0915387981565,281.3808288574219,39285000
2026-06-11,283.7651708592053,290.36946009205604,283.3960535524108,289.72100830078125,41468800
2026-06-12,290.93812920126356,295.0184222543192,289.6212535197146,292.2550048828125,34415200
2026-06-15,296.55999755859375,297.9100036621094,293.9200134277344,294.6400146484375,23889000
2026-06-16,295.5,296.79998779296875,291.5799865722656,292.0799865722656,23807700
2026-06-17,292.4700012207031,295.82000732421875,288.92999267578125,289.8800048828125,39920100
2026-06-18,294.54998779296875,295.9700012207031,291.4200134277344,295.5899963378906,32463200
2026-06-22,297.1300048828125,299.489990234375,296.1600036621094,298.17999267578125,22796200
2026-06-23,293.260009765625,297.75,292.3999938964844,295.32000732421875,26821700
2026-06-24,295.8800048828125,299.69000244140625,294.69000244140625,296.69000244140625,28664900
2026-06-25,299.5199890136719,301.5,296.7300109863281,298.9100036621094,27599900
2026-06-26,296.6000061035156,300.0299987792969,295.7300109863281,299.8299865722656,39832500
2026-06-29,298.1099853515625,299.1600036621094,294.67999267578125,298.9700012207031,24834100
2026-06-30,298.55999755859375,300.9800109863281,297.44000244140625,300.45001220703125,23230300
2026-07-01,299.92999267578125,302.7200012207031,298.9200134277344,299.32000732421875,20607900
2026-07-02,300.5400085449219,302.2300109863281,294.9800109863281,297.5799865722656,21178900
2026-07-06,297.75,300.4100036621094,297.6199951171875,298.8999938964844,18581300
2026-07-07,299.1700134277344,299.9700012207031,295.17999267578125,296.19000244140625,18057100
2026-07-08,294.0299987792969,295.1000061035156,290.67999267578125,293.4800109863281,24078400
2026-07-09,295.2699890136719,297.8800048828125,294.8999938964844,297.239990234375,16466800
2026-07-10,297.69000244140625,298.2099914550781,293.6199951171875,295.989990234375,15888500
2026-07-13,295.05999755859375,295.7799987792969,292.6000061035156,293.4800109863281,19375500
2026-07-14,295.489990234375,296.07000732421875,293.75,294.510009765625,18326900
2026-07-15,295.25,297.1400146484375,294.1499938964844,295.7699890136719,18832700
2026-07-16,294.6499938964844,297.80999755859375,294.3500061035156,295.5899963378906,24081300
2026-07-17,292.0299987792969,296.1300048828125,291.6400146484375,294.0400085449219,28738500
2026-07-20,295.010009765625,295.989990234375,292.17999267578125,292.30999755859375,20539900
2026-07-21,293.42999267578125,296.75,292.67999267578125,296.5400085449219,18190200
2026-07-22,295.70001220703125,296.44000244140625,293.4100036621094,293.7900085449219,19116000
2026-07-23,290.8699951171875,293.010009765625,290.1700134277344,292.0899963378906,27795100
2026-07-24,293.4100036621094,293.9700012207031,290.4800109863281,291.1700134277344,19771000
2026-07-27,293.9800109863281,295.5199890136719,291.1099853515625,292.9100036621094,19445500
2026-07-28,293.1600036621094,293.7699890136719,290.3800048828125,293.3699951171875,20531100
2026-07-29,292.489990234375,293.6700134277344,288.260009765625,288.57000732421875,33297400
2026-07-30,291.1499938964844,292.8399963378906,288.9599914550781,292.5899963378906,22198800
2026-07-31,293.55999755859375,293.95001220703125,287.8299865722656,291.20001220703125,28350700
2026-08-03,292.8999938964844,296.6600036621094,292.3999938964844,296.2200012207031,23175700
2026-08-04,297.5899963378906,302.3900146484375,297.2200012207031,301.7099914550781,20751800
2026-08-05,302.42999267578125,303.05999755859375,299.75,299.7699890136719,17791000
2026-08-06,299.6000061035156,301.3800048828125,297.95001220703125,298.25,16314100
2026-08-07,300.4599914550781,302.0299987792969,299.79998779296875,301.55999755859375,18416800
2026-08-10,300.510009765625,301.3900146484375,299.0799865722656,299.9800109863281,16226900
2026-08-11,300.92999267578125,301.989990234375,300.6000061035156,300.989990234375,14942800
2026-08-12,303.0199890136719,303.4100036621094,301.0,302.7099914550781,15480600
2026-08-13,304.0400085449219,305.04998779296875,302.7200012207031,303.5,14719300
2026-08-14,303.2799987792969,305.17999267578125,302.739990234375,305.0899963378906,13163400
2026-08-17,303.9599914550781,304.3299865722656,303.2300109863281,304.05999755859375,14546800
2026-08-18,302.45001220703125,303.1499938964844,300.1099853515625,300.2300109863281,18263700
2026-08-19,302.8800048828125,303.4100036621094,301.2300109863281,301.7200012207031,14995700
2026-08-20,299.2699890136719,300.0400085449219,297.0400085449219,297.6700134277344,21638700
2026-08-21,299.8500061035156,300.3299865722656,298.1700134277344,299.9599914550781,22949600
2026-08-24,299.54998779296875,299.739990234375,297.3999938964844,297.9700012207031,12868900
2026-08-25,299.6000061035156,299.7799987792969,297.9700012207031,299.2300109863281,14618000
2026-08-26,298.6400146484375,299.95001220703125,298.1300048828125,298.92999267578125,10555700
2026-08-27,298.7699890136719,300.32000732421875,298.1400146484375,299.80999755859375,13658700
2026-08-28,299.70001220703125,300.3900146484375,295.6700134277344,295.75,19052800
2026-08-31,295.0899963378906,295.3500061035156,292.7099914550781,293.92999267578125,20883400
2026-09-01,291.9800109863281,292.94000244140625,289.9700012207031,290.57000732421875,22801600
2026-09-02,291.5400085449219,294.3500061035156,291.19000244140625,294.010009765625,22395200
2026-09-03,295.7900085449219,296.17999267578125,293.42999267578125,295.19000244140625,16651200
2026-09-04,293.70001220703125,296.17999267578125,293.55999755859375,296.010009765625,13951100
2026-09-08,295.3399963378906,296.1000061035156,294.260009765625,294.6700134277344,17332400
2026-09-09,293.4599914550781,294.1600036621094,290.30999755859375,290.6400146484375,19141700
2026-09-10,288.4800109863281,289.8299865722656,287.17999267578125,287.70001220703125,27044700
2026-09-11,290.7099914550781,291.44000244140625,288.7699890136719,288.8900146484375,26353300
