Date,open,high,low,adj_close,volume
2016-09-12,124.86350195021947,127.63912307138507,124.65533093335553,127.56974029541016,21252800
2016-09-13,126.91547682058349,127.23269842900757,125.55740773367009,126.10261535644531,18016200
2016-09-14,125.78541615355975,127.67879314661576,125.78541615355975,126.65775299072266,15691100
2016-09-15,126.86592994096408,127.97618299811768,126.55862336627234,127.23271179199219,15077200
2016-09-16,127.08402752453998,128.0554924775601,127.08402752453998,127.94646453857422,24119200
2016-09-19,128.77912395595837,128.8088615928508,127.1434782970752,127.53008270263672,14958800
2016-09-20,127.53010251250743,128.04558017531437,126.91550441998208,127.52019500732422,11083800
2016-09-21,128.00589159036036,128.87822065528692,127.27232805475766,128.808837890625,14068300
2016-09-22,129.3639891527466,129.59198275276609,128.43216949271877,128.94764709472656,15538300
2016-09-23,126.44958036417349,127.48053557425115,126.19184912463429,126.84609985351562,28326300
2016-09-26,126.26124217899451,127.04436610744007,125.69620435251865,126.2017593383789,15064900
2016-09-27,126.49914001184155,127.88694679093449,126.32070663124678,127.56974029541016,15637100
2016-09-28,128.08522649569827,128.34295773604612,127.28226488446138,128.10504150390625,12047600
2016-09-29,128.05546044544167,128.16450348311392,126.4396601384275,126.9749526977539,14532200
2016-09-30,126.91548039342958,127.47060309784037,126.34052755644433,127.15339660644531,18402900
2016-10-03,127.26245866016534,127.9662696491385,126.68750573727992,127.64906311035156,13156900
2016-10-04,128.0455537665615,128.15459680493566,126.43966095228672,127.07408905029297,14307500
2016-10-05,127.1335679697271,127.6787831772453,126.71722593652031,127.35165405273438,12386800
2016-10-06,127.31197913060693,127.93649967150026,126.96503503918882,127.61929321289062,11682700
2016-10-07,127.91668673827587,128.1248653218807,127.21287583257707,127.86713409423828,12804400
2016-10-10,128.55109393223088,129.5622187968677,128.07527669485478,129.10623168945312,15138700
2016-10-11,129.09632615159995,129.5027606768514,127.11373641978902,127.75808715820312,17537900
2016-10-12,127.88696021357062,128.53131102760392,127.34176007410687,127.92662048339844,11073000
2016-10-13,127.09391785301777,127.13356299112138,125.64662073391528,126.70730590820312,17139300
2016-10-14,127.37148270389643,127.82746987145508,126.46940074612881,126.76678466796875,13345300
2016-10-17,127.08399921612971,127.35165306610313,126.21166245383856,126.42974853515625,11351700
2016-10-18,127.55980304967217,128.2636289879673,126.89563737249779,127.45077514648438,13504000
2016-10-19,127.61931723420571,129.33425326144047,127.48053654632476,128.97738647460938,16752300
2016-10-20,128.9377450769051,129.52260548382137,128.37269967886118,128.86834716796875,13167500
2016-10-21,128.65024491774724,130.97979387459094,128.57093951432714,130.92031860351562,19088800
2016-10-24,131.5646435822047,132.2486393962456,130.9995983007073,132.11976623535156,17470200
2016-10-25,132.3378707154076,132.3378707154076,131.06901443847525,131.13839721679688,13336800
2016-10-26,130.49405972237582,131.10865771861535,129.8001563192087,129.89927673339844,13084700
2016-10-27,130.59319268147271,130.65266795400302,128.14469312257833,128.56103515625,16741400
2016-10-28,129.3639632803481,131.81246249274238,128.79891801935375,130.14707946777344,24545500
2016-10-31,130.86081065229865,130.969853676629,129.74065790340407,129.84970092773438,15669000
2016-11-01,130.2660729060755,130.7914580190806,127.53008916563782,128.37269592285156,22077800
2016-11-02,129.0963174282169,129.0963174282169,125.18070599767049,126.06295776367188,39640900
2016-11-03,120.93796526590984,122.20682139632797,118.45972827275594,118.95537567138672,63766300
2016-11-04,118.54894688858133,120.8685807587336,118.2119102714965,119.6988525390625,30545500
2016-11-07,121.76074306434325,122.13743236865687,120.29362342100221,121.08666229248047,23008900
2016-11-08,120.96771081854621,123.52525337801801,120.48197845372516,123.1386489868164,19460800
2016-11-09,120.44234350497159,122.73223255392462,119.46096356441753,122.10771942138672,31916000
2016-11-10,122.85117086824003,123.09899458034711,114.26655385062068,119.74842071533203,67846700
2016-11-11,118.48947209758641,119.64928525586684,117.12148792856176,117.9839096069336,32840100
2016-11-14,118.09295627708902,118.09295627708902,112.56153659711285,114.07821655273438,51377000
2016-11-15,115.71385392684638,117.45852745909441,114.82168702798108,116.17975616455078,34681400
2016-11-16,113.4834460222608,116.85384270738923,113.21579215799538,115.3272476196289,32397900
2016-11-17,115.79314566724183,116.76461791992188,115.00011434791172,116.76461791992188,18597800
2016-11-18,117.3594119882875,118.09296815529746,115.82290174525887,116.00133514404297,22879300
2016-11-21,117.17105371897185,120.88840958014455,116.77454181083064,120.70997619628906,35415400
2016-11-22,121.33449456580837,121.90944741009723,119.8475522489798,120.41259002685547,26089200
2016-11-23,120.17467498909306,120.25397282724636,118.89590375700216,119.7880630493164,15672100
2016-11-25,119.95660532135918,120.08547094358737,119.0247856380743,119.33208465576172,8658600
2016-11-28,119.07433238144381,120.63066489248001,118.77694092054098,119.36180877685547,18101300
2016-11-29,119.52044141271405,121.03712159787894,119.35192307280259,119.81783294677734,18891000
2016-11-30,119.27260679473773,120.72981156559388,116.92323506591045,117.38914489746094,30188900
2016-12-01,117.34948367456744,117.41887401276296,113.00761487823426,114.09803771972656,43277000
2016-12-02,114.10795509365111,115.46603181206181,113.30500865501065,114.39543151855469,25070400
2016-12-05,114.94064083775181,116.54654130132987,114.0683040468464,116.40776062011719,20201500
2016-12-06,116.66548469727296,116.7745277277551,115.31732319583833,116.28878784179688,19131200
2016-12-07,115.98150588145802,116.92323303222656,115.55524876245141,116.92323303222656,21913700
2016-12-08,116.95297338784029,118.45973827924597,116.61592919555154,117.8748779296875,22442800
2016-12-09,118.18217361004085,118.89590711443039,117.914519764405,118.63816833496094,17464700
2016-12-12,118.18217889211805,118.20200146235725,116.6258462055347,116.74479675292969,17805500
2016-12-13,116.83401071533387,120.46214590530373,116.58618700476563,119.26268005371094,29768000
2016-12-14,118.95538793862593,120.63067873891514,117.81539729161813,119.16355895996094,25913100
2016-12-15,119.03469151352151,121.43362331824433,118.58860427782989,119.52042388916016,20139600
2016-12-16,119.84754767291399,120.44232306433953,118.23173224334894,118.8265151977539,25324300
2016-12-19,118.80668631342012,119.31224880478212,117.47835484405194,118.20199584960938,15918100
2016-12-20,118.45974112077853,118.727387417357,117.76583771262703,118.05330657958984,13684400
2016-12-21,117.88478030010764,118.16234164462446,117.44861571428666,118.00373840332031,10767600
2016-12-22,117.82531859189469,117.95418421297317,115.91211903214315,116.3780288696289,16258600
2016-12-23,115.98149922193446,116.53662192626203,115.28759584152499,116.2491455078125,10890000
2016-12-27,115.94184913492097,117.64687755150477,115.84272115876652,116.98271179199219,12051500
2016-12-28,117.1611475595336,117.22062283384116,115.63455249413994,115.9021987915039,12087400
2016-12-29,115.98150139011045,116.50688646838205,115.04968177930134,115.337158203125,9934900
2016-12-30,115.58497194268227,115.8129730739498,113.77090064709422,114.04846954345703,18684100
2017-01-03,115.01993589279297,116.81417708339714,114.50446591796576,115.84271240234375,20663900
2017-01-04,116.52670857312222,118.61834123861256,116.2689698034892,117.65678405761719,19630900
2017-01-05,117.82531128079145,119.89711397154653,117.29001113240511,119.61955261230469,19492200
2017-01-06,119.92686168149302,122.80161087351247,118.98512697809012,122.33570861816406,28545300
2017-01-09,122.47448234040083,124.33811394482323,121.96891984679928,123.81272888183594,22880400
2017-01-10,123.73343455278888,124.4075154169297,123.19813437570821,123.26752471923828,17324600
2017-01-11,123.26751959303638,125.022115805442,122.980043163801,124.99237060546875,18356500
2017-01-12,124.5165588461732,125.62681190902657,123.7136123595892,125.51776885986328,18653900
2017-01-13,126.38016404670768,128.14467503348322,126.26121351843828,127.22276306152344,24884300
2017-01-17,126.92540774801667,127.2227992793089,126.2909871030228,126.75689697265625,15294500
2017-01-18,127.29218986749926,127.31200487607352,125.73584951465814,126.80644989013672,13145900
2017-01-19,127.11374001546973,127.23270568839588,126.34053120826837,126.43966674804688,12195500
2017-01-20,126.98487496250479,127.36155671578022,125.6763585141913,125.93409729003906,19097200
2017-01-23,126.20174722976896,128.12486169391622,125.84488047223688,127.8076400756836,16593600
2017-01-24,128.25374282033934,128.7692052929933,127.26244789082912,128.2438201904297,15162700
2017-01-25,128.86830682793695,130.59316499543974,128.64031328958603,130.33541870117188,18731300
2017-01-26,130.48414721085487,131.98099700352165,130.2957987673754,131.62413024902344,20020100
2017-01-27,131.52500538016162,131.79265924923342,129.9389425517207,131.02935791015625,19539500
2017-01-30,130.43459627532897,130.43459627532897,128.4718364352734,129.83981323242188,18956100
2017-01-31,129.0368740604032,129.52261407730214,128.39253833219777,129.18557739257812,19790500
2017-02-01,131.09874099238365,132.32795202434926,129.54240085208951,132.07020568847656,50139800
2017-02-02,132.06030595669853,134.31054958376146,129.26484711700454,129.70101928710938,54366400
2017-02-03,130.0975596097968,131.69354514477098,129.6217271250867,129.83981323242188,24804900
2017-02-06,129.83981523127633,130.91041564941406,129.1657418898348,130.91041564941406,17058500
2017-02-07,131.08883352540656,131.84221214948707,130.51388070994037,130.6923065185547,14596400
2017-02-08,131.44570607918442,133.26968501345638,131.28709526943223,133.03176879882812,22390600
2017-02-09,133.31926458415361,133.32917208840541,132.14952866613126,132.97230529785156,16470600
2017-02-10,132.9326529334247,133.7653370241619,132.5162957620962,133.02186584472656,15061900
2017-02-13,133.52740747356071,133.52740747356071,132.5361126665915,132.88307189941406,13526200
2017-02-14,132.93266872662454,133.0615267940497,131.3961584147195,132.68484497070312,14364900
2017-02-15,132.28828885037237,132.5361125519002,131.50517260896603,132.27838134765625,13226500
2017-02-16,131.91159494183702,132.70461861280893,131.86202718091204,132.6748809814453,12831100
2017-02-17,132.33784659666037,132.9227068577567,132.01071752029532,132.36758422851562,12276500
2017-02-21,132.33786789348608,132.74430242885742,131.74308490874947,132.5559539794922,14759100
2017-02-22,132.43699132966444,135.59920903584234,132.29821066270353,134.93504333496094,27360100
2017-02-23,134.70704088306337,134.93503443675894,133.16062351720257,134.18165588378906,18422500
2017-02-24,132.99213004113886,134.43941215318864,132.99213004113886,134.260986328125,12625700
2017-02-27,134.08253602609818,135.9858203238411,133.8446349426047,135.2225341796875,14306700
2017-02-28,135.5992106780862,135.61904080959457,133.57697591702748,134.36009216308594,16112100
2017-03-01,135.28202767322787,136.28323016169728,135.11350934106736,136.2237548828125,16257000
2017-03-02,135.8966176658228,136.62027385191215,135.1234088342414,135.56948852539062,12294800
2017-03-03,135.44062903235726,136.13453244743778,134.89541380409398,135.97592163085938,11160600
2017-03-06,135.68846224688855,136.63018945647315,135.32167281716403,136.2237548828125,12748200
2017-03-07,135.837128267247,137.16545969867946,135.79748312978336,136.1047821044922,13527100
2017-03-08,135.95608807524832,136.7887872783457,135.8569676618517,136.52113342285156,10184500
2017-03-09,136.52112827646758,137.3637349513533,136.2039066632535,137.03660583496094,15535300
2017-03-10,137.70078330502554,138.2757361835011,137.01678737846046,137.58181762695312,16314100
2017-03-13,137.5025138230082,138.464055901305,137.46285355889685,138.384765625,10955500
2017-03-14,138.24597365429415,138.24597365429415,137.3141541612961,138.10719299316406,12944000
2017-03-15,138.07744326480076,138.88040474248697,137.28441954148659,138.5037078857422,19344800
2017-03-16,138.97952573886178,139.02909350327025,138.51361598014674,138.7713623046875,13612900
2017-03-17,139.1183281336502,139.1183281336502,138.48389997761635,138.6226806640625,20592800
2017-03-20,138.49379294711022,138.96961018074217,138.03779071732663,138.72178649902344,12099500
2017-03-21,139.92126280869712,141.0711684713505,137.19520195596974,137.3042449951172,29894800
2017-03-22,136.7293093733573,138.57311864176773,136.4021953407015,138.37486267089844,17055400
2017-03-23,138.26581613817274,139.1678981777798,137.87921171062123,138.3153839111328,13022800
2017-03-24,138.86058543282468,139.79240501888796,138.543363818012,139.11831665039062,16664700
2017-03-27,137.83953171436661,139.4255941663199,137.56197040712587,139.09848022460938,12800500
2017-03-28,139.13814843382002,140.71430364548038,138.79118917924654,140.5259552001953,14679400
2017-03-29,140.75396002517493,141.61638169718904,140.19882220799045,141.408203125,16527600
2017-03-30,141.16038071560394,141.70559590878236,140.61518064838455,141.17030334472656,12404000
2017-03-31,141.07117727810586,141.38839891214158,140.65483522790402,140.81344604492188,11478300
2017-04-03,140.69445314915993,141.22976077153973,139.59413052462202,141.04141235351562,13564000
2017-04-04,140.62508899200463,140.85308257380223,140.04022865671735,140.4962158203125,12948600
2017-04-05,141.02159271185377,142.1913284405989,140.06003554639625,140.61517333984375,17158100
2017-04-06,140.87288999194882,140.98193301365419,139.6833393807719,139.94107055664062,15103400
2017-04-07,139.97081585738127,140.31777507071683,139.0191813666762,139.55447387695312,11818300
2017-04-10,139.7726107103419,140.19886034779063,139.40583635942434,139.812255859375,9039400
2017-04-11,139.57430958835764,139.8023031550036,137.6016275090589,138.70196533203125,16638100
2017-04-12,138.5037251394718,139.1777984134513,138.2261637765438,138.3649444580078,11612500
2017-04-13,138.40458354841024,139.3562332696765,138.11711469435852,138.1765899658203,10965600
2017-04-17,138.54336594864353,140.31779224112725,138.53345844526294,140.1889190673828,11519700
2017-04-18,140.04023968348227,140.6746678367567,139.38598139624168,139.73294067382812,14807500
2017-04-19,140.11955035776865,141.79482615482306,140.04024494488476,141.0315399169922,15563900
2017-04-20,141.7056110100073,142.99429747868146,141.4478797666567,142.5482177734375,15968200
2017-04-21,142.64733108476128,142.91498494495352,141.03153067180185,142.4292449951172,12382000
2017-04-24,143.69810414342254,144.40191499695086,143.083491067742,144.2036590576172,14407200
2017-04-25,144.52089461618425,145.86905645127544,144.52089461618425,145.21481323242188,17767500
2017-04-26,145.80951883817144,146.30516613733658,144.81822423984116,145.2841339111328,12395000
2017-04-27,145.39319797264642,146.46379810896386,144.86781296954024,146.4142303466797,11275100
2017-04-28,148.1985608194513,150.21088789341144,147.77231134979456,148.94203186035156,30652200
2017-05-01,150.41907903091706,151.24185553349764,150.10185743312095,151.1328125,25218300
2017-05-02,152.0051501671389,152.10428570349973,150.33978206318312,151.4500274658203,21870400
2017-05-03,152.2628951582923,152.2628951582923,150.02255911450226,150.4785614013672,29782500
2017-05-04,148.86274635084632,150.20100045359757,147.42537183830993,149.53683471679688,36225500
2017-05-05,150.13160246667204,150.31004340571673,148.4860493804069,148.93214416503906,17148500
2017-05-08,149.3980814479356,149.7648557707439,148.43652405347316,149.74502563476562,15827500
2017-05-09,150.17126141873845,151.26167667196853,148.9024052280234,149.1700439453125,17453900
2017-05-10,148.92224469042733,149.2097287130422,147.56417537092534,148.98171997070312,12080700
2017-05-11,149.00154058885647,149.33857723953253,148.10938118978214,148.73388671875,11841900
2017-05-12,149.0907145495508,149.15020493644465,148.32742853291268,149.02133178710938,9598200
2017-05-15,148.86275348487308,150.16134738517624,148.46624157481222,148.88258361816406,15064700
2017-05-16,148.80327964833737,148.9024151897901,147.73267932967968,148.4761505126953,14550800
2017-05-17,146.7116382892881,147.37580402588802,143.16280089933753,143.5890655517578,28300100
2017-05-18,143.46019395071266,146.86032807430684,143.25201537381787,146.37460327148438,23031600
2017-05-19,147.15772256393998,148.08954217542922,146.67199775119826,146.7711181640625,16187900
2017-05-22,146.79094363666076,147.29649856630866,146.4043392490573,146.94955444335938,12586700
2017-05-23,147.22713134148054,147.5146002237686,145.96818251002998,146.7810516357422,12817800
2017-05-24,147.21720666474738,148.92223517823382,147.12799375003203,148.73388671875,17862400
2017-05-25,148.99160829170276,151.2616666799294,148.6446490687096,150.6371612548828,19891400
2017-05-26,150.90481499226937,150.9246451250914,149.8342147092718,150.80569458007812,14996200
2017-05-30,150.64709327630788,151.5689903102576,150.31996413091787,151.05352783203125,13226000
2017-05-31,151.37072120711613,152.01507193790442,149.77473588685828,150.1415252685547,18023900
2017-06-01,150.4289930588772,150.96428562093,148.99161855566456,150.21090698242188,14530600
2017-06-02,150.52813829156642,152.29264202313797,149.98292306530328,152.27281188964844,16854400
2017-06-05,152.30255581960384,153.36324867870047,152.07456221591374,152.2926483154297,12520400
2017-06-06,152.07456513750063,153.17490316039363,151.15265294893362,151.4797821044922,13457100
2017-06-07,151.93575162895687,152.4115688770121,151.01383963951992,151.78704833984375,12066700
2017-06-08,152.73871486734126,153.383050480275,151.76725013330054,153.3632354736328,17799400
2017-06-09,153.42272253131102,154.2355765189017,145.33375216789125,148.2977294921875,35577700
2017-06-12,146.88015804135935,147.9011905402127,143.30158298075054,147.14781188964844,33170200
2017-06-13,148.84293153399582,149.86396412819408,147.60381283948715,149.36831665039062,20483400
2017-06-14,149.94323408341938,151.0733094605495,147.75248122010257,148.94203186035156,20808800
2017-06-15,146.3845238489349,148.7338880465079,145.095837385243,148.49598693847656,18994200
2017-06-16,148.28778126338656,149.51699222559805,147.30640912004958,149.32864379882812,22882400
2017-06-19,150.38935502415814,152.23316413203648,150.38935502415814,151.53924560546875,19026500
2017-06-20,151.54918806363747,152.50082281585142,150.88502221287357,150.92466735839844,14743900
2017-06-21,151.03369552800885,152.7387240107787,150.5578781988052,152.57020568847656,15039800
2017-06-22,151.67804703275482,153.20464984886738,151.57892660537252,152.0646514892578,13005500
2017-06-23,151.39055895731403,153.848966084101,151.32116105356948,153.72010803222656,18027000
2017-06-26,154.8898234484844,155.13764716600198,151.86637106957812,152.2529754638672,18049700
2017-06-27,151.50950121305212,151.97541100253437,149.0808318562363,149.26918029785156,19360800
2017-06-28,149.60622494159466,152.1340299693682,148.55545476459667,151.90603637695312,16719100
2017-06-29,150.95440044664943,151.17248655536358,147.62364866242396,149.72518920898438,23973500
2017-06-30,150.57768465542878,150.59751478809116,148.7537057254306,149.6656951904297,17666000
2017-07-03,150.39927794158922,150.82552752923323,146.51340337397633,147.13790893554688,13862700
2017-07-05,147.70294890264398,149.53685062732282,146.8405271285534,149.03128051757812,14334300
2017-07-06,147.73268434179258,148.73388679020908,146.71165175922079,147.52452087402344,14951800
2017-07-07,147.95076582111912,150.66691932911039,147.89129054647026,150.1217041015625,13615900
2017-07-10,150.36953117009799,152.63958991672814,150.19109021622765,152.1637725830078,13378700
2017-07-11,152.0348960669947,154.0670536651799,151.57890887725088,153.91836547851562,13667700
2017-07-12,155.12772990079637,157.7744852222144,154.8402459360295,157.51673889160156,22739400
2017-07-13,157.35816423084344,158.3891043130857,157.0409425895625,157.87362670898438,13929200
2017-07-14,158.7360338866612,158.92438231017923,157.94299505782837,158.57742309570312,16371200
2017-07-17,158.85500087647526,159.3803859407482,157.42753386186237,158.3395233154297,12858800
2017-07-18,158.2701206233357,162.30468231916794,158.0322044421879,161.4422607421875,23722900
2017-07-19,162.16593587992836,164.25756881192095,161.74959381953613,162.71115112304688,26273600
2017-07-20,163.36538637572238,163.5636423109076,161.39270427462768,163.0977325439453,18523100
2017-07-21,162.7309879544063,163.61323988377646,162.32455338135819,162.99862670898438,14744000
2017-07-24,163.2067852836335,164.72346521064173,162.87965616444126,164.55494689941406,17367000
2017-07-25,163.57356318735518,164.09894826523268,162.43358012236655,163.84121704101562,15383200
2017-07-26,164.56486213230303,164.56486213230303,162.67150035489652,164.16835021972656,35236900
2017-07-27,173.17920949811622,173.96234091022987,166.04188951147168,168.956298828125,68910700
2017-07-28,167.59822524268463,171.92025620826385,167.57839511068912,170.94879150390625,24557600
2017-07-31,170.5027335095089,171.21646709241622,167.0827689148882,167.77667236328125,25478900
2017-08-01,168.34170251677014,168.9860381335434,167.57840122963862,168.38134765625,14385000
2017-08-02,168.81752782973666,169.06535155963175,165.45703865739745,167.82623291015625,17433800
2017-08-03,167.82623205057902,168.2227439659963,166.78536936515872,167.12240600585938,10793800
2017-08-04,167.49909699590893,168.57960478431247,167.22153563973112,168.1434326171875,10777700
2017-08-07,168.47055235552784,170.56218503972664,168.1830835119181,170.48287963867188,12787800
2017-08-08,170.38376111886248,171.54357426096124,169.13471994586473,169.73941040039062,14393500
2017-08-09,168.5003141776457,169.95751898854022,168.0839721068131,169.6898651123047,10815000
2017-08-10,168.57959690991828,169.10498196142535,165.39754896595718,165.9427490234375,20832700
2017-08-11,166.48796337987193,167.35040016610378,165.397548144369,166.61683654785156,13791200
2017-08-14,168.60935254985165,169.59073998483981,167.81631357343335,169.26361083984375,12954200
2017-08-15,169.9971687820269,170.0070762857359,168.53004143126063,169.5114288330078,8729200
2017-08-16,169.75924491882324,169.88811809103936,167.76674769388046,168.52012634277344,15779900
2017-08-17,167.8658860172147,168.38136363512615,165.3975712309456,165.45704650878906,17216000
2017-08-18,165.3876523496632,167.20172399481453,164.76314679218962,165.95269775390625,15093600
2017-08-21,165.70486000680907,166.53754409706403,164.37652846388428,166.3194580078125,11907500
2017-08-22,166.81510735138656,168.3912626385125,165.6949392553481,168.16326904296875,11391000
2017-08-23,167.37023684288505,167.8857144555884,166.73580867569655,167.2413787841797,9856500
2017-08-24,167.4098759174614,167.81629530248614,164.96137647455325,166.27980041503906,14030400
2017-08-25,166.39878003407793,166.91425767160555,164.73339656128155,164.8721923828125,12614500
2017-08-28,165.4570048394184,166.24012101040233,164.88205208846193,165.7841339111328,8553700
2017-08-29,163.81149866184828,166.96380949969048,163.56367491198162,166.58712768554688,11121000
2017-08-30,166.70604525149682,168.69854236073286,166.17075271315045,168.44081115722656,11138300
2017-08-31,168.91665162799782,170.65141777199528,168.5796149788231,170.47299194335938,17226500
2017-09-01,170.89923426560307,171.41471184753254,169.81872645764068,170.52255249023438,11677600
2017-09-05,169.77908669600956,170.88933217599208,168.0740582083449,169.23387145996094,13210900
2017-09-06,169.4221831845691,170.97850801991,168.0938518981595,170.59190368652344,13906300
2017-09-07,170.4432606176892,171.80132989469368,168.7877998226505,171.70220947265625,18049500
2017-09-08,171.58322341939473,171.9797504383514,169.31316484895945,169.46185302734375,10998500
2017-09-11,170.89924997040006,172.37628494864035,170.70099399788836,171.9995880126953,12372000
2017-09-12,172.24740005686974,172.4853162832958,170.25490271066695,171.45437622070312,11186300
2017-09-13,171.5039340917587,171.66254491420898,170.56220691314613,171.54359436035156,9119300
2017-09-14,170.76045779669172,170.78028793039803,169.01578417953888,169.47178649902344,15615700
2017-09-15,169.39248007388963,170.83976218060525,168.77786694036217,170.14585876464844,15660500
2017-09-18,170.49280395904697,170.57210936088856,167.86586357315537,168.530029296875,12954000
2017-09-19,169.13471922211838,171.05783361438,168.87698801140778,171.0181884765625,13168600
2017-09-20,170.99836324958235,171.54357844745402,169.21402947743837,170.67123413085938,12264100
2017-09-21,170.19542098725773,170.77037383486703,168.53003771729297,169.62046813964844,11161400
2017-09-22,168.72833638521635,170.2350939639984,167.74694884462008,169.05545043945312,12097100
2017-09-25,167.76675296133033,167.82622823469464,160.1536003255479,161.4521942138672,41251600
2017-09-26,163.06800168598414,164.05929652906002,161.3629733458169,162.78053283691406,23363300
2017-09-27,164.45583303927148,166.87459523868242,164.12871900292268,166.2203369140625,19242500
2017-09-28,166.47809874939009,167.59826703409513,165.7048897943081,167.26121520996094,12178700
2017-09-29,167.36031817937436,170.1656845346237,167.34048804629552,169.38255310058594,15340400
2017-10-02,169.89800454083004,170.37382177980214,167.2809870375476,167.99472045898438,13392300
2017-10-03,167.82622575951183,169.24377017365308,167.72709022139367,168.48048400878906,8190300
2017-10-04,168.35160201472414,169.1842860378396,166.82499951305383,166.95387268066406,12127900
2017-10-05,167.7072787504891,169.81874191449523,167.13234096849678,169.74935913085938,14580600
2017-10-06,168.76795326414327,170.8694935687407,168.2723058243073,170.730712890625,13124500
2017-10-09,171.19663853744936,173.3576694406245,170.50273508265397,170.99838256835938,14570400
2017-10-10,171.49401235464845,171.692268303277,169.31316666781586,170.09628295898438,11341100
2017-10-11,170.45315092595013,171.275927488256,169.90793571888486,171.2362823486328,11283700
2017-10-12,171.1074031267577,172.33661417506292,170.79018151714646,171.0479278564453,10351000
2017-10-13,171.94008560822274,173.12963638159022,171.69226190018958,172.22756958007812,13658300
2017-10-16,172.9710558195453,173.47661078276658,172.54479113897983,173.00079345703125,11498800
2017-10-17,173.1891129518487,174.59674968599217,172.8421537379161,174.57691955566406,15990100
2017-10-18,175.1122328672521,175.2014609013485,174.22007353396262,174.4976348876953,12752400
2017-10-19,173.4071947735673,174.49762512074045,171.12722879922828,173.04042053222656,14048400
2017-10-20,173.97224941746182,174.34894630778953,173.10982772219506,173.45677185058594,12602200
2017-10-23,173.67484937384677,173.81363004355651,169.75923786150307,169.77906799316406,13852700
2017-10-24,170.80012134741807,171.73194101204587,170.00708236948205,170.30447387695312,12267900
2017-10-25,170.40358519404103,170.75054445521923,167.41979302655508,169.1149139404297,15868200
2017-10-26,169.88810916810442,170.79017594836097,168.90672186207252,169.14463806152344,11833100
2017-10-27,172.63400207345416,176.65867210330742,172.38617834660397,176.33154296875,30285300
2017-10-30,177.69949355024056,179.1170529250752,176.06386324369674,178.30418395996094,24353200
2017-10-31,178.99812378046002,179.22611736764028,177.38230828540637,178.4925537109375,20174200
2017-11-01,180.77252429976699,181.3078168480914,178.99811322425236,181.06991577148438,40918300
2017-11-02,179.05757797644563,180.35617169651462,175.79620973390078,177.36245727539062,35529900
2017-11-03,177.7292314975897,178.29427677326058,175.17170431852912,177.36245727539062,17822100
2017-11-06,177.00560768877534,178.87915436815607,176.75778397390508,178.60159301757812,13312700
2017-11-07,178.92873193156206,179.17655565999914,177.40214441981212,178.680908203125,12928200
2017-11-08,178.2249113264606,178.78004920090777,177.55083802500116,177.99691772460938,10494100
2017-11-09,176.7577789315302,177.83828666731063,175.5483980273867,177.73916625976562,12610300
2017-11-10,176.79745109681392,177.54092227026402,176.41084669165826,176.906494140625,11070200
2017-11-13,175.9548421538612,177.48142962191474,175.75658620197834,177.2137908935547,9523400
2017-11-14,176.57934220940243,177.41202618592067,175.6376000771949,176.51986694335938,9585900
2017-11-15,175.12216091520685,177.01553780715068,174.8644145602232,176.4009246826172,10253700
2017-11-16,177.20389566607543,178.2645886179067,176.9461644013693,178.02667236328125,15607600
2017-11-17,177.73917921595717,178.41325248985072,177.34265217899642,177.44178771972656,13018000
2017-11-20,177.31294010162227,177.9374608211352,176.5496538066198,177.18408203125,10052400
2017-11-21,177.59047022839147,180.3066236224047,177.43187454463632,180.27688598632812,14504000
2017-11-22,179.72176637669597,180.14801591844798,178.86925216723236,179.29550170898438,10376300
2017-11-24,178.82960174413725,181.55566283856592,178.7205586953217,181.1888885498047,9426300
2017-11-27,180.9708119438332,182.13062527335998,180.4057816619433,181.4367218017578,12344500
2017-11-28,181.91250846485386,182.64607208301544,180.50487162402382,180.83200073242188,14379700
2017-11-29,180.30661636826204,180.38592176992864,172.48530074965237,173.60546875,41933500
2017-11-30,175.31052025041137,176.72806478698746,173.6748744859458,175.63763427734375,25307600
2017-12-01,174.49764163388252,175.93501622684508,170.83976099925295,173.57574462890625,20182500
2017-12-04,174.75539002236656,175.0329665400423,169.3032674871811,169.97735595703125,24459400
2017-12-05,168.96621377074135,173.85330552479402,167.5387466853713,171.32550048828125,20184900
2017-12-06,170.99838186285845,175.23121560858777,170.40359883208157,174.5273895263672,20255800
2017-12-07,174.26965251096817,178.81969263011035,174.26965251096817,178.57186889648438,20404500
2017-12-08,179.94976261540904,180.69323379300565,177.18405649017194,177.44178771972656,19883800
2017-12-11,177.73919168609788,178.65118124615287,177.2435441995923,177.4814453125,13168600
2017-12-12,177.04526332730197,177.62020101993312,175.06267366014723,175.41954040527344,16854100
2017-12-13,175.75656898128483,177.60037789246152,175.70700121668088,176.74786376953125,14615700
2017-12-14,176.73793112679994,178.78991848266125,176.13324073519394,176.83706665039062,13591000
2017-12-15,177.4616206202517,178.91882536114028,176.80736234353435,178.61151123046875,28463100
2017-12-18,179.43427447688407,179.72175845251718,178.18524841732895,179.24594116210938,17265400
2017-12-19,178.38351409476869,178.51238727197827,176.66857815433568,177.9473419189453,14920600
2017-12-20,178.24473028084086,178.24473028084086,175.81606084556094,176.34144592285156,11860500
2017-12-21,176.3910133740639,177.12456190467773,175.5087615358687,175.9052734375,11600700
2017-12-22,175.59801067699345,175.98461515494012,174.69592851979704,175.65748596191406,8509500
2017-12-26,175.0924206761534,175.4591949439212,173.1494760428211,174.45799255371094,8897300
2017-12-27,175.01309868238997,176.88664523561903,174.72561472196054,176.0737762451172,9496100
2017-12-28,176.40092293940634,177.38231032746017,176.133269083399,176.37118530273438,12220800
2017-12-29,176.4505072989428,177.29311408642891,174.92391967773438,174.92391967773438,10261500
2018-01-02,176.13328018604338,179.999339582654,176.0044221276621,179.84072875976562,18151900
2018-01-03,180.2967176457999,183.1714667479119,179.751502436514,183.0624237060547,16886600
2018-01-04,183.29040248500226,184.58901137891618,182.4973787457023,182.72537231445312,13880900
2018-01-05,183.97440850911812,185.27300234901395,183.3201502745883,185.22344970703125,13574500
2018-01-08,185.57039096893325,187.25558917125224,184.70796929869047,186.6409912109375,17994700
2018-01-09,187.0573499699718,187.1564855131991,185.47128716005633,186.2345733642578,12393100
2018-01-10,185.31265942183705,186.25438649267394,184.01406560430883,186.20481872558594,10529900
2018-01-11,186.75994247751348,186.75994247751348,185.74883262776623,186.13543701171875,9588600
2018-01-12,176.50995417264406,179.9001806600527,175.85569595771645,177.8085479736328,77551300
2018-01-16,179.9199938721921,180.16781755521166,176.49010744378037,176.83706665039062,36183800
2018-01-17,177.69953908497098,177.759029491726,174.2696668008799,176.0540008544922,27992400
2018-01-18,176.57937203338523,179.40455352930326,175.53850932395844,178.23483276367188,23304900
2018-01-19,179.2756959595258,180.78245337771955,178.60160753478826,179.71185302734375,26826500
2018-01-22,179.22612252990405,183.77616253090503,178.8395181205241,183.75633239746094,21059500
2018-01-23,184.4304145604009,187.89994662368082,183.93476712278948,187.70169067382812,25678800
2018-01-24,188.2369925841679,189.000293911204,184.89633352933782,184.9260711669922,24334500
2018-01-25,186.31387123336546,186.9780369934205,184.97563220971773,185.84796142578125,17377700
2018-01-26,186.11561012268066,188.3460235595703,185.18379053333774,188.3460235595703,17759200
2018-01-29,187.10691408254664,187.19612699413045,184.0140788066284,184.36102294921875,20453200
2018-01-30,185.98672099630113,186.54184365059888,180.2570384022226,185.49107360839844,20858600
2018-01-31,186.7302041689349,188.17750129074471,183.6076314733445,185.26309204101562,43275100
2018-02-01,186.58153245475748,193.61973249003813,186.25440331358368,191.4091339111328,54211300
2018-02-02,190.3682544055563,192.51937751905749,188.32618945544513,188.6235809326172,26677500
2018-02-05,185.30276982407926,188.95074334341285,179.03779319712595,179.68212890625,33128200
2018-02-06,177.01552105619726,184.15284064583065,176.19274455076217,183.69683837890625,37758500
2018-02-07,182.5469532686563,183.46886540875073,178.38351763438607,178.61151123046875,27601900
2018-02-08,179.43426751267143,180.25704401733483,169.9872292150419,170.08636474609375,38478300
2018-02-09,173.23866558873263,175.36003575511182,165.7246495458865,174.57691955566406,39887600
2018-02-12,175.51866421721985,176.00440414043877,170.34410387550926,174.87432861328125,32092100
2018-02-13,174.09121520368797,174.43817448841568,171.5931628071067,171.64271545410156,21809400
2018-02-14,171.94010772512257,178.24474427349915,171.70220661542277,177.957275390625,28929700
2018-02-15,178.9287251950358,178.9287251950358,175.3005823170835,178.3934326171875,20922100
2018-02-16,177.43188614357126,178.3141380320879,174.76530034402083,175.81607055664062,20645300
2018-02-20,174.23991262011282,176.40092828892864,173.58565434156927,174.47781372070312,21204900
2018-02-21,175.17170116145113,179.69200278151916,174.86438708449148,176.3612518310547,23200800
2018-02-22,177.14438553164598,178.6412504261423,175.86562183878408,177.43186950683594,18464200
2018-02-23,178.3339385336285,181.79356302621224,177.94733414484938,181.69442749023438,19007300
2018-02-26,182.97321577019545,184.04381608499364,181.62505409148218,183.32015991210938,17599700
2018-02-27,182.84433303041052,183.09215674422944,179.88037109375,179.88037109375,15849800
2018-02-28,180.71306495711616,181.28801781951887,176.58927450496145,176.76771545410156,18783000
2018-03-01,177.45166851941835,178.55200630171427,172.89172172527662,174.4084014892578,23201600
2018-03-02,171.7814903672907,175.56824422955643,171.48411399147727,175.08250427246094,20025900
2018-03-05,174.66616928714208,179.57307632407284,174.35887026906184,178.82960510253906,16189300
2018-03-06,180.19757071409077,180.79235365497092,177.55081536649521,178.21498107910156,15086800
2018-03-07,177.18405716824475,182.21983711221935,176.51989139549858,182.1107940673828,19097300
2018-03-08,181.9620663818067,182.79475036213273,179.87043380263384,180.752685546875,17225900
2018-03-09,182.3090522826453,183.89511507833163,181.61514886416,183.6175537109375,18526300
2018-03-12,183.61753636516113,184.4799731493412,182.61633403635287,183.15162658691406,15301200
2018-03-13,183.99424817762588,184.3709450823562,179.53342109893052,180.29672241210938,18067500
2018-03-14,181.01048389014002,182.64611468770474,180.26701259561747,182.58663940429688,16821700
2018-03-15,181.64486252055227,182.3982411145937,180.60399996726105,182.25946044921875,15614300
2018-03-16,182.88400714179264,183.71669125303876,181.81340680192181,183.47877502441406,24403400
2018-03-19,175.46910536321113,175.6277161779473,168.57960881143305,171.05784606933594,88140100
2018-03-20,166.01212984616492,168.7183602271059,160.54017869460617,166.6862030029297,129851800
2018-03-21,163.36539601220227,171.89052273570618,161.87845372166515,167.91543579101562,106598800
2018-03-22,164.68384689310116,168.7878076803372,162.294822259155,163.4546356201172,73743000
2018-03-23,163.99983995076295,165.1497457300234,157.63572814797135,158.00250244140625,53609700
2018-03-26,159.42006561679813,159.69762700055148,147.72278185161852,158.6666717529297,126116600
2018-03-27,154.94933661726515,161.4324151236609,149.43773821182873,150.8949432373047,79117000
2018-03-28,150.32985376379096,154.52304175315547,149.48726224034175,151.69784545898438,60029200
2018-03-29,153.7993944412321,160.01481756842747,152.79819205869137,158.3990020751953,59434300
2018-04-02,156.43625498252916,157.81415436982158,152.76846666122913,154.03732299804688,36796000
2018-04-03,155.1871944442608,156.0198783949446,149.4971571960068,154.7510223388672,42543900
2018-04-04,150.70654980494265,154.20581929856272,149.19977744796915,153.7498321533203,49885600
2018-04-05,160.15361800773965,160.163540638369,155.28635592058296,157.95294189453125,41449600
2018-04-06,156.35692801425085,160.01480832701012,155.44493859326903,155.83154296875,41644800
2018-04-09,156.44617837378374,159.13257925388,154.68165942316588,156.55520629882812,34915200
2018-04-10,156.55519472850744,164.53512161877373,155.64320524475696,163.60330200195312,57889300
2018-04-11,163.9205425232201,167.181896432086,161.8289094590176,164.8721923828125,56144600
2018-04-12,165.52640901897402,165.99231880630245,161.68019530518626,162.4434814453125,38263000
2018-04-13,163.14730485946228,164.25755022823114,162.3443584676949,163.08782958984375,19990600
2018-04-16,164.27739346518842,164.33686873955153,161.96767451300823,163.3951416015625,18119400
2018-04-17,164.38645157374856,167.52885490688664,164.21793323895758,167.1918182373047,22743000
2018-04-18,165.42725111960013,166.65644676848478,164.3269134857387,164.91177368164062,20969600
2018-04-19,164.75320365323768,166.86466655747395,163.76190878754315,166.6366729736328,22235000
2018-04-20,166.3293694282149,166.9637975775333,164.36660970469242,164.83251953125,19119400
2018-04-23,165.8139220472192,166.9836429090635,163.65289104051004,164.3963623046875,23088100
2018-04-24,163.98990388234432,164.65408475932338,156.81293866920322,158.2998809814453,35079900
2018-04-25,158.74596064992605,159.65795011965272,154.8303489195471,158.2998809814453,41083600
2018-04-26,171.71210128586256,174.73555371199632,169.31316947793533,172.6439208984375,77556900
2018-04-27,175.2708433689428,175.55832735149198,171.09750044096126,172.07887268066406,29804700
2018-04-30,172.27714262752073,174.19034974565892,170.21526244329425,170.5027313232422,20750500
2018-05-01,170.50271803213053,172.5051379094044,168.7481218729266,172.34652709960938,26025900
2018-05-02,172.7331436839345,176.52980512779848,172.6835759116308,174.5373077392578,30424500
2018-05-03,173.60546479650847,174.58683697712183,170.62165773984208,172.505126953125,24026100
2018-05-04,171.5733463168582,175.43939089945704,171.5535161809069,175.07261657714844,17677800
2018-05-07,175.80617829353554,177.93745654155953,175.62773732398264,176.4207763671875,18697200
2018-05-08,176.6982915989415,177.48140780670758,175.5682161735574,177.36245727539062,15577200
2018-05-09,178.10593880910025,181.41685988352248,177.22368702277913,181.06991577148438,23282800
2018-05-10,181.55567579452662,184.5097458274402,180.91134008570188,183.9149627685547,21071400
2018-05-11,183.24084294748693,186.68063698435796,182.57666214559163,185.36221313476562,21207800
2018-05-14,186.07596681987758,186.22465500008715,184.5791018846244,185.01527404785156,15646700
2018-05-15,183.2706073472122,183.6770267635761,181.6052240370376,182.71548461914062,15429400
2018-05-16,182.1008567642753,182.715469842902,181.06991679922325,181.60520935058594,16975500
2018-05-17,181.08976942197225,182.4577614082279,180.6337821771949,182.16036987304688,14840700
2018-05-18,181.8927138036677,182.58661723578024,181.02036941703457,181.08975219726562,13130500
2018-05-21,182.17025394378493,183.68693381361263,181.53582586180445,182.8839874267578,13532900
2018-05-22,183.3201498461213,183.80588976928098,181.83320756709747,182.1999969482422,12731400
2018-05-23,180.9113336557627,185.2829481430997,180.594112002042,185.2730255126953,16628100
2018-05-24,184.26190975571723,185.17389929266875,183.41930299961913,184.31146240234375,12354700
2018-05-25,184.40067208372395,184.70797106682298,182.84433191001733,183.31024169921875,10965100
2018-05-29,182.7352860669987,185.18378551702415,182.1107806072386,184.12310791015625,16398900
2018-05-30,184.91613265056702,186.36342977123363,183.63736896340973,186.0363006591797,13736900
2018-05-31,186.23456797963453,191.04235429390687,185.8479635737623,190.11053466796875,30782600
2018-06-01,191.38931057039616,192.8564227638772,190.39801568610582,192.30130004882812,17307200
2018-06-04,190.16999095245777,192.29136122110037,189.80321671647377,191.5974578857422,18939800
2018-06-05,192.60859865668937,193.30250204910965,190.94321538892117,191.26043701171875,15544300
2018-06-06,189.3670479502752,190.8539901778862,187.46376371404816,189.67434692382812,22558900
2018-06-07,189.08948984574496,189.30757591960182,185.14414063626342,186.54185485839844,21503200
2018-06-08,185.8975324185664,187.83055445910182,184.80710197213114,187.45387268066406,12677100
2018-06-11,187.16637372964308,190.92338959177852,187.1564662267254,189.8726043701172,12928900
2018-06-12,190.49713458751896,191.59747250538933,189.8924441078612,190.72512817382812,11562700
2018-06-13,191.06220607339824,192.80687984931063,190.23942939825753,190.73507690429688,15853800
2018-06-14,191.41901528737353,195.56261993064606,191.23066687159624,195.09671020507812,19120900
2018-06-15,194.08559017629798,195.35446135733324,192.94560727751866,194.14508056640625,21860900
2018-06-18,193.10425471126862,197.84264324995695,192.44008892561553,196.5836944580078,16826000
2018-06-19,194.5316945041622,196.23672274838665,192.10301017452244,195.77081298828125,19994000
2018-06-20,197.36679780386885,201.77805657326797,197.07931384559498,200.24154663085938,28230900
2018-06-21,200.99493669999057,201.61945729069967,198.34818128721037,199.74591064453125,19045700
2018-06-22,199.40888807845093,200.4794883982593,197.574986441324,199.9838409423828,17420200
2018-06-25,198.258967170796,198.258967170796,191.42894635680042,194.6407470703125,25275100
2018-06-26,195.87987812805744,197.3668204768252,194.52179383053024,197.26768493652344,17897600
2018-06-27,197.44612978191714,199.002470184042,194.09556298551814,194.1352081298828,18734400
2018-06-28,193.4809269043523,195.62212746969882,191.5776425549196,194.52178955078125,18172400
2018-06-29,195.6023334373244,195.87989482267386,192.2715816871701,192.62844848632812,15811600
2018-07-02,191.68668061146298,195.7311654210613,190.54669758251922,195.64195251464844,13961600
2018-07-03,192.85644072926257,193.69903238382457,190.8441131367732,191.05227661132812,13489500
2018-07-05,193.04474752797844,196.92069855429588,192.34092159106035,196.72244262695312,19684200
2018-07-06,196.72245782568604,201.8672804615918,195.97898669624203,201.46084594726562,19740100
2018-07-09,203.14605121571313,204.00848804152199,200.3605150406485,202.9577178955078,18149400
2018-07-10,202.71982305231717,203.1262576236307,200.4993168556891,201.76817321777344,13190100
2018-07-11,200.45964897718486,202.71980006118886,199.99373918017042,200.77685546875,12927400
2018-07-12,201.65910416431842,205.27733944399571,201.42120308082687,205.1187286376953,15454700
2018-07-13,206.00098359257464,206.61558156891698,204.65282197037004,205.5152587890625,11486800
2018-07-16,205.6937097899459,206.90309088408898,205.0394514683352,205.42605590820312,11078200
2018-07-17,203.1163004856667,208.62791233417767,203.0568252172297,208.16200256347656,15349900
2018-07-18,207.99350842443914,209.1533216715766,206.62551658762877,207.53750610351562,15334900
2018-07-19,206.95265289095713,208.16203395139533,205.95143530143656,206.278564453125,11350400
2018-07-20,207.03193426662722,209.65885955343802,206.68497502076514,208.11244201660156,16163900
2018-07-23,208.7468760040104,209.7778160156813,206.98237234156252,209.07400512695312,16732000
2018-07-24,213.23742640742554,214.3179341161598,210.74928188873358,212.80125427246094,28468700
2018-07-25,213.8421399408823,216.71688913952175,212.40476534156258,215.6066436767578,58954200
2018-07-26,173.36756255605715,178.56195322047824,172.23748698747983,174.7256317138672,169803700
2018-07-27,178.3042291582707,178.36370443890027,171.49403725887618,173.36758422851562,60073700
2018-07-30,173.77397224964253,173.77397224964253,165.11005071176103,169.5708770751953,65280800
2018-07-31,169.1842904402936,172.72322031956105,168.52012470510036,171.07766723632812,40356500
2018-08-01,172.41591285655338,173.55591105496342,169.41229055168418,170.15576171875,34042100
2018-08-02,169.19418603518955,175.2509977548073,168.78776667052847,174.83465576171875,32400000
2018-08-03,176.143193705186,177.2930994227068,174.61659108428015,176.23240661621094,24763400
2018-08-06,177.4120446075218,184.17266777499256,176.8271842627591,184.07354736328125,49716200
2018-08-07,184.87650089173556,186.6608347566333,182.1207022493779,182.2099151611328,33398600
2018-08-08,183.14171314563106,185.22343826289293,182.16032585447192,183.56796264648438,22205200
2018-08-09,184.23213801553413,184.94587145598422,180.8914643738293,181.49615478515625,19732100
2018-08-10,180.45533025815902,180.51482066235562,177.85814226879398,178.69082641601562,21500400
2018-08-13,178.5322032642752,181.02034781896825,177.34263737862955,178.48263549804688,17423300
2018-08-14,179.13690484548934,180.40576108482483,177.0650870456417,179.53341674804688,19102000
2018-08-15,177.77879940177561,179.29547918109884,173.2584976966587,177.96714782714844,33020200
2018-08-16,178.84939094883012,178.92869634127072,172.49518818537305,173.17918395996094,31351800
2018-08-17,172.9809517112012,174.68598006708459,170.54235971933474,172.28704833984375,24893200
2018-08-20,172.5249701689092,173.0503704196409,169.42222719404683,170.99838256835938,21518000
2018-08-21,171.3056580091081,172.65381958969067,169.89802115858143,171.1173095703125,19578500
2018-08-22,170.71091915104788,172.72324679740274,170.63161373567903,172.1284637451172,16894100
2018-08-23,171.58323065334875,174.0218227633762,171.32549942463032,171.39488220214844,18053600
2018-08-24,172.18794194566263,173.29820265369625,171.4147330401537,173.12966918945312,14631600
2018-08-27,174.45798700324298,177.11464995458536,174.25971593144564,175.91519165039062,17921900
2018-08-28,176.54962580560777,176.68840648504852,174.29938217199907,174.7256317138672,15910700
2018-08-29,174.76530146681773,175.25102630824728,173.22879128005718,174.3687744140625,18494100
2018-08-30,174.3687542245393,178.22489050107828,174.17049828409725,176.09361267089844,24216500
2018-08-31,175.60789335361738,176.0738031875716,173.45678513934126,174.20025634765625,18065200
2018-09-04,171.98967045259835,172.37627487047934,167.33058730414652,169.6700439453125,29809000
2018-09-05,168.01458975330803,169.64031289754718,165.21913068006464,165.7246856689453,31226700
2018-09-06,165.52641733879844,165.52641733879844,158.6071832066759,161.1151580810547,41514800
2018-09-07,158.9144664613776,163.19686724418932,158.76577829223478,161.62069702148438,24300600
2018-09-10,162.08662767267808,163.57357005954762,160.7483886000716,162.75079345703125,20197700
2018-09-11,162.5129086097748,165.7346174368839,162.29482249447815,164.49549865722656,20457100
2018-09-12,161.82890140863114,163.05811259821402,160.3915267490299,160.58978271484375,24078100
2018-09-13,160.58975030376206,161.89826664077086,159.45967488814424,159.955322265625,25453800
2018-09-14,160.3122298843409,161.4224754528582,158.9442379331596,160.90701293945312,21770400
2018-09-17,160.51049114791084,160.64927184854693,158.37921286115068,159.18215942382812,21005300
2018-09-18,158.0024895664645,160.35185358058038,157.48701199604824,158.90457153320312,22465200
2018-09-19,158.68649405284017,162.01724561939005,158.09171104504333,161.6405487060547,19629000
2018-09-20,163.06799572474512,165.0010175728863,163.03825809061667,164.57476806640625,18936000
2018-09-21,165.18936815138855,165.79405859644982,161.3927071767853,161.51165771484375,45994800
2018-09-24,159.62820142342736,164.25754635300876,159.47951325288895,163.97007751464844,19222800
2018-09-25,160.57986230734045,164.1485147831148,159.74716311629632,163.4744415283203,27622800
2018-09-26,162.8697482596192,167.8262225515981,162.78053535259377,165.49667358398438,25252200
2018-09-27,166.09146025855756,170.27472586448513,165.7544236294065,167.37022399902344,27266900
2018-09-28,166.86465689793098,167.3206440392169,161.14488161871418,163.02835083007812,34265600
2018-10-01,161.6108309086778,164.43602785361242,159.8562344336354,161.02597045898438,26407700
2018-10-02,160.17343728359683,160.8673407123467,157.28876539483633,157.94302368164062,36031000
2018-10-03,158.60716737566852,162.2353099596169,158.14125761142583,161.01600646972656,23109500
2018-10-04,160.05445826791555,160.05445826791555,155.98023620785835,157.46717834472656,25739600
2018-10-05,157.82405783719972,159.4993334078669,154.84025069375616,155.96041870117188,25744000
2018-10-08,154.18599788621452,156.9616265557203,153.04601483268362,155.88111877441406,24046000
2018-10-09,156.31728821100234,159.19203724206622,156.04963436470246,156.52545166015625,18844400
2018-10-10,155.4548877725954,156.31730957458828,149.99284269074408,150.06224060058594,30610000
2018-10-11,148.82309002603787,153.46234233174889,147.8615328802378,152.0150604248047,35338900
2018-10-12,155.36564977512566,155.5242605937799,149.98292557845363,152.4016876220703,25293500
2018-10-15,151.9853225608841,154.21573581046638,151.22202134686995,152.18357849121094,15433500
2018-10-16,154.04723009835809,158.0719003251682,153.6606256705908,157.39781188964844,19180100
2018-10-17,158.1710072394392,159.09291933521772,156.57502189165865,158.0322265625,17592000
2018-10-18,157.1301251319511,157.27882841979354,151.94565783280964,153.57138061523438,21675100
2018-10-19,154.50322574740176,155.98026061313823,152.213336918493,152.708984375,19761300
2018-10-22,153.41277179821876,155.97031409723388,153.1153954706244,153.43260192871094,15424700
2018-10-23,149.90361745909107,153.42271741381617,149.536843182799,153.0460205078125,19095000
2018-10-24,152.9369669569993,153.3037412080965,144.33253499208868,144.76869201660156,27744600
2018-10-25,146.44400009056494,150.8850123985702,145.72035900560203,149.63597106933594,22105700
2018-10-26,144.5506327795137,147.70294337086048,142.54821280190168,144.1045379638672,31303300
2018-10-29,147.20727635601764,147.5344054519238,137.81971348202526,140.8530731201172,31336800
2018-10-30,138.72178349712598,145.36345499827246,138.52352758123263,144.94711303710938,50528300
2018-10-31,153.65072199035978,155.03852891279155,147.66330696306153,150.46865844726562,60101300
2018-11-01,150.20099202743262,151.42028039369788,148.04988413089902,150.42898559570312,25640800
2018-11-02,150.47854254144468,152.78826106981955,147.66326914778668,149.04116821289062,24708700
2018-11-05,148.79336367380557,148.8825765804582,146.15651573126158,147.38571166992188,15971200
2018-11-06,148.0102449729076,149.6557982024448,146.71165102252405,148.634765625,16667100
2018-11-07,150.25056724684592,151.67801912097306,148.52570876741538,150.21090698242188,21877400
2018-11-08,149.17998197671446,149.6260616775448,145.46262592652752,146.58277893066406,24145800
2018-11-09,145.47251594430753,146.47371827479716,142.8158530669091,143.69810485839844,17326900
2018-11-12,143.22228156901284,143.7774042876356,139.26702463584598,140.3177947998047,18542100
2018-11-13,140.76388978036832,143.61882421622144,140.38719284064845,140.92250061035156,15141700
2018-11-14,142.44904583446228,144.31268471691283,140.31776827281817,142.9645233154297,22068400
2018-11-15,141.0909907299261,143.57913523312448,139.60404852960136,142.59776306152344,30320300
2018-11-16,139.84198661292328,140.5358900564823,136.5707102350472,138.3153839111328,37250600
2018-11-19,136.41205889906274,136.55083954655822,130.0677791193329,130.40481567382812,44362700
2018-11-20,125.92417487518362,132.99211150709772,125.74574151200677,131.27716064453125,41939500
2018-11-21,133.2300052086607,135.9957259664938,132.9623665231598,133.6463623046875,25469700
2018-11-23,132.48655152128535,133.32915819969682,130.11735741928078,130.58326721191406,11886100
2018-11-26,131.84221340822126,135.80739275884446,131.6241273338603,135.1927947998047,24263600
2018-11-27,134.56826968722874,135.42078382398725,132.54603494182575,133.82479858398438,20750300
2018-11-28,135.09367119656213,135.5992261630699,130.70224193837456,135.56948852539062,29847500
2018-11-29,134.73680966555068,138.77138742870687,134.4790784203067,137.4727783203125,24238700
2018-11-30,137.05640709084486,139.7428225266298,136.16424786361634,139.38595581054688,25732600
2018-12-03,141.75516267065694,142.42923590401517,139.53465677508606,139.86178588867188,24819200
2018-12-04,139.5049380461706,142.14178631840102,135.9660228395127,136.72930908203125,30307400
2018-12-06,132.65506971188452,138.4838725125762,132.50636642492378,138.41448974609375,28218100
2018-12-07,138.03782651860317,139.64371955233614,135.470376140337,136.2237548828125,21195500
2018-12-10,138.38476004127986,141.80472407388615,137.79988461392819,140.61517333984375,26422200
2018-12-11,142.6275193234303,142.6275193234303,139.87172062898193,140.8431854248047,20300300
2018-12-12,141.83447428129028,145.9086968728815,141.26942893510338,143.2421112060547,23696900
2018-12-13,144.30281856276181,144.58037994913093,141.94353165266327,143.7476806640625,18148600
2018-12-14,142.09219001086083,144.73894525603407,141.2694135290645,142.80592346191406,21785800
2018-12-17,141.83446110389585,143.6584398967254,137.21502372830864,138.96961975097656,24334000
2018-12-18,139.85188126324957,144.65965227927774,138.61276268293932,142.409423828125,24709100
2018-12-19,139.98077696885701,143.64856553179374,131.3465906559733,132.0801544189453,57404900
2018-12-20,129.5622456994865,134.3898623454241,128.86834226632146,132.23873901367188,40297900
2018-12-21,132.22882044679108,133.7256702363829,122.34560950669906,123.86228942871094,56901500
2018-12-24,122.02838417735094,128.6105883812805,121.94907878095904,122.98002624511719,22066000
2018-12-26,124.90316229266219,133.0714380339725,124.79411924435239,133.01194763183594,39723400
2018-12-27,131.28708871863012,133.81489354132347,128.54119782489917,133.34898376464844,31202500
2018-12-28,134.1618521112041,134.73680498535606,131.04918663800913,132.0404815673828,22627600
2018-12-31,133.2796042061867,133.4679526685417,128.81877689089325,129.9488525390625,24625300
2019-01-02,127.867135867288,136.31295760854468,127.44087119055204,134.49888610839844,28146200
2019-01-03,133.5174709264606,135.97587727769286,129.97854197495218,130.59315490722656,22717900
2019-01-04,132.8434258709111,136.79869801987482,132.58569463882793,136.74913024902344,29002100
2019-01-07,136.36254185050532,137.6611359191168,134.7269111020634,136.84828186035156,20089300
2019-01-08,138.67222795755654,141.8939360341055,138.3252687296988,141.28924560546875,26263800
2019-01-09,141.70560054652648,143.44036659235024,140.04023240299622,142.97445678710938,22205900
2019-01-10,141.83448713202247,143.30159946279355,139.61398093807526,142.94473266601562,16125000
2019-01-11,141.9038669761201,144.09463548546228,141.32892921218115,142.5482177734375,12908000
2019-01-14,140.76387015955348,145.29409493148682,140.04022914681872,144.12435913085938,20520300
2019-01-15,144.738986701115,149.3683328301402,144.71917169054814,147.6533966064453,24069000
2019-01-16,147.70289676033576,148.34723220588796,145.72030754207623,146.25559997558594,18025700
2019-01-17,145.6707790695301,147.70293659145,145.2246994003183,147.009033203125,15787900
2019-01-18,148.4464178404582,151.10308102949585,147.25686693303894,148.73388671875,31029600
2019-01-22,147.90123169895796,150.2109511877148,145.09586464075022,146.28543090820312,22378700
2019-01-23,146.98918745485338,147.50466497111537,141.8146275394157,143.04383850097656,20098400
2019-01-24,143.38091857820876,145.16525273261752,141.27937786632864,144.56056213378906,20955500
2019-01-25,146.1961648899975,148.5257139119325,145.26434528122348,147.7128448486328,22237200
2019-01-28,146.76121691063824,147.6632989240889,144.93723787589587,146.18626403808594,15508500
2019-01-29,146.80085852361344,146.81078115325562,142.18142064639198,142.934814453125,17632100
2019-01-30,144.94712996181704,149.63595023069124,144.4316524195393,149.11056518554688,44613200
2019-01-31,164.15844480413764,170.18550460695715,163.56366180174726,165.23895263671875,77233600
2019-02-01,164.39635989597022,167.6279912908608,164.21793405564347,164.2675018310547,30806500
2019-02-04,164.25757222204984,167.82624013658665,162.1956768854242,167.77667236328125,20036000
2019-02-05,167.67753145426727,170.48289792287443,167.22154425674623,169.6700439453125,22557000
2019-02-06,169.7096855492788,170.96863432011753,167.79649363363717,169.00587463378906,13281200
2019-02-07,166.73577394594173,167.76672895660857,163.81145745826257,164.93162536621094,17517600
2019-02-08,163.03826346354623,165.91301244772862,162.78053225061998,165.8733673095703,12561400
2019-02-11,166.43840403876956,166.83493106571902,163.64296034708318,164.34677124023438,12811200
2019-02-12,165.4074659623436,166.8745781643805,163.06800941673683,163.60330200195312,16292300
2019-02-13,163.94034799052733,164.77303203865117,162.30470240389937,162.64175415039062,14205100
2019-02-14,161.7694179484916,163.43478612823927,160.83759831774523,162.52279663085938,12755200
2019-02-15,163.0779159732994,163.26626442147275,159.45969569593382,161.08541870117188,15504400
2019-02-19,159.10281673177204,162.72103673167507,158.93429842947643,160.87722778320312,14345400
2019-02-20,160.83759846030406,162.2948031818548,159.84630355453947,161.1448974609375,11770700
2019-02-21,160.5203667171822,160.82768082441467,158.2007404140604,158.64682006835938,15607800
2019-02-22,159.18211913634306,160.99619041650877,158.91446530787059,160.480712890625,15858500
2019-02-25,161.6504557921238,164.6243402932276,161.48192235955088,163.18695068359375,18737100
2019-02-26,162.90941164198253,164.7928811594308,162.37411901392596,162.7012481689453,13784100
2019-02-27,161.4819436294445,162.50297623256728,159.0136288490233,161.39273071289062,12697500
2019-02-28,160.9565451403324,162.07671319723192,159.45969531394803,160.0445556640625,11114200
2019-03-01,161.18456172606506,161.70994682907624,160.2824797092118,160.86734008789062,11097800
2019-03-04,162.4732153985315,166.0418828108191,162.40383262643738,165.9130096435547,18894700
2019-03-05,165.9130283488519,170.38377818411251,165.10017436805197,169.7691650390625,28187900
2019-03-06,171.39487465270062,172.0590555174548,169.77907432212362,171.00827026367188,21531700
2019-03-07,170.0070634938106,170.24497969856398,166.1509272067736,167.65769958496094,18306500
2019-03-08,164.75317000209301,168.14339593519315,164.52517646482,168.1235809326172,13184800
2019-03-11,170.10620324497287,172.78269632948613,170.0863731125954,170.57211303710938,18884000
2019-03-12,170.59194972821626,172.28707080192572,169.72952793465865,170.42343139648438,12155300
2019-03-13,170.81994651046446,172.51505233958744,170.62167542728005,171.8607940673828,11973300
2019-03-14,168.2821946645701,169.660093789461,166.69613210857162,168.68862915039062,18037400
2019-03-15,165.70483086291247,166.1211728348144,161.09530128822368,164.53509521484375,37135400
2019-03-18,162.1461097585963,162.47322375608724,157.89344627970175,159.07308959960938,37524200
2019-03-19,160.0742699027431,162.39391108315573,159.42002687202103,160.1634979248047,25611500
2019-03-20,160.0941277919876,164.6739054309311,159.8363965610117,163.9998321533203,20211500
2019-03-21,163.4546035608646,164.9415458026552,162.3245280621421,164.63424682617188,16223000
2019-03-22,164.20797177376963,165.96256774310814,162.66155436050494,162.9093780517578,16389200
2019-03-25,161.5810539585268,165.09023092895288,160.5897591489653,164.8424072265625,12631200
2019-03-26,165.89322287771373,167.97493328428456,164.90192788621488,166.2203369140625,15437900
2019-03-27,166.38886129251935,167.4693691440519,163.35548607827695,164.42608642578125,10620300
2019-03-28,163.13740670660943,165.26868466187196,161.90819560219353,164.10887145996094,10443000
2019-03-29,164.94156113552356,165.73460009672405,163.37531334679161,165.23895263671875,13455500
2019-04-01,166.36899323627432,167.42967071201872,165.82377811979035,167.23141479492188,10381500
2019-04-02,168.65889357946216,173.37745129573844,168.07403328839868,172.6835479736328,23946500
2019-04-03,172.98096190340783,176.41084894957973,171.4444517667529,172.02931213378906,27391100
2019-04-04,174.48773193359375,176.45049159357944,174.0019919889176,174.48773193359375,17847700
2019-04-05,175.34024382982997,175.45919437554022,173.57574014731654,174.19033813476562,9594100
2019-04-08,173.68477251111253,173.9722413542248,172.71329269434176,173.40719604492188,7297400
2019-04-09,174.09120452139553,177.63013455501002,174.0218217442837,176.03414916992188,19751000
2019-04-10,176.6289005579915,177.2335909922433,175.0031776877674,176.2720489501953,11701500
2019-04-11,176.6883777216429,176.8469733823574,175.45916681387345,175.9647216796875,8071000
2019-04-12,176.4504936230873,178.06630916342613,176.4009258524956,177.54092407226562,12329800
2019-04-15,176.94613753448198,178.9287273107787,175.3303220264931,178.08612060546875,10834800
2019-04-16,177.44178516320514,178.6015983684305,176.74788176597113,177.3129119873047,11215200
2019-04-17,178.036578222033,179.16665385460973,176.80736704454446,177.2237091064453,9973700
2019-04-18,177.2435354571373,177.32284086618182,175.79623821250544,176.72805786132812,11655600
2019-04-22,176.69831676064928,180.0885435195673,176.69831676064928,179.8605499267578,13389900
2019-04-23,181.14920539426612,182.61631736740568,179.9001643470362,182.18014526367188,19954800
2019-04-24,182.88399264176886,183.5283282450124,180.06870376711515,180.99061584472656,37289900
2019-04-25,195.26527031280025,196.75221270198747,190.44757636679515,191.57765197753906,54148800
2019-04-26,190.82427678927803,191.2207887166378,187.4439573987803,189.8230743408203,22075000
2019-04-29,189.28773553341924,193.70891691505915,188.99034407372864,193.0843963623047,19641300
2019-04-30,192.49954679695807,195.67168724983304,190.6061700282569,191.71641540527344,23494700
2019-05-01,193.08442124281683,194.4722280655926,191.32982501791042,191.3496551513672,15996600
2019-05-02,191.3199290105302,192.31122397949665,188.09822036138914,190.85401916503906,13209500
2019-05-03,192.68789436252177,194.45239795411985,192.02372863992778,193.76840209960938,14575400
2019-05-06,189.5752277508168,192.5887573629574,188.89123190151273,192.19224548339844,13994900
2019-05-07,190.86390255989102,191.2207693086788,186.2147424485166,188.11802673339844,16253000
2019-05-08,187.74134172164767,189.05976576230006,186.90865763048612,187.89002990722656,12505700
2019-05-09,185.5704073630469,188.11804258663693,184.63858771124293,187.00778198242188,12967000
2019-05-10,186.61127231518952,188.3460384588898,182.98312920727724,186.7004852294922,12578500
2019-05-13,181.90258484938522,183.8157764377503,179.2657372098946,179.9596405029297,16833300
2019-05-14,180.93113395389048,181.89269113496795,176.5496126846514,179.15670776367188,17628100
2019-05-15,178.84941753091877,185.6497009023566,178.45290563573982,184.64849853515625,16746900
2019-05-16,183.43909887484836,186.93836817733208,183.43909887484836,185.36221313476562,12953100
2019-05-17,183.23096358840667,185.9471173251348,182.67584081032177,183.6869659423828,10485400
2019-05-20,180.29671049516125,182.62624429559708,179.7911404457111,181.12939453125,10352000
2019-05-21,182.96331213224315,184.08346511529646,182.28922371566398,183.2111358642578,7502800
2019-05-22,183.12189638384365,185.11440874536711,182.0116509740916,183.70677185058594,9213800
2019-05-23,180.83201181191941,182.29912401217322,178.10595086753645,179.29550170898438,12768800
2019-05-24,180.74280498768937,182.03149141179736,179.25586260432482,179.48385620117188,8807700
2019-05-28,179.95966018123755,183.1020781625244,179.87044727508288,182.70555114746094,14843300
2019-05-29,181.902613056076,182.95338322360334,179.77133508427698,180.60401916503906,12797700
2019-05-30,181.48625275445895,181.88276462179326,179.3153147348018,181.41685485839844,8581500
2019-05-31,178.71063065528207,178.96836186561143,175.61779562749524,175.9250946044922,15226500
2019-06-03,173.47660994406445,173.52617771495474,159.60838865233333,162.72105407714844,56059600
2019-06-04,162.2848995086612,166.81510946943578,159.43987277631106,166.04190063476562,46044300
2019-06-05,166.0220284220072,167.25123926796664,163.19684766552209,166.70602416992188,19758300
2019-06-06,166.83493216333275,168.22273895188772,165.77423937596896,166.8646697998047,12446400
2019-06-07,168.68867728521195,172.35646595462615,167.3702530501433,171.84100341796875,16917300
2019-06-10,173.2287893501652,176.311717193424,172.28706219004877,173.29818725585938,14767900
2019-06-11,176.9263033452393,178.41324564337222,175.25101260252274,176.54962158203125,15266600
2019-06-12,176.8271870333414,177.70943887898022,171.37506514713394,173.51625061035156,17699800
2019-06-13,174.00198021507543,176.4802172888684,173.08999078703468,175.9250946044922,12253600
2019-06-14,178.9386263311227,180.2570502849708,178.43307140748,179.75149536132812,16773700
2019-06-17,183.39945977368052,187.85037921736884,182.80469192297429,187.36463928222656,29459900
2019-06-18,192.31122084075142,192.8366059556519,185.6497175479434,186.82936096191406,37571400
2019-06-19,185.37214411465936,186.46257454218826,182.94347466348276,185.84796142578125,21417100
2019-06-20,189.28774856610033,189.49592714000448,186.00656503303472,187.88011169433594,14635700
2019-06-21,187.1068804174429,190.32858829218034,187.1068804174429,189.47607421875,22751200
2019-06-24,190.74497517865618,192.29139290251183,189.90238353474035,190.9234161376953,15509000
2019-06-25,191.20097658051884,191.4587078245781,186.4923255240796,187.19613647460938,16750300
2019-06-26,187.89003717436265,189.09941821704652,185.67945368281707,186.0264129638672,12808600
2019-06-27,188.22706919422956,197.14872276061521,186.63108389564889,187.85037231445312,11159000
2019-06-28,188.8912462907689,191.5181717263665,188.28655579650456,191.31991577148438,16378900
2019-07-01,193.51068415672523,193.58006693425207,190.25922296762738,191.31991577148438,14181800
2019-07-02,191.31991569323418,193.30250549316406,191.03244682766663,193.30250549316406,9050000
2019-07-03,192.4698227988755,195.68160861736712,192.4698227988755,195.4833526611328,10246100
2019-07-05,194.47222153436704,195.35448849502401,192.47972427873574,194.6903076171875,11164100
2019-07-08,193.49083226259162,194.9678518174169,191.95432231462846,194.0558624267578,9723900
2019-07-09,193.2727648400982,197.72368431682693,193.19345943422346,197.47586059570312,14698600
2019-07-10,198.25896407775548,201.19320340152802,197.93183497191214,200.96519470214844,20571700
2019-07-11,201.49058353876885,202.02589122238965,198.46714638045125,199.47825622558594,13678500
2019-07-12,197.9417703650457,203.5128583262566,197.42630787650432,203.0865936279297,15366300
2019-07-15,202.47197008541062,203.5425703225195,200.06313089638468,202.1349334716797,16030300
2019-07-16,202.11511952873352,203.68136730888554,201.33200320163752,202.0655517578125,12132700
2019-07-17,202.40257590882334,202.5810168479359,199.83512586872124,200.04330444335938,12083700
2019-07-18,198.40767539491912,200.70748690695692,197.6443891848717,199.03219604492188,11937900
2019-07-19,200.41999361955826,200.56869692864873,196.34578614217662,196.6332550048828,12098300
2019-07-22,198.16975268982955,200.8066005624614,197.07932232867844,200.55877685546875,13589000
2019-07-23,201.0742364649602,202.462058280297,199.2106125000748,200.59841918945312,14583700
2019-07-24,195.90960129358152,203.02709088347058,195.50316678471034,202.87840270996094,32532500
2019-07-25,204.90064563487275,206.84359022630701,196.53411455148293,198.96279907226562,39889900
2019-07-26,198.447326346332,201.11391201920256,194.5416220616041,198.0111541748047,24434000
2019-07-29,197.26768926146963,197.89220990195136,193.5999010792876,194.2343292236328,16530800
2019-07-30,193.68910703842727,196.9802133181637,191.8155603102032,195.32473754882812,11903600
2019-07-31,195.23553857855745,197.0297800289434,191.00270488074463,192.53921508789062,14593500
2019-08-01,192.4797437978343,196.74231522255104,189.2183899801325,191.05227661132812,17777000
2019-08-02,189.43645260607656,190.9432098931184,186.43283040922628,187.3745574951172,15297000
2019-08-05,183.0822341807865,184.05369882377602,177.7788010909351,180.1479949951172,23086700
2019-08-06,182.09096986760073,184.17268016509672,181.49618685348165,182.90382385253906,18035700
2019-08-07,182.00174358272056,184.74761947288266,179.642456959587,183.53823852539062,15833200
2019-08-08,184.9954313391032,188.68304921720795,182.44781156029177,188.50462341308594,14828900
2019-08-09,188.34603017251814,189.31749493498137,185.49109603275392,186.21475219726562,11058800
2019-08-12,185.22345975312427,185.95700830499604,182.85426552621433,183.75633239746094,10930900
2019-08-13,183.90500763965017,189.7139955234168,183.75630435045628,186.8094940185547,13577000
2019-08-14,184.18258120939504,184.37092964599083,177.74907236030677,178.14559936523438,18903700
2019-08-15,179.37481100961836,181.6052245579926,178.46282150717607,181.0005340576172,12925900
2019-08-16,182.1504131003642,183.48866708372955,180.77251398181335,182.10084533691406,12654600
2019-08-19,184.39075137486302,185.86778616090027,183.24086083354322,184.5493621826172,9691200
2019-08-20,183.83563821004856,184.38085343626173,180.80227820270235,182.2099151611328,10083400
2019-08-21,183.38956889079205,184.28172831068724,181.5457596471759,181.9521942138672,8398200
2019-08-22,181.83319086164633,182.50727916503908,178.34384419146897,180.45529174804688,10821400
2019-08-23,179.26573377747073,181.53580715988255,175.12212910271563,176.20263671875,17323400
2019-08-26,177.8382977570461,178.92872818974976,176.68840717687456,178.78994750976562,8773600
2019-08-27,180.3462767514678,182.4379096286173,179.43428724414596,179.72177124023438,14399600
2019-08-28,178.95846118228755,180.36609807872819,177.36247584090782,180.17774963378906,9386100
2019-08-29,182.17028633661246,184.46017536584702,181.87289481149963,183.95462036132812,10128700
2019-08-30,185.1540795138243,185.1739096491603,181.86298796823442,184.05374145507812,10774500
2019-09-03,182.39826200894478,184.05372268054123,180.5247152487826,180.80227661132812,9779400
2019-09-04,183.04258051332087,186.11560047297843,182.289201903489,185.5109100341797,11308000
2019-09-05,186.88882563279574,189.69419200509188,186.30396527407314,189.23818969726562,13876700
2019-09-06,188.5542028808882,188.5542028808882,184.72780409788703,185.85787963867188,15226800
2019-09-09,186.09578874444315,187.33490737878313,184.2321646040486,187.1168212890625,14722400
2019-09-10,185.80831088948224,186.46256912699883,182.94346935049393,184.5493621826172,15455900
2019-09-11,184.83685468140106,187.79090926366644,184.46015777711304,186.84918212890625,11761700
2019-09-12,188.2072527077104,189.26793039867314,185.6001422473146,185.8380584716797,11419800
2019-09-13,185.6992665141406,186.33369461463457,184.916135110212,185.56048583984375,11441100
2019-09-16,185.30271826471994,186.1552323451322,184.15282786343147,184.59890747070312,8444800
2019-09-17,185.03509691872384,186.68064996960592,183.92483642154767,186.44273376464844,9671100
2019-09-18,186.45264475670885,187.43403210381956,184.39074965303598,186.50221252441406,9681900
2019-09-19,187.01767496278183,189.43643662205002,186.512104949403,188.4847869873047,10392700
2019-09-20,189.00025209471,191.41901359518056,186.48235507335187,188.27659606933594,19934200
2019-09-23,187.69176244752776,188.44515621084508,183.5977250205933,185.19371032714844,13327600
2019-09-24,186.3435916691003,186.4030669367556,178.81966779154138,179.70191955566406,18546600
2019-09-25,179.87045555900784,181.8233077110018,176.321618022033,181.20870971679688,18068300
2019-09-26,179.75149517282722,179.8208779461365,176.12335242778306,178.5421142578125,16083300
2019-09-27,178.91882348545542,179.18646222006666,174.1308672621529,175.55833435058594,14656200
2019-09-30,176.3216065865108,177.11464547576873,175.31049675051665,176.52978515625,10740000
2019-10-01,177.5904776543643,178.27447356464504,173.35765926557306,174.27955627441406,17073000
2019-10-02,173.31797919637933,174.99326982848052,171.58321329643329,173.080078125,16151700
2019-10-03,174.0416652854714,178.27448392013582,172.1185506219474,177.81849670410156,16086300
2019-10-04,177.98700626999957,179.40455074799638,176.54963165829395,178.87916564941406,10430200
2019-10-07,178.43306632715974,179.6027869459555,176.53968960423595,178.1158447265625,9178300
2019-10-08,176.7081915812905,178.79982404836286,176.17289908718627,176.20263671875,9466900
2019-10-09,177.60035181058598,179.14676903299477,176.39097113645485,178.2843475341797,7556900
2019-10-10,178.7502830306757,180.02904664889869,177.6102849514643,178.46279907226562,8605000
2019-10-11,180.56438901265673,184.86662106602512,180.5544815074095,182.58663940429688,14930500
2019-10-14,182.59652934670203,183.01287141647379,180.98072884100796,181.68453979492188,7006000
2019-10-15,182.19999465624394,188.7227165199571,182.06121398365255,187.2456817626953,15039100
2019-10-16,186.68065964915132,188.048636302201,185.27300760428005,187.8999481201172,10516900
2019-10-17,188.64339208408106,189.17868458836452,187.12671234166106,188.73260498046875,9603000
2019-10-18,188.5740394528963,189.82308080594515,182.31897056109966,184.232177734375,16874200
2019-10-21,185.4117852721347,188.2568118261365,185.12431641612076,188.1081085205078,8122600
2019-10-22,188.3460071495554,188.99034270257863,179.92000156654896,180.752685546875,19537600
2019-10-23,180.4255657834059,184.75753445744107,180.41565828049383,184.52952575683594,12300400
2019-10-24,183.01283412126412,185.10446667413535,181.20868551991097,184.7575225830078,11413500
2019-10-25,184.21232949714437,187.35473245387462,183.47876584007477,186.25439453125,8061200
2019-10-28,185.57039034704746,187.8801091309516,183.46885013420712,187.75123596191406,13657900
2019-10-29,190.02130430737162,190.85398831648254,186.8293338131547,187.66201782226562,13574900
2019-10-30,187.90984563878274,188.7920974328394,184.36100833067871,186.6112518310547,28734600
2019-10-31,194.9877167981132,196.36561619589327,186.6112773601283,189.98167419433594,42286500
2019-11-01,191.17120791450583,192.42023391509704,188.25679878716807,191.9344940185547,21711800
2019-11-04,192.85644504422342,195.65188907537566,192.1228812997559,193.02496337890625,16371300
2019-11-05,193.66929611840797,194.04599305250838,191.91471488801213,192.62844848632812,9942000
2019-11-06,192.34092945973836,192.67796606260498,189.6842666475544,189.8825225830078,10973000
2019-11-07,190.23942511682074,191.7561052410906,187.82066292163034,188.76239013671875,13473000
2019-11-08,188.34601167836288,190.6656378761717,188.04862021367907,189.17869567871094,10760800
2019-11-11,188.27663338286612,188.42533669366813,186.89873407480903,187.9594268798828,8631200
2019-11-12,188.3460404905975,193.36199051719342,188.08830924895616,192.77713012695312,17615500
2019-11-13,193.00510478704902,193.99639963970563,191.06217534637915,191.5082550048828,10860700
2019-11-14,191.25052657281392,192.3409570632365,189.7834142887585,191.46861267089844,9040500
2019-11-15,192.5689274374147,193.59988252690587,191.69659827625904,193.40162658691406,11524300
2019-11-18,192.86630610144013,196.90088303543436,191.36945645906076,195.68157958984375,16167200
2019-11-19,195.6816155610578,198.2589884614407,195.1463229476345,197.5849151611328,19056800
2019-11-20,196.85135755442803,197.85256003181706,193.72876931388606,195.79066467285156,12355400
2019-11-21,195.70141531808585,197.3568757996604,195.14629265671454,196.20697021484375,12131000
2019-11-22,196.65310695461915,197.56509653957016,195.89971307394907,197.0892791748047,9959800
2019-11-25,197.78314254494208,199.22051697839632,197.51548871392592,198.05078125,15272300
2019-11-26,198.25897808369487,198.4076662668738,196.31603344305245,197.23794555664062,11735500
2019-11-27,198.15982153134345,201.37162208106452,197.6840042696671,200.24154663085938,12736600
2019-11-29,199.84504419319424,202.0258897985292,199.4584398137301,199.8846893310547,7985200
2019-12-02,200.3704481627684,200.420000808283,196.3259630509845,197.9615936279297,11503400
2019-12-03,195.87989806463978,197.1983071038898,193.38183042918882,197.0892791748047,11595300
2019-12-04,198.25897307147488,198.28871070735886,196.32595110921986,196.98020935058594,8456300
2019-12-05,198.12018966216903,199.5377340396137,196.4845592072776,197.62454223632812,9740400
2019-12-06,198.75463522235444,199.81532806729382,198.31846302914425,199.2998504638672,12270600
2019-12-09,198.90329968591797,201.371629234345,198.46714267069663,199.58729553222656,11954800
2019-12-10,199.90453035631865,200.2911347568499,198.40766539772974,199.12139892578125,9475700
2019-12-11,198.53653845768358,200.86608748899027,198.53653845768358,200.49929809570312,8036800
2019-12-12,200.58853487278247,201.88712880922554,192.41035171100938,195.0372772216797,23734800
2019-12-13,194.69031628023387,195.08684332389672,191.4884379232018,192.42025756835938,18798000
2019-12-16,193.57014206086777,197.38661800925215,193.11413979219375,196.1970672607422,14911500
2019-12-17,197.1091046508714,197.2677154895361,194.42270352856272,196.66302490234375,10175700
2019-12-18,198.34818884451172,202.52154694337764,198.34818884451172,200.73721313476562,23274400
2019-12-19,201.01475908786588,204.5041210322217,200.7471052555937,204.26620483398438,16514600
2019-12-20,205.67385582041007,205.90186453167533,201.6591085633621,204.50413513183594,27306900
2019-12-23,204.90068579614933,206.77423285377333,203.8895606000779,204.3852081298828,13348900
2019-12-24,204.5041475064081,204.98987234249637,203.21546106955543,203.33441162109375,6046300
2019-12-26,203.78049468916097,206.0109081576368,203.52274834107865,205.9811553955078,9350700
2019-12-27,206.85349761464175,207.11122883413438,204.79160248082297,206.28846740722656,10284200
2019-12-30,206.0505489375747,206.09019407630888,202.1250146606919,202.63058471679688,10524300
2019-12-31,202.22415350706075,203.77057108431418,201.8276416093914,203.46327209472656,8953500
2020-01-02,204.95023487537443,207.9637649262208,204.47441752544307,207.953857421875,12077100
2020-01-03,205.40621831494474,208.56843626979165,205.1484719660643,206.85350036621094,11188400
2020-01-06,204.9006640479928,210.927739185822,204.72223821666302,210.7493133544922,17058900
2020-01-07,210.96736016633307,212.71203351581175,209.90666750220223,211.20526123046875,14912400
2020-01-08,211.14582062181162,214.35762164844684,210.7592162031763,213.34649658203125,13475000
2020-01-09,215.64629488466662,216.47899413112594,214.39726870391826,216.39968872070312,12642800
2020-01-10,217.291833977407,217.96592235915483,215.52733030671448,216.16175842285156,12119400
2020-01-13,217.68838251277953,220.03774676270825,217.3017780776525,219.978271484375,14463400
2020-01-14,219.68083509001343,220.44413629993724,216.72678090388717,217.1530303955078,13288900
2020-01-15,218.6895761650598,219.75025387976635,218.2236663356402,219.22486877441406,10036500
2020-01-16,220.6325164962698,220.69199177101737,218.4714857160289,219.8394775390625,10015300
2020-01-17,220.0971947542229,220.35492597036807,218.61025247639355,220.20623779296875,15905900
2020-01-21,220.22607789610095,220.4342413538847,217.21253293939026,219.51234436035156,14275800
2020-01-22,220.37475907681832,220.81093123768824,219.35372657567254,219.3933868408203,12212800
2020-01-23,218.82832638103466,219.56188997596948,217.3612143171232,217.84693908691406,11195000
2020-01-24,218.87792022361282,219.849385004895,214.22874465282248,216.04281616210938,11905800
2020-01-27,211.2449307896908,214.17915496687039,210.6501478512568,212.99951171875,13810700
2020-01-28,214.25850379817922,216.83587688589316,211.6613157008704,215.89413452148438,13413800
2020-01-29,219.51234719018524,222.2483156951887,216.5483699652949,221.28675842285156,33181300
2020-01-30,204.7321243582591,209.58946307756923,202.96762073363075,207.7060089111328,48775500
2020-01-31,206.6155751830227,206.8733215207169,199.30973708992997,200.15234375,31359900
2020-02-03,201.6690349356694,203.35423322426226,200.73721531848193,202.41250610351562,15495600
2020-02-04,204.82135457285582,208.7667193037582,203.4137175806596,208.00341796875,19628900
2020-02-05,210.66007708908182,210.8781631806116,206.89316851020735,208.28097534179688,12538200
2020-02-06,208.63784471301705,209.35157827127708,207.5176766040334,209.01454162597656,10567500
2020-02-07,208.4693162805183,210.967383613283,208.1025268892811,210.4816436767578,12242500
2020-02-10,209.6786739404196,211.93882480545525,208.82615983336527,211.20526123046875,11856400
2020-02-11,208.36025213654113,209.02441782373353,204.71227948225044,205.38636779785156,25030800
2020-02-12,206.04065155669,209.38131053815937,205.59455674975018,208.92530822753906,13813700
2020-02-13,207.69610902307352,212.46423501084925,207.35905726566108,211.2845916748047,15396600
2020-02-14,212.13711067573826,213.05900768129823,210.79885649725966,212.31553649902344,10741700
2020-02-18,211.6910041264446,216.08243275864947,211.54230083328522,215.9040069580078,15609200
2020-02-19,216.09238818984397,216.41951733330308,214.22874887291087,215.59674072265625,12135100
2020-02-20,214.63518122349623,216.86559480295082,211.09625108363406,212.71206665039062,13109200
2020-02-21,211.62161778756874,212.3750115450859,207.01210284110857,208.350341796875,14092300
2020-02-24,200.04330227154202,201.87718865486534,196.4448971524232,198.9727020263672,23080100
2020-02-25,200.48940579669573,201.72852449754058,194.24424451924557,195.05711364746094,21433500
2020-02-26,195.47344515740704,199.4584549193443,193.78824684047552,195.4833526611328,16524500
2020-02-27,190.15019325122768,194.1748480885161,187.85038184365735,188.09820556640625,21682600
2020-02-28,181.10958449994126,191.06219427727905,180.23725522882313,190.79454040527344,32568900
2020-03-02,192.34094096110195,194.8588383823931,187.20604083380425,194.72996520996094,24949000
2020-03-03,194.51189885133846,195.52302394887474,182.36853555450094,184.27182006835938,27984100
2020-03-04,187.523233114304,190.16008087897518,184.7674348154533,190.09068298339844,23062500
2020-03-05,185.15409112928896,187.3448598795298,182.2892489949508,183.55810546875,19333400
2020-03-06,176.77759696199584,182.18015039702132,174.72560954141701,179.51356506347656,24559600
2020-03-09,168.12362589966506,173.47661246240665,163.75201163538196,168.0244903564453,29949000
2020-03-10,173.149477456772,176.73796013558226,168.02448466585489,176.6388397216797,24517800
2020-03-11,172.49521209053785,174.34894375307698,166.2004988435292,168.75804138183594,20373900
2020-03-12,158.15116182187842,165.14971564244885,152.9964320146646,153.12530517578125,43266300
2020-03-13,162.10644356283814,169.30323863758935,156.22807243704884,168.7976837158203,35028600
2020-03-16,150.99406755426108,157.74478434761014,141.8543260874297,144.73898315429688,39120400
2020-03-17,149.4277790519693,152.59991929028575,138.78126777847572,148.1192626953125,34255600
2020-03-18,138.53345221468916,146.8900603543709,135.9065269708406,145.68069458007812,37553100
2020-03-19,145.34365741244116,158.53779047574193,143.53950851010524,151.7969970703125,39862300
2020-03-20,154.66182782825337,157.88353611358346,146.71163883964718,148.42657470703125,32568400
2020-03-23,148.35720874770473,150.98413436617852,141.0117093943652,146.810791015625,29830800
2020-03-24,153.8588832945832,159.90577292075932,151.24186544509297,159.57864379882812,30440400
2020-03-25,157.53660554893742,161.57118361214071,151.72761602398106,154.85020446777344,35184300
2020-03-26,156.872389078578,162.57233370544577,155.6531008110551,161.91807556152344,26556800
2020-03-27,156.8228699969385,158.69641698995204,153.40290518441685,155.42514038085938,24879900
2020-03-30,157.79431561478617,165.2984253012151,156.68407016221562,164.50538635253906,22515200
2020-03-31,164.03947541807867,169.4420295847573,162.77061915923906,165.34799194335938,23676300
2020-04-01,160.21308298396346,162.72105796616114,156.66424529203292,158.21067810058594,19507600
2020-04-02,157.71503983983848,159.9454535797899,154.56271388854063,156.81295776367188,20886300
2020-04-03,155.7819919969896,156.53538582342665,149.5170159130177,152.8378448486328,25983300
2020-04-06,158.75586999811065,164.75320708570277,157.13014698953972,164.10887145996094,28453600
2020-04-07,170.29452997421248,171.88060773195613,164.56484714145031,167.3603057861328,31411900
2020-04-08,169.75924101007092,173.4765966526272,166.2798015739834,172.7628631591797,21664200
2020-04-09,174.36877370464606,175.53850959806437,170.07647992999216,173.6649627685547,23534300
2020-04-13,172.15817198476006,173.476595928935,167.97490657571132,173.26841735839844,19355400
2020-04-14,177.42194971191222,179.65236314571018,175.08249323853468,176.61900329589844,21011800
2020-04-15,173.6649398114376,176.63882423505683,171.3155759570851,175.429443359375,17423000
2020-04-16,176.40094249595273,176.50007804648965,171.0082952675099,174.7157440185547,23593200
2020-04-17,177.64004249237715,178.71064279610266,175.1221601097714,177.67970275878906,20974800
2020-04-20,175.86562372440423,178.92872119383586,175.23119562271654,176.6884002685547,16110700
2020-04-21,173.7244463083156,173.85331949681193,166.87459432435907,169.3131866455078,24850500
2020-04-22,176.89657593552604,183.17147461150617,176.58927692963414,180.6932373046875,33242000
2020-04-23,182.4775699303214,185.42171704056207,181.5556577930537,183.5184326171875,21426600
2020-04-24,181.63495222175106,188.7524571530218,179.25585061783767,188.41542053222656,28792000
2020-04-27,190.98286759995668,192.0633753458659,185.77856968735904,185.86778259277344,29197800
2020-04-28,187.01771028708674,187.55300290864224,180.97080499676386,181.31776428222656,21731000
2020-04-29,189.26791146399665,195.19586533888122,188.346014547985,192.49954223632812,45954500
2020-04-30,205.118731697235,207.86462270917676,199.81531324385696,202.927978515625,46230100
2020-05-01,199.84505056505395,205.47559813020527,197.3172456375188,200.50921630859375,30415600
2020-05-04,198.4572106556223,204.11751046847357,197.0297437614412,203.47315979003906,19250700
2020-05-05,205.21787302604636,208.54862447224508,204.70239544631238,205.26744079589844,21071200
2020-05-06,206.30828366476794,209.7580007057453,204.86100162397798,206.65524291992188,21857000
2020-05-07,209.32185430774302,209.7580265247244,207.22029863737487,209.4209747314453,15152000
2020-05-08,210.3924370574454,211.35399432982777,209.014537738149,210.50148010253906,12506000
2020-05-11,209.05414521267338,213.12836716206556,208.53866771729244,211.32420349121094,12911900
2020-05-12,211.43327504157023,213.4059572677164,208.17192159205015,208.27105712890625,14704600
2020-05-13,207.60689964991752,208.94515391846076,200.3506282880669,203.31460571289062,20684600
2020-05-14,200.79670108521395,205.12865514260832,198.94298438348417,205.00970458984375,17178900
2020-05-15,203.4831009553526,209.50025291394357,202.343102786251,209.0442657470703,19383200
2020-05-18,210.30324265663688,212.77157282166507,209.10378409472,211.33419799804688,20151900
2020-05-19,211.41347485337647,218.5706254884204,210.9773026621722,214.99205017089844,31843200
2020-05-20,221.55439970264038,229.3261477219346,221.24710071828457,227.96807861328125,50162900
2020-05-21,232.6767618203889,235.13516916621032,229.187399211959,229.37574768066406,47782600
2020-05-22,229.49467014998513,233.9356820629517,226.74879424788477,232.86508178710938,33925600
2020-05-26,237.6827745670303,238.8029274814234,229.65328009154226,230.1786651611328,33178300
2020-05-27,227.0759114176311,228.55293101712496,219.20502813569777,227.14529418945312,34697600
2020-05-28,222.3474544873753,229.6136480957041,222.05006298497125,223.4973602294922,29377200
2020-05-29,223.2395972377781,225.50967091525212,220.93980105083412,223.13055419921875,23241500
2020-06-01,222.63491887570348,230.4165899230667,221.5544110604934,229.89120483398438,18223800
2020-06-02,228.929633958953,230.9716989198073,224.58775769689183,230.6941375732422,20919000
2020-06-03,230.08945509538248,230.62474767491267,226.5406176115093,228.15643310546875,15380300
2020-06-04,227.56166814251998,229.6136559660789,222.6547611255217,224.32012939453125,17041500
2020-06-05,224.73645387486997,229.33606120551264,223.3486320600808,228.7611083984375,16750400
2020-06-08,227.03625618473225,229.534323418887,225.43036338289795,229.3856201171875,15466500
2020-06-09,229.50459387983992,237.68277660516696,228.40425596266664,236.59234619140625,27462900
2020-06-10,238.86242350765383,239.11024723031758,233.23186066323433,234.6692352294922,20720700
2020-06-11,227.93836321427702,230.86268029147104,221.60398908906214,222.476318359375,26708200
2020-06-12,227.898711478378,229.64340033624677,222.54572459855225,226.5902099609375,22091400
2020-06-15,223.13057506180579,231.73502303147188,222.84310618379425,230.47607421875,15340300
2020-06-16,235.07566763151695,236.38418413576704,230.9717074264881,233.5986328125,15236700
2020-06-17,232.95429023145962,235.52174026803576,229.71275182999162,233.47967529296875,19578100
2020-06-18,232.94438131987675,234.08436434245675,230.12909246135095,233.8861083984375,15782500
2020-06-19,235.71999361104298,238.73353839854053,233.49950284758046,236.71128845214844,30081300
2020-06-22,236.4832845278733,238.60465478999114,234.8476541619913,237.13754272460938,18917800
2020-06-23,239.1796064468067,243.05557271769652,237.77196965585082,240.13125610351562,24017900
2020-06-24,239.10033962270523,241.10275966290268,230.65450238843093,231.98284912109375,20834900
2020-06-25,232.5775868399755,235.23426483463246,230.7139628559192,233.62835693359375,18704300
2020-06-26,230.61484635194967,231.06092603450634,213.52491672530047,214.19900512695312,76343900
2020-06-29,207.9241133024566,218.8283576234436,205.30709527045812,218.7193145751953,58514300
2020-06-30,218.66973623252326,225.51958755508608,216.56819590528403,225.0933380126953,33927100
2020-07-01,226.51089444123383,236.91949134115922,225.57907477480111,235.48211669921875,43399700
2020-07-02,236.91947344299328,237.91076831095558,230.58509984175245,231.38804626464844,30633600
2020-07-06,231.72507735460576,238.30727451561665,230.24805771723553,238.18832397460938,26206200
2020-07-07,237.32591582434424,245.49417612610122,236.7410554631184,238.76329040527344,27887800
2020-07-08,236.03722575248477,244.8399291745789,234.53045329150478,241.45960998535156,29791300
2020-07-09,242.86724472826,244.3839246791393,237.15739168530018,242.37159729003906,22174900
2020-07-10,241.5686385489451,243.35297226079538,237.23668499997524,242.93663024902344,22982700
2020-07-13,244.85974601579528,247.97241137402958,236.34452651720005,236.9194793701172,24674900
2020-07-14,234.6989652429233,238.237895148075,230.01014479769046,237.6431121826172,23378100
2020-07-15,239.44727266211922,242.6888110381981,235.9777407071234,238.18832397460938,19133600
2020-07-16,235.92817026004732,239.6554333868777,234.27270970400994,238.83265686035156,18880700
2020-07-17,238.9020480052615,242.03454321929493,235.78938292259642,239.92308044433594,18152400
2020-07-20,237.97022857374148,243.90808990367128,233.58870734881225,243.2835693359375,20872200
2020-07-21,244.07662767391062,244.76062356437544,237.99007768806302,239.64553833007812,19364200
2020-07-22,238.1684952556672,239.79421820490197,236.0471248813492,237.78189086914062,15427900
2020-07-23,237.54396567415787,240.3096713699716,229.73255820742426,230.57516479492188,21771800
2020-07-24,228.18619778132597,231.4574742966432,224.92482877063276,228.70167541503906,18325800
2020-07-27,229.44514161500106,232.90475139783084,228.82062094031815,231.46737670898438,13163100
2020-07-28,232.58752515242662,232.91465428162354,227.82930664968208,228.1167755126953,14170100
2020-07-29,229.12786240374857,231.66557448261113,228.30508596590593,231.25914001464844,13588300
2020-07-30,228.21590781769854,232.84525307867406,227.006526857551,232.45864868164062,20615300
2020-07-31,253.59306985470033,253.6228074917732,246.83243134221584,251.46177673339844,53005100
2020-08-03,250.45065865408648,253.17671971855233,248.1508622761092,249.7666778564453,23124900
2020-08-04,249.37013301923434,250.5993440932362,245.27608039961166,247.6551971435547,17183500
2020-08-05,248.01207832234056,250.07397356995327,245.61314643233848,246.95138549804688,13050100
2020-08-06,246.87209756542,264.27925028936903,246.50532325955945,262.9707336425781,45241600
2020-08-07,261.7811188499135,276.4622227468874,261.1367832769081,266.1031799316406,72766400
2020-08-10,265.70667519444817,271.4759881242458,257.42935729827803,260.7105407714844,30248800
2020-08-11,257.9250148628608,263.60514536343936,252.9090652365863,253.90036010742188,28238300
2020-08-12,256.7156503787785,261.6027271450453,255.86312100417206,257.6276550292969,21415700
2020-08-13,259.27309220629047,262.8516814664313,257.3103482468175,259.0252685546875,17374000
2020-08-14,260.02654355504006,260.3635801658666,256.42813849404035,258.9658508300781,14792700
2020-08-17,260.2149283025059,261.8010062968293,257.14190786073965,258.8865966796875,13351100
2020-08-18,258.6783600160507,262.8417795397226,257.003069579125,260.0562438964844,18690400
2020-08-19,259.11457201254495,265.57780346029676,259.07491174852066,260.3041076660156,23291500
2020-08-20,259.22360923298226,267.2828413890221,259.18394896753364,266.6682434082031,20299700
2020-08-21,266.35106787687636,268.13538685587196,264.10083901697624,264.6856994628906,15538600
2020-08-24,268.71036620266636,274.8365625732325,266.43036935387937,269.027587890625,23685600
2020-08-25,270.03866352475245,280.62568643085456,267.9073854123923,278.3754577636719,42127200
2020-08-26,281.5277498480447,302.01782861437897,281.5277498480447,301.2644348144531,69015200
2020-08-27,297.5470379871194,298.60773063791044,289.47788414162295,290.6674499511719,30301300
2020-08-28,292.43203042487977,294.6426292065805,288.44703534164665,291.10369873046875,17157400
2020-08-31,291.39114572986756,294.2956325042199,289.0120137865058,290.6476745605469,17345100
2020-09-01,292.1444774615667,298.8654548902185,290.1618878926202,292.8681335449219,17295900
2020-09-02,296.2782166171665,300.9571296299292,290.4989505638761,299.86669921875,24341400
2020-09-03,293.4133244875022,295.0093247720663,281.1609358518354,288.5857238769531,32294100
2020-09-04,284.74947158491176,286.48423773033767,268.77972461851283,280.2688293457031,30333700
2020-09-08,268.9184805775717,276.86865482377584,267.0746865754725,268.7995300292969,24864000
2020-09-09,273.3693922638843,276.05582330859846,268.98788560941557,271.3372497558594,22918800
2020-09-10,273.11164648670973,276.7298665418841,264.70545549324396,265.7562255859375,24814700
2020-09-11,267.7091031026115,269.0275422844676,260.3537117530146,264.28912353515625,18913900
2020-09-14,268.5913635232722,274.231833888043,263.3870653318415,263.8331298828125,24093800
2020-09-15,268.3138178193406,272.1302791808794,266.95571832424275,270.048583984375,18478500
2020-09-16,264.9632142037472,270.0683767325323,259.51109242016884,261.22601318359375,29183400
2020-09-17,256.0316325737268,259.2236031998785,248.01206086978098,252.6017608642578,31281400
2020-09-18,256.1505916786772,256.9436457361105,247.87328848243533,250.33169555664062,28130800
2020-09-21,245.38513189610754,247.7741562256559,242.0048277965363,245.9898223876953,24709400
2020-09-22,251.10491205515729,253.0974245114038,246.05922457694612,252.53237915039062,30293100
2020-09-23,253.03793500420102,255.7441658916591,245.98982754107175,246.85226440429688,19641300
2020-09-24,244.3542112986096,250.04424989954992,243.48186688044095,247.3578338623047,20006800
2020-09-25,247.2289294679709,253.52365781403032,244.46322349269434,252.6017608642578,18351300
2020-09-28,257.14190881173045,257.3401799062247,252.60179116625955,254.58438110351562,18826300
2020-09-29,255.56574368325687,261.03768081045007,254.6636616660201,259.5111083984375,20200200
2020-09-30,259.69943771719215,263.76372243232544,257.8357985443643,259.6201171875,20142500
2020-10-01,263.04010371853553,265.99414311385937,262.4948733807721,264.3089599609375,20009800
2020-10-02,258.9360879574492,262.84179161387306,256.92376086558943,257.6771545410156,16367600
2020-10-05,259.9175672673614,262.56430803907915,258.56939030437593,262.3462219238281,12822300
2020-10-06,259.50116023470514,263.3771266628919,255.99196805450927,256.4083251953125,18696900
2020-10-07,256.9534627976354,257.9150197622356,252.60169526846406,255.87295532226562,23133400
2020-10-08,257.48882636220674,262.3164272365639,256.89404342705984,261.46392822265625,16312800
2020-10-09,262.2173473961597,262.4453561411012,259.8878283042834,262.1479797363281,14107800
2020-10-12,267.84787415489484,277.74097715969367,265.53814026864677,273.34954833984375,31019300
2020-10-13,275.1636736487077,276.67046152416447,271.0101751156089,273.7362365722656,18063300
2020-10-14,275.20326373795046,276.32343172750234,269.1365442655314,269.4537658691406,15577800
2020-10-15,265.2704765293288,266.69794336461524,261.3746954901535,264.39813232421875,15416100
2020-10-16,265.0524103227984,269.00766692191854,262.99050018326744,263.6150207519531,16622700
2020-10-19,263.2185339846654,266.21223369649806,257.6177238415861,259.1244812011719,13587000
2020-10-20,260.77003835359403,267.3522511210666,260.591612529058,265.2308654785156,18763200
2020-10-21,277.12641139284636,280.586021057658,273.9641781096813,276.30364990234375,28998600
2020-10-22,277.4336795285745,279.9912371337842,272.6457388053963,275.69891357421875,16720000
2020-10-23,276.37297568030806,282.75691655566266,274.4102313549974,282.31085205078125,17535200
2020-10-26,280.69504467935377,282.7470322158828,271.87252683746,274.69769287109375,21322900
2020-10-27,276.3333493209198,282.0332944455136,273.90466494967404,280.82391357421875,16287200
2020-10-28,276.3630986342593,276.3630986342593,264.9334702679964,265.33990478515625,23121800
2020-10-29,274.14257426165767,281.131220993011,271.3966984619704,278.38531494140625,32368100
2020-10-30,272.1104432269322,274.2913040530158,256.84450820010375,260.819580078125,47247800
2020-11-02,262.29665514165265,268.11555177589446,255.09984397803464,259.0848388671875,27165700
2020-11-03,260.8691538059391,267.69915952467073,258.6090027801114,262.9905090332031,17961900
2020-11-04,278.55386026436815,286.42474400302376,276.1945736182633,284.8783264160156,35364400
2020-11-05,289.3589477438813,294.7912541700032,286.43464621811086,292.11474609375,23823600
2020-11-06,291.39117324150493,292.0355089320338,285.55243125292134,290.8558654785156,13891000
2020-11-09,287.34667262652647,290.03307356687975,276.1053911204067,276.3432922363281,25117700
2020-11-10,270.7226220038531,271.6147812934847,261.70183307109477,270.0584411621094,29067700
2020-11-11,271.0894044837182,275.9764808453702,270.1080322605001,274.0732116699219,14957000
2020-11-12,274.7671504277152,277.314785927078,272.0410890825875,272.6854248046875,12899500
2020-11-13,275.30234848169823,275.34200873781197,270.7225720876857,274.5390625,10391200
2020-11-16,272.65567962026546,276.9777415825095,272.23935265833245,276.5316467285156,12970400
2020-11-17,275.26274199380117,275.26274199380117,270.91097340750423,272.6060791015625,15040300
2020-11-18,272.1302371447207,274.9752786275152,269.4735743456771,269.6024475097656,12152900
2020-11-19,268.660756709019,271.08944152995355,266.8467001921492,270.5640563964844,12963700
2020-11-20,270.1873534858517,270.62352569100193,267.06478039364754,267.3522644042969,18114700
2020-11-23,268.53189955867924,268.59137483464673,262.2272480388358,266.0932922363281,20990800
2020-11-24,266.1527011655695,275.40149754794174,265.53810329916536,274.50933837890625,16930400
2020-11-25,275.7187377457832,277.74095726511155,270.27650896816573,273.19091796875,12467000
2020-11-27,274.9753051656759,276.70014860060974,272.4276700276529,275.3916320800781,7808400
2020-11-30,273.62714029983425,275.28261615577065,268.65085060588,274.5589599609375,16693300
2020-12-01,276.7298883993437,286.7816029719664,276.53161731822826,284.0555419921875,20738900
2020-12-02,282.87591958479686,289.2400466360361,278.3853545574932,285.0171203613281,17361600
2020-12-03,283.7581760525857,284.15468797747155,278.62327553330033,279.396484375,12921700
2020-12-04,277.8599199138845,280.99241510731923,276.8686251154019,277.2651672363281,10880300
2020-12-07,276.759605404161,285.9786352022847,275.7782332052152,283.0939636230469,13007700
2020-12-08,283.5202481560011,283.93657504961703,279.09905136815115,280.9329528808594,10747700
2020-12-09,281.1906940080465,285.12613567782824,269.3843689987013,275.50067138671875,25189700
2020-12-10,273.141378605421,276.30361144849036,269.4933907373716,274.7076110839844,20065100
2020-12-11,272.140181040841,274.0732181494011,267.897440182532,271.168701171875,14391400
2020-12-14,270.9902316584008,274.8067223651834,269.195990642688,271.8031005859375,16376900
2020-12-15,272.43751171623114,273.6766301031752,265.141597174823,273.1512451171875,23979500
2020-12-16,272.3682121480805,275.4412023141703,270.13779849415783,273.2702941894531,15885000
2020-12-17,274.6580565826813,277.9987152072604,271.2281548047126,272.0906066894531,16377800
2020-12-18,273.3693758749041,275.5799743294607,268.7797060305971,273.993896484375,26693200
2020-12-21,270.60369268943253,272.27898349056596,265.4588697383409,270.41534423828125,16553700
2020-12-22,269.1365677921802,269.1365677921802,262.32637660769075,264.76495361328125,17312900
2020-12-23,264.5667112714952,269.8007471510173,263.912453005065,265.77606201171875,14329000
2020-12-24,266.53933168003755,268.0460887780288,263.88266906571835,265.07220458984375,6702000
2020-12-28,266.4006082309336,274.8860909984067,263.34743294623155,274.5887145996094,23299700
2020-12-29,274.5391389152094,278.068146393808,273.8749580110601,274.37060546875,16383000
2020-12-30,275.53044725380437,275.6592901874679,269.34474610917545,269.50335693359375,11803800
2020-12-31,269.63219883750327,274.6778859869896,267.46126069876846,270.7821044921875,12900400
2021-01-04,272.3880048825454,272.6060909653944,262.89141327903155,266.5988464355469,15106100
2021-01-05,265.9545125123116,270.0287199587083,265.8751919806323,268.6111755371094,9871600
2021-01-06,259.71925890881255,265.4192044764678,257.74659177557726,261.0178527832031,24354100
2021-01-07,263.5852999293993,269.24558516756673,262.4750545151092,266.40057373046875,15789800
2021-01-08,265.9743628388743,266.60880616888306,260.8890145757392,265.2408142089844,18528300
2021-01-11,258.21248413938997,261.17644595376123,253.6723369484737,254.60415649414062,30412300
2021-01-12,254.39601812321422,257.45911577126066,248.1211195147358,248.90423583984375,26383500
2021-01-13,249.36023472120903,251.7393364270185,247.03068565955243,249.44944763183594,19528900
2021-01-14,251.19413718109357,252.8099528085648,242.48066112536912,243.50169372558594,29739400
2021-01-15,245.74197310245407,251.6500967233896,245.00842463634237,249.17185974121094,24942900
2021-01-19,254.66360696896973,259.9174871247992,250.5200023087561,258.8270568847656,28028500
2021-01-20,266.588940318972,267.96685480321304,261.3053516121977,265.1515808105469,25199900
2021-01-21,266.91609902631524,271.2183156581373,265.1614875305611,270.4946594238281,20838700
2021-01-22,269.6421285577539,276.045884978016,269.6322059283925,272.1104431152344,21954000
2021-01-25,275.7187779624426,277.6617074955917,269.1464879361957,275.58990478515625,19087000
2021-01-26,275.7188200517196,282.90570917265967,275.3916757437579,279.5947570800781,19373600
2021-01-27,280.07050221331053,280.9825066866827,265.7859413525884,269.7709655761719,35346200
2021-01-28,274.7670783269518,284.2934368405983,262.3957389028005,262.693115234375,37758800
2021-01-29,262.9905655241373,264.2396069718371,252.63155036892067,256.08123779296875,30389500
2021-02-01,257.2608421338814,261.870387630748,252.69098715556086,259.72918701171875,22914300
2021-02-02,261.7018603405953,266.5096467798123,260.9782041542652,264.7550354003906,17320800
2021-02-03,263.3077029833754,266.8565550799659,261.5431995630546,264.3287353515625,14223400
2021-02-04,264.6856281434221,265.8256110868303,261.70182118340733,264.1701354980469,16060000
2021-02-05,264.4774423986181,266.8268365027452,263.357304678353,265.7661437988281,12454400
2021-02-08,266.41049204073636,267.51081480787224,262.69313633784236,264.2593688964844,13755200
2021-02-09,264.12062373060746,271.01013559908193,263.43662780833625,267.10443115234375,14613400
2021-02-10,270.0783249536004,271.41654895302236,265.3894888847332,269.50335693359375,14687200
2021-02-11,269.5231973013296,271.1984579277582,266.1527702844874,268.0362548828125,12828600
2021-02-12,268.1650481588498,268.8193063320809,266.00403283788114,268.1452331542969,9097600
2021-02-16,268.44263449070877,274.1921627978071,267.6991633498535,271.5850524902344,15417200
2021-02-17,268.8788339288771,271.5850800468727,267.233280673253,271.1885681152344,12763200
2021-02-18,267.2234087552667,269.5826957692497,263.7142158751439,267.04498291015625,15249100
2021-02-19,267.5108477745137,267.91728234501386,257.8853820254984,259.2831115722656,25622600
2021-02-22,255.70458582235952,260.7800119471785,255.28822856515401,258.0638427734375,17434900
2021-02-23,257.24100330589897,265.131701526364,252.74053152198047,263.5456237792969,21924600
2021-02-24,260.046350171747,264.061112241261,256.1406765125581,262.0091247558594,15736100
2021-02-25,260.01664005540107,264.6162629103088,251.82854963033122,252.472900390625,19053100
2021-02-26,254.23736693604718,263.23830999745786,254.23736693604718,255.37734985351562,26619500
2021-03-01,258.5495802943094,264.3288170823331,255.65498545881434,262.6039733886719,22157300
2021-03-02,263.4663703912783,264.3882674335836,256.398432563095,256.7453918457031,15191700
2021-03-03,258.02415412891276,258.71804239737355,252.87933125477727,253.18663024902344,15513500
2021-03-04,254.23738852460107,264.17015191897923,251.29324164320164,255.397216796875,31626500
2021-03-05,258.4008106616745,263.1391982624967,253.38484662048393,261.9793701171875,26820100
2021-03-08,263.23835967806787,263.2680973162432,252.82977791576698,253.08750915527344,18391800
2021-03-09,258.9063944580968,266.19241801606705,257.5483252867858,263.42669677734375,22039700
2021-03-10,266.3014573722322,266.62857135494477,260.58166684791667,262.593994140625,14210300
2021-03-11,265.7760587266134,275.4808441808268,265.48860498958203,271.495849609375,21834000
2021-03-12,266.79711637424987,267.3918690959222,261.72166121793634,266.06353759765625,20600200
2021-03-15,266.7376134683723,273.5577270950663,266.1626757478061,271.3669738769531,16844800
2021-03-16,273.67663022760604,279.68390400200286,272.4077742088749,276.8487854003906,22437700
2021-03-17,273.30992295006973,283.7383652141493,273.01254656501544,281.5376892089844,21315000
2021-03-18,277.4336680480965,282.7073635915674,275.85751296216336,276.1945495605469,18728300
2021-03-19,278.7719382280029,290.2511192513727,278.7521232217431,287.58453369140625,38930500
2021-03-22,287.9215527185959,297.1009209099775,284.2537502914889,290.9846496582031,28273100
2021-03-23,290.5980580528056,295.4058437753718,287.2871371252847,288.1000061035156,23000900
2021-03-24,288.4668498038542,289.18058342581696,278.7125104716454,279.6839904785156,18675000
2021-03-25,278.53402803720337,285.55238201726075,275.33213489374356,276.3135070800781,24505600
2021-03-26,275.87733122221624,282.0233710937428,275.35194618737313,280.5562438964844,17629200
2021-03-29,283.2823336991601,290.62783256475734,282.2216711438117,288.28839111328125,21718800
2021-03-30,287.3070069178583,289.9240401511423,284.204279083377,285.4929504394531,17474500
2021-03-31,287.46557746389414,293.91891647417685,286.09758576107686,291.966064453125,19498200
2021-04-01,295.8023427996799,299.7675217386888,294.0180243778917,296.0600891113281,17616000
2021-04-05,298.2707126711446,308.0646800732676,298.0625189777315,306.22088623046875,28237000
2021-04-06,306.1515217424256,308.6396816907689,302.59277658335463,303.593994140625,17335200
2021-04-07,303.6732616941335,311.51440761304855,302.8405776476892,310.364501953125,22855200
2021-04-08,312.1091915082921,313.1302240000469,307.3509580476352,310.29510498046875,20894100
2021-04-09,308.6892504940814,312.00017209461026,307.628557605802,309.7400207519531,15988600
2021-04-12,308.3422478867747,309.43267826117784,305.249412826226,308.8280029296875,10881900
2021-04-13,309.492161348312,311.692837158811,306.6273349193004,307.0635070800781,14036900
2021-04-14,304.6248493043654,305.3485053262802,299.3214468592399,300.1838684082031,17421400
2021-04-15,303.67328399580504,307.44022286569765,301.4527930422147,305.1404113769531,14558300
2021-04-16,305.48731503478973,306.26052372621126,301.958277909011,303.5146179199219,13059200
2021-04-19,302.35488466496423,305.0214705207689,297.9436100033605,299.6089782714844,14553500
2021-04-20,299.36115307795654,302.44409611177736,294.62276441424297,300.0154113769531,16796400
2021-04-21,299.3215050467602,299.3512426834739,294.80120275476366,298.8456726074219,14863500
2021-04-22,298.70690825562025,300.28309392317766,293.4629795007598,293.93878173828125,16375400
2021-04-23,296.1593026919247,299.95594921584023,294.5633020173308,298.5086669921875,17536800
2021-04-26,300.6993844190325,303.1379613464025,298.9348807476967,300.4020080566406,16172600
2021-04-27,301.6312095868947,302.6819797559511,298.48879145737527,300.9273986816406,15309300
2021-04-28,304.6843823594291,308.2134199936871,302.71171521224556,304.4266662597656,33907200
2021-04-29,327.24624637387615,328.9215370666334,318.8103176400919,326.6415710449219,56526800
2021-04-30,323.30092246115237,326.94888031144205,321.67518435826673,322.2501220703125,26332400
2021-05-03,323.33065625563813,325.6899125995795,319.03833259122655,319.7718811035156,18719500
2021-05-04,317.2342068523723,319.3853302579071,310.3942775786296,315.5886535644531,24032600
2021-05-05,315.4201281194098,318.265139655346,311.75232487156865,312.2777099609375,15577600
2021-05-06,311.7820697917917,317.45227798871764,310.54295113207814,317.23419189453125,19012200
2021-05-07,319.57362870148063,320.1287513801617,315.9752236669433,316.3023376464844,15916700
2021-05-10,311.6135751168887,311.8415535952815,302.1764277852022,303.3065185546875,24239200
2021-05-11,298.13194982266197,304.16893230854123,297.0811796183367,303.86163330078125,18920100
2021-05-12,298.50863794930353,302.3052841038309,295.59422852439974,299.916259765625,24645500
2021-05-13,303.4154998795162,306.17129822076333,300.1343165029494,302.6026611328125,18079200
2021-05-14,306.8453863779117,314.09174860369416,306.3893690100581,313.1896667480469,19245700
2021-05-17,310.82052071278764,312.93198380502577,308.8676684434134,312.7138977050781,15401300
2021-05-18,312.842775294839,313.74485734587444,307.11309159035295,307.26177978515625,14522400
2021-05-19,301.54200231563533,311.92086127549254,300.9274043092507,310.86016845703125,19106200
2021-05-20,310.850274154581,316.4709301401159,310.4339471938289,315.83648681640625,17320200
2021-05-21,316.5105634034792,317.14497642113264,313.0608461919929,313.4772033691406,13600900
2021-05-24,315.4399204891148,323.11256307150484,315.26149467954974,321.8040466308594,16445400
2021-05-25,324.2327128158944,326.31443809358075,321.97256172204254,324.9365539550781,16437000
2021-05-26,325.4917046796638,326.95880185253304,322.98372965239616,324.8077087402344,9686900
2021-05-27,325.1446823934072,330.874364915751,323.9154865674109,329.85333251953125,20477700
2021-05-28,328.1185754503067,329.97229186707585,325.47180505048374,325.86834716796875,12037400
2021-06-01,327.2760024770691,328.5349663508822,323.7965779781596,326.264892578125,11765900
2021-06-02,327.50400205992975,328.9810217269072,324.2723711221696,326.2846984863281,11654300
2021-06-03,322.94394440453823,324.53002176986695,320.6639789900659,323.2016906738281,12610800
2021-06-04,323.06302941716547,329.56592209571414,322.3492958182066,327.47430419921875,13289400
2021-06-07,326.6118249458043,334.7503468667708,326.0665946490602,333.6499938964844,20136700
2021-06-08,333.76896766205743,335.3550151234234,329.34777112034703,330.7752380371094,14580500
2021-06-09,332.81732108058753,333.86809119455836,327.1272983594341,327.3751220703125,13727900
2021-06-10,327.91044194205926,331.03301476478316,325.6899208387667,329.5658874511719,13240200
2021-06-11,329.6848596274726,329.93268336382044,326.0666391271776,328.3763732910156,13587900
2021-06-14,329.0107774921073,333.887961803341,326.9389747420912,333.83837890625,12250800
2021-06-15,334.0564741044241,336.96099128707715,332.1135444811946,333.8185729980469,15795200
2021-06-16,333.76900931696525,334.61158579150225,325.8584650203184,328.1979064941406,17232200
2021-06-17,327.61304327329054,335.0378626785236,327.2760066360262,333.5806579589844,17794100
2021-06-18,331.6178845677562,333.2237774793998,326.136024933211,326.790283203125,23039500
2021-06-21,328.20780348130495,330.02188997148664,324.79774682676305,329.3973693847656,11337500
2021-06-22,329.79389887120124,336.9609718056598,329.70468596146765,336.0787048339844,15345300
2021-06-23,336.3959260905471,340.43050354273737,335.2559430204176,337.6251220703125,14817800
2021-06-24,338.87415705290726,341.8975943029009,338.8146817809146,340.19256591796875,12329100
2021-06-25,339.607726973849,341.1244070090632,336.72305509277095,338.3983459472656,14594400
2021-06-28,339.4788094187152,355.02233490536383,338.7948135851893,352.5440979003906,29156100
2021-06-29,353.1686594409052,353.63456930188124,346.01150831701534,348.8268127441406,21417300
2021-06-30,349.1043638637491,349.84783509331055,344.14788900000565,344.68316650390625,15107500
2021-07-01,343.80091334634034,351.5825845624419,343.4836917096973,351.3050231933594,17137000
2021-07-02,352.008786035602,353.33711742418416,349.5503640653195,351.6122741699219,11521300
2021-07-06,353.3966023047787,355.6666759065299,346.14031698296947,349.708984375,13488500
2021-07-07,352.16736841980776,353.3866415521066,346.95314856363893,347.4388732910156,14218900
2021-07-08,342.7203727736386,345.2977151324137,339.5779548488796,342.64105224609375,14406500
2021-07-09,342.3139879666851,347.6570521499871,342.2644050667908,347.3695983886719,13018700
2021-07-12,348.1725015565857,351.1067258462657,346.5963463730506,350.085693359375,10018600
2021-07-13,348.44016404206013,355.36930584552533,345.76365565988795,349.0250244140625,11456000
2021-07-14,351.4735488486393,352.107992162466,343.7117223963008,344.6038818359375,13894200
2021-07-15,346.1899217185131,346.1899217185131,337.25834517205516,341.46142578125,14781600
2021-07-16,341.9075107208976,342.97809584923465,337.179045171872,338.1901550292969,11026100
2021-07-19,334.6314131584542,336.8320889577822,331.627790942661,334.0168151855469,14372300
2021-07-20,335.85067210625715,340.4602172096877,331.5881164912914,338.685791015625,11024300
2021-07-21,338.5271983069589,343.50348766663694,338.27937458931103,343.2160339355469,9279700
2021-07-22,343.66209353487886,348.47980226768016,342.20488888598493,348.1328430175781,12385400
2021-07-23,357.7682199401789,372.0626744163268,354.080601970597,366.5709228515625,33694300
2021-07-26,366.3627477950808,371.1804566344037,365.0146012815734,369.2176818847656,14925200
2021-07-27,368.67250006703915,369.9016960963588,361.3765536706244,364.6081848144531,15705400
2021-07-28,371.2994043200226,374.2633663025684,363.7358196168697,370.0305480957031,29676900
2021-07-29,357.8574380633364,362.3380798597548,353.6345123546069,355.2007751464844,33413200
2021-07-30,350.91836774547977,357.58979280263065,349.867597652045,353.1983337402344,15976200
2021-08-02,354.982656623562,356.2713276999675,347.68671152027184,348.8861999511719,13180400
2021-08-03,349.6594535052351,350.69037839785096,344.673241474728,348.1824035644531,12406100
2021-08-04,349.35220611506827,357.3420415985579,348.4501240118455,355.7956237792969,14180600
2021-08-05,356.5093041046294,360.73219970957473,353.79313557019657,359.810302734375,10247200
2021-08-06,358.25399398453993,361.9713501000102,358.25399398453993,360.34564208984375,8925000
2021-08-09,360.59340518391826,362.59580978398236,357.6095981631221,358.46209716796875,7798900
2021-08-10,358.6802163961875,360.9304751555723,355.91452543710386,357.986328125,7469900
2021-08-11,358.9478318000606,359.2055478614427,354.6951688902367,356.8264465332031,8400300
2021-08-12,355.32965227693023,359.8400317588148,354.00129055177996,359.4930725097656,7170700
2021-08-13,359.810299682887,361.48559043105394,358.3332800092168,360.0184631347656,7195700
2021-08-16,359.36423946467784,363.75569914673264,354.2689990806307,363.36907958984375,11222100
2021-08-17,359.82021533674686,361.4955060524368,351.9790694475264,355.32965087890625,12328700
2021-08-18,353.1488283079139,356.7273885805119,352.05839780521046,352.3558044433594,10042400
2021-08-19,348.29145476053645,354.45730999360205,347.9444955095023,352.02862548828125,12004500
2021-08-20,351.5131724701607,356.85623617233426,350.23439359725023,356.24163818359375,8697700
2021-08-23,356.31104498912975,362.50663817869156,355.97400834984796,360.18701171875,10942000
2021-08-24,360.4943452601103,364.75690168216056,358.6901810899904,362.3282470703125,9235100
2021-08-25,362.41738450942586,367.6315745800662,362.2191134488895,365.18310546875,9684500
2021-08-26,365.17321790623237,366.2239880737597,360.96021460656846,361.2080383300781,7888700
2021-08-27,361.9217211377598,370.4864920908366,360.91058112633107,369.38616943359375,11219100
2021-08-30,369.3167890124131,378.1690443337999,367.2945391457995,377.3462829589844,13547300
2021-08-31,376.6424683877028,379.4280043335616,375.50245517516845,376.0774230957031,12345400
2021-09-01,376.28560528913044,380.984333157656,375.51239652276655,378.72418212890625,11567200
2021-09-02,378.1790086340969,378.42683236190425,370.80377207439494,372.0131530761719,14832900
2021-09-03,371.48775419959367,373.8767784772449,369.862016084577,372.984619140625,7509600
2021-09-07,372.60791241783016,379.62626663292235,369.9016665912914,378.8530578613281,10793800
2021-09-08,376.85065315181134,377.5544640235521,371.5274046568623,374.283203125,11067200
2021-09-09,374.3525905242219,376.52349834929333,373.2918978058561,374.7094421386719,9098900
2021-09-10,378.0401728089301,380.4490421796912,374.9671831109393,375.3934326171875,11549600
2021-09-13,378.3574610199331,378.426858929052,371.0912821213487,373.23248291015625,13026300
2021-09-14,374.1147105903398,375.2943540089102,371.8446366690672,373.2522888183594,8711600
2021-09-15,373.7182143463136,374.2733371251888,364.46944532333697,370.6650390625,17940300
2021-09-16,369.5448307526397,370.30811692774245,366.4916255483903,369.8124694824219,11934200
2021-09-17,368.1768086376163,368.1768086376163,358.4422863528636,361.5450439453125,26299000
2021-09-20,356.17215212824226,357.8871027465012,346.7548530462062,352.603515625,19822800
2021-09-21,355.3792741190918,356.90587696102074,352.09808993580305,354.3681640625,11751900
2021-09-22,344.2072837407498,346.7945484933344,337.7242076653426,340.2222595214844,43692900
2021-09-23,342.3535812862905,346.6260900015658,340.0141399174007,342.9483642578125,21806300
2021-09-24,340.2520335333708,351.2653350122628,339.38961185696587,349.8874206542969,18801900
2021-09-27,346.7648435259705,352.0583543102863,344.0585977379562,350.50201416015625,15205800
2021-09-28,344.9408867412506,346.55670226470806,335.96968001839247,337.6846008300781,21710300
2021-09-29,340.1628485218163,342.2247589133075,335.93003006958673,336.6536560058594,14452200
2021-09-30,337.48631691218293,339.8158354226693,335.20632078756825,336.435546875,16547100
2021-10-01,338.63621089401767,342.0165298799602,335.69209430346353,340.0240478515625,14905300
2021-10-04,332.6091983075989,333.01563287337103,319.8908972208889,323.3901672363281,42885000
2021-10-05,325.7196471719252,332.26219920558924,323.3207305857964,330.0615234375,35377900
2021-10-06,326.86964261072643,331.4692664803252,322.9639374246722,330.7357177734375,26443000
2021-10-07,334.0663682700986,335.89034718472595,326.1161943728777,326.3540954589844,28307500
2021-10-08,328.62419226348635,330.49772395211795,325.8485483054744,327.1768798828125,15946100
2021-10-11,324.77792829946685,327.5832793428931,322.4781170454003,322.6169128417969,14708200
2021-10-12,320.21798954237187,321.5562437044352,314.60725679206337,320.9515380859375,31658700
2021-10-13,324.1236830099349,324.15342064578897,319.8512045646959,321.71484375,14761500
2021-10-14,325.5015715404052,327.6427721065974,324.25256056573227,325.67010498046875,14302200
2021-10-15,325.8188120863073,326.20543163201086,319.70253927634974,321.9329528808594,21596400
2021-10-18,326.08641867364844,332.9660066284294,324.6490291917283,332.4207763671875,21585000
2021-10-19,336.6932673587245,339.4788032818057,334.34390356078706,337.0303039550781,18786300
2021-10-20,340.46027802674394,340.9856631638522,336.4950980479875,337.8135070800781,13639500
2021-10-21,337.3178222799958,339.33014968660194,334.8594000743426,338.9039001464844,16354400
2021-10-22,323.5090838339694,326.7605297669298,318.31467819269096,321.7842102050781,35224500
2021-10-25,317.5116968297456,326.69109590997294,316.9367591846728,325.82867431640625,38409000
2021-10-26,325.4024544129807,327.3354612031208,306.9048890368602,313.0608215332031,65654000
2021-10-27,311.45489652400113,316.47084548411294,309.34343388923537,309.5020446777344,29971800
2021-10-28,310.2653818889196,322.68630580861134,305.42785792385024,314.16119384765625,50806800
2021-10-29,317.4026841198495,323.1621044820293,316.817823818655,320.7532653808594,37059400
2021-11-01,323.20180896504496,330.5473080610597,323.16214869712104,327.1075134277344,31518900
2021-11-02,328.4952901589308,331.875609206315,320.9812583023062,325.2239990234375,28353000
2021-11-03,324.6391323495334,329.25856986128804,320.38649933440297,328.7331848144531,20786500
2021-11-04,331.1024126520275,334.33401339052415,329.7542358838118,332.9263916015625,22495300
2021-11-05,337.34747050470014,343.7710705480814,336.6833200488098,338.16033935546875,26872800
2021-11-08,341.4218002573743,341.78857452736924,335.39471036863415,335.6722717285156,18342500
2021-11-09,337.04026169208083,338.33885557432916,331.55840217522467,332.4505615234375,17556700
2021-11-10,329.5955973605976,330.2895158192361,322.6763790390437,324.787841796875,21872600
2021-11-11,326.94887310974923,329.56587577012334,324.15341438577855,324.886962890625,12376600
2021-11-12,327.30572624640484,338.88404283160503,326.9092143568686,337.9225158691406,25414300
2021-11-15,341.34251378022515,350.5714677319461,340.21245322079113,344.53448486328125,25076600
2021-11-16,340.83690901944357,343.6323678721777,337.9026846129846,339.9744873046875,18181100
2021-11-17,341.24332209715345,344.27668185234273,337.13937723798097,337.80352783203125,13602800
2021-11-18,336.76276244852716,339.47890126017944,332.381224927525,335.7417297363281,17487200
2021-11-19,339.2211383258241,349.0349521165506,336.94114182774706,342.29412841796875,26488500
2021-11-22,346.01152483837666,350.74991396369325,337.54588689920536,338.0415344238281,27116800
2021-11-23,335.97954650603793,338.42804592460385,330.5968228871068,334.3141784667969,17225000
2021-11-24,333.07505413009153,338.8047368868956,329.91282128531026,338.09100341796875,13566200
2021-11-26,332.8768168926907,334.8098540575957,329.0107728148004,330.22015380859375,14750700
2021-11-29,333.95734192750814,337.7044353109097,332.3910790981545,335.08740234375,16650900
2021-11-30,332.08378507896754,332.8867315122885,320.61449604727216,321.6355285644531,25390000
2021-12-01,327.41484165994666,327.6230051442653,307.58894119735874,307.896240234375,30329600
2021-12-02,308.68917539543384,311.8613306581349,304.5257556465427,307.68798828125,24396200
2021-12-03,310.9989821845351,311.018797193266,296.8928438546077,304.1689453125,27471000
2021-12-06,305.4476730378926,317.31347306121404,303.6732468667955,315.1028747558594,21758300
2021-12-07,318.7706820353999,323.6974184932654,318.20563672841274,319.9998779296875,18794000
2021-12-08,322.1708369530798,329.85337229580705,320.25764508948055,327.68243408203125,19937700
2021-12-09,326.6713217016124,333.2039513001033,325.1447191229976,326.9488830566406,16879200
2021-12-10,329.66505304918854,332.1135528369936,323.52893476015333,326.8795166015625,14528000
2021-12-13,328.0690544396318,338.120768847072,326.72087766442525,331.5782165527344,22948700
2021-12-14,325.19430696054724,332.77773777942696,324.797795017868,330.83477783203125,20461000
2021-12-15,329.59560422727736,339.1318555324003,321.1597059007008,338.685791015625,24681300
2021-12-16,336.02921149324413,341.46148907962584,330.834804789546,331.9847106933594,22635000
2021-12-17,329.9029054140039,334.17538368642465,327.8707631250314,330.8843078613281,40012600
2021-12-20,326.9092061224686,327.02815666114145,319.7223186424487,322.6169128417969,17901800
2021-12-21,323.5685458479466,333.0750595421487,320.9316979963412,331.2907409667969,16116800
2021-12-22,330.8942391431612,331.59808033252256,325.402486952431,327.57342529296875,16764600
2021-12-23,327.2264458403401,333.73926046044926,325.50157217835203,332.3216857910156,13987700
2021-12-27,335.90026495348917,344.841733582663,335.06758091224634,343.16644287109375,17795000
2021-12-28,343.6125808087769,349.63964092460617,342.19503626000375,343.2061462402344,16637600
2021-12-29,343.8901542995369,346.64595320724465,338.66604050651506,339.9547119140625,10747000
2021-12-30,341.00545303663915,344.20734652415706,340.23224420785385,341.3623046875,10593300
2021-12-31,340.03394727133025,340.4503044176008,333.3427070591163,333.4220275878906,12870500
2022-01-03,335.3549947191294,338.11079285566626,334.25467209086094,335.5929260253906,14537900
2022-01-04,336.9907364863114,340.10338695496097,328.9810562034639,333.6004943847656,15998000
2022-01-05,330.12098787578486,332.8371562358702,321.0209087490122,321.3480529785156,20564500
2022-01-06,320.0098205355799,336.2174978797131,319.9106849971609,329.5658874511719,27962800
2022-01-07,329.84341476886055,334.06634020398093,326.01703144649423,328.9017028808594,14722000
2022-01-10,322.4781278394008,325.4817500490974,312.68412980194535,325.214111328125,24942400
2022-01-11,323.9353644660303,331.7170359199198,322.44842203223953,331.45928955078125,16226800
2022-01-12,332.2622170190989,333.44186036917864,327.15705433912973,330.35894775390625,14104900
2022-01-13,332.063945311924,332.7082808860371,322.9242059820677,323.637939453125,14797100
2022-01-14,318.9887957429694,329.8335644167679,318.4138277573684,329.0107727050781,16868500
2022-01-18,320.4757328930127,321.38770724912837,314.8749228247817,315.3804626464844,22645600
2022-01-19,316.7979997340146,324.25255648211686,316.5501760176956,316.80792236328125,20814700
2022-01-20,321.08042246053043,324.96631190525255,313.2293835392829,313.8043212890625,16925000
2022-01-21,312.06954052686575,315.5390726265912,300.4020106136228,300.5308837890625,28710700
2022-01-24,295.24727318173785,306.8355131318804,286.4941524130444,306.02264404296875,38878100
2022-01-25,297.33892957316243,303.56426059087903,294.9895351520155,297.53717041015625,25108500
2022-01-26,304.3373879500418,304.83303528770085,288.31806236667074,292.0651550292969,28348800
2022-01-27,295.15804679430795,299.08356599902004,291.69843738739166,292.07513427734375,21629900
2022-01-28,293.046605096765,299.27193610509295,290.47915483437316,299.0835876464844,21871600
2022-01-31,298.0625144426168,311.0584050556387,296.71436802993236,310.53302001953125,21579500
2022-02-01,311.821701482423,316.8773112011151,309.40293966017686,316.2230529785156,18023800
2022-02-02,324.96628079773285,325.1447066079721,314.1115902294131,320.188232421875,58458300
2022-02-03,242.52029856192772,245.8411426276449,233.6977797357552,235.69027709960938,188119900
2022-02-04,232.92458253075475,240.49807556869192,228.10688832560353,235.026123046875,89342200
2022-02-07,235.6307879297406,236.22557090302277,222.05995871878767,222.95213317871094,88613800
2022-02-08,218.92748656351395,223.8046556975706,214.26838839341522,218.2633056640625,94729700
2022-02-09,222.24831952087897,231.33849218278192,220.27565229753864,229.9804229736328,86563300
2022-02-10,226.28288119030293,232.9542913411008,224.72654100471263,226.08462524414062,49310400
2022-02-11,226.471234956997,228.41416445140362,216.86558514893198,217.6387939453125,46156900
2022-02-14,217.4009019213958,219.0761928753019,212.91033682502422,215.80491638183594,38184000
2022-02-15,218.55077156833923,219.22484478977512,213.18786292773044,219.07615661621094,42685500
2022-02-16,210.5609609793981,215.56700343123342,210.51139320740756,214.65499877929688,45817500
2022-02-17,212.15692341599396,215.60662518366414,205.3566402879214,205.90185546875,38747500
2022-02-18,207.56725017584947,208.9154119206845,203.3938917567918,204.36537170410156,37128400
2022-02-22,200.57860830625324,205.67386353473034,198.31845712325313,200.3208770751953,39852400
2022-02-23,202.38274237722837,205.1385406073783,196.32593077226764,196.72244262695312,44481400
2022-02-24,189.39677688910578,206.5362719829913,188.5640929101041,205.7928009033203,49957200
2022-02-25,203.15595393014488,209.48041944495978,201.41126544277088,208.64772033691406,37627600
2022-02-28,205.87213368004936,211.2945184174018,205.02954202469644,209.19297790527344,34239800
2022-03-01,208.0430640988383,209.90670342528273,200.45966386254756,201.71861267089844,27094900
2022-03-02,202.99735671935014,207.32931034252405,200.2613883982864,206.29837036132812,29452100
2022-03-03,207.20047782231057,207.25995310005763,199.66663003782656,201.20314025878906,27263500
2022-03-04,200.60835511137336,204.09771758664783,197.05951735897975,198.31846618652344,32130900
2022-03-07,199.04209884176245,199.14123438340457,185.64971001813566,185.8380584716797,38560600
2022-03-08,186.2147523045471,194.9877030604823,184.48989373978588,188.6334991455078,37508100
2022-03-09,194.03606526779308,197.36681666982452,192.23190132562794,196.77203369140625,31894700
2022-03-10,193.14390698911552,194.57137415619934,189.40673586874723,193.5106964111328,24853000
2022-03-11,190.96303363699852,191.8750230568434,185.0450023478886,185.97682189941406,34694500
2022-03-14,185.40186770987287,190.616072982161,184.2024094563913,185.00535583496094,31010500
2022-03-15,189.13907936744985,190.6061916572676,184.2916476700059,190.35836791992188,31721700
2022-03-16,193.0051051808488,201.95649650852528,192.8266793674669,201.8573760986328,40640300
2022-03-17,199.9441810370378,206.22898715868908,199.35932066827604,206.03073120117188,29499700
2022-03-18,204.90063812727288,214.91272195046668,204.20673477217082,214.6054229736328,52128000
2022-03-21,212.63274839506389,212.8409269719916,205.82255751754292,209.64895629882812,30142300
2022-03-22,209.53000212527914,217.54958951329053,208.3503587518727,214.7640380859375,31998800
2022-03-23,211.47291821952788,214.91271233225916,210.31310513662962,211.60179138183594,23717300
2022-03-24,213.12837549531818,218.7490150246612,212.92019693825017,217.65859985351562,31502300
2022-03-25,218.59042908411953,223.53699599289988,216.98453621485453,219.8890380859375,40039000
2022-03-28,220.19631852795726,222.08968009819674,217.6288535029848,221.6436004638672,26224100
2022-03-29,224.1020384066852,228.8800718121414,223.3288144925983,227.85903930664062,31417900
2022-03-30,226.9173167936126,229.1378076655561,224.73647106182824,225.86654663085938,25588000
2022-03-31,226.46131389627396,226.50097416228894,220.3251961259612,220.42433166503906,24192300
2022-04-01,222.59526293695754,225.30149365853208,220.7613614029989,222.8926544189453,19544800
2022-04-04,224.01281202415882,232.3099604286333,223.89386147924975,231.8539581298828,28054800
2022-04-05,232.0422984945777,234.7980969460223,229.00893869737314,229.82179260253906,29727200
2022-04-06,224.9347306089512,226.99662582724713,219.4826086293868,221.3561553955078,28995100
2022-04-07,221.9806658434369,223.55683627381228,216.6574169233372,221.0092010498047,21037200
2022-04-08,220.44416005430307,223.17022097182485,218.11461103803705,220.39459228515625,18375700
2022-04-11,216.51861297223437,218.68955105022263,213.34647257045273,214.57568359375,20516600
2022-04-12,218.32279924455113,220.09721050095476,211.27469173834876,212.27589416503906,20128800
2022-04-13,209.97608164874075,214.72437730811373,209.49034172860436,213.1184844970703,19231800
2022-04-14,213.01934713942245,213.11848267360907,208.1719159864897,208.350341796875,18379500
2022-04-18,208.1719251462913,211.52250668657197,206.48672687267987,208.9352264404297,16580800
2022-04-19,208.68740356630022,216.52853461621248,207.1806311048147,215.4182891845703,20089900
2022-04-20,211.7505057324773,212.29572095663042,197.18838112552498,198.67532348632812,43036500
2022-04-21,199.84503264434116,201.20310164547175,183.96448611723164,186.4328155517578,49954100
2022-04-22,188.71280973536275,191.04235885583572,181.67462485450002,182.50730895996094,36426800
2022-04-25,181.13928776477397,185.55054643388652,180.07861023411346,185.36221313476562,29281100
2022-04-26,185.00538003576446,185.56050278364089,177.93744225250256,179.37481689453125,31747400
2022-04-27,172.91157012244597,179.6325637703488,167.5288458276173,173.4270477294922,71062900
2022-04-28,201.1535507830585,206.7147155418311,191.22077206999722,203.9390869140625,100890600
2022-04-29,202.6801248895331,210.6302976447287,198.15980826537083,198.724853515625,49193400
2022-05-02,199.41879504894462,210.03557018084996,199.240369225767,209.29209899902344,49915300
2022-05-03,208.6180173147746,213.0292767771703,206.2785606489031,210.18426513671875,41556300
2022-05-04,208.81626224243902,222.34744654800306,205.15839680914934,221.46519470214844,41375900
2022-05-05,216.83583912776692,218.25338349099627,204.36534820355035,206.46688842773438,41129200
2022-05-06,205.53506951603146,207.55731947021067,199.27009396161898,201.99615478515625,34747200
2022-05-09,198.10035838901905,200.80660420921586,193.8774477905192,194.50196838378906,36303200
2022-05-10,197.77323719295447,201.19321664925386,192.49955626673494,195.92942810058594,34452500
2022-05-11,194.62094046425895,198.9231569416904,186.63110554161176,187.09701538085938,31153400
2022-05-12,185.43160563866368,196.32594109879756,183.17145467096796,189.57522583007812,38262200
2022-05-13,190.90357657872764,198.14993998847334,189.61489016381347,196.8909912109375,24549800
2022-05-16,195.33465259058252,203.58221785060556,194.2243920764948,198.29861450195312,27112600
2022-05-17,200.36050797611236,203.67144423340272,196.6332448276037,200.8561553955078,24872700
2022-05-18,198.25897094773953,199.25026580247822,189.96183785388354,190.5665283203125,23960000
2022-05-19,189.5355887217403,193.58998137940185,187.94952589985266,189.6248016357422,24446900
2022-05-20,193.2727689309171,196.1871783731729,186.23456905164684,191.85520935058594,31465600
2022-05-23,193.49084953374,195.27518333819546,189.57523779332573,194.52178955078125,25059200
2022-05-24,178.97827858926098,182.08102101762512,174.57692727127068,179.70191955566406,50406300
2022-05-25,178.8295721112959,183.8356137712795,177.75898706063882,182.22972106933594,28030200
2022-05-26,181.2880223555462,191.15140392285537,180.67340921086296,189.96185302734375,23056500
2022-05-27,189.69419516808324,193.62963718300583,188.1477775238642,193.43138122558594,22562700
2022-05-31,193.19346434021034,195.87988020083372,190.33853016005855,191.954345703125,26131100
2022-06-01,194.79936545558363,197.79308044410078,183.38956601023835,186.9978790283203,36623500
2022-06-02,186.80950815490593,199.19078605787604,186.09577466544653,197.12889099121094,31951600
2022-06-03,194.27396242446108,194.89848302655813,188.12793731775005,189.11923217773438,19465000
2022-06-06,192.30130502364528,195.2057918492942,186.75995498137883,192.5590362548828,30574200
2022-06-07,190.2592201932253,194.81918271881858,189.8230631492287,193.94683837890625,18828700
2022-06-08,192.97537055202793,200.27130140118285,192.7176393311409,194.92822265625,22267200
2022-06-09,192.5887643538881,197.713756969315,182.0810327786021,182.39825439453125,23501600
2022-06-10,181.44661563615782,181.50610603720847,173.4964412625436,174.04165649414062,27450800
2022-06-13,169.1049918602242,171.0776741390652,162.60209979408089,162.83009338378906,31749300
2022-06-14,164.58468395588787,165.29841746325724,159.9553387871744,162.30470275878906,27244300
2022-06-15,165.74448533100573,170.6613141290513,162.55251490737075,167.8757781982422,30008300
2022-06-16,162.29480098577153,163.6429626444072,158.2205783731708,159.4696044921875,26944100
2022-06-17,160.27254091529267,164.45580630957073,158.5080373272939,162.3146209716797,31374200
2022-06-21,164.48556555136005,166.29963714436744,154.61227621435427,155.68287658691406,50724900
2022-06-22,157.00129154437553,159.39030076437285,154.08688211001586,154.49331665039062,47267800
2022-06-23,154.90966528157492,158.35936745470903,152.90724525752032,157.36807250976562,40499200
2022-06-24,160.32213220229877,168.76796963145938,159.8958826231622,168.6787567138672,68736000
2022-06-27,169.82862813839694,170.25487763124974,166.54742972686054,168.01455688476562,29174600
2022-06-28,168.42098977082756,169.8088116430463,159.21186722566654,159.28125,27744500
2022-06-29,162.1461346163408,164.88210344196253,158.92442578277348,162.51290893554688,28595200
2022-06-30,160.7384422088374,163.7916319403162,157.11031481693823,159.84628295898438,35250600
2022-07-01,158.91446318278108,159.2217621433084,153.65069034030827,158.63690185546875,31423900
2022-07-05,156.7633456811944,166.7853358584713,155.6531004403031,166.72586059570312,28618600
2022-07-06,166.7357893546175,170.09627826306044,164.01965116887757,168.29212951660156,23085900
2022-07-07,167.9749321123274,171.21647094718156,166.3194713031898,170.6910858154297,24083400
2022-07-08,168.50032721655154,170.89925940610374,166.6862554722866,169.3925018310547,19249200
2022-07-11,165.61562467931125,166.0319666680864,160.50054002986025,161.46209716796875,21885600
2022-07-12,163.36538896731187,164.46572681989724,160.6888959849567,161.8487091064453,16639700
2022-07-13,158.76580420983865,163.54383804509905,158.22058895738138,162.0668182373047,16555100
2022-07-14,159.81656687331278,161.17463606202577,155.91086250108654,156.67416381835938,23765200
2022-07-15,159.14247548359506,163.54382722913314,158.42875707644262,163.26626586914062,23342800
2022-07-18,165.2984441016699,170.195443906305,164.1981060276488,165.77426147460938,23574300
2022-07-19,168.8869078373699,174.9536429313068,168.03439361548112,174.24981689453125,25933700
2022-07-20,175.94491318004836,182.00172479561706,175.16178184563003,181.49615478515625,24784300
2022-07-21,179.05760283598016,182.24957362777684,177.31291412933265,181.5754852294922,27195800
2022-07-22,171.56338600807769,174.0713604623651,166.94394894071905,167.7964630126953,42583900
2022-07-25,167.52882872010937,169.08516888643103,163.37530090151066,165.19927978515625,26166300
2022-07-26,164.49545685595962,164.55493212211556,156.5750061837732,157.76455688476562,28468400
2022-07-27,161.17461888480676,169.38253866879188,160.60958871085882,168.10377502441406,43846600
2022-07-28,159.6579594985726,160.1040391932578,153.50202643480458,159.3209228515625,73214300
2022-07-29,156.3172973966075,158.74596691052585,153.81922997825376,157.71502685546875,42065400
2022-08-01,155.88108777339025,163.75196991958916,153.87866829295712,158.53775024414062,40596700
2022-08-02,156.9318929768912,160.8276897938803,156.63450148211984,158.7955322265625,27374500
2022-08-03,161.2737692383806,168.06413020831988,160.16352379387357,167.33058166503906,31721900
2022-08-04,166.83493095275554,170.65140715656858,165.34798863611059,169.08517456054688,23938200
2022-08-05,165.5363686461621,170.11614701435627,164.35672509654546,165.6553192138672,25832700
2022-08-08,166.53754603180064,175.96475524575519,165.67512429444318,168.76795959472656,27299100
2022-08-09,167.47925398956878,168.05420679058827,165.14972027742735,167.0629119873047,18655100
2022-08-10,174.4580025790822,178.90890719547573,172.4357524234894,176.78753662109375,30262100
2022-08-11,178.14559139095888,181.50608008675786,174.83465533334396,175.94491577148438,24079100
2022-08-12,179.23602518954743,179.8803759384062,177.35257096418084,178.92872619628906,21274000
2022-08-15,177.40214619257392,179.86055336796744,176.64875236998225,179.31533813476562,15878700
2022-08-16,177.87794669135258,179.41445670283701,175.49883002409837,177.90768432617188,21156700
2022-08-17,175.22128847897727,176.5892803390604,172.65383820977354,173.3279266357422,20118100
2022-08-18,172.82235051275006,174.22998746603588,170.36394337785367,173.1395721435547,18844500
2022-08-19,168.71836966989872,170.81992490333863,165.59579714220007,166.4978790283203,26240800
2022-08-22,164.0493768927399,164.0493768927399,160.84748389572914,161.630615234375,19499700
2022-08-23,161.06557329488396,163.6132081664498,159.30106977820242,159.70750427246094,18111800
2022-08-24,159.20197311267086,164.01966711697898,158.3791964989149,161.83880615234375,20891500
2022-08-25,163.74206276000646,167.40986550779851,162.5921723231533,167.31072998046875,15550500
2022-08-26,167.01336169441478,169.43212368762408,160.26264579796614,160.37168884277344,24023600
2022-08-29,159.26141262320422,161.63060638822202,157.6257672670474,157.7843780517578,20052700
2022-08-30,158.95414916201582,160.25274310903546,154.5527972225878,155.7919158935547,19567900
2022-08-31,165.61563278936217,166.3789189098485,160.72854146269484,161.51165771484375,40953000
2022-09-01,162.15599825067065,165.90309122402968,158.95412041914062,163.92050170898438,30145700
2022-09-02,165.99234635137884,166.46816372077225,157.8339926567037,158.92442321777344,22634200
2022-09-06,158.7063296993813,160.2824850610427,156.3173052072264,157.15989685058594,19339800
2022-09-07,156.3866642161884,159.55881971779763,155.44493716925498,158.9937744140625,16831200
2022-09-08,157.32843237884535,160.8177798055024,156.3668750415445,160.64926147460938,22530800
2022-09-09,161.82885763220028,168.06409455721766,161.60086408948706,167.677490234375,22086800
2022-09-12,165.93285648840623,169.89803617879264,165.8238134418822,167.48919677734375,23220400
2022-09-13,160.13377591386535,160.22300395305948,151.3409947482943,151.7969970703125,44444100
2022-09-14,151.99523720059614,152.20340064312884,147.75249656335097,150.15142822265625,43064200
2022-09-15,148.49596212449558,152.85765313710925,147.40553180836312,148.24813842773438,34606300
2022-09-16,146.76122942760276,147.28661457344126,143.0339505050214,145.01654052734375,40122800
2022-09-19,143.97566223661408,147.28658323928715,143.83688156961458,146.73146057128906,22169500
2022-09-20,144.51095359804532,147.54431324204933,143.955830934562,144.81825256347656,23217400
2022-09-21,145.1156455422139,148.297708513864,140.76386196399903,140.8828125,38338600
2022-09-22,140.31781801307898,143.32144081863817,139.64372951040622,141.57676696777344,34418500
2022-09-23,140.1889313455003,141.3784822716074,137.68095630825457,139.18772888183594,31710700
2022-09-26,138.90026370633277,141.00181959089466,135.00448124806596,135.1829071044922,30497000
2022-09-27,136.71940412750206,138.20634662252763,132.9524801149117,133.23004150390625,30826500
2022-09-28,133.44813116193265,140.79363091292262,133.1011869794441,140.37728881835938,32658500
2022-09-29,138.14685096331397,138.6226682562599,134.0230607552248,135.2225341796875,38985400
2022-09-30,134.8656755106968,139.76267478552438,134.32046028508566,134.49888610839844,33166400
2022-10-03,135.94619178824445,138.40459908232745,134.91525167329377,137.4033966064453,27723100
2022-10-04,139.26701646086826,141.15047059220228,138.12701832793766,139.058837890625,34670700
2022-10-05,137.0365931592854,138.9894450478665,133.60670663197286,137.7701416015625,27979300
2022-10-06,136.52112097055306,140.21864633669762,135.41087563563656,137.859375,36231100
2022-10-07,135.56948321426967,137.08616318033515,131.28709717066118,132.28829956054688,33214800
2022-10-10,132.3874193707211,134.92513155816465,130.72203629398763,132.6253204345703,24024000
2022-10-11,130.47421015288506,131.50516516340699,125.88451818312103,127.4210205078125,38481400
2022-10-12,127.20296764266038,128.5412066696093,125.15097995832855,126.39009857177734,34605200
2022-10-13,122.45465933191532,129.99841422113215,121.46336441940831,129.1558074951172,34325700
2022-10-14,129.85962016618188,130.642736410999,125.4186160877497,125.65653228759766,23559400
2022-10-17,129.1657206658623,133.61662481645823,129.0467549994207,132.87315368652344,29612200
2022-10-18,135.89663092212427,136.64010218854972,130.2561598273559,131.64398193359375,25445000
2022-10-19,131.73316907721394,135.80739142500235,131.06900335762276,132.07020568847656,30691000
2022-10-20,131.77278565597365,135.5793684659185,130.16689322309333,130.38497924804688,26356300
2022-10-21,125.21044703283174,128.987277899163,124.3480253746499,128.87823486328125,46348600
2022-10-24,126.14225997579203,132.31802218177478,123.48558967928369,128.59075927734375,63563400
2022-10-25,129.740668266427,137.1456416326247,129.45318430388568,136.3129425048828,38433200
2022-10-26,130.53370487759855,134.37002641761245,127.411132000014,128.68991088867188,82791500
2022-10-27,97.12707793561606,101.60772757001686,95.54100004023675,97.0874252319336,232316600
2022-10-28,98.71314556260309,99.97208672735346,96.66116547189773,98.3364486694336,95928300
2022-10-31,97.36497893611102,98.45540173117791,91.79389929610683,92.34902954101562,121361400
2022-11-01,93.50885508342138,96.64134321393725,92.73564622724912,94.37127685546875,110189600
2022-11-02,93.38990492916498,94.3712849023737,89.69237866054964,89.7518539428711,71821100
2022-11-03,89.29583757831013,89.67252688039356,87.64037707410301,88.13602447509766,60664000
2022-11-04,89.56348454083917,90.59443205045059,87.32315615335703,89.9996566772461,55638100
2022-11-07,93.95492212208184,96.03663973796807,92.289546516777,95.87803649902344,81987300
2022-11-08,95.08500329540075,96.94864251443767,93.96484280107093,95.63021850585938,52088300
2022-11-09,100.83451653036997,103.98683455524989,99.86304421903829,100.5866928100586,107677300
2022-11-10,106.18750582793226,111.76849304628479,103.69935366554259,110.89615631103516,80671000
2022-11-11,108.27913962176521,113.89977959725059,107.86279003756002,112.03614044189453,59961700
2022-11-14,110.02381464557875,115.25785030828123,109.83547376457382,113.22570037841797,53395000
2022-11-15,115.05960389234444,117.70635957873935,113.41405821741367,116.0608139038086,50670500
2022-11-16,113.50327262811443,115.06952047600194,111.67929353663554,112.24433135986328,33287800
2022-11-17,109.44886503222872,111.35214927717924,108.84417458519039,110.47980499267578,35093800
2022-11-18,112.80936635172509,113.32483638895054,109.65704816363142,111.07460021972656,33357700
2022-11-21,110.5491860828065,111.39179266223302,108.23947508635084,108.90364074707031,24351100
2022-11-22,108.90364681747944,110.64832777485412,107.37705192514898,110.46989440917969,29029000
2022-11-23,110.74746942359464,111.68919657028627,109.7660895726345,111.262939453125,21343100
2022-11-25,110.33112724222208,111.74867927547221,110.05355831267225,110.44017028808594,12007600
2022-11-28,109.8156510772126,111.06468480598609,107.43654173387552,107.83306121826172,23309400
2022-11-29,108.58643888708252,109.97425319109101,107.59514403607353,108.50713348388672,23899200
2022-11-30,108.55669594886484,117.13139750383256,108.42782278422197,117.07191467285156,43348600
2022-12-01,118.1623371591402,120.14492675954844,117.36930585676437,119.39154815673828,36551400
2022-12-02,116.80427590530408,122.96021611715648,116.58618982465244,122.41500091552734,39950500
2022-12-05,120.69016167673439,123.58474115193586,120.29364217916343,121.36424255371094,35474900
2022-12-06,118.86616176085984,119.50058982068353,112.7498671658105,113.1265640258789,43689200
2022-12-07,112.7697064797689,114.87124676294755,111.89736215424148,112.93822479248047,29461100
2022-12-08,115.37679694590823,116.31852394626355,113.59246334599632,114.3260269165039,30619400
2022-12-09,114.29629973425023,116.5167980904086,112.8787477899795,114.89107513427734,26033400
2022-12-12,114.17734320872192,114.71264334504619,112.15510077026792,113.71143341064453,24747100
2022-12-13,121.06683980846766,122.22666055478824,117.6072228281434,119.10408020019531,44701100
2022-12-14,118.35068673133345,123.05933707765865,118.35068673133345,120.53153228759766,36922000
2022-12-15,117.29992387771452,117.59730780116884,113.01753033834721,115.13890075683594,34531000
2022-12-16,119.1833816073748,122.23656395816606,117.78565225665622,118.39034271240234,67064000
2022-12-19,115.81297015932645,116.77452729933448,113.33473322651358,113.48342895507812,29769900
2022-12-20,112.27407787728364,116.30864837064796,111.48103882341637,116.07073211669922,28742500
2022-12-21,115.68410100799696,119.29241350219432,114.61350836378021,118.71746826171875,20392800
2022-12-22,116.17974644378964,117.5873907944349,113.38429543656028,116.10044860839844,23618100
2022-12-23,115.01993130171148,117.15121657626835,114.53419898057305,117.01243591308594,17796600
2022-12-27,116.9034038330725,117.56756957808179,115.03977220793341,115.86254119873047,21392300
2022-12-28,115.23803081847723,117.12149261971926,114.50447471842836,114.61351776123047,19612500
2022-12-29,115.38672082161865,119.97641320548192,114.76220023247431,119.21311950683594,22366200
2022-12-30,117.13138892392148,119.37170956831744,116.7150393894688,119.29240417480469,19583800
2023-01-03,121.75084455355073,125.26994462514445,121.21554437696301,123.65412902832031,35528500
2023-01-04,126.27114560210994,127.92661388492843,124.75446556758857,126.26123809814453,32397100
2023-01-05,125.0320297704694,127.40123166743142,123.45587442453174,125.8349838256836,25447100
2023-01-06,127.84730565506447,129.1954673366725,124.94281126846515,128.88816833496094,27584500
2023-01-09,130.0182474045574,131.79265868414586,128.15460808502064,128.34295654296875,26649100
2023-01-10,126.16210526612231,132.27840087038675,126.04315471213991,131.8323211669922,28684400
2023-01-11,129.8199777912905,132.68481924934517,129.20536471009615,131.73316955566406,25423000
2023-01-12,132.27840442063882,136.4814854510704,130.61302099038483,135.5199432373047,30757700
2023-01-13,133.79505485923653,136.19398636138445,133.66618170023415,135.7875518798828,22423800
2023-01-17,134.99450970068324,135.5595549598786,133.08131812331774,134.18165588378906,21147600
2023-01-18,134.62773568755287,136.05520252766846,131.6439439772816,131.86203002929688,20215500
2023-01-19,131.33665519565676,136.25346899669938,130.98969596078695,134.96478271484375,28625200
2023-01-20,134.70705181876295,138.72179884510555,133.43819566551292,138.15675354003906,28688600
2023-01-23,138.07746248379212,142.50855197768175,137.45295697105522,142.0228271484375,27470100
2023-01-24,140.45657683585247,143.73776053550952,140.1294477036565,141.89395141601562,21970200
2023-01-25,139.9906728793258,141.92369499048152,139.088590852133,140.2682342529297,26622000
2023-01-26,143.14295168712312,146.2258788750121,142.0525365694061,146.01771545410156,25482100
2023-01-27,146.94959546420458,151.85650333076413,146.1069885536194,150.41912841796875,35771900
2023-01-30,148.1093490783874,149.80445459430712,145.6707573898194,145.77980041503906,28040100
2023-01-31,146.66206232671513,148.57526915219435,146.23581282407054,147.67318725585938,29842100
2023-02-01,146.74136165733216,152.24305058344999,145.77980453303962,151.78704833984375,55661000
2023-02-02,181.78364585873078,195.4436870373218,178.59167538221652,187.12672424316406,150475700
2023-02-03,181.87287479600266,195.05709986672147,181.29792194431568,184.90623474121094,76809700
2023-02-06,184.90621738212576,189.03991487291054,183.90501508191707,184.4403076171875,42483800
2023-02-07,183.96450515195008,192.09312012094964,182.79476933118949,189.95191955566406,47080700
2023-02-08,188.34602056954392,189.16879710609436,181.32765125110058,181.8332061767578,36139100
2023-02-09,184.50972301839462,185.02518547134846,175.72684967356224,176.37118530273438,37118800
2023-02-10,174.81486359032888,177.33274600863183,171.84097885758246,172.63400268554688,33433600
2023-02-13,176.66858359767645,179.42438229242248,174.2894818165588,177.8680419921875,31463200
2023-02-14,175.61780626083268,179.92992995474845,174.34895001230046,177.9176025390625,24034600
2023-02-15,174.88424941813702,176.63884567632195,173.80374157662817,175.61781311035156,25308900
2023-02-16,171.2461875370984,174.3192076619539,170.29453781345282,170.9388885498047,25827500
2023-02-17,168.7382280890579,171.6724526790404,168.2227504782921,171.3750762939453,24171300
2023-02-21,172.7926146811642,176.61901366845885,170.3837752916554,170.58203125,34592600
2023-02-22,169.58083370599772,171.25610945926005,168.2128418399416,169.63038635253906,22433200
2023-02-23,170.50272851531994,172.17801937262993,167.90554063056828,170.54237365722656,20017800
2023-02-24,167.17198729933313,169.2338827034018,166.20052243980692,168.90675354003906,19791300
2023-02-27,170.38378974915403,171.61298587076692,167.58833058362544,168.06414794921875,19277000
2023-02-28,170.4035696035187,176.00439428377393,170.3738319696767,173.4171142578125,46051100
2023-03-01,173.07016779754176,176.3017987557463,171.54358035250698,171.9103546142578,30998400
2023-03-02,170.8794184422329,173.48651372435538,169.93767619340952,173.0106964111328,17352000
2023-03-03,177.36249126591966,184.9954593827126,175.50877454317353,183.63739013671875,45877700
2023-03-06,186.36344076544492,188.00899392583824,183.03268930417306,183.29042053222656,33209400
2023-03-07,187.35474357650114,188.70290529933874,182.40817638275996,182.90382385253906,36701500
2023-03-08,181.27807709436618,183.64727108561956,179.7613972448921,183.35980224609375,19432400
2023-03-09,184.72782130910593,187.28534898762197,178.73048379335697,180.10838317871094,26582800
2023-03-10,179.4342842678197,183.16156276961232,177.2435310110156,177.9473419189453,25665000
2023-03-13,176.4108467930736,182.18017523686387,173.29818141681156,179.3252410888672,24728000
2023-03-14,185.9470683912344,192.62840035711986,184.9359435252614,192.3310089111328,41642600
2023-03-15,191.2703459570102,196.05830208974152,189.1787131345453,196.028564453125,42123600
2023-03-16,196.53412194369412,203.9688337131776,194.38301382017207,203.14605712890625,50447100
2023-03-17,198.81410277601756,200.14243431213578,193.72875509737597,193.90719604492188,50141100
2023-03-20,196.7521936752625,197.62453796620042,191.95433032702135,196.08802795410156,25186300
2023-03-21,201.4311170239478,201.77807628307767,196.22681889275694,200.40017700195312,31827000
2023-03-22,200.73718772594938,205.56478833860777,197.9318217564422,198.0706024169922,28477800
2023-03-23,201.07425714388052,206.07039199137296,200.39026123164382,202.50172424316406,27389700
2023-03-24,203.3938677558255,205.77298444441905,201.7780674543026,204.21664428710938,27716400
2023-03-27,203.02710138580258,204.06796403208844,199.6071370845429,201.07424926757812,18527200
2023-03-28,198.40765937001166,199.2800036835634,196.17724594410166,198.93304443359375,19127300
2023-03-29,201.7879972778657,203.92919799665844,200.7768721952202,203.5624237060547,18851100
2023-03-30,201.60956435729426,206.27855492955837,201.0544416258621,206.03073120117188,22608300
2023-03-31,205.43594899488193,210.3230253172204,204.9700392079461,210.09503173828125,25440300
2023-04-03,207.02203663171613,211.63156728945143,206.38760845985527,211.21522521972656,17924600
2023-04-04,211.53240612071065,214.35760247602127,210.6897994530681,212.850830078125,21026400
2023-04-05,212.2857936142951,213.31674876543607,208.11245061815816,209.6390380859375,19396600
2023-04-06,207.4284504209406,215.0515103499927,206.8336674517872,214.2188262939453,26104400
2023-04-10,212.84092431935147,213.78265140351988,208.82617714372924,212.8805694580078,16106100
2023-04-11,213.6042343415459,214.13954209197752,211.55226163411987,211.98843383789062,16710100
2023-04-12,212.96979959128493,214.9523894555701,210.72947848998837,212.13711547851562,18972200
2023-04-13,213.85203129059846,219.224847500562,213.81238615247736,218.43182373046875,23310400
2023-04-14,215.98334485267608,220.17651818419773,215.6562157096552,219.56192016601562,21591200
2023-04-17,217.87670046778837,219.0563438246389,215.23986751678353,216.95480346679688,15481900
2023-04-18,217.99566024521894,218.52104532046772,214.32787222191163,215.9932403564453,12281000
2023-04-19,211.61174306418604,215.43814233675087,211.07643529819072,213.82232666015625,15898100
2023-04-20,211.6216446591975,214.86318342643628,210.91783370536288,211.21522521972656,16475400
2023-04-21,208.38011057201217,211.55225127229988,207.75558993575115,211.03677368164062,17717200
2023-04-24,211.81987387171196,212.05779007834377,208.8757421166724,210.9376220703125,15750900
2023-04-25,208.9847941119795,209.42095115389515,205.32691358025164,205.74325561523438,19198200
2023-04-26,210.65018419851057,212.2461697285354,207.06170119505998,207.57716369628906,41992700
2023-04-27,237.80171556165394,239.58604927632857,234.70888054019042,236.48329162597656,71196500
2023-04-28,236.92937263012743,238.3370094781109,233.69775691934507,238.2279815673828,39554000
2023-05-01,236.54276266287647,241.87593357965255,234.40157736953907,241.0630645751953,29143900
2023-05-02,241.06306805133124,242.78792649051843,236.90955544437884,237.15737915039062,24350100
2023-05-03,237.38536017368665,239.6455110429395,230.72385809821785,234.9665985107422,34463900
2023-05-04,234.00508036001702,236.126450919723,230.9023223675368,231.48719787597656,17889400
2023-05-05,230.21832376395497,232.63707051688766,227.84912965326185,230.7536163330078,27000500
2023-05-08,229.40547815382422,233.56891396654385,228.2654949985898,231.2393798828125,16400500
2023-05-09,229.4451239565892,233.8266455946459,229.0684270546972,231.33848571777344,16865600
2023-05-10,234.1141076501327,234.6890604898904,228.71155363342422,231.05101013183594,19119000
2023-05-11,231.0212883085138,236.13637381843506,230.27781710507037,233.7374267578125,20449000
2023-05-12,234.67914467629853,234.8972307500688,229.43518652876685,231.77464294433594,16161400
2023-05-15,234.85757102043314,238.16849214653735,233.28141585947415,236.7806854248047,20653200
2023-05-16,233.7373907173731,237.55388169029442,233.46975201609268,236.74102783203125,18163800
2023-05-17,236.37423475744197,241.71731295990375,236.06693579905627,240.3790740966797,21193100
2023-05-18,239.19946679482555,244.93905771597244,239.09042374878152,244.70115661621094,22943300
2023-05-19,245.3157653201551,246.52514638320116,241.29111019682102,243.50169372558594,21733600
2023-05-22,243.27366885675846,251.36263833291363,242.9861848843443,246.15834045410156,27738500
2023-05-23,244.66148482629066,249.41970323490676,244.50287401661294,244.59210205078125,17748100
2023-05-24,243.14483693110247,247.41731597045813,242.81770776525903,247.04063415527344,17724300
2023-05-25,251.19412157731733,253.39479746511117,247.00094838612523,250.4903106689453,22371400
2023-05-26,250.7281993124649,260.0265498517954,250.51012836120594,259.7589111328125,25727200
2023-05-30,262.94098733413506,266.31138413742116,259.015467775104,260.2347412109375,23816500
2023-05-31,257.7366452452606,262.6931191922848,256.20015042244955,262.4155578613281,25473700
2023-06-01,263.5852676305469,271.61476114544865,263.57537525436203,270.2368469238281,25609500
2023-06-02,270.2864298124124,272.95301510658476,268.7598274288689,270.2368469238281,19416900
2023-06-05,267.9470496252705,273.1711940893374,267.21350094230064,269.027587890625,20742900
2023-06-06,267.7884379849693,274.16245738799296,267.3423431472537,268.7598876953125,19419000
2023-06-07,269.3051165166383,271.8626442161029,260.5123047633767,261.30535888671875,26163600
2023-06-08,258.3512750536968,265.320077073053,256.6264315879081,262.27679443359375,20899400
2023-06-09,260.1950856912926,265.61746978448156,259.42187691072445,262.6435852050781,16949800
2023-06-12,264.8442615526915,269.38437870914413,263.0202523851898,268.6904602050781,15442500
2023-06-13,272.487106262098,273.3197902235238,266.7475011776496,268.9580993652344,16164000
2023-06-14,269.52323765270086,272.5962282428355,265.9843069063421,270.97052001953125,19175100
2023-06-15,269.9295786141267,281.5178179621432,269.05726454784934,279.3766174316406,25973500
2023-06-16,282.27125028019697,285.3442708200235,277.6914722362394,278.55389404296875,43127700
2023-06-20,276.3035714688835,282.32070706355165,273.815412191704,281.85479736328125,20701600
2023-06-21,281.0618556973367,281.52776553347246,275.93684749984334,279.1883239746094,20556200
2023-06-22,276.6505570919048,282.77678233751567,275.3718084998464,282.40008544921875,17563100
2023-06-23,279.05946272124834,287.1484334816398,276.52174996331246,286.21661376953125,51092000
2023-06-26,286.18685639120184,287.26736422711815,275.183476694736,276.0458984375,24232700
2023-06-27,279.555073656432,286.8311743118034,278.2068969133884,284.5511779785156,26108300
2023-06-28,282.34057829397415,287.0293831058703,281.5871846024581,282.8064880371094,16722100
2023-06-29,282.0233703967676,284.0753578917488,278.2465396316425,279.0792236328125,15395700
2023-06-30,282.2811054294308,286.533738166813,281.94406884139056,284.4817810058594,19694900
2023-07-03,284.2042548786633,286.88073290993367,282.3703532958794,283.5301513671875,8629300
2023-07-05,285.14596189605084,295.52482034373986,283.8671830495328,291.8074645996094,33865500
2023-07-06,293.3142553701415,295.5248235823149,288.7741078971482,289.44818115234375,47600500
2023-07-07,289.63648473378396,293.62150887910394,286.14713820158397,288.0008544921875,25586000
2023-07-10,292.97721550858023,295.53477346549835,284.5512082858447,291.53985595703125,37058300
2023-07-11,291.3415302455222,297.5668602635445,289.35894068243334,295.6933288574219,27585900
2023-07-12,299.1232312229929,306.75621392994793,297.48760071490796,306.64715576171875,36677100
2023-07-13,310.88989563213556,313.4870833791565,307.58889699038366,310.6817321777344,30281000
2023-07-14,309.0758690549912,312.13896690077314,304.68440931960316,306.1812744140625,23054100
2023-07-17,304.86281044247795,308.9964928062854,302.05742922495097,307.9159851074219,25323100
2023-07-18,308.17378945631805,311.46489606355357,304.9421581279669,309.3335876464844,20731900
2023-07-19,310.3050247039344,315.90583453833557,307.81686495769065,313.25909423828125,21763700
2023-07-20,310.7709017726767,312.79315151790587,299.58909828739195,299.886474609375,23836900
2023-07-21,301.91864094603187,302.8008775182186,288.66503534415375,291.6983947753906,42139300
2023-07-24,293.2051849386824,294.9300282701008,285.79028868592326,289.07147216796875,24915700
2023-07-25,292.6203191709946,295.7032315280009,289.3192904924628,291.9065856933594,19585600
2023-07-26,298.56813525384524,299.1430730271776,289.3589964867336,295.970947265625,47256900
2023-07-27,322.2898209017809,322.5178296391777,307.14283473077046,308.9965515136719,64229200
2023-07-28,314.12152548725567,323.3604010020382,311.51441512024616,322.64666748046875,39220300
2023-07-31,320.87225613271846,322.8251083416329,314.8253510504006,315.8265686035156,25799600
2023-08-01,314.77580936288706,321.3183621345962,311.92087504418333,319.9007873535156,22817900
2023-08-02,315.2317634870685,315.6183830009451,307.94574026174797,311.5738830566406,20461100
2023-08-03,307.23202249512775,313.1996371815222,307.23202249512775,310.4636535644531,15180200
2023-08-04,312.2181817889227,315.6381607311768,307.49963941370754,308.0250244140625,17612800
2023-08-07,310.50332247597623,314.30989138505396,307.75741615279827,313.8043212890625,16236500
2023-08-08,311.66311551194724,315.1227553397813,307.4104518521526,309.91845703125,15183500
2023-08-09,310.1563455945085,310.89981675139177,300.21365919986573,302.5531005859375,19955800
2023-08-10,305.2593520785052,309.6210435617212,301.22477459946464,303.0784912109375,14358900
2023-08-11,299.93608761646493,302.0673654764671,297.745304234176,299.0141906738281,14046300
2023-08-14,298.3599590509755,303.5444121758859,295.6537130002151,303.52459716796875,15641900
2023-08-15,303.4749997336149,304.5555074180836,297.4181728716015,299.32147216796875,11623600
2023-08-16,297.58670519685023,298.45901919205147,291.71822678564473,291.7281494140625,18547700
2023-08-17,290.49894440443103,293.47282896172703,282.4694803012663,282.6082458496094,23950100
2023-08-18,276.6010658148206,283.2030946981994,271.99154972899885,280.7843322753906,35347900
2023-08-21,280.98256944649927,287.97118683695453,279.39649145484435,287.37640380859375,20181500
2023-08-22,290.0033274305193,290.35028671568716,284.2538287834448,285.096435546875,12980200
2023-08-23,285.9886259165438,294.8111459342949,285.16586432440715,291.67864990234375,18287000
2023-08-24,295.9014980911481,296.8531326295478,284.1447562725001,284.2537841796875,18360900
2023-08-25,283.6391995492964,285.8795355852113,273.6271155393811,283.0146789550781,23701400
2023-08-28,285.49294014239996,288.91291975529066,283.3120791933217,287.7332763671875,14239300
2023-08-29,286.0678471302465,296.5458406851911,285.67133525084813,295.39593505859375,20844500
2023-08-30,294.58314634297454,295.6933918946849,290.87568249832157,292.5311584472656,17717000
2023-08-31,293.22505736284154,298.4789391656425,293.086291789836,293.3143005371094,17229900
2023-09-01,296.7639806937551,299.1133450144046,291.90664122148576,293.8000183105469,12842300
2023-09-05,294.4344124053595,298.76639670796936,292.9375776161612,297.53717041015625,14956000
2023-09-06,299.08360235135336,300.6597577520027,293.0862797748744,296.56573486328125,15418100
2023-09-07,295.4058570001141,304.37706303978695,289.67617413817516,296.0700378417969,33748700
2023-09-08,296.6152840075846,302.5927915043755,294.19652184534834,295.296875,17548000
2023-09-11,298.7861424550469,306.3497259398352,298.6572693023183,304.8825988769531,19489300
2023-09-12,303.6632954224195,305.97302903945666,297.61642188859025,299.0339660644531,13480400
2023-09-13,299.7278803744034,304.5059285575894,298.6969555666473,302.4043884277344,13210900
2023-09-14,304.06977984776057,310.1464222632418,302.37467408444013,309.0064392089844,19343100
2023-09-15,308.89739058049656,309.2840101140606,296.14935263325515,297.6957702636719,28131100
2023-09-18,295.59422852439974,300.9571375613304,295.2076089926441,299.916259765625,14234200
2023-09-19,299.84688704196486,303.50476757967397,297.2001163940275,302.4143371582031,15924400
2023-09-20,302.3944501357823,305.3782570015516,296.82337850413523,297.0613098144531,19379500
2023-09-21,293.12587149825106,297.64617316620246,290.71700224931874,293.1556091308594,21319600
2023-09-22,296.6945875794634,302.7216782460861,295.673554918272,296.47650146484375,25369600
2023-09-25,293.06644978298425,298.3302234798701,291.1433351844772,298.21124267578125,18987000
2023-09-26,295.06887254949135,297.6858756115671,293.43324185420363,296.3575439453125,19417200
2023-09-27,297.8345632707552,298.677139729877,284.2934713763144,295.14813232421875,36429800
2023-09-28,296.33767574089586,303.66332872549503,294.11718502598364,301.31396484375,22167100
2023-09-29,304.7042785354478,307.93591009206773,296.7540728412245,297.5966796875,25373700
2023-10-02,300.1046087482149,304.50596053027635,299.0042859286593,304.14910888671875,16265600
2023-10-03,301.61138822655596,304.0995177904984,297.03161074620874,298.3202819824219,17362300
2023-10-04,296.1295452893803,304.2284079253051,295.9015365648199,302.9198913574219,16880500
2023-10-05,301.978199473143,303.54443225598413,296.8928513033326,302.1368103027344,19130000
2023-10-06,298.81593709513936,313.5564874187688,298.2905520081828,312.68414306640625,21803900
2023-10-09,309.7796795347402,317.541505874317,309.1056062125338,315.5886535644531,22503700
2023-10-10,316.34203714260326,321.83381959341597,315.3904024685447,319.0383605957031,19038000
2023-10-11,320.19815236923245,325.97738791097737,320.13867709965075,324.9662780761719,22036300
2023-10-12,325.1447341503426,327.662631720703,319.8809605389769,321.3381652832031,20530500
2023-10-13,320.713603882826,322.2203610808488,309.65075033810035,311.9505615234375,21341000
2023-10-16,315.86624034074185,319.01855105073963,312.77337465622486,318.3543701171875,16536100
2023-10-17,315.4102215309524,321.57607736131524,314.5378771302187,321.1795654296875,16387800
2023-10-18,318.5922603419994,323.10263972349975,312.8129945346358,314.2107238769531,16851000
2023-10-19,317.09543774973184,319.08795030688776,309.03620485654955,310.08697509765625,18709200
2023-10-20,311.40536380308697,312.55523915239206,303.80211935646275,305.963134765625,22312300
2023-10-23,306.8057400373974,314.5973026301898,304.5852493700825,311.2764892578125,17796800
2023-10-24,314.0223812193745,315.5787213935738,307.9259239452391,309.8291931152344,19525500
2023-10-25,307.3014047174126,308.1737490291754,296.2385505173556,296.92254638671875,42192500
2023-10-26,292.43197892863674,292.43197892863674,276.9677733145693,285.8398742675781,66684100
2023-10-27,291.91649836108155,296.704438848398,290.41963355930477,294.14691162109375,29596300
2023-10-30,296.48633908521356,306.7065853975363,296.4466788252207,300.0252685546875,28435100
2023-10-31,300.66961921940054,301.03639345003336,294.2757557468523,298.6473693847656,19434200
2023-11-01,299.22239566233213,310.017582259887,299.22239566233213,309.1353454589844,20434600
2023-11-02,314.537867992154,316.04465564125337,305.64595129379006,308.1638488769531,21631800
2023-11-03,309.8292467333952,312.8031317965931,308.3125665612412,311.8614196777344,16764300
2023-11-06,313.2293593857912,315.5588780950848,311.7126794666905,313.0509033203125,12887700
2023-11-07,314.2999888616323,318.2056935641624,312.37687415015614,316.044677734375,14055600
2023-11-08,315.37059933746826,318.53280249069024,312.1389680232896,316.9963073730469,13609700
2023-11-09,316.6394446432929,321.35798801019484,316.0248163657783,317.75958251953125,16103100
2023-11-10,317.1548694871678,326.23513373605715,316.67903707934255,325.9079895019531,19096200
2023-11-13,323.36040926035906,329.43702160039675,322.86476180916407,326.3243713378906,16908900
2023-11-14,331.6277738153951,335.15678091466447,330.42828531533473,333.3823547363281,17179400
2023-11-15,334.9883433309438,335.45425323447205,327.14719551943847,329.81378173828125,14531200
2023-11-16,326.50274431961327,331.66738145469753,323.5387827217606,331.2807922363281,18932600
2023-11-17,327.38505530805384,332.5794307757708,326.4829733409951,332.1234436035156,14494400
2023-11-20,331.97476378028864,338.89398282519466,331.2808452491062,337.0105285644531,16960500
2023-11-21,335.38476311199616,336.94110323972745,332.97592396005564,334.0465393066406,12027900
2023-11-22,336.25712187256374,339.9348475941971,335.6326012688178,338.51727294921875,10702700
2023-11-24,337.16912925300625,338.88405001830046,333.83836275604654,335.2856750488281,5467500
2023-11-27,333.25353518012435,336.94115367224947,331.290790504135,331.78643798828125,15684500
2023-11-28,330.4977274078799,336.42568204806275,330.4977274078799,336.0390625,12637200
2023-11-29,336.7329553677821,336.9411188190531,327.90051448369286,329.30816650390625,16024500
2023-11-30,329.0008824720162,330.5968527575102,319.5934731970562,324.3021240234375,23146400
2023-12-01,322.64665935567007,324.0146208399716,317.96774644363103,321.9924011230469,15276400
2023-12-04,314.52797610294596,318.0668760036283,310.92957067483053,317.23419189453125,19037100
2023-12-05,316.2033136482819,319.0780633129794,312.6445679622556,315.5193176269531,16952100
2023-12-06,319.12753540502547,319.4447570091409,314.2801194470397,314.6865539550781,11294300
2023-12-07,315.0037509944529,325.38260919838507,315.0037509944529,323.7469787597656,15905100
2023-12-08,320.27742147491017,330.2696896309997,320.18820857643453,329.85333251953125,14087400
2023-12-11,326.5325248079935,327.0182798666103,317.2143590609615,322.4483947753906,25802500
2023-12-12,321.7743847256634,331.5584621944282,321.7347244524535,331.3106384277344,18485500
2023-12-13,331.02307290083434,335.4244243340028,329.74432436086573,331.8260192871094,16353300
2023-12-14,330.94381816444326,331.786424904649,325.779180053839,330.2697448730469,19607300
2023-12-15,329.0999691679317,335.7119191603619,328.33668302041815,332.0044860839844,31776900
2023-12-18,334.5421961519274,344.5344349076749,334.0861787405234,341.6200256347656,18993900
2023-12-19,342.57167029164464,350.5218745666176,342.11568311875016,347.31005859375,17729400
2023-12-20,345.61495082632456,351.87001904403724,344.7624517579326,346.2394714355469,16369900
2023-12-21,349.90727608593943,353.30741024884486,346.17007504363573,351.0075988769531,15289600
2023-12-22,352.4846287114761,354.0905518678329,348.1625974502464,350.313720703125,11772800
2023-12-26,351.8997912451386,353.8724888040851,350.3732187747808,351.7411804199219,9898600
2023-12-27,352.9703381036662,355.87482453649875,352.21694439339376,354.7149963378906,13207900
2023-12-28,356.5687668691386,358.7495973710055,354.6952050963075,355.2007751464844,11798800
2023-12-29,355.8649351224526,356.8661526201397,348.7573678571759,350.87872314453125,14987100
2024-01-02,348.2617247349704,350.08570368515996,337.0501820548259,343.2755126953125,19042200
2024-01-03,341.97694461960975,344.921091847354,340.19259554865863,341.47137451171875,15451100
2024-01-04,341.50104862415935,345.11926848808156,340.41061832562946,344.0982360839844,12099900
2024-01-05,343.96935620150776,350.422694715495,343.24573039401395,348.8861999511719,13920700
2024-01-08,351.61229217973874,355.8550328888557,348.98533664973183,355.5378112792969,13890200
2024-01-09,353.29744904498443,357.5005594299917,352.26649401636956,354.3184814453125,13463900
2024-01-10,357.0346705179699,369.69349454560995,355.9541325367698,367.2449951171875,22117200
2024-01-11,368.8905728121484,369.5349084412359,359.7706477096314,366.4519958496094,17205400
2024-01-12,366.9377174545656,373.7776460956339,366.32311946752475,371.2300109863281,19310000
2024-01-16,370.39731754067816,372.3402469912931,364.0332214951215,364.2611999511719,15306900
2024-01-17,363.1112814992652,365.3318024736922,355.48822189160364,365.16326904296875,12724800
2024-01-18,368.25609056029504,373.5694463469894,367.72081315695874,372.855712890625,16354300
2024-01-19,375.70075575671575,381.0140817393726,374.6797232506199,380.1120300292969,21670800
2024-01-22,384.5728454450382,386.9519470116833,377.8419450079911,378.45654296875,17680500
2024-01-23,381.2718642551316,384.99914300079473,378.75396657575783,381.8468322753906,15506100
2024-01-24,386.60500116462015,392.70145859414,384.4340629686961,387.2989196777344,15698500
2024-01-25,386.7735168364553,392.04718233656905,382.3027674759573,389.7572937011719,15091100
2024-01-26,390.91711729854256,393.33587907319196,388.18113392185984,390.7089538574219,13163700
2024-01-29,391.5515760143711,399.42246020474215,389.6780443214767,397.5290832519531,18742400
2024-01-30,400.0766927751704,402.8225686731587,396.09169829023307,396.5774230957031,18614700
2024-01-31,385.6137446586027,394.53539941934156,383.73029025949774,386.74383544921875,20180800
2024-02-01,390.51069973653455,397.01359160077834,389.6284327898342,391.3433837890625,29727100
2024-02-02,455.5990914546295,481.72960759353555,449.066462419903,470.8551025390625,84707600
2024-02-05,465.78959358537116,467.7919981396143,455.22238765663445,455.4107360839844,40832400
2024-02-06,459.9607805632987,463.053615454366,449.0565379206343,450.7615661621094,21655200
2024-02-07,454.0130922939199,467.4153892805509,452.2089282038192,465.502197265625,23066000
2024-02-08,464.24323169322327,466.49346021033546,460.98186302371124,465.9085998535156,18815100
2024-02-09,468.8329280456372,469.4673410411531,463.4006211841716,464.0350341796875,18413100
2024-02-12,464.1143653554513,474.9789490756288,462.5183648227148,464.81817626953125,19382000
2024-02-13,452.89291546087304,463.8170050865518,451.1284116736069,456.1146240234375,20916600
2024-02-14,463.85666092774244,469.98285675193705,462.0326817625416,469.16009521484375,16858400
2024-02-15,471.1426369454391,484.3665072274175,468.1092769839316,479.81646728515625,24212300
2024-02-16,473.94795697120554,474.7905636276594,465.1254390286169,469.1996765136719,23324600
2024-02-20,465.63101374806274,472.03476994795795,462.49851842146023,467.6433410644531,18015500
2024-02-21,462.9297393124739,465.41060608263723,458.25579479701133,464.4480285644531,12921800
2024-02-22,476.56457866928184,486.2399591800924,472.41657665178604,482.4095153808594,21625800
2024-02-23,484.31475349723246,490.57645821723105,478.658395960272,480.3255310058594,18374300
2024-02-26,479.76987131875444,482.41945039379345,476.921841069552,478.0531005859375,12101400
2024-02-27,476.30655049389355,483.5407356847416,476.2470121182993,483.3224182128906,10809600
2024-02-28,481.28815398786173,487.29183946523705,479.05537389204176,480.3156433105469,12715500
2024-02-29,484.70180744595217,487.93686726454155,478.91640943030325,486.3788757324219,17732000
2024-03-01,488.34364423218267,500.3907458373548,488.085654723343,498.4556579589844,16273600
2024-03-04,499.1503823962354,500.5595280134549,492.62075453598,494.377197265625,12324100
2024-03-05,491.2115550698729,491.7871027589279,484.1559854515597,486.4681396484375,15325300
2024-03-06,493.8214351084789,499.12056222938503,490.50700115423484,492.293212890625,11757900
2024-03-07,499.42823746816646,515.8713989915751,497.5427848270461,508.2700500488281,18586400
2024-03-08,510.2547468573878,519.5629636532714,495.52832561465306,502.07781982421875,18597100
2024-03-11,493.206190107269,493.5138151285209,472.3569784877546,479.8888854980469,20428300
2024-03-12,489.48494207040557,498.4656675759742,481.02022594568126,495.9252624511719,15448200
2024-03-13,491.59863706276775,497.14585137802413,487.27198978393096,491.7772521972656,12090700
2024-03-14,496.4313625069967,497.5130167599525,484.4239615573876,488.06585693359375,12620000
2024-03-15,485.2674452189563,488.0658397573239,477.61643073962875,480.39501953125,29153600
2024-03-18,488.1452478161507,493.6130875886428,483.0842738072249,493.17645263671875,11755300
2024-03-19,484.43389344040116,492.82913789689565,477.59661025996246,492.4421081542969,10903100
2024-03-20,495.6771461475813,504.3105740199144,491.3802985259637,501.65106201171875,11711100
2024-03-21,510.7707839758228,511.09821477284595,502.1373557038148,503.87396240234375,9712500
2024-03-22,503.11978200634246,506.0670529466161,500.4801361234696,505.6800231933594,8120600
2024-03-25,501.91901611098194,503.33806453967446,496.4114740821437,499.1701965332031,8380600
2024-03-26,501.26412299091186,506.0968468595986,491.4200298211447,492.0948486328125,11205400
2024-03-27,495.4786906872178,496.0642018848251,484.3346567294072,490.080322265625,9989700
2024-03-28,489.06812442310434,489.1177599265289,481.4369761827551,481.8636779785156,15212800
2024-04-01,483.4713059825083,493.62299295598973,478.0927737479156,487.58953857421875,9247000
2024-04-02,481.3873933760893,493.7222556696209,480.94082524456064,493.5634765625,11081000
2024-04-03,495.1115300929547,503.35792871942033,494.9329149557214,502.86175537109375,12099200
2024-04-04,512.4676419362434,525.9437264523161,506.672341112813,507.009765625,26476300
2024-04-05,512.9043035265651,526.638408576823,510.47304198515513,523.3041381835938,19263300
2024-04-08,525.229391434242,527.4224392993552,514.9188927025191,515.276123046875,13260600
2024-04-09,518.2330717069119,521.8452273526385,502.861634753666,512.9439086914062,10863800
2024-04-10,505.39228040139363,518.5607107573752,501.92896968081385,515.8516235351562,11418500
2024-04-11,517.1217075007655,519.8506605732492,513.3309363282792,519.156005859375,10369500
2024-04-12,513.7875035345007,516.2088319033819,505.4319310018834,507.9822692871094,11984500
2024-04-15,512.7653372648631,514.5615428654139,493.4741460488993,496.4015808105469,13512900
2024-04-16,494.2977844340761,500.90681687935023,493.3054377657289,495.9351806640625,9847900
2024-04-17,499.2496185150052,499.30915689281545,483.41177405310106,490.3879699707031,12193700
2024-04-18,495.99473711582823,508.28992732102284,495.22070789767196,497.9595642089844,14808700
2024-04-19,498.95188761147057,498.95188761147057,472.08908659081203,477.3882141113281,25215400
2024-04-22,485.97202274350616,488.24450514549414,469.7769174777012,478.0431823730469,17271100
2024-04-23,487.49033492134237,494.9428686127563,485.22778557062543,492.30322265625,15079200
2024-04-24,504.17161722523144,506.0967720750617,480.8713078752949,489.7230529785156,37772700
2024-04-25,418.17488602057387,442.35836983181287,411.32769996695043,438.0019836425781,82890700
2024-04-26,438.0813276050655,443.02322464354364,428.65403477490287,439.8973388671875,32691400
2024-04-29,436.19590946046895,436.3943909124522,425.2800958497785,429.30902099609375,21502600
2024-04-30,427.751047303974,436.2554660770885,426.4312394735651,426.8778076171875,18429500
2024-05-01,425.31978777610783,446.51629805901524,423.84117064830116,435.8287353515625,20344900
2024-05-02,435.48142162693887,440.562231878881,428.9716297061358,438.2996826171875,15221300
2024-05-03,442.5171576767287,450.69411509659585,440.4530898609674,448.5010070800781,16489100
2024-05-06,452.0933195880774,462.5923651748557,449.870472556269,462.11602783203125,15094600
2024-05-07,462.7213143300044,467.9212009325345,457.7794172557727,464.6563720703125,13406800
2024-05-08,459.95270159665824,471.94023656788784,459.4565282400275,468.9830627441406,11683900
2024-05-09,466.40290121752565,472.4363552104369,464.0510446249137,471.78143310546875,9437700
2024-05-10,473.43871486606776,473.8455806741321,466.0060472810395,472.5555419921875,10750000
2024-05-13,469.13187501336745,469.7272890553807,459.30764931420595,464.42816162109375,14668800
2024-05-14,459.82368906593655,468.9235216998096,456.558859918331,468.2388000488281,10478600
2024-05-15,471.34482265738814,478.8072585621629,467.59375353224107,477.8546142578125,13100500
2024-05-16,471.36465799748123,474.0340729044409,469.1318780385458,469.60821533203125,16608200
2024-05-17,467.22655798949256,469.18148209338233,464.8350292226781,468.2983093261719,10807300
2024-05-20,466.35325988849513,469.5783860833422,463.4655278768736,465.2517395019531,11745100
2024-05-21,463.5449691486391,467.0975871671568,458.73208176825443,461.07403564453125,11742200
2024-05-22,464.28922821985554,470.09446225330197,462.0862174173585,464.1999206542969,10078600
2024-05-23,469.26090804074687,470.7295617615154,458.00770019996276,462.2152404785156,11747900
2024-05-24,464.04117710669794,476.17758862327844,462.73127214344584,474.56005859375,12024300
2024-05-28,472.9325751794718,477.17981782811154,471.205901618862,476.2470397949219,10175800
2024-05-29,471.0272448580583,476.17752617925936,470.07460059335506,470.7295227050781,9226200
2024-05-30,468.06013056265147,468.11966893547435,461.15337647505135,463.4754638671875,10719600
2024-05-31,462.23508624663583,465.52968459800337,450.98187816881347,463.2572021484375,16919800
2024-06-03,467.2563385385533,475.92946902820285,464.65639510838076,473.8356018066406,11279400
2024-06-04,473.3493496612414,475.22489935660434,469.60821371186694,473.33941650390625,7088700
2024-06-05,480.7423947273293,492.84900689624556,480.20651900327624,491.27117919921875,15690500
2024-06-06,489.20704994565904,498.97173709860135,487.133049134123,489.9810791015625,10667300
2024-06-07,492.1146295476639,495.0916694898727,486.4185694824564,489.18719482421875,9380700
2024-06-10,490.080347878426,498.81301738575456,489.6338100145634,498.75347900390625,11220900
2024-06-11,496.33206952203005,503.71513050642415,494.45651994785885,503.58612060546875,9673700
2024-06-12,510.0562580327931,510.07612434807345,500.60912858458613,504.9456787109375,11983200
2024-06-13,501.8396375159677,505.46169688773693,497.5229233456596,500.2419738769531,9954600
2024-06-14,499.29830731982713,503.76830117284993,497.41098264470133,500.7982482910156,10243300
2024-06-17,498.3248218231231,507.3442620321648,492.70255969673593,503.2517395019531,11266600
2024-06-18,501.1955938495888,502.625994361436,491.71919803712245,496.1593933105469,13060400
2024-06-20,498.652632230771,500.31150990328194,493.45749528868265,498.3546447753906,11801200
2024-06-21,500.09297514636967,500.09297514636967,489.1067263628177,491.48077392578125,22359200
2024-06-24,495.8712961742398,504.4139262555408,490.9940329117928,495.5832214355469,13525300
2024-06-25,493.7356460502404,507.3045644664891,492.19599361461826,507.1953125,12063200
2024-06-26,503.27162738652333,510.383887800089,501.3147622286422,509.698486328125,8882300
2024-06-27,510.8209300507455,519.3933892059828,510.47328813668884,516.0955200195312,10121200
2024-06-28,513.7015919827431,518.4000322459863,500.48031713157917,500.8577880859375,15855100
2024-07-01,501.58297732671764,503.2020829318588,489.8815282371348,501.31475830078125,10328200
2024-07-02,497.4209190368857,507.0959625693369,496.11965660213826,506.1026306152344,7739500
2024-07-03,502.9934818232005,507.87074521081,502.6458095867641,506.5595397949219,6005600
2024-07-05,508.18862031678924,537.2634349299381,508.18862031678924,536.309814453125,21354100
2024-07-08,538.7336124129018,539.1905669814913,523.1383477493558,525.79052734375,14917500
2024-07-09,530.1909372581625,533.8960460931625,524.6680139481037,526.4659423828125,8753200
2024-07-10,527.2505545542191,535.2866353441332,524.8367656001964,531.1245727539062,10983300
2024-07-11,527.3500219197413,531.8895562792189,504.9801666469837,509.28131103515625,16458300
2024-07-12,494.44087322434433,504.7019779354112,490.93441299316135,495.54345703125,19750500
2024-07-15,495.3050935222818,503.30140324613546,490.0801579921721,492.8515625,12539200
2024-07-16,498.15598735257976,500.5896628261979,482.5507504540652,486.5240783691406,14075800
2024-07-17,475.9748899890231,475.9748899890231,456.0585659449274,458.909423828125,28076600
2024-07-18,471.8326942182321,476.04441214611455,461.442450113497,472.6770324707031,19267200
2024-07-19,472.88560505542085,483.46458424586564,472.5379328105717,473.6107482910156,15149400
2024-07-22,483.3354239432015,488.77889368380687,480.67330171898413,484.14996337890625,12023100
2024-07-23,486.57366099330596,491.9177911002036,484.4678023595281,485.43133544921875,9455500
2024-07-24,469.1606069922724,473.12399173942754,457.5088124022394,458.1942138671875,17649700
2024-07-25,460.1709526223855,460.45899705158166,439.69836609184694,450.3866271972656,18240500
2024-07-26,461.1046981366571,466.63753399730916,456.3565726815499,462.5946960449219,14222400
2024-07-29,466.74682183029705,470.7996028508264,461.9192127867245,462.6046142578125,11339600
2024-07-30,463.88600206485654,469.57780482339075,453.6546955153981,460.1014099121094,11390400
2024-07-31,467.87919560673834,473.3226655061121,463.6376791709923,471.6637878417969,24285800
2024-08-01,517.525898740057,523.6547393365818,488.81861406662085,494.4209899902344,43083100
2024-08-02,485.73929115246585,497.80826747717975,472.9749703834954,484.8850402832031,24044700
2024-08-05,448.3403345317139,480.25609157805803,447.79398382823655,472.5577697753906,21396200
2024-08-06,475.8059745622405,499.2088714287347,475.4583023384702,490.79534912109375,20955000
2024-08-07,499.77512044060245,506.74829997819876,483.6135898383969,485.6598815917969,20105300
2024-08-08,494.18262946631637,506.55953668319745,491.4211679453795,506.23175048828125,16156800
2024-08-09,504.3245575432351,514.8837113715979,502.3279809305961,514.3175048828125,13696600
2024-08-12,513.4135489736507,514.5658480140165,505.7053134773553,512.5096435546875,9767400
2024-08-13,516.5425353486345,527.9559092747828,514.6949525499102,525.015625,13743800
2024-08-14,524.5389392158282,530.4393342352577,519.6418193043561,523.2476196289062,11444200
2024-08-15,528.2439121362164,536.1707413680679,523.1878870724586,533.7470092773438,13482100
2024-08-16,528.3533057155574,530.1015190770014,521.1615312349661,523.9031372070312,14776700
2024-08-19,523.3567686125551,528.1148065447744,519.2741890909025,525.750732421875,9879700
2024-08-20,524.8269052919596,527.5486857302659,522.3734045061494,523.2177124023438,7944400
2024-08-21,523.6348937052984,535.803208512871,523.4163291780279,531.5914306640625,13423300
2024-08-22,533.4193185170498,540.6010899407597,525.0654225328738,528.3831176757812,15708300
2024-08-23,533.3397517008707,536.2700929585844,521.55884980876,524.479248046875,11323900
2024-08-26,524.0819750389632,524.4793321175962,511.51636075055256,517.6452026367188,9584000
2024-08-27,515.5193548304624,520.5158432413665,511.87384384105246,515.6385498046875,6282700
2024-08-28,514.2180646497437,517.6153031156273,509.0329016673362,513.3340454101562,9106100
2024-08-29,515.5889478445253,523.6846276660798,512.2414239497651,514.7644653320312,8317400
2024-08-30,517.8736347952997,520.0490343879956,511.7646791262931,517.8339233398438,9157500
2024-09-03,516.1750252560046,521.9859928695383,505.22848784642304,508.3475646972656,12459100
2024-09-04,502.6954771522908,513.1453480424364,500.70881337108693,509.32098388671875,8335200
2024-09-05,508.307802962019,518.1517257651456,507.74159650154314,513.4135131835938,8640900
2024-09-06,518.4000295415103,521.0820376560034,494.9275931294912,496.9341125488281,14744500
2024-09-09,502.78490166446124,507.9204108518389,498.7320903469637,501.4240417480469,11047800
2024-09-10,504.77156555740726,510.751412962104,496.69577198232815,501.4240417480469,9899000
2024-09-11,503.6291862714389,509.698429267569,492.29526633096543,508.4170227050781,10782500
2024-09-12,513.6021793048274,523.1977981501627,511.7843651907205,522.0951538085938,11970500
2024-09-13,516.8703967615143,524.0621107021185,513.6618931917054,521.121826171875,10321400
2024-09-16,521.5393168152747,531.0446258561897,514.4402077186381,530.2293701171875,9527600
2024-09-17,534.5246604241431,538.9989183875797,527.5349067624319,533.2520141601562,11690800
2024-09-18,533.9977098303668,541.0869276726933,530.845860739671,534.8726806640625,10323500
2024-09-19,546.8538127706381,558.8547755441265,543.393738974814,555.9017333984375,15647000
2024-09-20,556.7965408444652,561.2707987619654,553.1176944195414,558.1387939453125,22066800
2024-09-23,566.2421222621582,570.6964745858071,559.1926545649918,561.1812133789062,12830700
2024-09-24,563.4383563302257,564.5022427843289,551.0198138385321,560.1075439453125,12993000
2024-09-25,560.8234408883014,573.5800661639017,560.495311602097,565.05908203125,16543400
2024-09-26,572.436555499505,574.0970460697704,559.1330900425771,564.5917358398438,14400800
2024-09-27,566.8386958935577,567.574513670228,561.2807076961036,564.1143798828125,9398400
2024-09-30,564.4525297734127,571.392581823153,561.5690947166503,569.1654052734375,12792300
2024-10-01,574.6736740742251,579.7047261626475,566.8387463764593,573.1723022460938,15259300
2024-10-02,571.5715863452846,572.7050797135277,566.0832039311861,569.5333251953125,6524700
2024-10-03,566.8884769556879,580.0228702133212,565.4765563823341,579.436279296875,11581000
2024-10-04,580.3907101459058,593.4356513652355,578.1038796024136,592.5308837890625,14169500
2024-10-07,594.7978106805275,599.5007936445444,580.698935664524,581.4347534179688,12014200
2024-10-08,586.3167064096679,590.1645633879729,582.6179549512773,589.4984130859375,7857400
2024-10-09,590.5920310170018,590.9897670648169,578.2828467749312,587.1319580078125,9529700
2024-10-10,584.2088301034865,586.8535869486327,579.1877306195246,580.490234375,7740400
2024-10-11,581.4845497009563,587.82805834101,579.376681824714,586.5752563476562,8587100
2024-10-14,590.8207918278077,596.6671607014488,586.5852117292404,587.0425415039062,8252000
2024-10-15,586.7840223253323,587.2314602827565,576.821381994876,582.9163208007812,9564200
2024-10-16,578.0742148752304,578.7503177573541,570.7463786831075,573.4905395507812,11268400
2024-10-17,579.9931131702996,581.6236855285798,571.9096154864388,573.6296997070312,8701200
2024-10-18,577.7758214109436,580.6293988605148,571.9593103260983,573.1723022460938,7694300
2024-10-21,572.7348299431258,573.9378692579733,565.8543723443174,571.8697509765625,8171900
2024-10-22,571.0047942012734,580.1919884331684,568.8472245196812,578.6806640625,8544500
2024-10-23,576.6522311713827,581.6534860008076,559.2821980776996,560.4653930664062,14248400
2024-10-24,563.885676542558,565.625665478875,558.3077837170615,564.531982421875,7184700
2024-10-25,570.6468669862153,577.9647500652169,568.4494872870167,569.9707641601562,11337900
2024-10-28,578.67072146079,580.410710743533,570.8357934356153,574.8526611328125,10925100
2024-10-29,576.8313344603039,590.2739533915471,572.1085063582906,589.88623046875,13019100
2024-10-30,597.5421525719394,597.7609256472491,586.0085331392311,588.4146728515625,26864900
2024-10-31,581.6535861943853,586.52558067794,559.7893867410456,564.333251953125,26838400
2024-11-01,564.3630263338429,570.3883582518947,559.3419265164682,563.9155883789062,15303200
2024-11-04,560.8731367595427,565.4369071400736,554.698698856843,557.4727172851562,12064600
2024-11-05,564.0547974082218,570.1994379718212,563.4283964137084,569.1554565429688,9775400
2024-11-06,559.53074043899,569.722104436324,551.994085485955,568.7775268554688,18305400
2024-11-07,573.5899087480227,591.39742768716,571.9195264894807,588.315185546875,14653700
2024-11-08,588.1561165108458,589.707190216614,581.1763151778936,585.96875,9415700
2024-11-11,583.0057999151439,583.6421534545929,573.2121696554306,579.8340454101562,10209100
2024-11-12,585.1732389751623,596.2296222338206,577.059944903041,581.4745483398438,16287700
2024-11-13,579.2771839216865,582.2898800347385,571.8797417717248,576.68212890625,10757600
2024-11-14,573.6993404002395,577.4378414789874,569.7321744285508,573.8583984375,11053700
2024-11-15,567.9523048385856,569.2946185704093,548.3451422976771,550.910400390625,17712900
2024-11-18,553.8534897330912,556.6971755268692,546.943295022024,551.2286376953125,14327300
2024-11-19,548.7031290595829,558.2183921757821,547.4503270456743,557.88037109375,9522400
2024-11-20,559.7097624878369,563.1101814515828,551.0297217043255,562.2849731445312,9797300
2024-11-21,566.2620449532839,566.739279664007,545.9091133005595,559.8688354492188,11154700
2024-11-22,560.32621328156,560.6046406773982,551.4175075908335,555.9414672851562,9164000
2024-11-25,558.884588798054,569.3146337097819,553.2072906140769,561.8773803710938,13599800
2024-11-26,562.7622479761632,574.1964632618979,561.9668364413141,570.2590942382812,10356600
2024-11-27,571.601423170664,571.6908743519631,560.8731072719025,565.9439697265625,7200200
2024-11-29,565.7450932068846,575.1510000832634,563.6571303183109,571.03466796875,7130500
2024-12-02,574.1963398365909,591.0990892343781,572.2773879225737,589.4386596679688,12522400
2024-12-03,591.5963112149323,610.6864900333547,587.8677630350062,610.1396484375,14907200
2024-12-04,609.4536043990507,614.2460390304662,601.6385211482492,610.2689208984375,14697000
2024-12-05,613.549934392697,616.3538095156041,603.5772831211868,605.446533203125,8081200
2024-12-06,606.6099369109293,626.1873039273537,605.0489714012239,620.2017822265625,16935500
2024-12-09,620.350888846341,622.8167434326103,602.7024265777296,610.0601196289062,11426000
2024-12-10,614.0272799520044,622.0113739130567,609.234845211511,615.7772216796875,10938900
2024-12-11,619.8041107841092,634.7481632992731,617.9746701821156,629.0608520507812,10837200
2024-12-12,627.887478818055,633.017934128409,623.6220417827839,627.1815185546875,7474700
2024-12-13,623.6319649076017,627.469929936179,613.3611012669363,616.80126953125,8453300
2024-12-16,626.8814975325155,628.0457867533739,615.5376035416824,621.1697387695312,10885600
2024-12-17,623.0902515630854,629.2597698587709,613.5076105410767,616.3933715820312,12897800
2024-12-18,617.9456355913278,624.2743396016706,593.3870305020766,594.2527465820312,17075500
2024-12-19,607.3879260072148,608.5123731732531,592.0736042552132,592.6408081054688,14958100
2024-12-20,587.675323062813,600.1436642411298,577.1473424651591,582.3715209960938,48989400
2024-12-23,586.7001320561428,598.133671534272,583.3666327345034,596.8997192382812,10205800
2024-12-24,599.7555744761255,604.99967413285,596.3325519539701,604.7608642578125,4726100
2024-12-26,602.5019749107529,603.3179490935831,595.994163249834,600.3824462890625,6081400
2024-12-27,596.4618063664631,598.8898077827639,586.8990872280444,596.85986328125,8084200
2024-12-30,585.8542270232425,594.0039468527602,582.6998357068834,588.3319702148438,7025900
2024-12-31,589.3569487521584,591.048538740922,580.9783186606066,582.6301879882812,6019500
2025-01-02,586.8194676993116,601.9347590067932,584.9288491785778,596.2926635742188,12682300
2025-01-03,601.7855544308446,606.5022314682295,593.4765866809927,601.6561889648438,11436800
2025-01-06,608.8207596792694,627.8864953892827,602.641281410124,627.1004028320312,14560800
2025-01-07,628.5930258941997,628.9910220723464,605.2384303850833,614.8509521484375,12071500
2025-01-08,610.382997271492,613.4080230721381,599.82513672869,607.7161254882812,10085800
2025-01-10,607.0295902270824,626.8117543633127,594.4020036952091,612.8308715820312,19256600
2025-01-13,604.1139601037415,605.9747576676493,595.5065414878209,605.3379516601562,10785000
2025-01-14,602.0939991024484,602.5119163465189,585.6552325061541,591.3272094726562,13598000
2025-01-15,607.2087300599234,619.3984789584875,603.5169556717734,614.084716796875,15524300
2025-01-16,608.4923634164871,613.2190007447427,606.7111893194766,608.2933349609375,8355300
2025-01-17,620.9807154479844,621.8961735954466,600.700945781262,609.7562255859375,17280600
2025-01-21,614.7912965163201,618.443229069153,606.0146693079478,613.4280395507812,11674000
2025-01-22,620.2343211513619,630.5831936184607,616.3833603918935,620.433349609375,12274000
2025-01-23,624.2743234364817,633.468866899262,618.0949061109532,633.3196411132812,9910200
2025-01-24,633.2699382382675,648.7931865048288,631.0807466276091,644.3053588867188,19065300
2025-01-27,623.5280177511174,660.6047649681485,622.0254349357211,656.6343994140625,28399200
2025-01-28,662.7243202820943,679.222789585596,656.2264085295512,671.0133666992188,20950100
2025-01-29,671.6800579089199,677.7002892439266,662.3959298804792,673.1627197265625,21377800
2025-01-30,693.3926790288638,707.2939380483791,672.7745593343109,683.6209716796875,29322900
2025-01-31,687.6014000766061,701.8310551092019,682.2080746968453,685.7903442382812,19303900
2025-02-03,672.5855459885331,700.5374135449807,671.9288188867163,694.0296020507812,21415700
2025-02-04,699.0447502736523,704.2291467274541,688.2082982161528,700.7264404296875,13826300
2025-02-05,700.0895613334081,714.6078268132073,695.5719132902365,701.403076171875,17778200
2025-02-06,702.4082250040422,715.364207246352,700.0399258686745,708.4881591796875,13080700
2025-02-07,713.2744305821955,721.4440718312758,708.249280988419,711.0056762695312,16427100
2025-02-10,715.0257888589608,717.652818700605,707.8313687608933,713.8715209960938,12904300
2025-02-11,709.8116559132554,720.100766250331,706.5477589206668,716.259765625,12998000
2025-02-12,711.7818168815365,723.523766963731,709.0950845634602,721.812255859375,12016500
2025-02-13,717.9713316181679,725.4145229257568,714.5084061760308,724.9766845703125,12569100
2025-02-14,722.5686353170445,737.2659506266531,722.0511734013622,733.0468139648438,16901200
2025-02-18,732.3800130970368,733.3750946365709,702.9654052178096,712.8465576171875,21938700
2025-02-19,700.6368048197288,703.5225652370291,691.9696845059179,700.3084716796875,17535500
2025-02-20,693.8504867433877,702.1593933249234,690.228375354197,691.4224853515625,12587400
2025-02-21,693.1539923611765,700.4081157208864,679.0038997241937,680.1880493164062,15660400
2025-02-24,682.9045646514273,683.8896856241412,659.1917553729045,664.8438110351562,15677000
2025-02-25,662.6944247816905,664.7144694629277,638.703023401866,654.26611328125,20579700
2025-02-26,656.4055905153153,679.6506817176414,654.763681609393,670.386474609375,14488700
2025-02-27,679.0933865536915,685.2629040436697,654.3357538023921,655.00244140625,12500000
2025-02-28,654.8034504822056,666.3364725318584,639.4393887052988,664.9135131835938,17534200
2025-03-03,670.3664982200642,677.8992724698688,647.638870751695,651.828125,10843800
2025-03-04,642.3350201841677,646.5541557073593,620.5825548163266,636.8521118164062,21495200
2025-03-05,637.8473272165841,656.2563374404635,634.5237278365647,653.2412109375,13770000
2025-03-06,644.812846805576,647.3602531536812,621.040333910999,624.841552734375,13446500
2025-03-07,622.294150848658,631.6678021460568,597.6559216844704,622.5827026367188,21375700
2025-03-10,605.0792054575583,607.1091498209839,583.9834658430217,595.0487670898438,21999900
2025-03-11,592.1232921602733,611.9055191678449,590.4117809661785,602.7308959960938,17401500
2025-03-12,626.8018648059933,630.2149870827395,606.352891273559,616.5126953125,15747000
2025-03-13,617.1993356753703,617.4481060645986,583.6252936627146,587.7349853515625,16480300
2025-03-14,600.3687854957838,606.4043419789234,592.381172955088,605.1494140625,12364500
2025-03-17,605.01006095703,610.6272679434014,595.5881924170304,602.4603881835938,15473900
2025-03-18,597.6298861819188,597.8290917063831,572.34227369431,580.01123046875,20297700
2025-03-19,581.9235510596104,589.9311027976759,572.4518964146898,581.7044067382812,20537500
2025-03-20,580.4097343847766,607.7390710956802,577.1728416585424,583.6366577148438,24336500
2025-03-21,581.0669435562578,595.1299901540924,578.6069346961235,593.84521484375,25015900
2025-03-24,612.4896480218807,620.0291236750295,609.7308614385815,616.35400390625,15741300
2025-03-25,624.2321938231848,631.3234729455945,618.674681768664,623.7839965820312,15312500
2025-03-26,622.3697410659778,624.2222248223229,604.163437823038,608.5158081054688,12609800
2025-03-27,599.5720414465346,611.7726353131792,597.67968012305,600.1497192382812,10436500
2025-03-28,597.8888875675808,599.3230823357646,571.605306475786,574.4139404296875,17602800
2025-03-31,561.2272821521618,576.365989409716,551.0684088090011,574.035400390625,21124700
2025-04-01,568.5378248528625,587.5308619090912,567.7011858318447,583.6366577148438,12836600
2025-04-02,572.5913702725657,590.2697848019704,571.0476335559673,581.5750122070312,13470800
2025-04-03,544.016982785148,550.3314393515183,528.1612075786397,529.4758911132812,34777500
2025-04-04,504.5767280238223,515.9108358048159,492.2068365877987,502.6943664550781,38589800
2025-04-07,483.14348777248983,537.1945936136326,479.9563819403582,514.1678466796875,36606100
2025-04-08,541.0589972717423,545.2221314563009,500.8318811641039,508.39129638671875,28034200
2025-04-09,507.21603593950647,585.5189766353849,500.0849095170737,583.4075317382812,39216600
2025-04-10,573.1689120321386,578.9554765876964,533.1410047447706,544.086669921875,28173500
2025-04-11,533.3502556297472,545.1923169106578,526.4581815568449,541.3777465820312,17642300
2025-04-14,553.9268489865372,555.520432371149,526.149380590007,529.33642578125,14130900
2025-04-15,529.9639426413264,535.7704467995947,515.41288054515,519.4166870117188,15558700
2025-04-16,506.4591254364096,511.2995098605443,493.6310672206579,500.28411865234375,18735100
2025-04-17,503.2123040095489,505.2540241094821,496.0015129816489,499.45751953125,14593500
2025-04-21,489.3483735420339,491.50963495584347,477.8648771062618,482.7052917480469,16166000
2025-04-22,489.8862436640875,504.8357168469179,484.3984562132767,498.2623291015625,17399400
2025-04-23,526.3984497963002,533.1809824042,514.4368768066369,518.1717529296875,18173900
2025-04-24,516.6379293508005,531.746792125581,515.4129094243589,530.9998168945312,13910000
2025-04-25,544.5946691393716,547.6423253119987,534.0872308807745,545.0628051757812,17098900
2025-04-28,553.3990561017924,556.2375374162976,538.409766598872,547.5228271484375,15179000
2025-04-29,543.7978948573555,554.3252716550422,541.9254723342877,552.203857421875,11835000
2025-04-30,536.2285429645594,546.8853389647652,527.3644142359332,546.7857666015625,29244000
2025-05-01,589.6920784232152,590.5585647326062,568.1990964565776,569.9022216796875,31159000
2025-05-02,581.1068141330562,601.9026058918658,575.9974995584959,594.6121215820312,24739300
2025-05-05,588.8355064073843,600.7772002962906,585.6783084359005,596.8530883789062,13887700
2025-05-06,590.140262710858,593.6261466616496,584.2142478367141,584.9412841796875,10600700
2025-05-07,587.9789559689339,600.6476855016655,584.3038359796805,594.4029541015625,13139100
2025-05-08,603.8447803031055,608.8345844494372,594.2137969163823,595.5982055664062,14622800
2025-05-09,601.2850913628599,604.5219836999701,589.3235802814015,590.1004028320312,10427300
2025-05-12,628.3753263945498,637.8071631499196,618.5252614130806,636.8510131835938,21965100
2025-05-13,642.9363519991007,658.2543254316694,640.2373210195778,653.3840942382812,18570800
2025-05-14,658.5432587283299,659.9973314154452,651.671063189936,656.70068359375,12348200
2025-05-15,651.6412216753015,654.6589696292252,636.0045299274248,641.2831420898438,14341800
2025-05-16,635.3870402976211,637.8570186595293,623.6246741050281,637.7574462890625,18519000
2025-05-19,625.7161768945482,640.4066880114517,625.2679796518272,637.8470458984375,9592400
2025-05-20,633.4449476478025,636.7714432087338,629.7100715967877,634.530517578125,6743500
2025-05-21,629.2419523626777,644.0021902060153,627.628490728576,632.93701171875,11464600
2025-05-22,631.492768599171,640.6556757699244,628.1662733645643,634.0026245117188,8228400
2025-05-23,621.4833495575277,629.8992820739184,620.1388185495641,624.531005859375,8454100
2025-05-27,632.8472662118028,640.4863756807556,630.1980211513535,639.7294311523438,9508400
2025-05-28,640.0082861312126,648.2549209907568,639.958499945528,640.984375,9042900
2025-05-29,649.021719870468,650.6849672270203,636.9207002337796,642.4483032226562,8858800
2025-05-30,639.9087359485001,646.790840509364,630.227966818394,644.8786010742188,16241000
2025-06-02,641.7910631431,670.5446198991036,641.6615825955165,668.1941528320312,15766300
2025-06-03,668.7420068089284,672.8553550898889,662.3479161440031,664.1605224609375,11585000
2025-06-04,666.6206069146197,686.2212292149324,665.8736317013958,685.1754760742188,14031900
2025-06-05,688.8704104821669,691.5794719470881,679.4983890924821,681.8588256835938,13083100
2025-06-06,693.3622292653906,699.9754637799698,689.0795839414949,694.8960571289062,11728000
2025-06-09,695.6430820189607,702.3459199881064,691.1412920544841,691.2608032226562,12773200
2025-06-10,698.5213248498013,700.3937473880201,688.7708312874433,699.567138671875,10850100
2025-06-11,700.871864292101,706.0110265671628,689.1991010267074,691.3404541015625,9582500
2025-06-12,690.5037820202001,692.575410020333,684.2292032313352,690.5635375976562,7322700
2025-06-13,685.175373097979,691.7686684593297,678.2633610655403,680.1158447265625,9274400
2025-06-16,697.0454302800655,704.839891030923,691.2444358848513,699.8262939453125,13720300
2025-06-17,699.7067073456836,703.6637089538638,693.7861096962511,694.9522705078125,10066100
2025-06-18,695.8991705300261,699.2980647722242,692.6299173050131,693.4970703125,10068300
2025-06-20,698.4607014664717,699.5272131557306,676.4528181629199,680.1207885742188,22538600
2025-06-23,681.4565596787132,696.7663678330139,676.5326949790629,696.2481079101562,11080100
2025-06-24,702.5872956643889,710.860169242287,699.8163481052391,709.8734130859375,13823200
2025-06-25,710.9896633208298,714.2390229657091,703.0756000608375,706.3648071289062,9320400
2025-06-26,712.026236021567,725.8409420571106,708.7270519250135,723.7179565429688,13964800
2025-06-27,724.1466398304902,733.0275060697373,723.4887618360168,731.2333984375,18775700
2025-06-30,742.1176905331245,745.4567832484664,731.851350759088,735.6788330078125,15402100
2025-07-01,734.4727647300622,735.3399177465482,713.0330238804761,716.8704223632812,13431200
2025-07-02,712.9931517050737,717.946886332231,710.4713875973353,711.2388916015625,9336700
2025-07-03,724.2363423193813,726.6484806198991,712.0861613983789,716.6611938476562,8601700
2025-07-07,715.2557459712787,724.625062725977,711.1791411032029,716.0032958984375,9457100
2025-07-08,719.2127580119818,720.5483463866185,712.4748320749653,718.315673828125,7770700
2025-07-09,720.3589752323313,735.1206520424314,720.3589752323313,730.3861694335938,11418000
2025-07-10,729.1601141641413,733.3962299961528,717.2491410105094,724.8641967773438,9913600
2025-07-11,720.1397657932962,722.791049443565,707.3815924903404,715.1660766601562,10873900
2025-07-14,715.2557188520466,725.6217684499236,714.2091611608587,718.5648803710938,8939400
2025-07-15,721.5351494521201,722.1032338104419,707.5011297082585,708.0692749023438,11529500
2025-07-16,711.0394977501286,711.6375132851348,696.985585155631,700.6136474609375,13067600
2025-07-17,702.0888975460598,703.5939743779064,694.8326508122145,699.1185913085938,11803300
2025-07-18,699.8960490076172,702.407835998619,689.3905035678976,701.979248046875,12779800
2025-07-21,704.4909815749821,714.6576719200774,703.4544009949688,710.6408081054688,9404400
2025-07-22,713.8503357336546,714.258969568067,699.1185901916039,702.5075073242188,8921100
2025-07-23,704.062433018762,712.2954590710364,702.6271347622425,711.2489013671875,8771600
2025-07-24,714.7075545657141,721.256099225235,711.6675303636672,712.4649047851562,10920800
2025-07-25,714.5778842585692,718.2957401275581,709.5743254141869,710.3517456054688,8271700
2025-07-28,712.8635293495823,722.3723412768968,710.3517424558249,715.2855834960938,8715700
2025-07-29,717.6478585379464,722.1032264585367,697.6234630507284,697.7131958007812,13267000
2025-07-30,705.7768321791035,706.1854660197899,688.9419939778502,692.9389038085938,27077300
2025-07-31,772.667590247117,782.1863801577031,763.0092430876867,770.913330078125,38831100
2025-08-01,758.2448261685668,763.497629588928,742.8752172910131,747.5598754882812,19028700
2025-08-04,757.5172228150747,774.3121526971289,755.9323902785536,773.833740234375,15801700
2025-08-05,773.913496774336,780.571667176634,760.507423214992,760.9659423828125,11640300
2025-08-06,767.4845283360178,771.1126516160077,757.9757159507556,769.468017578125,9733900
2025-08-07,770.963067577982,772.4681442766814,757.0686058784653,759.3411865234375,9019700
2025-08-08,760.2582141992069,767.3848805938525,756.1018539756519,766.7868041992188,7320800
2025-08-11,767.5643106154529,770.9332736584846,762.171949999175,763.3680419921875,7612000
2025-08-12,770.4747258826147,791.077183084039,769.9065806861354,787.419189453125,14563100
2025-08-13,788.5655214330485,792.861439232817,775.687684264025,777.5316772460938,8811800
2025-08-14,775.3387743217048,785.2363270315518,769.986322264654,779.5748901367188,8116200
2025-08-15,781.5883668624648,793.6488143059948,778.269228256533,782.664794921875,13375400
2025-08-18,772.5579712024165,773.2755899130946,754.0884756033142,764.8631591796875,16513700
2025-08-19,764.6140081257292,764.663832621222,746.9120158198551,749.0250854492188,12286700
2025-08-20,745.1278092436016,747.7492222984731,728.6119336256934,745.2772827148438,11898200
2025-08-21,742.2771438441821,743.064541108265,730.7150031484181,736.6854248046875,8876300
2025-08-22,736.81505282597,754.4273720053774,731.9908982789533,752.32421875,10612700
2025-08-25,752.3542264258249,756.4009611345599,747.679544879892,750.8391723632812,6861200
2025-08-26,748.3472672479323,752.4039786334924,745.4966249237331,751.636474609375,7601800
2025-08-27,749.8423869559551,751.6863799088018,740.4133296583533,744.9384765625,8315400
2025-08-28,741.5695520935569,750.5899760103364,738.3799934657852,748.6563110351562,7468000
2025-08-29,742.845387064901,744.69929631257,732.9477723395529,736.286865234375,9070500
2025-09-02,723.6681190637612,733.5956032036421,719.3722015925617,732.70849609375,9350900
2025-09-03,733.5955932459119,737.8317091036498,731.5921498947655,734.6421508789062,7699300
2025-09-04,746.1245900119145,758.6734271200463,743.3835736708148,746.204345703125,11439100
2025-09-05,750.1613099282893,755.4739147328357,742.596139272426,749.9918823242188,9663400
2025-09-08,753.5303323961845,764.0060085234048,749.5633535528676,749.8424072265625,13087800
2025-09-09,755.0154070864886,763.7966239723705,750.9686728075005,763.1986083984375,10999000
2025-09-10,762.6305038555339,763.1986490989516,748.5466583985636,749.5234375,12478300
2025-09-11,752.184771170502,754.6267189634892,745.9252571616319,748.447021484375,7923300
2025-09-12,746.2840072815898,755.095155276553,741.330272625368,753.1216430664062,8248600
2025-09-15,754.995481759339,771.5412896866574,749.5334031898147,762.201904296875,10533800
2025-09-16,764.4944012192615,778.8074760600178,762.6005837137456,776.4552001953125,11782500
2025-09-17,777.4419223006557,780.7311297077449,763.8066193659058,773.1858520507812,9400900
2025-09-18,778.1994163857863,786.2032128794,770.8335437165625,777.7010498046875,10955000
2025-09-19,783.8509325355676,788.2166289656076,766.6772383880447,775.8372192382812,23696800
2025-09-22,779.8218176027002,783.6917575585782,762.4868973227559,763.1751098632812,11706900
2025-09-23,767.2545389947088,768.6010126974617,749.1217058463387,753.4404907226562,10872600
2025-09-24,755.5349916265823,759.1356124217834,750.5779133776451,758.686767578125,8828200
2025-09-25,751.4954858581857,754.8068807440363,742.6185490172081,746.9672241210938,10591100
2025-09-26,748.0544043789391,749.9793904076555,735.4371957410184,741.8206176757812,9696300
2025-09-29,746.7777648139662,748.832479543402,737.2326433015477,741.4716186523438,9246800
2025-09-30,740.3244937368279,741.0425967294805,724.4158582201331,732.4749145507812,16226800
2025-10-01,719.618385039583,719.9774365591268,708.3576941566364,715.4791870117188,20419600
2025-10-02,720.7055653205383,725.8821043267139,716.2770807321521,725.1639404296875,11415300
2025-10-03,727.7372737109582,729.1037149276121,708.3377167266436,708.7167358398438,16154300
2025-10-06,703.3607165744016,715.0203947681905,688.718804278428,713.8035278320312,21654700
2025-10-07,715.8581417735932,716.636147605649,703.9192222306009,711.230224609375,12062900
2025-10-08,711.599278595462,717.7832075860277,705.9738944950672,715.9779052734375,10790600
2025-10-09,716.4167658258609,731.6072387695312,710.5918883665408,731.6072387695312,12717200
2025-10-10,729.0239332852144,733.3626856542741,702.6824691715568,703.4703979492188,16980100
2025-10-13,711.1603595995662,718.072374881022,705.8042950194317,713.8433837890625,9251800
2025-10-14,705.9440292511955,713.6938322702155,697.5159365984832,706.811767578125,8829800
2025-10-15,715.1998794771447,722.0221626881838,707.6694770310874,715.6885986328125,10246800
2025-10-16,715.6886043056783,723.6080097298942,702.0540824517458,710.2228393554688,9017000
2025-10-17,705.2458014471516,716.6760344343375,704.2882698394852,715.0602416992188,12232400
2025-10-20,719.3191931642514,731.8665769499745,718.3118034233538,730.2706909179688,8900200
2025-10-21,734.110725168398,736.5842723709278,726.8595646449745,731.3678588867188,7647300
2025-10-22,731.9264006052239,738.6787972623451,722.1518348008319,731.5074462890625,8734500
2025-10-23,732.7941435868839,740.4841042897723,731.1982575844598,732.095947265625,9856000
2025-10-24,734.8786455644157,739.2872233202683,729.2533227506186,736.444580078125,9151300
2025-10-27,747.7851152228061,753.7895182960361,746.069606274355,748.872314453125,11321100
2025-10-28,750.6776381609803,756.4326899204912,743.5860965317024,749.49072265625,12193800
2025-10-29,752.7921813457194,757.1907150365412,740.5839415998626,749.7201538085938,26818600
2025-10-30,667.414190282622,679.1935516668058,648.4833846789722,664.7410888671875,88440100
2025-10-31,672.7602632515434,673.1392823636344,643.8953340746643,646.6680908203125,56953200
2025-11-03,654.298319497033,657.6196984387726,634.5297257704245,636.0557861328125,33003600
2025-11-04,626.410791028598,640.0752642850032,624.3860886703497,625.6926879882812,27356600
2025-11-05,630.6697208898194,640.5639703518489,624.9146693781357,634.30029296875,20219900
2025-11-06,634.2005186436334,634.3501538797125,616.3968476378337,617.3344116210938,23628800
2025-11-07,614.8907386759073,620.5161224262619,599.640424749484,620.0972290039062,29946800
2025-11-10,629.4529098843899,633.3527401283538,616.5065400363918,630.1211547851562,19245000
2025-11-11,626.3709656116134,627.9269165306073,617.7833145947981,625.453369140625,13302200
2025-11-12,626.5005716840028,627.3583261459861,606.1934022078184,607.43017578125,24493300
2025-11-13,611.4796659420805,616.0478021853295,601.4357808374693,608.3079223632812,20973800
2025-11-14,600.2288811530552,612.088052043071,593.6560102918138,607.8790283203125,20724100
2025-11-17,607.4600346656293,610.1031845088386,593.8554651895852,600.4483032226562,16501300
2025-11-18,590.065358149623,602.0940719298206,582.2656968950795,596.1395874023438,25500600
2025-11-19,592.1797786556917,593.7856483585136,579.7421567881397,588.7886352539062,24744700
2025-11-20,601.9345167857809,605.1461348624172,581.8367616757555,587.6217651367188,20603000
2025-11-21,586.9734117815261,596.5684523172222,580.3506215479276,592.70849609375,21052600
2025-11-24,597.1668722231478,615.1002729325323,596.0797338085368,611.459716796875,23554900
2025-11-25,622.3813086708644,635.3974440566444,616.696082618217,634.569580078125,25213000
2025-11-26,636.0358643802724,636.7041093860743,629.9915861721055,631.9664306640625,15209500
2025-11-28,634.4299618769652,646.3688812783262,633.8514494094911,646.2691650390625,11033200
2025-12-01,637.890997336621,643.6460494571635,636.1056625060893,639.2075805664062,13029900
2025-12-02,640.6737247939117,646.1893476978298,636.4147821721649,645.4213256835938,11640900
2025-12-03,642.7383773862279,647.1668624868771,635.8961867971512,637.9408569335938,11134300
2025-12-04,674.2463992276428,674.3461154685141,658.3377626918029,659.81396484375,29874600
2025-12-05,662.2775487290173,672.9398207362489,660.6717397649775,671.673095703125,21207900
2025-12-08,667.603701448277,674.9545781663558,663.344758713728,665.0702514648438,13161000
2025-12-09,662.0481300460407,662.7562492699393,651.6451938720459,655.2557983398438,12997100
2025-12-10,648.2639556943986,652.8121240146866,641.730959438269,648.4434814453125,16910900
2025-12-11,641.6212380225077,653.5801862453618,639.1377070000864,651.016845703125,13056700
2025-12-12,648.1143965293088,709.1556549538686,636.9534211280841,642.558837890625,14016900
2025-12-15,644.5502809809109,651.8372704406642,637.5627451568915,646.3570556640625,15549100
2025-12-16,642.3541999133257,661.3602758295988,642.054746271156,655.9799194335938,14309100
2025-12-17,654.4426118233187,660.0526000253047,648.0440522221027,648.343505859375,15598500
2025-12-18,655.8600753372949,669.3659511843067,655.2910830082761,663.266845703125,20260300
2025-12-19,665.2333263832898,669.8051880946751,657.0080086354003,657.5969848632812,49977100
2025-12-22,660.4719008376494,672.3806511570199,655.4808037586267,660.3221435546875,15659400
2025-12-23,658.8746741689592,664.8140915262984,657.0778915122911,663.7559814453125,8486800
2025-12-24,661.3503083186049,666.9902112020924,661.0208788671576,666.361328125,5627500
2025-12-26,666.8704739599774,667.7589038803495,660.1424847097468,662.1089477539062,7133800
2025-12-29,656.8383689858442,659.0743707339258,653.2248195668056,657.5171508789062,8506500
2025-12-30,657.5171386037911,671.0230153954109,656.6686764849229,664.7642211914062,9187500
2025-12-31,663.5662869980947,663.8158418258488,658.2657448936569,658.9146118164062,7940400
2026-01-02,661.5499009554064,663.2069792218492,642.3541620430398,649.2518310546875,13726500
2026-01-05,649.8508280292294,663.3567049684374,646.5966230035071,657.616943359375,12213700
2026-01-06,658.3955464147172,664.3349637543794,650.7392210314413,659.4436645507812,11074400
2026-01-07,654.4725487720359,657.9763084361789,643.6618161601232,647.534912109375,12846300
2026-01-08,644.7299347572825,645.9477331499952,634.5879917891143,644.9096069335938,11921700
2026-01-09,644.2907288447692,653.7838050409127,641.7053138036724,651.8971557617188,11634900
2026-01-12,651.3680980277007,652.8054753941815,640.0881706951194,640.8268432617188,14797200
2026-01-13,641.1263941859123,641.1263941859123,622.9887038024194,629.96630859375,18030400
2026-01-14,625.3844405077801,627.3309804807691,613.7252454803604,614.4240112304688,15527900
2026-01-15,617.378703801015,623.0585745209008,613.1362714280776,619.694580078125,13076100
2026-01-16,623.0685636897582,627.9598630097294,618.9758886129073,619.1455688476562,17012500
2026-01-20,606.7976262932837,610.3113781504126,598.9316523845154,603.0443115234375,15169600
2026-01-21,605.659634898437,617.169133937088,599.0115204374271,611.8685913085938,14494700
2026-01-22,628.2293275614567,659.3937675491238,625.4343255489129,646.476806640625,21394700
2026-01-23,643.6219561683764,665.3032527677875,643.3025186421843,657.5870361328125,22797700
2026-01-26,663.9456136216552,674.0775639748149,660.1124246688775,671.1627197265625,16327400
2026-01-27,673.3888389297905,675.6148486525956,663.4764668627315,671.7716674804688,13297400
2026-01-28,673.2989295276801,676.4732596455591,664.9138628916613,667.5391845703125,25709600
2026-01-29,736.1169233837337,742.6752321400184,711.2812198864386,736.995361328125,59852900
2026-01-30,726.2045952530067,730.8662626744616,712.3193905555435,715.2241821289062,23744600
2026-02-02,713.3275184694113,720.0156002559207,702.2672920108814,705.152099609375,14365200
2026-02-03,706.1104025957663,715.7232596178901,685.1877035052055,690.4683227539062,13760700
2026-02-04,686.5054510943589,687.6035290584308,666.2715840299333,667.798828125,16882800
2026-02-05,662.3984629374214,680.2865379695924,652.3363940764909,669.0166625976562,17131800
2026-02-06,664.3050190645899,670.7934451675868,645.3488423980709,660.2822265625,18159300
2026-02-09,661.9991209626965,682.0932819515241,657.6069922476072,676.0140991210938,14837500
2026-02-10,676.39338857878,679.4380062536881,668.5972981068446,669.525634765625,10455800
2026-02-11,672.7998711552045,678.0605068549233,655.9299390360635,667.4993286132812,14323800
2026-02-12,668.7770306530766,674.7963229561075,644.1310518439949,648.6529541015625,14960100
2026-02-13,643.9512634857649,650.2700088851722,633.4400456540794,638.6307983398438,12336400
2026-02-17,638.3613203754355,641.4557762130754,627.6803603746322,638.1516723632812,12674700
2026-02-18,632.67143641335,643.8515057528024,627.0315334227189,642.0746459960938,14649200
2026-02-19,637.432932921519,646.0375787806976,635.5861905818066,643.6318969726562,10035700
2026-02-20,638.5510179511008,662.1688639053526,637.642665037141,654.4925537109375,14183500
2026-02-23,651.3781101885919,656.5289567660449,634.8675821094057,636.1153564453125,8605900
2026-02-24,631.9527863953055,639.9684568961466,627.8600500948714,638.1616821289062,10135600
2026-02-25,641.3858999809694,652.7156650876909,640.9965798171046,652.5260009765625,11330700
2026-02-26,649.3916295582877,659.823034651462,646.3470725216666,655.8401489257812,10637700
2026-02-27,642.3042597917192,648.2835840137412,636.9837335400734,647.0258178710938,15703000
2026-03-02,636.0254184162494,658.764884603327,633.3701817354564,652.396240234375,9816100
2026-03-03,647.1356255764312,657.866484005116,637.7025010942567,653.91357421875,12263800
2026-03-04,656.788453587829,671.5720803574089,656.4989309709863,666.541015625,10810100
2026-03-05,660.751362594833,669.5057662619517,649.1520579976961,659.393798828125,13341400
2026-03-06,646.7463568472266,648.3135076492586,634.9773114336934,643.7117309570312,13159400
2026-03-09,633.6497121926325,646.5965879982328,625.6639573427893,646.2372436523438,13489700
2026-03-10,652.3962938458964,659.1242831137364,647.8444156429986,652.9053955078125,9859300
2026-03-11,653.5941721528687,657.9463943013674,647.2055433479961,653.6939697265625,8977200
2026-03-12,647.5948883988538,652.3364309343367,635.7660119177681,637.043701171875,11617500
2026-03-13,622.7790526456299,628.0496188589474,608.4645611002024,612.6171875,18957600
2026-03-16,631.4147932406764,634.1622468505053,622.5230098937741,626.8690185546875,15134900
2026-03-17,627.4085169382369,635.9605885584036,621.1243629754691,622.0834350585938,10348800
2026-03-18,615.769347359454,622.0735023862151,614.04090772979,615.1099243164062,11726300
2026-03-19,611.5832104537112,612.4323990135786,601.7023533616688,606.1382446289062,13247700
2026-03-20,602.9712077810872,603.400802317344,586.7062525156723,593.1102905273438,21214900
2026-03-23,605.2290499891692,608.0764476338709,598.4553596033379,603.5006713867188,13638000
2026-03-24,598.5452420228083,600.443507118967,590.4527665679026,592.3709716796875,10739700
2026-03-25,598.1855830392399,603.1110107561809,592.850561795072,594.3391723632812,12585000
2026-03-26,581.9506076701073,582.460145169462,542.8468364624507,547.032958984375,35780100
2026-03-27,539.599843303006,543.0966023049141,519.7782492802263,525.233154296875,30133000
2026-03-30,535.8833618164062,539.0504095872608,528.0505941707193,535.8833618164062,22795200
2026-03-31,549.4707059552647,573.1587727471259,546.2637174010383,571.6002197265625,32898300
2026-04-01,579.5928556215499,592.0013387220274,573.2887005646345,578.6936645507812,23608100
2026-04-02,565.5158531822124,577.9643377947169,559.1817578546791,573.9281005859375,13518500
2026-04-06,577.1550997330287,582.2503530791108,571.4703658572956,572.4894409179688,9515700
2026-04-07,571.9498894780604,574.6973431004155,564.2370671243236,574.5175170898438,9580800
2026-04-08,605.4388670235439,629.3667024291958,591.2820049792073,611.8529052734375,32036600
2026-04-09,626.3894374266143,636.9097166035551,622.4231426572783,627.8081665039062,19012900
2026-04-10,633.882449891805,637.9886903650855,623.7518859014353,629.2767333984375,13294800
2026-04-13,628.9171329935918,634.4120404303904,623.8218795800174,633.9425048828125,9538900
2026-04-14,642.624350345733,665.6430543798978,638.7779398291946,661.8765258789062,17818000
2026-04-15,666.3824145357423,677.8717665104965,663.6049593103575,670.9581909179688,14952600
2026-04-16,675.3640350842893,676.9525896021297,667.131674939706,676.2432250976562,9544800
2026-04-17,677.9716157075654,690.8796961433965,674.5048580761284,687.9124145507812,16283500
2026-04-20,680.7290935491282,682.7472426832454,667.381478611767,670.2887573242188,12534000
2026-04-21,670.3786762058809,675.5738733736962,666.7120915784461,668.220703125,8660100
2026-04-22,673.7355628200382,677.7518600207422,669.1298460769134,674.09521484375,9215600
2026-04-23,663.0854475032797,668.9400066983026,652.4452846667049,658.5396728515625,11667000
2026-04-24,659.7085674039201,680.0396994180859,653.2345872360809,674.4049682617188,13348300
2026-04-27,670.3786986745525,681.8680504402118,670.2188736545023,677.9916381835938,12805200
2026-04-28,673.6156618787633,677.5520159823654,665.0136491453696,670.7183837890625,10606800
2026-04-29,668.290599742094,673.6256820299297,663.1953464496755,668.5004272460938,18947500
2026-04-30,618.7465567527638,620.2751083620838,599.4444385151393,611.3433837890625,52765000
2026-05-01,614.120842749119,618.3069655430758,605.548770151405,608.1863403320312,21404000
2026-05-04,607.3771038685389,613.4314904063681,602.1919069095087,609.8447875976562,16203900
2026-05-05,612.7420849871345,613.7811000159977,599.8040642277598,604.3998413085938,17171300
2026-05-06,600.4934370812971,619.3759607512419,597.5461564796674,612.3125,19915500
2026-05-07,614.150739078972,624.4012480600104,612.9718390781961,616.2388305664062,12307400
2026-05-08,614.6303402495529,616.1988937552933,605.4987892063378,609.0654907226562,13557000
2026-05-11,604.010215830275,604.3498668649182,597.5262348938886,598.3054809570312,15940600
2026-05-12,594.2692320029287,603.1909559259367,592.0512559095129,602.441650390625,11351600
2026-05-13,598.275515544453,619.3260125714435,596.1074810052941,616.0590209960938,14634400
2026-05-14,615.429618202359,623.152441138389,614.4305441468357,617.8573608398438,10651200
2026-05-15,613.421486859321,620.6248329546977,608.7458274653094,613.6612548828125,13272600
2026-05-18,608.5459509764945,615.0199919776213,603.1309869574205,610.64404296875,13772400
2026-05-19,608.3561568042173,613.361527578881,599.9939118379299,602.052001953125,11749900
2026-05-20,600.2037495434126,607.4370360716302,597.2564688338498,604.499755859375,11329700
2026-05-21,599.4443949814065,609.0354809096541,594.2591985256718,606.8175659179688,13476100
2026-05-22,607.3171451453314,614.2407210713809,606.3880135859368,609.6949462890625,11688600
2026-05-26,608.3261927003538,613.9009818092591,604.7394901495815,611.7730102539062,12234200
2026-05-27,608.8357727220844,637.908804248614,608.4361186960156,634.6718139648438,23143600
2026-05-28,638.9078448274123,642.4046039468743,628.7272779804616,634.7017211914062,16772400
2026-05-29,632.9133899267435,633.9124639439917,622.7727642602187,631.92431640625,19806500
2026-06-01,629.8162791560948,635.1613007084701,598.974869401479,599.9139404296875,29138800
2026-06-02,602.68138962268,608.3161816139932,596.1274666259658,597.0765991210938,18252000
2026-06-03,602.4416570391962,623.5720977596394,599.7142043737263,622.4031372070312,23020100
2026-06-04,623.0924785224576,641.8051764288737,621.8536364911718,626.9888916015625,21469200
2026-06-05,622.8827460758752,628.567480013855,582.3702434655938,592.450927734375,30091600
2026-06-08,591.4518261333767,591.4518261333767,578.6836307521693,584.8479614257812,19512400
2026-06-09,590.4527436689563,597.0766092757164,580.4720040020986,584.0487060546875,16977400
2026-06-10,580.192266144374,590.7724873942649,570.0716409197756,570.4512939453125,17064000
2026-06-11,565.3060574843756,571.6401524850257,556.4942175026772,567.9036254882812,17628000
2026-06-12,572.4194595335534,575.5365655300229,560.3806300495169,566.4549560546875,14326400
2026-06-15,579.9000244140625,601.27001953125,579.2999877929688,593.47998046875,17653300
2026-06-16,593.6500244140625,605.8099975585938,592.0,600.2100219726562,11344400
2026-06-17,592.0,593.8099975585938,566.1900024414062,567.5800170898438,20478300
2026-06-18,572.8200073242188,580.219970703125,563.0999755859375,577.219970703125,28824600
2026-06-22,572.02001953125,575.8099975585938,559.8099975585938,563.8499755859375,15405500
2026-06-23,562.25,572.2000122070312,561.02001953125,562.2000122070312,13103300
2026-06-24,561.8900146484375,569.0399780273438,555.5499877929688,557.6699829101562,13963600
2026-06-25,555.5499877929688,556.3400268554688,540.1799926757812,542.8699951171875,16968600
2026-06-26,543.3400268554688,556.8499755859375,540.4000244140625,550.25,18867700
2026-06-29,560.0,570.9000244140625,558.0,562.5999755859375,15011400
2026-06-30,560.9400024414062,565.5399780273438,551.4299926757812,563.2899780273438,18111100
2026-07-01,607.9099731445312,628.280029296875,595.0999755859375,612.9099731445312,45536300
2026-07-02,607.9000244140625,610.0,580.4199829101562,582.9000244140625,21705900
2026-07-06,594.8400268554688,603.5800170898438,581.760009765625,600.2899780273438,17674100
2026-07-07,607.5900268554688,625.3699951171875,603.6599731445312,615.5800170898438,18560800
2026-07-08,614.3900146484375,616.0,598.010009765625,603.1199951171875,13606500
2026-07-09,583.989990234375,633.27001953125,577.0700073242188,631.47998046875,26579700
2026-07-10,660.3400268554688,677.8599853515625,658.010009765625,669.2100219726562,40608900
2026-07-13,661.3800048828125,676.6199951171875,654.2000122070312,656.72998046875,19840700
2026-07-14,652.0,666.5,649.0499877929688,661.0399780273438,16748200
2026-07-15,663.5999755859375,686.0800170898438,656.6599731445312,681.3099975585938,19003400
2026-07-16,677.280029296875,681.9000244140625,660.1599731445312,664.5399780273438,15816000
2026-07-17,647.7000122070312,652.2000122070312,626.0,646.010009765625,22267900
2026-07-20,646.7000122070312,653.2999877929688,636.010009765625,645.8499755859375,10225200
2026-07-21,654.1799926757812,655.8800048828125,643.2000122070312,643.8099975585938,9140500
2026-07-22,647.7000122070312,649.0,624.0,627.1699829101562,11019600
2026-07-23,608.4099731445312,614.6500244140625,597.219970703125,606.0999755859375,15494800
2026-07-24,605.2999877929688,609.97998046875,594.4500122070312,595.1900024414062,11503500
2026-07-27,607.219970703125,611.260009765625,593.1300048828125,593.8699951171875,11195300
2026-07-28,596.8200073242188,601.0,587.0,593.4099731445312,12009300
2026-07-29,593.25,599.969970703125,582.219970703125,585.6099853515625,22371100
2026-07-30,526.0,539.8800048828125,524.489990234375,539.030029296875,42271500
2026-07-31,543.5999755859375,558.3300170898438,540.219970703125,556.7100219726562,24261500
2026-08-03,562.239990234375,597.52001953125,559.3599853515625,590.239990234375,25938100
2026-08-04,581.5,592.7899780273438,578.25,587.9400024414062,17959200
2026-08-05,600.4600219726562,601.0,580.1199951171875,588.77001953125,14897200
2026-08-06,586.9500122070312,595.3099975585938,586.0,589.9000244140625,11811500
2026-08-07,585.6400146484375,598.739990234375,585.6199951171875,592.0999755859375,11250300
2026-08-10,599.1300048828125,608.2100219726562,592.030029296875,594.9199829101562,14967300
2026-08-11,598.0,612.4299926757812,593.4000244140625,599.1199951171875,13146900
2026-08-12,601.0700073242188,604.5,578.2100219726562,578.8499755859375,16186900
2026-08-13,580.7100219726562,595.8499755859375,579.3900146484375,594.969970703125,11164200
2026-08-14,596.97998046875,601.8599853515625,589.2899780273438,589.8499755859375,8758000
2026-08-17,589.75,590.239990234375,564.75,568.969970703125,17225600
2026-08-18,557.47998046875,560.6599731445312,543.2100219726562,543.6699829101562,27094900
2026-08-19,541.3400268554688,554.0700073242188,537.27001953125,546.030029296875,16971700
2026-08-20,546.9500122070312,549.989990234375,539.3099975585938,545.8300170898438,13872200
2026-08-21,546.8900146484375,553.8699951171875,543.22998046875,549.9000244140625,13848000
2026-08-24,550.2000122070312,561.4199829101562,546.2999877929688,559.02001953125,12990600
2026-08-25,563.8800048828125,570.7999877929688,561.4000244140625,570.0499877929688,9769100
2026-08-26,590.3099975585938,593.3400268554688,561.8800048828125,576.1400146484375,31416300
2026-08-27,576.47998046875,588.3900146484375,567.6199951171875,571.0999755859375,15221400
2026-08-28,571.5499877929688,589.1900024414062,571.0,578.02001953125,16042400
2026-08-31,577.6300048828125,578.6799926757812,569.1400146484375,572.3400268554688,13383800
2026-09-01,558.3499755859375,584.9500122070312,556.0999755859375,578.5399780273438,15796900
2026-09-02,578.7899780273438,600.3800048828125,577.0,592.8499755859375,16552700
2026-09-03,604.489990234375,619.4600219726562,604.3499755859375,610.6799926757812,19737100
2026-09-04,612.3499755859375,617.4600219726562,605.27001953125,616.77001953125,15966200
2026-09-08,616.2100219726562,624.7999877929688,609.739990234375,613.47998046875,18909700
2026-09-09,648.6400146484375,657.8599853515625,638.5599975585938,653.6900024414062,35900700
2026-09-10,653.7100219726562,663.5,642.1400146484375,644.3800048828125,21531900
2026-09-11,653.510009765625,664.239990234375,646.2000122070312,648.030029296875,16908400
