Date,open,high,low,adj_close,volume
2016-09-12,43.531984747161886,44.57815739428512,43.468794184566704,44.36751937866211,11139716
2016-09-13,44.112906838706145,44.40288972281284,43.405627511658686,43.71683120727539,10714123
2016-09-14,43.79464220040483,44.09169970396103,43.35613049316681,43.39149475097656,10922046
2016-09-15,43.31368513416503,44.28265484358057,43.22881036829191,44.11997985839844,9429694
2016-09-16,44.169487737686985,44.289723918977494,43.89364829950967,44.049251556396484,13029050
2016-09-19,44.23315141591095,44.23315141591095,43.370274318677644,43.37734603881836,11829510
2016-09-20,43.780488137932,44.1411995447973,43.63196224015179,43.808780670166016,9653757
2016-09-21,44.03511256648976,44.431188251391255,43.752201362988686,44.3463134765625,7565512
2016-09-22,44.50191378984347,44.89091490147898,44.438257006080065,44.57263946533203,8853294
2016-09-23,44.46654319642641,44.735308076598635,44.346304192886834,44.53019714355469,8048430
2016-09-26,44.22607080532075,44.261435054029356,43.76634122722184,43.957305908203125,7319022
2016-09-27,44.070477663244105,44.34631432471013,43.73098421254982,44.25436782836914,7693158
2016-09-28,44.55850438190617,44.89799503955634,44.20486462792582,44.770687103271484,12361160
2016-09-29,44.572640105357195,44.572640105357195,43.54001638731835,43.78756332397461,11454640
2016-09-30,43.77341031502959,44.36752230597943,43.75219233259098,44.14119338989258,14258354
2016-10-03,44.00681626489149,44.254363193317566,43.61781516060336,44.21900177001953,7881065
2016-10-04,44.19070571296685,44.523127382436286,43.8087763582957,44.17655944824219,8276475
2016-10-05,44.34630946250478,44.586784670603016,44.19070902155276,44.41703796386719,8249122
2016-10-06,44.19777606768258,44.33923021884545,43.66731522504243,44.31801223754883,11979164
2016-10-07,44.39582443237305,44.551424888933546,43.87243799388019,44.39582443237305,11292410
2016-10-10,45.41429120678823,45.87402071929604,44.86968694397783,45.19503402709961,21322503
2016-10-11,44.93336084037332,44.947507109631935,43.67440791017445,43.80171585083008,14625259
2016-10-12,44.13411932979505,44.29679428993438,43.55415080620717,43.61073303222656,10607751
2016-10-13,44.02802874148001,44.52312536394651,43.80877437219157,44.21192169189453,15239492
2016-10-14,44.360451520699904,44.45946971668144,43.94315792633255,43.95022964477539,12790002
2016-10-17,43.88657253691596,43.88657253691596,43.00247490005468,43.511714935302734,13681221
2016-10-18,43.7804925577313,44.28973274134314,43.73098486265881,43.91487503051758,10467424
2016-10-19,43.94317418154934,44.06341040489287,43.71684517697983,43.759281158447266,5850670
2016-10-20,43.81584612567447,44.042175040964636,43.63195600266842,43.79462814331055,6626923
2016-10-21,43.532935849120605,43.78048275170801,43.16515276822275,43.2853889465332,7762222
2016-10-24,43.426849735368165,43.483431970269706,42.88931709002527,42.96711730957031,10420264
2016-10-25,42.6276224127285,43.98559600298075,42.11838231638391,43.81584930419922,15917548
2016-10-26,43.667332131631596,43.74513519658358,42.825672961592176,43.052001953125,10435774
2016-10-27,43.25001898796237,43.89364141520693,43.143929088038306,43.349037170410156,10847534
2016-10-28,43.15808631623136,43.19345057002706,41.34038289851952,41.6162223815918,21335603
2016-10-31,41.79303089189458,41.83546968289897,41.28379084784776,41.53133773803711,14939030
2016-11-01,41.7293799923048,42.146673594298896,41.382814886257194,41.94156265258789,15036075
2016-11-02,41.771822836247345,42.0900982928517,41.5525655937368,41.6162223815918,11239486
2016-11-03,41.85670256890384,41.88499227875726,41.22722330086806,41.32624435424805,11866504
2016-11-04,41.51011195541528,41.92033373180559,41.45352973893233,41.60205841064453,11861893
2016-11-07,42.09717669765192,42.58519895343978,42.068886986657056,42.4720344543457,10981258
2016-11-08,42.30935914764038,42.988343264794445,42.0971736067503,42.79737854003906,8323321
2016-11-09,45.23747079524077,45.973039724905085,44.388737414858866,45.39307403564453,29187953
2016-11-10,45.64769812843378,46.298392384575116,45.63355186350294,45.94475555419922,18719690
2016-11-11,45.322354202054896,45.62648336799202,44.96871451914049,45.23040771484375,14734566
2016-11-14,45.265767459380406,45.329421408394026,44.72823485555868,44.933345794677734,10610476
2016-11-15,45.03944460940027,45.07480886169438,44.61507923698448,45.018226623535156,7640339
2016-11-16,45.05359734067464,45.23041579996052,44.169499389130934,44.296810150146484,11297650
2016-11-17,44.211931008344095,44.40997026457329,43.9360943521536,44.3463134765625,8762642
2016-11-18,44.254375149053715,44.28973940946238,43.66026292583745,43.759281158447266,8066351
2016-11-21,43.80877781811094,44.12705323346142,43.65317738362384,44.06339645385742,7164862
2016-11-22,44.204845051921154,44.31093495184356,43.292457774808646,43.63902282714844,10052626
2016-11-23,42.67006950270819,43.63903936961006,42.30935805112345,43.59660339355469,9588152
2016-11-25,43.7239049559686,44.13412687159853,43.67439726696416,43.9997444152832,3669362
2016-11-28,43.69560868016398,43.893645061510696,43.58244422580694,43.709754943847656,7806971
2016-11-29,43.81585660545227,44.17656804702559,43.79463861801348,43.98560333251953,10516575
2016-11-30,44.07047547277774,44.077547192315194,43.13686711599379,43.278324127197266,13132174
2016-12-01,43.35611526975245,43.405622951256966,42.89638290720632,42.974185943603516,8802047
2016-12-02,43.17930719416936,43.51172609073624,42.882249723893395,43.23588943481445,8376769
2016-12-05,43.51172080822528,43.51879252711355,42.32349389893418,42.61347961425781,13608490
2016-12-06,42.56396465402993,42.712493355623685,42.16081734081562,42.63469314575195,11171261
2016-12-07,42.22447302220206,42.47909164428711,41.46061432839057,42.47909164428711,14723981
2016-12-08,42.24568693075407,42.691273010874426,42.08301480186397,42.52152633666992,8998757
2016-12-09,42.783226562641104,43.50464934055892,42.71956978205294,43.306610107421875,11021187
2016-12-12,43.455136133136314,43.921940242450425,43.35611793648071,43.653175354003906,8641808
2016-12-13,44.04516899445136,44.15919898575497,43.65318003656461,44.03804016113281,8218626
2016-12-14,44.08079781426227,44.72935628948896,43.895493764624085,44.045162200927734,11612574
2016-12-15,44.18770330331891,44.643834610661784,44.073670476483194,44.4514045715332,8917851
2016-12-16,44.658076116134914,44.92177730575392,44.22332573724298,44.50128173828125,18406758
2016-12-19,44.0451733661945,44.38014308779628,43.38235705850866,43.57478713989258,12512072
2016-12-20,43.61040776036322,43.959632180630514,43.02598888322432,43.1186408996582,10875201
2016-12-21,43.18278897462442,43.339586249603684,42.291907152336705,42.35605239868164,12630706
2016-12-22,42.49146988912957,42.76229716714634,42.1636261920959,42.46296310424805,10584800
2016-12-23,42.59837603415105,42.662518436007126,42.22776789208358,42.448707580566406,7955892
2016-12-27,42.66964820534034,42.86207541513094,42.448708512009475,42.61262893676758,6094749
2016-12-28,42.56274502522889,42.66252305533762,42.1992656768474,42.242027282714844,6470981
2016-12-29,42.25627637953146,42.4700872291725,42.03533669704168,42.07809829711914,6833065
2016-12-30,41.89279348795254,42.01395229420025,41.735999068278204,41.95693588256836,11289685
2017-01-03,42.15649788632577,43.03312492427157,42.08522665416661,42.86920166015625,12564158
2017-01-04,43.11864357353725,43.325328415437,42.790799929154694,42.854942321777344,9863671
2017-01-05,42.919091647555575,43.17566695800019,42.76229720742489,42.840694427490234,10581446
2017-01-06,42.82643476055095,43.09013600750237,42.427319898807546,42.95471954345703,10730053
2017-01-09,42.97611093611151,43.817102405485265,42.81931364665316,43.54627227783203,10201861
2017-01-10,43.61754299873699,43.64605263257583,42.68389950320285,42.70528030395508,16036706
2017-01-11,44.43002149802432,45.01444041795092,43.296819270889564,43.92399978637695,34281862
2017-01-12,44.565441314581975,45.071460247348675,44.273233238607595,44.33737564086914,26079899
2017-01-13,44.422898175076796,44.672344645787945,44.25897775534724,44.43002700805664,10447617
2017-01-17,44.130685549854256,44.23759239023656,43.617537844675475,43.81709671020508,11101150
2017-01-18,43.7458293386963,44.03091142225385,43.532018488341585,43.596160888671875,8522022
2017-01-19,43.51063767949982,43.532018479605625,42.81218586261056,42.99748992919922,11944999
2017-01-20,44.4727852891032,44.843393400268525,44.29461006596822,44.56543731689453,26451834
2017-01-23,44.05229568481445,44.47279143495551,43.92400802481689,44.05229568481445,10691382
2017-01-24,43.89549921188203,43.96677044739558,43.28257342467473,43.624671936035156,10990900
2017-01-25,43.703069827157066,43.745831429420946,43.30395489110178,43.532020568847656,15255736
2017-01-26,43.48925081175367,43.731571277109666,43.14715518612352,43.61753845214844,13317460
2017-01-27,43.74583542303999,44.1805860170888,43.68881899839842,44.00953674316406,6972554
2017-01-30,43.84560602142534,43.98101965083788,43.42511031713018,43.781463623046875,8230573
2017-01-31,43.51776017726074,44.35875154390827,43.417982168341474,44.18057632446289,10292513
2017-02-01,44.23046635039611,44.38013479667896,43.87411589179792,44.258975982666016,11547702
2017-02-02,44.643838715535246,45.76278628790145,44.56544149603398,45.74140548706055,19901730
2017-02-03,45.51333465644409,45.848304297343006,45.092836123363,45.81979751586914,12209724
2017-02-06,45.55609957031985,46.29018415007785,45.541844753918234,46.283058166503906,9598422
2017-02-07,46.154772124410485,46.27593379416224,45.64875319244493,45.75565719604492,8840194
2017-02-08,45.541853383250654,45.955223192447356,45.491965790272815,45.841190338134766,6190326
2017-02-09,45.84118469818338,46.19753803638078,45.82692988083454,45.891075134277344,7391439
2017-02-10,45.84117048611834,46.019345675350706,45.58459525040057,45.720008850097656,8940907
2017-02-13,45.79128386585075,46.20465353034005,45.76990306930865,46.16189193725586,7494353
2017-02-14,46.06924880827048,46.83896902931339,45.919580354344625,46.796207427978516,10629550
2017-02-15,46.254556247217224,46.94587929972562,46.218920627092494,46.439857482910156,18662050
2017-02-16,46.42560426532844,46.61803432942201,45.94096326377475,46.51112747192383,12938922
2017-02-17,46.468365197787556,46.72493766312367,46.22604470050896,46.60377883911133,9482618
2017-02-21,46.25455226939651,46.88173286129625,46.25455226939651,46.66791915893555,7740633
2017-02-22,46.68217348578092,46.86034871995816,46.38996541790936,46.53250503540039,9096221
2017-02-23,46.696433688060594,47.11692945464979,46.575272007502534,46.93162536621094,7184669
2017-02-24,46.789070518672695,47.152549743652344,46.77481570513837,47.152549743652344,8849626
2017-02-27,46.881737776499456,46.99576777409174,46.72494047514515,46.93162536621094,7476222
2017-02-28,46.90311547277351,47.14543311933298,46.789082633479445,46.94587707519531,8112044
2017-03-01,47.08840960391836,47.60868613558058,46.96012196673077,47.18819046020508,11193374
2017-03-02,47.30936908522247,47.451908747949965,47.038541731561985,47.095558166503906,9062790
2017-03-03,47.09554617675537,47.48040630232068,46.903116113972715,47.45189666748047,8716111
2017-03-06,47.09553996246081,47.594432863049775,46.96725232111539,47.37349319458008,9104500
2017-03-07,46.632279491399515,47.25946002882241,46.46123025392055,47.010013580322266,8728478
2017-03-08,47.01001366014053,47.12404648532013,46.51824674539683,46.89598083496094,8821645
2017-03-09,47.01714805276615,47.05990965495212,46.696430337863625,46.96012878417969,8106280
2017-03-10,47.08841433948388,47.18106637292307,46.682173438330906,46.75344467163086,9247447
2017-03-13,46.83240465535094,46.868297429244215,45.94945160098382,46.049949645996094,14880133
2017-03-14,46.035590734744815,46.30837234827611,45.97816287559009,46.085838317871094,8271759
2017-03-15,46.22942082011294,46.63859334148241,46.10020738764328,46.44477462768555,9458200
2017-03-16,46.35145030820908,46.50937622994878,45.93509754197257,46.07149124145508,10074634
2017-03-17,46.12173375272274,46.44476583785435,45.863309806506294,45.870487213134766,15142762
2017-03-20,46.042779142674185,46.15763488842789,45.942281082593496,46.021244049072266,13593818
2017-03-21,46.17200143076222,46.3801778685999,45.66950816415585,45.877681732177734,11057134
2017-03-22,45.92792986513362,46.02125053042814,45.403901527512026,45.5833625793457,10007352
2017-03-23,45.48285435129847,45.81306387567374,45.36082120767272,45.4254264831543,9915128
2017-03-24,45.339286695151564,45.604888077623876,45.123930034498,45.353641510009766,9575052
2017-03-27,45.167002075872915,45.51874668868354,45.088036246848,45.36082077026367,8400663
2017-03-28,45.36800398099258,45.51157223342632,45.13829248124633,45.468502044677734,10673880
2017-03-29,45.705394928822344,46.021246813711635,45.55464639473776,45.68385696411133,8525794
2017-03-30,45.58335905963458,45.71257249928177,45.45414561998739,45.54746627807617,5577456
2017-03-31,45.41107299896326,45.67667727242404,45.403895590961994,45.6120719909668,7979472
2017-04-03,45.533104670114405,45.734100773084734,45.38235615797916,45.56181716918945,6962493
2017-04-04,45.647963058873266,45.77717361694254,45.49003426042999,45.70539093017578,6650189
2017-04-05,45.71975779587302,46.049967425441125,45.59054720374806,45.63361740112305,8083538
2017-04-06,45.56899304022571,45.92074051328774,45.36081953695857,45.39670944213867,7915125
2017-04-07,45.42541588317002,45.46130865111145,45.18852705853373,45.3177375793457,8091713
2017-04-10,45.41824950075138,45.46132255734539,44.887043834244054,44.90140151977539,7595590
2017-04-11,44.85832639808169,45.05214221726437,44.635792341180434,44.92293167114258,6858950
2017-04-12,44.77217578117516,45.37516683975394,44.70757051876778,45.260311126708984,9965642
2017-04-13,45.073675224245164,45.224423714634035,44.90856905148245,44.944461822509766,6217260
2017-04-17,45.01625867045062,45.10957645478099,44.786547174035185,45.08086395263672,5590242
2017-04-18,44.83679214042235,44.83679214042235,44.49940519348555,44.700401306152344,7749436
2017-04-19,44.69321797091003,44.965999603271484,44.506576698319655,44.965999603271484,10845857
2017-04-20,44.98036448547492,45.04496976564312,44.68604484625098,44.90140151977539,9392490
2017-04-21,44.76502128408529,44.95884004030987,44.41327368924196,44.42763137817383,11002323
2017-04-24,44.86550923006443,44.879866915752324,44.520941992446495,44.60708236694336,9270922
2017-04-25,44.8583289728656,45.174180819045816,44.68604249518449,44.7219352722168,11205006
2017-04-26,44.95881995131488,45.13828093841885,44.815248865780006,45.00906753540039,9284546
2017-04-27,45.066499901216204,45.15982054218077,44.82961103017802,44.92293167114258,6920258
2017-04-28,44.92292928892786,44.97317687537235,44.607074607811484,44.743465423583984,9915862
2017-05-01,44.68604488823224,44.865508783004515,44.578369421184085,44.77936553955078,10707521
2017-05-02,44.87267672603103,45.396704874641166,44.72910851031077,45.00906753540039,13647580
2017-05-03,44.86549881895349,45.705381624477965,44.779355594631056,45.676666259765625,11978430
2017-05-04,45.70538017009336,45.86330606154214,45.382348111338914,45.4972038269043,9023280
2017-05-05,45.58334466129166,46.00687475819639,45.53309707883386,45.92073440551758,9795237
2017-05-08,45.877669707725616,46.30838015893966,45.82024470869979,45.94945526123047,11684676
2017-05-09,46.071488727862146,46.13609400055406,45.339284158094245,45.43260192871094,10712970
2017-05-10,45.31775663088614,45.90639310692212,45.28904412635088,45.89921569824219,10094126
2017-05-11,46.480665156554785,46.83959006500604,46.16481330338458,46.250953674316406,19404663
2017-05-12,46.22225395457292,46.423250122200145,45.41826067461626,45.63361740112305,10838521
2017-05-15,45.525918444157725,45.65513184764875,45.46849058369667,45.59052658081055,8710347
2017-05-16,45.5402802409451,45.84895466008282,45.32492646221423,45.791526794433594,8248494
2017-05-17,45.79153620987902,45.79153620987902,45.138294462529394,45.22443771362305,8296911
2017-05-18,45.15981219239417,46.30119189413983,45.15981219239417,45.863304138183594,12528316
2017-05-19,45.97098593762388,45.97098593762388,45.58334857763587,45.78434753417969,9739798
2017-05-22,45.726930531949755,46.2581362415145,45.63360987315468,45.97099685668945,6525372
2017-05-23,45.942274760510536,46.365804905968766,45.942274760510536,46.33708953857422,6009861
2017-05-24,46.49501899372805,46.80369341371314,46.329912803352705,46.6098747253418,7289259
2017-05-25,46.63141490136822,46.74627064550678,46.416061098562196,46.6888427734375,7436503
2017-05-26,46.66011951274945,46.81086801016821,46.53090897480313,46.602691650390625,3862614
2017-05-30,46.459126506444846,46.760623521250864,46.32273568303615,46.57398223876953,5120109
2017-05-31,46.71754819127434,47.01186778463934,46.681655417946175,46.73908615112305,8162138
2017-06-01,46.724730472141154,46.846763610839844,46.559624281712146,46.846763610839844,7923404
2017-06-02,46.99032491218445,47.07646813312914,46.78932884633762,46.99750518798828,6600933
2017-06-05,46.911380514210364,46.94009588914983,46.444780064876596,46.710384368896484,6254988
2017-06-06,46.66012190039805,46.68883726795422,46.272484527093845,46.42323303222656,8218206
2017-06-07,46.37298898943233,46.40888176893573,45.94228137502202,45.9853515625,7971717
2017-06-08,45.985348914875374,46.12173974724639,45.10239577333688,45.36800003051758,19411056
2017-06-09,45.368003554856955,46.25813417310513,45.32493336651292,46.22224426269531,11266419
2017-06-12,46.22224426269531,46.43041779629658,46.08585054991368,46.22224426269531,9851514
2017-06-13,46.08483380146797,46.16437735327492,45.57864598583325,45.752193450927734,12631544
2017-06-14,45.57142612986948,46.01976395685183,45.57142612986948,45.824520111083984,10834853
2017-06-15,45.77389857809088,45.875135582504264,45.47018467393425,45.69435501098633,8244406
2017-06-16,45.7449624700044,46.07036974319631,45.332781465783114,45.535255432128906,15617296
2017-06-19,45.62205396403247,46.14270527299876,45.57143400267788,46.04869842529297,8831391
2017-06-20,46.04868356391443,46.97428559224433,45.97637018272207,46.6633415222168,10755624
2017-06-21,46.68503796210744,47.4370896585125,46.68503796210744,47.33584976196289,11679960
2017-06-22,47.372012313454114,47.993903461348225,47.27800547841295,47.740806579589844,14087111
2017-06-23,47.75525295028865,48.00834685163517,47.61062910276886,47.8420295715332,14769988
2017-06-26,47.834808685996755,48.015592155095966,47.60340815828304,47.66849136352539,7940067
2017-06-27,47.92158868207587,47.92158868207587,47.393707275390625,47.393707275390625,8511437
2017-06-28,47.55278531056785,47.6540223063888,47.104447565432544,47.1189079284668,7056498
2017-06-29,47.01044587283631,47.0610629308033,46.34516791871146,46.52595138549805,8751114
2017-06-30,46.63441973049392,46.80797012836058,46.28008875227655,46.34516906738281,8762223
2017-07-03,46.171605079092515,46.73564298340775,46.171605079092515,46.475318908691406,4895627
2017-07-05,46.61995662020445,46.858587319125064,46.222235897753635,46.39578628540039,6820174
2017-07-06,46.113774653947395,46.21501167673635,45.54973650878949,45.62928009033203,11887150
2017-07-07,45.70882226405041,45.80282910050084,45.41957157147869,45.67266845703125,7591083
2017-07-10,45.83899108589093,45.84622126994537,45.27495289304441,45.43404006958008,7036062
2017-07-11,45.426793587165925,45.54249383602917,45.00737946230758,45.07969284057617,7207620
2017-07-12,45.31109155763093,45.650959218487706,45.31109155763093,45.397865295410156,8610368
2017-07-13,45.40510649473372,45.549730380557904,45.03631226132793,45.4774169921875,7125562
2017-07-14,45.50635021510189,45.84621798691599,45.455730257593935,45.60035705566406,6309903
2017-07-17,45.66542814103974,45.781128399720096,45.217090361382475,45.274940490722656,7741890
2017-07-18,45.195400896038315,45.289407725842025,45.02908067547533,45.13031768798828,6408415
2017-07-19,45.19539940342629,45.43403011595088,45.1520125267703,45.28217315673828,5972657
2017-07-20,45.49187162925875,45.73050229657072,45.455714941923716,45.51356506347656,6974545
2017-07-21,45.40510226229764,45.55695920735349,45.253245317241785,45.28940200805664,7237907
2017-07-24,45.224324017250346,45.48465106473576,45.1954003958168,45.24601745605469,8157318
2017-07-25,45.44849680633023,45.55696689708387,45.01461933423251,45.09416580200195,6241783
2017-07-26,45.05800704347706,45.07970048245185,44.63136266483393,44.689212799072266,9816302
2017-07-27,46.04146309535801,46.677811733166585,45.41234174991052,46.05592346191406,22894922
2017-07-28,46.14268952140147,46.5404073287152,45.71604520578332,46.35962677001953,13982521
2017-07-31,46.46087083200975,46.50426060106416,45.9257592561726,46.19331359863281,12277215
2017-08-01,46.30901420490544,46.47533442686694,46.11377036094706,46.22224044799805,6802463
2017-08-02,46.24393540458969,46.251165587596965,45.67989729343407,45.87514114379883,7372575
2017-08-03,45.70882066483814,46.084847997483784,45.68712722501887,45.93299102783203,7355702
2017-08-04,46.012537631158445,46.05592451365128,45.513579809739795,45.62928009033203,5597368
2017-08-07,45.52079629087541,45.6220332767615,45.31108924737969,45.44124984741211,7018246
2017-08-08,45.224318448830225,45.35448195654604,44.9784575787092,45.06523132324219,8048745
2017-08-09,45.15923343685126,45.35447723263112,44.99291325593107,45.18815994262695,6866810
2017-08-10,45.10139823720029,45.253255215471775,44.956771442306696,44.96400451660156,8137825
2017-08-11,45.13755383397526,45.528041545187776,45.02185355725178,45.10862731933594,6341448
2017-08-14,45.49187925115777,45.55696245563158,45.26047872617657,45.318328857421875,5771860
2017-08-15,45.36171373652675,45.5786538873354,45.188166241346124,45.195396423339844,6619168
2017-08-16,45.144767811161806,45.50633176885811,45.07245444143937,45.34001159667969,6352138
2017-08-17,45.37617299903482,45.57141680485105,44.69643476935681,44.7181282043457,9589305
2017-08-18,44.6675151959772,44.70366899695361,44.22640760216748,44.46503829956055,8825942
2017-08-21,44.457810444824915,44.86276136794016,44.42165375103934,44.81214141845703,7542666
2017-08-22,44.81213920224624,45.19539666831923,44.77598251024882,45.13754653930664,5779930
2017-08-23,45.014617017752464,45.26771099223641,44.94230651855469,44.94230651855469,6743775
2017-08-24,45.014607708027924,45.49187193679435,44.97122083929901,45.34724807739258,8122105
2017-08-25,45.46294801394037,45.76665898390576,45.39063463927029,45.51356506347656,5528095
2017-08-28,45.63650272701199,45.8895966715569,45.54249590916679,45.78835678100586,7858114
2017-08-29,45.65097179083345,45.708821928923655,45.35449091721502,45.643741607666016,6879806
2017-08-30,45.65820486491779,45.679898305337005,45.48465445064719,45.643741607666016,5263580
2017-08-31,45.81005027602981,46.222231321791604,45.52079965858745,46.1788444519043,13522344
2017-09-01,46.128227574128005,46.35239790163138,45.99083388308013,46.15715408325195,6481985
2017-09-05,46.099297790813694,46.35962188353293,45.88959074591755,46.00529098510742,7583538
2017-09-06,46.20054675832508,46.51872105314975,46.11377011097135,46.28009033203125,7491838
2017-09-07,46.34517725280074,46.58381089883741,46.12823993988141,46.511497497558594,7185507
2017-09-08,46.27284205865355,46.66333250710174,46.236688265958435,46.475318908691406,7719358
2017-09-11,46.95982006205987,47.227377246772186,46.77180643643778,47.09721374511719,10785597
2017-09-12,47.089988875556315,47.4515529138648,47.089988875556315,47.33584976196289,7707202
2017-09-13,47.26353678665208,47.40093047799728,47.220147022872254,47.328617095947266,5898878
2017-09-14,47.335904654481325,48.195365205760176,47.27763609317723,48.1589469909668,10437137
2017-09-15,48.1953546812276,48.34830998522798,47.88944407322685,48.188072204589844,15390718
2017-09-18,48.086105104773424,48.37016540083192,47.933152696554785,48.06425476074219,11049274
2017-09-19,48.086112720657994,48.18808489138909,47.838473507865395,48.03512954711914,7345746
2017-09-20,48.12253671735384,48.29734243011258,47.48158243723846,47.91859817504883,9903600
2017-09-21,47.96228528414468,48.020553838552615,47.72192858914675,47.78019714355469,6255198
2017-09-22,47.80205307591362,47.853039158916076,47.39417314737367,47.43787384033203,7824263
2017-09-25,47.459728700177195,47.634534400461,47.372327305948716,47.47429656982422,5840923
2017-09-26,47.41601901234321,47.57625681259673,47.13924410066418,47.16837692260742,7311058
2017-09-27,47.11011387409231,47.16109995823613,46.84790679864589,47.02999496459961,7013111
2017-09-28,46.81148193816767,47.09554223208647,46.73864551739471,46.8260498046875,7359894
2017-09-29,46.82605414987934,47.00085982885968,46.12683143395796,46.636680603027344,11999181
2017-10-02,46.767772252889735,47.11009812337616,46.534698080717845,47.015411376953125,7067083
2017-10-03,47.01541372053791,47.037264061289996,46.45458151364085,46.88431167602539,6819441
2017-10-04,46.920724447720104,47.06639433980712,46.85517052122931,47.05182647705078,6722606
2017-10-05,46.920724447720104,47.19749928096325,46.85517052122931,47.05182647705078,9589200
2017-10-06,47.124665987093316,47.27033880061357,46.884309338975676,47.015411376953125,7847843
2017-10-09,47.10281322677579,47.15379929125279,46.70221592200778,46.85517120361328,5712962
2017-10-10,46.84061934000687,46.957156452665004,46.75321504960011,46.94987106323242,5157208
2017-10-11,46.86246973852236,46.86246973852236,46.45458984375,46.45458984375,10586477
2017-10-12,46.46187683629974,46.600264307209876,46.29435362844715,46.49101257324219,6454108
2017-10-13,46.57841214507393,46.731367478494036,46.16324974852401,46.1705322265625,7693787
2017-10-16,46.2433679516438,46.41817362834989,46.07584475286555,46.13411331176758,7806762
2017-10-17,46.03942176432168,46.11225818335117,45.79906507571574,46.04670715332031,7365868
2017-10-18,46.68037942707593,46.6949472943647,46.18509814569501,46.2579345703125,8265471
2017-10-19,46.35260982910656,46.63667008532204,46.316194535379694,46.43273162841797,10554618
2017-10-20,46.50556970083021,46.6075389393094,46.30163122387181,46.52742004394531,10798802
2017-10-23,46.63668433431089,46.99357819884835,46.104984776807335,46.177818298339844,12137936
2017-10-24,46.11226081589678,46.11226081589678,45.42760600868067,45.966590881347656,10711713
2017-10-25,45.959308953447554,45.98115929968431,45.398473693949114,45.485877990722656,11545502
2017-10-26,45.36935099694378,45.66069386484507,45.01973955546223,45.15084457397461,11260026
2017-10-27,44.10200437349604,44.10200437349604,42.113590656935884,42.419498443603516,30980242
2017-10-30,40.6058876042764,40.82439398295635,39.62988992258958,39.84839630126953,40860891
2017-10-31,40.18344403976451,40.635024680407625,40.081471869436484,40.12517547607422,19313802
2017-11-01,40.45293619802303,40.64230977014012,40.26356553773281,40.30726623535156,17206483
2017-11-02,40.40922809345219,40.47478203969125,40.08875248722155,40.32910919189453,12909788
2017-11-03,40.27812664143309,40.99191428872345,40.198004826822135,40.8316764831543,10281718
2017-11-06,40.81712156388071,40.91909084415105,40.496645851080416,40.700584411621094,9136988
2017-11-07,40.700580929004126,40.9263727341221,40.33640163139764,40.489356994628906,15008513
2017-11-08,40.42379840798633,41.312391768404595,40.39466267193248,41.21042251586914,15859279
2017-11-09,41.188567680303926,41.26868657797951,40.51119537688845,40.94092559814453,14818825
2017-11-10,40.99918960027797,40.99918960027797,40.16886498282795,40.40922164916992,17547607
2017-11-13,40.28541307597567,40.43836841879703,40.10332490738324,40.1324577331543,14135738
2017-11-14,40.03776596480348,40.190721288565875,39.87752816346241,40.05233383178711,13315678
2017-11-15,39.8848199477108,40.13246209691185,39.62261283995385,39.91395568847656,12290315
2017-11-16,39.95764560878171,40.3291072764639,39.87752671102929,40.18343734741211,12572122
2017-11-17,40.05961509159418,40.372808207176895,39.87752695122611,40.20528793334961,10358537
2017-11-20,39.36039781697565,39.61532241304928,39.06177252713548,39.40409851074219,18003278
2017-11-21,39.593470807853656,39.950367560475556,39.46236873072056,39.52791976928711,14369442
2017-11-22,39.49878543061919,39.746427549231925,39.45508473669537,39.60075759887695,7730258
2017-11-24,39.695443915385404,39.79013069233718,39.411383584530085,39.58618927001953,4549682
2017-11-27,39.629895659298015,39.76828314955544,39.476940298532696,39.73186492919922,10584905
2017-11-28,40.008636474609375,40.1543064210983,39.629889372450386,40.008636474609375,13446783
2017-11-29,40.08876787711368,40.53306615690086,40.008648944798736,40.321842193603516,10980525
2017-11-30,40.198010425937355,40.70786256022372,40.08147329441364,40.25627899169922,16139619
2017-12-01,40.35095804554139,40.77340579434885,40.219855981560784,40.69328689575195,12672835
2017-12-04,40.73698779442576,41.30510547675855,40.69328710620621,40.948211669921875,14085120
2017-12-05,40.89722396295986,41.159433905482246,40.584030856821435,40.62044906616211,12405386
2017-12-06,39.651740310143104,40.736992638201734,39.4696521463599,39.58618927001953,21217703
2017-12-07,39.95036603136005,40.67143907529877,39.826543525260576,39.89209747314453,17250604
2017-12-08,40.285407503666065,40.47478103637695,39.8119765837151,40.47478103637695,10923723
2017-12-11,41.03561019897461,41.254119448562854,40.46749255606247,41.03561019897461,10239170
2017-12-12,41.42165271326034,41.6401591196044,41.24684700581971,41.567325592041016,14454750
2017-12-13,41.47262930562945,41.78582242909177,41.26140542686563,41.45077896118164,13982940
2017-12-14,41.42874570652298,41.67849135039653,41.10554114298836,41.142269134521484,10623890
2017-12-15,41.30387852932326,41.40671810162,40.95129326126559,41.31122589111328,23664574
2017-12-18,41.41405626747141,41.64176571663704,41.28183607778475,41.29652786254883,12151560
2017-12-19,41.29652291688292,41.590343894001414,41.142266536821374,41.30386734008789,9921521
2017-12-20,41.340590113972844,41.49484647457415,41.12022514308281,41.21571731567383,13766423
2017-12-21,41.19369482464924,41.722572692792795,41.19369482464924,41.575660705566406,10439966
2017-12-22,41.57565324782988,41.744601415515675,41.23041248905248,41.39936065673828,11890608
2017-12-26,41.494846582201774,41.57564697385122,41.33324579890288,41.38466262817383,4616754
2017-12-27,41.42139061284981,41.59768317733795,41.325898440011116,41.38466262817383,5931994
2017-12-28,41.3846762968102,41.722572692792795,41.35529566132207,41.575660705566406,6061108
2017-12-29,41.74459747884973,41.862125861827444,41.333248138427734,41.333248138427734,8841557
2018-01-02,41.568312666006676,41.68584107092926,41.17165209694671,41.29652786254883,10556504
2018-01-03,41.30385961334176,41.325895815428986,41.10553085796262,41.23775100708008,11090460
2018-01-04,41.45812305890224,42.17798517550958,41.414050647186066,41.90620040893555,15751650
2018-01-05,42.15595403385193,42.15595403385193,41.56831201839417,41.86213302612305,9955057
2018-01-08,42.02372921601838,42.05311278185124,41.50219588353946,41.61972427368164,11642546
2018-01-09,41.729916751318925,41.942937368970696,41.55362413015145,41.722572326660156,11142022
2018-01-10,41.53892971085158,42.14126352913726,41.472821083327986,42.08984375,9497395
2018-01-11,42.089842345954004,42.31755472748647,41.98700572770497,42.31020736694336,7447402
2018-01-12,42.567298645973615,43.19901300722752,42.52322329733678,43.088829040527344,12935569
2018-01-16,45.35859784558121,46.8497389709566,44.99132088176511,45.59365463256836,50399682
2018-01-17,45.75525055803439,45.975615538176335,45.461429605647,45.564266204833984,22940615
2018-01-18,45.54223027929005,45.630378033843115,44.535894612425324,44.90317153930664,20861278
2018-01-19,45.16026720930771,45.16026720930771,44.54324170029985,45.01335525512695,12745671
2018-01-22,44.77095276071566,45.13088233950484,44.60200460560947,44.99131774902344,12835380
2018-01-23,44.829722899492246,45.63772992152282,44.71219449859344,45.32187271118164,11718212
2018-01-24,45.549582352646155,45.62303833767932,44.77830331958267,44.93990707397461,14129241
2018-01-25,45.02805709838867,45.086821305871624,44.770964057725166,45.02805709838867,9853610
2018-01-26,45.167608403248266,45.600993938546495,45.057424445489985,45.57161331176758,11060278
2018-01-29,45.50549971266712,45.64506429091759,45.21902613395088,45.270442962646484,9198191
2018-01-30,44.65343006783894,44.99132348453156,44.39633705927315,44.55059051513672,13666654
2018-01-31,44.63873655645376,44.660772763581626,43.26512379825687,43.522216796875,15582712
2018-02-01,43.463453369680224,44.322880145879886,43.39000032348315,43.97029495239258,14009664
2018-02-02,43.63974406136816,44.051093435812916,42.80970088915801,43.015377044677734,12852777
2018-02-05,42.80236198415586,43.30185624922472,41.00270787186432,41.428749084472656,20546774
2018-02-06,40.50320453535429,41.70052161850476,39.90821526849595,40.738258361816406,32494498
2018-02-07,40.52524916646338,41.65645787144581,40.46648496348008,41.04677963256836,14349740
2018-02-08,41.164305012005215,41.47281778913351,40.18734984216217,40.20204162597656,21871760
2018-02-09,40.51054673012941,40.701528137164146,39.19569840116537,40.30487060546875,19472364
2018-02-12,40.657460476019025,41.05412099060511,40.37098686373388,40.716224670410156,13259506
2018-02-13,40.56931606597372,40.67215267305706,40.231422678931544,40.32691192626953,17857291
2018-02-14,39.893526355294746,40.47382388204112,39.827417737154306,40.32691192626953,11996142
2018-02-15,40.71622177447626,41.12757110595703,40.275491816186914,41.12757110595703,10584695
2018-02-16,41.11288469940399,41.86212743489281,41.076156711269014,41.347938537597656,12294402
2018-02-20,41.223056194236904,41.237747973412276,40.36362969308856,40.38566589355469,14113416
2018-02-21,40.422405586871264,40.72357393256714,40.069820404052734,40.069820404052734,11244935
2018-02-22,40.10654700931349,40.45178775679058,39.97432977276852,40.084510803222656,11334958
2018-02-23,40.26814262118669,40.40036277728324,40.084505636370665,40.30487060546875,9499177
2018-02-26,40.400374411318914,41.27449305380543,40.400374411318914,41.17900085449219,12725026
2018-02-27,41.06882177339261,41.105549772636365,40.18001417611817,40.194705963134766,9734453
2018-02-28,40.444444820613214,40.52524522478185,39.82007485757043,39.82741928100586,11807606
2018-03-01,39.8567991720371,40.2608011556201,39.239773689336566,39.44544982910156,13648523
2018-03-02,39.28384596704062,39.981671844112356,39.01940857291093,39.93025207519531,9355706
2018-03-05,39.84210449836896,40.18734226504825,39.724576123202766,39.959632873535156,13743577
2018-03-06,40.025753126112484,40.187353954824204,39.53360327902082,39.88618850708008,9716951
2018-03-07,39.54828501906538,40.09185450840542,39.482176406819036,40.011051177978516,12817564
2018-03-08,40.04778653039994,40.26815154835138,39.93025812927984,40.22407913208008,7705001
2018-03-09,40.422401014260686,40.53992939523864,40.17999982971656,40.503204345703125,9240006
2018-03-12,40.93659112227716,41.23040914701894,40.57665860926868,40.6648063659668,11269039
2018-03-13,40.943938247146946,40.951282670442104,40.400368698653836,40.67215347290039,12272080
2018-03-14,40.95372560795508,41.072281764338655,40.24238866965365,40.60546875,11692222
2018-03-15,40.71661640607898,41.294579934313305,40.67215858460707,40.93891143798828,10560277
2018-03-16,40.894445985200676,41.38349085238059,40.81293900104978,41.25011444091797,22010620
2018-03-19,41.24269925774643,41.257519514955156,40.19051431686053,40.479496002197266,12391762
2018-03-20,40.56841875926035,40.70920382183035,40.279437023074806,40.48691177368164,8153440
2018-03-21,40.57582657841068,40.961135552113305,40.32389697805462,40.52396011352539,10489746
2018-03-22,40.19052688515187,40.73884695060325,40.03492154148493,40.10160827636719,13387990
2018-03-23,40.24979969164967,40.53877846718272,39.52364250386153,39.57551193237305,12408634
2018-03-26,40.04973949249087,40.13124648451353,39.24948390870282,40.042327880859375,10448770
2018-03-27,40.00528022247756,40.42763542827779,39.619971224393375,39.82744598388672,16956535
2018-03-28,40.04973191624168,41.00558969162295,40.02750301010192,40.82034683227539,13302788
2018-03-29,41.020409402413534,41.05745560396927,40.360939025878906,40.360939025878906,10218524
2018-04-02,40.30908455666953,40.49432746864745,39.24207898516245,39.47178268432617,14041104
2018-04-03,39.52363330137652,40.123822583684365,39.14573601670781,40.07936477661133,9688341
2018-04-04,39.619967412151325,40.52395877857454,39.568097986700195,40.412811279296875,9330030
2018-04-05,40.798128455060834,41.03523783583479,40.33872106869713,40.40541076660156,13074638
2018-04-06,40.22016001490752,40.44245503123817,39.197615381340185,39.5384635925293,13100838
2018-04-09,40.753667421879996,42.54683024588203,40.42763943330237,41.61320114135742,24352376
2018-04-10,41.99850832234198,42.08001532163477,41.52428362662026,41.857723236083984,13481891
2018-04-11,41.53910542365829,41.89477395859032,41.4131405950564,41.64284133911133,9445834
2018-04-12,41.939225221387126,42.37640069020526,41.59837700265558,42.04296112060547,12511967
2018-04-13,42.294896975543196,42.48013987865318,41.96886899210562,42.3615837097168,10536278
2018-04-16,42.80615511628074,43.902797795382405,42.3615681647768,43.458213806152344,23627998
2018-04-17,44.33999213832269,44.428910751636685,43.68793316902896,43.91763687133789,16070451
2018-04-18,44.02136800245931,44.17697333714735,43.413769886970094,43.65829086303711,11779730
2018-04-19,43.65828804708394,43.954678436354776,43.287799319926734,43.45081329345703,11041204
2018-04-20,43.61383038200567,43.91762942121925,43.46563370571392,43.59159851074219,10109951
2018-04-23,44.49558690316449,44.91794206965912,44.036182570126996,44.64378356933594,20767587
2018-04-24,44.7623388846614,45.19951430209541,44.288114301373746,44.52522659301758,13974975
2018-04-25,44.38443802044148,44.3992553157884,43.66568959197156,44.18437194824219,14057034
2018-04-26,44.32517964947888,44.5252428483082,43.799085449474596,44.02137756347656,14148105
2018-04-27,43.969487742634,44.19919136342313,43.94725883776313,44.06581497192383,8034073
2018-04-30,44.199199224757855,44.443720184102354,43.621238708496094,43.621238708496094,13730267
2018-05-01,43.71756381616146,43.895398040332324,42.146696317122725,42.961769104003906,13756782
2018-05-02,42.73948173780341,42.97659110035066,42.25043682728919,42.457908630371094,10921837
2018-05-03,42.339356078732614,42.828401030953415,41.76880709046259,42.62833786010742,11864932
2018-05-04,42.32453070018539,42.90989983885716,42.109647308221255,42.791343688964844,9149983
2018-05-07,42.806159276463504,43.05068019807679,42.294885565568286,42.51717758178711,10513955
2018-05-08,42.50976923571366,42.546818399058715,41.68728491891156,42.05777359008789,10749546
2018-05-09,42.21337994564193,43.28038521244424,42.10964406304917,42.939537048339844,8684042
2018-05-10,43.07290832767871,43.517495314383005,42.92471464029335,43.02104187011719,8624097
2018-05-11,43.0951410680559,44.43630783282921,43.07291216108347,44.22883605957031,13344498
2018-05-14,44.2881176059028,44.51781830415023,44.03618503666485,44.22142791748047,9942062
2018-05-15,44.043591210534196,44.31034402468463,43.643464951583,43.86575698852539,7148932
2018-05-16,43.954669493450275,44.46594318120436,43.799064200457806,44.27328872680664,8941222
2018-05-17,44.117696586204296,44.295530836601145,43.62865165704423,43.769439697265625,8222398
2018-05-18,43.687920292372716,44.05840897447808,42.598686114538836,43.82129669189453,10151242
2018-05-21,43.850936693693335,43.95467257553756,43.26556464208263,43.39894104003906,8882219
2018-05-22,43.55454432541073,43.821294146686846,43.27297128449125,43.310020446777344,9357068
2018-05-23,43.3100336099795,44.08064871783029,43.29521631038093,43.843536376953125,10375619
2018-05-24,43.90280035322424,44.02135648556269,43.57677247043051,43.81388473510742,7261382
2018-05-25,43.8212975171865,44.05840980423561,43.59900548864654,43.78424835205078,6985339
2018-05-29,43.40634850124364,43.6360521268735,42.998810670625105,43.272972106933594,9228269
2018-05-30,43.4582204605977,44.310342372329536,43.36189322365072,44.25106430053711,11572016
2018-05-31,44.18438591432141,44.36963178745329,43.94727356653268,44.11029052734375,12786019
2018-06-01,44.377028278613224,45.05872757286468,44.17696516026613,44.87348175048828,11556925
2018-06-04,45.60705859003455,46.333215873240015,45.33290003837662,45.955318450927734,20410534
2018-06-05,45.940498272535024,46.18501926321804,45.24398151175839,45.488502502441406,13098218
2018-06-06,45.577410813847806,45.89603007963823,45.362527433187545,45.88861846923828,7912190
2018-06-07,45.94050267516768,45.97014320175617,45.577425479247985,45.9330940246582,7910933
2018-06-08,45.94790018461204,46.42212479683961,45.9182626274851,46.37025833129883,10142754
2018-06-11,46.511043721732506,46.5777304474457,45.9997699377742,46.18501281738281,7542666
2018-06-12,46.21465964798654,46.3924939031144,45.94790678415725,46.26652908325195,8308230
2018-06-13,46.362850027328065,46.65183178187,46.19983604581585,46.37767028808594,9873732
2018-06-14,46.347797803609915,46.5792736650351,45.713100436652134,45.96697998046875,12528211
2018-06-15,45.9893807740138,46.37019859795255,45.71310053239465,46.317928314208984,17246517
2018-06-18,45.81017329168197,45.81763919589256,45.24267800181585,45.541358947753906,9990270
2018-06-19,45.28747510204231,45.78029936238921,45.27254329503735,45.571224212646484,10501589
2018-06-20,45.593626474002775,45.90724219455373,45.392017220839286,45.75790023803711,12757094
2018-06-21,45.75043726208967,45.75043726208967,45.406954919354604,45.68323516845703,9336527
2018-06-22,45.75789957849755,46.235789056194704,45.713098186255294,45.89977264404297,12885998
2018-06-25,45.85496928672526,46.01177713802069,45.28000816036442,45.608558654785156,11057238
2018-06-26,45.42189291041647,45.563766006397024,45.25761911350931,45.33975601196289,12571913
2018-06-27,45.32481815853062,45.60856731651712,44.652788220565526,44.7125244140625,10948770
2018-06-28,44.88426223998094,45.36215176810347,44.79465944604182,45.02613830566406,10691591
2018-06-29,45.19789077917193,45.89979047593307,45.06348356506108,45.3248291015625,14956951
2018-07-02,45.212805264210196,45.22027116740763,44.742381718758644,45.14560317993164,9546337
2018-07-03,45.354687534026574,45.772840886533906,45.21281444828613,45.3322868347168,5106590
2018-07-05,45.84750956901351,46.26565991532734,45.61603071250552,46.02671813964844,9517098
2018-07-06,46.14618147322014,46.67633819168268,46.13871258517815,46.444862365722656,8543191
2018-07-09,46.639018179217814,46.81076086881914,46.295535785183255,46.31047058105469,8724600
2018-07-10,46.58674777846739,46.765956361522505,46.377669605652486,46.5195426940918,11266524
2018-07-11,46.40006427264579,46.444868651460204,45.98937985560321,46.220855712890625,6055344
2018-07-12,46.62407539120685,46.922753327305514,46.4000624613818,46.78834915161133,8424453
2018-07-13,46.497135937578356,47.07209710646432,46.48220114464389,46.96009063720703,7705106
2018-07-16,46.989967376939525,47.00490217214771,46.54194441686977,46.736087799072266,4729938
2018-07-17,46.691280364990234,46.90035553021547,46.639010081100146,46.691280364990234,5292086
2018-07-18,46.74354933987917,47.02729848167055,46.5718096591074,46.99742889404297,6645578
2018-07-19,46.848092314642145,46.997431304937926,46.48220626585704,46.67634963989258,7631641
2018-07-20,46.340341038784906,46.69875825847749,46.303005538587556,46.6838264465332,7204686
2018-07-23,46.72115090130095,46.87795878101024,46.67634950286053,46.81075668334961,7266413
2018-07-24,46.96756265900686,47.37078119895992,46.90782646845205,47.3558464050293,9931058
2018-07-25,47.3633171711893,48.214555681447045,47.31104688294492,48.15481948852539,11023598
2018-07-26,48.24442876417684,48.68498284573139,47.781470996632436,47.79640579223633,11677235
2018-07-27,46.63154493111448,47.803868011646976,46.57927464637915,47.40811538696289,8815357
2018-07-30,47.63212877868191,48.46096957894358,47.43798540444926,48.39376449584961,10129130
2018-07-31,48.46096819945364,49.37194288113693,48.44603340528369,49.18526840209961,16184683
2018-08-01,49.06579737499381,49.38687904009822,48.87165400092255,48.90152359008789,7949604
2018-08-02,48.75964540077249,48.8567170835905,48.43856374961859,48.69990921020508,7226379
2018-08-03,48.684976596311756,49.29727030062622,48.51323393183274,49.23006820678711,7333066
2018-08-06,49.34954543571255,49.64076050796943,49.050864458462385,49.446617126464844,8600202
2018-08-07,49.34954054256921,50.021573421040145,49.30473914671585,49.715423583984375,8471298
2018-08-08,49.66315365037755,50.02157076853382,49.39433931917661,49.79755783081055,6821746
2018-08-09,49.931962502505584,49.931962502505584,49.1329914230003,49.28233337402344,7495086
2018-08-10,49.20767549602609,49.6556954980095,49.04340169431005,49.33461380004883,7796806
2018-08-13,49.37940376532219,49.94689600010007,49.3345993900761,49.8199577331543,9973606
2018-08-14,49.737831294732054,49.991710882309754,49.47648580184868,49.62582778930664,6912608
2018-08-15,49.82743416927452,50.45466271846736,49.63329079100402,50.305320739746094,11413873
2018-08-16,50.47706767674335,51.52245564565071,50.30532498375839,51.41044616699219,19378358
2018-08-17,51.35817575199958,51.701661137160286,51.29844253781386,51.567256927490234,8223761
2018-08-20,51.522444711603896,52.433416336526435,51.470174428700844,52.39608383178711,10919426
2018-08-21,52.42595313990245,52.45581675540162,51.58964652889129,51.64937973022461,10285701
2018-08-22,51.656840047416445,51.82111378674245,51.41042645326044,51.55229949951172,6176178
2018-08-23,51.42536932817853,51.664308087890696,51.32829765845114,51.50003433227539,5806654
2018-08-24,51.52243588896807,51.709110321368804,51.350693261839155,51.55229949951172,5194098
2018-08-27,51.776329617189454,51.8435317187596,51.17149876238626,51.514984130859375,5327822
2018-08-28,51.41043235804732,51.425370135368816,51.05948414601214,51.246158599853516,6219251
2018-08-29,51.059483206792535,51.44776988465441,50.97734334403924,51.38056182861328,5753206
2018-08-30,51.268569322331146,51.47764451270991,51.0370934319238,51.1789665222168,4972341
2018-08-31,51.03708395331702,51.33576188833967,50.89521088937269,51.21628952026367,6018978
2018-09-04,51.052030567858466,51.081900161124686,50.72348295293941,50.7384147644043,6045178
2018-09-05,50.73841059453566,51.29097115803523,50.70854697406019,51.23870086669922,6664337
2018-09-06,51.50004147667931,51.925666687017234,51.388037984661636,51.80619430541992,10099995
2018-09-07,51.6419193760274,52.104877136797086,51.41044348081054,52.022743225097656,9971930
2018-09-10,52.26914124607857,52.70969822472761,51.91819302313881,51.94059371948242,7616759
2018-09-11,52.11981045028679,52.11981045028679,51.57471876209581,51.58218765258789,6094644
2018-09-12,51.82112861947126,52.28408635941773,51.61205343415234,52.164608001708984,6382320
2018-09-13,52.388621942631296,52.9710520807984,51.95553378404588,52.888912200927734,10750594
2018-09-14,53.18211650572626,53.18211650572626,52.370176988752334,52.61075210571289,7792928
2018-09-17,52.51302026136236,52.971616972733806,52.36265930427321,52.94154357910156,7018770
2018-09-18,52.93402372792548,53.30240626947227,52.5506074950986,52.94154357910156,7126819
2018-09-19,52.7385535039863,53.05430909638102,52.3551372870224,52.61075210571289,8325522
2018-09-20,52.88891707611863,53.24977976944444,52.66338164971009,53.21219253540039,6435454
2018-09-21,53.30992531470345,53.813629103372186,53.30992531470345,53.45276641845703,17850689
2018-09-24,53.317440397367,53.60312261153258,53.09941881112398,53.21219253540039,6747862
2018-09-25,53.26480182647798,53.66325162185029,53.01670692854476,53.11444091796875,6770499
2018-09-26,53.324951453800445,53.4903460762458,52.761106969700975,52.87387466430664,7260963
2018-09-27,52.87387030327995,53.51289520143359,52.68592215741538,53.16707229614258,6315458
2018-09-28,53.16708292770328,53.52794560390861,53.11445599368069,53.33247756958008,7135622
2018-10-01,53.43020095908925,54.04667232083411,53.08437204236174,53.776023864746094,7994668
2018-10-02,54.10682377986146,54.25718473086745,53.445245213150024,53.941429138183594,10894589
2018-10-03,54.19702420842602,54.445113075006574,53.640693701280824,53.65572738647461,10037325
2018-10-04,53.467795907894384,53.64823024170904,52.971612009279255,53.54297637939453,10837054
2018-10-05,53.55048068083533,53.896303536036314,53.061810763511374,53.40011978149414,7790308
2018-10-08,53.32494269039924,53.90382677935996,53.29486930642293,53.723392486572266,9279830
2018-10-09,53.72339482709613,54.625554308197984,53.35501839885065,54.384979248046875,8249122
2018-10-10,54.49023719453123,54.798478931561,52.91898517387127,52.96409225463867,13259191
2018-10-11,52.903945915651725,53.02423345539462,50.986859118388075,51.40034866333008,13491952
2018-10-12,51.648440171205515,52.67088118575599,51.437938493367255,52.482933044433594,10648938
2018-10-15,52.016822622642245,52.78366098611113,51.821360620581295,52.219810485839844,6896783
2018-10-16,52.51301534087844,53.6106370004232,52.43783486937829,53.54297637939453,10719992
2018-10-17,53.44524961219231,54.08427468995775,53.227228018609964,53.99406051635742,9793036
2018-10-18,54.24213581897464,54.430083949454925,53.693325113986944,54.2872428894043,12812848
2018-10-19,54.35491621891092,54.62556471591472,54.084267721907125,54.39250946044922,15210043
2018-10-22,54.858619162308436,55.24955520654033,54.01660630377054,54.55790328979492,12486186
2018-10-23,54.24966096798749,54.44512295525613,53.542969436381306,54.20454788208008,12116871
2018-10-24,53.99405008740315,54.61052751376819,52.798694484864804,53.0317497253418,15348170
2018-10-25,50.32527231610199,53.05429204057466,49.693761334329665,52.59569549560547,21553692
2018-10-26,52.4528696631686,53.212188233550556,51.7837712671285,52.92650604248047,17764229
2018-10-29,53.655738387107625,54.90372085721552,53.03926700172714,53.715885162353516,19743901
2018-10-30,53.896315929144414,54.851102449545074,53.75347484524584,54.7834358215332,19845976
2018-10-31,55.1894027151223,56.001348110149465,54.70825256002658,55.33976364135742,16624529
2018-11-01,55.48260184247789,55.66303614682289,54.633075276526405,54.971378326416016,14507988
2018-11-02,55.30968171741828,55.407415703279796,53.8436839516354,54.33234786987305,13517838
2018-11-05,54.09929822380522,55.30968738737617,52.71598859406201,54.971378326416016,12922364
2018-11-06,54.83607037149825,55.48261526391745,54.69322926774536,55.11423873901367,10737913
2018-11-07,55.70815671041602,56.63286395951561,55.5126886713205,56.444915771484375,19566684
2018-11-08,56.302076770958244,56.90351460176916,56.09909488428768,56.74563980102539,13634690
2018-11-09,57.03130138796782,57.129035375810936,56.23439579904322,56.279502868652344,15359802
2018-11-12,56.48250195710985,56.58774980349707,55.65552281983369,56.15170669555664,14679022
2018-11-13,56.55015311963612,56.58774034183158,55.64047982737561,56.091556549072266,16587430
2018-11-14,56.34717886211169,56.35469871279032,55.39239826879388,55.70063400268555,9936193
2018-11-15,55.2570693893693,56.28703031397151,54.97890107447708,56.26447677612305,12549171
2018-11-16,56.189316166873894,57.324531343266514,56.04647503967183,57.18169021606445,14384010
2018-11-19,57.30194168431343,57.595137595161916,56.82830549849672,57.3996696472168,17210675
2018-11-20,57.144071149161526,57.40719973887214,56.12163017484694,56.219364166259766,14240014
2018-11-21,56.324628398537335,56.43739610951952,55.76829767257188,56.22689437866211,9489116
2018-11-23,55.73069568113587,56.610295616012685,55.640481536239875,56.13666534423828,3690846
2018-11-26,56.37724041450474,56.94860468037291,56.226879498938246,56.71554946899414,11407061
2018-11-27,56.43739476271328,57.527502646433724,56.43739476271328,57.392181396484375,15325533
2018-11-28,57.73799626766116,58.159005671304605,57.339546413581154,58.06127166748047,12625675
2018-11-29,58.03120512640129,59.00102542922006,57.971064353682344,58.57250213623047,11429174
2018-11-30,58.51987270624634,59.7603354499797,58.42965253440985,59.64756774902344,22380669
2018-12-03,59.782885547616644,59.82799262540169,58.85065858089301,59.557350158691406,13183106
2018-12-04,59.617505585833634,60.28660408930075,58.7153517861431,58.79804611206055,15482942
2018-12-06,57.85828907797304,58.9183235168457,57.001242515085174,58.9183235168457,17329518
2018-12-07,58.80555531086957,58.86569608145348,57.21174374093054,57.677860260009766,13228799
2018-12-10,58.226677993710574,58.47477297807959,57.031322180063896,58.204124450683594,16163618
2018-12-11,58.580009446186104,58.87321145957204,57.54252863555108,57.9710578918457,13867660
2018-12-12,58.46725764647496,59.21153664604565,58.429664397809056,58.64768600463867,11219678
2018-12-13,58.82811070924141,59.452102030499034,58.64016253000723,59.39947509765625,11272498
2018-12-14,58.922512509018375,59.07392745052765,57.71120508335992,57.90047073364258,13896375
2018-12-17,57.514370182758896,58.210876532535856,56.67402749943364,56.954139709472656,15831822
2018-12-18,57.23424699106388,57.370516788200014,55.68983174402611,56.27277374267578,16163828
2018-12-19,56.53774188242471,56.96926892214783,55.31886216401531,55.84880828857422,19765594
2018-12-20,55.60656424800781,56.12137146406098,54.99334396954689,55.63684844970703,20321454
2018-12-21,55.22803850143453,56.36363867458511,54.67538051724107,55.190181732177734,37919994
2018-12-24,54.91006418009012,55.19017640076989,53.66847243680993,53.86531066894531,11565833
2018-12-26,53.72904490944585,56.04566848794102,53.72904490944585,56.02295684814453,14074011
2018-12-27,55.477869520886344,57.06771469116211,55.08419905067414,57.06771469116211,13577154
2018-12-28,57.446219594687584,57.97616572266972,56.651300402714384,57.060115814208984,13180696
2018-12-31,57.400833446490545,58.06704979132626,57.2797026516831,57.84749984741211,9687502
2019-01-02,56.99959479840921,57.529541310520145,56.47721479998379,57.22671127319336,15120125
2019-01-03,57.20397318253523,57.514369590063296,55.90939171506761,56.0532341003418,13910628
2019-01-04,56.58318903154119,57.91562746680442,56.50748154561373,57.74150085449219,14753115
2019-01-07,57.65065945836507,57.892921013756784,57.09042885487053,57.105567932128906,15795142
2019-01-08,57.43867313827425,57.69607981105173,56.99957938800132,57.52952575683594,11896686
2019-01-09,57.45380436658587,57.771773321593486,57.022277232364054,57.09041213989258,11916284
2019-01-10,57.294810911343156,57.294810911343156,55.62169838294242,56.38633346557617,19134070
2019-01-11,56.552904030520466,56.73460320483068,56.13651589038486,56.70431900024414,9878029
2019-01-14,56.24251719846755,56.356075418576616,55.341605843708884,55.546016693115234,15669486
2019-01-15,55.3415853434272,56.69673512984161,55.3415853434272,56.4014778137207,13102096
2019-01-16,56.58317175135744,57.36295195973973,56.378760996458304,56.4847526550293,15272504
2019-01-17,56.25762695671335,57.36294858481308,56.25762695671335,57.23424530029297,16969321
2019-01-18,57.643093414920536,57.78693585138322,57.13585860425575,57.438682556152344,14980741
2019-01-22,57.211551801701404,57.68850228196795,57.05256427280669,57.408390045166016,10568766
2019-01-23,57.1964048825371,57.31752957383315,56.58317859685807,57.11312484741211,14369233
2019-01-24,56.90115731319285,56.90115731319285,54.796511023257764,55.39459228515625,21986621
2019-01-25,55.88667302475377,55.90181209642685,54.59965822990526,55.228023529052734,14054099
2019-01-28,54.88735706782411,55.31888428006841,54.54667641537674,55.205326080322266,13376672
2019-01-29,55.190179798069146,55.78069453082516,54.99334760702595,55.44001388549805,11966693
2019-01-30,55.614151625180675,55.87912484090851,55.28104347738739,55.546016693115234,13941230
2019-01-31,55.37945912561339,56.64375670496303,55.349174917758106,56.3484992980957,16797658
2019-02-01,57.51437338664626,58.66511859800972,57.0298503614845,57.87776565551758,15941757
2019-02-04,57.49923934970385,58.210884875212294,57.294828532276085,58.19573974609375,11824165
2019-02-05,58.58184910163775,59.33891797805499,58.339587545441006,58.40772247314453,12955690
2019-02-06,58.173035931082374,58.839252212063904,58.01405442641493,58.58942413330078,8375721
2019-02-07,58.248733063058346,58.39257546418599,57.620367615351526,58.15788650512695,9661407
2019-02-08,58.10489727298952,58.702978585031424,57.96862742058792,58.68783950805664,9266940
2019-02-11,58.89981542981739,58.93009963624536,57.69608026970148,58.07461166381836,13803942
2019-02-12,58.51371861963991,59.75531070278326,58.377448753879456,59.444908142089844,13676086
2019-02-13,59.47516833545442,59.93697965388242,59.39189435774229,59.823421478271484,10980106
2019-02-14,59.9067055569429,60.2246745554744,59.57359748351322,59.76286315917969,8577042
2019-02-15,60.3079544093614,60.66377412061537,60.01269705071701,60.421512603759766,10886100
2019-02-19,60.40637838492024,60.66377899731826,59.86885946620961,59.989990234375,9653547
2019-02-20,59.80826668093578,60.217088153438645,59.66442433068725,60.13380813598633,8993517
2019-02-21,59.94455979716169,60.58806427794383,59.921848159167425,60.436649322509766,7740633
2019-02-22,60.39122761260672,61.216431271950874,60.39122761260672,61.14829635620117,8337469
2019-02-25,61.21642338215224,61.314842487731156,60.557779894918305,60.853031158447266,9741265
2019-02-26,60.9590372261871,61.398137023535206,60.56536071088063,61.12559127807617,8927912
2019-02-27,60.97417204070312,61.54197513295567,60.89089804718359,61.03474044799805,7852978
2019-02-28,60.96661108769702,61.897800495775485,60.96661108769702,61.5419807434082,11588365
2019-03-01,61.89780184568754,62.026505185822714,61.45113551756344,61.81452178955078,10624205
2019-03-04,62.102207249231164,62.17034216927388,60.966607088892374,61.6025390625,8522755
2019-03-05,61.68582098096218,62.102209131455254,61.488982726066936,61.85237503051758,8698190
2019-03-06,61.776662172931594,61.89779293055074,60.79247703722924,61.140724182128906,8167169
2019-03-07,61.34513998043545,61.4057023375735,60.59564373494623,60.90604019165039,10925505
2019-03-08,60.72432374690982,61.01957496103656,59.84612450659681,60.41392135620117,11716326
2019-03-11,60.83789893530343,61.34513359300751,60.61834906377105,61.224002838134766,9126613
2019-03-12,61.45114729445457,61.74639869702815,61.15588983867035,61.4965705871582,9261281
2019-03-13,61.78422966784979,62.08705351044831,61.466260698536075,61.77665710449219,8059749
2019-03-14,61.97484842786632,62.31784097372858,61.685211361455806,62.1120491027832,8530406
2019-03-15,62.11964868663505,62.432151424551485,61.58610623764898,62.173004150390625,17341046
2019-03-18,61.94433827607897,62.371175876590314,61.67756706111611,62.00531768798828,14357914
2019-03-19,62.150142559356084,62.500758978149,61.70806310758597,62.43215560913086,10224393
2019-03-20,62.38643264182416,63.04955191035049,62.02819831738234,62.56174087524414,11894590
2019-03-21,62.5769859944015,63.39254160439252,62.386429865685216,63.224857330322266,9473291
2019-03-22,63.194370987594986,63.60596079030858,62.51600990359878,62.7218017578125,10639191
2019-03-25,62.554114273796245,63.07241500021496,62.43978547175014,62.76753616333008,7878654
2019-03-26,63.08002785865555,63.62119425031507,62.93520937010269,63.20198059082031,9242731
2019-03-27,63.20199493955013,63.308699795491506,62.35594957254366,62.7218017578125,10020766
2019-03-28,63.10292126093504,63.186760372993724,62.63797588496782,62.9809684753418,7161298
2019-03-29,63.26297089025298,63.4916346097946,63.04193112298199,63.392547607421875,10147994
2019-04-01,63.819378995280935,63.91084813932237,63.21723912534492,63.491634368896484,8820282
2019-04-02,63.61358471246907,63.81175870892097,63.18674700604511,63.42303466796875,5875088
2019-04-03,63.468747563645415,63.76600847108007,63.07239968706587,63.400150299072266,6550734
2019-04-04,63.27059554125047,63.41541407027355,61.898625397422194,62.386436462402344,10257719
2019-04-05,62.47789015187467,62.62270864507221,61.822388862966385,61.85287857055664,10324162
2019-04-08,61.70808629501656,61.93675005766749,61.243140910294265,61.700462341308594,10586267
2019-04-09,61.41079334773111,61.72329606176986,61.174511848335726,61.58610153198242,10785282
2019-04-10,61.631840120278525,61.98245652904915,61.47177981714371,61.601356506347656,6894268
2019-04-11,61.68519642918648,61.68519642918648,60.511400542537764,60.854393005371094,10410518
2019-04-12,60.98395325789628,61.31169773092597,60.44278697625172,60.541873931884766,10164762
2019-04-15,60.450440913004385,60.58763549150146,59.810187358111655,59.855918884277344,13822491
2019-04-16,60.38944626126742,60.435177775906865,59.00985858869427,59.11656951904297,12531250
2019-04-17,59.15467309819589,59.16229704821721,56.212565798401734,56.34213638305664,34181463
2019-04-18,56.0067681576554,56.44122361373039,55.05401207774208,55.785728454589844,32768445
2019-04-22,55.76286389932807,56.25829877794982,55.44273721577899,55.99152755737305,14548441
2019-04-23,56.174454410886966,57.355874186236626,55.945796843860144,56.86043930053711,19281523
2019-04-24,56.95954132080078,57.24917837838502,56.387891157974984,56.95954132080078,12779102
2019-04-25,56.84521462240215,58.55255341064281,56.75375156803236,58.18669509887695,13994154
2019-04-26,58.41534796025612,58.68211924322141,57.99614029722937,58.40773010253906,8888193
2019-04-29,58.377222841985414,58.82692008357047,58.29337767801025,58.52204132080078,7395317
2019-04-30,59.11656061275056,60.13791387058461,57.9275170341222,59.99309539794922,11269039
2019-05-01,59.977847594477495,60.77054331482262,59.77967366439121,60.00071334838867,15288643
2019-05-02,59.91688232280701,60.84676659712277,59.91688232280701,60.6104850769043,11579142
2019-05-03,60.62574233243348,61.083063636877974,60.40470258466624,60.97635269165039,7942582
2019-05-06,59.85591080908358,60.81629101185726,59.680602586241676,60.58000946044922,9906534
2019-05-07,60.13031093735,60.43518979366756,59.009870323024934,59.375728607177734,10523387
2019-05-08,59.70346682808875,59.99310993784133,59.37572224502261,59.58913803100586,10567508
2019-05-09,59.208035677092404,59.84066515351015,58.872667155824395,59.70346450805664,8105861
2019-05-10,59.51291080916986,59.703460816550056,58.54491287133609,59.59675598144531,9027158
2019-05-13,58.552556987041356,59.09372358226163,58.552556987041356,58.81932830810547,9641705
2019-05-14,59.162318741837126,59.51292915711071,58.96414472289314,59.0098762512207,8113826
2019-05-15,58.5906584220983,59.36048868079826,58.53730294462112,59.10895919799805,7284543
2019-05-16,59.27662582908655,60.89250101087723,59.24613612328484,60.3132209777832,9910831
2019-05-17,59.76443185987846,60.26748454020849,59.3375942963963,60.00071334838867,8259707
2019-05-20,59.726325128564575,60.419933964245516,59.64248605260258,60.12267303466797,8281191
2019-05-21,60.27512245282485,60.77055739281205,59.85590874162688,60.59524917602539,10873734
2019-05-22,60.480917667279726,61.85288144109358,60.45042795827447,61.723304748535156,13491847
2019-05-23,61.43368788350238,61.88339143229264,61.288869336119866,61.753814697265625,9831498
2019-05-24,61.967212893591544,62.45501773922736,61.82238830741049,61.868125915527344,6071588
2019-05-28,62.02819548708344,62.455027076182446,61.151660454265226,61.17452621459961,13779733
2019-05-29,61.06781854940263,61.258374688136044,60.02359918663117,60.48854446411133,11278890
2019-05-30,60.640974106892,60.839148061358856,60.35896107586447,60.73243713378906,7483768
2019-05-31,60.465681036840415,60.915384522068706,60.06171517078843,60.37421798706055,7142749
2019-06-03,60.709580962086086,61.67757903624183,60.6104939692085,61.17452621459961,9218103
2019-06-04,61.54801807029696,61.990097631749585,61.060206981009486,61.79954147338867,9368806
2019-06-05,62.02819902246922,62.706560108196406,61.79953531180657,62.26448059082031,9821961
2019-06-06,62.6227000436281,62.836115778876625,62.06628581009986,62.073909759521484,11393961
2019-06-07,62.36357591812624,63.171513823892596,62.36357591812624,62.85138702392578,8797436
2019-06-10,63.019043999754395,63.019043999754395,62.23397219914821,62.866607666015625,7536273
2019-06-11,63.179136776835776,63.57548481759593,62.84376207619194,63.24773406982422,7789679
2019-06-12,63.36964849767193,64.23093525670613,63.36964849767193,63.80410385131836,11057762
2019-06-13,64.07091529384121,64.16237835332838,62.90474300251876,63.1867561340332,10194001
2019-06-14,63.46296603663242,63.96938475488199,63.271143367290364,63.51667785644531,7989952
2019-06-17,63.45529288616517,63.93868696086864,63.32485078069456,63.91566848754883,6427279
2019-06-18,63.86196384672676,64.96686909518246,63.86196384672676,64.8287582397461,11425086
2019-06-19,64.64461140095781,65.6497679859424,64.61391805138092,65.49630737304688,9825419
2019-06-20,65.9719995935871,66.37099453217432,64.69829064500708,64.91313171386719,12490483
2019-06-21,64.79038794802258,65.04359730986727,64.17655171854156,64.89013671875,15034294
2019-06-24,65.19705810025818,66.01039187367998,65.02057903343272,65.61139678955078,7891440
2019-06-25,65.64206487543373,66.18684552235476,65.07427189496616,65.40420532226562,9348894
2019-06-26,65.35818105398079,65.37352465764806,63.75453213874507,64.09981536865234,12604401
2019-06-27,64.19956704966685,64.98220743705342,63.992400783293334,64.32233428955078,11721670
2019-06-28,64.42975088806284,64.80572743632695,63.67012905768354,64.33767700195312,46684837
2019-07-01,64.70598687079121,65.16636249459357,64.36837235401414,65.02825164794922,10260863
2019-07-02,64.80573788620472,65.61139678955078,64.52951004834696,65.61139678955078,10381593
2019-07-03,66.03341686338348,66.80838249786817,65.97970503753056,66.67794036865234,6533232
2019-07-05,66.50914324693943,66.60121716679704,65.59606051504647,65.68046569824219,8767358
2019-07-08,65.22774696301646,65.60372358143123,64.06913603165616,64.48347473144531,13693273
2019-07-09,64.63691509265549,65.38119329686516,64.52182273864926,65.11264038085938,8490791
2019-07-10,65.06661135198355,65.30447095751808,64.72132811298822,65.08195495605469,5996132
2019-07-11,64.06912918377529,64.1995651544974,61.21478940698706,62.1508903503418,22146126
2019-07-12,62.03581204118395,62.07417412715115,60.33241395145904,61.17644119262695,18910636
2019-07-15,61.843984670465986,62.35807221753281,61.47568286950815,62.12021255493164,10922570
2019-07-16,62.39642565592144,62.74937763051355,62.066486020011,62.60359191894531,8448662
2019-07-17,62.88748197230871,63.17905333686333,62.595910607754085,62.856788635253906,9848999
2019-07-18,63.23278305626949,63.65479048663191,62.61127194602634,63.44762420654297,8472661
2019-07-19,63.45528285058,63.54735672929754,62.265972755527535,62.45012664794922,12053782
2019-07-22,62.67266383095934,62.780081347503256,62.18926353405137,62.31203079223633,7261697
2019-07-23,62.519175399755596,63.24810375362864,62.06646865262227,62.94118881225586,7420469
2019-07-24,62.91820442395304,63.156064092474864,62.242981371228595,62.726375579833984,7720197
2019-07-25,62.49619078287392,63.73153221986428,62.18926954027482,62.726375579833984,9670106
2019-07-26,62.595922018035324,62.63428409510684,62.08183460234929,62.4808235168457,7638977
2019-07-29,62.994930165295834,63.532036165896265,62.61895351088001,63.29417037963867,11123682
2019-07-30,64.44509240865025,65.35049990778025,63.54735977811047,63.892642974853516,14286965
2019-07-31,63.60874530150343,64.9515161206176,63.562708356331925,63.67780685424805,12443428
2019-08-01,63.731519794595684,64.83642500955646,63.409261141680005,64.21492004394531,10550006
2019-08-02,64.36071469544271,65.0436064463539,64.10750529803043,64.81341552734375,10913767
2019-08-05,64.33770097573264,64.71367152910537,63.04097281320505,63.7775764465332,11885578
2019-08-06,63.777551520537585,64.8210698590892,63.762201783140654,64.72132110595703,11025274
2019-08-07,64.61392182197181,64.98222363342026,63.53204100239446,64.64461517333984,11509660
2019-08-08,65.02824341443338,65.25842812969591,64.69830380924095,65.01289367675781,8699762
2019-08-09,65.29679049971611,66.07175586344367,64.9975442616479,65.61904907226562,8968260
2019-08-12,65.39655568882742,65.9336616247734,64.85177488280024,65.23542022705078,8761909
2019-08-13,65.57301889198098,66.59352492686038,65.57301889198098,66.04874420166016,8413658
2019-08-14,65.50397399289044,65.86460086627805,63.9540367218589,63.99240493774414,11411148
2019-08-15,64.0845043766434,64.33771384342661,63.60111006277597,64.03846740722656,9543612
2019-08-16,64.79807034783937,65.49630568908067,64.56787943441448,65.26612091064453,9156271
2019-08-19,65.67277258694449,66.39403240715166,65.56535508860735,66.13314819335938,7655221
2019-08-20,65.99503885930949,66.54749450761597,65.66509921726704,65.71881103515625,6176598
2019-08-21,66.20988253558801,66.94648600492644,66.08711529069828,66.68560791015625,6486072
2019-08-22,66.56285154759101,66.90813486373033,66.1792061452091,66.53983306884766,6588776
2019-08-23,66.15613489339945,66.70859026375362,64.82104566251547,65.17400360107422,10608694
2019-08-26,65.51164125568496,65.9106362986255,65.28145039206832,65.8952865600586,6041825
2019-08-27,66.30961542627334,66.69326680904793,65.56534340016506,65.61904907226562,6527049
2019-08-28,65.41957977795212,66.42473631033334,65.2507694316081,66.35567474365234,6159934
2019-08-29,66.8083860775128,67.0232272574471,66.12549431647827,66.53983306884766,6321012
2019-08-30,66.84673728770734,66.92346758269741,66.11780868778371,66.3479995727539,6795127
2019-09-03,66.171524567684,66.76234235386754,66.0180639682884,66.48611450195312,6695882
2019-09-04,66.86206299891074,66.88508146563662,65.54231712334108,66.02571105957031,7868070
2019-09-05,66.47841785934666,66.49376759525211,65.6037037722457,66.06407928466797,7524954
2019-09-06,66.40170229231664,66.70094242628231,66.22522325152495,66.42472076416016,7047695
2019-09-09,66.37102263538947,66.38636624145285,63.62410610582,64.0461196899414,12040786
2019-09-10,63.21742662608608,63.21742662608608,60.501203851884235,62.680320739746094,18087432
2019-09-11,62.81075469400686,63.76987397658659,62.62660079787804,63.624088287353516,10602197
2019-09-12,64.05377962954545,64.51416136808784,63.52434860570557,63.923343658447266,8416698
2019-09-13,64.08554487192933,64.54898002124916,63.42901225837283,63.80748748779297,7521496
2019-09-16,63.68389734749374,63.68389734749374,63.096879087772614,63.3594970703125,6191270
2019-09-17,63.43674975412143,64.49492923962329,63.43674975412143,63.73025894165039,7375405
2019-09-18,63.8538459039999,64.32500704264177,63.62985106183373,64.12418365478516,6943734
2019-09-19,64.12416784203636,65.11283278413862,64.01603029808422,64.85794067382812,6922774
2019-09-20,65.45270829568364,66.32551013217285,65.1283017232032,65.77711486816406,23631247
2019-09-23,65.58396862571837,65.82341509283073,65.1437050542242,65.1591567993164,8909572
2019-09-24,65.30593790708876,65.56082387153431,64.40995865428394,64.57215881347656,9377085
2019-09-25,64.47174830734635,64.90428614881553,64.07010161472535,64.18595886230469,7290936
2019-09-26,64.58761351857642,64.95063705625878,64.13962387168657,64.78843688964844,8104918
2019-09-27,64.7884552626461,64.87341522018667,63.78433812253401,64.03923034667969,7827093
2019-09-30,64.27090810392102,65.7307337435723,64.27090810392102,65.02012634277344,9806974
2019-10-01,65.02015115926153,65.3445576669746,64.52581860955785,64.57988739013672,7050001
2019-10-02,64.16277854231355,64.27091607561061,62.20862029925301,63.04280471801758,8762433
2019-10-03,63.28225883316835,64.01603168080936,63.050538166448334,63.907894134521484,5790095
2019-10-04,64.43311790215613,65.74618920566726,64.2322945783035,65.65350341796875,7504518
2019-10-07,65.67669033996684,65.73847882107184,64.84250570260787,65.18235778808594,5086154
2019-10-08,64.71891136528983,65.19779208220594,64.17051012749054,64.33271026611328,6416694
2019-10-09,65.01240664546586,65.25957282598081,64.51807428443595,65.02012634277344,4660875
2019-10-10,64.98926274302315,65.53765792063506,64.56444453228002,64.69574737548828,8580290
2019-10-11,65.11282376144447,65.99335103757979,65.0819264423454,65.14371490478516,6229626
2019-10-14,65.16690386170076,65.73847662771261,65.10511538265733,65.41407012939453,5513214
2019-10-15,65.5762939429202,65.73077444533882,65.33685348720451,65.6844253540039,5205102
2019-10-16,65.6998444467839,65.72301589305076,65.20551202541283,65.22868347167969,5686134
2019-10-17,65.20553342965104,65.38318535985167,64.6803035155937,64.72664642333984,7178486
2019-10-18,64.65710943354331,65.58397961560883,64.61849241585662,65.40633392333984,7883056
2019-10-21,65.63033086449056,65.6998452040924,64.94290099105228,65.28275299072266,5352136
2019-10-22,63.336341237249,63.86156498030214,61.9846463207828,62.7956657409668,18629038
2019-10-23,62.78791393869834,64.00829315185547,62.68750228721297,64.00829315185547,8511961
2019-10-24,64.19370113296308,64.60306762947175,63.36723608711965,63.78432846069336,5232769
2019-10-25,63.544873397258705,63.992863000176065,63.35950179647062,63.537147521972656,7868384
2019-10-28,63.90017917021972,64.47175191654081,62.05415192614276,63.490806579589844,15557665
2019-10-29,64.9197393118565,66.24826266768476,63.87701161023667,65.73075866699219,17371019
2019-10-30,65.6535093095519,66.80437441210762,65.12827950586286,66.5958251953125,10026845
2019-10-31,66.50314777137005,67.19057780462741,66.0474384330831,66.9356918334961,12419429
2019-11-01,67.2523599592056,67.3836689461901,65.4912990617577,65.60716247558594,9281298
2019-11-04,66.1092166631515,66.19418275752858,64.78842558115257,64.80387115478516,8947195
2019-11-05,64.62622080350401,64.68801545102174,63.90017383760626,64.04692840576172,9937974
2019-11-06,64.54126540386108,64.85022013581347,64.20913304564651,64.30181884765625,9735606
2019-11-07,64.28638236128741,64.87340075802057,63.85384444025054,64.01604461669922,9251325
2019-11-08,64.0392080203248,64.65712366967325,63.88472756404774,64.56443786621094,6653123
2019-11-11,64.2322973513886,64.6030466939477,64.07781691471588,64.32498931884766,3725221
2019-11-12,64.55670081067737,65.51446835736039,64.55670081067737,64.97379302978516,8616656
2019-11-13,65.30594513531369,65.73848305820836,64.96609302793065,65.51448822021484,6516883
2019-11-14,65.59170669015082,65.7925300076182,64.649384743154,65.30592346191406,7911247
2019-11-15,65.41404190190157,66.11692337424306,65.37542489113346,65.57624816894531,9675870
2019-11-18,65.39089564583172,65.51447877394848,64.76526030557545,64.98152923583984,10701757
2019-11-19,65.19007504728474,65.61489322610481,64.85794885029159,65.3831787109375,9691380
2019-11-20,65.29048777404792,66.02426688584814,65.22869929426774,65.862060546875,8160147
2019-11-21,66.19418208178335,66.24825085258415,65.08965374495277,66.00880432128906,7195568
2019-11-22,66.15555763312787,66.70395885386168,65.90067170893812,66.00108337402344,7800159
2019-11-25,66.45679515826713,66.88161328243402,65.91611979142169,66.19418334960938,9021289
2019-11-26,66.42589304468295,67.53814102146505,66.35637870408884,67.46090698242188,19233420
2019-11-27,67.50724872724662,67.87027217245453,67.19056199922073,67.66944885253906,6037318
2019-11-29,67.32961397891805,67.79304920195729,67.22147641737946,67.33733367919922,4880222
2019-12-02,67.61539726028218,67.96297522138319,66.85072698101199,67.22920227050781,5597997
2019-12-03,66.95113820738722,67.56132801625947,66.81210949420422,67.49181365966797,7466162
2019-12-04,67.60765617849715,68.53453259155468,67.33731851130513,68.48818969726562,7293766
2019-12-05,68.53454221795585,68.58088511875425,67.94752390682983,68.54998779296875,8267462
2019-12-06,68.74309267707467,68.92847047599828,68.54999517769285,68.62723541259766,7245872
2019-12-09,68.66585984679288,68.74309390731952,68.12517819278305,68.52682495117188,8054823
2019-12-10,68.43413278894326,69.152460126434,68.3646184354622,68.82032775878906,8663711
2019-12-11,68.85121372628707,69.12155139572991,68.62721895151914,68.72763061523438,6821746
2019-12-12,68.7739846432725,69.4845922786802,68.67357296330228,69.18335723876953,6863876
2019-12-13,69.3699933974382,69.67329398416028,68.7789499267633,69.36222076416016,7571800
2019-12-16,69.7199727647984,69.99216423478546,69.35445992638336,69.44000244140625,10355183
2019-12-17,69.47109319681131,69.56441454046846,68.84116790901892,69.23001098632812,11690545
2019-12-18,69.4866517301208,69.99214649304403,69.31555430722864,69.69662475585938,11578199
2019-12-19,69.90659751780366,70.06213100530118,69.59551810659644,69.98436737060547,7602716
2019-12-20,71.12756630546534,72.04524683935546,70.64540192255342,71.22089385986328,17849641
2019-12-23,71.41532029169748,71.5630811570175,71.11201970979641,71.34532928466797,7895946
2019-12-24,71.2675544762854,71.33754547845349,70.82427191111476,71.11201477050781,2343223
2019-12-26,71.23644108460485,71.32976241531783,70.82426772855206,71.03424072265625,3062675
2019-12-27,71.29867201570129,71.3142235008589,70.97981993416903,71.15868377685547,3758966
2019-12-30,71.18199484209659,71.30642534399011,70.55984233262896,70.79315185546875,3932934
2019-12-31,70.70762669301334,70.76206622160127,70.3343350631197,70.73095703125,4710760
2020-01-02,70.83206050459252,71.6564136692411,70.2799049954431,71.57864379882812,8251428
2020-01-03,70.52099645184995,71.60198349013167,70.38878703306916,70.96427917480469,5903698
2020-01-06,70.94871837976503,71.34534036597515,70.7620694472563,71.26757049560547,7522963
2020-01-07,70.61429269800409,70.86315374004631,69.30777533633545,69.36998748779297,11132275
2020-01-08,69.28445947041209,69.60331158121721,68.75562809111408,68.90338897705078,15200506
2020-01-09,69.17558467074069,70.03104706588088,69.04337526324613,69.50999450683594,9714750
2020-01-10,69.77439355677919,70.07769414079338,69.56441431612119,69.62663269042969,5945304
2020-01-13,69.61883994595426,69.70438863902969,69.22999694749673,69.6110610961914,10261492
2020-01-14,69.42442481305325,69.93769836425781,69.1133516293824,69.93769836425781,8625669
2020-01-15,70.06993659149484,71.24425124608648,70.06215773781479,71.18981170654297,9614038
2020-01-16,71.43865187136097,71.59419159065048,70.8087203609131,70.90982055664062,7252474
2020-01-17,70.98759559651599,71.25978701608214,70.66096464941519,70.74651336669922,10131226
2020-01-21,70.5520972194924,70.7465187886389,69.76662587223852,69.96882629394531,10022129
2020-01-22,70.12436390485098,70.34989465927532,69.6966327348664,69.71996307373047,7800474
2020-01-23,69.72772315706307,69.72772315706307,68.63895772152203,68.87226104736328,13198093
2020-01-24,68.92669319690998,69.08223287625287,66.55473485029862,66.86581420898438,14954960
2020-01-27,66.18146606730497,67.27800429114612,65.87816548240767,66.95915222167969,10847534
2020-01-28,67.2235588748265,67.43353186015969,66.80360668605462,67.07579803466797,9496347
2020-01-29,67.34800387228614,68.56120003619698,67.21579448545188,67.8457260131836,8511227
2020-01-30,67.62019441879279,67.76017643734846,67.03692357193069,67.27023315429688,11016471
2020-01-31,67.17690254083061,67.4024332614474,66.10369467774447,66.44587707519531,9621583
2020-02-03,66.91248298204236,68.60784952536326,66.91248298204236,67.9234848022461,9729318
2020-02-04,68.7711767791256,69.3699991508503,68.48343387130798,68.71674346923828,15091305
2020-02-05,65.85484707023281,67.45688655896936,65.32601566374635,66.74919128417969,29290133
2020-02-06,66.89694135251692,67.06025370700819,66.30589787402525,66.63252258300781,16110170
2020-02-07,66.79582491939126,66.83470673116443,65.97147205961127,66.1658935546875,11419427
2020-02-10,66.16591239778158,66.86583495386797,66.05703956294819,66.61697387695312,10590983
2020-02-11,66.77251038493515,66.88138321451893,66.06480901116046,66.2981185913086,10252689
2020-02-12,66.13479528049355,66.28256235667291,64.47053780539771,64.74272918701172,19630926
2020-02-13,64.49387621090402,64.49387621090402,63.34289838769353,63.74729919433594,19388734
2020-02-14,63.949484520296615,64.39277330668578,63.513980802788915,64.27611541748047,8743464
2020-02-18,64.45499551111422,64.6338655801007,63.972824831860294,64.12836456298828,10017308
2020-02-19,64.610538336858,64.63386867583392,63.436223881378254,63.770633697509766,11740220
2020-02-20,63.941714605167874,64.41610637860785,63.55286532146751,64.15168762207031,10941330
2020-02-21,63.91839012234445,64.26057254884599,63.545098506677235,64.03504180908203,9295970
2020-02-24,62.68962847584575,64.22945542293535,62.6585192905242,63.249568939208984,13734145
2020-02-25,63.40510316997298,63.72395522345007,62.09858577037983,62.42521667480469,13171683
2020-02-26,62.72852729053366,63.48288319198395,62.036377334202804,62.16858673095703,11940283
2020-02-27,62.7673926784261,63.576187897218055,60.65985282498858,60.72206497192383,15734253
2020-02-28,59.63331463920712,60.26324620867312,57.68908662025393,59.53999328613281,29246117
2020-03-02,59.98326811740893,63.420662210195495,59.94438629806212,63.28067398071289,18840525
2020-03-03,63.30401619007562,64.08170868584371,60.58988063461972,61.538658142089844,17394599
2020-03-04,63.381766073821275,64.60274085516338,62.121909478100676,64.52497100830078,20224199
2020-03-05,63.40510838960943,64.36944969848125,62.946274289937946,63.44399642944336,15017840
2020-03-06,62.19191032154137,64.25278982632464,61.77195805647781,63.9261589050293,14208574
2020-03-09,60.65985760418565,62.77517647443893,59.87438643776721,61.40644073486328,18942810
2020-03-10,62.58852268902524,63.910597656825985,60.271003624819755,63.78616714477539,17527486
2020-03-11,62.083043851007815,62.33968381646362,60.68320475660454,61.631988525390625,14274179
2020-03-12,57.86016744542434,60.70651794768894,56.97360231427934,57.89905548095703,22664782
2020-03-13,59.76526487382468,60.55721879992131,56.66016273685669,60.180843353271484,25857094
2020-03-16,55.49182029916803,59.663315418106336,52.62979895559103,54.82532501220703,20808354
2020-03-17,56.181843727704255,59.64762792339003,55.97012985042046,58.40088653564453,24745795
2020-03-18,56.025022170548944,58.54202815162093,53.970640722675704,56.166160583496094,18558508
2020-03-19,55.946622271662186,57.130637896934495,54.0333788119891,55.46046829223633,19268738
2020-03-20,54.53520020591146,56.84834166174993,53.71188026471673,55.95445251464844,23075912
2020-03-23,55.09977699018678,56.150490976606356,51.16351796348146,52.065250396728516,18375003
2020-03-24,54.09609656482025,54.6920226388702,52.684687425670916,54.14314270019531,19901939
2020-03-25,53.64131781647879,55.18602250622255,52.33968695641644,53.49233627319336,18311494
2020-03-26,53.42959486366046,58.16564980123243,53.39823495315069,57.65597915649414,18052848
2020-03-27,56.29947239027896,57.57758026039637,55.868207690778135,56.24458312988281,12467218
2020-03-30,57.72654601311542,60.83948408052375,57.146299919627886,60.337650299072266,15803316
2020-03-31,59.788781819375835,60.84733256063365,59.21637245898221,60.32981872558594,15079672
2020-04-01,58.54202947740471,59.177164888999876,57.23256189791867,57.86769104003906,11665288
2020-04-02,59.57706372072235,60.47095290099633,58.04803912476828,60.274925231933594,12843345
2020-04-03,59.81229946673438,60.72186858499191,59.0595487188473,59.78877639770508,10039211
2020-04-06,61.41971977751905,63.39569486131671,61.08255375484093,62.972267150878906,14314108
2020-04-07,64.0465216795844,64.27391552944073,61.47462012316966,61.60007858276367,10657950
2020-04-08,62.08624403783512,65.08156140055813,61.42758543482159,63.999481201171875,11481888
2020-04-09,63.646620705920704,65.30894052747315,62.870346909828065,64.68164825439453,13876568
2020-04-13,64.15629371118783,64.66597066089369,62.5959029493766,63.152626037597656,7706678
2020-04-14,64.55618679146788,65.23836828217777,63.30160230377414,64.95608520507812,12155333
2020-04-15,63.69367318919791,65.05018698726201,63.1683162499898,64.35232543945312,10809072
2020-04-16,64.80711060402051,65.34031063555214,64.50130442698878,65.08155059814453,9145058
2020-04-17,65.82647165395275,65.99113316046375,64.64245611364551,65.44225311279297,15433162
2020-04-20,64.9404299723666,65.9676210208676,63.32514947848297,65.15998077392578,11675768
2020-04-21,63.99946927144622,64.5326692920895,61.325638594243934,61.60007858276367,17876574
2020-04-22,62.10191153192963,63.238880764931515,61.811791591167776,62.713523864746094,11933890
2020-04-23,62.878188263870655,64.20334211028955,62.862508306971755,63.41923141479492,8152497
2020-04-24,63.98379979382351,64.37586146268538,63.52901201962921,63.85049819946289,7686451
2020-04-27,63.69368119148523,66.39103543863988,63.380031849550456,65.8499984741211,12786753
2020-04-28,63.65446853637696,64.47778861137827,62.862514647812276,63.65446853637695,20273560
2020-04-29,64.44642353371792,64.44642353371792,61.968614123676744,63.332977294921875,13687194
2020-04-30,62.58807971357667,63.042867510734595,62.054879578687085,62.21170425415039,11638878
2020-05-01,61.83532796525301,61.83532796525301,60.321983033232215,60.90222930908203,9518565
2020-05-04,61.17668223612142,61.18452535228392,59.765278687080716,60.267112731933594,8850255
2020-05-05,60.57289703598036,61.78827879077455,60.196521600037585,61.1688232421875,7401395
2020-05-06,61.435423460635775,61.6628173340445,60.43959879367626,60.4709587097168,12414922
2020-05-07,60.376866203940104,60.47095849067173,59.14580455428331,59.27910614013672,12602410
2020-05-08,59.984814922008425,60.345504135579304,59.56923017813168,59.906402587890625,8791672
2020-05-11,59.61628160320869,61.215882075785935,59.53003241667558,61.090423583984375,10622528
2020-05-12,61.27859150516649,61.709856128858654,60.47095150852976,60.525840759277344,9544660
2020-05-13,60.110256389862805,61.78826231053,60.0475240325332,61.07471466064453,10935146
2020-05-14,60.59641413438057,62.83114345679989,60.58073417714898,62.76841735839844,11407585
2020-05-15,62.81545786817056,63.1604670521363,61.81179022792512,62.556697845458984,9367234
2020-05-18,63.51332656780084,63.51332656780084,62.12544029206329,62.50965881347656,12552630
2020-05-19,62.313622141853436,62.51749290872613,60.651296096179394,60.80812072753906,10591822
2020-05-20,61.18451592955555,61.34917745726785,60.125958728690236,60.290626525878906,11027685
2020-05-21,60.18867363928555,60.4003812563235,59.804455160176516,60.02400588989258,9000329
2020-05-22,59.72602605433724,60.11024442545216,59.64761375801953,59.882850646972656,6357482
2020-05-26,61.364847371444725,61.631444244778535,60.30629045202932,60.58073043823242,19146017
2020-05-27,60.376856126037154,60.87868993080861,59.592739238713165,60.80812072753906,12828987
2020-05-28,61.63142751503981,62.95658094807853,61.56085832679627,61.976436614990234,13180906
2020-05-29,62.3057933984701,63.46628590700667,61.40406096440506,63.29378128051758,13517104
2020-06-01,62.870343441583074,63.08989415768043,62.04701728463816,62.38418960571289,6269241
2020-06-02,62.36852678673529,63.40355456248863,61.8118035966019,63.387874603271484,11352984
2020-06-03,63.513311842448665,64.57186860719126,63.40353335621801,64.34447479248047,13675457
2020-06-04,63.725026894655166,64.42289464394062,63.38786082371203,63.944583892822266,9292930
2020-06-05,64.3837045080061,65.18350161224396,63.897556769064245,64.5013198852539,10413347
2020-06-08,63.63092829696074,65.2383649823547,63.63092829696074,65.00312805175781,9956838
2020-06-09,65.23054776314308,65.48146474758933,64.39154762298142,64.5013198852539,8846168
2020-06-10,64.64244520452343,64.90904206942291,63.505476000809644,64.1170883178711,9080920
2020-06-11,63.36434240756833,64.03083775522269,60.651302337646484,60.651302337646484,14303838
2020-06-12,61.56020250779028,61.59181801874649,59.64756204425427,60.303550720214844,17000656
2020-06-15,59.20496765396672,59.56852389693752,58.145895476736975,58.50155258178711,17684162
2020-06-16,59.576428573992736,61.180831935013245,59.14173586025611,60.83308029174805,21437050
2020-06-17,61.14131824137089,61.2124483986965,59.77401537975169,60.2956428527832,13983045
2020-06-18,59.7740328202594,60.28776130524314,59.56063596670856,60.24034118652344,7750903
2020-06-19,60.95953148537908,61.63132466998299,59.9162703136945,61.56809997558594,17691393
2020-06-22,61.14923237192805,61.35471741579981,60.40630254498265,60.65921401977539,7474231
2020-06-23,61.251968840279325,62.13715896023196,60.7698622885877,60.951637268066406,11428650
2020-06-24,60.64340054452124,60.76985626340527,59.631754793449,59.96369552612305,8084901
2020-06-25,59.78982353033447,60.82517940002438,59.521107480244,60.51694869995117,7583328
2020-06-26,60.343080467981,60.64341841824715,59.276115159864815,59.4262809753418,12328882
2020-06-29,59.9874108715802,60.469523737322774,59.687079302643994,60.161293029785156,7230990
2020-06-30,60.65920435178466,61.37841768898422,60.22451163889601,61.11760711669922,9940804
2020-07-01,61.19665532231923,62.390076264917326,60.95164297522168,61.74199295043945,9948769
2020-07-02,62.09763666278981,62.682495138516,61.821015179321904,62.263607025146484,6827825
2020-07-06,62.6271694416713,63.243643424846304,62.35845341581331,62.8958854675293,8058282
2020-07-07,62.43747861666781,62.97491695247169,62.113437051611406,62.216182708740234,6956414
2020-07-08,62.14505265317812,62.405869524643464,61.23615265061014,61.58390426635742,8211394
2020-07-09,61.599721601325044,61.92376320065872,60.09805754868531,60.611785888671875,7966058
2020-07-10,60.659202879442354,61.133410227760635,60.38258139964751,60.64339828491211,5161400
2020-07-13,60.856793719774025,62.10554636898509,60.643403239287004,61.13341522216797,8114245
2020-07-14,61.283581906543056,62.12925734136584,61.14132158411411,61.844730377197266,8397100
2020-07-15,62.62718036556198,63.20413348364386,62.31104418113392,62.78525161743164,7709717
2020-07-16,63.05396315717145,63.07767321131624,62.23990321980837,62.753631591796875,5850774
2020-07-17,63.00654128532864,63.42542310970266,62.682499674879196,63.125091552734375,8191378
2020-07-20,63.12508806958798,63.385904962799756,62.492809479461165,62.761531829833984,5434194
2020-07-21,63.00654027318286,63.322676420956576,62.27151598845355,62.35055160522461,8967526
2020-07-22,62.69039427623097,63.03815223430477,61.66294395468019,62.263607025146484,12362103
2020-07-23,62.55603324942451,62.59554789203041,61.25986071003146,61.69455337524414,11558916
2020-07-24,61.52858296308801,61.63923408452526,60.350966870451,60.93582534790039,9068763
2020-07-27,60.3904854175159,62.548138189727325,60.31145611916809,62.38216781616211,10958307
2020-07-28,62.587654493382,63.393808886377926,62.41377235590707,62.982826232910156,8494564
2020-07-29,62.635068095166574,63.02233433752735,62.23199094050733,62.71410369873047,6398040
2020-07-30,62.224085568098516,62.65877822863021,61.354700247035126,62.4295768737793,7152600
2020-07-31,63.93125599303168,64.55563557726131,62.55605371844568,63.41753387451172,12291154
2020-08-03,64.92710682543525,66.23117911873229,64.69790535967887,65.23534393310547,10601463
2020-08-04,65.24322521030722,65.24322521030722,64.07351446045955,64.54772186279297,7218729
2020-08-05,64.86386357902268,65.18000608719086,64.13674465727176,64.52401733398438,6492465
2020-08-06,64.3817337014654,65.11675149644894,63.68622422674043,64.05768585205078,7256562
2020-08-07,63.852206382393774,64.03398132324219,63.2515370463095,64.03398132324219,6977584
2020-08-10,64.02609143332134,64.18415634735271,63.46494297847499,63.94705581665039,5782445
2020-08-11,64.61094362192739,64.70579015351885,63.72575356224754,63.94705581665039,7636671
2020-08-12,64.31060677411524,65.5277437958563,64.28689672299755,65.34596252441406,7295652
2020-08-13,64.91128767356886,66.09680939789217,64.81644113294655,66.02567291259766,7455262
2020-08-14,65.89921297703312,66.72908381853975,65.73324260031822,65.9782485961914,7390496
2020-08-17,66.61051630470196,67.32183044114618,66.3971258553545,66.98988342285156,8764319
2020-08-18,67.09263451660358,67.18747472400004,66.20744450251286,66.83181762695312,6551572
2020-08-19,66.83183997012667,67.74074033992943,66.83183997012667,67.20330810546875,6896050
2020-08-20,67.02152676764574,67.4246041031474,66.69748507116765,67.20330810546875,6380434
2020-08-21,67.25860384054889,67.32182853212615,66.48405871338838,67.16375732421875,6890495
2020-08-24,67.33764586196345,67.55104266493292,66.76859825289603,67.51152801513672,7582280
2020-08-25,67.8987917827663,68.19912333173295,67.33764333314522,67.71701049804688,10245982
2020-08-26,67.42458772488857,67.71701383086088,66.91085935568235,67.60636901855469,7844175
2020-08-27,67.5352487170544,68.09639095691273,67.24281624907444,67.82767486572266,6464902
2020-08-28,67.87509491867402,67.87509491867402,67.10845498251888,67.69331359863281,6134049
2020-08-31,67.65380709506722,67.91462407782976,67.29024441117475,67.39299011230469,7929273
2020-09-01,67.45620672251778,67.81186387045305,66.32601057117134,66.72908782958984,6797433
2020-09-02,66.76860530464162,68.92625833871327,66.6026285916223,68.7049560546875,11571597
2020-09-03,69.3056056255337,69.39254669422553,67.13215473995952,67.56684112548828,12983672
2020-09-04,67.61427635234301,68.67334241160302,66.58682580870713,67.36927032470703,9359688
2020-09-08,67.92250162255401,67.92250162255401,65.59887853473404,65.85969543457031,9095592
2020-09-09,66.20744745944549,67.82766179184055,66.12051270521948,67.08473205566406,8862307
2020-09-10,66.96618302219935,67.08473328891894,65.82018236551858,66.04937744140625,6907578
2020-09-11,66.26276239839392,67.08472129960103,66.21534230018095,66.76858520507812,7171254
2020-09-14,67.03130376541546,67.74779143603477,66.65713402125657,66.99945831298828,8575994
2020-09-15,67.4532403296511,67.80352125306293,66.59345756663221,67.03926849365234,10826678
2020-09-16,67.27012225489446,68.54387657637051,67.27012225489446,68.1219482421875,10380230
2020-09-17,67.97070268805341,68.28118155392252,67.2303324560855,68.17768859863281,8090455
2020-09-18,68.12195880362067,68.70310810940559,67.62041995092943,68.31301879882812,12308446
2020-09-21,67.60449397520952,67.93885533176814,65.35154425247009,66.17948150634766,10445311
2020-09-22,66.15560422157708,66.52976765150068,65.43911645322862,66.02822875976562,8143170
2020-09-23,66.14762586522633,66.72878144621703,65.74161707306094,65.78142547607422,7085842
2020-09-24,65.35951141949799,66.4581191922133,65.1604820914955,66.1954116821289,7844280
2020-09-25,65.39930473625878,66.26705033937371,65.12067135257455,66.02025604248047,6932101
2020-09-28,66.23520672889508,66.63325261229078,65.72570494281831,65.88492584228516,6123674
2020-09-29,65.82123821969519,66.19540798863383,65.04106595782524,65.20028686523438,6742413
2020-09-30,65.48688357039092,66.3307468278001,65.2958235541403,66.03619384765625,11593605
2020-10-01,66.21929870263976,66.3466741713135,64.6828301226153,64.9933090209961,8410305
2020-10-02,64.32459259033203,65.07292592988793,64.04595912283985,64.32459259033203,5255406
2020-10-05,64.66690150371073,64.91368945049585,64.1812821996915,64.67485809326172,8807182
2020-10-06,64.58728667490827,64.59524326392012,63.30556929889522,63.39314270019531,10273230
2020-10-07,63.759356950630945,63.96634288472621,63.29762644219449,63.71955490112305,9845226
2020-10-08,63.99817672348112,65.14455574359746,63.81507332539081,64.06982421875,9217160
2020-10-09,64.3882645386417,64.54747906937936,63.72750482200299,63.97429275512695,5956098
2020-10-12,64.09370524449803,64.26088909488881,63.61604892174247,63.97429275512695,8276370
2020-10-13,63.92652369771522,64.428062486479,63.719537819108986,64.25292205810547,9125774
2020-10-14,64.36438867720557,64.42807322301272,63.74343093790817,64.09371185302734,9166122
2020-10-15,63.52847505509985,63.63993095454587,62.71645740276812,62.939369201660156,9151974
2020-10-16,63.1304169878443,63.926514943011306,62.97915907654227,63.552345275878906,7903492
2020-10-19,63.783230462187284,64.07778977505899,62.358217992429154,62.6288948059082,8614455
2020-10-20,62.86772214928234,62.86772214928234,62.159197365368854,62.310455322265625,11144746
2020-10-21,62.30251838057527,62.772211944491396,62.11941491046264,62.15126037597656,9689808
2020-10-22,62.175123061509865,63.249848301183654,62.175123061509865,63.05878829956055,6075990
2020-10-23,63.09857154197282,64.18126577944315,63.09857154197282,63.552345275878906,7309381
2020-10-26,63.154319415487485,63.528482835453936,62.30249961775738,62.76423645019531,9122840
2020-10-27,62.83589204795945,63.87081539400076,62.08755874633789,62.08755874633789,12241374
2020-10-28,61.402907675047935,61.880564046755914,60.51924243259737,60.6466178894043,8989954
2020-10-29,60.63865405103905,60.973015415946435,59.444509956525145,60.415748596191406,9314310
2020-10-30,60.00973185540604,60.41574066694885,58.863352911296175,59.874393463134766,11096748
2020-11-02,60.86156798576546,61.18797280634094,60.21673403135139,61.06855392456055,8145475
2020-11-03,61.6735771716893,62.27861535603766,61.108353762709406,61.2357292175293,7693578
2020-11-04,63.639957482670006,65.98844438214978,63.321521925511576,64.18130493164062,14731422
2020-11-05,65.32765607945194,65.99637236922014,64.03797576398021,64.05390167236328,9277210
2020-11-06,63.249842133976145,64.59524406512779,63.249842133976145,63.97429275512695,6945515
2020-11-09,67.49303819370871,67.80351065691589,63.9663279140167,64.08574676513672,11184046
2020-11-10,65.1047727378801,65.30380212275502,64.49178412900764,64.5713882446289,8593914
2020-11-11,65.17641071672311,65.17641071672311,64.1574069944433,64.53157043457031,5741678
2020-11-12,64.12555199645685,64.48379583710225,62.915482073642835,63.57624816894531,7464799
2020-11-13,63.87877109110755,65.16048228483581,63.46479925362588,64.55545043945312,7694206
2020-11-16,64.66690148389411,65.1923228313222,63.44887492944376,63.83100128173828,9503474
2020-11-17,64.53155508261567,65.24804270005144,64.01409038885187,64.8818359375,9509133
2020-11-18,64.82611958473349,65.2560173242947,63.870806834151225,63.88672637939453,8678174
2020-11-19,64.30068863147976,64.30068863147976,63.15430968235982,63.998172760009766,7037110
2020-11-20,64.06187902092701,64.33255589844231,63.472772986357334,64.04595947265625,8415440
2020-11-23,64.1733240751794,64.61117841376333,63.19412880388614,63.91061019897461,9498548
2020-11-24,63.70364142760946,64.39624043892988,63.4250015933995,63.799171447753906,12790840
2020-11-25,63.79915309400986,64.05390398462376,63.369261761757826,63.7354621887207,6023590
2020-11-27,63.92652905504749,64.22904494443314,63.33741682009123,63.57624816894531,5644528
2020-11-30,63.68769393446813,64.11758524472923,63.21800058439089,63.998172760009766,14501910
2020-12-01,64.44399102321478,65.64609805851804,64.34050443473923,64.9216537475586,10166543
2020-12-02,65.23214409410244,65.86902153556862,64.7146855490367,65.14457702636719,7165805
2020-12-03,65.232123951949,65.25601281607159,64.34050217448181,64.842041015625,7085109
2020-12-04,64.59524708012242,65.2480502381203,64.5713645811335,65.23212432861328,8651554
2020-12-07,65.32764642586909,66.45014272907214,65.31968347285427,65.6858901977539,8829190
2020-12-08,65.51076809355756,66.66511027826012,65.48688559078941,66.21929931640625,8664969
2020-12-09,66.72879822499365,66.7765632284034,65.70979451152604,66.45016479492188,7168320
2020-12-10,66.60142330321226,66.82432877603055,65.85309005806293,66.06803894042969,7349205
2020-12-11,65.95656901408644,66.41034281907832,65.69385518371386,66.04413604736328,7979158
2020-12-14,66.30091748520762,66.66199042490567,64.22274482995074,64.4474105834961,13139300
2020-12-15,64.59183445170292,65.02512063480711,64.19063878917096,64.5757827758789,10087838
2020-12-16,64.41529494180509,64.79241945011607,63.90979553919978,64.0542221069336,9487649
2020-12-17,64.50358388489478,64.63999108216908,63.933890407763734,64.04622650146484,11710038
2020-12-18,63.957960401892834,64.33508504389658,62.94696123827746,63.813533782958984,33161759
2020-12-21,63.22780052619879,63.65306099579242,62.377273171471764,63.62096405029297,11140764
2020-12-22,63.38025561913743,64.18264079656971,62.778465132178205,63.725276947021484,9052414
2020-12-23,63.86166640344786,64.53567002171435,63.845621142265614,63.99807357788086,6056078
2020-12-24,64.1906424406183,64.53567008846869,64.08633220398015,64.302978515625,2957456
2020-12-28,64.71219030203672,65.10535371330198,64.29494937690174,64.55171203613281,4804242
2020-12-29,64.83255224107316,65.46643311423159,64.80045530159286,65.33003234863281,5708037
2020-12-30,65.52259376280126,65.5787617966708,64.62392446750219,64.66404724121094,5933357
2020-12-31,64.70416718888634,65.74726313011247,64.49554671753347,65.63493347167969,5511118
2021-01-04,65.79540402876592,65.86761731833415,64.09434993531727,64.96092224121094,10502637
2021-01-05,64.72823743555935,65.31397606596737,64.11842770612296,65.0732650756836,10956526
2021-01-06,64.65605708642045,66.38920276180623,64.43941066922653,66.10034942626953,10521396
2021-01-07,66.2367334761063,67.69707071511453,65.85158937739402,67.4162368774414,10447931
2021-01-08,67.69705724520897,67.69705724520897,66.23672029676875,66.62186431884766,9563105
2021-01-11,66.99899370121564,68.68399651228486,66.79839262943592,68.20256805419922,13488179
2021-01-12,68.29883903176572,68.31488429151568,66.23671200031991,66.66999816894531,10128606
2021-01-13,66.8946858474994,66.8946858474994,65.97194526333782,66.06822967529297,10093812
2021-01-14,66.13240309247556,66.43731435810915,65.69911691520588,65.93180847167969,11366398
2021-01-15,65.66702997434355,66.99898551443069,65.44235782788978,66.90269470214844,10203538
2021-01-19,67.05514135164587,67.3199298353909,66.32497618526624,66.75023651123047,8467316
2021-01-20,66.7983858506273,67.0391032630112,66.01205256836784,66.16450500488281,11097901
2021-01-21,65.64296476057498,66.036128221043,64.96093525289922,65.13745880126953,9043716
2021-01-22,64.90475356905594,65.33803971771859,64.80044334664295,64.97696685791016,9436926
2021-01-25,64.76034096282223,65.14548500200685,64.23878973823719,65.11338806152344,9957677
2021-01-26,65.11338115032676,65.11338115032676,64.29495095587076,64.3912353515625,7748283
2021-01-27,64.07829948906242,64.24679715108188,61.655099865012566,61.83964920043945,16230376
2021-01-28,61.8476704666617,62.99507633133862,61.839644630551085,62.52166748046875,12972039
2021-01-29,62.577840126610056,62.88274493490798,61.29402703086251,61.83964920043945,10671470
2021-02-01,62.57786055907899,62.85066852517428,62.05630931378313,62.07236099243164,8224599
2021-02-02,62.41736667023323,63.32406174346109,62.34515338097524,62.40132141113281,9866710
2021-02-03,62.2970038500416,62.70621885650532,61.90383410078829,62.04024124145508,10034810
2021-02-04,61.75941153210679,61.79150846413938,60.612005555659785,61.00516891479492,18867563
2021-02-05,61.3261362521672,61.767448295184465,60.50770604155325,60.82063674926758,13901825
2021-02-08,60.86075174463347,61.133559670206246,59.90591438182164,60.210819244384766,16718534
2021-02-09,60.258961442101246,60.31512947794984,59.66520339323921,60.210819244384766,13484616
2021-02-10,60.43548935704912,60.48363155314795,59.80962797668862,60.09046173095703,11721566
2021-02-11,60.02627606786575,60.258961217448594,59.56089293762396,59.97010803222656,8780982
2021-02-12,59.95406166323854,60.26699239046819,59.809635057842684,60.178733825683594,6738116
2021-02-16,60.475619575979,60.52376178311177,59.41647177244007,59.57695007324219,9734453
2021-02-17,59.74543862248407,61.02925186279649,59.67321891509216,60.61201095581055,13876463
2021-02-18,60.39536580730011,60.88482001540006,60.210816447600486,60.5077018737793,10004627
2021-02-19,60.53176752057882,60.587935548760434,59.584956125139584,59.62507247924805,12388198
2021-02-22,59.7775271752718,60.22686500236761,59.159691672725955,60.122554779052734,8612464
2021-02-23,60.41143322312475,60.949029766776725,59.74545531956276,59.80964279174805,10900458
2021-02-24,60.01825911169169,60.39537732523223,59.68928310281258,59.833709716796875,9838834
2021-02-25,59.54483889588145,60.17872610785837,59.44052866684918,59.87382125854492,10906955
2021-02-26,59.729403008532074,59.94604935788882,58.20487838542677,58.269065856933594,17644862
2021-03-01,58.74246629355715,58.88689289488439,57.91601021637271,58.07648849487305,12594864
2021-03-02,58.44557981340945,58.96713100163409,58.09253273932124,58.45360565185547,16047290
2021-03-03,58.42952660280843,59.159691751446736,58.10857009509327,58.81467056274414,13939972
2021-03-04,58.71840425729781,58.830733937156864,57.54692034205747,57.90799331665039,15975188
2021-03-05,58.18079478479054,58.90293415794335,57.77959911577454,58.67826843261719,12241164
2021-03-08,59.67322821605399,60.62806566527531,58.89492072848591,59.51275634765625,15391347
2021-03-09,59.82568486077615,60.5478307736445,59.48066358318561,59.48868942260742,14189920
2021-03-10,59.986148834228516,60.3632669639299,59.45657828514544,59.986148834228516,12827310
2021-03-11,60.09047934696254,60.467597603983855,59.84976188036227,59.881858825683594,13205324
2021-03-12,59.9223179750402,60.618429732401204,59.88993902839625,60.38369369506836,11493940
2021-03-15,61.11218276068457,61.97018275635659,60.77222000980275,61.703067779541016,17999295
2021-03-16,61.638315284916004,62.463936320413204,61.63021893063673,62.17253875732422,15697887
2021-03-17,62.10779235395222,62.731049886136304,61.49261823288833,62.56916809082031,17533878
2021-03-18,62.536787373323406,63.28956067550852,62.496312071709966,62.544883728027344,14274179
2021-03-19,62.528678522496136,63.338113202033824,61.53307949722209,62.739131927490234,58225203
2021-03-22,61.35500503266669,63.13575615012564,61.14455162767259,62.739131927490234,11352879
2021-03-23,62.39917972505419,62.58535057400009,61.54117972653843,61.73544692993164,11651245
2021-03-24,61.57356451739665,62.06731921933843,61.44405519347597,61.7111701965332,9135416
2021-03-25,61.856871519429745,62.01066345141334,60.95840252353047,61.573570251464844,10700918
2021-03-26,61.63832173320053,62.70676878979241,61.395489326571514,62.64201736450195,10389767
2021-03-29,62.58535132851176,63.580957005104366,62.46393836986856,63.37859344482422,11448562
2021-03-30,63.13577056881822,63.20052199257833,62.15635755413665,62.2939567565918,10123366
2021-03-31,62.40727390543479,62.88483583497474,62.03493222051417,62.39917755126953,13598219
2021-04-01,62.45583908661473,62.69867146442024,62.1806342359598,62.39917755126953,9121373
2021-04-05,62.74723513354562,63.06291527551392,62.148253793584,62.32632827758789,9828144
2021-04-06,62.253489080934166,62.277771674283116,61.22551086138028,61.346923828125,13394698
2021-04-07,61.58164236204535,61.840660932029415,61.2902448528371,61.61402130126953,8970566
2021-04-08,61.58166010172553,61.84067874632448,60.93411349022818,61.10409164428711,12007984
2021-04-09,61.120279520044335,61.82448114592292,61.05552162806352,61.767826080322266,8177439
2021-04-12,61.81639358347629,62.002564440026035,61.500713410010164,61.69498062133789,9970672
2021-04-13,61.49261420625089,62.132070878334815,61.41167007794004,61.86495590209961,8627346
2021-04-14,61.75973503272283,62.156359357444735,61.53309533512743,61.84067916870117,8415545
2021-04-15,61.5573737220598,62.59344823672941,61.5573737220598,62.05112838745117,14541734
2021-04-16,62.528697332461924,62.93341802993185,62.180644651735356,62.70677185058594,12512806
2021-04-19,62.892921236479786,62.96576899556343,62.30203633915071,62.86054229736328,8536903
2021-04-20,62.87675071861685,64.05852080865277,62.87675071861685,63.597145080566406,11009345
2021-04-21,63.88855221321942,64.34183165429384,63.6780987327537,64.13137817382812,11817248
2021-04-22,63.94519705521752,63.9937687114728,62.77961968702781,63.103389739990234,13330560
2021-04-23,63.02246161389312,63.29767302430513,62.698691478706365,63.03865432739258,8598840
2021-04-26,63.02244527397542,63.0629205753221,62.56916590785476,62.75533676147461,7834219
2021-04-27,62.6663020049371,63.087208934746805,62.504413728563094,62.61773681640625,9095802
2021-04-28,62.82008441737009,63.16004715753547,62.21301318071503,62.39917755126953,11628398
2021-04-29,61.112178895773134,61.30643961433084,58.967182278201896,59.63901138305664,30602753
2021-04-30,59.558083994327504,60.772233242181805,59.47713984821623,60.30276107788086,18052114
2021-05-03,60.10847862588306,61.53308084544501,60.07609968473493,61.500701904296875,12543302
2021-05-04,61.58164445369472,61.89732456006716,61.136455057931414,61.50879669189453,10418587
2021-05-05,61.59783980622447,62.917215482706986,61.30644224398323,62.8929328918457,16795143
2021-05-06,62.68249125926205,63.02245406723926,62.07541990151548,62.95770263671875,12871641
2021-05-07,63.14386337359432,63.66999703058071,63.046732997506595,63.4676399230957,12237496
2021-05-10,63.79949978100498,64.09089735114428,63.26527629567131,63.273372650146484,10939758
2021-05-11,62.998168363893996,63.66999759092458,62.44775210804159,62.69868087768555,12148102
2021-05-12,62.90102905015188,63.56476182750039,62.56916266147762,63.135765075683594,13379711
2021-05-13,63.046720771426,63.93709963798497,62.844363703182275,63.69426727294922,10830451
2021-05-14,63.99375487876565,64.06660263954267,63.31382950103719,63.37049102783203,8273122
2021-05-17,63.67808978336602,64.8922388314935,63.613331888366666,64.64940643310547,12532508
2021-05-18,64.22040578345286,64.59274100561892,63.856160443745104,64.2527847290039,7943106
2021-05-19,63.88854250585093,64.2689741009391,63.09529389663776,64.2365951538086,9132796
2021-05-20,63.88853095679118,64.7465308332594,63.8642483688094,64.47941589355469,7345222
2021-05-21,64.69796015762304,65.02982651296452,64.00994485859344,64.09088897705078,10863987
2021-05-24,64.37418774018633,64.47131808992845,63.91281210700635,63.96946716308594,8737910
2021-05-25,63.94520150766679,64.14756508575321,62.69867992146569,62.73105239868164,14331714
2021-05-26,62.77151937775381,62.949593866450456,62.30204732941455,62.51250076293945,9686454
2021-05-27,62.731056689699415,62.81200083208951,61.419777115557075,61.45215606689453,17675149
2021-05-28,61.533090796526835,61.8406746074136,61.35501629927166,61.42786407470703,13969735
2021-06-01,61.56547298599774,61.63022441027138,60.731755522094204,60.85316848754883,15798914
2021-06-02,60.95837996845855,61.58974017472447,60.92600102846687,61.411659240722656,11830453
2021-06-03,62.111507471819685,62.77316957507857,61.8400561865876,62.69682693481445,15974400
2021-06-04,62.94277858958074,63.18030395495536,62.68829683453605,62.86643600463867,12728500
2021-06-07,62.891906894727924,62.942801970261414,61.73823772198518,61.75520706176758,16794400
2021-06-08,61.882439176776295,62.06906306613213,61.14443476038618,61.41588592529297,13657700
2021-06-09,61.924838769276874,63.02761245940935,61.88242190738544,62.80705642700195,12258700
2021-06-10,63.81652632571239,64.86839862115316,63.40086173633461,64.58846282958984,17236700
2021-06-11,65.07198582296498,65.19922995387243,64.13887298281921,64.69873809814453,13928400
2021-06-14,64.80140946978067,64.85274853588591,64.06561262178113,64.55329132080078,7841400
2021-06-15,64.59607620324223,64.82707916655531,63.928727056409166,64.7671890258789,14185700
2021-06-16,65.21208656692006,66.35000565839,65.18642029873482,65.54576110839844,17576900
2021-06-17,65.31474808066507,66.28155431319546,65.01529742226242,66.07621765136719,14233200
2021-06-18,65.65698377971286,66.0676636532821,65.16075403054958,65.54576110839844,19351900
2021-06-21,65.78533051797137,66.12756270416618,65.4944374026042,65.6655502319336,10880800
2021-06-22,65.52864221921145,65.65698008044193,65.03241249800695,65.18641662597656,10957500
2021-06-23,64.89552321384006,65.24631296608055,64.63885399449046,64.66452026367188,9539100
2021-06-24,64.79285978360168,65.57143158787625,64.79285978360168,65.33187103271484,8601900
2021-06-25,65.07519495414589,66.70935041910167,65.0666438826011,66.05055236816406,50285200
2021-06-28,66.09334870859148,66.51257977236604,65.69978392029783,65.75967407226562,8796200
2021-06-29,65.8794497349771,66.16179180045006,65.72544556540426,66.05912017822266,7696600
2021-06-30,66.22166394067071,66.81200765722178,66.07621741105194,66.53822326660156,13811900
2021-07-01,66.43557020606337,66.86335880168834,66.31578992149126,66.7264633178711,9212000
2021-07-02,66.7692537364674,67.39382151436058,66.5296931352187,67.24837493896484,7668000
2021-07-06,66.85478308566573,67.03445346383657,66.35854688260291,66.82911682128906,6720500
2021-07-07,67.08581048944549,67.25692331614628,66.8462433935141,67.21414184570312,8275100
2021-07-08,66.53823502298393,66.99169641564737,66.14467029990087,66.83769226074219,8400400
2021-07-09,67.09436177121,67.3253712682676,66.68368837483017,66.7264633178711,6006500
2021-07-12,66.35001373291016,67.10291931062157,66.21311824921575,66.35001373291016,11087900
2021-07-13,66.22168148671746,66.53824089652366,66.08478599136824,66.40135192871094,6465800
2021-07-14,66.3927969080231,66.49546853352426,65.77678021008961,66.409912109375,7163200
2021-07-15,66.40989168451866,66.76923247194966,66.05910196759689,66.64945220947266,7041300
2021-07-16,66.74358515753137,67.06014457216578,66.4184616148864,66.75213623046875,7638200
2021-07-19,66.57246762977103,67.02592255440317,65.15221270597104,65.92223358154297,9830600
2021-07-20,66.04201162450337,66.84624982036267,64.98109110884266,65.16931915283203,11627600
2021-07-21,65.29764617803171,65.41742645380423,64.71585346962146,65.35753631591797,7429300
2021-07-22,65.53720031268635,65.69976203997604,65.09230312159723,65.47731018066406,8708900
2021-07-23,65.70832828363139,66.46123383205062,65.64843814372914,66.3414535522461,6560800
2021-07-26,66.27299054887771,66.40132839840504,65.8452020688094,66.08476257324219,5071800
2021-07-27,66.02488908314436,66.8462423885243,65.65699063648646,66.60668182373047,8136000
2021-07-28,66.61524975200716,67.30826528297628,66.28157512394523,67.01737213134766,11037900
2021-07-29,66.35001742749104,66.6665768279735,65.71688557145352,65.8195571899414,11583000
2021-07-30,65.98211328529526,66.52968214844827,65.68265605565017,65.76821899414062,13004500
2021-08-02,65.81955460751782,66.10189665162962,65.14364783261503,65.17787170410156,9083400
2021-08-03,65.33188283083504,65.71689000293827,65.18643625715487,65.37466430664062,9952400
2021-08-04,65.44310016085487,65.44310016085487,64.56185666286007,64.57897186279297,10893400
2021-08-05,64.6131826763025,64.7586357508846,64.10839529742255,64.6730728149414,8701600
2021-08-06,64.69876585204013,64.7329897316166,64.15974790813281,64.54476165771484,8670700
2021-08-09,64.89551716462724,65.21208301927211,64.16827798628958,64.44206237792969,7867000
2021-08-10,64.29662482417282,64.47629524431392,64.01428279500723,64.33084869384766,11243100
2021-08-11,64.66451967767141,64.82707489019243,64.288063659661,64.34795379638672,6952200
2021-08-12,64.27096830007834,65.07520651301945,64.219629224013,65.05809783935547,6077100
2021-08-13,65.33187662927058,65.68265989293893,65.21209634142907,65.63988494873047,6810400
2021-08-16,65.64842767871994,66.74356522094874,65.5714223525292,66.67511749267578,9368400
2021-08-17,66.64946522514025,67.6419313834117,66.58957508220608,67.44515228271484,10311600
2021-08-18,67.48791953701436,67.65048127540116,66.52111976050429,66.55534362792969,7459100
2021-08-19,66.486902920336,67.71037856808273,66.486902920336,67.12858581542969,8865400
2021-08-20,67.18845749985215,67.76169249538138,66.92323073155471,67.3167953491211,6284200
2021-08-23,67.68470908136565,67.78738068961624,67.02591101827845,67.06013488769531,6492600
2021-08-24,66.96603173345045,66.96603173345045,66.34146396607728,66.49546813964844,8698100
2021-08-25,66.57246402413406,66.57246402413406,65.36610349068982,65.93933868408203,7045800
2021-08-26,65.97356340960742,66.15323385190744,65.46021835624502,65.51155090332031,6640400
2021-08-27,65.71688780213097,65.8537832980949,65.1693188733483,65.28054809570312,6010000
2021-08-30,65.28057014422181,65.74257628030138,65.2035647698494,65.4516830444336,7339700
2021-08-31,65.69976117291631,65.96498796443831,65.04952079987379,65.27197265625,10949500
2021-09-01,65.21209557558808,65.70833192083863,64.87842098801451,65.17787170410156,9187200
2021-09-02,65.43455537381458,65.99923300265338,65.16932196966684,65.98212432861328,6559400
2021-09-03,66.10188293457031,66.20454800018942,65.6142042902755,66.10188293457031,6629800
2021-09-07,65.52865573917667,65.76822284241761,64.31373766093877,65.00675964355469,13979500
2021-09-08,64.99819037123099,64.99819037123099,63.99716677642848,64.47628784179688,8243000
2021-09-09,64.33085751323166,64.33085751323166,62.97048624918491,63.158714294433594,14628700
2021-09-10,63.295605420842755,63.49238452544154,62.55980849161222,62.84214401245117,11084500
2021-09-13,63.11592094038399,63.16726000603972,62.337349159571914,62.61113357543945,11245200
2021-09-14,63.06002539563445,63.137714254167086,62.20540843557066,62.248573303222656,15202800
2021-09-15,62.222675521628226,63.146347027288535,62.05002264120379,62.852840423583984,12555900
2021-09-16,63.03413057064519,63.03413057064519,61.88602002531818,62.12772750854492,14818900
2021-09-17,61.45439231210373,62.15361841170439,61.1954162676412,61.87738037109375,43406600
2021-09-20,61.42848996906229,62.68019202648776,61.393959394135784,62.09318542480469,15989400
2021-09-21,62.56798418787074,62.74063050845128,61.95507460192942,62.12772750854492,11995900
2021-09-22,62.43847875976726,62.507539903173814,62.032752774795185,62.18813705444336,9028700
2021-09-23,62.740628961034346,63.914642352924375,62.64567151124657,63.06003189086914,12813500
2021-09-24,63.526173190586434,64.42394845306653,63.318996310332345,63.54344177246094,14714700
2021-09-27,63.45711328368837,64.11317444698277,63.3103566942362,63.3276252746582,8630600
2021-09-28,63.49165144678491,63.72472462206827,62.72336417702579,63.2931022644043,11836200
2021-09-29,63.5434389048626,65.34761705330651,63.51754261925377,64.82103729248047,16054500
2021-09-30,65.24402862919281,66.16770009030746,64.82966832219138,64.83830261230469,16248600
2021-10-01,70.40623553910638,72.80605474843127,69.60341770563836,70.26811981201172,102497300
2021-10-04,72.6592976957162,72.99596256883092,71.14861961880474,71.73562622070312,53553300
2021-10-05,71.45941759757972,71.98599755641867,70.18181872953892,70.44078826904297,28977800
2021-10-06,70.3544405987438,70.50982490277136,69.18906161155427,69.62931823730469,17608000
2021-10-07,70.38899179035785,71.36445618207848,69.9487350356715,70.73429107666016,14190500
2021-10-08,70.50120715942259,70.61343320791522,69.51710853161363,69.60343170166016,12121100
2021-10-11,70.4753008695169,70.4753008695169,68.94736055973345,68.99915313720703,11279700
2021-10-12,69.21495281337894,69.21495281337894,68.4121350658837,68.70563507080078,10945000
2021-10-13,68.70564381621648,68.76607726895695,68.00641770347129,68.15316772460938,9462600
2021-10-14,68.17044183464625,68.77471055070224,67.3158313402142,67.61796569824219,14607900
2021-10-15,67.50573966094962,68.24813070412414,67.3158313402142,67.61796569824219,12866800
2021-10-18,67.97189072731281,67.97189072731281,66.56480413598683,66.59933471679688,13075500
2021-10-19,67.96325490216677,68.64521238707924,67.42804084260472,68.61931610107422,15577100
2021-10-20,68.47256766165034,70.13863015524082,68.46393337077242,69.98324584960938,11465500
2021-10-21,70.01777987298244,70.14726789838706,69.30128517364025,70.06957244873047,9893600
2021-10-22,70.05231475830078,70.33718711449521,69.81923498103808,70.05231475830078,7543600
2021-10-25,69.94871299530709,70.54435391184526,69.01640719186491,70.49256134033203,9365900
2021-10-26,70.69973490524282,71.09682663568185,70.53571632174467,71.00186920166016,9352500
2021-10-27,71.2004137810726,71.2004137810726,70.18178494291986,70.38896179199219,8465400
2021-10-28,71.97734577322909,74.9814404381967,71.79606516381374,74.71383666992188,28854700
2021-10-29,74.66203131626457,76.36262440755924,74.38579327919359,76.00869750976562,18678600
2021-11-01,76.0087103066462,76.50938730523309,75.35264238838369,75.82742309570312,10943900
2021-11-02,76.164081314184,78.0545826923254,75.51664780163446,76.84603881835938,14671400
2021-11-03,76.63020959385956,77.19131982308159,76.1467947925767,76.55252075195312,10883900
2021-11-04,78.01142259530546,78.9005635447608,77.0618481968249,78.15817260742188,19519800
2021-11-05,71.03640083329023,72.51254834863482,70.22494877995327,70.44939422607422,37623900
2021-11-08,69.41349983515505,71.54570841536587,68.9559746755129,71.37306213378906,18655700
2021-11-09,72.18453735052877,72.26222622640174,70.70838943462198,71.4076156616211,10512000
2021-11-10,71.91691160584449,72.52981453339935,71.39033182838969,72.52118682861328,9855900
2021-11-11,72.44350014268498,72.73700679175508,72.10683520636353,72.52982330322266,5761500
2021-11-12,72.37443566403817,72.68520429656408,71.6924781168096,72.51255798339844,8206700
2021-11-15,72.64204110309882,72.66793738972046,71.99460759342064,72.24494934082031,7108200
2021-11-16,72.22766087756108,73.10817389653131,71.8650997925886,72.60749053955078,10565200
2021-11-17,72.83195523923214,73.09092468882626,71.29537419309,71.30400848388672,10286300
2021-11-18,71.04504084569054,71.77016322628316,70.80332679945866,71.69247436523438,9833600
2021-11-19,71.10545704414179,71.43348760719678,69.5947790584911,69.66383361816406,17581100
2021-11-22,69.92282751493872,70.84649917052181,69.5257357045608,70.47530364990234,10880200
2021-11-23,70.3458141887321,72.15862688145181,70.21632615653036,71.47666931152344,12130800
2021-11-24,71.47666191647912,71.56298506700423,70.75153296279284,71.02777099609375,8537000
2021-11-26,67.96326189246382,68.99915295541471,66.56480303004884,68.33445739746094,18022000
2021-11-29,65.96915499278482,66.90146080137474,63.88010450711911,64.64839172363281,34192400
2021-11-30,64.5275423573453,64.76924982344676,63.74198650648106,64.66566467285156,30179900
2021-12-01,65.20086697329207,66.39214879827489,64.21676860502258,64.25993347167969,21435900
2021-12-02,64.20815202798384,64.55345129839861,63.27585255971047,63.78516387939453,15345300
2021-12-03,63.95779730100276,64.09591961567989,62.723363690256825,63.31036376953125,14508900
2021-12-06,63.275836090192755,63.750616700655236,62.84421376102646,63.37942123413086,13506800
2021-12-07,62.179521139033035,62.77516215136824,61.72200245432602,62.39533233642578,17635100
2021-12-08,62.6197668635598,63.37079206998439,62.22267512019641,63.19813919067383,14331400
2021-12-09,63.39669102991406,63.500276175836454,62.74925752376227,62.8960075378418,11938000
2021-12-10,63.12044214850289,63.21539957330031,62.36941703947775,62.688819885253906,11398800
2021-12-13,62.473018294502076,63.40531752011538,62.12771911396223,63.37942123413086,17486100
2021-12-14,63.057005446072495,64.52101577635597,62.882721193057975,64.24215698242188,18949700
2021-12-15,64.2334376493605,65.69744790839938,64.2334376493605,65.61030578613281,14263400
2021-12-16,65.7933052794885,66.69088175794916,65.59287241752772,66.15059661865234,16601700
2021-12-17,66.7170213019421,67.74531424874449,65.79330288564275,65.95887756347656,28040600
2021-12-20,65.96758701318309,66.66473725169273,65.31401115777435,66.58631134033203,11818800
2021-12-21,66.44686544400419,66.47300740926876,65.26171426289214,65.8281478881836,14947800
2021-12-22,65.74100496811205,66.71700711790615,65.4708558172089,66.36843872070312,9256000
2021-12-23,66.49044596921982,66.49044596921982,65.66257931766783,65.99372863769531,9894900
2021-12-27,66.22900598763495,66.76058143599593,66.02857317574637,66.72572326660156,6334700
2021-12-28,66.82160664042374,67.22246576607911,66.41203130702063,66.93489074707031,5727100
2021-12-29,66.92618251879657,67.25732528609247,66.63860749406878,67.05689239501953,5926100
2021-12-30,67.20502449339119,67.63202549525255,67.07430800140838,67.22245025634766,5859100
2021-12-31,67.22246043765294,67.57975179328574,66.76931739846678,66.7867431640625,6019500
2022-01-03,66.73445817524005,67.04817513920106,65.66259077362028,66.98717498779297,9441200
2022-01-04,66.57758588981437,67.33572952177032,66.13315250826042,67.10916137695312,11981700
2022-01-05,67.32702709691074,69.54918094303315,67.32702709691074,68.7387466430664,17447900
2022-01-06,68.66030937164298,69.34874326723516,67.9283011015956,68.6951675415039,11359200
2022-01-07,68.72132093014525,70.17661485903956,68.37274582210925,69.97618865966797,15212000
2022-01-10,70.18531821609861,71.84975424569559,69.42716799355537,71.78004455566406,19636800
2022-01-11,71.82361972779955,71.94562000864913,70.28118380647744,71.1700439453125,11585100
2022-01-12,70.65589966091589,70.95218415268408,70.2986083812367,70.76046752929688,13057000
2022-01-13,70.52518476322108,71.21361872245234,70.00232546400599,70.86504364013672,9678100
2022-01-14,71.1090445093843,71.32690310570503,70.38575237395544,70.91732788085938,9478000
2022-01-18,70.67332183858946,71.59704673637938,70.42060508862443,71.05675506591797,14493100
2022-01-19,70.56877799035848,71.44021260464608,70.13306068321468,70.83892059326172,11448200
2022-01-20,70.3508985180043,71.33561694727715,70.1678914524645,70.36832427978516,12069600
2022-01-21,70.8214711922809,71.0393297936025,69.05246041331213,69.69732666015625,18461700
2022-01-24,69.51431126342948,69.81060238298934,66.79544049943775,68.6951675415039,17289000
2022-01-25,68.33790122914228,69.52305284291243,67.78018360484086,69.24419403076172,13662400
2022-01-26,69.18320598293116,70.01106635651323,68.60806249092626,68.96534729003906,13046600
2022-01-27,68.33789028850946,71.10905219933167,68.33789028850946,70.2201919555664,20187200
2022-01-28,69.31389497557561,70.57747223266041,69.00017805063426,70.4990463256836,13915300
2022-01-31,70.60359760376686,71.21360554708966,70.41188766005274,71.00446319580078,13035000
2022-02-01,71.42277474467791,71.56220746362393,70.65591473602872,71.3879165649414,10803300
2022-02-02,71.28333106989976,71.71904823622307,70.81275573244864,71.4663314819336,13988200
2022-02-03,71.15261397962722,71.2833304581056,68.32045242283294,68.8520278930664,19181400
2022-02-04,68.41630928793018,69.3226017648172,68.14616013183327,68.45987701416016,10716200
2022-02-07,68.66033103514374,68.77361513654776,67.48389568734537,67.60589599609375,23615300
2022-02-08,67.18758643660136,67.38801926060293,66.07215154263545,67.02201843261719,17486500
2022-02-09,67.24858966499556,67.38802235740711,66.58630432159086,66.69087219238281,15183100
2022-02-10,66.54274911900846,66.90003386136917,66.16803196081437,66.71703338623047,12437600
2022-02-11,66.57760073432411,67.88475255509546,66.3771678631246,66.7867431640625,9342300
2022-02-14,66.77800634955886,66.8390064830964,65.45342917195144,66.63858032226562,9881100
2022-02-15,67.54488621462862,68.1374619077409,67.37931154127575,67.80631256103516,11425600
2022-02-16,67.27474287924471,67.79760891468062,67.03945848211282,67.29217529296875,9981300
2022-02-17,66.96972556075501,67.03944190137268,66.2290077251116,66.542724609375,8889300
2022-02-18,66.50787825396282,66.97845366395403,66.13316116722078,66.55145263671875,8780500
2022-02-22,66.62987346934923,66.97844855927846,65.88915555857267,66.18544006347656,9052500
2022-02-23,66.39459938621492,66.61245802008646,65.89788196692854,66.08959197998047,9659100
2022-02-24,65.44472053782626,65.6364371649825,63.51013515254674,64.05914306640625,21135600
2022-02-25,64.66043762023745,67.3531736982766,64.63429564884677,66.50788116455078,13665900
2022-02-28,66.08087546117271,66.89130975975142,65.1658666358842,66.73445129394531,14126100
2022-03-01,66.66473941329014,67.76274874756456,66.1854477777091,66.52530670166016,9807300
2022-03-02,66.49915692450713,67.2921654196525,66.28129832454634,66.81287384033203,9697500
2022-03-03,66.90001370900691,67.57102189757225,66.5863034522103,67.23116302490234,8191100
2022-03-04,66.82159476720886,67.84988769761873,66.24644483138694,67.82374572753906,12216300
2022-03-07,67.10916135616596,68.22459626374554,66.29872714229697,67.7365951538086,14008400
2022-03-08,67.31832544450272,68.05032734542586,66.71703341980256,67.05689239501953,10184100
2022-03-09,67.64074476228187,68.16360410535978,67.14402738908026,67.78888702392578,9746000
2022-03-10,67.64945514570579,68.14617252497092,67.38802879523418,67.87602996826172,8972200
2022-03-11,68.25073974533868,69.39231664507045,68.14616522723844,68.19845581054688,9424500
2022-03-14,68.48860717706714,69.11282858194568,67.96988382460506,68.38310241699219,10085400
2022-03-15,68.29516533157765,69.46448426291562,68.0489943371184,69.1391830444336,11403000
2022-03-16,69.420527504265,69.55240674911931,68.2687959616951,68.68201446533203,10944000
2022-03-17,68.70838871238065,69.78099672856722,68.62925848270514,69.40294647216797,10279400
2022-03-18,69.61395670003726,70.10629877689784,69.13040165479367,69.55241394042969,21064800
2022-03-21,70.04474975739306,70.73051379106438,69.3765732006994,69.5084457397461,10478300
2022-03-22,69.69306306357647,70.14144974893125,69.25347011533032,69.71944427490234,10016600
2022-03-23,69.71945340878342,70.84481043050059,69.65791065627255,70.09750366210938,8470400
2022-03-24,70.37006459542141,70.92394948936024,70.08872527835842,70.69536590576172,7605000
2022-03-25,70.85361085487864,71.54816874031505,70.73052532658949,71.51300048828125,7125600
2022-03-28,71.53936988429935,71.80312166947358,70.97669136007245,71.39869689941406,7071900
2022-03-29,71.79433256016434,71.88224981934381,70.98547633580516,71.71520233154297,7398700
2022-03-30,71.9525747091721,72.70867516048169,71.80311470796488,72.4449234008789,9326600
2022-03-31,72.88452913456396,73.30653470687226,72.04051128228974,72.13722229003906,12466800
2022-04-01,72.26030644073458,73.48237456173307,71.77675141113481,73.42961883544922,10086700
2022-04-04,73.4120453878166,73.75492745840452,72.73507498650812,73.40325164794922,9039600
2022-04-05,73.55270447730425,75.10886075646359,73.42082523488064,73.60545349121094,12040900
2022-04-06,74.16813324659286,75.22315378842308,73.95713047975822,74.70443725585938,13924300
2022-04-07,75.39019888723351,76.58589237412754,74.69564114796,76.31334686279297,13104300
2022-04-08,76.17265918360422,77.22767948835666,75.83857098555224,77.0870132446289,11409300
2022-04-11,77.64972918893395,78.66958845673513,75.76827115400572,76.16390228271484,14381000
2022-04-12,75.6099997371632,76.09355474412655,74.92423569649316,75.28469848632812,12543000
2022-04-13,75.43417025391,75.82100757768151,74.58135866152719,75.72429656982422,12743800
2022-04-14,75.7242863661101,76.93756731659309,75.09127809223776,76.4100570678711,22096100
2022-04-18,75.97926072778492,76.88482133250174,75.32866489556291,75.67154693603516,7995100
2022-04-19,75.5836230141861,75.68912104340863,74.83631624067951,75.42536926269531,8494700
2022-04-20,75.18799012870099,76.33093470844418,75.15282858846476,76.0144271850586,8719400
2022-04-21,75.97047911851416,76.69141149963554,75.07370548123022,75.81222534179688,8562400
2022-04-22,75.48690064105554,75.7330716156904,74.29120730055251,74.37033081054688,7914000
2022-04-25,74.3703318843256,75.44293975299779,73.43839697899352,75.11764526367188,10573400
2022-04-26,75.39900835545303,75.78584571180627,74.1945208791999,74.27365112304688,9009600
2022-04-27,74.11540140545398,74.84512087393934,73.49996702373342,74.21211242675781,10781300
2022-04-28,75.39021273073578,78.57286902403803,74.73082311501506,77.87831115722656,21092300
2022-04-29,77.94863922436068,79.13553906268851,77.4474967312913,77.97501373291016,15914200
2022-05-02,78.00137470891039,78.10687272480534,76.16387267608494,77.0606460571289,12124900
2022-05-03,76.48038404046376,77.5793664798046,75.98804205408915,76.57709503173828,8425600
2022-05-04,76.11112868734145,78.04533512640455,75.9265004396937,77.8255386352539,10763500
2022-05-05,77.73761421353164,77.9486236550956,76.51554637201153,77.37715148925781,9548300
2022-05-06,77.13978563471468,78.1772254889017,76.91120208089846,77.71125793457031,12227400
2022-05-09,76.92877149684648,77.4211134879762,76.41005500014289,77.0518569946289,11901500
2022-05-10,77.47386904171067,78.50251500283925,76.72655561120833,77.2013168334961,12370800
2022-05-11,76.85844115713037,79.83888126316275,76.85844115713037,78.41460418701172,16338600
2022-05-12,78.99486294546082,79.8740489698013,77.68487764733747,79.8564682006836,14210200
2022-05-13,79.74217118375142,80.04989166402694,78.47614784674207,79.48721313476562,10308100
2022-05-16,79.82131951502578,81.65002850361726,79.7246084920367,81.16647338867188,13999000
2022-05-17,81.15765700271974,83.13582549026857,80.45431223174091,81.76429748535156,17582800
2022-05-18,81.377454849568,81.90497182111284,80.68289709751375,80.97303009033203,12717600
2022-05-19,80.22573551707397,81.4214292076945,79.90043422953555,80.96424865722656,11121600
2022-05-20,81.28076121625769,82.71383901003404,81.28076121625769,82.24787139892578,11757100
2022-05-23,82.28300909907699,83.45232801187362,82.11596833128921,82.4940185546875,9067000
2022-05-24,82.86328709772961,83.34684211929391,82.26544030182166,83.20616912841797,9021000
2022-05-25,82.96000249299283,83.31167828113895,81.88739435759311,82.42369842529297,11177700
2022-05-26,82.854490768346,82.86328450691514,80.00592986874565,81.15766143798828,17249500
2022-05-27,81.13130409582867,81.86103027534938,80.66533646793138,81.83465576171875,9802000
2022-05-31,80.8059857411242,81.43020697505024,79.89163152719325,80.91148376464844,22860800
2022-06-01,80.59498825112034,80.82357851547425,79.16191732156203,80.12902069091797,10492500
2022-06-02,80.12021726094342,80.12901099903199,78.01896327078188,79.12673950195312,11066200
2022-06-03,78.89815595111975,79.72459300240082,78.84540693343197,79.04762268066406,7051600
2022-06-06,79.27620937910633,79.70701539953237,78.85420380552112,78.98607635498047,8336900
2022-06-07,79.25862644424542,79.84767950793861,78.75749064701043,79.54875946044922,10243300
2022-06-08,79.63667423899368,79.69821699435752,78.48493594910276,78.66957092285156,10266000
2022-06-09,78.46736032312567,78.94212162747863,77.29804118690399,77.36837768554688,7381100
2022-06-10,76.63862142535085,77.40351545466,76.23419677889643,76.64741516113281,8861600
2022-06-13,75.35503334514866,76.05838484771975,74.4055108289748,74.7308120727539,12016100
2022-06-14,75.13855862176975,75.37788541966803,74.34082066225365,74.89923858642578,11226900
2022-06-15,74.95241127327355,75.67038482739427,74.23444448170645,75.01445770263672,11357100
2022-06-16,74.25216166140147,75.5108283000993,73.61397277899277,75.24491119384766,12925200
2022-06-17,75.02333226008061,76.01608200954838,73.91535534607593,75.00560760498047,32989100
2022-06-21,76.27312110546062,78.32065994673135,75.58173794261087,78.02815246582031,11778600
2022-06-22,78.03701274847911,80.07568574064116,78.02814704170478,79.0297622680664,11935400
2022-06-23,79.77431836335555,81.68003954343516,79.38430842067338,81.54708099365234,14718400
2022-06-24,82.65505898997561,83.13370571949362,81.28116522399509,82.54869079589844,25248400
2022-06-27,82.61073078030228,84.84441534397338,82.47777900125833,83.68325805664062,11949000
2022-06-28,83.41734490475886,83.61234987328335,81.0772988075704,81.44957733154297,13523300
2022-06-29,81.82187278253117,82.41575351750274,81.44959418154295,81.99915313720703,8657100
2022-06-30,81.23687514088327,82.3448521429069,80.58095464920068,80.81140899658203,18551400
2022-07-01,80.92662211875158,81.9814113548522,80.12001182270967,81.91936492919922,11413800
2022-07-05,81.93710629158235,82.38915597798545,80.24411441635208,82.1143798828125,9574400
2022-07-06,82.70823970573777,83.77190135885095,82.1675465536463,82.54869079589844,10455300
2022-07-07,82.38027536048031,83.27551555200249,82.03458721473368,82.44232177734375,8140100
2022-07-08,82.35370590439052,83.1603095283114,81.9105151678801,82.23847198486328,7161500
2022-07-11,82.32708788278471,84.01121360655782,82.28277287791441,83.58575439453125,9507700
2022-07-12,83.12485044353207,83.53258509482951,82.55756686237443,82.96530151367188,7826500
2022-07-13,82.95644074569746,83.63895828284667,82.45120356481291,83.1159896850586,6415600
2022-07-14,82.03461108375173,83.37304228874709,81.60027927678101,83.21349334716797,6271000
2022-07-15,84.0732814933948,84.51647223058987,83.64782217271775,84.17078399658203,9731900
2022-07-18,84.11760621827018,84.29487981433545,81.47618635655073,81.84846496582031,8653700
2022-07-19,82.56641478952953,82.77914439601366,81.65344318404321,81.86617279052734,8233600
2022-07-20,81.86620463858065,81.92825107971585,79.0829669718502,79.464111328125,11844000
2022-07-21,79.02091405713718,80.1377566686314,78.80818438532306,79.89842987060547,8197000
2022-07-22,79.8718490600586,80.1732155676275,79.29569964920348,79.8718490600586,6354500
2022-07-25,79.9516026113005,80.42139045168649,79.55273367117402,80.24411010742188,6364500
2022-07-26,81.01525761751043,81.50276330774389,80.30614982483056,80.91775512695312,6414100
2022-07-27,80.21751684835017,80.98867110229553,79.7831918550619,80.86457824707031,6966300
2022-07-28,80.69616382165111,80.77593490197556,77.48746070505011,79.72114562988281,13909800
2022-07-29,79.84523524782416,80.73161661577278,78.24974608049538,79.1893081665039,14938600
2022-08-01,79.18931846089018,79.7920581399518,78.31180268606137,78.47135162353516,7343300
2022-08-02,78.94112650392248,79.41090757095958,77.60269543888747,77.65587615966797,7443000
2022-08-03,77.33678555733543,78.01929633400816,76.90246051763462,77.66474914550781,8187600
2022-08-04,77.8331507882958,77.90406292532967,76.79608614375135,76.95563507080078,7993800
2022-08-05,76.69857960714896,77.58496098573625,76.24652321055454,77.47859954833984,8801200
2022-08-08,77.38107832293566,78.69291865863889,77.04424915257952,78.43586730957031,8149400
2022-08-09,78.6663434131059,79.98704970759704,76.94676146067854,79.3488540649414,13215500
2022-08-10,79.80090775772142,79.889544535656,78.16996940355673,79.05635070800781,8140200
2022-08-11,77.83314009300564,79.61476840647956,77.43427121146868,78.82588958740234,7396800
2022-08-12,78.87908302503558,80.68730198727631,78.8436269556716,80.67843627929688,12317300
2022-08-15,80.51003068713295,80.51888963280996,79.67682993982523,80.30615997314453,6339800
2022-08-16,79.73886156899961,80.57206216162558,79.65909049739211,80.29727935791016,5661200
2022-08-17,80.07569592755426,81.44958986258514,80.04024662105289,80.6961669921875,6486000
2022-08-18,81.10389557379098,81.40526199437844,80.24410456056304,81.0152587890625,6111600
2022-08-19,81.14820001203009,82.45117467055056,81.13046860134037,81.61798095703125,8828700
2022-08-22,81.37865549026773,81.74207502687379,80.66955459056732,80.8025131225586,6652100
2022-08-23,80.55435411399625,80.6518566270554,79.52615501612901,79.95161437988281,5208800
2022-08-24,79.95159572556632,80.05796392296426,79.36658754626036,79.78318786621094,5553300
2022-08-25,80.22639304946867,80.22639304946867,78.95000150013948,80.01365661621094,5884300
2022-08-26,80.02249885153573,80.43023341851227,78.96770299100903,79.11839294433594,5695300
2022-08-29,78.73728649045401,78.88796975348666,77.61157796649113,77.63816833496094,7850200
2022-08-30,77.53177280082201,77.62040957763448,76.74289399085167,77.00880432128906,6754000
2022-08-31,77.1506430338411,77.23041411915729,75.48424832477147,75.6615219116211,11602000
2022-09-01,75.90970065374226,77.52291449083518,75.66151494996693,77.24813842773438,7528600
2022-09-02,77.32791093231695,77.80655769666551,76.12243169526579,76.43267059326172,6997500
2022-09-06,76.74290612350823,77.35450471399163,76.370627544509,76.60108184814453,8244300
2022-09-07,76.72517139262702,77.11518137047177,75.40446500749825,76.99995422363281,6121700
2022-09-08,76.671988042918,77.51404763432187,76.34402450347541,77.48745727539062,8109200
2022-09-09,77.6381450367752,78.15224788143463,77.35450325395509,77.41654968261719,7480100
2022-09-12,78.11678209169185,79.03861946177366,77.8420060507487,78.14337921142578,6351500
2022-09-13,77.39881953607131,77.65587094015564,76.32629890958005,76.47698211669922,7650000
2022-09-14,77.73686353342325,78.30872037497008,77.18287423570607,77.69218444824219,9418700
2022-09-15,77.87088570302427,78.12107219250056,77.02203089422049,77.51347351074219,8006800
2022-09-16,77.37945037779586,78.51423368393931,77.20074767335134,78.38020324707031,14842500
2022-09-19,77.60283918153435,77.68326017775361,76.52167204265277,77.41519927978516,7748600
2022-09-20,76.90586937183708,77.24540718102308,76.47697340811841,76.84332275390625,5454800
2022-09-21,77.06671392504872,77.2900957045416,75.52090901144668,75.52984619140625,7190800
2022-09-22,75.54771152406636,78.7644074009842,75.54771152406636,78.19255065917969,12329700
2022-09-23,78.09425710972486,78.6393090967981,76.92373216487645,77.54026794433594,9038500
2022-09-26,76.95056382903024,77.47774159737453,76.20893462742968,77.0041732788086,8841000
2022-09-27,77.57603043509816,78.29978527820685,76.54847280223042,76.70037078857422,6532100
2022-09-28,77.72790778654759,77.96022670326806,77.02202067514013,77.54026794433594,6840000
2022-09-29,77.73686963051857,78.11214943401694,77.04885665743822,77.41519927978516,6601300
2022-09-30,77.96024476074912,78.29085226430998,76.93268716266597,76.9505615234375,9035600
2022-10-03,77.48666529995738,78.54102747032108,76.86119228736216,78.2282943725586,9186900
2022-10-04,78.21935472856413,79.21117024812064,77.73684932847691,78.97885131835938,7373000
2022-10-05,79.14862363053915,79.32732630446625,78.64824387281719,78.97885131835938,6065700
2022-10-06,78.4159562287415,78.63933804938861,77.94238785970118,78.1300277709961,8055500
2022-10-07,78.52315094885655,78.89843747290287,77.84407533158623,78.27296447753906,8837400
2022-10-10,80.35489372466752,81.83814519069131,80.1583166686361,80.8463363647461,14485000
2022-10-11,80.80165497643692,82.18662469199481,80.59614074634014,81.35564422607422,9743500
2022-10-12,81.53435379229518,81.9543126505047,80.74805234137541,80.792724609375,8522200
2022-10-13,79.97066724991791,82.8478253076294,79.76515303847991,82.6423110961914,9382800
2022-10-14,82.44574009217486,83.41968814740093,81.97217183383718,82.36532592773438,9847600
2022-10-17,82.95506481885279,84.3221672080464,82.60658974427552,84.09878540039062,12139700
2022-10-18,84.36684110580116,85.1710169922796,84.00942884324719,84.53661346435547,9530400
2022-10-19,84.80466633659124,84.80466633659124,83.18737753549381,83.3303451538086,8546100
2022-10-20,83.27671519211879,83.4554246856204,82.52615577062237,83.04440307617188,7626000
2022-10-21,82.95505085767154,85.74285780217865,82.77634816845095,85.48373413085938,10297200
2022-10-24,86.18069637078413,87.94094605894739,86.01986120087399,87.00274658203125,11414900
2022-10-25,86.5470371271845,87.82478117760841,86.09133638858091,87.30653381347656,8747900
2022-10-26,87.82477350768552,88.70936336778101,87.56564984824941,87.93199920654297,10374700
2022-10-27,89.20975083013522,90.69300922863025,88.90595485959321,89.12039947509766,12218400
2022-10-28,89.56716501006726,90.37134085699077,88.05710867108643,90.04073333740234,11228000
2022-10-31,89.30802557898032,90.56790198685383,88.73616881453387,90.42493438720703,11043800
2022-11-01,89.93350610956895,90.30878586436498,88.41450591333073,89.13826751708984,11079300
2022-11-02,89.03995581884585,90.27302047105817,88.44129443953713,88.81657409667969,9503500
2022-11-03,88.45917582451543,88.67362040258307,87.56564879598497,88.23579406738281,9912700
2022-11-04,88.4591909672888,88.79872884210846,87.52992188049296,88.63789367675781,8877600
2022-11-07,88.01241547302513,89.67437635118088,87.27078637659714,89.41525268554688,8644500
2022-11-08,89.41526428765957,91.1129672865755,88.93275879425791,90.69300842285156,8503900
2022-11-09,90.51430536003991,92.71238138777319,90.49643099901833,90.77342224121094,10602900
2022-11-10,91.76522044999828,91.86350896566039,89.88881510775177,91.04146575927734,9556000
2022-11-11,89.82627925540766,90.0764657554146,86.96699523094141,87.52991485595703,13342800
2022-11-14,88.19112233708259,90.86277328327725,88.19112233708259,89.66544342041016,8958200
2022-11-15,89.7101247198484,90.01392067017612,88.20006169702738,88.99530029296875,7965900
2022-11-16,88.9774204164091,90.06752444861431,88.89699944142396,89.29015350341797,8757700
2022-11-17,89.71907461057724,91.45251284317331,89.59397452363977,91.4167709350586,8496800
2022-11-18,91.7026830465285,93.46293250943489,91.7026830465285,93.13233184814453,11626300
2022-11-21,93.8203501184828,94.59772118789583,93.13233721712523,94.36540222167969,8899300
2022-11-22,94.83004659165519,95.69676913319637,94.75856959111988,95.51806640625,8295700
2022-11-23,95.38401709692896,95.87545972449082,94.98193263224793,95.44656372070312,5749600
2022-11-25,95.21424343536154,96.05416107177734,95.21424343536154,96.05416107177734,3163700
2022-11-28,95.72357466338217,97.30512176011763,95.72357466338217,96.90303039550781,9524500
2022-11-29,96.50093579952608,97.44807243239191,96.09885129385663,97.25149536132812,9352400
2022-11-30,97.12639655723345,98.58285014585366,96.17032279832524,98.39521026611328,20305800
2022-12-01,98.06459673717626,99.16363804180557,97.18893720187994,98.1092758178711,10110500
2022-12-02,97.3944538378995,98.36839510408453,97.13533016101623,98.32372283935547,6943600
2022-12-05,98.11821126140397,98.49349783429125,97.58209635065626,98.29692077636719,6961900
2022-12-06,98.6096455008146,98.96705768320457,96.876200847319,97.33190155029297,7458700
2022-12-07,97.52848212492044,98.92238218796494,97.39445169953449,98.36839294433594,8270400
2022-12-08,98.53815995742714,99.19936805205367,98.39519917724286,99.04747009277344,7354800
2022-12-09,99.16364745288956,99.51212250075523,97.17107888182449,97.19788360595703,9667800
2022-12-12,96.43838385555905,97.48380896635318,95.8933317583954,97.3676528930664,10956600
2022-12-13,99.4138378920054,99.4138378920054,97.3944645170912,99.10110473632812,15836900
2022-12-14,99.40690707386285,100.89099640915752,98.97517623661514,100.33334350585938,10788300
2022-12-15,99.15506290755086,99.63176885203978,98.24662612596315,98.60639953613281,9871400
2022-12-16,98.25561372252157,98.6693586258584,97.38314880934355,98.21963500976562,29465900
2022-12-19,98.21064691668755,99.02914034160071,97.83287385833587,98.43550872802734,6949500
2022-12-20,98.88522823316008,99.5328313208108,98.183660508951,98.67835235595703,8022000
2022-12-21,99.02914028462311,100.00954134986426,98.52545202342789,99.93758392333984,6640900
2022-12-22,99.74871085320514,100.45927507153218,99.12808999595676,100.05451965332031,8373700
2022-12-23,100.06349641317516,100.85500744248746,99.72170896324792,100.6121597290039,4547400
2022-12-27,101.10684877543416,101.26874266083605,100.31533095931867,100.84600830078125,5125800
2022-12-28,101.53860377941788,101.53860377941788,99.89261359566642,99.91060638427734,5107800
2022-12-29,100.18942720443415,100.46825365205478,99.61378152159539,99.67674255371094,4467200
2022-12-30,100.045514002481,100.21640430232681,99.04712707220885,99.79366302490234,5498600
2023-01-03,99.30796126863677,100.01851846508295,98.48046469080803,99.96455383300781,8062500
2023-01-04,101.02589344902667,101.28673391975128,100.05448897782534,100.81002807617188,8698600
2023-01-05,100.36930352218863,102.45602748437183,100.21639915461948,102.21317291259766,9578900
2023-01-06,102.82479387667989,103.87714535392838,102.58194617509828,103.2925033569336,8632300
2023-01-09,103.3284796332452,103.37345473281593,98.88521565757425,99.28096771240234,12858800
2023-01-10,99.44287807305514,100.74708060202934,98.83125371586937,99.66773986816406,12122800
2023-01-11,98.3455569693101,100.11746911280018,97.81488639675585,99.90160369873047,8626500
2023-01-12,99.7666755239986,100.82802342796612,98.96616811515091,100.53120422363281,8914800
2023-01-13,100.01853688092247,101.13385647223777,99.79367505622413,100.96295928955078,5757800
2023-01-17,100.76506122269603,101.17880608045138,99.22700744857171,99.34393310546875,10241100
2023-01-18,98.86723344970821,99.0291342183516,97.66197750932541,97.85086059570312,8799500
2023-01-19,97.53605867648265,99.1010949169538,97.23024305349537,98.84925079345703,6772900
2023-01-20,98.3815359011316,98.93019926238561,97.72494326372127,98.8852310180664,9216500
2023-01-23,98.8762205225059,99.26298305212725,98.19263880131163,98.83124542236328,8998800
2023-01-24,98.9391787770654,98.9391787770654,95.69217427003913,97.60799407958984,7424200
2023-01-25,97.77889559746788,98.87622218189016,97.43710816225312,97.67095947265625,6168000
2023-01-26,97.6170030315668,97.63499581833015,95.17950195518262,96.1239242553711,9672700
2023-01-27,95.53029533503923,95.9530366570299,94.54090469379364,94.78375244140625,7784900
2023-01-30,94.95463091629443,95.79111700121707,94.89166989322443,95.4223403930664,6476600
2023-01-31,95.4313462750624,96.63660908798448,95.25145958047106,96.60962677001953,7938900
2023-02-01,96.21386585043449,96.62761072936983,95.41335840997995,96.22286224365234,10103200
2023-02-02,93.56049671849786,95.17050806427756,91.51875455037049,93.05680847167969,16229900
2023-02-03,92.84095548523791,93.35364019428596,92.1753663754054,92.589111328125,11210800
2023-02-06,93.029829178183,94.10017359971447,92.49915173325368,93.56949615478516,9054500
2023-02-07,93.27266525970737,95.27843539240182,93.14674320964443,95.05357360839844,7904700
2023-02-08,95.17051036575614,96.70856432425961,94.72978313913228,95.91705322265625,8596300
2023-02-09,96.11492810118732,96.9963825121352,95.82710527239489,95.98900604248047,7976800
2023-02-10,96.21385540245214,97.83285603175024,96.12391206675281,97.65296936035156,7609600
2023-02-13,97.77889990442658,98.5524250107231,97.45509837796584,98.53443908691406,7383100
2023-02-14,98.89421558910033,98.9391906934014,97.31119347881688,97.8058853149414,6983900
2023-02-15,97.61700680060503,97.85086500189547,96.74454188930868,96.85247802734375,6416600
2023-02-16,96.07895156376762,96.65459723437749,95.5482809989582,95.80012512207031,5959300
2023-02-17,95.63822202860875,98.52544670523586,94.90966513329116,98.50745391845703,9474600
2023-02-21,97.94978729542743,98.83124158117478,97.706932743675,98.10269165039062,6741500
2023-02-22,99.12805477549783,99.22699449620238,97.96776730179207,98.18363952636719,7213900
2023-02-23,98.2735967771764,100.05449827767329,98.12968194040563,99.46985626220703,6922800
2023-02-24,99.02014243874007,99.23601471514785,97.94080850565229,98.84025573730469,5787900
2023-02-27,98.96618394388007,99.0561273001808,97.60801661835289,98.36355590820312,5654800
2023-02-28,97.88682236312746,97.89581189265789,95.48530042913768,95.5572509765625,10209900
2023-03-01,95.30541233524468,96.73553676923963,95.30541233524468,95.92603302001953,6099000
2023-03-02,95.90805308208033,96.57364895516973,95.43134716097413,96.24984741210938,5097500
2023-03-03,96.58263527004308,96.59163166322783,95.45832630025764,96.1329116821289,6124300
2023-03-06,96.83448018350344,100.05449565615501,96.64559024963162,99.92857360839844,17776600
2023-03-07,100.53122850219957,100.90000521402041,99.58681289065616,100.08150482177734,13805300
2023-03-08,99.77568755555309,100.09049273271667,96.77153005661363,97.39215087890625,8440800
2023-03-09,98.3095741891768,98.84924109547202,96.33978277585035,96.78050994873047,5842500
2023-03-10,96.63659605567372,99.58678136743298,96.5466458582711,96.86145782470703,9738500
2023-03-13,93.9652586511703,97.89583888178964,93.90229761591803,95.09856414794922,10687100
2023-03-14,95.50611337570336,97.02769046684438,94.66381164828698,96.88278198242188,9806900
2023-03-15,96.43897987212368,97.84281132053283,95.6147892063933,97.48052978515625,10942700
2023-03-16,96.45710277890791,97.55299954936203,94.40116569432544,97.21788787841797,9441500
2023-03-17,97.04581377510178,97.19072226763082,93.73094649790933,94.2834243774414,26402100
2023-03-20,94.93550745963537,96.82842472546766,94.93550745963537,95.86837768554688,12865800
2023-03-21,96.00426028741146,96.39371180837146,94.88119351694763,95.58763885498047,11571800
2023-03-22,95.52422922682305,96.00424936807202,94.54607106544051,94.55513000488281,5705800
2023-03-23,94.28340809279192,94.76342818817695,93.70376040289919,94.40115356445312,6801700
2023-03-24,94.27436596891478,95.10761571795567,92.77996560465019,94.91741943359375,6661800
2023-03-27,96.07671355131681,97.46243425187338,95.99519691072409,96.8465576171875,7563100
2023-03-28,96.55672565051816,96.93711818161655,95.4970577810529,95.57856750488281,6679500
2023-03-29,95.66007164951176,95.88649673273922,94.67285469346861,95.02607727050781,6310200
2023-03-30,95.20722940286322,96.18538059221488,94.681921507691,95.9317855834961,5017400
2023-03-31,96.21255917655647,96.48426515805627,95.56950579413143,96.35746765136719,7184300
2023-04-03,95.95896412548719,99.15609265867472,95.61480042696125,98.6036148071289,6964100
2023-04-04,98.4496373302242,99.02928507237138,97.96056516211877,98.5673828125,6108200
2023-04-05,99.54554780641692,101.74639344390657,99.24666497541958,101.35694885253906,8006100
2023-04-06,102.3441682099103,103.40383625776715,101.11241483618107,101.73735046386719,6894500
2023-04-10,102.3079377329409,102.42567632196295,100.68673284898253,101.9909439086914,6446500
2023-04-11,102.09055443644374,102.62491437787764,101.72827287939829,101.88224029541016,5639800
2023-04-12,101.66487161824992,103.5306122626004,101.32975997700571,103.02342224121094,6136700
2023-04-13,104.12837699578084,104.8982209604618,102.93285273382041,104.68085479736328,7332300
2023-04-14,104.82576891660023,105.2152203893528,103.84761767498927,104.43631744384766,5005100
2023-04-17,104.78048840546823,105.46881577975518,103.43098974520471,104.16461181640625,6575500
2023-04-18,103.68458552454096,104.26423323161484,103.00531022000634,104.00157928466797,5454500
2023-04-19,103.6936445789734,104.50877638163155,103.25891222418653,103.36759185791016,4683400
2023-04-20,103.41289042233669,103.72082529657303,102.34416348301879,103.4038314819336,4657900
2023-04-21,104.03782659648027,104.74427193299671,103.78422463341941,104.49067687988281,6554600
2023-04-24,104.73519933286211,105.3148470672233,103.94723745492766,105.00691223144531,4299100
2023-04-25,105.26051008893675,105.8401578389232,104.97974515345945,105.54127502441406,5662800
2023-04-26,104.33668347177479,104.33668347177479,102.09055034599136,102.73359680175781,6607900
2023-04-27,103.79327148770977,104.481605773114,100.22481636878892,104.30046844482422,9975200
2023-04-28,103.57590212957683,104.63556997840242,102.76077035742411,104.58123016357422,8050400
2023-05-01,104.88012943003166,105.6046857446234,104.40010232055519,105.36920166015625,5238900
2023-05-02,105.66806985794881,107.2258757377589,104.88916691804377,106.77302551269531,8175600
2023-05-03,107.18965325077365,108.36706666978047,106.8092606975363,107.07191467285156,6738600
2023-05-04,106.87267478817657,106.87267478817657,105.50506489635613,106.30208587646484,6490200
2023-05-05,106.31112703947905,106.7730362502805,105.5684528720859,106.58283996582031,4534000
2023-05-08,106.0394208370408,107.27117412371908,105.45977304448003,107.21682739257812,5157300
2023-05-09,107.09908127939677,107.44324497267168,106.27489052952107,106.35640716552734,4933100
2023-05-10,106.33829792774924,107.02662532550617,105.44164946681265,106.78208923339844,5605400
2023-05-11,106.49225779782651,106.68245405818294,105.40541314014501,106.465087890625,5596700
2023-05-12,106.87265293861952,107.37079094934575,105.69523959141902,106.09375,5233100
2023-05-15,106.09374860055921,106.6371674805814,104.59934149803873,105.3963623046875,5697200
2023-05-16,104.95256091138573,105.74958169370173,104.41820098682908,105.13370513916016,4278200
2023-05-17,105.39637267422638,105.65902665590023,102.77889870747751,103.93819427490234,7210400
2023-05-18,103.37664491753911,104.21894658071994,102.64302979184625,103.24984741210938,6437100
2023-05-19,103.54874097705296,105.27862535815393,103.34042681935564,104.59934997558594,7647000
2023-05-22,104.59028237990994,106.03940159839932,103.54872556632694,103.69363403320312,5607400
2023-05-23,103.22269387847943,103.96536806091957,102.38945102207282,102.58869934082031,7733000
2023-05-24,103.34948242220423,103.53967869398848,101.93659188326632,102.8875732421875,4509500
2023-05-25,102.79700474598602,102.79700474598602,100.61426326676397,101.71016693115234,7037500
2023-05-26,101.43846268558397,102.51624856280131,100.21576831198819,100.59616088867188,6378200
2023-05-30,99.74479207225629,100.27010001271647,98.69418310128228,98.87532043457031,7768100
2023-05-31,98.24132911011884,100.66860659728587,98.24132911011884,99.9983901977539,14563500
2023-06-01,100.22482424815202,101.06711910986961,99.51837202841207,100.4693603515625,6959900
2023-06-02,100.63237456590545,102.09961173894396,100.27915195368347,101.90940856933594,5792800
2023-06-05,102.34415138887896,103.68459110231312,102.26264166472389,102.44377899169922,5185500
2023-06-06,102.84228881931661,102.99625623736642,98.97494402983229,99.6361083984375,6960200
2023-06-07,99.29195273143486,99.3281815840597,96.79222408984512,98.3681411743164,12420500
2023-06-08,98.09641033712433,100.59614543258986,97.81564541794069,99.9168701171875,8352700
2023-06-09,99.79913463234709,100.99465894798062,98.73945985603302,100.27009582519531,6521900
2023-06-12,99.79914222855842,100.52369849654728,98.35907481264705,99.50025939941406,7468500
2023-06-13,98.35001413185041,100.20670292372918,97.86094194183934,99.61799621582031,7304200
2023-06-14,100.03740034192208,100.2288673693656,98.78829797494636,99.0709457397461,6137300
2023-06-15,98.83388429898713,100.20151182999862,98.7791744675896,99.74563598632812,7305700
2023-06-16,99.83681456446674,100.71209539166814,99.43564157679013,99.67269897460938,15844300
2023-06-20,99.45388730551822,101.07680438498744,99.40829693339708,100.50240325927734,7744400
2023-06-21,100.3929919880397,101.67855841825367,99.85505480492972,101.35033416748047,6854800
2023-06-22,101.7515013686965,103.79382349071763,101.7515013686965,103.68441772460938,7884100
2023-06-23,104.08558170729734,104.76939551052327,103.0461783267693,104.48674774169922,16407900
2023-06-26,104.34088178961031,104.48675846542437,101.91561857965722,103.10089874267578,7685100
2023-06-27,102.87296095689871,103.67530006550385,101.99768003220734,103.31971740722656,7093900
2023-06-28,103.43824411653513,103.54765684222494,101.60562791500415,102.51737976074219,8173800
2023-06-29,102.34414868650977,103.83030174898114,101.94297563273955,103.52030944824219,6281800
2023-06-30,103.74822987763504,105.40761774297148,103.41999869933872,105.20703125,8090600
2023-07-03,104.36823002310464,104.50499418480463,103.51118110215798,104.24058532714844,2834600
2023-07-05,103.97616741615954,104.33175003194997,103.41087884320659,103.66616821289062,5861500
2023-07-06,102.93677581020087,103.42912259875428,101.85178898230832,101.88825988769531,7257400
2023-07-07,101.26826141670735,101.66031492740736,99.16211720784473,99.38093566894531,11316600
2023-07-10,99.5085893994226,100.83974617267528,99.47211849323723,100.2562255859375,5949200
2023-07-11,99.81859415082069,100.31093402129845,98.69713633089702,99.107421875,6084400
2023-07-12,98.80654757548601,99.42653909345074,97.73068014596232,97.98596954345703,8376700
2023-07-13,97.85829471155526,98.38711227559418,96.88272083946867,96.93742370605469,9764400
2023-07-14,96.88274501579477,98.17743085956549,96.88274501579477,97.867431640625,7209900
2023-07-17,97.59390003638975,97.95860209727479,95.99833460661678,96.25362396240234,7376400
2023-07-18,96.53627531032552,97.5847912414681,96.05304798316683,96.60009765625,7499100
2023-07-19,96.7915716501374,97.90390297109045,96.56363370667658,96.60009765625,6608600
2023-07-20,97.14715332736766,99.33535199811999,96.70038995418842,98.88859558105469,8073000
2023-07-21,99.13478047712954,100.85799089568931,98.81566176871037,100.64828491210938,8194000
2023-07-24,100.28357535606331,100.60268708472707,98.92506716482964,99.1894760131836,6045500
2023-07-25,98.14095792195148,99.12565148250684,97.84919763987365,98.04066467285156,6498700
2023-07-26,97.37508922731712,98.47830800492704,96.7003879270687,97.6850814819336,7042700
2023-07-27,97.77625457852984,98.12272469138978,95.88892875635179,95.9801025390625,9813100
2023-07-28,96.12599790950189,97.23833628047258,95.95276283189068,96.9556884765625,6903800
2023-07-31,97.14714561894475,97.34772514816079,96.34479967762702,97.23831939697266,7397500
2023-08-01,99.9279868052458,99.9279868052458,95.86157498161948,95.98921966552734,10009200
2023-08-02,96.67304928000405,98.59684627456917,95.6245332424364,96.3721694946289,10873500
2023-08-03,95.80687323031377,96.44509665735244,95.61540620220217,96.3995132446289,6039300
2023-08-04,96.31746840277421,97.02863375882485,95.28719127876684,95.73394775390625,6700700
2023-08-07,95.99834021846206,96.90097248093062,95.20511371137538,96.72773742675781,8259100
2023-08-08,96.36303082446197,97.7306582527689,96.36303082446197,97.01949310302734,10152200
2023-08-09,96.89185067367583,97.36596545591476,96.45421375050057,96.73685455322266,6479500
2023-08-10,96.8371444773731,97.59390003638975,96.11685982005629,96.25362396240234,6525700
2023-08-11,96.60008789117397,98.20477279863623,96.27185672928138,97.95860290527344,5904300
2023-08-14,98.39623477436511,99.77298169085162,97.84006572055641,99.29887390136719,8427200
2023-08-15,99.2806447409927,99.76387204208069,98.85212031742753,99.0709457397461,5118700
2023-08-16,98.9250672860933,99.80946761812693,98.72448078322621,99.13477325439453,5332900
2023-08-17,99.07094821130477,100.54798159017824,98.76094900000994,99.30799865722656,6457800
2023-08-18,99.35358682580468,99.83681412824174,98.66065356542197,99.56328582763672,6711400
2023-08-21,99.4629960304782,100.29269346993689,99.33535134073284,99.96446228027344,6012500
2023-08-22,99.92799044590166,99.92799044590166,97.73978485386596,97.76714324951172,6026000
2023-08-23,100.28358193867811,102.01591180870945,100.12858579688377,101.47798156738281,10588200
2023-08-24,101.15884918011098,102.13442322904025,99.46299044741319,99.79122161865234,6487700
2023-08-25,100.23798384992149,100.5935664554603,99.36270305504797,100.4841537475586,4839100
2023-08-28,100.50240353029056,100.84886670855748,99.06183402319304,99.31712341308594,4335600
2023-08-29,99.63623403219354,100.76680429879357,99.31712229840895,100.28357696533203,5673100
2023-08-30,100.56621501751323,101.02209086626694,100.0373973634917,100.4841537475586,4785000
2023-08-31,100.4021054867425,100.78503955331466,99.28064777050822,99.36270904541016,9212000
2023-09-01,99.97359194666565,100.63005439297658,99.6088898147024,100.14682006835938,4941300
2023-09-05,99.80035127838713,100.03740869430129,98.0041991178769,98.0224380493164,6379900
2023-09-06,97.33862225024119,97.55744073033561,95.66099535321311,97.09244537353516,7926100
2023-09-07,97.475371408795,99.09828821897052,97.42978104423875,98.41447448730469,8532600
2023-09-08,98.04978939451814,99.50859088311356,98.04978939451814,99.4265365600586,6807500
2023-09-11,99.68182484820058,99.7821181015676,98.77918556789731,99.01624298095703,5069300
2023-09-12,98.85212786592682,99.8185894980169,98.05890825681983,99.39917755126953,4605400
2023-09-13,99.36270665463665,99.99181061855005,98.1683071574756,98.29595184326172,6761500
2023-09-14,98.85591617586418,99.608649198968,98.18579686093156,99.36079406738281,6872400
2023-09-15,99.25063036185087,99.99418165892602,98.4611778968058,98.69984436035156,9639000
2023-09-18,98.92934144433971,99.08540122160021,98.0848131357308,98.9752426147461,3911300
2023-09-19,98.81920519635946,99.3057268627114,98.13991119070978,98.55299377441406,5818300
2023-09-20,99.33324445069434,99.50766048542421,98.45199664977787,98.50707244873047,4593600
2023-09-21,98.47035134108795,99.03031196660623,97.69008051974545,97.97465515136719,5856600
2023-09-22,98.42446926551074,98.42446926551074,97.26782833919121,97.61665344238281,5027200
2023-09-25,97.35045603460841,97.47897092413831,96.48756434473376,97.15767669677734,6052200
2023-09-26,96.49673501496487,97.80942866902161,96.48755338003149,96.74458312988281,5400500
2023-09-27,96.79967731673888,96.86393476640558,94.826052646889,95.4135513305664,5635500
2023-09-28,95.99185906323324,96.35904745578658,95.26666391391281,95.74401092529297,4758800
2023-09-29,95.79909067399535,96.0928399994153,94.28444286961209,94.50475311279297,7232700
2023-10-02,94.39459538044942,94.39459538044942,93.03600046114774,94.13756561279297,7079700
2023-10-03,93.8529697763646,94.03656742867564,92.64125328524905,93.42152404785156,5924000
2023-10-04,93.24714457746192,94.02741558728938,93.01765269201053,93.78874206542969,6720500
2023-10-05,93.96314750883062,95.20240214935579,93.9447842380916,95.10142517089844,6449100
2023-10-06,95.2207623348591,95.86333671918973,94.47720397180734,95.35845184326172,6854900
2023-10-09,95.0096371664385,96.56100449753417,94.83522109862453,95.92760467529297,5061100
2023-10-10,95.7623670309112,95.8908819175565,94.6975283982022,95.11061096191406,7177200
2023-10-11,95.46862660352052,95.66139895143014,94.41296250479347,94.9729232788086,5375100
2023-10-12,95.027997190654,95.42272351520283,94.48639970072284,95.09225463867188,5124000
2023-10-13,95.11061767346709,95.94596449560837,94.34870293206487,95.4778060913086,5787500
2023-10-16,95.652213261516,96.7262405879813,95.52369836835544,95.59713745117188,6473500
2023-10-17,95.46860390939645,95.91840594759515,94.68833306661321,95.6246566772461,5827200
2023-10-18,95.5695904984585,95.89087770094376,93.5500649369491,93.62349700927734,7136400
2023-10-19,93.32057028124109,93.38482771981272,91.0072884855916,92.19146728515625,7647600
2023-10-20,91.78757313248042,94.88112628946713,91.78757313248042,94.24772644042969,12467500
2023-10-23,94.39458540786272,95.60630204418206,94.24770726841302,94.8719253540039,8493000
2023-10-24,94.8443974382823,95.52369139591045,94.25689882570617,94.57818603515625,6347900
2023-10-25,94.87193751171642,96.02857849573172,94.50474911957265,95.12896728515625,7849200
2023-10-26,94.64245475105652,98.43366528479224,94.54147775840991,96.8914794921875,11335700
2023-10-27,96.68034059248112,96.90983247643625,93.83464263214464,94.38542175292969,8933800
2023-10-30,94.8076760356763,95.92759743248732,94.1926395320295,94.25689697265625,6915500
2023-10-31,94.33950310196867,95.0555235302642,93.08189229308176,94.2752456665039,7522600
2023-11-01,95.05552232906662,95.67974041006562,94.3027893787621,94.4129409790039,5838100
2023-11-02,94.31196400975884,94.60571328296218,93.31138295537514,94.4129409790039,5379100
2023-11-03,94.8902928367901,95.69810162902854,94.34868842793844,94.89946746826172,6005900
2023-11-06,95.5420570693482,95.80826847916785,94.67916539638355,95.78072357177734,5951200
2023-11-07,95.78989987052606,96.12955034072421,95.22076454648162,95.46861267089844,6616400
2023-11-08,95.4502631335571,96.5426396893087,95.32174124110898,95.83580780029297,8152100
2023-11-09,96.12038782350817,96.12038782350817,93.77039297764101,93.98152160644531,7377000
2023-11-10,94.403765711225,94.88111268958299,92.34752066012487,93.07271575927734,7627100
2023-11-13,92.7973179800282,94.13755650201661,92.32915966433555,94.06411743164062,5878200
2023-11-14,94.23855120346074,94.75261078574019,93.54089391069826,93.78874206542969,6944400
2023-11-15,93.52252475880002,93.78873616961324,92.45768611908319,93.03600311279297,7392600
2023-11-16,93.47662586108511,93.68775444977439,92.74224910951673,93.62349700927734,7889700
2023-11-17,93.63269012976043,94.0182348200342,92.67800303703261,93.4031982421875,6767000
2023-11-20,92.68717349145801,94.48638883254257,92.6137344154458,94.25689697265625,7449900
2023-11-21,94.55064985706734,95.12896684462886,93.49498586086861,93.82545471191406,7403500
2023-11-22,93.816275871374,94.25690335374148,92.81569465622854,93.33893585205078,5724000
2023-11-24,93.87133522816713,94.10082704624648,93.11860234500823,93.5133285522461,3168000
2023-11-27,93.55006347994183,93.77037370056678,92.4393167345218,93.10943603515625,7356500
2023-11-28,92.99926803066428,93.03598756431592,91.80591470289349,91.96196746826172,8738500
2023-11-29,92.05377448077626,92.870764948467,91.61315402811886,92.83404541015625,10286800
2023-11-30,92.56783773487473,94.2660831832873,92.05377818491068,94.07331085205078,29299700
2023-12-01,94.41296250479347,95.17487726334346,94.23855343013432,94.9729232788086,6863400
2023-12-04,95.22077416747175,96.73541497640163,95.22077416747175,96.44166564941406,10169900
2023-12-05,96.31315143943563,97.67174646359574,95.63385742912378,97.51569366455078,10789100
2023-12-06,97.53404715808117,97.82779647879228,96.7813140860379,96.96490478515625,9954800
2023-12-07,96.92817527087128,96.9373569059433,95.2207623348591,95.35845184326172,9602200
2023-12-08,95.27584002087656,95.47779397523838,94.22935771512496,95.23912048339844,7530300
2023-12-11,96.24888614193267,96.81802848463083,95.07388892149146,95.80826568603516,7429700
2023-12-12,95.909246144151,96.19381382405126,94.93619584531505,95.79908752441406,7933500
2023-12-13,95.615477947643,98.32347869873047,95.44106191838468,98.32347869873047,10995000
2023-12-14,98.63785712840956,99.12790159523529,97.21395021194103,97.89816284179688,10723000
2023-12-15,96.98280958241364,98.25877499028165,96.4003050155225,97.18622589111328,26393300
2023-12-18,98.15705305228852,99.12789379100599,97.66700156979648,98.04609680175781,12805600
2023-12-19,98.05536316820523,98.61937853510396,97.49134780130649,98.46218872070312,8043100
2023-12-20,99.06318615900757,99.06318615900757,97.30641738980104,97.41737365722656,8441600
2023-12-21,97.81493808525536,98.5731214549975,97.39885745836544,98.36970520019531,5919400
2023-12-22,99.07244465332411,99.91384017644141,98.7858093626863,99.58097839355469,6028700
2023-12-26,99.3960380311469,99.94155708639539,99.13714715379186,99.5162353515625,4727700
2023-12-27,99.22036962509368,99.9230785486632,98.94298953591355,99.8398666381836,5387000
2023-12-28,100.13574202952856,100.83844389227932,99.97855222079008,100.57030487060547,5530400
2023-12-29,100.77371533509,101.00486892099302,100.58879528806663,100.80145263671875,5889200
2024-01-02,100.93089495464785,104.77728656791083,100.93089495464785,104.70331573486328,11920100
2024-01-03,105.65569659179894,107.16282275265404,105.5539954859564,106.11800384521484,10721900
2024-01-04,107.18128421170555,108.78086999858989,107.12580961300625,108.18911743164062,11492200
2024-01-05,108.27234451404362,108.5959581422522,107.8470227377912,108.38330078125,6861500
2024-01-08,108.72541055997168,109.00279771863683,107.42170784444184,108.53124237060547,8193100
2024-01-09,108.65144684645264,110.89826025973628,108.37405968757872,109.50209045410156,8822300
2024-01-10,109.28017589059304,110.18629403312029,108.86409518681191,109.89966583251953,7129100
2024-01-11,109.84420034281294,109.93666037768809,108.25386234766587,109.50209045410156,5754400
2024-01-12,109.16921468765048,109.72398188001848,108.78087835841764,109.68699645996094,6823300
2024-01-16,109.55754852294922,110.34346928210073,109.04901488079115,109.55754852294922,6832300
2024-01-17,110.19554121129237,110.39895750194891,108.74389692844531,109.22469329833984,5591400
2024-01-18,108.78089161521306,109.67776876172735,107.82853985897574,109.60379791259766,10524700
2024-01-19,109.29866064619235,110.04759600670883,108.84560159328402,109.92739868164062,7605600
2024-01-22,110.0660901254377,110.92598173009922,109.89965926472102,110.42668914794922,8786200
2024-01-23,109.23394447702466,110.94447970344038,108.42952741078142,110.8057861328125,6501400
2024-01-24,110.67634302553994,110.90749663006633,109.5113339377856,109.91815948486328,5859900
2024-01-25,109.7147364756692,111.1201471110237,109.7147364756692,111.07391357421875,6689800
2024-01-26,111.42527823953166,111.89682648297611,111.02769378348682,111.71190643310547,8300300
2024-01-29,112.20194500951256,112.30365314786339,111.40677613926826,112.13722229003906,9138200
2024-01-30,112.13723605982013,112.58105408659897,111.12016160566853,112.48859405517578,7469500
2024-01-31,113.29299422735754,113.58887053470801,111.41602824126726,111.67491912841797,10779000
2024-02-01,114.32855959711813,116.89898622224226,113.514894498462,116.85275268554688,11650700
2024-02-02,117.15788850729545,117.9438093279251,116.6031212841597,116.88050842285156,10175600
2024-02-05,117.40754870806416,118.16573229260896,116.22403625884304,116.66785430908203,8027700
2024-02-06,117.06542071170233,117.90681608254347,116.56612812773449,117.3150634765625,6153000
2024-02-07,117.3335809812383,118.40613012864478,116.96373377190032,117.86061096191406,6742800
2024-02-08,117.72190506464905,117.86984675461123,116.45518079777808,117.0654296875,6308300
2024-02-09,116.70483118687716,117.13940108538219,115.6137859081245,115.99287414550781,7891200
2024-02-12,115.57679356515884,116.02061155631802,115.0220263668956,115.89115905761719,5257400
2024-02-13,116.48292888025577,117.296587038323,115.0960072366252,115.9743881225586,7273400
2024-02-14,116.14080803103215,116.52914436154597,115.41036185454324,116.33497619628906,6622400
2024-02-15,116.4736720015218,117.63868806974746,116.45517576395201,117.00070190429688,5756700
2024-02-16,116.96371786798933,118.4338513310421,116.65859343270553,118.1564712524414,6266800
2024-02-20,118.47084396852897,119.54338591731569,117.62019338527996,117.76813507080078,6952800
2024-02-21,117.83285501265934,118.49857847328981,117.24110239304284,118.46158599853516,4849200
2024-02-22,118.48932537742849,119.94097670434599,118.02702524860634,119.5156478881836,6517400
2024-02-23,120.00569546259533,120.42178322486515,119.14581085202903,119.69132995605469,5177400
2024-02-26,119.62661136568295,119.9224806268252,118.78520890533285,119.12731170654297,5158400
2024-02-27,118.59104432663713,119.42320579707695,118.16572958022073,119.3030014038086,4780200
2024-02-28,119.5896146228791,119.64508922558278,118.07324767883306,118.52631378173828,5697200
2024-02-29,118.44310804979274,119.13656883671543,117.48150119116896,117.5647201538086,11246100
2024-03-01,117.30582617972752,118.21194430050346,116.88974548593438,117.3890380859375,6023400
2024-03-04,115.07749823986956,117.00069773217923,113.99570117078817,114.69841003417969,12706200
2024-03-05,115.28092402835104,115.61378577771355,113.16355619933601,113.57038879394531,8277800
2024-03-06,113.57961810228198,115.35488293320694,113.2745007421558,114.4210205078125,8251400
2024-03-07,114.06042458737701,115.14222166305859,113.56113200146686,114.64292907714844,8982200
2024-03-08,113.94022996993858,114.68916533946819,112.85842581431528,114.18987274169922,9822700
2024-03-11,115.25317194730395,115.25317194730395,112.6550010115676,113.514892578125,7769300
2024-03-12,113.72756587365583,113.92173404205235,112.27592161581242,113.41320037841797,11621800
2024-03-13,113.87552699007142,113.92175348324635,111.69343617154577,112.95091247558594,9186000
2024-03-14,112.88575079671286,112.88575079671286,111.34115881728694,112.13206481933594,10132500
2024-03-15,111.50864796072283,113.46266038118428,110.94106205743002,113.07185363769531,46477400
2024-03-18,113.37891412938933,113.99303394447718,112.70896782165514,112.99742126464844,8311900
2024-03-19,112.9974305488125,113.76042343997827,112.05764428441482,113.70458984375,11696600
2024-03-20,112.84854394630607,115.29570938648027,112.01111104090414,115.23987579345703,9793200
2024-03-21,115.09098928646364,115.55622894615637,114.50478277189475,115.0258560180664,8156300
2024-03-22,115.18404929942847,115.83538205974403,114.65367630917302,115.23987579345703,7022500
2024-03-25,115.453887706197,116.84960683098468,115.16543425975789,116.59837341308594,7605800
2024-03-26,117.03568882019532,117.31483545838414,116.17034276060261,116.79376220703125,8864400
2024-03-27,123.63279247259194,123.84681295565164,121.0646744577746,122.59066009521484,16061600
2024-03-28,122.8232754648033,123.2140750920691,121.96723615774661,122.77674865722656,10189700
2024-04-01,122.52552566123262,122.75814552088531,121.06468032556822,121.88350677490234,5377600
2024-04-02,121.05537453684546,121.66948014488322,120.29237462063274,121.28799438476562,6584200
2024-04-03,121.28798976400738,123.1024216690617,120.43193626204452,120.8692626953125,7741400
2024-04-04,121.73462165760698,121.83697495957013,118.48724343894789,118.78500366210938,6753200
2024-04-05,118.77568907718599,119.65964870888568,118.17087608686387,119.09204864501953,5692900
2024-04-08,118.76640179391335,119.0269349158406,117.12875590023398,117.76148223876953,6282500
2024-04-09,117.78007936209623,118.17087899043197,116.78446672857756,117.90103912353516,4696600
2024-04-10,117.1101444242917,118.17089043190259,116.3564583396721,117.93827056884766,5787700
2024-04-11,117.75216753436476,118.30114695711156,116.7379413259593,117.37997436523438,6187200
2024-04-12,118.20809243471045,118.27322570247298,116.40296030101504,116.99846649169922,7370000
2024-04-15,117.88243022320596,118.93386932504089,117.11943744599077,117.41719055175781,6241000
2024-04-16,117.76146457309318,117.98478472895445,116.33783229969946,116.3657455444336,5587300
2024-04-17,116.93332194084662,117.41717511096083,116.0400627410124,116.65418243408203,6122800
2024-04-18,116.79375853094729,116.79375853094729,115.84467276916675,116.52392578125,5992700
2024-04-19,116.91473054899481,117.35205697485154,116.2075642625245,117.03569030761719,8404300
2024-04-22,117.90104551048503,119.1758048612966,117.44511258606114,118.11505889892578,7805800
2024-04-23,119.19439701579084,119.19439701579084,117.92893757512502,118.0592041015625,7744000
2024-04-24,118.00339660363173,118.71986261430732,116.63559075698393,118.17088317871094,7128300
2024-04-25,120.6738630084982,123.56765420708707,119.80850987425134,121.63225555419922,12750100
2024-04-26,121.08328241742537,122.73953452538746,121.08328241742537,122.07888793945312,7758200
2024-04-29,122.5627473239561,123.00937345913489,120.33890213276847,121.073974609375,6788000
2024-04-30,121.81836152012751,121.81836152012751,120.01322920984298,120.2365493774414,6945000
2024-05-01,119.66894792652013,120.89717326663113,118.91526193631758,119.84574127197266,5895700
2024-05-02,120.08767097822148,120.67387755278394,119.09205828854581,119.3432846069336,7422500
2024-05-03,119.11064114647736,119.54796752050972,118.33834878064712,118.6454086303711,6221900
2024-05-06,118.33836940324225,118.85013590863342,117.94756976221322,118.70125579833984,6552000
2024-05-07,118.26393934080444,121.36243058390664,118.23602609251446,121.31591796875,6682300
2024-05-08,121.50199457929997,122.36733355515446,120.33889539799789,120.5436019897461,6659100
2024-05-09,119.97600325729526,121.42754869414499,119.97600325729526,121.17631530761719,9216700
2024-05-10,121.72532377103887,121.7811502642082,120.9157970261164,121.01815032958984,5722600
2024-05-13,120.50638049046434,120.69248772655084,119.11997528834542,120.30167388916016,7109700
2024-05-14,120.21792959335727,120.21792959335727,119.12927045387625,119.7154769897461,6154300
2024-05-15,119.92017920222834,122.79535689104833,119.77129910363884,122.57203674316406,7237100
2024-05-16,122.2370689881952,122.61856893333845,121.69738925559975,121.78114318847656,5518100
2024-05-17,121.60434803438956,122.19055456588951,120.78552166632463,122.06958770751953,8281600
2024-05-20,121.71601309299787,122.58136635386043,121.56713297530267,121.88350677490234,4860400
2024-05-21,122.52551101818038,123.55834363952386,121.40893866488716,121.66947174072266,6254700
2024-05-22,121.1204943017211,122.45108714436478,121.10188073943564,121.98584747314453,4407500
2024-05-23,121.79976149302384,122.74885456330965,121.25078199273705,121.97655487060547,6830900
2024-05-24,122.31150930880888,122.31150930880888,120.18071781670844,120.48777770996094,5983800
2024-05-28,119.88296076936125,120.10628093343483,116.99847609052364,117.32414245605469,10263400
2024-05-29,117.37066718710236,117.65911352018128,116.5704543608245,117.14735412597656,8527800
2024-05-30,117.22179610909714,118.96178801662947,114.1698177614954,115.87259674072266,13000300
2024-05-31,116.43087799037252,117.80799054578553,115.8912053650159,116.8123779296875,18150500
2024-06-03,117.02638527358413,119.9853099043906,117.02638527358413,119.49215698242188,7702500
2024-06-04,118.31045598966429,120.36681459196824,118.05922257864849,119.76200866699219,6440100
2024-06-05,119.54798017994021,120.9064862470023,119.16649444563117,120.45054626464844,5009400
2024-06-06,120.1807296262478,121.82766803645421,119.93879588161498,121.44618225097656,8088500
2024-06-07,121.2879855057608,122.2370641932449,121.15771896838135,121.58573150634766,4945600
2024-06-10,121.54852678383251,122.52551878112173,120.63664676264584,122.34873962402344,6033700
2024-06-11,121.89278588182354,122.98144493746764,120.72038709835769,122.67438507080078,11453200
2024-06-12,123.47461310358703,123.48392698426697,121.11120168306317,121.1484146118164,5822000
2024-06-13,120.9809263449142,121.07396575903142,119.65033352134867,120.37610626220703,5004200
2024-06-14,120.18071621029918,120.84134859768827,119.70616265525743,120.47846221923828,7338500
2024-06-17,120.0104622775424,120.69377184883126,119.22417993490247,119.34586334228516,8524000
2024-06-18,120.0666108731855,120.49718398616787,118.96206929067817,119.80451202392578,6532400
2024-06-20,119.24289159704193,122.08846496709351,118.64382276740331,121.3770751953125,10348400
2024-06-21,121.84508860437528,122.80921470325515,120.83415735563274,122.35991668701172,17170800
2024-06-24,122.87473770260719,124.78426487401168,122.55647127160178,124.45665740966797,8553800
2024-06-25,124.60643393597981,126.01987248018497,124.1197003192718,124.41922760009766,6750600
2024-06-26,124.84979758941402,124.89658845465333,123.08067153900606,123.09002685546875,8492100
2024-06-27,123.54870447766979,123.82950682358926,118.67189901491382,121.51748657226562,11927600
2024-06-28,121.25537872198979,122.59393177640263,113.13986968327009,115.88248443603516,57055500
2024-07-01,117.36142865694225,120.92776827927365,117.09933695587081,119.72026824951172,11533000
2024-07-02,120.01045598149864,120.03853621700117,118.55958192118202,119.55178833007812,5645400
2024-07-03,119.52371227163985,119.75772376429074,117.28656297321442,117.80138397216797,4002100
2024-07-05,118.4378843469389,118.50340727304255,116.92149458812186,118.36299896240234,6786700
2024-07-08,118.69061825236149,119.30840480821082,117.31462969149558,117.73584747314453,5743400
2024-07-09,117.23039316900524,118.03539326000464,115.78888154422643,117.97923278808594,6339000
2024-07-10,117.82945502768023,119.32713417712182,117.78265701767484,119.15864562988281,4588500
2024-07-11,119.44881691960032,120.8622410754969,119.43009200252982,120.72183990478516,7048800
2024-07-12,121.12433332694083,121.6204365095869,119.17736328920242,119.58922576904297,7022300
2024-07-15,119.81387992480651,120.13213211545418,119.06504031869098,119.92620086669922,6918500
2024-07-16,119.69218663408041,120.7779961176202,117.19293876151781,117.41759490966797,8194400
2024-07-17,117.44568383496869,118.58766101079526,116.59387861181605,117.83882141113281,7628000
2024-07-18,117.2865466677923,117.56735613505623,114.54393206954927,116.30369567871094,9501400
2024-07-19,117.2865658467115,118.86847871959257,117.17423775656002,117.72650146484375,6848800
2024-07-22,117.89497047483,118.40043608447698,117.03381001756317,117.65160369873047,4341800
2024-07-23,116.99638841586322,117.5861019708131,116.23819343545827,116.42539978027344,4285400
2024-07-24,116.97765683784516,118.10090905715202,116.70620267086225,117.86689758300781,6338500
2024-07-25,117.96987253253518,119.67347591337514,117.6703381076006,117.80138397216797,7357100
2024-07-26,119.10248192923471,120.49718836293184,117.0525462022473,117.24911499023438,6467000
2024-07-29,117.73584892525304,119.80450945045291,116.9308489020487,119.60794067382812,9139500
2024-07-30,115.58295663213106,116.01353691060524,106.62499720853937,107.8792953491211,35509400
2024-07-31,108.58132116730481,110.3036421441252,105.04306891328021,105.89486694335938,22733000
2024-08-01,105.89486702923384,107.14917221246868,104.28487412669043,106.54074096679688,14117500
2024-08-02,107.79504583395914,109.79818342475532,107.04620628125674,107.83248138427734,16562300
2024-08-05,107.59847228684535,107.75760551578757,104.21934604986681,105.12731170654297,13334000
2024-08-06,105.11796583504353,105.84808055281175,103.8262178191791,104.04151153564453,9761900
2024-08-07,104.53761195075818,105.35197449794444,103.63900869599945,105.29580688476562,9756500
2024-08-08,105.69830768130797,106.92453274037084,105.37069302486518,106.63435363769531,8278200
2024-08-09,106.50330829880619,107.38319378740523,105.65151018786655,107.22406768798828,5914100
2024-08-12,107.37382853556845,107.37382853556845,105.87615646522926,106.22249603271484,6536000
2024-08-13,106.30673765494248,107.52360023964971,105.62342097306083,107.07429504394531,9040300
2024-08-14,106.39097882965473,106.64370807662844,104.37847874648111,106.31609344482422,11029400
2024-08-15,106.86836219329531,107.17725906437536,105.37069013247887,106.06336212158203,9685100
2024-08-16,106.34417674972532,106.4471423714748,105.41749329544352,106.40033721923828,10102300
2024-08-19,106.39098904540695,107.27086740653019,106.06336724068085,107.10237884521484,6177500
2024-08-20,107.42062654977428,107.92609217894478,107.22405777311852,107.77632141113281,5392300
2024-08-21,107.4393481330632,109.14295139925838,107.22406157353204,108.60940551757812,8144100
2024-08-22,108.86213416962264,109.25527170890862,107.85120294734752,109.09614562988281,8201200
2024-08-23,109.33015779022226,109.33951310683919,108.50643287429548,109.1429443359375,8368200
2024-08-26,109.26464043562048,110.35981241851883,108.73109456127538,108.83405303955078,6518700
2024-08-27,108.83406083975757,109.1616826395693,107.87929710093485,109.04935455322266,5502600
2024-08-28,109.14295270572454,110.47213619649287,108.80597560363347,109.89179229736328,5403200
2024-08-29,110.38788733307568,110.82783002503807,109.32079563580919,109.94794464111328,7202500
2024-08-30,109.77010689687994,111.15545806383545,109.65778595189973,110.87464141845703,8876500
2024-09-03,110.69678678118639,111.23968795923254,108.97445866378565,109.12422943115234,7640300
2024-09-04,109.19911163076614,109.26463455421272,107.14916894635283,108.39411163330078,7693400
2024-09-05,109.15230944658254,112.39102729905227,108.90893552082954,111.00567626953125,12009700
2024-09-06,111.48306207282262,112.60632140557075,110.12579841323145,110.30364227294922,8577300
2024-09-09,105.91359463766241,109.42376675021333,105.22092267372881,108.02906036376953,14880200
2024-09-10,107.84184977492185,108.66556761503627,106.0820860131696,107.95417785644531,12734500
2024-09-11,107.58912641866443,108.47836723640218,106.96197018926057,107.37383270263672,7836600
2024-09-12,107.14918065338382,108.1226692948548,106.74668061067432,107.8792953491211,8330900
2024-09-13,108.66557343953085,109.30208498602028,107.64528675816058,108.45028686523438,6709600
2024-09-16,109.11931876814127,111.54105113897899,109.11931876814127,111.15470123291016,7846100
2024-09-17,112.10643008671643,112.26662078728121,110.93796969841675,111.46566009521484,7914900
2024-09-18,111.38086078411504,112.49278509130049,111.06990444584399,111.79547882080078,11135600
2024-09-19,112.0404808446992,112.32316907801663,109.58105511184839,110.46682739257812,9963000
2024-09-20,110.5045153624815,110.72124948218179,109.69413666122644,110.41028594970703,21200900
2024-09-23,110.43855339183096,111.34317587891822,108.85547482329325,108.9591293334961,6665300
2024-09-24,109.16643564682272,109.55278557331515,107.72470482697173,108.3277816772461,9840400
2024-09-25,108.64816900484392,109.32662506139567,108.00739896039805,108.11105346679688,7902300
2024-09-26,107.3100831034213,107.42316270492235,106.41489295657745,106.56565856933594,11132100
2024-09-27,106.6410456892981,107.74354485170535,106.4808549780238,107.13105010986328,11920100
2024-09-30,107.05566321991385,107.4325880364959,106.1981590824586,107.008544921875,10936900
2024-10-01,107.38546870844694,108.16758643723534,106.58450797416947,108.12046813964844,7715500
2024-10-02,107.94144050056498,107.98855161156067,105.51970796669508,105.61393737792969,9041800
2024-10-03,105.36893267672563,105.61393489156235,103.49374083710283,103.82354736328125,10280600
2024-10-04,103.17334960994904,103.93662433893542,103.079120203316,103.43719482421875,9704700
2024-10-07,103.37123456590727,104.57739542643247,101.93892887857035,102.32527160644531,8654800
2024-10-08,101.74104253735511,102.47604196392095,101.59026973742223,102.25930786132812,8832400
2024-10-09,102.15566100648697,103.93662337554252,101.95776990837605,103.9083480834961,8627800
2024-10-10,104.3135434349013,104.43604813556857,102.871812644302,103.08854675292969,6006700
2024-10-11,102.80585429783515,103.57854696813216,101.67508699128844,103.3995132446289,8578400
2024-10-14,103.1168141957282,103.71989102990267,102.41008285668845,103.36181640625,8130700
2024-10-15,103.61623341094214,105.14277564551655,103.55027210885055,105.09565734863281,9109500
2024-10-16,104.59623850529643,104.78469732059976,102.73046460112423,104.04969787597656,8729200
2024-10-17,103.78584993238388,103.8329682295934,103.18277311216454,103.41835021972656,8541700
2024-10-18,103.55969900218359,103.57854200771826,102.29700195407568,102.42892456054688,9523000
2024-10-21,102.78700848009447,102.87181279060657,100.05431250989749,100.205078125,11444900
2024-10-22,99.79990410916567,100.73278758056739,99.61143808160116,100.48778533935547,11576100
2024-10-23,100.58200659622227,101.16624045039548,100.07315914695721,100.2427749633789,8271700
2024-10-24,99.93181197178318,100.46892748982185,99.18738744866944,99.77161407470703,8295900
2024-10-25,100.34642843717332,100.34642843717332,97.8681597126525,97.98123931884766,9625500
2024-10-28,98.56546165642968,98.94238647131182,97.93411672531674,98.21681213378906,6968900
2024-10-29,98.3016174102714,99.04604194994849,97.7173835819919,97.74565887451172,9296200
2024-10-30,97.49123088675036,98.94238675520248,96.963540457947,98.78219604492188,13897200
2024-10-31,95.10719165332007,97.27450395278842,92.91161125077706,96.41699981689453,17413100
2024-11-01,95.90815096583353,96.79392319161371,95.37103544768323,96.00238037109375,10180600
2024-11-04,96.11544793202371,96.61487018766631,95.12602132761495,95.99295043945312,9182600
2024-11-05,95.51238185662099,95.86103855952882,94.7208390468213,95.78565216064453,6741400
2024-11-06,97.22738447631092,97.27450277369283,94.79622699195725,94.91873168945312,9551300
2024-11-07,95.58777081158675,95.82334792246763,95.03180509150155,95.33334350585938,8676100
2024-11-08,95.62546445179841,97.2745042355482,95.17315323356014,96.98238372802734,9208000
2024-11-11,96.61488255656002,97.43469348200286,94.66430438637926,94.91873168945312,10075300
2024-11-12,94.94700936949513,94.95642727852726,92.81739008153964,92.89277648925781,12282900
2024-11-13,92.82680791003752,93.71257296900458,92.25199917737905,92.8173828125,8869700
2024-11-14,93.45815562005573,93.66546463656924,92.29911302284079,92.68546295166016,8704500
2024-11-15,92.27084805812889,92.27084805812889,89.02931165539896,90.75373077392578,16464500
2024-11-18,90.98930358886719,91.67719193543242,89.91507250789702,90.98930358886719,14139900
2024-11-19,91.14950753554874,91.92220024482869,89.76431284213677,90.97046661376953,13093100
2024-11-20,91.38508143346162,93.13776862821075,91.08354300122869,91.81854248046875,12136800
2024-11-21,92.08238321440216,94.68315655871417,91.35680167932485,94.09892272949219,15670300
2024-11-22,94.54181664898489,95.91758624165698,93.22258326761985,93.45816040039062,14031200
2024-11-25,94.31564431384759,95.87045461183926,93.76911090562162,95.32392120361328,34659100
2024-11-26,95.62547026771674,95.92700870180076,93.94815508955325,95.75739288330078,9324100
2024-11-27,95.78565053010078,97.48180134066791,95.77622543309,97.17084503173828,9802200
2024-11-29,96.94469031823202,97.09546312040044,95.67257535421838,95.77622985839844,6081200
2024-12-02,95.86105222965412,95.9741246548624,94.66431634174594,94.8056640625,13703100
2024-12-03,94.93758316208708,96.53950476654401,94.8150856429088,95.97412109375,11395600
2024-12-04,96.14373229236618,96.20026850015455,95.22027401535505,95.52181243896484,11315000
2024-12-05,95.63488189349175,98.13200070597992,95.50295928657475,97.57604217529297,11062700
2024-12-06,97.63258256245582,97.95296399604807,96.76566048294869,97.142578125,11470700
2024-12-09,96.9258531226655,99.00835405005968,96.42643076672056,97.80220031738281,19162500
2024-12-10,97.7833559103339,97.7833559103339,94.92816212958262,95.17316436767578,11359400
2024-12-11,94.8904599451733,95.59719129686796,93.53354063860483,93.99526977539062,21613000
2024-12-12,95.823355229944,97.05777708453897,94.34393114836105,95.40873718261719,9554400
2024-12-13,95.29565986995551,96.6525864653779,94.73027618494405,96.11547088623047,10118200
2024-12-16,96.17246273064318,97.15080859942871,95.03264384884854,95.0421371459961,11701100
2024-12-17,94.89016467692628,95.74503246166812,94.37724400608117,95.0421371459961,13975100
2024-12-18,95.16560940203678,96.40991235583361,93.34188929621769,93.40837860107422,11993400
2024-12-19,93.61734887505557,94.92814840593759,92.91446088910445,94.52920532226562,12110800
2024-12-20,93.87381751795334,94.68118977508011,92.99045540804514,93.1329345703125,29289700
2024-12-23,94.12077714363093,94.59570287085916,93.27540992890799,94.3867416381836,8460500
2024-12-24,94.24426100539509,94.6431968708344,93.84532513995579,94.46272277832031,3713500
2024-12-26,94.12077362428174,94.92815312781352,93.95930062229186,94.86166381835938,4760300
2024-12-27,94.51022028978232,95.317592581593,94.263256881029,94.70018768310547,6173600
2024-12-30,94.57669304361063,94.57669304361063,93.34188346282636,93.43687438964844,6848700
2024-12-31,93.5603685791971,94.538714421097,93.4938792670328,94.49122619628906,6598200
2025-01-02,95.25110543893575,95.31759475279253,93.87382368899155,94.19676971435547,6153300
2025-01-03,94.35824132060006,94.7476839008077,93.74084366404311,94.16827392578125,6070300
2025-01-06,93.81682167733129,95.2985948221265,93.48437512929083,94.71918487548828,10111100
2025-01-07,95.10861993874316,97.8062017359885,95.03263733281395,95.95398712158203,10890900
2025-01-08,95.65003122152578,95.71652052836137,93.13293085789952,94.84265899658203,8654700
2025-01-10,94.2347635554369,95.37458966855635,93.85482151773043,94.27275848388672,11328500
2025-01-13,94.47222213777621,96.0869739130837,94.02579080723116,95.91600036621094,8168100
2025-01-14,96.18194830331169,96.40041005236817,94.04478279751498,94.6526870727539,10927400
2025-01-15,95.08013347864984,95.7640277165398,94.61470827383823,95.07063293457031,9170300
2025-01-16,95.40309111921896,95.8400219585656,94.93765864633028,95.6500473022461,7749600
2025-01-17,95.43157693101618,95.43157693101618,93.00945281982422,93.00945281982422,16182000
2025-01-21,93.16143440066554,93.3419012530845,90.95777926869249,91.41370391845703,17756100
2025-01-22,91.14773976509998,92.13558609386564,90.3783624476192,90.88178253173828,13070900
2025-01-23,91.29022198299451,92.28756888830156,90.44485478572301,91.78414154052734,11522800
2025-01-24,91.93611444418774,92.23056604822447,90.62532216995659,90.75830078125,12244800
2025-01-27,91.78414725663956,93.6743569473951,91.1667495829712,93.02845764160156,15093400
2025-01-28,92.4680274837808,93.92129888996149,91.74613842859635,92.5630111694336,12840900
2025-01-29,92.53452943027825,94.17777567905186,92.50603504536865,93.35140228271484,10225500
2025-01-30,94.42473098917056,94.42473098917056,93.30390604923716,93.98779296875,10164700
2025-01-31,94.13026078888336,95.04211715184887,93.63634130982337,93.86430358886719,11420200
2025-02-03,93.2089181969091,95.12762214329753,93.08544011988066,94.78567504882812,13363900
2025-02-04,84.53678223341491,86.6549542352675,82.9505319914112,86.18952178955078,50837600
2025-02-05,85.85706615410494,86.18951268966595,83.5869219225428,85.17317199707031,21670600
2025-02-06,84.92621309487562,85.07818554328335,83.43493951120588,83.63441467285156,19509700
2025-02-07,83.1309927061542,84.15683397424974,82.75105793734062,82.90303039550781,15815000
2025-02-10,82.82703832412011,83.56792849575726,81.94367624139024,82.0671615600586,21212100
2025-02-11,81.74421004126296,82.62757214260358,81.43076458346428,82.20014190673828,20922300
2025-02-12,81.75371369536897,82.32362311380602,81.3167828996742,81.37377166748047,14785300
2025-02-13,81.29778692520374,81.40227117061367,80.08197815693381,80.18646240234375,20415100
2025-02-14,80.18645469523733,80.52840178429605,77.97329915960484,78.84716796875,26779000
2025-02-18,77.06144603811232,79.39807975091463,76.9759628855082,79.11312866210938,25897800
2025-02-19,79.06563152483356,81.33577587774168,78.6951900444371,81.30728149414062,17435100
2025-02-20,81.59223237115137,83.30196045217157,81.59223237115137,83.28296661376953,14851500
2025-02-21,83.58692633772696,85.040197874794,82.64657544552911,85.01170349121094,15678900
2025-02-24,85.21116629738859,87.2438476676775,84.47028338162976,86.69293212890625,19452300
2025-02-25,87.14886946776066,88.39317253301375,85.90456640250756,86.84491729736328,18417300
2025-02-26,86.721432842597,86.78792214852024,84.40379318448846,84.89771270751953,13534200
2025-02-27,84.86922380324646,86.40798572836687,84.77424010962474,86.03754425048828,10717500
2025-02-28,86.16102248154263,87.71877824945557,86.16102248154263,87.62379455566406,15482100
2025-03-03,87.17736905583259,88.53565698362,87.17736905583259,88.47866821289062,13636100
2025-03-04,88.87759535286695,90.57783023125073,87.69028110093339,87.91824340820312,15073000
2025-03-05,86.51246791904747,88.76361111647847,85.9615523635649,88.51665496826172,13117100
2025-03-06,88.4596527259527,89.33352146671461,87.17735486572232,89.28602600097656,11300200
2025-03-07,89.53300089214856,92.48703952052414,89.1435583140297,89.9034423828125,24100900
2025-03-10,89.94144028554071,92.1355949177002,89.94144028554071,90.45436096191406,20897600
2025-03-11,90.21689401512153,90.5968287981328,88.88710053420768,89.97943115234375,21734800
2025-03-12,89.35252671928876,89.66597944090444,88.20320732015618,88.66863250732422,11896000
2025-03-13,88.71613082410647,91.50868928345893,88.71613082410647,89.96043395996094,16570100
2025-03-14,89.55199581618487,90.12190525127077,88.76361735347368,89.82745361328125,12681100
2025-03-17,89.72205491915231,91.3028507024891,89.17596262775191,90.81423950195312,12237900
2025-03-18,91.23579600220064,91.40824660121824,89.90408968737778,90.74718475341797,8670100
2025-03-19,91.25495170200341,91.42740229680825,89.712478967748,90.0765380859375,11355900
2025-03-20,90.05738225842472,91.16873218629448,89.75080422821873,90.75676727294922,12970200
2025-03-21,90.61305725340905,90.70886151736936,89.16638874659903,89.2047119140625,68435800
2025-03-24,89.00352052123309,89.20471166781338,87.71971999763917,88.43826293945312,16950100
2025-03-25,88.4382632800875,88.4382632800875,83.42762790646786,84.18449401855469,20640200
2025-03-26,84.5389735277035,85.57367715888856,83.64797995241588,84.4144287109375,13808800
2025-03-27,84.78806473523954,84.84554582995143,83.71503800777238,83.92581176757812,12931900
2025-03-28,84.50065210287302,86.35928562954075,83.9928828963662,85.48745727539062,12393500
2025-03-31,85.50661273675368,86.48382795189617,84.66352495683864,85.99522399902344,15003000
2025-04-01,85.98563794110392,85.98563794110392,82.97733876947608,83.46595001220703,13922100
2025-04-02,83.23600539093465,83.41803859463114,81.74143852512084,82.9677505493164,10590800
2025-04-03,85.00842896796884,85.17129695763114,82.64202622507376,82.76657104492188,12684100
2025-04-04,82.50789277184909,82.65159551143192,77.67928336815449,78.05292510986328,22965700
2025-04-07,77.61222508941383,79.71994825742289,75.97394795884914,77.77509307861328,26582000
2025-04-08,79.71993644104016,79.77741753237939,74.28775402759892,75.63861083984375,20571600
2025-04-09,73.540475797454,78.55111106996574,72.81235024833953,78.47447204589844,22928300
2025-04-10,77.22899314956025,77.71760437877474,72.77402561118474,74.2973403930664,19466900
2025-04-11,74.60391802835454,76.10806756483763,73.14766696702526,75.85897064208984,16194400
2025-04-14,76.66373529520364,76.66373529520364,75.07336411572464,75.8493881225586,15796700
2025-04-15,76.21345406030382,76.60625371593537,74.46020760988426,75.10210418701172,16042500
2025-04-16,75.17874875338708,75.3895225043669,72.74528261739545,73.2530517578125,16551300
2025-04-17,73.66501813367434,75.44700512519249,73.65543551496394,74.72846221923828,21416500
2025-04-21,74.805111325985,74.91049820752066,73.76082512969418,74.58475494384766,11010000
2025-04-22,74.75719980016491,75.72483958842552,74.4027233253042,75.65777587890625,12918200
2025-04-23,75.20749201912408,76.8361863747605,74.72846340753729,75.43742370605469,17935700
2025-04-24,74.99672774273046,76.61584699361394,72.8410987180431,76.49129486083984,18471500
2025-04-25,76.80745391913648,79.78701278185069,74.78595238052593,79.26966094970703,28378000
2025-04-28,79.51875717634456,80.17023644317726,78.94392424899743,79.70079040527344,14241000
2025-04-29,80.26603466964752,82.09592751275783,79.2792368786076,81.15702819824219,18802900
2025-04-30,81.69353618637646,82.23005320162838,80.27561558964537,81.62647247314453,13825100
2025-05-01,80.96542440728089,81.03248812585336,79.68162382538303,79.76785278320312,10036400
2025-05-02,80.65884010008871,81.15702664088217,79.47084387849505,79.69120025634766,11755600
2025-05-05,79.73911232863829,80.07443092189975,78.47447698448282,79.36546325683594,8688000
2025-05-06,79.01098254476554,79.02056516389271,75.00630294902365,75.72484588623047,16991100
2025-05-07,76.2805193994163,76.5487742547188,75.45658959561774,75.8014907836914,12216900
2025-05-08,75.20749756748576,75.49491767940059,73.70334790851193,74.39315032958984,15059100
2025-05-09,74.69013145676222,75.15957739427209,72.63988982506281,72.78359985351562,15614500
2025-05-12,72.73570139314755,77.8613059881519,72.64947975303735,77.0565414428711,21761100
2025-05-13,73.72249443711618,75.25539171773754,73.34885273504861,73.4159164428711,23353200
2025-05-14,74.21112022743667,74.21112022743667,70.24476344873769,70.38847351074219,23721800
2025-05-15,70.67587652237728,71.67225688883727,70.23517108691551,71.66268157958984,15274800
2025-05-16,71.84471389533327,72.97522178620919,71.25072305549142,72.86983489990234,15021800
2025-05-19,72.77403156938287,74.00992636246627,72.51535931473616,73.99076843261719,11682600
2025-05-20,74.29734001363339,75.85897064410102,74.17278789755795,74.69972229003906,13262400
2025-05-21,74.50810231747585,74.8242629353813,73.64585671867344,73.7512435913086,11879500
2025-05-22,73.50214546856937,75.07335860449636,73.46382230557164,74.57516479492188,11800000
2025-05-23,74.29733977538545,74.6326583379816,73.84705171587215,74.32608032226562,10902200
2025-05-27,74.74762010395325,74.9200706936582,73.81831075268391,74.33565521240234,11884500
2025-05-28,74.18237392057225,74.4602114030489,72.41954476160916,72.9752197265625,12293200
2025-05-29,72.51535216121898,73.77040476034264,72.51535216121898,73.19557189941406,10785200
2025-05-30,73.71293041220159,74.30692125544275,72.4195472200152,73.61711883544922,20641500
2025-06-02,73.78956548343642,73.78956548343642,72.23751743107759,73.05186462402344,11271800
2025-06-03,72.81235625652884,73.95244680534215,72.27584649680365,73.904541015625,18139200
2025-06-04,74.2206954356628,75.82064926969322,74.08656800702532,74.98713684082031,13009300
2025-06-05,75.1212688389288,75.2553962626742,74.0099189742996,74.3644027709961,13983700
2025-06-06,75.01587932930796,76.15596239113574,74.92965038312823,75.65777587890625,9863100
2025-06-09,76.27094041496046,77.03738916040203,75.37036423547616,76.002685546875,18305800
2025-06-10,76.01226059665527,78.44572694929488,76.0026852866828,77.93795776367188,13254100
2025-06-11,77.93796212333946,78.2541227956418,76.62542826279505,76.95116424560547,11803300
2025-06-12,76.82661392832027,78.66608211110807,76.71164442587222,78.38824462890625,13169200
2025-06-13,78.22537870421039,78.98224483573414,78.03376286176305,78.2828598022461,14550500
2025-06-16,78.26350574614877,78.71830229024287,77.13135735930686,78.3409194946289,12569400
2025-06-17,77.68291126319912,78.08932233675407,75.66052707628457,75.74761199951172,14040600
2025-06-18,75.52505400569909,77.71193677965849,74.6057824589178,76.72493743896484,23803400
2025-06-20,76.68622852266508,77.33455196359262,76.05725482482747,76.50237274169922,34052300
2025-06-23,76.67655210785783,77.62485196259762,76.43463970826488,77.5667953491211,18553800
2025-06-24,77.77000408729072,78.82473864939064,76.5314063489085,77.72161865234375,15906400
2025-06-25,77.06361543029887,77.52809049794674,76.59914774523175,77.09264373779297,12753200
2025-06-26,77.25714412942008,77.65388402759241,75.83470535233869,76.27982330322266,13760100
2025-06-27,76.50236979288802,76.96684481752669,75.61213399345897,76.54107666015625,60202500
2025-06-30,76.68623653820576,76.82170690173616,75.844378665483,76.59915161132812,13895200
2025-07-01,76.40561402782713,80.38265460444497,76.05725956983281,79.16341400146484,21800800
2025-07-02,79.405313793056,80.13105090147194,79.24081515363417,79.72463989257812,16052700
2025-07-03,79.87948480279442,79.92786285770948,78.0893269715682,78.3118896484375,7734500
2025-07-07,78.33123785621149,78.90215500061942,77.55712254953538,78.2828598022461,15777400
2025-07-08,78.32156598976457,79.71497648262364,77.7409702866105,78.73765563964844,12752900
2025-07-09,79.71497728993229,81.74704750638914,79.24083101796354,81.001953125,18394600
2025-07-10,80.93421383098381,82.25021790812018,80.4794173272201,81.30191802978516,14725600
2025-07-11,81.30192161237937,81.40836366614558,79.59886351728241,80.66327667236328,9717400
2025-07-14,80.73101534400391,81.57287324675741,80.42136773309136,80.96324920654297,10368700
2025-07-15,81.06969538656064,81.63093401693014,78.66992812562764,78.88280487060547,10827000
2025-07-16,78.82473775017522,79.9665646056378,78.82473775017522,79.76335906982422,11517800
2025-07-17,79.32793025509284,79.98593238455803,78.70862761920051,78.88280487060547,8984800
2025-07-18,79.05698431200386,79.26986844546065,77.27651225505976,77.37327575683594,11823600
2025-07-21,77.56680134110934,77.71194288601275,76.39593873996016,76.74429321289062,11620800
2025-07-22,77.28617102643322,79.12469923706553,77.28617102643322,78.96987915039062,10571000
2025-07-23,79.94721010593639,81.41803420353756,79.74400458221007,81.26321411132812,11542100
2025-07-24,81.47610012533885,81.77607654637642,80.81809804745492,81.3890151977539,8016700
2025-07-25,81.43739401147971,82.46310022671447,81.12773905170106,81.96959686279297,10058800
2025-07-28,81.73736948929168,82.2211943283356,81.15678115895523,81.34062957763672,12882000
2025-07-29,77.26682150056547,80.2084772624968,74.18002420015823,79.9568862915039,27826400
2025-07-30,80.22783138175475,80.876154837912,78.88279165412779,79.10535430908203,13055200
2025-07-31,78.18608989511687,78.85376309266063,75.33151917250979,75.59278869628906,19813300
2025-08-01,75.49601831641881,77.28617597709483,75.02187208096858,76.72493743896484,11900300
2025-08-04,76.50237426178214,77.40228867624187,75.89275767750188,77.27649688720703,13380700
2025-08-05,77.31520690969512,78.50541182029104,76.99588075999151,78.1764144897461,9984300
2025-08-06,77.69258735429916,78.68926526216886,76.70558062698196,76.87008666992188,13028700
2025-08-07,77.0732953500186,78.20544365769696,76.1056457094222,77.77000427246094,10830100
2025-08-08,77.51840474805425,78.54411089151922,77.51840474805425,78.07964324951172,6882900
2025-08-11,78.34090866224487,78.99891066817982,77.05393295639587,77.44099426269531,8210700
2025-08-12,77.86676917788985,78.32156569846454,77.0926464982843,77.7022705078125,7852700
2025-08-13,78.1377093275368,80.1600935547283,77.60549906639116,80.0343017578125,11043800
2025-08-14,79.35694257766687,80.70197487706967,78.96020271395368,80.08267974853516,10217600
2025-08-15,81.01163253169194,81.9986319586726,80.66327805567965,81.48577880859375,10481400
2025-08-18,81.53416738492123,82.39537504417041,81.35999014020896,81.4954605102539,8273600
2025-08-19,81.65026963161489,83.02433765824318,81.65026963161489,82.18247985839844,14307700
2025-08-20,82.550192895454,83.4597859687276,81.81478444469533,81.92122650146484,8904700
2025-08-21,82.13408896839046,84.49515617020968,81.8631482827876,83.29527282714844,13889000
2025-08-22,84.66934037481222,84.99833769662995,83.95328173476496,84.54354858398438,11977400
2025-08-25,84.3887218992138,84.56289912493008,82.201831705794,82.55018615722656,9417700
2025-08-26,82.79209954165528,82.82112784918853,81.93089196612532,82.24053955078125,14062700
2025-08-27,82.31795327456281,82.71469316431237,81.16644785879102,81.35030364990234,10588100
2025-08-28,81.52448397519974,81.52448397519974,79.97624599343322,80.51812744140625,14485300
2025-08-29,80.72132253575566,81.51479486011455,80.5858521912978,81.398681640625,10872900
2025-09-02,81.76639884648701,82.73404853697798,81.61157135236945,82.7146987915039,11642700
2025-09-03,82.60824668705706,83.03400747893129,81.35029928939417,81.45674133300781,12714400
2025-09-04,81.47609704586021,81.6793099677068,80.3149204264618,81.3309555053711,12554800
2025-09-05,81.07936100117108,82.51147827724445,80.55682933041547,81.96959686279297,13231100
2025-09-08,81.43740198985184,81.59222210232822,80.14074755777833,81.36965942382812,13111200
2025-09-09,81.45675121924357,82.05669668491821,81.40836578169935,81.87284088134766,9767500
2025-09-10,81.54384123385849,81.83413911206809,80.83746105017376,81.31160736083984,13073300
2025-09-11,81.61156923428764,82.78243182606559,81.28257189169825,82.39537048339844,9667200
2025-09-12,81.88250846384479,82.42438985527664,80.121386559111,80.13105773925781,9939500
2025-09-15,80.23856163720222,80.86397425554782,79.07568155519722,79.17340087890625,10229800
2025-09-16,79.16362742187455,79.62291640523982,78.70433843850927,79.2417984008789,10065900
2025-09-17,79.13431525364516,80.37536626077484,78.95841749734662,79.29066467285156,12642100
2025-09-18,79.36884369028421,79.82813269372637,78.97795895615216,79.6717758178711,10458900
2025-09-19,79.94539490481549,80.52195157964287,79.1538587035421,79.65223693847656,25627800
2025-09-22,79.89653905798329,80.07243682017956,78.43072685818312,78.56753540039062,11986400
2025-09-23,78.26459235111895,79.26134877802352,77.85416674263169,78.13755798339844,13145300
2025-09-24,78.07893290852161,78.28414572597168,77.5219245595838,77.85417175292969,11804200
2025-09-25,77.96165849148038,78.05937780720342,75.81180372354993,75.83134460449219,14923800
2025-09-26,76.96491631900462,77.16035496765895,75.91930389214025,76.76947021484375,12205400
2025-09-29,76.80855760583009,77.00400370533475,76.25154926937795,76.78901672363281,12739000
2025-09-30,76.6326559679311,82.08547885245108,76.6131150867222,82.01707458496094,21636600
2025-10-01,83.24836434547959,88.68163925160657,83.24836434547959,88.07576751708984,33460900
2025-10-02,87.89986854718374,88.92594006863983,86.20930265283053,87.46990203857422,14575400
2025-10-03,87.5871625550635,88.63277496247505,86.09203529970465,87.15719604492188,12970600
2025-10-06,86.80539995091243,88.25166380779054,86.53178286747638,86.77608489990234,11648300
2025-10-07,86.64904318918536,86.91289355964727,85.15391594158916,85.61320495605469,9449100
2025-10-08,85.92591341796175,85.92591341796175,84.2353400283935,84.4307861328125,9696200
2025-10-09,84.97801353056249,85.79887219258185,84.66530724396131,85.50570678710938,10938200
2025-10-10,85.9356810820413,86.22883903321897,83.96171658211732,84.03012084960938,11230700
2025-10-13,83.70765285438473,84.48941489311207,83.29721976938345,83.74673461914062,6553900
2025-10-14,83.43402543110328,83.72719084519291,82.23206363544938,82.76952362060547,9675000
2025-10-15,82.27115634641649,82.75976042030089,81.70437383138903,82.19297790527344,9168700
2025-10-16,82.48613866383995,83.5512919059868,81.694595039197,82.0073013305664,11709100
2025-10-17,81.38188896957321,82.95519459917352,81.26462876968147,82.85747528076172,10758900
2025-10-20,83.3069952983591,85.01710957134594,83.0920083111597,84.35260772705078,8611800
2025-10-21,84.978017272214,85.67183414317515,84.26465951926373,85.62297821044922,9852400
2025-10-22,85.68160922700659,86.76631084889137,85.02688156853745,85.61320495605469,10926300
2025-10-23,85.56433718022723,86.10180460693961,84.92915789202931,85.19300079345703,7687500
2025-10-24,85.3395917309383,86.05294952376225,85.12460473950969,85.49594116210938,7902100
2025-10-27,85.51548620123503,86.28748152453045,85.04642301480635,85.99431610107422,7226600
2025-10-28,86.10181146652639,86.10181146652639,84.948705540946,85.04642486572266,8345900
2025-10-29,84.96823639890209,85.83795096116415,84.1082960046165,84.60667419433594,10921900
2025-10-30,82.69135312043525,85.31027115878425,81.4014387108309,84.31351470947266,16678800
2025-10-31,83.47311362208151,84.48941093476915,82.6327140645803,84.02035522460938,12385000
2025-11-03,83.81514309546652,84.13762358717878,80.46331870876192,80.60990142822266,13875800
2025-11-04,80.81511201640814,83.02360455010307,80.14084345436252,81.94867706298828,12846100
2025-11-05,82.11480296610179,83.43403253074987,81.02033456544882,82.46659851074219,9440200
2025-11-06,82.55454691668233,84.20602360291899,82.42750508700583,83.82491302490234,10601400
2025-11-07,83.991034243195,84.61644683842705,83.29721737834404,84.31351470947266,9214300
2025-11-10,84.71417415891949,85.37867597756593,83.84445953009629,84.7728042602539,8319600
2025-11-11,85.35912746773256,88.9943428532508,85.27118231590853,88.8770751953125,15436000
2025-11-12,89.32660274317234,90.79241500383084,89.08230069972926,89.36568450927734,13218900
2025-11-13,89.2288783452016,92.11164700814919,88.82822686011474,90.81195831298828,16086100
2025-11-14,90.09858638443126,92.9129505635031,89.40476950848128,90.80217742919922,19632000
2025-11-17,91.10511521627599,92.59046826045369,90.56764777451416,90.74354553222656,14345800
2025-11-18,91.96505523209873,95.43414698230234,90.01063902477415,94.232177734375,28153500
2025-11-19,93.811981223262,94.92599790384773,91.9455101015311,92.88363647460938,14641300
2025-11-20,92.80545806884766,93.81198125821624,91.75984565929404,92.80545806884766,12554200
2025-11-21,93.30383465832057,97.98465499630338,93.1865669998374,95.53186798095703,23183300
2025-11-24,96.86086916585643,100.02702130956241,96.86086916585643,98.1116943359375,28320900
2025-11-25,98.43418663413324,103.42771374645028,98.41463829477776,103.25182342529297,22225500
2025-11-26,102.21596235564505,103.33975312422001,101.82507763759646,102.24527740478516,12624000
2025-11-28,102.45049394695296,103.00750972298734,101.74691037536954,102.44072723388672,6154500
2025-12-01,102.33323265910177,103.27135153342091,99.39183421257111,99.50910186767578,14178300
2025-12-02,99.21593711844544,99.47978748031167,98.02374204454586,98.72733306884766,11795000
2025-12-03,99.57750942057663,100.7403820194886,99.20616556158251,99.93907165527344,12541600
2025-12-04,99.77295137120343,100.26155544986311,98.24850903154736,98.59053039550781,12770700
2025-12-05,99.08889917672911,99.7631676711181,96.92927025003638,97.44718933105469,16430400
2025-12-08,97.11494209602884,97.39833335078424,95.58072561718514,96.67520141601562,12902600
2025-12-09,97.05631005758246,97.57422916764725,93.87060950286474,94.68169403076172,16283900
2025-12-10,95.81525746064209,95.93251766145279,94.27126686891434,95.39505767822266,18077700
2025-12-11,96.19637148139024,96.88041419572302,95.35597188634915,96.75337982177734,11808200
2025-12-12,96.70451429802672,98.365772569103,96.07910170001168,98.01397705078125,11810800
2025-12-15,98.54617325319415,99.48246005886712,96.58491034244079,98.8122787475586,16735900
2025-12-16,98.8516992417888,98.89111503612781,95.39238054835222,96.85100555419922,16663600
2025-12-17,96.76231864590903,98.69401609312767,96.64404869309723,97.74787902832031,13180600
2025-12-18,97.83657491082697,99.90625770933192,97.43249906793079,99.23607635498047,14312800
2025-12-19,99.14736472853895,100.72425970552642,98.66444228666774,99.63028717041016,44980200
2025-12-22,99.17693248620952,103.43455277606276,98.95025782293973,103.20787811279297,17136200
2025-12-23,103.05018973851938,103.86820664910292,102.82351506450107,103.52326202392578,13587500
2025-12-24,103.8484957498747,105.40567537271811,103.75979140926114,104.91289520263672,5335000
2025-12-26,104.91289195530771,105.50423415648473,104.49895842986655,105.23812866210938,6280700
2025-12-29,105.30711899943958,106.03643153301142,104.89318546843084,105.0804443359375,8086900
2025-12-30,105.18885744257679,105.33668547685303,104.11459277172168,104.52852630615234,6497900
2025-12-31,104.41026310805307,104.56794884986,103.47397628891915,103.74008178710938,7557300
2026-01-02,104.00618149430184,105.08044617507818,102.9220666239685,104.91289520263672,9992400
2026-01-05,105.46481197198604,106.8741635306679,104.27228488682884,105.88860321044922,15863300
2026-01-06,106.12513914740683,108.57918232181594,106.12513914740683,107.29795837402344,14479000
2026-01-07,107.92871625170784,109.85055593039503,106.39123698952932,107.03185272216797,16322300
2026-01-08,109.01283412325219,111.26976829348051,107.67247140626743,109.38734436035156,20278800
2026-01-09,109.26907727371102,110.85583001787157,108.6284615507942,108.9339828491211,11040800
2026-01-12,109.36763083710042,109.85055329259478,107.2092513119195,107.61333465576172,10671900
2026-01-13,107.47535563814463,107.73159590686699,105.67177845238601,106.69676208496094,9338600
2026-01-14,107.39651465987542,109.62388320017156,106.39123887228854,109.40705871582031,11964600
2026-01-15,109.02268539644022,109.96882240212355,106.88401378563911,109.36763000488281,11775800
2026-01-16,109.12124579754939,109.13110350667216,106.86431163908819,107.25853729248047,14852100
2026-01-20,106.54892826274715,108.0568343700179,105.3859667683768,107.86957550048828,15241100
2026-01-21,107.61333359781771,110.35319008054414,107.15997675355342,109.50560760498047,12844400
2026-01-22,109.18037250727937,109.7125759895073,107.02199297144867,107.60347747802734,9362600
2026-01-23,107.51476824486352,107.51476824486352,105.66191760972231,106.61791229248047,10489500
2026-01-26,106.24340776915818,106.8544503682814,105.51408770296209,105.84918212890625,9903200
2026-01-27,105.94773790427767,106.78546270014016,105.29726446233323,106.3616714477539,7907100
2026-01-28,105.3071185125236,106.37152546096323,104.49895935224059,105.35639953613281,7491700
2026-01-29,105.78019371269596,108.34264910776955,105.55351152471555,106.77560424804688,13572800
2026-01-30,107.02199271839324,108.94383987509906,106.39123470818386,108.677734375,19060600
2026-02-02,108.529907705249,112.24546689082844,108.36235673228326,111.73297882080078,18000100
2026-02-03,110.0575202221012,116.74947576362598,109.83084555701943,114.16730499267578,25793600
2026-02-04,115.21200914420105,118.65161274168128,114.81778349102984,116.6213607788086,21954600
2026-02-05,116.60164183444715,120.66215315662832,116.60164183444715,118.0208511352539,24010600
2026-02-06,119.01626876539304,120.88883491526408,118.70088975735793,120.16937255859375,13083300
2026-02-09,119.65688861600101,120.12009567562652,115.29085585843262,115.95117950439453,16158700
2026-02-10,115.99060040479665,116.47352287260773,114.42355553279715,115.4583969116211,11849500
2026-02-11,115.34997778967295,117.63647737252214,114.63051546610845,117.58719635009766,10885300
2026-02-12,117.29153670015239,119.85399204822163,116.41438861007363,117.5182113647461,13453300
2026-02-13,119.74558006019058,121.54915726818115,119.28236550214866,119.6568832397461,10102300
2026-02-17,120.59316111949364,121.3027657515742,119.05568942947146,119.81456756591797,9899800
2026-02-18,119.49919118762942,120.05110257170365,118.65160869395619,119.90327453613281,7803400
2026-02-19,119.6470231036845,120.82969246765546,118.76001732109208,120.10037994384766,8933300
2026-02-20,120.86912388333248,120.92825509972563,118.85857981444691,120.49461364746094,9442500
2026-02-23,120.54388337782994,122.39674163853701,119.745581904619,122.0320816040039,9661100
2026-02-24,121.62800722329611,123.03735131484468,120.85926382895761,122.14049530029297,8460300
2026-02-25,122.21934059899417,123.33302108292563,120.49460999368961,120.69171905517578,11082500
2026-02-26,120.63259005566138,120.73114458821415,117.28168331426518,117.57735443115234,10327300
2026-02-27,117.95186237768111,122.20948276685397,117.95186237768111,122.0320816040039,17636400
2026-03-02,121.72655842829873,121.91380977786885,119.2922232108298,119.6568832397461,11564500
2026-03-03,117.94200765932317,119.22323914786305,116.89731607340009,118.09970092773438,9334100
2026-03-04,117.70547283862751,119.12468214802543,116.15814339072014,118.54319763183594,6700900
2026-03-05,117.39009393032391,117.80402747285108,112.79737908851801,114.39398956298828,14516000
2026-03-06,113.49713404630998,114.67980346415247,112.17647926113138,114.11803436279297,12809300
2026-03-09,113.31972745285235,115.56680375063868,112.46228727849561,115.4189682006836,8321600
2026-03-10,115.54708939652973,117.28167765888546,114.98532031691597,115.39925384521484,9739300
2026-03-11,115.0740283622925,115.26127971537672,113.62525344734834,114.53196716308594,6760700
2026-03-12,113.8026486706916,114.91632909911542,112.64954492808972,114.23629760742188,8349200
2026-03-13,115.23170965183071,116.18770435570056,113.8617814223353,113.94062805175781,7111000
2026-03-16,114.51648124163657,115.23134173151435,113.40448276842358,114.60584259033203,8785300
2026-03-17,114.95334799731634,115.96606960145509,113.56334225972854,115.04270935058594,7952200
2026-03-18,114.2384867493478,114.73491682571371,112.54069679716702,113.68248748779297,6736300
2026-03-19,113.84135063967476,114.93349531084145,112.9378442497145,113.38462829589844,8383800
2026-03-20,113.43426888744546,114.35762910348673,111.91519411345661,113.3647689819336,36355400
2026-03-23,115.34055664274894,115.6384177043799,113.95055098000685,114.85405731201172,9096400
2026-03-24,113.88105658059976,115.70792320206517,113.20591137319848,115.53913879394531,7411900
2026-03-25,116.46249530518288,119.2623605453753,115.9660652443337,118.51771545410156,10220300
2026-03-26,118.11064091534625,119.20278555038522,117.8028566970419,118.08085632324219,6497200
2026-03-27,118.43828720586941,120.20557704601073,117.75321128415914,118.7758560180664,8345800
2026-03-30,119.70914832116357,120.77150838167215,116.38306832423837,117.25678253173828,11084000
2026-03-31,118.18013884248576,120.4041433897596,117.92199309037134,119.43114471435547,10713300
2026-04-01,120.01693394349559,121.3175859097826,119.41128863722896,119.97721862792969,6351700
2026-04-02,119.51058132882778,120.78144113379113,118.36879061892661,120.00701141357422,6387900
2026-04-06,119.55029116660226,120.61265119628362,119.1829301937511,119.98714447021484,4890200
2026-04-07,118.7063519739413,118.7063519739413,115.6682024703683,118.42835235595703,11376400
2026-04-08,118.74607304757502,122.74729826106507,117.09792912889351,122.3005142211914,9256900
2026-04-09,122.02251522510208,123.11465988653049,120.4835789465517,121.80408477783203,8666300
2026-04-10,122.08208323904753,122.13172927655856,120.08643221486874,120.5530776977539,9707000
2026-04-13,120.16585895286461,120.43393542686654,118.20992330706109,119.29214477539062,6357300
2026-04-14,118.18014014169076,119.50064593346337,117.30642595367274,119.10350036621094,12449400
2026-04-15,118.94464806543633,119.39143209945728,115.80720638012433,117.05821228027344,7689400
2026-04-16,116.29370231743515,117.00856281083617,113.89098266177622,114.63562774658203,11399900
2026-04-17,114.73491505880799,118.34892535310267,114.73491505880799,118.21985626220703,16194900
2026-04-20,118.29929001041107,118.50778973578083,115.9164241027366,116.26392364501953,7392000
2026-04-21,115.65827296208042,115.69798827576946,111.11097938104838,111.75633239746094,12769500
2026-04-22,111.80597712794946,112.69955273821624,110.74361711766603,112.08397674560547,8037500
2026-04-23,112.56055297989926,114.19876609538179,112.2924765092382,113.80162811279297,6826300
2026-04-24,112.92791035466358,113.21584070464185,110.70390575904736,111.1010513305664,7060000
2026-04-27,110.42590733493114,111.94498215574443,109.35361655261993,109.44297790527344,9133600
2026-04-28,110.72375951247204,111.11098193611417,108.92668508251728,109.24440002441406,7157600
2026-04-29,107.77497101332884,110.43583648625113,107.12961040862378,110.15782928466797,9769900
2026-04-30,108.55932059730206,111.43861642613733,107.85439082945325,108.40046691894531,17131200
2026-05-01,111.52798393366345,113.72220398501874,111.08119231533671,111.35919952392578,11953700
2026-05-04,110.61455468882706,113.80163491150948,109.95926334354859,112.30241394042969,7659100
2026-05-05,112.85840887228717,113.25555443826215,112.02441000116919,112.34212493896484,7910400
2026-05-06,112.34212257942326,113.67255148633632,111.93504629974535,112.74919128417969,7256100
2026-05-07,112.6995593525094,112.93784367092486,110.30676272096949,111.49819946289062,7329000
2026-05-08,111.57762273934215,112.20312949193516,110.38619356999095,110.58476257324219,5725100
2026-05-11,111.34926466958817,112.86833945070408,110.21740473170094,110.4854736328125,7750600
2026-05-12,110.70390457696445,112.87827068724926,110.59468935658985,111.56769561767578,9117400
2026-05-13,111.44854739888412,113.2555524969204,111.24004768467857,112.63997650146484,8110500
2026-05-14,112.81869600216656,113.08677248434866,111.7662666682177,112.60027313232422,5284200
2026-05-15,113.08677443377037,113.11655902676586,110.1479092511051,110.58476257324219,10028900
2026-05-18,110.63440319170151,112.08397805420431,110.17768844665993,111.75633239746094,8047200
2026-05-19,111.75633397062185,114.27819961346351,111.3294038111069,113.4243392944336,7555400
2026-05-20,113.81155850708873,114.1292734583438,112.09391465574551,112.19319915771484,9130600
2026-05-21,111.98469343970913,115.15191963505553,111.28968681326403,115.05262756347656,7402700
2026-05-22,119.68929031577404,121.78422577181381,119.22264484808915,121.5360107421875,14749200
2026-05-26,122.02251471602898,122.25086831000635,118.55743489175369,118.86521911621094,10008700
2026-05-27,118.96450080635545,121.52608176690157,118.92478549205376,119.38150024414062,7162300
2026-05-28,119.40136519832296,120.63250967817561,118.50778953757433,119.03400421142578,9258900
2026-05-29,118.79572048773063,119.80843452502992,117.34614555300868,117.87236022949219,16596000
2026-06-01,116.71071403893946,117.11778276279318,113.54348772624803,114.34770202636719,9406700
2026-06-02,113.6824890785532,115.94620904647051,113.6824890785532,114.82427978515625,8311500
2026-06-03,114.62570286198597,116.49228481757457,113.88105773925781,113.88105773925781,8225100
2026-06-04,116.32349471640346,119.68928990046348,116.25398723642459,119.40135955810547,15933900
2026-06-05,120.07650468989684,122.57850884585251,119.50064400541795,119.92757415771484,15967200
2026-06-08,119.98714704660472,121.7246523009099,117.84257307167879,118.66664123535156,12312200
2026-06-09,119.17300102369308,119.63964650003754,117.15749615771311,118.7460708618164,9669100
2026-06-10,118.92478385292615,119.18292960486828,116.42277968577825,118.23970794677734,10302100
2026-06-11,119.18292851029597,121.83386318594597,119.09356716143911,119.89778900146484,13180300
2026-06-12,120.63250892937135,121.02965450667465,117.98157413137382,118.20000457763672,10926900
2026-06-15,118.70999908447266,118.94999694824219,114.87000274658203,114.9000015258789,15395700
2026-06-16,115.87999725341797,115.9000015258789,113.56999969482422,115.16999816894531,10665400
2026-06-17,114.86000061035156,115.98999786376953,114.0199966430664,115.44000244140625,10459900
2026-06-18,114.63999938964844,114.94000244140625,111.56999969482422,113.87000274658203,29521600
2026-06-22,113.97000122070312,115.62999725341797,113.0,115.4800033569336,10521200
2026-06-23,116.52999877929688,119.80000305175781,116.52999877929688,119.5999984741211,10469300
2026-06-24,120.9000015258789,121.80999755859375,119.51000213623047,120.5999984741211,10478100
2026-06-25,121.62999725341797,125.95999908447266,121.0,125.44999694824219,14043800
2026-06-26,125.83000183105469,128.77999877929688,125.83000183105469,128.66000366210938,18891500
2026-06-29,127.6500015258789,129.97000122070312,126.73999786376953,129.3800048828125,9584600
2026-06-30,129.22000122070312,130.2899932861328,126.68000030517578,128.5,11837200
2026-07-01,128.00999450683594,128.4199981689453,124.70999908447266,125.37000274658203,10761500
2026-07-02,126.18000030517578,129.61000061035156,125.98999786376953,129.55999755859375,7832200
2026-07-06,129.30999755859375,130.0,125.62000274658203,126.77999877929688,9499300
2026-07-07,128.77000427246094,129.69000244140625,127.88999938964844,128.86000061035156,10174300
2026-07-08,128.33999633789062,128.99000549316406,125.13999938964844,125.98999786376953,7910200
2026-07-09,125.4800033569336,128.07000732421875,124.44999694824219,125.06999969482422,6975500
2026-07-10,125.12000274658203,125.55999755859375,122.9000015258789,123.54000091552734,8388400
2026-07-13,123.58000183105469,124.73999786376953,122.44000244140625,124.02999877929688,5225800
2026-07-14,123.30000305175781,123.66000366210938,120.16000366210938,120.77999877929688,9932900
2026-07-15,124.25,124.9000015258789,122.75,123.61000061035156,9053800
2026-07-16,124.33000183105469,128.92999267578125,124.0,127.62999725341797,13038800
2026-07-17,128.4499969482422,131.74000549316406,127.02999877929688,127.5,13472700
2026-07-20,127.29000091552734,127.88999938964844,124.22000122070312,124.4000015258789,7729000
2026-07-21,124.80000305175781,126.7699966430664,124.0999984741211,126.26000213623047,7344800
2026-07-22,127.31999969482422,128.8300018310547,126.62000274658203,127.47000122070312,7792400
2026-07-23,127.81999969482422,131.0399932861328,127.81999969482422,130.47999572753906,8531300
2026-07-24,131.44000244140625,131.7100067138672,130.24000549316406,131.07000732421875,6154400
2026-07-27,131.00999450683594,132.52999877929688,130.4499969482422,130.75999450683594,6909800
2026-07-28,132.8800048828125,135.0500030517578,131.13999938964844,131.82000732421875,10260200
2026-07-29,132.3699951171875,132.69000244140625,129.64999389648438,130.36000061035156,7537700
2026-07-30,128.1999969482422,130.2100067138672,127.25,129.7899932861328,7832900
2026-07-31,128.9199981689453,131.0399932861328,128.13999938964844,130.1999969482422,7738800
2026-08-03,129.8699951171875,131.47000122070312,126.72000122070312,127.7699966430664,11153800
2026-08-04,128.4600067138672,129.99000549316406,126.22000122070312,128.0,11816900
2026-08-05,129.41000366210938,131.08999633789062,127.55999755859375,128.3300018310547,10501900
2026-08-06,130.9600067138672,131.0800018310547,127.80000305175781,128.3699951171875,7051700
2026-08-07,127.83999633789062,128.75,126.68000030517578,128.5800018310547,7347500
2026-08-10,128.2899932861328,130.97999572753906,128.24000549316406,130.9199981689453,6007600
2026-08-11,129.92999267578125,132.83999633789062,129.6999969482422,130.4199981689453,6342200
2026-08-12,130.25,134.05999755859375,128.91000366210938,132.9199981689453,10447100
2026-08-13,133.86000061035156,135.67999267578125,133.05999755859375,135.5500030517578,8895200
2026-08-14,134.42999267578125,135.97000122070312,133.39999389648438,135.83999633789062,6869000
2026-08-17,134.9499969482422,137.1699981689453,134.5500030517578,135.97000122070312,8477300
2026-08-18,137.24000549316406,137.97999572753906,134.8800048828125,135.1699981689453,10284200
2026-08-19,146.94000244140625,153.5,144.89999389648438,152.1999969482422,32776300
2026-08-20,150.77999877929688,152.52000427246094,148.52000427246094,148.99000549316406,16204700
2026-08-21,149.1199951171875,154.49000549316406,148.58999633789062,152.5500030517578,15976200
2026-08-24,150.72000122070312,151.52000427246094,149.13999938964844,150.66000366210938,15032000
2026-08-25,151.0,156.9199981689453,150.66000366210938,156.4499969482422,14005100
2026-08-26,154.35000610351562,155.19000244140625,152.61000061035156,153.10000610351562,8627600
2026-08-27,149.52999877929688,152.0800018310547,149.02000427246094,149.5399932861328,8522600
2026-08-28,146.72000122070312,149.00999450683594,145.75,148.35000610351562,8067000
2026-08-31,147.0,148.69000244140625,145.9499969482422,147.75999450683594,11124700
2026-09-01,150.22999572753906,151.67999267578125,148.5500030517578,149.86000061035156,9865600
2026-09-02,151.5,152.69000244140625,149.97000122070312,151.63999938964844,8969200
2026-09-03,152.8000030517578,152.8000030517578,148.89999389648438,152.33999633789062,6498300
2026-09-04,150.8300018310547,152.22000122070312,150.08999633789062,150.3300018310547,4395400
2026-09-08,148.41000366210938,149.60000610351562,146.27999877929688,148.4600067138672,11187000
2026-09-09,148.9600067138672,149.41000366210938,147.17999267578125,147.52999877929688,8546000
2026-09-10,147.94000244140625,148.0,144.10000610351562,144.7100067138672,7542000
2026-09-11,145.52000427246094,145.89999389648438,143.67999267578125,143.92999267578125,8678200
