Date,open,high,low,adj_close,volume
2016-09-12,23.639531378342813,24.39430569535053,23.50367177094258,24.333925247192383,13888100
2016-09-13,23.918794547059537,24.152774143481608,23.60178932884164,23.745195388793945,13954100
2016-09-14,23.767846638501545,24.009374225869934,23.631987010702332,23.820680618286133,11687600
2016-09-15,23.813132716119462,24.25844974546514,23.775394570426297,24.11504364013672,9947900
2016-09-16,23.903700822299278,24.00182084246438,23.68481559633594,23.843318939208984,14756200
2016-09-19,23.941446078903834,24.228259748968828,23.79049204609734,23.850873947143555,7806500
2016-09-20,24.032015682021996,24.152779464173435,23.88860815086047,23.926347732543945,8849000
2016-09-21,24.03201199331445,24.19806324799862,23.775388635727662,24.09239387512207,10073600
2016-09-22,24.250899611643852,24.484877807205507,24.137682312398486,24.333925247192383,8185300
2016-09-23,24.24335223980374,24.34147371522944,23.903704633129408,24.084850311279297,9400600
2016-09-26,23.79803768752603,23.828227915352564,23.3678150641499,23.420650482177734,10217700
2016-09-27,23.262147084019986,23.767845996264676,23.111193065802695,23.66217803955078,9753500
2016-09-28,23.730107700907766,24.001825507820413,23.639534138858263,23.979183197021484,7425100
2016-09-29,23.979182822357732,24.235806231267446,23.201764678940897,23.428197860717773,12529700
2016-09-30,23.601796143915724,24.394308698491567,23.398006707727212,24.198068618774414,16269700
2016-10-03,24.167877619954346,24.265999102145347,23.75275081923961,24.11504364013672,10324300
2016-10-04,24.205614264510224,24.45469119326308,24.009372751916327,24.182971954345703,9525400
2016-10-05,24.281090286801923,24.703764973763462,24.2282563108362,24.575454711914062,11157700
2016-10-06,24.515065718595665,24.64337883004968,24.3037298635362,24.44713592529297,11347200
2016-10-07,24.40940302121064,24.54526263692635,24.115041480238506,24.386760711669922,11406100
2016-10-10,24.62073933174997,24.688669140739577,24.462237403852797,24.575454711914062,6609200
2016-10-11,24.522622081810205,24.72640864072759,24.115043205503618,24.28864097595215,6827700
2016-10-12,24.288639739054624,24.439595190655137,24.062206561653856,24.084850311279297,6743300
2016-10-13,23.76783662456406,24.907545706938674,23.367805826766126,23.94898223876953,13893500
2016-10-14,24.333923396604163,24.74904866354114,24.06975067820041,24.205610275268555,13734100
2016-10-17,24.190514177875187,24.281086281843653,23.858414543833963,23.994274139404297,10114300
2016-10-18,24.3414741131714,24.537714187995228,24.182972182055714,24.39430809020996,13091600
2016-10-19,24.78678745431326,24.907551223865617,24.288636545005364,24.854717254638672,18522700
2016-10-20,24.786787625410543,25.050957473368772,24.590547578246632,24.832075119018555,10650700
2016-10-21,24.60564765772407,25.300041698014795,24.560363030233876,25.23965835571289,13910300
2016-10-24,25.337776369202615,25.420802013852633,25.164178602768867,25.19437026977539,9221300
2016-10-25,25.201912166279715,25.35286759463925,25.05850609291758,25.171720504760742,7912200
2016-10-26,25.02077690541523,25.398164171685526,24.952847082317124,25.352876663208008,9113000
2016-10-27,25.679365158081055,25.823630213043213,25.497135919863755,25.679365158081055,12608400
2016-10-28,25.58065694758352,25.838817458714608,25.185823054295874,25.45157814025879,10183500
2016-10-31,25.595846712520572,25.72492843403697,25.42880369756327,25.489545822143555,8687200
2016-11-01,25.573069590140474,25.68696506000895,24.988411778014374,25.330095291137695,8988700
2016-11-02,25.147859931669164,25.18582411798677,24.851735223317394,24.996000289916992,8900400
2016-11-03,25.10989297827178,25.231380098989437,24.88210498898636,24.912477493286133,8172500
2016-11-04,24.920070534525937,25.21619522644645,24.72265503873946,24.889698028564453,7897800
2016-11-07,25.489546596831882,25.816043853759766,25.489546596831882,25.816043853759766,11328000
2016-11-08,25.6717705622939,26.02863732011034,25.466760520238743,25.891963958740234,7370500
2016-11-09,26.347539169941022,28.025580557936213,26.172901653661416,27.729455947875977,28311000
2016-11-10,27.88132487363094,29.566958502111582,27.88132487363094,28.868408203125,38586800
2016-11-11,28.374867841600118,29.42269628816791,28.352089906831917,29.22528076171875,22845500
2016-11-14,29.521400486023943,30.280695745154834,29.445469222221924,29.878267288208008,25619000
2016-11-15,29.468254282365162,30.394592661954814,29.164534976494544,30.371814727783203,18608000
2016-11-16,29.620107243906585,29.976976948110316,29.5821430596572,29.75678062438965,18234900
2016-11-17,29.62770039632802,30.349031448364258,29.399912405285377,30.349031448364258,12676900
2016-11-18,30.37182305918904,30.88054970511873,30.288300082339028,30.698320388793945,16413300
2016-11-21,30.705891022217216,30.979237705816903,30.45532515990469,30.797008514404297,10122300
2016-11-22,30.79701990299529,30.956471228565857,30.349035538429057,30.78183364868164,12341100
2016-11-23,30.75145226190908,31.2677731735806,30.53885055586116,31.16147232055664,9841000
2016-11-25,31.207042694091793,31.282973979068032,30.971662951871348,31.207042694091797,4027500
2016-11-28,30.850168149734237,31.131106593342224,30.63756350095268,30.705900192260742,10123600
2016-11-29,30.705899728530795,31.07036111117572,30.59200717572515,30.8273868560791,8602900
2016-11-30,31.146300332931506,31.617062710383525,31.138705756248704,31.404460906982422,14726600
2016-12-01,31.708167347835325,32.30041959343369,31.571496871984927,32.01188659667969,14053900
2016-12-02,31.958749029267956,31.958749029267956,31.237417695214056,31.761333465576172,11288400
2016-12-05,32.118187723187,32.53579952134617,31.746134681665385,31.958736419677734,12264200
2016-12-06,32.26245793958798,32.452281760870264,31.86762404374305,32.27764129638672,11769500
2016-12-07,32.27004952665189,32.4902458538717,32.110598212381674,32.37635040283203,16213400
2016-12-08,32.573766896625315,33.19638876059879,32.42190726959926,33.090087890625,14972900
2016-12-09,33.02175405589667,33.43936589393292,32.824335654764226,33.203983306884766,12115100
2016-12-12,33.02934778527887,33.340658763487745,32.39153957425559,32.63451385498047,12052000
2016-12-13,32.74081635698649,32.87748975870135,32.01189347882861,32.31561279296875,16674900
2016-12-14,32.09541542953419,33.14324384436035,31.981519966179324,32.543399810791016,15136500
2016-12-15,32.930638199139835,33.03693908367188,32.566176782252036,32.657291412353516,15725700
2016-12-16,32.74080382485635,33.06730094881566,32.353564599208376,32.42949295043945,19076900
2016-12-19,32.39154433324429,32.54340400512915,31.9967103449366,32.520626068115234,12663500
2016-12-20,32.74840800828754,33.09009148206042,32.74840800828754,33.02934646606445,8647400
2016-12-21,33.135658959819565,33.150845219140514,32.862312085008064,32.93064880371094,6859300
2016-12-22,32.87750057919814,32.94583730254625,32.46748023910949,32.49026107788086,8200300
2016-12-23,32.54341083457647,32.702862220100435,32.45988785268784,32.69527053833008,6733000
2016-12-27,32.854694356565375,32.854694356565375,32.611720193024375,32.74079895019531,5927000
2016-12-28,32.83952093147356,32.86989343789525,32.32319990823128,32.36116409301758,4854500
2016-12-29,32.38394682698829,32.475061455134174,31.68539362058507,32.00429916381836,7180200
2016-12-30,32.01947046056412,32.30800338690555,31.799277100192672,32.08021545410156,6943500
2017-01-03,32.718040359188244,33.12806058860709,32.232091744980224,32.68766784667969,8316900
2017-01-04,32.877482456800536,33.272316318899556,32.68006697399172,33.12045669555664,7747400
2017-01-05,33.05212161934535,33.12805288295497,32.034665858828745,32.816741943359375,9883200
2017-01-06,33.074907707483995,33.50770584121327,32.78637465283714,33.295101165771484,9152800
2017-01-09,33.021745096669385,33.05970927228492,32.406715024366314,32.42949295043945,11104000
2017-01-10,32.63452549823546,33.04454582942532,32.45988785268784,32.69527053833008,9074300
2017-01-11,32.74841088408735,33.15842819213867,32.482655760490374,33.15842819213867,8777100
2017-01-12,33.10527093126255,33.18879387015564,32.528207829836184,33.1280517578125,8595600
2017-01-13,33.424187531919536,33.864577406187536,33.02935353291371,33.26473617553711,12904500
2017-01-17,33.24194846028545,33.287507222599295,31.7157661287943,32.00429916381836,21840400
2017-01-18,32.11060168441364,32.763596161820054,31.875219078505154,32.543399810791016,15906900
2017-01-19,32.3231969814767,32.64969415474263,31.852434760492866,32.23208236694336,15040100
2017-01-20,32.254863590259205,32.550988290093244,32.156154391487306,32.33838653564453,10779600
2017-01-23,32.04226328030209,32.33079631469098,31.723357737770833,31.860031127929688,12344700
2017-01-24,31.951139183373208,32.74839845870429,31.913172111206205,32.444679260253906,12164200
2017-01-25,32.80155762980655,33.3330649205695,32.619325482851764,33.30269241333008,13961000
2017-01-26,33.36343787128578,33.72789930519928,33.21917279217899,33.4241828918457,10628900
2017-01-27,33.370784803365254,33.52333754440665,33.22586129971176,33.29450988769531,7635600
2017-01-30,32.98178074281224,33.019918203728665,32.394454533653615,32.8902473449707,7216200
2017-01-31,32.85972734716368,33.08092570509585,32.28002767403616,32.409698486328125,10811000
2017-02-01,33.027544417415974,33.10382224868589,32.455473776549525,32.569889068603516,9731300
2017-02-02,32.1808803675798,32.424963615553196,31.906288895886107,32.13511657714844,11481000
2017-02-03,32.8749882883914,34.0191294526236,32.737691115907424,33.889461517333984,16692200
2017-02-06,33.75978770364162,34.34711379879788,33.66825723326828,34.04201126098633,12577100
2017-02-07,34.232707820709564,34.347120202582346,34.03438836994062,34.22507858276367,10055700
2017-02-08,34.003875772098795,34.0115020993617,33.271623237701434,33.49282455444336,10586500
2017-02-09,33.82844317615452,34.34712079678239,33.477573876818546,34.20982360839844,13166700
2017-02-10,34.42339292880705,34.43864849273481,33.82081124731606,34.09540557861328,8909400
2017-02-13,34.324243548285544,34.781898965048484,34.27847684272838,34.522560119628906,13256300
2017-02-14,34.46917074147912,35.285324830769746,34.400522130711565,35.11751937866211,12958700
2017-02-15,35.37685403831619,35.65907477799226,35.08700405962875,35.460758209228516,10115100
2017-02-16,35.407352406375594,35.46837466266693,34.934441558923076,35.1708984375,10752500
2017-02-17,34.743746443381305,35.216657223740775,34.62933409361902,35.2014045715332,8310100
2017-02-21,35.292943560891764,35.62093094692147,35.292943560891764,35.51414489746094,7628400
2017-02-22,35.24717424941023,35.71245878157402,35.19378122864075,35.4836311340332,7612800
2017-02-23,35.52939987182617,35.53702619964575,35.23954994975541,35.52939987182617,11877100
2017-02-24,35.003094736156655,35.048861434381514,34.50730193237841,34.72850036621094,11837200
2017-02-27,34.72087494673404,35.109881707870365,34.675108247311385,34.96495819091797,7887000
2017-02-28,34.78189216224483,34.95732971104999,34.4233965561209,34.83528518676758,13789400
2017-03-01,35.811620030490424,35.97942542737115,35.55228124290946,35.704833984375,14373700
2017-03-02,35.91079021474718,35.91841654467739,35.117518055696145,35.30057907104492,8477000
2017-03-03,35.292934333480424,35.89551592326335,35.254796884315866,35.7200813293457,11404300
2017-03-06,35.49125553532766,35.57515968046953,35.071737719319536,35.521766662597656,9332600
2017-03-07,35.58279785970921,35.68958392229014,35.24718119479545,35.338714599609375,9411000
2017-03-08,35.82687840194133,36.1014727761481,35.34633824707949,35.38447570800781,11464700
2017-03-09,35.544660098685846,35.941296152925965,35.49889630261727,35.605682373046875,11135400
2017-03-10,35.880276154087994,35.91841362003847,35.24718316244201,35.460758209228516,8579400
2017-03-13,35.60567369550296,35.659066717705215,35.2624307601302,35.28531265258789,7160400
2017-03-14,35.285315175678356,35.285315175678356,34.881052861610996,35.2319221496582,6916200
2017-03-15,35.285311753716215,35.56753533211183,34.84291202249568,34.97257995605469,10796100
2017-03-16,35.21667005985748,35.537031157302245,35.102257668393044,35.338714599609375,9284100
2017-03-17,35.28531459437094,35.36159242293001,34.270844206999215,34.33949279785156,13474500
2017-03-20,34.12590893140117,34.29371427697213,33.81317721638632,34.01149368286133,9734200
2017-03-21,34.148813053697936,34.27085470708257,32.35632281433936,32.53938674926758,20018400
2017-03-22,32.1579990120426,32.60802805361507,31.761363000003993,32.196136474609375,19046600
2017-03-23,32.02069269686402,32.7834533697089,31.86813998035483,32.48597717285156,14888800
2017-03-24,32.63090880503445,32.79871712608644,32.1503715560794,32.38682556152344,10815300
2017-03-27,31.013855666226675,31.822383204854837,30.556200325691,31.71559715270996,21631100
2017-03-28,31.715586471449637,32.62327051869052,31.707957236179144,32.409698486328125,12944900
2017-03-29,32.86737680785655,32.98941847078232,32.44785877340565,32.646175384521484,14543900
2017-03-30,32.684298699956756,33.340273445156605,32.64616124238266,33.12670135498047,11264300
2017-03-31,32.98940571130702,32.98940571130702,32.54700303574716,32.676673889160156,11203300
2017-04-03,32.653788654325886,32.79108582167873,32.09697365770663,32.577510833740234,12531800
2017-04-04,32.4478420758334,32.67666971235228,32.30291567526714,32.424957275390625,7837100
2017-04-05,32.806338633919914,32.87498721792659,31.738475327895483,31.837635040283203,12455100
2017-04-06,31.75373353721485,32.318174910776165,31.601180792303122,32.1046028137207,9520900
2017-04-07,31.74609794856707,32.22663798050749,31.593545234174762,31.99781036376953,9319600
2017-04-10,31.959679809085134,32.150370015798764,31.57067015795641,31.96730613708496,8677200
2017-04-11,31.70034158673188,31.86814699308739,31.26556814031248,31.71559715270996,10318400
2017-04-12,31.654573145868564,31.669828711006662,31.280819074239034,31.32658576965332,10440600
2017-04-13,31.14353788692384,31.791883674223893,30.891825320984424,31.0367488861084,10516500
2017-04-17,31.105383589720756,31.69270973783136,30.952833761911418,31.64694595336914,7959700
2017-04-18,31.26556330247099,31.692707444956838,31.082499448761883,31.433368682861328,13872400
2017-04-19,32.272409227531696,32.752946417666614,32.00544121219977,32.066463470458984,19850300
2017-04-20,32.501220544861795,32.61563285705394,32.112211118188604,32.41731643676758,13816200
2017-04-21,32.196135618329414,32.50124113015288,31.814755183400983,31.883403778076172,12951300
2017-04-24,33.0961783507411,33.3555170427811,32.94362566547631,33.22584915161133,16188100
2017-04-25,33.54622038712321,33.90471890226718,33.500453690604324,33.76742172241211,13857600
2017-04-26,33.69114764658654,34.21745453120551,33.668265750629864,33.84370040893555,12938400
2017-04-27,33.83603704177511,33.87434718767834,33.24605144165962,33.360984802246094,9041300
2017-04-28,33.406961000960685,33.567868315368564,33.20774645757187,33.23073196411133,9049100
2017-05-01,33.529539091771056,33.75940573796365,33.32266378679904,33.514217376708984,7552200
2017-05-02,33.46059296911282,33.54487704980108,32.947230547287205,33.21540451049805,8126400
2017-05-03,33.06216834711983,33.53722068399436,33.039179916565786,33.31501770019531,5578300
2017-05-04,33.59851199349422,33.69045985804587,33.11579885754453,33.16176986694336,7367800
2017-05-05,33.223061158180606,33.3763046426199,32.84761476744815,33.008522033691406,6893400
2017-05-08,33.062148350668025,33.18474252225921,32.893580268651796,32.96253967285156,7171700
2017-05-09,32.98553603990138,33.20773896255548,32.69437369031589,32.81697082519531,6068700
2017-05-10,32.79400083473961,33.10048799846394,32.69439206809748,33.02386474609375,7367800
2017-05-11,32.931909823142455,33.100478004583614,32.51815315390179,32.847625732421875,6340000
2017-05-12,32.64839627629609,32.76332668336128,32.45684267497811,32.74034118652344,5836300
2017-05-15,32.80930770999799,33.4222787824769,32.79398306782644,33.27669906616211,9941100
2017-05-16,33.360986101612,33.43760639640273,33.16943244175829,33.2383918762207,6888900
2017-05-17,33.238382279740634,33.238382279740634,30.978049161487707,31.39180564880371,22899900
2017-05-18,31.414793323476623,32.08906287662976,31.35349476279168,31.652320861816406,14498400
2017-05-19,31.86686662504973,32.34958266105864,31.690637610638163,32.02777099609375,10486700
2017-05-22,32.21932687541216,32.31127181908027,31.79790938381651,31.920503616333008,6752600
2017-05-23,31.805571419441204,32.67905864662329,31.667655460283154,32.50282669067383,10761300
2017-05-24,32.45684094808469,32.74800322500176,32.410867033979095,32.663719177246094,6583400
2017-05-25,32.81696263472223,32.924232178092765,32.55644963387555,32.663719177246094,5062800
2017-05-26,32.525815096791504,32.924247097627514,32.51815131286316,32.82463836669922,5346500
2017-05-30,32.625412632410246,32.7326821875805,32.21931698699636,32.395545959472656,6377900
2017-05-31,32.32659625393374,32.32659625393374,31.468436631881623,31.981801986694336,13637900
2017-06-01,32.16568717210628,32.74034809735971,31.98945817244043,32.64840316772461,9654300
2017-06-02,32.29593874089467,32.90124590697455,32.10438513726629,32.579437255859375,10016400
2017-06-05,32.6024438145878,33.253728241388316,32.52582349278911,32.86295700073242,6892800
2017-06-06,32.5258054710658,33.00085763333474,32.34191270861018,32.901248931884766,7863200
2017-06-07,33.054500281176765,33.29202788028637,32.885932119042394,33.16176986694336,6378500
2017-06-08,33.161762482510035,34.265113228420674,33.06215670240804,33.79005813598633,11032500
2017-06-09,33.98928048708118,34.7478313123808,33.98928048708118,34.41069793701172,13489900
2017-06-12,34.410693313419046,34.86275998842577,34.00460056096222,34.36471939086914,10384200
2017-06-13,34.533290664412334,35.23054581080769,34.51796602216581,34.59458923339844,9857800
2017-06-14,34.15018485331119,34.571602303241725,33.882010909594506,34.41069793701172,11796300
2017-06-15,34.08122211422879,34.54095258825559,34.03524818996316,34.24212646484375,6904900
2017-06-16,34.3034216136518,34.35705639184769,33.8973288864897,34.08121871948242,9483200
2017-06-19,34.3877135153063,35.17691365123811,34.34940336826748,35.031333923339844,9153900
2017-06-20,34.847441622259794,35.03133442269505,34.69419810904323,34.86276626586914,6680500
2017-06-21,34.82445452692611,34.885750175685594,34.33407764534317,34.41069793701172,7257600
2017-06-22,34.24979133633319,34.38004640824726,34.00460291153776,34.18083190917969,7750500
2017-06-23,34.24979626819598,34.27278177293146,33.337998941995224,33.47591781616211,15915100
2017-06-26,33.68279446938025,33.96629598725518,33.315011797331614,33.713443756103516,5780400
2017-06-27,33.973952524470334,34.29576122548541,33.836033674642024,33.88200759887695,8318800
2017-06-28,34.06590683410311,34.326419964110904,33.86669228662763,33.95863723754883,15848600
2017-06-29,34.8167843113295,34.947042290551856,33.920314788355626,34.2880973815918,15728200
2017-06-30,34.732518092067195,34.80913840248621,34.05058446867701,34.14253234863281,8379400
2017-07-03,34.4796568160886,35.26119605466515,34.464332173425134,34.94704818725586,7486400
2017-07-05,35.16157575599948,35.43741338732309,34.89340190492139,35.36845397949219,9843200
2017-07-06,35.32250488263895,35.73626162031111,35.06965549153561,35.34549331665039,10417300
2017-07-07,35.491050294051966,35.552348848203195,35.215212646123305,35.28417205810547,6442000
2017-07-10,35.2075594869744,35.429762410046834,35.092626134246835,35.23820877075195,5321500
2017-07-11,35.11561566947901,35.192235958470384,34.77081852326448,34.84743881225586,8454700
2017-07-12,34.73249891994844,34.73249891994844,34.272768542570134,34.448997497558594,10234400
2017-07-13,34.609905462929724,35.03898660914145,34.47198955034057,34.878082275390625,6204200
2017-07-14,34.38771180175424,34.78614374143308,33.958630576820866,34.63290023803711,8220600
2017-07-17,34.59458695010063,34.88574636493769,34.42601881939126,34.732505798339844,5141600
2017-07-18,34.42601735010823,34.67120575365202,34.24212458601223,34.58692169189453,9594100
2017-07-19,35.97377660227189,36.012086748279806,35.230547493635754,35.720924377441406,17586300
2017-07-20,35.514052029269045,36.15767252777363,35.514052029269045,35.63664627075195,10652400
2017-07-21,35.3378076752773,35.851172848485206,35.3224830363736,35.69792938232422,9021300
2017-07-24,35.628970703026425,35.989092417495634,35.598321424587326,35.78987503051758,7443600
2017-07-25,36.18831456745314,36.80894943471607,36.18831456745314,36.47947692871094,11885000
2017-07-26,36.563756100433544,36.663361878851646,36.10402565645069,36.1729850769043,9034500
2017-07-27,36.31163878602546,36.665973126575786,35.9187903542739,36.27312469482422,9439300
2017-07-28,36.18839973833198,36.357865302301775,35.78784663886357,35.9419059753418,7959600
2017-07-31,36.15758716537095,36.31935108428586,35.895687175743745,36.12677764892578,6764600
2017-08-01,36.39636725426958,36.61204849029151,36.25001254960276,36.36555480957031,6330000
2017-08-02,36.31165390587895,36.558147718328925,36.07286467793943,36.458011627197266,6020000
2017-08-03,36.38866470963299,36.627453804037586,36.288525736062724,36.40406799316406,6479300
2017-08-04,36.81233116542266,37.3207248144416,36.604351544673534,37.03571701049805,8906800
2017-08-07,37.12815403974355,37.282213355447794,36.935580629722516,37.212886810302734,7761600
2017-08-08,37.15896956574197,37.66736329273324,36.82774303801946,36.9201774597168,7771800
2017-08-09,36.373271744089095,36.735307807742835,36.157587496373885,36.704498291015625,8282900
2017-08-10,36.42717689983259,36.565829951888446,35.61066480866325,35.66458511352539,10099800
2017-08-11,35.72622010609402,35.84176238987308,35.02525300612758,35.16390609741211,13505800
2017-08-14,35.595271272201494,36.1575853221755,35.57216340143623,35.826358795166016,7136300
2017-08-15,36.211493399622455,36.43487920292917,35.76472473144531,35.76472473144531,7663000
2017-08-16,35.90338581718498,36.065146770893335,35.37188134294762,35.44120788574219,8350800
2017-08-17,35.30256259090964,35.41810488582386,34.6863252642844,34.7325439453125,9426800
2017-08-18,34.61699792255677,35.294857203324256,34.56307759847226,34.96363067626953,7284000
2017-08-21,34.97132209711051,34.97132209711051,34.30116471267192,34.416709899902344,8501900
2017-08-22,34.66320500536502,35.21011264578051,34.60928469932047,35.102272033691406,7130700
2017-08-23,34.817274436729534,35.394994688649476,34.747947888961654,35.279449462890625,5464800
2017-08-24,35.41040195620355,35.57216292627424,35.22553017723903,35.433509826660156,6640700
2017-08-25,35.56446198394144,35.75703542662279,35.22553378265979,35.38729476928711,5659400
2017-08-28,35.55674734807512,35.55674734807512,34.755641413989075,35.0329475402832,6526700
2017-08-29,34.44753267210518,35.102281093600546,34.154820264859666,34.93281555175781,8776100
2017-08-30,35.002134835114084,35.402687799177485,34.994433193190524,35.171600341796875,5672900
2017-08-31,35.43350571852464,35.46431816785256,34.963626150802995,35.04835891723633,7890800
2017-09-01,35.11768569794009,35.83405898828538,34.894299846448135,35.57986068725586,7024700
2017-09-05,35.17161008073159,35.21782876038014,34.44753506352799,34.57848358154297,8735700
2017-09-06,34.69401707617545,34.92510451937819,34.47063127442375,34.717124938964844,6313200
2017-09-07,34.763362363966095,34.763362363966095,33.76968258964833,33.94684982299805,11538300
2017-09-08,34.039287908914936,34.516872263997215,33.854419010153805,33.900634765625,8739800
2017-09-11,34.43983570203967,34.91741998216358,34.21644979086278,34.786468505859375,8017000
2017-09-12,34.9405222106725,35.49513460717118,34.92511598427673,35.240936279296875,8010200
2017-09-13,35.22553252558725,35.63378726920255,35.09458399968703,35.60297775268555,6637900
2017-09-14,35.74161957349095,36.01892276518967,35.67229304095715,35.757022857666016,7414100
2017-09-15,35.63378332730835,35.94190196589306,35.54134891110778,35.89568328857422,9113100
2017-09-18,36.06515145234813,36.71989993383586,36.011231127446194,36.45029830932617,7938000
2017-09-19,36.4502890385433,36.95098100064346,36.32704219319449,36.71989059448242,7999600
2017-09-20,36.75070924348021,37.182074744228366,36.45029519088868,36.88936233520508,8673600
2017-09-21,36.820031664132635,37.3515361023421,36.558131735598955,37.17436599731445,9503600
2017-09-22,36.997204636594326,37.18977805725274,36.766117119491675,37.14356231689453,6050000
2017-09-25,37.0511337369743,37.21289768186264,36.61206646893002,36.77383041381836,7205200
2017-09-26,36.74301158954467,36.773824044037454,36.296239814711555,36.55813980102539,7146100
2017-09-27,37.182066791672206,37.266799544985425,36.804621691941456,37.02800750732422,10314600
2017-09-28,37.2591041811537,37.2591041811537,36.88936357032023,37.08964157104492,5960700
2017-09-29,37.0511135683795,37.205172845229974,36.904758871511504,37.10503387451172,5200500
2017-10-02,37.05882995146028,37.71357841356436,37.05882995146028,37.68276596069336,6096900
2017-10-03,37.698167806924886,38.013988066064,37.559514723552894,37.96006774902344,6432400
2017-10-04,37.92156366086633,37.99859480441539,37.559524632279974,37.752098083496094,5372900
2017-10-05,37.82912223585282,38.48387067360865,37.5749239167758,38.22967529296875,11491100
2017-10-06,38.48386275528687,38.62251582108421,38.03709405094607,38.329803466796875,5159400
2017-10-09,38.45305808870625,38.514682991943175,37.98318142449172,38.03710174560547,6333800
2017-10-10,38.03709722391273,38.16034407729839,37.84452383184534,38.121829986572266,5903500
2017-10-11,38.07562245966558,38.07562245966558,37.84453490923097,37.88304901123047,5364600
2017-10-12,37.97547759784188,38.067912016099015,37.266808827141894,37.42856979370117,6915100
2017-10-13,37.08965405371446,37.3900682174699,36.74302119613581,37.205196380615234,7224500
2017-10-16,37.15895899038128,37.73667910383696,37.15895899038128,37.69816207885742,8178900
2017-10-17,38.27590122331564,38.7688917668689,37.72129163677984,37.83683395385742,15535000
2017-10-18,38.06790920803932,38.86131363306928,38.02939511480958,38.630226135253906,12094900
2017-10-19,38.3529167175293,38.47616356849893,37.89073882256563,38.3529167175293,10053100
2017-10-20,38.86131547799832,39.21564985403294,38.684148289981,39.038482666015625,8454500
2017-10-23,39.192537722288556,39.36200030980201,38.81509257951851,38.98455810546875,6265800
2017-10-24,39.13861125687509,39.585379929940004,39.123205035260945,39.33888626098633,7849700
2017-10-25,39.67783065445689,39.685535237653696,38.45306344710543,38.922943115234375,9645800
2017-10-26,39.092416187299904,39.43904903674683,38.96146763219667,39.10782241821289,9715700
2017-10-27,39.01536618471336,39.554569273382505,38.90752262854308,39.4082145690918,9261100
2017-10-30,39.14503961548885,39.307594935451405,38.68059500049102,39.05989074707031,9020900
2017-10-31,39.06763612100389,39.2611552173784,38.66511604620086,38.703819274902344,9283000
2017-11-01,38.874097689111764,39.129541233780635,38.31676202384789,38.41739273071289,7842900
2017-11-02,38.33999939327574,39.04440873019348,38.324517512447486,39.028926849365234,7902300
2017-11-03,38.81992241931703,39.028920393761865,38.44062378393014,38.71929168701172,5916800
2017-11-06,38.6109210559583,38.93603163730431,38.510290324789445,38.81217956542969,4844200
2017-11-07,38.905077861693535,39.16052448645364,38.13100147568169,38.231632232666016,8823800
2017-11-08,38.09229253729106,38.223887038679216,37.72073628204208,37.96070098876953,8435700
2017-11-09,37.7594453238757,38.146483518512774,37.35692524710909,37.790409088134766,6189500
2017-11-10,37.93747275222988,38.08454911808521,37.71299290142905,37.743953704833984,5436500
2017-11-13,37.34916845798456,37.743945934134466,37.3414289969433,37.64331817626953,5730400
2017-11-14,37.44207142583274,37.5814054020967,37.12470024720189,37.44981384277344,5968500
2017-11-15,37.03180423840023,37.56591573479557,36.70669071021496,37.233062744140625,9749600
2017-11-16,37.45755043452096,37.8058853484698,37.44206855469361,37.6201057434082,7789000
2017-11-17,37.38014243918031,37.85232941931343,37.27951170090608,37.697513580322266,4992600
2017-11-20,37.86006910881376,38.14647649329642,37.666550047134514,38.01488494873047,4574600
2017-11-21,38.401921758831996,38.51803142014894,38.15421760458279,38.22388458251953,6037000
2017-11-22,38.19293164651367,38.40967210467583,37.983930653485615,37.999412536621094,3785900
2017-11-24,38.16196533918903,38.231632332226205,37.96070677756337,37.97618865966797,2692900
2017-11-27,37.91426283765759,38.17744893954689,37.70526184913957,37.929744720458984,5025600
2017-11-28,38.045847710127916,39.11407077653597,37.875549995396284,39.01344299316406,9001200
2017-11-29,39.408226201512655,40.11263555012084,39.323077331977565,39.7255973815918,9441100
2017-11-30,40.11263619629478,40.7009358755413,39.74107990286553,39.95008087158203,12158200
2017-12-01,40.15907936044043,40.437747301521114,39.261150968550865,40.21326446533203,10014000
2017-12-04,41.111188582652694,41.31244710091453,40.77059315547143,40.77833557128906,10640100
2017-12-05,40.92541063939585,40.97959574083692,40.09714928552054,40.25970458984375,7959700
2017-12-06,39.988772069619834,40.530625941869665,39.81847437903291,40.011993408203125,7701600
2017-12-07,39.74106877406887,40.81703412614821,39.67914126607226,40.522884368896484,8765600
2017-12-08,41.01831212619336,41.01831212619336,40.368087794177505,40.94090270996094,6488900
2017-12-11,40.693202750410336,40.94090700259113,40.66223898067083,40.848018646240234,6316900
2017-12-12,41.2272930765078,41.87751713896427,40.81703367559022,41.683998107910156,8152000
2017-12-13,41.76915714991109,41.99363998941813,41.11893292873446,41.16537857055664,10568400
2017-12-14,41.335682862628374,41.645311665301136,40.73964365257755,40.74738311767578,8190100
2017-12-15,41.06474373921311,41.35889353576726,40.79381823769382,41.10344696044922,12708000
2017-12-18,41.699488440850715,41.714970320818495,41.01056102305114,41.211822509765625,8443000
2017-12-19,41.44404213717929,41.482745358175364,40.94863382154987,40.97185516357422,7630600
2017-12-20,41.32018837973051,41.405337234182795,40.623518618635764,40.6467399597168,6435100
2017-12-21,40.87897757501536,41.25827337437072,40.68545846636177,40.933162689208984,11350600
2017-12-22,41.049257371441044,41.1111848809403,40.445478918154194,40.809295654296875,6153800
2017-12-26,40.669964975437274,40.84025973449772,40.32163008870798,40.615779876708984,3313800
2017-12-27,40.507422461414784,40.708681041217744,40.337124695750276,40.693199157714844,5786800
2017-12-28,40.840269060969064,40.84801147847915,40.5848253876109,40.755123138427734,3736700
2017-12-29,40.84025973449772,40.886705370350434,40.53837048362113,40.615779876708984,5804600
2018-01-02,40.84026732443242,40.86349162310809,40.38356215537044,40.399044036865234,6644600
2018-01-03,40.484191473631924,40.67771055615681,40.19004164139139,40.507415771484375,6955500
2018-01-04,40.871224264681096,41.436299557010145,40.64674144978057,41.126670837402344,8678800
2018-01-05,41.18085777767549,41.211821536880095,40.82478340542237,41.11119079589844,6476000
2018-01-08,40.971866476453904,41.15764316967712,40.78608683036339,40.94090270996094,6681400
2018-01-09,41.07248978945633,41.428564180922,41.04152602858103,41.25826644897461,6622700
2018-01-10,41.7536691807593,42.17167103760532,41.4982255701532,41.74592971801758,11028800
2018-01-11,41.908479907716135,42.06329571949427,41.66077579001753,41.954925537109375,8310000
2018-01-12,42.24133860004024,42.68256180410181,42.202635380061686,42.66707992553711,8998000
2018-01-16,43.07734698597867,43.3327906277673,41.95493576796586,42.264564514160156,11168500
2018-01-17,42.40389247236932,42.89156129575623,41.69174379949499,42.845115661621094,11905200
2018-01-18,43.27086046014826,43.3405274357783,42.64385767947789,43.22441482543945,13953900
2018-01-19,43.10831234615344,44.509391650712345,43.10831234615344,44.47842788696289,15124200
2018-01-22,43.712081302285675,44.4938969175091,43.448895292166334,44.40100860595703,16858300
2018-01-23,44.230721989378395,44.362316503842116,43.851426233003124,44.05268478393555,9372200
2018-01-24,44.284896434774375,44.68741639258975,44.04493471484694,44.30812072753906,8403600
2018-01-25,44.401014482221086,44.408753945513794,43.820457290670845,43.97527313232422,9463800
2018-01-26,44.19201817448133,44.60227768796074,43.92883210192341,44.586795806884766,8382200
2018-01-29,44.50165544692643,44.93513635971257,44.43972791488997,44.4706916809082,7493500
2018-01-30,44.05862954017937,44.540656577556625,43.9653352282691,44.004207611083984,7321200
2018-01-31,44.08974072863732,44.377402965086766,43.79430816557491,43.96534729003906,7193100
2018-02-01,43.926467112960786,44.67282761229814,43.825396535204796,44.66505432128906,7474400
2018-02-02,44.33852286211021,44.54066403181399,43.06348951144896,43.133460998535156,9783700
2018-02-05,42.48038589950822,43.25007209665701,40.36569514560436,40.85549545288086,13439000
2018-02-06,39.80593419200718,42.26270653768043,39.572696892981035,42.239383697509766,17628700
2018-02-07,41.9206153280203,43.312268561789196,41.89729249178291,42.41041564941406,11541700
2018-02-08,42.40263501542225,42.488156021177915,40.26462173461914,40.26462173461914,14073100
2018-02-09,40.86327773902639,41.135387413352106,38.888529638633095,40.5367431640625,15736400
2018-02-12,41.04986863048486,42.09166467259452,40.90992565723332,41.539669036865234,11712900
2018-02-13,41.2286818779127,41.88952432120673,41.096515168717715,41.508567810058594,8659500
2018-02-14,41.41527147970119,42.83802094475608,41.4074952232003,42.79914855957031,10536300
2018-02-15,43.13345376424875,43.22674807612542,42.43374197651469,43.071258544921875,7769900
2018-02-16,42.99351114219374,43.203425569850374,42.721401494734806,42.869117736816406,7448200
2018-02-20,42.70583712022876,43.26560873295195,42.55812092943644,42.806907653808594,7709400
2018-02-21,42.84578895031589,43.794290388212,42.72916885144357,42.8380126953125,8363000
2018-02-22,43.07902649733076,43.46775620871825,42.45705955226524,42.651424407958984,6111600
2018-02-23,42.79137309250626,43.63880409585711,42.79137309250626,43.59215545654297,6687100
2018-02-26,43.778736914705696,44.32295608520508,43.693215911978065,44.32295608520508,7795800
2018-02-27,44.31519137243551,44.95270792333856,44.058628314603176,44.097503662109375,11757700
2018-02-28,44.3851729352428,44.805001871252784,43.545515063222844,43.55329132080078,9599100
2018-03-01,43.452203228203956,43.763188159030435,42.30156372938133,42.36376190185547,12093900
2018-03-02,42.091654715879194,42.65919976613711,41.60185442536032,42.55813217163086,12154100
2018-03-05,42.23159859106452,43.53773075085188,42.200499500171354,43.14122772216797,7598500
2018-03-06,43.45220702449931,44.0897235191967,43.07902685436711,43.973106384277344,9762300
2018-03-07,43.405572733158394,44.33852192012263,43.304502150453786,44.22190475463867,8181000
2018-03-08,44.27631865948337,44.44735773098614,43.51440871326893,44.28409194946289,7553500
2018-03-09,44.579532395249075,45.70684937837744,44.50956091448186,45.61355209350586,10536000
2018-03-12,45.56689552657433,46.16553961544906,45.520246895287336,45.800132751464844,8123200
2018-03-13,46.04115314146945,46.09557506991972,44.99158102327282,45.11597442626953,6031100
2018-03-14,45.419198836783885,45.419198836783885,44.15971482601984,44.30743408203125,8384300
2018-03-15,44.618403272706324,44.73502339196692,44.26854588069737,44.486236572265625,5648700
2018-03-16,44.61839469734709,45.13929403995211,44.540649943297275,44.71168899536133,9144800
2018-03-19,44.62617110772615,44.836082537546595,43.6854429721205,44.27631378173828,8117800
2018-03-20,44.46291232814168,44.991585079989235,44.22967504721433,44.68060302734375,8426700
2018-03-21,44.571749263601085,45.22481231887773,44.22966522614501,44.40070724487305,8676000
2018-03-22,43.77875154207193,44.05863450936958,42.379321876718485,42.48039245605469,14900500
2018-03-23,42.69029609221059,42.69806938137219,40.42011603816961,40.4823112487793,16707800
2018-03-26,41.46191176848888,42.31711593337835,40.92546287737018,42.21604537963867,11913700
2018-03-27,42.39485990960497,42.68252202144551,40.917688836850466,41.32196807861328,12389400
2018-03-28,41.42303896021334,41.53965906518579,40.40456896864685,41.135379791259766,11262300
2018-03-29,41.391948507153664,42.32489761167015,41.220906453964965,41.951717376708984,7349200
2018-04-02,41.850639840494466,41.998356054986566,40.38123912134345,40.9876594543457,9311000
2018-04-03,41.21314240964069,41.62519811753319,40.63004756365058,41.3375358581543,10335800
2018-04-04,40.56005674363457,41.81954314640243,40.52118436557262,41.72624588012695,6692100
2018-04-05,42.14607459684631,43.063476952982576,42.09942892957411,42.651424407958984,9968200
2018-04-06,42.068335466358434,42.387093753690415,40.80885186345799,41.236454010009766,9578500
2018-04-09,41.66405435182954,42.472612936399564,41.41526755131147,41.47746276855469,8111600
2018-04-10,42.07610618572379,42.40264070920376,41.64073077544722,42.09165573120117,8836300
2018-04-11,41.166489234593726,41.578541901787325,40.9021528338459,41.00322341918945,12121200
2018-04-12,41.46191176592721,42.216045377030404,41.43858596689809,41.866188049316406,9315200
2018-04-13,42.55812263780261,42.66696646336317,41.01097735309689,41.18979263305664,12364000
2018-04-16,41.54743065674366,41.943936624826456,41.46968590045451,41.516334533691406,7282200
2018-04-17,41.990578347749455,42.0605498081456,41.02653041092703,41.391937255859375,14505300
2018-04-18,41.912839614873164,42.760270549855754,41.15092969551389,41.40748977661133,17524000
2018-04-19,41.485235201490624,42.62810150002506,41.46968565716955,42.52703094482422,13873700
2018-04-20,42.67476585109895,43.01685004438944,42.06057192748522,42.340457916259766,10183600
2018-04-23,42.41041853355568,42.441517627835545,41.46191988420265,41.70293045043945,8523600
2018-04-24,41.95171945576501,42.46484267498774,40.769980503603215,41.25978088378906,10742700
2018-04-25,41.08874003252023,41.10428958092722,40.287957567085236,40.45899963378906,12623000
2018-04-26,40.435673869792325,40.894375168063554,40.171337478148345,40.58339309692383,14668900
2018-04-27,40.497467660438964,41.020870999550674,40.450594518708975,40.513092041015625,7784500
2018-04-30,40.76306178797621,41.01304582891075,40.294342456235164,40.32558822631836,8209700
2018-05-01,40.14591596608376,40.52089206095136,39.864683149921795,40.474021911621094,8498300
2018-05-02,40.46619566020158,41.05209618514671,40.23183604623236,40.38807678222656,8931000
2018-05-03,40.1302859056465,40.18496972548322,38.974109031885554,39.90373992919922,11438000
2018-05-04,39.62251162103649,40.44277199113145,39.47408153898887,40.15372848510742,10368700
2018-05-07,40.34122321459643,41.114613593486716,40.255290619159105,40.9271240234375,6576100
2018-05-08,41.05991605609336,41.99735465341102,40.927110367445096,41.70050048828125,11578100
2018-05-09,41.888006443527914,42.38016402141529,41.528654615884555,42.29423141479492,7114800
2018-05-10,42.36453289575599,43.12229887344876,42.07548933954098,42.99730682373047,8208600
2018-05-11,43.044165876792945,43.38789615988869,42.87230371528984,43.12228775024414,6063100
2018-05-14,43.23947054081335,43.466019527072426,43.05198398532279,43.137916564941406,5816000
2018-05-15,42.99730323385698,43.29415746462492,42.57545398376114,42.848873138427734,7523400
2018-05-16,42.606695090305465,43.098849480359156,42.57544634108292,42.94261169433594,4517700
2018-05-17,42.88013014824615,43.08324411371081,42.45047011674978,42.864505767822266,4576800
2018-05-18,42.62231983719375,42.911363319915004,42.08328933855343,42.12234878540039,6702400
2018-05-21,42.520767353945146,42.91917852166938,42.37234024833123,42.46608352661133,5901700
2018-05-22,42.54420089153577,43.27853165499558,42.53639019364672,42.87230682373047,5930400
2018-05-23,42.55982416210421,42.66138111229436,41.89580459711495,42.45826721191406,6529700
2018-05-24,42.28640956114018,42.403587919224435,41.54426803975905,42.184852600097656,6637300
2018-05-25,41.91923882240354,42.05204452074235,41.18491107291054,41.41145706176758,10152800
2018-05-29,40.76305617289216,40.8724238032301,38.677248579860006,39.02878952026367,26605100
2018-05-30,39.606900640016306,39.99750123216627,39.130367440785975,39.81782531738281,11542600
2018-05-31,39.60688040337201,39.66937491656128,38.98192037125684,39.16940689086914,15150400
2018-06-01,39.78656330933254,40.208412523626436,39.739690181062656,40.00529861450195,10003900
2018-06-04,40.28652128377835,40.41151328099211,40.17715365872184,40.270896911621094,5523800
2018-06-05,40.05217378630769,40.23184965044211,39.583451419828826,39.66938400268555,9136000
2018-06-06,39.77874158310134,40.68493733270452,39.74749581728819,40.55213165283203,7945800
2018-06-07,40.82555479029136,41.18490944331317,40.51307624076358,40.7318115234375,8477600
2018-06-08,40.70837240207549,40.76305621730404,40.28652327313148,40.55213165283203,6412900
2018-06-11,40.77869420729717,40.966180784960414,40.442777527267985,40.45058822631836,6810400
2018-06-12,40.528705902266225,40.716192460431806,39.802188784273106,40.09123229980469,8953300
2018-06-13,40.21621995743244,40.903677549366996,40.052168491870894,40.30996322631836,7981400
2018-06-14,40.39589453161416,40.40370820880253,39.919361544643344,40.08341598510742,8620700
2018-06-15,39.77093969440445,40.169350862165935,39.513144934098804,39.96623992919922,11505700
2018-06-18,39.614686943586406,39.79436274771495,39.41157607197628,39.66156005859375,7493900
2018-06-19,39.192847372915814,39.20847174838181,38.66163350729643,38.9975471496582,12490100
2018-06-20,39.16160299657906,39.364713924780034,38.92724331633333,38.97411346435547,6570800
2018-06-21,38.7944391356336,39.15379085814376,38.26322225016418,38.89599609375,11018400
2018-06-22,39.04441439026884,39.4818878972347,38.122597237049526,38.19290542602539,12896400
2018-06-25,38.005420553233925,38.11478818969648,37.07578968321305,37.442955017089844,14684200
2018-06-26,37.45077363399323,37.53670621797087,36.802378374967354,37.333595275878906,12097800
2018-06-27,37.45076881944836,37.888242381619285,36.8648681640625,36.8648681640625,11635900
2018-06-28,36.911740159163486,37.927300668062735,36.88830508727992,37.72418975830078,14183300
2018-06-29,38.26321887979964,38.489767851009745,37.01329865940746,37.02892303466797,13592200
2018-07-02,36.68519342505624,37.317967224738176,36.53676632737304,37.278907775878906,8655100
2018-07-03,37.39608668895568,37.411711064745056,36.669569604996774,36.7320671081543,5037800
2018-07-05,36.94299101387217,37.09923178877166,36.24772269461658,36.48208236694336,10577300
2018-07-06,36.349273443821104,36.94298773981247,36.15397323751638,36.786746978759766,7269300
2018-07-09,36.942991758591575,37.88824414472336,36.942991758591575,37.817935943603516,9412500
2018-07-10,37.83355375908374,38.00541888314087,37.48982649101394,37.57575607299805,9238800
2018-07-11,37.21641269477123,37.5523293408948,37.17735324337096,37.302345275878906,6089500
2018-07-12,37.49763932840039,37.708563907228,37.341398568523125,37.51326370239258,7774700
2018-07-13,37.56013107299805,37.810115058505176,37.09140886513905,37.56013107299805,9747600
2018-07-16,37.66949365350063,38.34913733690051,37.65386928399165,38.20071029663086,8724000
2018-07-17,38.27884009623772,38.630381060477404,37.88042899012917,38.419456481933594,11138300
2018-07-18,39.645947551988264,40.231848254727005,39.09910630008975,39.497520446777344,18407300
2018-07-19,39.45064523865313,39.817810613300516,38.888179640052016,38.94286346435547,11363600
2018-07-20,38.786621902219316,39.52094960015027,38.73974878020663,39.270965576171875,8910000
2018-07-23,39.27096107637425,39.8412372519836,39.255336704160314,39.638126373291016,7728900
2018-07-24,39.82563018798828,40.25529018044673,39.71626251500383,39.82563018798828,7254900
2018-07-25,39.82561680793412,39.927173747319536,39.38033258607175,39.87248992919922,7483100
2018-07-26,40.01311857114879,40.12248624089471,39.77875587306983,39.83344268798828,5524900
2018-07-27,39.91154736043584,40.07559880652208,39.630314607119736,39.88029861450195,7252100
2018-07-30,39.9824750923879,40.3203775320595,39.6288559116081,39.998191833496094,10123700
2018-07-31,40.045332399217294,40.09248261470033,39.463828063233294,39.73100662231445,9714900
2018-08-01,40.029605412547696,40.218203228534634,39.322370347333,39.4323844909668,9194600
2018-08-02,39.141632080078125,39.31451016253227,38.70157251145003,39.141632080078125,7882500
2018-08-03,39.267368868575,39.41667337082131,39.078771025725075,39.220218658447266,5426100
2018-08-06,39.204508801443005,39.38524680882416,38.953046965289964,39.2830924987793,5086900
2018-08-07,39.40880984318476,39.95102367857221,39.36951650921975,39.39309310913086,5632300
2018-08-08,39.39310232985516,39.58955705502228,39.259511557957694,39.3852424621582,5884100
2018-08-09,39.36952381324422,39.48739784168682,38.82730987726263,38.85088348388672,7583400
2018-08-10,38.410828487552315,38.41868535754379,37.829321185363845,38.02577590942383,14321600
2018-08-13,37.986480912925224,38.09649506530244,37.153511905744985,37.208518981933594,11445900
2018-08-14,37.32638823574797,37.75073105302445,37.24780756484215,37.609283447265625,8695500
2018-08-15,37.13779805818435,37.39711972123561,36.949203210202576,37.287105560302734,9496100
2018-08-16,37.585714808206646,38.182935779862895,37.56213820569357,37.955047607421875,8264500
2018-08-17,37.852894977144665,38.19865721167544,37.852894977144665,38.01005935668945,5854500
2018-08-20,37.978626619322974,38.18293820221258,37.83717898591439,37.94719314575195,7898200
2018-08-21,37.813593213688364,38.457964277356155,37.72715268115678,38.143638610839844,9632000
2018-08-22,38.00220484411059,38.23794992922151,37.907907409598494,38.190799713134766,4952000
2018-08-23,38.04934590392423,38.285093948538716,37.70358670156971,37.82146072387695,7699300
2018-08-24,37.98647187830912,38.198643263571746,37.79787409218896,37.829307556152344,5620600
2018-08-27,38.096497642630204,39.369523345442836,38.04934743228121,39.20450210571289,13317400
2018-08-28,39.3302373078774,39.62884934412199,39.19664952708932,39.29094696044922,7419100
2018-08-29,39.290942106490306,39.440246607337016,38.960899631673065,39.251651763916016,7856700
2018-08-30,39.11020727416389,39.20450470344911,38.662290737982545,38.74087142944336,11399900
2018-08-31,38.57585550890245,38.57585550890245,38.16722926199059,38.371543884277344,7698400
2018-09-04,38.3951109695814,38.43440131406264,37.860753891185425,38.27723693847656,8548700
2018-09-05,38.23009575375669,38.5444215568427,38.1200785751319,38.28510284423828,5527500
2018-09-06,38.151502011541744,38.36367344654405,37.46784049719709,37.6642951965332,7990500
2018-09-07,37.73501704565721,38.03362901246276,37.62500289937639,37.892181396484375,7285200
2018-09-10,38.0100596571082,38.0886433463323,37.648583679661044,37.672157287597656,4925000
2018-09-11,37.491409443246454,37.75073105302445,37.2399476991553,37.609283447265625,5011700
2018-09-12,37.554281483891735,37.79788339541558,37.13779547801719,37.31067657470703,6231800
2018-09-13,37.50713207678181,37.79788420206079,37.32639410714023,37.49927520751953,8380100
2018-09-14,37.63286152894107,38.120068341408775,37.60142805777263,37.86860656738281,6955500
2018-09-17,38.11222494456768,38.1436584268474,37.37355609696525,37.46785354614258,6726500
2018-09-18,37.609288852412156,37.75073647849961,37.365683941336904,37.6014289855957,7082500
2018-09-19,37.625005184681584,38.78801665518572,37.625005184681584,38.583702087402344,12489100
2018-09-20,39.094478933243025,39.581685670553625,39.06304546692355,39.19663619995117,11810000
2018-09-21,39.23593866499376,39.26737214103185,38.623000870557384,38.82731246948242,21450400
2018-09-24,38.795866358917955,38.858733290520455,38.09648823197172,38.15935516357422,7917600
2018-09-25,38.2693803603978,38.65442993597499,37.915761262048534,37.939334869384766,9007500
2018-09-26,38.002206695758915,38.10436400342709,37.357835366150226,37.48356628417969,8443100
2018-09-27,37.585709160241024,37.845027767630526,37.365677889927674,37.53855895996094,12204900
2018-09-28,37.2635297159037,37.36568700927921,36.46199709914543,36.595584869384766,14187300
2018-10-01,36.87062355871943,37.17709546612121,36.55629777847912,36.642738342285156,9710100
2018-10-02,36.69774542876874,36.902057036041874,36.26554560739995,36.642738342285156,9589100
2018-10-03,37.06707519289157,37.50713484558765,36.91777068459917,37.019927978515625,8985300
2018-10-04,37.232100960500325,37.664300763387565,36.909915325875886,37.145660400390625,7722200
2018-10-05,37.2320928617563,37.349963874543676,36.540571528960044,36.73702621459961,7938900
2018-10-08,36.548434190294856,37.106367864165065,36.38341294764051,36.94920349121094,7054500
2018-10-09,36.697738408016676,36.78417895528552,36.10051444379239,36.27339553833008,9999500
2018-10-10,36.414837693905945,36.46984476160671,34.98464793836531,35.063228607177734,14143800
2018-10-11,34.71747249291296,35.18896254219321,33.923793879509766,34.17525863647461,21746900
2018-10-12,34.811770459959405,35.023941884826826,33.69590925990926,34.128108978271484,16049300
2018-10-15,34.12024874804042,34.39528710963591,33.84521338410557,34.159542083740234,11986800
2018-10-16,35.94335969750042,36.30483569109456,34.953226152676535,36.100521087646484,24174900
2018-10-17,36.11623355099746,37.59357382525159,35.77833120639155,37.08279037475586,22121900
2018-10-18,36.86275932012285,37.318535657213985,35.95120964360135,36.17123794555664,14873900
2018-10-19,36.20267153086745,36.72131181401396,35.864769210277665,36.47770690917969,14931200
2018-10-22,36.48556858149609,36.71345676203935,35.432571227519965,35.44828796386719,11166700
2018-10-23,34.59174407135972,35.21254164523258,34.03381344061057,34.98465347290039,15095300
2018-10-24,35.19682240835557,35.204679276857306,34.0495277568225,34.17525863647461,15067400
2018-10-25,34.54459883624111,35.330417752430364,34.53674196605017,35.00823211669922,13838500
2018-10-26,34.39528393738291,34.984647946595786,33.9866578646094,34.55244827270508,12997100
2018-10-29,35.03966293799642,35.424715496726506,34.01809902388169,34.536739349365234,12869800
2018-10-30,34.81366069665116,35.280480358541325,34.46552517625936,35.20927047729492,14780300
2018-10-31,35.715640773455185,36.665104591721125,35.69190515893378,36.1270751953125,16928300
2018-11-01,36.25367783333131,36.55434209329479,35.96092745872268,36.30906295776367,8679900
2018-11-02,36.7917185704856,37.147768063530165,36.03214833083309,36.35654830932617,10478800
2018-11-05,36.411929535035036,36.68094434326594,36.1033543470009,36.253684997558594,12318900
2018-11-06,36.22204324959942,36.451497727204284,35.83434721886694,36.1745719909668,10737300
2018-11-07,36.54643223127389,37.036990556340854,36.10335118703694,36.878746032714844,9951200
2018-11-08,36.65720736830894,37.06863892501855,36.55434796999984,36.736328125,9484100
2018-11-09,36.68094529326965,36.74424129894144,36.11918003802939,36.18247604370117,10017900
2018-11-12,36.01632564789417,36.27742661232224,34.75037215729772,34.91653060913086,14302000
2018-11-13,34.50509118699678,35.70774547879615,34.362671401240036,35.3516960144043,12346100
2018-11-14,35.676090397784556,36.989514758311735,34.06200175667508,34.694976806640625,13265200
2018-11-15,34.29936994888119,35.18553811268662,34.101565040252666,35.051029205322266,14057400
2018-11-16,34.80576032008477,35.08268604269999,34.39432566201072,34.91653060913086,9775000
2018-11-19,34.94816749568091,35.438725809775775,34.845311123148306,35.1380615234375,9856700
2018-11-20,34.72663057370654,34.82157608828279,33.65848523449909,34.101566314697266,16035600
2018-11-21,34.25189726836163,34.99564260708924,34.14112700708978,34.600032806396484,7961900
2018-11-23,34.24398062868506,34.50508452491421,34.062000497190354,34.08573913574219,4822400
2018-11-26,34.59212852629204,35.3675235211278,34.59212852629204,35.03520965576172,8862900
2018-11-27,34.82949008385554,35.13015440225947,34.67915943378533,34.85322570800781,8035900
2018-11-28,35.04311439284461,36.02422493898877,34.55255610150949,35.85015869140625,12380800
2018-11-29,35.52577187517082,35.67610255756887,35.06686292111757,35.217193603515625,9202900
2018-11-30,35.1143349187569,35.296315107194744,34.74246065379995,35.12224578857422,11282500
2018-12-03,35.660264562038364,36.50686923159894,35.60487943548865,35.92927932739258,15437000
2018-12-04,35.64444380982832,35.73938932053295,33.48441457715193,34.11738967895508,18401400
2018-12-06,32.95430083480619,33.80881651855527,32.424182080424984,33.713871002197266,17552400
2018-12-07,33.57146137946328,34.06993077317364,32.400456262412895,32.693206787109375,15499400
2018-12-10,32.51120883630664,32.77230969747779,31.300643987236374,32.21054458618164,16323200
2018-12-11,32.851442196649735,33.136281770622126,31.7912076814545,32.13934326171875,13619400
2018-12-12,32.527030441614656,33.04132124737206,32.28175133783765,32.28966522216797,14207600
2018-12-13,32.34505579272921,32.53494679299672,31.909885647331215,32.123512268066406,15964600
2018-12-14,31.70417739486619,32.392537781187364,31.276917975109306,31.36395263671875,17332200
2018-12-17,31.087022108459514,32.17099223041583,30.87339243158984,31.332298278808594,15786300
2018-12-18,31.609226586360432,32.297586857766184,31.36394740079584,31.561752319335938,14538300
2018-12-19,31.569666171076946,32.50330562700545,30.730972230827945,31.094932556152344,19412300
2018-12-20,30.770523591876632,31.37976292392145,30.50942274572179,30.786348342895508,27520300
2018-12-21,30.390746100056607,31.427244909860562,29.662825483654476,29.813156127929688,21528400
2018-12-24,29.757776589558123,30.066351822711084,29.069416221888908,29.283042907714844,11444400
2018-12-26,29.496668453940206,31.174056334438205,29.101058617301465,31.094932556152344,16814200
2018-12-27,30.44613457902152,31.466808746080616,30.327453431529072,31.37977409362793,13897900
2018-12-28,31.6013169945576,31.648791268034667,30.810097212856732,31.15032196044922,12854200
2018-12-31,31.387684149477057,31.712087125035858,30.912953535281474,31.371862411499023,9518100
2019-01-02,30.87338717304623,32.21846101038549,30.66766840001979,31.96527099609375,10648000
2019-01-03,31.822851013825908,31.822851013825908,31.055367090583868,31.395591735839844,13034500
2019-01-04,32.04439684231732,32.89891554021227,31.870327547946818,32.677371978759766,14371600
2019-01-07,32.84352169358504,33.357815600578355,32.424176304298896,33.001766204833984,11812400
2019-01-08,33.468590330031496,33.5556249737741,32.50330441698738,32.79605484008789,11398200
2019-01-09,33.160014769748635,33.39738005650741,32.63780993157399,33.025508880615234,9223000
2019-01-10,32.74067485432502,33.19958075039915,32.62990456969553,32.962215423583984,7560800
2019-01-11,32.66154555477085,33.12836525997723,32.40835551312638,33.025508880615234,8191900
2019-01-14,32.68528593212408,33.85629069148687,32.534952261857484,33.61101150512695,12336300
2019-01-15,33.39739041863346,34.01454397760503,33.25497059873727,33.92750930786133,11737000
2019-01-16,34.813663663753786,35.69191793455698,34.55255973750922,35.20136260986328,30530400
2019-01-17,33.5872662997913,34.164856136850226,32.92264184019727,33.65056228637695,47037200
2019-01-18,34.03827410728588,34.631688921530895,33.67431374559892,34.568389892578125,20614400
2019-01-22,33.56354059974828,33.81673369846343,33.17584460954764,33.55562973022461,20202400
2019-01-23,33.64265347635099,33.721774218985075,32.96220422395158,33.34990310668945,15583900
2019-01-24,33.19166552626333,33.690134759964586,33.10463088025447,33.27078628540039,13421600
2019-01-25,33.76133933390691,34.220248156799144,33.66639382575321,34.00661849975586,13422700
2019-01-28,33.579355522045994,33.80880990845785,33.278694275985245,33.745513916015625,10396600
2019-01-29,33.6505696783691,33.78507858408791,33.318258884704996,33.61892318725586,9916400
2019-01-30,33.74642033694378,34.24046694969637,33.52330447294304,34.0970344543457,12347900
2019-01-31,33.70657730102539,34.00140940087905,33.61095665453444,33.70657730102539,11163400
2019-02-01,33.70657464585272,34.04921856182349,33.300184650484645,33.32408905029297,13322100
2019-02-04,33.387840408159036,33.83407211303711,33.21253335854236,33.83407211303711,8715300
2019-02-05,33.77032044187114,33.91375290605751,33.642825255897144,33.82609939575195,9971500
2019-02-06,33.7065755861303,34.14484015328549,33.53923870335338,33.77032470703125,9744000
2019-02-07,33.555175298906626,33.610954258694136,32.70255058246867,33.05316162109375,12745400
2019-02-08,32.69457582538586,32.941599069514034,31.96944641038531,32.51927185058594,13993900
2019-02-11,32.67068100079595,32.734430130109786,32.02523474525943,32.04117202758789,17058300
2019-02-12,32.391783996746035,33.06910173199301,32.391783996746035,32.79020690917969,12400800
2019-02-13,33.069098163490395,33.49142543238433,32.79817049068242,32.82207489013672,9528300
2019-02-14,32.51927177142095,33.09299856712614,32.09694151379607,32.44755554199219,10414200
2019-02-15,32.798161886662356,33.5312613547727,32.77425749347896,33.45954513549805,13289700
2019-02-19,33.132851290379236,33.69064094330094,33.01332319919566,33.59502029418945,9401700
2019-02-20,33.53923519112225,33.85000452365714,33.48345623603779,33.80219268798828,10031600
2019-02-21,33.77829381754437,33.88188462524944,33.22050113569668,33.43564987182617,9603600
2019-02-22,33.507360885868124,33.658763513428326,33.1487797149691,33.3001823425293,10132100
2019-02-25,33.57112200325417,34.15281920414227,33.555184718880035,33.61893081665039,10804700
2019-02-26,33.45158368985231,34.009376313953474,33.17268889766436,33.794227600097656,10404400
2019-02-27,33.842044889413096,34.03328619493706,33.66673782624467,33.913761138916016,6916600
2019-02-28,33.857976892702496,33.9615646504919,33.340025944854396,33.45158386230469,12299900
2019-03-01,33.7464120307136,34.160772133101226,33.7464120307136,33.86594009399414,12336100
2019-03-04,33.90579008888017,34.3440546955826,33.30815570526985,33.467525482177734,12115100
2019-03-05,33.45159017638638,33.49940202420053,32.822081192266396,33.38784408569336,10449100
2019-03-06,33.33206237635727,33.53924095373565,33.14081804054788,33.16472244262695,7062700
2019-03-07,32.92566515976781,32.9495695588391,32.375842703051646,32.80613708496094,12502100
2019-03-08,32.33599618932563,33.06909268865689,32.19256373689564,32.95753479003906,11748400
2019-03-11,33.22846690999287,33.634856886999266,33.19659235187173,33.347991943359375,7191600
2019-03-12,33.42767086888,33.61891209542152,33.324080097997395,33.491416931152344,7204400
2019-03-13,33.78626048020311,33.985471914544576,33.626890724784886,33.794227600097656,9269000
2019-03-14,33.70657605902808,34.20061959404026,33.70657605902808,34.0173454284668,8351200
2019-03-15,34.009373770078085,34.638882585044406,33.89781586154735,34.52732467651367,18992600
2019-03-18,34.638885666271385,35.228549818021854,34.638885666271385,35.08511734008789,10305900
2019-03-19,35.55525123352877,35.77039991884385,34.96558716834658,35.021366119384766,12548500
2019-03-20,34.85402403736604,34.90183282266929,34.20857807825253,34.28826141357422,15078500
2019-03-21,33.93766440099645,34.76638480300263,33.62689501017554,34.36796188354492,14576200
2019-03-22,33.91375435398354,34.04124954540086,32.893789782919846,33.24440383911133,25416800
2019-03-25,33.23643663359919,33.411743677274856,32.598960619858666,32.86988830566406,14504100
2019-03-26,33.23642950272446,33.650789582686215,32.94159747957418,33.37189483642578,9615400
2019-03-27,33.3240886992988,33.507362855257966,32.901761428598334,32.96550750732422,11251600
2019-03-28,33.061132121822034,33.44361772419128,32.97347860133058,33.4117431640625,8397000
2019-03-29,33.85001177265928,33.969539867565906,33.443621721483055,33.626895904541016,11811400
2019-04-01,34.08905702751374,35.02136804856963,34.06515262995911,34.68669128417969,25813300
2019-04-02,34.60701768507356,34.97356606959119,34.431710614336474,34.822166442871094,13101200
2019-04-03,35.260422877834024,35.57119222023179,35.09308600726987,35.364013671875,11712100
2019-04-04,35.32417794718656,36.049307548227524,35.32417794718656,35.802284240722656,9119900
2019-04-05,35.96164786742667,36.1608592956136,35.642908366437524,35.77837371826172,8633900
2019-04-08,35.579167396673476,35.85009509948235,35.34808137727534,35.842124938964844,10898900
2019-04-09,35.57916689174971,35.5951011331074,35.02137421273849,35.268394470214844,7436200
2019-04-10,35.31621659674045,35.555269803144796,35.14090949350493,35.41980743408203,6703400
2019-04-11,35.65087970815377,35.92180738106216,35.43573099380957,35.69868850708008,7872700
2019-04-12,36.567254926710916,37.50753325634395,36.551317645224266,37.20473098754883,21641900
2019-04-15,37.02942015030704,37.28441052767627,36.5911525894614,36.718650817871094,11669000
2019-04-16,36.9577086935062,37.52346847643634,36.806306047563304,37.467689514160156,13358600
2019-04-17,38.12906578232172,38.68685838397099,37.55533894152473,38.455772399902344,19610000
2019-04-18,38.08124746327448,38.36014217449938,37.68282471025355,37.8900032043457,19906500
2019-04-22,37.746588344144264,37.81033747337565,37.43581893845575,37.68284225463867,7042100
2019-04-23,37.5234618793081,37.810326800422615,37.33221758532345,37.73064041137695,8163700
2019-04-24,37.555339504528504,37.93782508403551,37.49159038808142,37.75455093383789,9042500
2019-04-25,37.61909312540729,38.04142350725071,37.45972334205463,37.68284225463867,5585900
2019-04-26,37.77049691784404,38.18485411134552,37.635031534036116,38.16094970703125,7661100
2019-04-29,38.369429530871884,39.02696185081356,38.28924385629848,38.85857009887695,9702200
2019-04-30,38.89064516057622,38.98686858077372,38.37744950767308,38.69017791748047,8104600
2019-05-01,38.65007564672066,38.986859064651675,38.016598579027594,38.1448974609375,9056300
2019-05-02,38.22508853856013,38.51376182853707,38.00858662996449,38.33735275268555,7680500
2019-05-03,38.513756950285284,38.88261891791652,38.345365238756685,38.53781509399414,5829700
2019-05-06,37.663775224879245,38.3774379051183,37.55953143349676,38.25715637207031,6310000
2019-05-07,37.80010328406584,37.84821652413695,37.08644038022512,37.455299377441406,10365100
2019-05-08,37.29492111727084,37.8401922128733,37.26284868609024,37.31095886230469,7340300
2019-05-09,36.81380474450828,37.27889022111188,36.4770212412194,37.2468147277832,8102300
2019-05-10,37.086423925478236,37.22274012353361,36.653414133621084,37.158592224121094,9749200
2019-05-13,36.244481501249574,36.30061208977447,35.23412479002614,35.42657470703125,16506200
2019-05-14,35.426564344759164,35.75533043519273,35.26618997064569,35.290245056152344,17302200
2019-05-15,34.70488452723611,35.50675341600875,34.368101062217384,35.20204544067383,10703100
2019-05-16,35.33035433287205,35.85958782678761,35.21809008722748,35.50676345825195,9305000
2019-05-17,34.89734272457547,35.53883737672271,34.881304975910815,35.18601608276367,8411700
2019-05-20,34.8732857429462,35.41053652912976,34.74498681946299,35.17799377441406,8951600
2019-05-21,35.47468836542114,35.707228066788964,35.394499624529054,35.594966888427734,5936200
2019-05-22,35.370441298769315,35.52279530420726,34.82517014609287,34.87328338623047,10109600
2019-05-23,34.27990111797159,34.33603170550054,33.79878092232703,34.247825622558594,13128900
2019-05-24,34.5044185433848,34.64073784998983,34.2317829890619,34.44828796386719,6172300
2019-05-28,34.3600750776308,34.53648718334173,33.80678673547365,33.81480407714844,10539500
2019-05-29,33.4700176743345,33.870952225465594,33.33369833632823,33.83085632324219,9808700
2019-05-30,34.04735433564784,34.18367364557827,33.301615979422586,33.542179107666016,7797200
2019-05-31,32.96483450789772,33.101150767268365,32.55587961201094,32.628047943115234,11328600
2019-06-03,32.64408417168205,32.94879522871605,32.41956184486084,32.66012191772461,10133200
2019-06-04,33.221427132777336,34.13555714425805,33.18133430153268,34.06338882446289,11860900
2019-06-05,34.07941929033865,34.21573549923458,33.63839212306446,34.02328872680664,6421300
2019-06-06,33.87896661449416,34.47235104430354,33.798780934819625,34.3280143737793,5741500
2019-06-07,34.21574135467636,34.53649010879535,34.14357609683075,34.23979949951172,7546200
2019-06-10,34.67281305002519,35.15393317296592,34.64073755945924,34.71290588378906,8693100
2019-06-11,35.09780118046091,35.42656729830401,34.809127894767066,35.01761245727539,10654600
2019-06-12,34.833179913350946,34.833179913350946,34.111499821585966,34.1756477355957,8073800
2019-06-13,34.22377208407452,34.65678211514423,34.11151090392039,34.440277099609375,7530900
2019-06-14,34.632715867504295,34.6567740139763,34.08744478373988,34.33602523803711,7102600
2019-06-17,34.26386027003914,34.544516241177455,34.03131753766699,34.08744812011719,5658700
2019-06-18,34.135558930142025,35.12987771501918,34.0313151163426,34.75299835205078,10094500
2019-06-19,35.0416684957752,35.21006021600482,34.568565763544235,34.592620849609375,8034300
2019-06-20,34.961485254984375,35.242141224892194,34.47234776133254,34.84922409057617,9922800
2019-06-21,34.94545364379883,35.41855343291072,34.83318941062113,34.94545364379883,18450800
2019-06-24,34.88129909972435,35.20204790120776,34.47234728377592,34.536495208740234,8141400
2019-06-25,34.456302130862625,34.4803572151923,33.87093829404319,34.20772171020508,10232900
2019-06-26,34.30395625253594,34.71291117233871,34.279901160390224,34.47235107421875,7826400
2019-06-27,34.72092632190512,35.001582301043314,34.544517225842085,34.87328338623047,7459800
2019-06-28,35.44260739173333,35.739298039964,35.07374841729659,35.129878997802734,15445600
2019-07-01,35.755333503021724,36.13221285569184,34.897334045617576,35.24213790893555,12197700
2019-07-02,35.04166075960262,35.22609018278799,34.801100775399355,35.145904541015625,8234800
2019-07-03,35.24214020679865,35.4025146051291,35.13789638905078,35.27421569824219,4470800
2019-07-05,35.67514792572047,35.93976306630482,35.3383614044739,35.45062255859375,6276000
2019-07-08,34.95346906090572,35.25015972786903,34.712908977992555,34.87328338623047,7060200
2019-07-09,34.54450640802848,35.177980380916665,34.49639318295782,35.105812072753906,5941900
2019-07-10,35.089785280312725,35.2661974350655,34.672816101803754,34.728946685791016,5311000
2019-07-11,34.873286166334,35.5468562875204,34.785080081826976,35.42657470703125,8799200
2019-07-12,35.72326437043147,36.0039203638734,35.58694810475866,35.979862213134766,9565700
2019-07-15,36.09212330479526,36.09212330479526,35.51477968947092,35.62704086303711,7870700
2019-07-16,35.92373154444598,36.13221920297252,35.49874194197753,35.62704086303711,10170900
2019-07-17,35.490711388912274,35.538824617632706,35.00959133725471,35.09779739379883,9131800
2019-07-18,35.01761869383843,35.6992091973136,34.88931977277885,35.62704086303711,11185800
2019-07-19,35.562891392070895,35.851564741507026,35.546856702780175,35.594966888427734,10083600
2019-07-22,35.45864797858888,35.7633559946409,35.23412257968677,35.683170318603516,7091800
2019-07-23,35.89967241051105,36.31664462172742,35.89967241051105,36.16428756713867,9859600
2019-07-24,35.995898187858984,36.6534305097635,35.97184309719264,36.48503875732422,8092200
2019-07-25,36.48504055422018,36.54117114113105,35.76335720981244,35.979862213134766,8733800
2019-07-26,36.07608471864307,36.7015415088752,36.01193373560017,36.677486419677734,8321000
2019-07-29,36.59730179172987,36.66947012629623,36.140236692438755,36.26853561401367,8667000
2019-07-30,36.05034579893214,36.24429347572031,35.69476992024926,36.09883117675781,7339100
2019-07-31,36.12307776220656,36.357434036119436,35.78366469606674,36.00994110107422,8317100
2019-08-01,35.89678445170206,36.15538637602883,34.49873350102425,34.692684173583984,12963900
2019-08-02,34.531067768879915,34.547230585866686,33.32696718941571,34.03811264038086,16089900
2019-08-05,33.07643593646942,33.13300423366372,32.27639374612858,32.720863342285156,15311100
2019-08-06,33.09261285674741,33.39970023154592,32.70471447514302,33.31080627441406,10481200
2019-08-07,32.54308292830793,32.858250108219686,31.896585753778467,32.77743911743164,14108500
2019-08-08,33.141097999217365,33.50475369282095,32.84209357680655,33.35121154785156,9884400
2019-08-09,33.1249302633181,33.79567008485305,32.850168592598095,33.537071228027344,11011400
2019-08-12,32.9471442051855,33.052200959905385,32.45418914389418,32.615814208984375,8775000
2019-08-13,32.64005222908565,33.39968900171782,32.38953634257186,32.88248825073242,10896700
2019-08-14,31.977402541164743,31.977402541164743,31.38747356979782,31.78345489501953,17133400
2019-08-15,31.86425601817844,31.993555436422163,31.32281258489822,31.59757423400879,10818600
2019-08-16,31.945079072024626,32.478439759203454,31.856185110371076,32.27640914916992,9742800
2019-08-19,32.922901184078775,32.9956323084805,32.51075711822176,32.62389373779297,7803000
2019-08-20,32.35722004172839,32.559250631775036,32.187515085947325,32.244083404541016,11350000
2019-08-21,32.71279600670054,32.75320151215875,32.187518270258835,32.27640914916992,9876100
2019-08-22,32.615814316310804,32.66429967807821,32.26023855539397,32.54308319091797,8126000
2019-08-23,32.36530091619742,32.64814560071071,31.605666983767875,31.78345489501953,12310800
2019-08-26,32.195605565446535,32.54309854148664,32.08246889096709,32.45420455932617,10408600
2019-08-27,32.52692120191243,32.599652329151844,31.88042400575197,32.15518569946289,8742900
2019-08-28,31.84002137409325,32.89057979773,31.799612790969395,32.631980895996094,9881900
2019-08-29,33.04413178464255,33.53708705140815,33.02796896312235,33.36738204956055,12191900
2019-08-30,33.68254147297692,33.83608361734057,33.375454101507366,33.52899932861328,7427000
2019-09-03,33.16533683012197,33.20574232479473,32.607730522316395,33.12493133544922,8675300
2019-09-04,33.488593927891195,33.69062454467256,33.375457275732444,33.56132507324219,6829900
2019-09-05,34.18358617962313,34.83816661103948,34.18358617962313,34.32096862792969,8101600
2019-09-06,34.32096132158491,34.38560951433957,33.94922265296129,34.086605072021484,7012700
2019-09-09,34.37753565438115,35.14525272999879,34.37753565438115,34.838165283203125,11888800
2019-09-10,34.97553643064165,35.40384339823435,34.79775159918538,35.21797561645508,12292700
2019-09-11,35.34728146067641,35.50890350341797,34.91897441573127,35.50890350341797,9877900
2019-09-12,35.161410085894744,35.91296428887686,35.056356376085546,35.81599044799805,13254300
2019-09-13,36.32510702641411,36.729168276801936,36.1473190897658,36.49481201171875,11364500
2019-09-16,35.95336458275899,36.405911124228794,35.84022486464943,36.163475036621094,6289800
2019-09-17,35.96144131362956,35.96144131362956,35.19372453420595,35.72708511352539,9768500
2019-09-18,35.48466043485376,35.95337298548206,35.27454993188637,35.84831619262695,8283800
2019-09-19,35.727093336104176,35.93720690274198,35.48465721384272,35.573551177978516,6403500
2019-09-20,35.73517259457645,36.04225687909697,35.25838026754043,35.29070281982422,22404600
2019-09-23,34.967452719711545,35.3795937413589,34.700770877725276,35.20180892944336,7114600
2019-09-24,35.371523294967915,35.371523294967915,34.24015052668564,34.377532958984375,11246400
2019-09-25,34.223979314783755,34.87855950942999,34.223979314783755,34.781585693359375,6909400
2019-09-26,34.71693472095815,34.757340221100634,34.409850453681635,34.44217300415039,5343800
2019-09-27,34.716934601468715,34.89472250077419,34.345199069050025,34.61996078491211,8005200
2019-09-30,34.805828442086664,34.91088520796007,34.409850227454804,34.48257827758789,6213700
2019-10-01,34.35328935919358,34.4664291093701,33.33505626954882,33.44011306762695,13437200
2019-10-02,33.16534146401338,33.205746964331624,32.39762462699841,32.51076126098633,12052500
2019-10-03,32.36529904900926,32.567329633688146,31.759207294972597,32.52692413330078,12293600
2019-10-04,32.59965796422465,32.9875563489718,32.47035850264226,32.955230712890625,5631400
2019-10-07,32.80976508575225,33.2219091968812,32.769359586144425,32.87441635131836,6323600
2019-10-08,32.36529585019126,32.48651542211471,32.0743713437684,32.17942810058594,8309000
2019-10-09,32.478435117084736,32.85017372929838,32.34913566845365,32.68046569824219,8955700
2019-10-10,33.01987782446716,33.46434447498132,32.93098387781594,33.17341995239258,8207100
2019-10-11,33.9411470366089,34.41793946352813,33.86033601485698,33.884578704833984,14914600
2019-10-14,33.75526727233344,34.19165403391276,33.68253614540355,34.143165588378906,6644500
2019-10-15,34.25630535220871,34.68460920409141,33.86840700060403,34.369441986083984,10112800
2019-10-16,34.41793422452728,34.870483892583664,34.30479757819878,34.579559326171875,10088900
2019-10-17,35.85639347590545,35.96145026118471,35.10483932495117,35.10483932495117,17965100
2019-10-18,35.17757032088274,35.444252217126376,34.935134195133806,35.28262710571289,10493900
2019-10-21,35.62203035420987,36.43823247246863,35.62203035420987,36.34933853149414,14244800
2019-10-22,36.24428900248036,36.86654363063452,36.018015713239706,36.6725959777832,12366600
2019-10-23,36.47055676618112,37.117053927660955,36.44631100324075,37.10089111328125,8328000
2019-10-24,37.17362216772681,37.27867891962935,36.7776409230121,36.979671478271484,7469800
2019-10-25,36.93118533551404,37.545356854083984,36.85845421385193,37.472625732421875,9576400
2019-10-28,37.56960594642214,38.11104639132019,37.55344313098225,37.852447509765625,10276000
2019-10-29,37.601932620197665,37.9251827989784,37.601932620197665,37.8443717956543,7773600
2019-10-30,37.66524887084961,37.689677215219746,37.3151423984089,37.66524887084961,7101400
2019-10-31,37.412846976862994,37.665249393191644,36.908039038249605,37.494266510009766,9414100
2019-11-01,37.87693637059202,38.593439898860815,37.82808279845254,38.53644561767578,9765900
2019-11-04,39.0738208284035,39.89616906912641,38.98425750292813,39.757755279541016,15965900
2019-11-05,39.87174981624032,40.62081936717344,39.63562885111568,39.692623138427734,13894100
2019-11-06,39.68448717867316,39.73333765595612,39.27738330288271,39.53792953491211,7872400
2019-11-07,39.993873714280824,40.368411545259136,39.54606018601807,39.61933898925781,14501500
2019-11-08,39.603059096610714,40.018306732177734,39.318087665108365,40.018306732177734,7966500
2019-11-11,39.78218072892591,40.21370972934986,39.660048356073155,39.96944808959961,7107500
2019-11-12,39.95316570673866,40.06715427099896,39.708904053901534,39.90431213378906,6400700
2019-11-13,39.50534964889177,39.55420321873744,39.236659673673444,39.39950180053711,7022000
2019-11-14,39.34251519472998,39.66819951197329,39.25295185219028,39.578636169433594,5836600
2019-11-15,39.79033146995482,40.02645246049355,39.668202172265026,39.888038635253906,6439000
2019-11-18,39.76590255263582,39.9694544692431,39.537925399941514,39.92060089111328,6446900
2019-11-19,40.07528883225205,40.384685404956365,40.06714501899658,40.164852142333984,6980100
2019-11-20,39.863607703464915,39.98574009918333,39.3995095692643,39.977596282958984,9138700
2019-11-21,40.099720806182056,40.172999608035624,39.676332518356475,39.76589584350586,8353600
2019-11-22,39.84731834482101,40.107864525199275,39.74961430366804,40.09972381591797,6609800
2019-11-25,40.18113977131036,40.69409137732283,40.15671453967579,40.67780685424805,8461000
2019-11-26,40.64524021974093,40.65338403473912,39.95316503075269,40.22999572753906,10360600
2019-11-27,40.409128340025184,40.60453644539847,40.30328047114041,40.53125762939453,8614000
2019-11-29,40.46611778281885,40.4824023073088,40.19742778766773,40.286991119384766,4138400
2019-12-02,40.3684074417859,40.6778040409431,39.945019188988965,39.9613037109375,8117100
2019-12-03,39.415781842702465,39.44020707187082,38.62599963607366,39.1715202331543,12217700
2019-12-04,39.37507660227191,39.96944772577074,39.22037518393925,39.76589584350586,8608400
2019-12-05,40.010157425451226,40.10786145913518,39.8554591132887,39.953163146972656,6680700
2019-12-06,40.58010017195256,40.905784400271266,40.49053685386716,40.54753112792969,9487300
2019-12-09,40.32769124723074,40.62895021942003,40.24627175017969,40.38468551635742,6382300
2019-12-10,40.32769997467567,40.65338424527169,40.116007372957036,40.441688537597656,10009600
2019-12-11,40.433548459845696,40.53939631533542,40.23813727324583,40.26256561279297,6296300
2019-12-12,40.425412650607704,41.418743910522196,40.278855019382384,41.272186279296875,11553400
2019-12-13,41.312903752059256,41.64672881461703,40.82437722488164,40.905799865722656,10191200
2019-12-16,41.33731772754105,41.622289127943816,41.198900828805904,41.296607971191406,11007500
2019-12-17,41.3780381578045,41.703722504526034,41.33732839095334,41.44317626953125,10446000
2019-12-18,41.524595347289186,41.6222994078504,41.23148005964946,41.247764587402344,9513000
2019-12-19,41.239623503353315,41.52459497156003,41.15820086532564,41.410606384277344,9222000
2019-12-20,41.88284204075043,41.88284204075043,41.2477610427446,41.272186279296875,18742900
2019-12-23,41.45130628770215,41.6060046042129,41.28846415634829,41.296607971191406,6547600
2019-12-24,41.3861779637711,41.46759748958257,41.17448222713194,41.272186279296875,2087800
2019-12-26,41.500162433743114,41.76070861769257,41.41059910064383,41.61415100097656,5517400
2019-12-27,41.79328491256095,41.79328491256095,41.467600573184946,41.59787368774414,4116900
2019-12-30,41.81770394435836,41.83398846950582,41.459450603025395,41.49201965332031,4532800
2019-12-31,41.492007065148776,41.6304239339304,41.312883554781784,41.62228012084961,5131600
2020-01-02,41.68743383283634,42.387652934516126,41.66300549038894,42.371368408203125,7808000
2020-01-03,41.70371586078665,41.890983243233684,41.38617538159579,41.68743133544922,6706000
2020-01-06,41.25589615293407,41.55715519064693,41.084913308365415,41.540870666503906,7476700
2020-01-07,41.55715691698343,41.67928619419642,41.2884669163949,41.459449768066406,4538100
2020-01-08,41.49202224542643,42.16781610446437,41.44317177288783,41.98868942260742,6185200
2020-01-09,42.4772059419829,42.542344036150375,42.19223454488841,42.38764572143555,7308000
2020-01-10,42.46092279171762,42.721468945845,42.27365233160562,42.50977325439453,7686800
2020-01-13,42.509782634256574,42.973880767822266,42.395794054918454,42.973880767822266,8334200
2020-01-14,43.201866532508696,43.356564894740046,42.892466702089756,43.039024353027344,9602000
2020-01-15,42.729614117313126,43.104148864746094,42.42835817750447,43.104148864746094,11342500
2020-01-16,45.63634360036349,46.702956867129195,45.310662365121395,45.95388412475586,34590700
2020-01-17,45.80731383928349,46.87392681167076,45.742178852594336,46.8250732421875,15403900
2020-01-21,45.49792492935698,45.98644828317751,44.927978945929205,45.53049087524414,20833900
2020-01-22,45.74218606179094,46.01087297140729,45.47349604621889,45.48163986206055,10276800
2020-01-23,44.96054167933942,45.31065117255935,44.618572894958305,45.21294403076172,10064500
2020-01-24,45.212942992981,45.27808108601763,44.048625980570705,44.41501998901367,9752000
2020-01-27,43.153020858083494,43.71482321903485,43.03903224333599,43.242584228515625,10649100
2020-01-28,43.80437854107102,44.3254710304349,43.462412759659564,43.98350524902344,9232900
2020-01-29,44.3580305101305,44.41502479472672,43.7066650390625,43.7066650390625,9027800
2020-01-30,43.11659336527037,44.141032465846685,42.94448834669516,44.10824966430664,8685900
2020-01-31,43.60012640954924,43.665688882776244,42.526513164190796,42.82974624633789,11286900
2020-02-03,43.14117360561987,43.919747851718775,43.09200253568792,43.10839080810547,8375100
2020-02-04,44.050880360375196,44.74749768298003,44.03448895996403,44.272159576416016,9375100
2020-02-05,44.960569461010685,45.198240007151064,44.5671853465399,45.06711196899414,8237500
2020-02-06,45.427728335343396,45.476902538313,44.7556965264592,45.08351516723633,6976900
2020-02-07,44.75568173459291,45.165457244887534,44.59996503982397,45.099891662597656,7588000
2020-02-10,44.81306943775933,45.370364622899544,44.76389522977388,45.36216735839844,5115100
2020-02-11,45.68178941683484,46.099759191245866,45.64080935203728,45.714569091796875,7120800
2020-02-12,46.07517171593913,46.435773136077984,45.985020579319446,46.042388916015625,7130000
2020-02-13,45.73095518249097,45.88667190742494,45.485090453953745,45.83749771118164,5718400
2020-02-14,45.81291091974815,45.993210048349354,45.517872003059466,45.763736724853516,4579300
2020-02-18,45.73095725743766,45.862085327029824,45.026142711002386,45.50148391723633,6897800
2020-02-19,45.780130927494994,46.24727486542129,45.4768978562519,46.148929595947266,6075300
2020-02-20,44.255772080532346,45.493293220527896,43.919756158307834,44.05088424682617,58533500
2020-02-21,43.845997238455986,43.91975698503224,42.69042995965496,42.960880279541016,29536400
2020-02-24,41.231615752143206,41.37913519590567,40.3301076928905,40.71529769897461,28670400
2020-02-25,40.961178208271974,41.10050357064735,38.97786533972957,39.36305236816406,25568400
2020-02-26,39.51875884007946,39.78920910337258,38.42875427168995,38.715599060058594,22286100
2020-02-27,37.48627755480027,38.69101583080068,37.0109363037429,37.215824127197266,26815200
2020-02-28,35.95370918932651,37.33055541410199,35.806189727647734,36.904388427734375,36978800
2020-03-02,36.96995484531298,38.09273910522461,36.38807424815013,38.09273910522461,23234100
2020-03-03,38.002582652316015,38.45333512043246,35.945510819915114,36.38806915283203,30206600
2020-03-04,37.01091529854101,37.14204330607772,36.23234138601882,37.076480865478516,21938100
2020-03-05,35.65867158268539,36.01107885122645,34.53588730630606,34.904685974121094,23950200
2020-03-06,33.200011773446086,34.617837845973135,33.060689595112436,34.290016174316406,30898400
2020-03-09,30.200461907117862,31.97888972147426,30.200461907117862,30.733171463012695,28177500
2020-03-10,32.62632680038407,32.77384623214109,30.36436426433583,32.37226486206055,27111000
2020-03-11,31.33144430981318,31.847762479238423,29.864446803381117,30.216854095458984,27376200
2020-03-12,27.790982135141782,28.61053336664268,25.578193184821398,25.66014862060547,27964600
2020-03-13,28.08602133615932,30.749562862953752,27.10255922407494,30.733171463012695,33305100
2020-03-16,25.46345171288005,28.90556686162863,24.881571198517825,25.938791275024414,26789900
2020-03-17,26.528870303916136,28.78263600496806,24.67668604882288,27.69263458251953,27047400
2020-03-18,25.684733895160452,26.914060655057078,22.291792538060097,25.20119857788086,27603000
2020-03-19,24.873382583976564,26.96323936345763,23.55390447398087,25.340526580810547,23929600
2020-03-20,25.610972718871793,25.77488356954046,23.922697834931284,24.316082000732422,27472500
2020-03-23,23.889914219490556,24.414427985724135,22.7507386922725,22.791715621948242,26401000
2020-03-24,24.66029628828588,27.35662054731578,24.094805509866166,27.225492477416992,25905500
2020-03-25,27.78278857191493,29.07767791871903,26.430527761488843,27.856548309326172,27198500
2020-03-26,27.700833363076587,30.200464207171024,27.315646377315613,29.266176223754883,26422500
2020-03-27,27.569703165876998,28.463014140991223,27.143536146650593,27.872936248779297,33375400
2020-03-30,27.479550346173667,28.962939122635678,27.02060368153457,28.553163528442383,18046400
2020-03-31,28.299101500599026,28.92196215377557,27.63526703965994,27.8647403717041,17122600
2020-04-01,25.963380088684662,26.561652039349735,25.537213125264447,25.914207458496094,23755100
2020-04-02,25.684729805940087,27.864735454695012,25.61097008703586,27.78278160095215,21656000
2020-04-03,27.50413667447293,28.110602751680347,26.930450266002026,27.741804122924805,16926500
2020-04-06,29.446469513654073,30.733164413665747,29.298950074361347,30.33158302307129,18788700
2020-04-07,32.503399726592484,32.503399726592484,30.208657044129474,30.274219512939453,19536700
2020-04-08,30.905265901094317,32.60173613543246,30.6921840274294,32.26572036743164,15376700
2020-04-09,32.99513648466605,34.298223276331846,32.92957400135109,33.667171478271484,21902200
2020-04-13,33.50324367245957,33.601588910970484,32.167374750136375,32.437828063964844,13369900
2020-04-14,33.200011293492985,33.413096314891156,31.4461725660638,32.66730499267578,14471900
2020-04-15,31.315049344896913,32.29851137069512,30.80692849666469,31.470766067504883,15590100
2020-04-16,31.02820698492113,31.814975337222954,30.380760827232542,31.4379825592041,27913000
2020-04-17,32.41324380548399,32.86399626332395,31.298653863403157,32.036251068115234,25074500
2020-04-20,31.298657238251337,32.40505316461908,30.995424188657005,31.4379825592041,16573800
2020-04-21,30.569258965236962,31.257682094473502,29.962792831349834,30.28241729736328,14134900
2020-04-22,31.036395638228,31.29045757488555,30.683988456490322,30.987224578857422,10449000
2020-04-23,31.224896886768065,31.46256746543122,30.55286520846081,30.708581924438477,8694800
2020-04-24,31.11835289001465,31.29865198653523,30.53646929615118,31.11835289001465,8567500
2020-04-27,31.667466906735665,32.41325858655587,31.413407963076203,32.21656799316406,11619400
2020-04-28,33.24918546937013,33.91302293778484,32.650913584850805,32.88858413696289,12778400
2020-04-29,33.979915559545795,34.19487543697683,33.525197108767756,33.7236213684082,15880400
2020-04-30,32.98780321809229,33.161422471466764,32.24371619813516,32.59922409057617,13431700
2020-05-01,31.70632096811205,32.01222517434375,31.3425468288933,31.747661590576172,12806200
2020-05-04,31.416949113501015,31.598837722862545,30.730735290070545,31.491357803344727,13985100
2020-05-05,32.227177289910685,32.50001022065177,31.334276110981996,31.400415420532227,8951200
2020-05-06,31.805543569134503,31.937825397999692,30.63153957833931,30.83823013305664,7817800
2020-05-07,31.21852551014902,32.35945772582713,31.21852551014902,32.08662796020508,9348900
2020-05-08,32.66535860721384,33.21102129039024,32.40906445765659,33.13661575317383,12096400
2020-05-11,32.55788057042304,33.120078846788495,32.49173811257017,32.92992401123047,10106400
2020-05-12,33.045672157190594,33.12834708066078,31.706315689281126,31.764188766479492,13605600
2020-05-13,31.540972062244563,31.64844885318108,30.259488418823906,30.581928253173828,11565900
2020-05-14,29.97838332264646,31.392148484453152,29.374847550017343,31.25986671447754,14986600
2020-05-15,30.80515104981605,31.25987267758026,30.6067299339251,30.8299560546875,9175800
2020-05-18,32.17756727003449,33.607867938433124,31.979146207099532,33.301963806152344,14722400
2020-05-19,33.153144287438614,33.525187698682565,32.48346930104524,32.51654052734375,8895500
2020-05-20,33.1283465865338,34.10392580739235,33.10354474063191,33.946842193603516,12031600
2020-05-21,33.70707572195226,33.83935747107335,32.93818706960913,33.31849670410156,9654200
2020-05-22,33.260626730945766,33.51692402352435,32.905118905756034,33.17795181274414,6468900
2020-05-26,34.6165208175219,36.20390534897536,34.3519572545874,36.1212272644043,19709900
2020-05-27,37.849161011037964,38.79166912815922,37.46058503967444,38.7420654296875,25892400
2020-05-28,39.06449512311591,39.122368196916554,36.60901156328934,36.70822525024414,17615900
2020-05-29,36.38579421358182,37.030670717865725,35.98068259994448,36.54288101196289,13102100
2020-06-01,36.80743947494327,37.262157880630994,36.33618545310465,36.95625686645508,8649500
2020-06-02,37.35310514626785,38.24600641209936,37.105077192083904,37.68381118774414,11179200
2020-06-03,38.84127457127282,39.26292491606378,38.39482237814583,38.78340148925781,11253500
2020-06-04,38.61804357253988,40.30463842991475,38.60150795779942,40.25503158569336,15279600
2020-06-05,42.41288130107424,42.86759967737157,40.70975394761376,40.94951248168945,17976100
2020-06-08,41.768009617711286,41.90029138938562,40.82550160030085,41.46210861206055,12150300
2020-06-09,40.27984013194735,41.90855890423974,40.15582458739554,41.668800354003906,15090400
2020-06-10,41.362892542536144,41.75147160432195,40.18889228057754,40.25503158569336,14770900
2020-06-11,38.13852352707551,39.023158419556005,36.74129403693926,36.84877395629883,17961900
2020-06-12,38.659380380757945,38.8164671412212,37.303491533357516,38.262535095214844,14093100
2020-06-15,36.9231821569762,39.560551184672356,36.87357531319514,39.18851089477539,14758800
2020-06-16,40.875108341160434,41.00739012269766,38.78340168502602,40.147560119628906,13551500
2020-06-17,40.26330707565104,40.32944639079645,39.40347390183513,39.486148834228516,8674400
2020-06-18,38.95702457677912,39.99874646346426,38.83301216902395,39.337337493896484,9825200
2020-06-19,40.06487902524656,40.24676764388877,38.618045768564826,38.79993438720703,20962700
2020-06-22,38.692454601891455,39.36213284707215,38.48576413590502,39.17197799682617,11657400
2020-06-23,39.907794498076555,40.081413728000776,39.3621318084246,39.593624114990234,9672600
2020-06-24,39.3456020679038,39.39520892122312,38.378288928179934,38.81647491455078,12806200
2020-06-25,38.618045175971716,40.39558441130003,38.477497175611234,40.337711334228516,15014300
2020-06-26,39.93260333189446,39.99047641866305,38.53537670957944,38.89915084838867,20082500
2020-06-29,39.32906223176913,39.5192170849943,38.56844281886843,39.05623245239258,9380800
2020-06-30,38.90741886725104,40.122756800532585,38.90741886725104,39.93260192871094,11894300
2020-07-01,40.02355352590791,40.57748577832077,39.064509606691175,39.362144470214844,11363800
2020-07-02,40.39559477760479,40.53614281403267,39.42001529398047,39.51095962524414,7488800
2020-07-06,40.403859596049486,40.817240611796635,40.263311564541944,40.36252212524414,10649600
2020-07-07,40.11449574078115,40.139297593480656,39.18025372498716,39.26293182373047,8750700
2020-07-08,39.37867719872068,40.503074087742554,39.08930858983736,40.43693161010742,12322200
2020-07-09,40.34597679852298,40.55266725666485,38.87434174578365,39.27945327758789,9119900
2020-07-10,39.34559065010863,41.23887575878316,39.28771758162039,41.172733306884766,13386000
2020-07-13,42.18965259241466,42.18965259241466,41.238878438437816,41.51997756958008,14904000
2020-07-14,41.56132522508811,41.81762257496374,40.436928424641884,41.75148010253906,16075600
2020-07-15,43.39672707878387,43.39672707878387,41.71839852622589,42.45421600341797,17424200
2020-07-16,42.644371284398844,44.240018511925705,42.44594708272976,43.52073669433594,25026800
2020-07-17,43.63649414357064,43.82664901113301,42.975085222952266,43.33059310913086,16263800
2020-07-20,42.79318786689568,43.04948515121609,42.454215667037516,42.8758659362793,10423600
2020-07-21,43.07427928970383,43.3636477500136,42.59475918844196,43.3057746887207,11951200
2020-07-22,42.99161394904642,43.280979319857366,42.1565859119591,42.164852142333984,13604000
2020-07-23,42.15659047879024,42.37154718412953,41.59439213701506,41.801082611083984,13527000
2020-07-24,41.80107833047372,41.99949939910677,41.39596365509173,41.486907958984375,6860800
2020-07-27,41.26369002780916,42.63611477954707,41.11487262006738,42.42942428588867,12087100
2020-07-28,42.02430817134325,42.346744802207354,41.51171353135006,41.55305099487305,7287900
2020-07-29,41.56132220989328,41.883758854954756,41.2388855648318,41.82588577270508,8074300
2020-07-30,41.09326778966386,41.09326778966386,40.41892413222755,40.75193405151367,9410100
2020-07-31,40.81020178665166,40.81852560377707,40.185810700275375,40.69364929199219,9669900
2020-08-03,40.976710285266584,41.551148991537744,40.56044952471188,41.176513671875,9912400
2020-08-04,41.209812499801565,41.43459367635311,40.860155009044064,41.010005950927734,6445200
2020-08-05,41.284742885603755,41.592774963115524,41.15986338551697,41.43459701538086,6636100
2020-08-06,41.48454522682092,41.60942153837579,40.993357446076956,41.16818618774414,5701100
2020-08-07,40.9683872770038,42.017366274104205,40.86016175532004,41.91746139526367,6225900
2020-08-10,42.042329261004625,42.31706283799345,41.84252273448393,42.10893249511719,6518300
2020-08-11,42.99141486098863,44.0154160465833,42.93313860312845,43.107967376708984,11792600
2020-08-12,43.81560181436932,44.47329130139172,43.21618539498984,43.60747146606445,8949400
2020-08-13,43.23283720668227,43.67407253906101,43.04968147966446,43.44096755981445,5728700
2020-08-14,43.02471957148116,43.749012525250386,42.99974493798439,43.5408821105957,5782300
2020-08-17,43.45761750267202,43.54086837193811,42.53351824505978,42.69169616699219,7333000
2020-08-18,42.60012485731164,42.76662979726978,42.16721645956509,42.39199447631836,6450000
2020-08-19,42.61678934769034,43.316107779322174,42.575163893294594,42.76664352416992,5957600
2020-08-20,42.23381892840411,42.51687638966175,42.04233934811479,42.29209518432617,5186300
2020-08-21,42.11727399274254,42.808265369752256,42.04234691081924,42.5418586730957,6408500
2020-08-24,42.71668829753979,43.68241331373303,42.5918087759333,43.599159240722656,7728500
2020-08-25,43.9654588633658,44.03205892785835,43.166235858734076,43.332740783691406,8425500
2020-08-26,43.2827984491174,43.38270014973668,42.96643935870227,43.04969024658203,5920800
2020-08-27,43.09131637786754,44.015415856835,43.02471630166496,43.7989616394043,8910100
2020-08-28,44.123636582896715,44.123636582896715,43.66575042333199,44.03205871582031,8743800
2020-08-31,44.03206546876126,44.03206546876126,43.499252170402954,43.50757598876953,8026600
2020-09-01,43.22452328390752,43.973794052067404,43.03304368222625,43.773990631103516,5568800
2020-09-02,43.798962343821934,44.51493143546723,43.68240982672952,44.3317756652832,7547100
2020-09-03,44.62314638499749,45.2725152455075,43.457618314415875,43.915504455566406,11029600
2020-09-04,44.48995785829834,44.756364544362185,43.09132116855407,43.88221740722656,9413000
2020-09-08,43.532548832553886,43.532548832553886,41.701000946390465,41.767601013183594,10946600
2020-09-09,42.11725883753804,42.9830818780288,41.98405553714078,42.508544921875,8808100
2020-09-10,42.73334275690793,42.94979701356017,41.76761448252868,41.86751937866211,8609100
2020-09-11,41.92578838974266,42.41697626201268,41.67603254427709,41.91746139526367,8969700
2020-09-14,42.425295898933236,42.93313453428714,41.87583182274095,42.58347702026367,8812200
2020-09-15,42.59180960049841,42.741663759000055,41.85086580336148,41.950767517089844,7660100
2020-09-16,42.02568595041317,43.21619197813272,41.884158816399164,42.58347702026367,8699700
2020-09-17,41.95076960598962,42.40033210388012,41.609435822587955,41.8342170715332,7533700
2020-09-18,41.93411686608367,42.40865397792109,41.667710177887855,41.69268798828125,10743900
2020-09-21,40.67700295755138,40.86848253067689,39.55309697292208,40.2607421875,12909900
2020-09-22,40.16083463678711,40.452215863014956,39.07023043495955,39.65299606323242,11164400
2020-09-23,39.84448595787894,40.16084506839724,38.6206781382087,38.645652770996094,8248100
2020-09-24,38.74555293982281,39.47816960287553,38.17943804285267,38.803829193115234,9832700
2020-09-25,38.529093714898764,39.403243823999546,38.22938546901478,39.16181182861328,9816000
2020-09-28,39.8694677137778,40.91011994341626,39.8028676225066,40.27740478515625,9466200
2020-09-29,40.019303023481385,40.17748094452537,39.28668330994969,39.328311920166016,11355600
2020-09-30,39.686303569976,40.785235015424014,39.57807804741306,40.252418518066406,15047300
2020-10-01,40.58542932498179,40.85183599161367,39.045265585027614,39.344970703125,25275400
2020-10-02,38.70392288775867,40.24408627127644,38.645643465591064,39.93605422973633,12681800
2020-10-05,40.31902125358208,40.701980426545354,39.7778809444425,40.460548400878906,19140100
2020-10-06,40.9600678518211,41.13489664481778,39.519805706805116,39.74458694458008,22980200
2020-10-07,40.277397351639586,40.935087025767075,40.160844831561754,40.552127838134766,12019100
2020-10-08,39.94438011050895,41.20148932002812,39.34496363043002,40.79355239868164,23836600
2020-10-09,41.159862586943554,41.40129458865774,40.568773073078496,40.65202713012695,11381800
2020-10-12,41.018337823463234,42.46692356580326,40.81853125082095,42.24214553833008,17615000
2020-10-13,42.558500772667706,42.658405645317224,41.617753707183994,41.99238586425781,17448000
2020-10-14,42.383667623314246,42.783277545106884,41.942432263467296,42.167213439941406,20330100
2020-10-15,41.5678021227245,43.1828928205116,41.55947512859088,42.733333587646484,21059700
2020-10-16,42.89983784385813,43.51590523688052,42.81658695260929,43.16624450683594,16923300
2020-10-19,43.44930976815443,43.44930976815443,42.28378120275017,42.41698455810547,12677000
2020-10-20,42.92481491907236,43.515904493974645,42.766633782254935,42.84988784790039,11177600
2020-10-21,42.86653953770637,43.13294620158444,41.84253515214125,41.942440032958984,18583200
2020-10-22,41.97573763932882,43.274472481461125,41.72598179394665,43.09964370727539,13264400
2020-10-23,43.499247080822535,43.79895532003649,42.908157595604656,43.18288803100586,11538500
2020-10-26,42.58347326800777,42.69169876948772,41.45956740949943,41.892478942871094,15561400
2020-10-27,41.83421835251712,41.85919298900298,40.44390854061738,40.452232360839844,11593300
2020-10-28,39.59472641371928,40.052612635131304,39.28669115088879,39.603050231933594,13622800
2020-10-29,39.46047897666733,40.61787544891309,39.041132753324725,40.357879638671875,10887800
2020-10-30,40.223687774134916,40.475294860756165,39.42692933370287,40.38304138183594,14907400
2020-11-02,40.995292249304654,41.80043631982501,40.62626548413089,41.41463851928711,16337800
2020-11-03,42.2784809554355,43.159107277229964,42.2784809554355,42.92427444458008,13142200
2020-11-04,42.379117363550854,43.880377223289415,42.36234313502587,43.133941650390625,17378000
2020-11-05,43.61200407748746,44.26618311485536,43.259754811014766,43.77974319458008,9444300
2020-11-06,44.09844366057377,44.13198892181604,43.20103993600066,43.36039352416992,6453900
2020-11-09,46.471940577112775,47.729979036914806,46.17839954956853,46.983543395996094,24243300
2020-11-10,47.46160473538962,47.65450361034115,46.04421568064608,46.757102966308594,15502900
2020-11-11,46.91644063215297,47.52868555574289,46.45516056088461,47.25191879272461,9731600
2020-11-12,46.54741006087103,46.90804790828214,46.119678511271715,46.5893440246582,9889500
2020-11-13,46.93321940265056,47.84739411936396,46.891285428359645,47.478370666503906,9919100
2020-11-16,48.44286781177904,48.76157179456946,47.83062279178515,48.736412048339844,12201400
2020-11-17,48.23319889878166,49.390595315780175,47.97320630030873,49.32350158691406,9599100
2020-11-18,49.482851992409,50.430575307744775,49.28995312280219,49.32350158691406,11536700
2020-11-19,49.113819111919874,49.222846800439164,48.52673389943737,49.17252731323242,7220200
2020-11-20,48.9460823639092,49.26478632867651,48.23319200059698,48.48480224609375,7739900
2020-11-23,49.20607176991565,50.96732737866866,49.15575228352872,50.54798126220703,12647400
2020-11-24,51.277653026972324,53.39115826725689,50.85830682531327,53.34083557128906,22357700
2020-11-25,52.83761666510726,53.48341014160367,52.208597419094076,53.24018859863281,11509700
2020-11-27,53.24018832408326,53.64276025553283,52.896324599343586,53.542118072509766,5581500
2020-11-30,53.324061569140966,53.53373465829419,51.65506237176398,51.85634994506836,15610700
2020-12-01,52.93826569799269,53.50857681078213,52.64472462495007,53.07245635986328,15857200
2020-12-02,52.896333253123764,53.894379329185846,52.74536835421282,53.69308853149414,10790700
2020-12-03,53.72663879394531,54.196310938878845,53.52535438824002,53.72663879394531,11757900
2020-12-04,54.10405331294169,54.67436445145868,53.911151228402744,54.515010833740234,10169700
2020-12-07,54.12920769314175,54.66597031158525,53.57567084295219,53.89437484741211,10402100
2020-12-08,53.231802792880345,53.995009479884146,53.181480101704985,53.600826263427734,6386200
2020-12-09,54.26338926745012,54.87563746207557,53.76017516703595,53.98662567138672,10145500
2020-12-10,53.340832767908765,54.137594348415526,53.11438864634857,54.04533767700195,8888000
2020-12-11,53.173095916165316,53.441477210432105,52.586010635197695,53.10599899291992,9034200
2020-12-14,53.885984939343665,53.9279221174595,51.881510680734536,51.898284912109375,10236600
2020-12-15,52.40988273275508,53.70146643087329,52.13311274071441,53.63437271118164,9718800
2020-12-16,53.475015898286,53.98662187673997,53.33243975295446,53.869205474853516,8806400
2020-12-17,54.020176259351665,54.30532858129122,53.73501753869741,54.23823165893555,7197500
2020-12-18,54.372421766734405,54.45628971455756,53.131154383323214,53.8272705078125,15499800
2020-12-21,55.36208048440525,57.282686618202085,55.18595586934717,56.88850021362305,14787800
2020-12-22,57.24075624255979,57.24075624255979,55.84852378857357,55.89046096801758,9807000
2020-12-23,56.192385962584986,57.84461087214489,56.16722621654534,57.20720291137695,8772500
2020-12-24,57.333006444202724,57.51751977497637,56.82979234127471,57.1065559387207,3126700
2020-12-28,57.5007302397165,57.7355630117282,57.005904955650884,57.073001861572266,7417100
2020-12-29,57.291067326831495,57.442032192462335,56.45237505081891,56.7878532409668,4701300
2020-12-30,56.88850260193996,57.19043235434797,56.67044080326425,56.89688491821289,5283200
2020-12-31,56.86333655485697,57.65170291104191,56.536247092444434,57.47557830810547,5297400
2021-01-04,58.104605058059995,58.64975636599588,56.79624703798574,57.3078498840332,14014600
2021-01-05,57.16526024149287,58.77554764017098,57.098163333536284,58.28071594238281,11120400
2021-01-06,59.891024372698155,62.801281480841126,59.178130749229425,61.79485321044922,18334300
2021-01-07,62.734203279137674,64.16836672560461,62.734203279137674,62.851619720458984,13530400
2021-01-08,62.45739353703106,63.18705147336488,61.937402199545375,63.111572265625,12896700
2021-01-11,62.26451575697098,64.15996218303806,61.78646139273222,63.79093551635742,9077500
2021-01-12,64.21028519407118,64.72188804684366,63.338044369651115,63.57288360595703,11831100
2021-01-13,63.58127039531178,64.10126199992567,62.91032029766829,63.37159729003906,9852200
2021-01-14,63.61480465408432,64.44510817390768,63.50577696722717,64.13479614257812,9854300
2021-01-15,62.96063047972322,63.37997662822243,62.18903510217613,63.103206634521484,12882600
2021-01-19,64.17673773905625,64.24383466476823,62.64193555536353,62.89353942871094,14897700
2021-01-20,64.16834396306925,65.2167092449185,62.31483491260543,62.767723083496094,16133000
2021-01-21,62.90193224893112,63.648367999721195,61.84517799550875,62.65032196044922,13591300
2021-01-22,60.847116328963075,62.65029928172762,60.729699943165755,62.172245025634766,15460000
2021-01-25,61.66065661599119,62.080002776433425,60.31875018231898,60.70454788208008,15933100
2021-01-26,61.00647234700505,61.49291538668892,59.66456602952719,59.72327423095703,10899700
2021-01-27,58.48201100828001,58.926516858746645,56.905265547800575,57.38331985473633,17002600
2021-01-28,58.5382508963458,59.65944230663071,57.87227638344879,58.43708801269531,14986200
2021-01-29,58.17576039305229,59.06091153367425,56.3548670210027,56.52347183227539,17566100
2021-02-01,57.22316136360327,57.42548713878274,56.70892794035005,57.0461311340332,11961600
2021-02-02,58.268482705524654,60.1652431348913,58.184177096705284,59.81117630004883,13893900
2021-02-03,59.74373957383292,60.13152092619446,59.27165261440662,59.5161247253418,8014300
2021-02-04,59.79431301019472,60.96608882058554,59.659429194971516,60.940799713134766,8889400
2021-02-05,61.62364866409926,62.146313947596816,61.15999989006301,61.72481155395508,8832200
2021-02-08,62.078860647044266,62.62681494470651,61.87654133601734,62.576236724853516,9018100
2021-02-09,62.298052491852836,62.955595169699755,61.85126100211664,62.58467102050781,7429900
2021-02-10,62.88816146149854,63.10734452661976,62.00301021476865,62.660552978515625,7465900
2021-02-11,62.66053844566026,63.03145612566538,61.35387863908154,62.146305084228516,6972900
2021-02-12,62.281194827721215,63.24221982406274,62.281194827721215,62.89659118652344,7281200
2021-02-16,64.27912545071612,64.42243474419845,63.46140964543187,64.11052703857422,8550600
2021-02-17,63.22534107793591,63.984046457194,62.98086898730751,63.60469055175781,7807200
2021-02-18,63.35180393847307,63.6890071018535,62.52565650977178,63.0820426940918,7155800
2021-02-19,63.6047042016136,64.37184159183188,63.587846936952126,64.068359375,7685300
2021-02-22,63.81545381151569,65.74593536428354,63.71429736280775,65.24856567382812,11193700
2021-02-23,65.13054353117927,65.6363450540485,64.28753884919213,65.3328628540039,12174600
2021-02-24,65.48459539552158,67.52466491571604,65.45930628742556,67.33920288085938,12681500
2021-02-25,67.86187109173493,68.62057652690957,65.84709058875795,66.11685180664062,11674600
2021-02-26,65.78808701858743,66.47091876185316,64.3465497652401,64.80177307128906,30392200
2021-03-01,65.79652583478108,67.05260115962467,65.78809398610511,66.73226165771484,11450000
2021-03-02,67.28020628412858,68.74703916342604,67.10317606040974,68.10635375976562,11955500
2021-03-03,68.4182571737266,69.91880434912933,68.4182571737266,69.17695617675781,13053000
2021-03-04,69.24440000469478,70.37402955677712,67.28019766722126,68.37610626220703,15809900
2021-03-05,69.47201794161633,69.59846349682368,66.07470371897222,68.17378997802734,16362500
2021-03-08,69.06737118385223,69.93566494369148,68.1063463980481,68.36767578125,10151900
2021-03-09,67.6089822403758,69.40458657670663,66.95987137569804,68.15693664550781,11588700
2021-03-10,68.9072025075291,70.32345066347345,68.63744126028331,70.04525756835938,10775800
2021-03-11,69.59004451277981,70.65222586438551,69.53945985440635,70.18014526367188,8951500
2021-03-12,71.27604328307521,71.72283470317743,70.6353579702192,71.09900665283203,8691300
2021-03-15,71.57111518519503,71.7228563199838,69.94411551892185,70.69438934326172,9018400
2021-03-16,70.39932725571599,70.55949378194697,68.99150445953786,69.58161163330078,9472000
2021-03-17,70.4752062748742,70.93042967924053,69.5057493821468,70.69438934326172,8049300
2021-03-18,71.42779242968487,73.03792809309994,70.58478771353033,70.7618179321289,10227400
2021-03-19,69.64061490429908,70.48361955736493,68.62058004588322,69.91880798339844,11557600
2021-03-22,69.5226075486148,69.60690674309615,68.69646000681853,69.05895233154297,7169900
2021-03-23,68.40140653978686,69.05894923148708,66.47092484422681,66.69853973388672,10235500
2021-03-24,67.5246599591429,68.65428934688958,66.84182836421533,66.87554931640625,8459000
2021-03-25,66.84182893874232,67.7607007752903,66.01568168199888,67.5499496459961,11363800
2021-03-26,68.81446785905771,68.90719888588863,66.63952073128155,67.42351531982422,11107400
2021-03-29,64.91136402665899,66.47092148643091,64.06835929904004,65.65320587158203,21931700
2021-03-30,66.31918022045105,67.4740990099236,66.17587096068445,66.6732406616211,12063000
2021-03-31,66.31917296893087,66.59736604155279,65.45931107273532,65.46774291992188,12085500
2021-04-01,65.65319443404027,65.99039755266632,65.33285500873352,65.9398193359375,13195600
2021-04-05,66.7659592944666,66.85869031158897,65.61104715112985,65.75435638427734,10458800
2021-04-06,65.58577022540103,66.69010435783812,65.34129808317915,66.6732406616211,9445000
2021-04-07,66.6310806274414,67.20432398063006,66.13370459683252,66.6310806274414,8329300
2021-04-08,66.17588770672377,67.85346573435986,65.88926911466075,67.60899353027344,9352700
2021-04-09,67.84502867268888,68.05577987125616,66.90929283652088,68.04734802246094,10693500
2021-04-12,68.24123580330303,68.34239869441203,67.03573868528967,67.59212493896484,8939700
2021-04-13,67.35608063701592,67.46566893885063,66.56365411594953,67.0441665649414,7085200
2021-04-14,67.11160790866752,69.16854153369447,66.85027849721814,68.10635375976562,10585500
2021-04-15,68.57842134248779,68.62900599081946,67.31391447164309,68.13162994384766,9930800
2021-04-16,68.28336828804495,68.85661163711039,65.55203535737515,66.25172424316406,29086400
2021-04-19,66.0072731388364,67.75229267814922,65.84710018151662,67.46566772460938,15151000
2021-04-20,66.85869695195714,67.12845818357445,64.57415511478234,65.15583038330078,13052800
2021-04-21,64.68375915581028,66.8839956994377,64.27911403427365,66.8081283569336,11075900
2021-04-22,66.52992329971457,67.01886752461378,65.88081256995275,65.99883270263672,9871700
2021-04-23,65.99885185185053,68.53629830401206,65.99885185185053,68.24124145507812,12002000
2021-04-26,68.96620520236806,69.48043852986504,68.60371296219174,68.72173309326172,8033500
2021-04-27,68.62901030708093,69.16853275804417,68.45197367420757,69.09265899658203,7057400
2021-04-28,69.46359004159386,69.92723877747159,69.18539694109788,69.74178314208984,7228200
2021-04-29,70.43597167205164,70.93546090583067,69.53012466534288,70.8084716796875,9974800
2021-04-30,70.17354029208738,70.50370844367264,69.61479667361273,69.88570404052734,9298600
2021-05-03,70.3597916937266,70.68149217980921,69.67405882070837,69.80950927734375,6759000
2021-05-04,69.49627370529605,70.1227522847891,68.36185104216385,69.96189880371094,8802700
2021-05-05,70.19047657503357,71.82438201123993,69.62325881823347,71.54501342773438,9424400
2021-05-06,71.90057142084606,73.57681505992731,71.45188173584822,73.50908660888672,11887900
2021-05-07,72.36620444551639,74.53346344680176,72.24767641362612,74.24562072753906,9947600
2021-05-10,74.5588519143831,75.24458472046317,73.1704509599584,73.20431518554688,9344500
2021-05-11,72.0106037387029,72.75560355910241,70.97776777601352,71.89208221435547,10397800
2021-05-12,72.29846017780339,72.9672640268803,70.57142361669463,70.84233093261719,12602200
2021-05-13,70.85078919812366,72.51009709526123,70.61374613552387,71.84129333496094,8639700
2021-05-14,72.47625946072849,74.14403563864813,72.47625946072849,73.9493179321289,7755900
2021-05-17,73.47521696348986,74.6011781579562,73.06039153461177,74.57577514648438,7157900
2021-05-18,74.69430976623438,74.98214599898446,73.54295191735264,73.62760925292969,6631700
2021-05-19,72.22227636019096,72.89108032313601,71.38415771806989,72.8487548828125,10165600
2021-05-20,72.95880439423584,73.6784014259044,72.23073969143502,73.20431518554688,7722100
2021-05-21,73.60221416991058,75.1599298442867,73.42443182396161,74.78742980957031,9326800
2021-05-24,75.10066339564457,76.36207506492697,74.77049528394609,75.9303207397461,7788800
2021-05-25,76.42982766322378,77.33567495366337,75.12608368707794,75.22767639160156,10599600
2021-05-26,75.05833883173943,76.06577206114002,74.45725691992999,75.6424789428711,8665200
2021-05-27,76.27741046281898,76.97161084418144,74.99906357385574,76.44673156738281,21840900
2021-05-28,76.65838757365842,77.27639191957563,76.10810521899286,76.99701690673828,9484800
2021-06-01,78.2160851152242,78.9949427357833,77.77586320849834,77.97904205322266,9576400
2021-06-02,78.31770369691023,78.85951843485475,77.51344280290985,78.52935028076172,6878400
2021-06-03,78.16530118757154,79.51137007280528,78.021383091466,79.02881622314453,7926800
2021-06-04,79.4605849773858,79.7230246448399,78.42774873148977,79.54524230957031,6406800
2021-06-07,79.77382277446995,79.80768053958158,78.51240464956112,78.9103012084961,6773800
2021-06-08,78.1822484726658,78.89338436842563,77.62350483787142,78.55474853515625,7036300
2021-06-09,78.20762948992548,78.91876524438204,77.70814674078028,78.45314025878906,7811700
2021-06-10,79.1557995506413,79.56216371647093,77.48802391705313,77.6150131225586,6584900
2021-06-11,77.64889341446293,78.36002277819308,77.62349685989265,77.92826843261719,6509400
2021-06-14,77.70814645630742,77.79280378275804,76.09963141798552,76.80229949951172,10163100
2021-06-15,77.11553032983264,77.20865532428756,76.1080971899999,76.78536224365234,7459000
2021-06-16,76.61604254840542,77.58115019196852,75.72712455404705,77.12399291992188,11370300
2021-06-17,77.66582133118634,77.67428900225124,73.70379739402178,74.42340087890625,11131600
2021-06-18,73.13658107435069,73.56834184351422,71.03705092187174,71.1894302368164,22453900
2021-06-21,71.59578989263943,73.18736951709448,71.29948603422223,72.755615234375,10672700
2021-06-22,72.6879090120509,72.99268063356847,71.94291530330885,72.55245208740234,9664100
2021-06-23,72.84027582775312,73.07731892513107,72.44237928903728,72.69635772705078,7139000
2021-06-24,73.1958402570157,73.98316566179757,72.6709545008478,73.7207260131836,7953500
2021-06-25,74.1017090590757,75.02449162486397,73.41597611879749,74.83824157714844,11139000
2021-06-28,74.55039233196248,74.66891390491145,73.17045889894739,74.24562072753906,6174600
2021-06-29,77.11553457422143,77.57269190154189,76.00650870877784,76.73457336425781,15413700
2021-06-30,76.33668226442161,77.80974702173862,76.30281803861587,77.62349700927734,9780300
2021-07-01,77.81822045927343,78.08066663576324,77.08169442384688,77.90287780761719,6792200
2021-07-02,77.80129252724458,77.95367833970869,77.31873853093185,77.91134643554688,4818000
2021-07-06,77.67428802677266,77.7928095844307,75.90492587392016,76.37054443359375,6701200
2021-07-07,75.88798680440544,76.58218723327808,74.98213982454797,76.21815490722656,6771600
2021-07-08,74.5842531490435,75.04141053476398,73.61067759383923,74.19482421875,8778800
2021-07-09,75.65094020843462,76.71764058465898,75.01600058479104,76.47212982177734,7306500
2021-07-12,76.39595559126047,79.17275797395598,75.98959773273717,78.52088928222656,11951100
2021-07-13,78.28382921088587,79.18120854197136,77.66581842508339,78.9103012084961,12280100
2021-07-14,78.83411010564143,79.43518553894597,77.41184501619371,78.27536010742188,12572000
2021-07-15,77.34411179929938,79.62989183900474,77.29331869675387,78.41927337646484,12465900
2021-07-16,78.85949912713012,79.0880745397919,77.12399498088706,77.25098419189453,12595400
2021-07-19,75.77793584100854,75.93032162194298,74.14402414613284,75.6424789428711,14043000
2021-07-20,75.46470783124889,79.24048223266145,75.3461862572225,78.15685272216797,11522300
2021-07-21,78.93569332318879,81.3146048722827,78.88490021943716,81.0013656616211,14116900
2021-07-22,80.7812749049612,81.46701429943775,80.29025322964264,80.90826416015625,9235300
2021-07-23,81.50933724834421,82.2627986247612,79.73997477937041,80.04474639892578,13222800
2021-07-26,79.89235559510665,81.83103909761462,79.87542025122241,81.72944641113281,11420600
2021-07-27,81.17071569583213,82.16122686333358,80.86594402259212,81.67867279052734,8972900
2021-07-28,81.70405832431402,82.02575884311118,80.89133612503021,81.33155822753906,10054000
2021-07-29,82.00526549719966,82.59369317602479,81.46799723896301,82.10759735107422,9016200
2021-07-30,81.81763282523103,82.9006859458013,81.46798170755515,81.85174560546875,8320800
2021-08-02,82.48282689317422,83.91553132455746,81.8517566395734,82.06495666503906,9409600
2021-08-03,82.5084221290355,82.74720515206228,80.8710472514095,82.38050079345703,7044800
2021-08-04,81.67265970554669,83.18211947049627,81.49357247190572,82.11611938476562,7137500
2021-08-05,82.58516649469664,83.51472207629782,82.58516649469664,83.429443359375,5675000
2021-08-06,84.11165848267638,85.2629436442959,83.82170961666822,85.04974365234375,9317900
2021-08-09,84.91328223872202,86.12425648465636,84.40160362134732,85.91105651855469,8297700
2021-08-10,85.91107926506275,87.77871354463423,85.78315795026295,87.01972198486328,8490500
2021-08-11,87.22440342736522,88.6315250588348,86.85769908105921,88.58888244628906,8793200
2021-08-12,88.29039686832452,89.30523111023358,88.27334372843093,89.26258850097656,6302100
2021-08-13,89.1176264847004,89.34787969033594,87.57406010800204,88.64006042480469,8312200
2021-08-16,88.01749324415425,88.53770180027104,87.1476400474046,88.45242309570312,6540300
2021-08-17,87.67636663776348,88.56327942580647,86.64447941005373,87.7275390625,6492900
2021-08-18,87.30966217608086,87.88956643977772,86.23513885427163,86.35453033447266,7839800
2021-08-19,84.89623939788432,85.91959675671566,84.17988404162443,85.04974365234375,10644700
2021-08-20,85.10092652809534,86.1498670539881,84.8621435305376,85.84286499023438,6496900
2021-08-23,86.97709695244072,87.73608866557383,86.74684374435469,87.12207794189453,5430700
2021-08-24,87.5740386905452,88.21363872420363,87.4375875603177,87.91515350341797,5339700
2021-08-25,88.06865620125633,89.51842015550453,87.87251583798698,88.76795196533203,5612100
2021-08-26,89.23699882323488,90.0983287158952,88.40978171414358,88.55475616455078,6882800
2021-08-27,88.59741389678355,89.94483979923838,88.41832663223185,89.92778015136719,5900600
2021-08-30,90.08126479178601,90.23476905738057,88.58886473986303,88.76795196533203,6459700
2021-08-31,88.92145597708748,89.29669007110256,88.15394115765352,89.05790710449219,7215100
2021-09-01,89.1517285625543,89.6122414248368,88.32451137510326,88.95558166503906,5762400
2021-09-02,89.55252922260576,89.97892921975283,88.99820792504504,89.3990249633789,5708400
2021-09-03,89.32228154732793,89.82543699467126,88.49506440102257,88.90441131591797,7195400
2021-09-07,88.75943259821972,89.85954546619651,88.75090277576615,88.84471130371094,6792100
2021-09-08,88.56329931094542,89.17731649486737,87.8981161971464,88.32451629638672,5601000
2021-09-09,88.13688595193958,89.74015424794274,88.09424985223943,88.55475616455078,6145700
2021-09-10,89.05790766803356,89.36491620028897,88.01749058720662,88.36714172363281,5958600
2021-09-13,88.55476088494837,89.1346652238371,88.026028977315,89.03233337402344,6112200
2021-09-14,88.98968702326417,89.88512970956734,86.6956592329859,86.90885925292969,8400600
2021-09-15,87.12205872359208,88.12835656528793,86.82357349247404,87.87252044677734,6691900
2021-09-16,88.27336485393336,88.8362096940031,86.77243443649697,87.3864517211914,5881600
2021-09-17,87.09648453335606,88.59741474934842,86.48247383741996,86.77242279052734,17485600
2021-09-20,84.21400980195057,84.6404098515807,82.61074795762671,84.1116714477539,15443800
2021-09-21,84.79390766812412,85.04975028094552,83.53176075460543,83.83024597167969,8985600
2021-09-22,84.79389626494898,86.83208755225799,84.79389626494898,85.96223449707031,9497700
2021-09-23,86.78092894606816,88.68266928332295,86.64447782439822,88.30744171142578,6087900
2021-09-24,88.17101343199424,88.80208376733853,87.67638774732069,87.76167297363281,5529300
2021-09-27,88.56329515109076,90.19214657672856,88.54624201071577,89.6292953491211,8195200
2021-09-28,88.92146254245625,90.35416695424772,86.74682621625291,87.01972198486328,14183500
2021-09-29,86.20103090361454,86.65301389060942,84.52101375848409,84.89624786376953,11543000
2021-09-30,85.4761505970722,85.60406539758242,82.08200358599585,82.98596954345703,12258400
2021-10-01,83.51471022234034,85.2032572056781,82.77277182708846,84.4698486328125,7912700
2021-10-04,84.46983127688922,85.7149183291872,82.69600595319892,82.8495101928711,9482100
2021-10-05,83.76202264912291,85.04975255711746,83.12242260629986,84.59776306152344,8850300
2021-10-06,83.76202756682731,84.81949787793516,82.90922745966165,84.51248931884766,6912700
2021-10-07,85.75756856438379,86.06457709436566,84.16283667923405,84.25664520263672,7959600
2021-10-08,84.44425774066575,85.86843876312885,83.90699605366221,85.31411743164062,5301100
2021-10-11,85.34822292453364,85.85990160745487,82.90068465786968,82.96891021728516,7003900
2021-10-12,82.96893998748595,84.1884446476332,82.45726112096852,83.38681030273438,7913300
2021-10-13,83.67676646040046,84.58073268213126,82.44873196570967,84.0605239868164,10170900
2021-10-14,86.3204294079817,86.62743797247407,83.41237786830374,86.14134216308594,14766800
2021-10-15,87.3779067871882,88.02603675411177,86.85769815018163,87.10501098632812,11678100
2021-10-18,86.7809464071422,88.64005102270369,85.74905899069209,86.48246765136719,8924300
2021-10-19,86.60186534826998,87.36938034477747,86.3886652922736,86.77242279052734,6189500
2021-10-20,86.20103948657099,86.91738847924422,85.22031802687421,85.84286499023438,7426900
2021-10-21,85.58701676682745,86.77240836053227,84.91330392115341,85.51879119873047,5931400
2021-10-22,85.91108328494022,87.19028348009682,85.76610882434615,86.81505584716797,6761500
2021-10-25,87.24145076353412,87.61667837431835,86.6956592329859,86.90885925292969,3836000
2021-10-26,87.08795599225813,88.67416483424029,86.72125165768486,88.2392349243164,7649500
2021-10-27,87.81283474725608,88.55476673279387,86.84064307173492,86.874755859375,7542400
2021-10-28,87.49299968951382,88.12843627065887,86.55701922210865,88.01680755615234,6663000
2021-10-29,87.68192766628565,88.71236587005222,87.52736128058403,88.25725555419922,8056900
2021-11-01,89.21040538535566,89.58823574822992,88.17996727925492,89.30486297607422,5432400
2021-11-02,89.24476577226476,90.45553037642104,88.76389546722301,89.87162017822266,7191700
2021-11-03,89.63976083666955,89.93172246603213,87.4844203585898,88.11127471923828,9009000
2021-11-04,87.78498264777147,87.8536737303702,84.29865306473287,85.68975067138672,14823800
2021-11-05,87.01214030003338,87.57029704475849,85.6382205408866,85.75843811035156,8449600
2021-11-08,86.26508383668332,87.41574634547095,85.84432226806801,85.93019104003906,7332000
2021-11-09,85.40638040397712,86.13627477047446,84.39311320240537,85.62105560302734,8756900
2021-11-10,84.78810275067538,85.54376353697543,83.91223094544222,83.95516204833984,9191500
2021-11-11,84.18701216752649,85.27755910596105,83.69755306108483,84.90831756591797,6249600
2021-11-12,85.19169641450911,85.77561315772957,84.19560700040746,85.74126434326172,7270300
2021-11-15,85.89581815469593,86.55702127148865,85.83570937602073,86.05038452148438,5652200
2021-11-16,85.87004949369735,87.20962016936228,85.4492880855604,86.46255493164062,6448500
2021-11-17,86.30802414426958,86.41106405324676,83.59452631749951,83.87789916992188,9670700
2021-11-18,84.0925743821144,84.37594723453677,82.85604306344779,83.87789916992188,6850200
2021-11-19,82.6241693190707,84.04960884864853,81.5336159339895,83.2166748046875,9923400
2021-11-22,84.40168745233743,86.32517506888819,83.99809709968197,85.28614807128906,10430400
2021-11-23,86.13626592076055,87.69910094722448,86.02463718721543,87.46725463867188,8559200
2021-11-24,87.45006126382025,87.78496050709465,85.96451297434972,86.83180236816406,7146400
2021-11-26,84.19560625694675,84.29006385805764,82.32363846886096,84.09255981445312,11738200
2021-11-29,85.04570870614683,85.52657894851423,82.4009092703947,83.49146270751953,13793400
2021-11-30,82.80449015189988,82.86459892533517,80.61480123850826,81.42198181152344,20586200
2021-12-01,83.27677047335595,84.67644981390512,81.7998046875,81.7998046875,11708200
2021-12-02,82.43525209337588,85.65537912827338,81.83416433407444,84.8911361694336,10685800
2021-12-03,85.90441636218557,86.61713949517019,83.16515911093522,84.33299255371094,9811800
2021-12-06,85.87007187555456,86.47974859970701,84.83963363359453,85.24321746826172,9624500
2021-12-07,86.18777771859897,88.54061542279088,86.16201119860635,88.01680755615234,10674400
2021-12-08,88.15421439411325,88.58356473138902,86.92627216744997,86.94344329833984,9089700
2021-12-09,86.53127460859147,87.4329130469983,86.08475308615753,86.36812591552734,7749600
2021-12-10,86.67726007360386,86.9520440650928,84.47898159032523,84.52191925048828,10429000
2021-12-13,84.28147864044217,84.32440974646889,83.12223395585328,83.43994903564453,10057100
2021-12-14,83.0792787473649,85.38918533817298,82.92471238531519,84.8567886352539,11105900
2021-12-15,85.1144277057916,85.72410450232105,83.40560835562384,85.38062286376953,7055000
2021-12-16,86.97780513700302,87.08943388292003,85.57812518636432,86.12769317626953,7889900
2021-12-17,85.41495685027786,85.45788795303714,83.13080991921937,83.40559387207031,20851400
2021-12-20,82.10038873764317,82.34082392726339,80.89820623817451,81.89430236816406,11931400
2021-12-21,82.58983112078333,84.59060526434057,82.49537352249583,83.95516204833984,8235100
2021-12-22,83.88646280645342,84.73657455691,83.68895878798088,84.41027069091797,4798400
2021-12-23,85.01996319895534,85.8443151338295,84.81387030171169,85.30332946777344,4482200
2021-12-27,85.62962246991661,86.3251678399014,85.10581459455149,86.21353912353516,4196000
2021-12-28,86.38526297646841,86.72874446283171,85.50939141003819,85.84428405761719,4269700
2021-12-29,85.91301818712311,86.30801977138009,84.74518456785587,84.77953338623047,6923100
2021-12-30,84.8911500715117,85.84430835404319,84.77093249996416,84.83963012695312,3564900
2021-12-31,84.7795364239557,85.19170915648488,83.70616037891679,84.29007720947266,5124800
2022-01-03,85.2947277525346,87.07223764041483,85.26896778408732,86.03321075439453,8481900
2022-01-04,87.58748671021115,89.88880525053415,87.57031557581088,89.52815246582031,8967000
2022-01-05,89.04725555079544,90.189328997452,87.21822550904656,87.31268310546875,10288800
2022-01-06,89.40790278183363,89.48518268594994,86.40245088515961,88.80680847167969,10059200
2022-01-07,88.88411727192134,89.75998916225286,88.3860692600824,89.34781646728516,6128400
2022-01-10,89.92313306678732,90.24943695511617,88.30018936328874,89.41649627685547,8904900
2022-01-11,89.44225914052278,91.09954503700297,88.94421121184321,90.95356750488281,7320200
2022-01-12,91.0651914897002,91.4258441307158,87.88799567942935,88.48908996582031,10855200
2022-01-13,88.81541531896005,89.60541840536119,87.70769060914327,88.05976104736328,6267700
2022-01-14,85.65538948685145,86.27365500053902,83.62885543703821,84.90831756591797,16724900
2022-01-18,82.37517505195827,82.81311433179991,79.80766127473056,80.72647094726562,21803100
2022-01-19,84.16123570022162,84.36732198060126,81.54219662124484,82.20339965820312,19716100
2022-01-20,82.9504918758513,87.55312846080565,82.9504918758513,85.7240982055664,22637600
2022-01-21,84.27287073051484,85.49222392873504,82.73579597302661,84.8911361694336,22568300
2022-01-24,82.452431502507,84.42744556947856,80.4430751755822,84.22135925292969,19527300
2022-01-25,82.93330502540678,85.72408195875227,81.58514535350682,85.04570770263672,16060700
2022-01-26,85.99888874162833,87.37280874828116,84.92551271277968,86.01605987548828,13344400
2022-01-27,86.99496316398464,87.78497276289848,85.57811229334436,86.85757446289062,17843100
2022-01-28,85.69025719565184,88.12866792079681,84.86880932397285,88.02490997314453,14044800
2022-01-31,87.30721728635694,88.8377063389869,86.71058271815194,88.6647720336914,8467000
2022-02-01,89.0279512732995,90.01369147352952,88.40537712641276,89.88398742675781,7885700
2022-02-02,89.75425904373311,90.1866013192867,88.45723221707233,89.85801696777344,9596300
2022-02-03,89.64185557496894,90.01367023624582,88.31024042986157,88.44859313964844,5986500
2022-02-04,88.32752743602819,90.80916785372729,88.25835108926499,90.02230834960938,7881800
2022-02-07,89.97044136453535,91.81221731239319,89.61591748794586,90.9475326538086,9129000
2022-02-08,91.63062785530887,92.79795074256441,91.06858154751326,91.9592056274414,9249000
2022-02-09,92.46073110835086,94.3198044497844,92.39155475215323,94.01716613769531,11054300
2022-02-10,93.55022883534664,94.88184390885817,92.65095606114326,93.01412200927734,8116200
2022-02-11,92.52123502657447,93.72314586971893,89.7715382450815,90.42005157470703,9755900
2022-02-14,89.9531431439017,90.35954598519568,87.85195917912111,88.69070434570312,11110300
2022-02-15,89.51215225336325,90.22984209765589,88.30159901843632,89.43433380126953,6714100
2022-02-16,88.63016768903569,89.09709814460078,87.04779335579062,87.46284484863281,10190700
2022-02-17,86.48575242838523,86.65004461654526,82.91460733763223,83.1394271850586,15620300
2022-02-18,82.36985549583441,83.04430841727914,80.51078231683945,82.5082015991211,16321800
2022-02-22,81.86834349274687,83.67553125719029,81.19389051660013,81.92887115478516,9143700
2022-02-23,82.75031730642662,82.7676146935365,80.48484777453302,80.89125061035156,8722200
2022-02-24,77.69190726746695,79.7066238981352,76.55052389935364,79.38668823242188,18518000
2022-02-25,79.6115148507118,81.8856330878338,79.23105149658483,81.75593566894531,9717400
2022-02-28,79.19645978163737,79.74121530471686,77.75243807500509,78.46147918701172,17955100
2022-03-01,77.82162887708944,77.82162887708944,74.786583503717,75.77232360839844,18341800
2022-03-02,76.14412333699066,77.19903959858476,75.24485056640256,76.42082214355469,18007500
2022-03-03,77.54491780071102,78.03778777541176,75.28809039102336,75.90201568603516,12197100
2022-03-04,74.53580349824323,75.14108662462118,73.29066226684573,74.67415618896484,11950700
2022-03-07,73.5241395153218,74.43206109567295,72.13199661052779,72.1579360961914,12680900
2022-03-08,72.3135716755332,74.14670542660505,70.87819865107792,72.03687286376953,11641200
2022-03-09,74.57039565213897,76.94827822545862,74.44934033980427,75.57343292236328,12994600
2022-03-10,74.1639962435583,75.91931154682361,73.50684068851419,74.2418212890625,11351600
2022-03-11,75.33131384527096,75.88471138157072,73.56735672443328,73.65382385253906,8568100
2022-03-14,74.23318731629215,74.97681675758558,73.03992469043637,73.25609588623047,8280700
2022-03-15,73.88730475057787,74.9681606222775,73.13503328596819,74.64823150634766,8672400
2022-03-16,76.1008928599868,79.85362082619356,76.09224416689317,79.34346008300781,17635900
2022-03-17,77.99455277298165,81.44464927553076,77.75244212656143,81.1593017578125,15156800
2022-03-18,80.83072092108677,82.05857149426457,79.91415074085229,81.98939514160156,16325400
2022-03-21,81.9029305617636,82.06722275522337,79.73257025745409,80.07844543457031,8568700
2022-03-22,80.55401752362901,81.7991588156093,80.30325820725986,81.4705810546875,7565100
2022-03-23,80.77019307309014,81.28035382949285,79.45586876364369,79.87956237792969,7465400
2022-03-24,80.02657132907399,80.50214395411004,79.42128808309079,79.66339874267578,6488300
2022-03-25,79.9660361170665,81.25441434655986,79.54233590576042,79.87956237792969,6592800
2022-03-28,79.79308724943468,79.8103846343388,77.9426628858589,78.91975402832031,8680800
2022-03-29,80.75288414526274,80.75288414526274,78.72952560142528,79.4126205444336,7431600
2022-03-30,79.42993631897097,79.49911267760207,77.61409978553883,78.05508422851562,7289800
2022-03-31,77.57950086579217,77.98590367020996,75.57343292236328,75.57343292236328,8422700
2022-04-01,76.21330653989598,76.5505330345576,74.2850634137047,75.21891784667969,8192300
2022-04-04,74.82980838019776,75.72043249010339,74.19858570006903,75.46967315673828,8098900
2022-04-05,74.83844845382357,75.08055906587072,73.44630583753313,73.74029541015625,11587400
2022-04-06,73.2560852514426,73.3339037040611,71.55265542035322,71.88123321533203,10493200
2022-04-07,71.66506205092008,72.29628475369194,70.3853324519328,71.88123321533203,11902900
2022-04-08,72.22710486708716,73.29931194299155,71.73423490020193,72.68538665771484,6937500
2022-04-11,72.27033825643818,74.20722985444928,71.78611040917058,72.65079498291016,8290400
2022-04-12,72.42598036723386,74.34558113997944,72.23574870910309,72.5729751586914,8057300
2022-04-13,71.70828427669393,72.84966752778861,71.57858028513382,72.74590301513672,8760300
2022-04-14,74.37152036577402,76.00577364571122,73.14366328487921,73.29066467285156,16348400
2022-04-18,72.97071453474302,75.38318475433151,72.9101868918294,74.77790832519531,7897500
2022-04-19,75.23621015665799,77.05204652774856,75.15838511090064,76.87911224365234,12637700
2022-04-20,77.48439822744156,79.1878281800564,77.48439822744156,78.34908294677734,11828400
2022-04-21,79.14458171160513,80.35514149133887,76.70617136253605,76.87911224365234,9563900
2022-04-22,76.19601484665587,76.27383329972355,73.17826062419185,73.27337646484375,11455400
2022-04-25,72.65943809115451,73.7662332049489,71.67369828061767,73.54141998291016,11577600
2022-04-26,72.88426822298366,73.68842519241848,71.14625027026581,71.22407531738281,10062000
2022-04-27,71.23272632849576,72.34817043195444,70.73985629180666,71.08573150634766,9522900
2022-04-28,72.12353508139104,73.12646347868336,71.17293783815724,72.73401641845703,6974600
2022-04-29,72.43749249645074,73.03052787390794,70.03918873747561,70.28337860107422,8097300
2022-05-02,70.28337858008153,71.63515245075185,69.79499885303022,71.4781723022461,8737100
2022-05-03,71.94038464437558,73.96368049529951,71.73108001253499,73.03924560546875,9430500
2022-05-04,73.31832618131236,76.33582757756876,73.2049542167189,76.06547546386719,10495000
2022-05-05,74.78347955889993,75.1410480776688,72.74274406849125,74.07707214355469,8556500
2022-05-06,73.37937707833696,73.75438486020266,71.7834132633963,73.45787048339844,7333600
2022-05-09,71.98399193536922,72.59446654305206,70.3967513017196,70.77175903320312,11161000
2022-05-10,71.52176798511469,72.08864101417103,68.65252428286136,69.99557495117188,9261000
2022-05-11,69.82988716039021,71.56538518469489,68.68742453961289,68.80079650878906,8060000
2022-05-12,68.06822786268455,69.3502247213333,66.93448153995146,68.5391616821289,10315600
2022-05-13,69.41998311681947,71.0769941265788,69.30661116568253,70.2397689819336,7948000
2022-05-16,70.10896529422577,70.57990578101511,68.76591427345807,69.68163299560547,5703600
2022-05-17,71.19909629385768,72.61191761199248,70.92874418471771,72.3241195678711,6507100
2022-05-18,71.4258429940922,71.70491805556763,70.0479069670748,70.37059020996094,5949400
2022-05-19,69.53336608517853,70.79792352126884,69.3327777627764,69.73394775390625,7852800
2022-05-20,70.30955189771103,70.82409390620953,67.64961217369714,69.21941375732422,8705000
2022-05-23,70.45780416026875,72.68168181891998,69.85604581968472,71.78340911865234,7787700
2022-05-24,71.33863808894918,71.70492288423767,69.81244478823905,71.4781723022461,6225700
2022-05-25,70.88513700722112,72.22818791184548,70.6409471434121,71.7136459350586,6747800
2022-05-26,72.69040335479042,74.609050302102,72.5944706747411,74.12938690185547,8573400
2022-05-27,74.62650410930426,75.42012795261479,74.05963088603616,75.39395904541016,6300000
2022-05-31,74.53056079904476,75.71663158376774,74.06834330937734,75.12359619140625,10780700
2022-06-01,75.38522805619218,75.68174241003581,73.00436364337459,74.12938690185547,6543900
2022-06-02,74.28637083767285,74.46079027193315,72.96948215188026,74.3038101196289,7468700
2022-06-03,73.40554000984554,74.12067036170396,72.97820772309086,73.3619384765625,5276900
2022-06-06,74.30380548232203,75.24568633736466,73.90263548562044,74.0160140991211,4022400
2022-06-07,73.38808484797049,74.47822274929604,73.1526113352269,74.41717529296875,4514300
2022-06-08,73.69333179889576,74.24275897793154,72.15841556940467,72.55958557128906,6787200
2022-06-09,72.12352351930984,72.28050364896998,70.77175646459513,70.78047943115234,6951700
2022-06-10,69.3676662402317,69.5159234203815,67.10889670671966,67.50135040283203,9671600
2022-06-13,65.42572097943288,66.50714269416198,64.6582662028255,65.56526184082031,10446400
2022-06-14,65.77455247894646,66.9518999681849,64.7716243756422,65.37338256835938,7400300
2022-06-15,66.10597758563017,67.32692694466677,64.82397410496678,66.29783630371094,9273300
2022-06-16,64.61466390772826,64.85013746935661,63.21928843508377,64.49256896972656,11068400
2022-06-17,64.37047949962937,65.07689359084515,63.36755765994794,63.57686233520508,17285900
2022-06-21,65.4693171928383,65.62629730636257,64.6757003132296,65.08558654785156,8063800
2022-06-22,64.2222191559119,65.32980325953693,63.74255570100731,64.88502502441406,6322600
2022-06-23,64.89374815993162,64.99839716587103,62.992546925820015,64.51001739501953,7958000
2022-06-24,65.9315587059432,68.50428891651109,65.4257329712135,67.86764526367188,10795400
2022-06-27,68.37345718625559,68.37345718625559,67.07401454386698,67.5362319946289,5937600
2022-06-28,70.1002257622178,70.83280189757396,68.06821375497566,68.16414642333984,10259100
2022-06-29,68.26878671355006,69.14961989563722,67.59726477416095,68.19029998779297,8534900
2022-06-30,66.77748840210538,67.00423895331147,64.99838251181085,66.33271026611328,10182400
2022-07-01,66.07109125507904,67.19611456296755,65.12921034796194,66.93447875976562,6017500
2022-07-05,65.46060134780733,66.39375916479881,64.18732102346117,66.3763198852539,8706900
2022-07-06,66.07109425687126,66.42865610690572,65.13793627511157,65.80073547363281,6895900
2022-07-07,66.53330133862265,67.33564128711991,66.39376048479315,67.1437759399414,6258300
2022-07-08,67.49262740274331,67.6059993662724,66.62923991759176,66.91703796386719,5890500
2022-07-11,66.15830593528797,66.59436120422413,65.65248022643993,66.12342071533203,4918900
2022-07-12,65.58269145306676,67.37924318336188,65.46059654418995,66.22805786132812,6558400
2022-07-13,65.61759018498107,65.8443407711956,64.54489802827648,65.3908462524414,7780100
2022-07-14,64.5448964499078,65.46933140034399,62.835560761518835,65.13793182373047,13296200
2022-07-15,66.22806849757444,68.69613596939077,65.98387864060388,68.06822204589844,11663900
2022-07-18,69.33277781744366,70.11767851969677,68.39089697473993,68.77462768554688,11596800
2022-07-19,69.64673862840638,71.50433142648102,69.62057638041124,71.20781707763672,9952000
2022-07-20,71.05082912856243,71.74851339524096,70.58861172164039,71.34734344482422,7653400
2022-07-21,71.07699076707215,72.47236594219405,70.83280094313503,72.40259552001953,9053400
2022-07-22,72.47238928537801,72.84739710826305,71.21655455010377,71.88807678222656,6564000
2022-07-25,72.2892282611786,72.54214106770378,71.61770620181277,71.99271392822266,6208200
2022-07-26,71.33864293320836,72.01016510350371,70.31826857179497,70.45780944824219,7121600
2022-07-27,70.98107380034666,72.26307731325736,70.60606601530255,71.95783996582031,7751300
2022-07-28,71.979826460718,73.13312140283932,71.22269958850886,73.02747344970703,6324800
2022-07-29,73.04509693082596,74.50652358299511,73.04509693082596,74.21600341796875,8597700
2022-08-01,73.65256350524811,74.4272951661931,73.08031539901252,74.03112030029297,5439200
2022-08-02,73.36205081006487,74.47132452901074,73.03630786396909,73.53812408447266,7684700
2022-08-03,74.55055408644456,75.35169612955828,74.0575435983746,74.87629699707031,7043600
2022-08-04,75.00833648456877,75.4045113201087,74.65619003088405,75.14920043945312,5722600
2022-08-05,74.82346279196638,76.33771682860849,74.57695757051553,75.82709503173828,6219300
2022-08-08,76.38173954161347,76.78671337050298,75.66862746493177,75.73905944824219,5719700
2022-08-09,76.10883301080317,76.45218060442818,75.59821781821022,76.02960205078125,4920100
2022-08-10,77.05963345852051,78.93484650345903,77.03322314241107,78.25695037841797,7271700
2022-08-11,79.21658512861076,79.97370565144236,79.05811648039823,79.41026306152344,8808100
2022-08-12,79.78002185526145,80.77484863568186,79.28700458774156,80.69561767578125,6259000
2022-08-15,79.80643426549332,81.25025667346165,79.63915994563528,81.0125503540039,7348900
2022-08-16,80.53714565488427,81.23263977400245,80.41388630561016,80.83647155761719,5953800
2022-08-17,79.57752756468008,80.84527659386455,79.54231156756222,80.42269134521484,5499000
2022-08-18,80.26420788483848,80.99492457728722,80.10573928547325,80.7572250366211,4664800
2022-08-19,79.80642344389692,80.04412301435791,78.93484939652099,79.24298095703125,6264100
2022-08-22,77.85196950804853,78.23053301060952,77.2180951115033,77.87837982177734,6452800
2022-08-23,77.878383191511,78.57388392243836,77.43819336561499,77.7375259399414,7487700
2022-08-24,77.46459301007476,78.38899420382961,77.30612442591001,78.00162506103516,5262400
2022-08-25,78.41541534366152,79.32220531063984,78.1777157929712,79.15493774414062,4943300
2022-08-26,79.53349757747479,79.66555587367492,76.3465274141547,76.4257583618164,7911500
2022-08-29,75.8359044952436,76.09121540642649,74.8850928363757,75.1404037475586,7505300
2022-08-30,75.83589253330186,75.91513018409093,74.1367597637451,74.3304443359375,8849400
2022-08-31,74.48892307383095,75.65982962585579,74.00471157735038,75.02595520019531,9223100
2022-09-01,74.5417578439723,75.89754357454102,73.41487274759442,75.8623275756836,7830800
2022-09-02,76.90996774595673,78.38020016825564,75.46614563881376,76.06480407714844,9974400
2022-09-06,76.37293374292301,76.45216468644838,73.21237406049008,74.94671630859375,10689300
2022-09-07,74.27763643354011,76.82193318557684,74.27763643354011,76.46977996826172,7592700
2022-09-08,76.17925044412283,77.90479376126915,75.71265030182865,77.86077880859375,8446700
2022-09-09,78.5474769296439,79.07570339970714,78.17771907227606,78.7587661743164,5976200
2022-09-12,79.23418313982543,80.14977895100854,79.10212482457273,79.36624145507812,8030800
2022-09-13,77.48221042337161,78.0720631429425,76.41695191411631,76.63704681396484,7890700
2022-09-14,77.0684402220296,77.57025638547155,75.82710161328342,76.75150299072266,8341100
2022-09-15,76.89236183374197,78.75876926577428,76.8131308826663,77.70231628417969,8883100
2022-09-16,76.9451701948638,77.20928001669931,75.34287976204975,76.9715805053711,20988900
2022-09-19,75.8182987721957,78.37139441396197,75.78308277976782,78.10728454589844,6011500
2022-09-20,77.56144933710623,77.86958088521949,76.03839623496178,76.76030731201172,8092300
2022-09-21,77.38538778419807,78.48586256293592,76.02079637185714,76.02960205078125,9707800
2022-09-22,76.51381799706502,76.81314392987905,74.18960895259924,74.62979888916016,8376300
2022-09-23,73.31802725619505,73.6789861912851,70.62406726948285,71.75975799560547,9990500
2022-09-26,71.2403148968823,71.89180063033925,69.55879337066679,70.21907806396484,8496000
2022-09-27,71.04662977759577,71.1786880586144,68.97773909751461,69.97257232666016,6855400
2022-09-28,70.21907717598974,72.09428326320803,70.15745087406509,71.72452545166016,6693500
2022-09-29,71.1346726002751,71.33715614185952,69.57639698558305,70.30711364746094,5892700
2022-09-30,70.22789116087446,71.45162521821675,69.4267490644509,69.55880737304688,8090900
2022-10-03,70.47438768183649,71.29314095544733,68.9513280613567,70.76490783691406,8169200
2022-10-04,72.36720042109401,74.60336541072861,72.01505395456402,73.92547607421875,7875000
2022-10-05,72.21753109481445,73.59092099938692,71.64528306232168,73.16834259033203,5956500
2022-10-06,72.58731163122187,73.23879751756866,71.42521056696748,71.58367919921875,6434800
2022-10-07,71.04663417895797,71.12587183918322,69.00415368519556,69.48836517333984,7180900
2022-10-10,69.93734548163728,70.18385065233596,68.51112835818645,69.03055572509766,5418000
2022-10-11,68.59919342145855,69.03058436592775,67.38427169747385,67.78924560546875,6271100
2022-10-12,67.78043558043065,68.49354775068167,67.19938843378797,67.43708801269531,6411600
2022-10-13,66.01087372110793,70.13105103944007,65.7379514431538,69.83171844482422,11811500
2022-10-14,67.99172802017542,69.6028177861919,65.87881537091144,66.29259490966797,13658500
2022-10-17,67.62196392603887,68.88090719025465,67.19938542318788,67.91249084472656,11412400
2022-10-18,70.25430755130903,70.94980165112061,69.00416318707255,69.93737030029297,9767800
2022-10-19,69.68204378357967,70.06940622406078,68.11496923547459,68.35266876220703,7429600
2022-10-20,68.34387808731756,69.14502688987632,67.03211413066812,67.43708801269531,7638100
2022-10-21,67.44589124265467,70.01659842660456,67.10254368738293,69.74368286132812,8149000
2022-10-24,70.01659497438065,71.39879080525779,69.17143128640137,69.92855834960938,8143300
2022-10-25,69.20664886699085,71.02022890257837,69.20664886699085,70.8793716430664,8173600
2022-10-26,70.95859174393158,72.23514614590705,70.94098710797053,71.23151397705078,7733400
2022-10-27,72.19112932811406,72.61371450394726,70.9585965084277,71.03783416748047,6466400
2022-10-28,71.35338404209605,73.15789174042527,70.67781182104211,73.08677673339844,7816100
2022-10-31,72.68676722123205,74.10014930507113,72.6156589889485,73.0423355102539,9087400
2022-11-01,74.00235857825706,74.64238006187576,73.77123820208361,74.42015075683594,8195600
2022-11-02,74.18016134137102,77.08692531247785,74.15349490195022,74.99797058105469,10907500
2022-11-03,73.83347758082981,75.22907763713778,73.38013458668567,74.3312759399414,6447200
2022-11-04,75.6913147622922,76.2246638233347,74.66905843918501,75.42463684082031,6929700
2022-11-07,76.02021053736901,76.56245067589934,75.6557579420707,76.06465911865234,4599600
2022-11-08,76.10022151497789,76.65135276154258,75.12241370105491,75.80687713623047,4850300
2022-11-09,75.45128950167394,75.86019059988473,73.94902404522344,74.18013763427734,5200800
2022-11-10,77.0602436173394,79.09586506692631,76.90912252070218,78.93585968017578,10013900
2022-11-11,79.11365839809942,81.50484867045299,79.11365839809942,80.69593048095703,9119100
2022-11-14,80.24258043894727,81.21150404896458,79.81590383310115,79.83367919921875,4873400
2022-11-15,80.9536964333988,81.65594189855764,79.43364869814381,80.44701385498047,7336100
2022-11-16,80.42035747517237,80.42035747517237,79.16698069813978,79.84255981445312,4368600
2022-11-17,78.8380849714855,79.22031971795097,77.78916218689895,79.06919860839844,4967300
2022-11-18,80.24256893797728,80.33146610153099,78.74918746775381,79.29142761230469,5450700
2022-11-21,79.16697890207607,79.71811011365729,78.73141128915778,79.18476104736328,4667100
2022-11-22,79.63812111241344,80.17147707505629,79.38034098754626,79.70923614501953,3804100
2022-11-23,79.75365869216525,80.40256450256167,79.70921011582551,79.9403305053711,4961400
2022-11-25,79.6914399272942,80.962591979456,79.53143453674583,80.81147766113281,2450100
2022-11-28,80.18033972644933,80.98036667257773,79.7358810654781,79.90477752685547,6147700
2022-11-29,79.68255744561978,81.30927796125428,79.64699993478659,80.96260070800781,5307100
2022-11-30,81.14038148964383,82.89154990244589,79.22920766902477,82.7315444946289,10520600
2022-12-01,82.72264439292172,83.10487911532763,81.81595170218498,82.6693115234375,7310400
2022-12-02,81.6559549305351,82.36709158092248,81.34483518920378,81.86929321289062,5197800
2022-12-05,81.3181765913773,81.53151489430036,79.19365750854719,79.83367919921875,8272500
2022-12-06,79.6647857064418,79.78923360907034,76.81136145576981,77.78916931152344,10424700
2022-12-07,77.17580797951913,78.25139721387642,77.07802652349561,77.58470916748047,7066700
2022-12-08,77.94026540154606,78.9269640998303,77.33580139522688,78.83807373046875,6141400
2022-12-09,78.82919517616743,79.7892275942758,78.55363295282027,79.53144073486328,6488300
2022-12-12,79.12252257645774,81.1848102275709,78.47361003063546,80.99813842773438,7496200
2022-12-13,83.25601282929387,84.58938902362412,81.84263053671475,82.41153717041016,10330500
2022-12-14,82.23373948704537,82.38485379701736,79.88699840996041,80.44701385498047,7704600
2022-12-15,79.24699131302431,79.28254882453359,77.26470243326885,78.0380630493164,8795200
2022-12-16,76.91801278043759,77.22024818861948,76.29577338403485,77.21135711669922,17262000
2022-12-19,77.1047128794401,77.37139087965254,75.52244059233452,76.04690551757812,5129600
2022-12-20,76.37577522851015,76.84690032745823,75.68242079746196,75.70020294189453,5206800
2022-12-21,76.8113594106673,78.06472947716996,76.75801975245948,77.22026062011719,5422400
2022-12-22,76.96247446301128,76.96247446301128,75.35352926651787,76.77580261230469,5635200
2022-12-23,76.74022534939357,76.96245465473858,75.86908348840507,76.54466247558594,3316100
2022-12-27,76.76689272214435,76.76689272214435,75.5046318799646,75.61129760742188,7064700
2022-12-28,75.52241581995035,75.74464515326538,74.72238886363606,75.07795715332031,3714900
2022-12-29,75.52241313955078,76.08242859814452,75.16684486248617,75.77130889892578,3461700
2022-12-30,75.29129896950217,75.73575765711884,74.82906491841744,75.57575225830078,4455600
2023-01-03,76.12689065188775,76.98025059876318,75.54020865549302,76.19800567626953,5108900
2023-01-04,76.04690360256963,77.6469512178422,75.7180016481771,77.02471160888672,7726800
2023-01-05,76.35801809025726,76.5980228421706,75.406876593137,76.37579345703125,5339900
2023-01-06,76.8380273210713,78.18917887462479,76.18911459200746,77.83361053466797,5710900
2023-01-09,78.446956621094,79.03364533102327,77.70026929780354,77.90471649169922,5039700
2023-01-10,77.8247288842445,79.05143257772997,77.19359149890322,79.04254150390625,4536600
2023-01-11,79.44254725532612,79.83366628375958,78.9803064282212,79.49588012695312,6122600
2023-01-12,80.02033647303848,81.61149933561316,79.42476347909688,80.47368621826172,7895600
2023-01-13,79.14033001612194,81.76264091159878,78.46475076531975,81.47818756103516,8414600
2023-01-17,85.24718160828866,88.09171462864694,84.44715457696863,86.29610443115234,27914300
2023-01-18,86.04720169491803,87.06945121598268,85.63829374821081,85.85163879394531,14134800
2023-01-19,84.10047528455664,84.4293771621953,82.61598486254438,83.69157409667969,13457100
2023-01-20,83.67379171817576,85.5849654685141,83.4515623700411,85.54940795898438,10785000
2023-01-23,85.22050706943139,86.42054411137943,84.88271414281864,86.34053802490234,8735300
2023-01-24,85.58496080746491,86.05608591474815,82.59819798864534,84.90049743652344,4801600
2023-01-25,84.34048075031461,85.27384673617168,83.94936170471014,85.01605987548828,5891000
2023-01-26,85.5316370391755,85.81609034829125,84.72271891462331,85.78053283691406,6085100
2023-01-27,85.7005376366602,86.60723048364673,85.078291330542,86.10054779052734,7990800
2023-01-30,85.15517159116166,86.57099110885194,85.05660144520834,85.98853302001953,5870100
2023-01-31,86.28423973009993,87.25201557404681,85.80931459462683,87.21617126464844,7182100
2023-02-01,86.87565567066848,88.76640030460244,86.85773693387333,87.98680877685547,9815200
2023-02-02,88.60510742909747,89.85066819636299,87.78070877559574,88.90081787109375,11118900
2023-02-03,88.0316228782214,89.7700345946134,87.87928966340054,89.09796905517578,6948600
2023-02-06,88.21978065150017,88.89184604042455,87.87926998228878,88.6230239868164,4737700
2023-02-07,88.50652383579859,89.44741806771702,87.86134683755425,88.9097671508789,5060700
2023-02-08,88.1033006501043,89.55496449753234,87.87031604423485,88.67679595947266,4705200
2023-02-09,88.9097790967682,89.42951134873711,87.57461099263031,87.86135864257812,4983800
2023-02-10,87.44914349653848,88.35419345101559,87.4222619753386,88.21082305908203,5224900
2023-02-13,88.22876319697977,89.39367953331335,87.95994108316724,89.09796905517578,4910300
2023-02-14,88.75742525334239,90.4958294856878,88.68573664838337,90.11051177978516,7679500
2023-02-15,89.16965820333536,90.46898218579923,89.1606954151751,90.35249328613281,6464200
2023-02-16,89.41157378037201,89.82377304458733,88.5423681602779,89.22339630126953,6051800
2023-02-17,88.62304101126706,89.62665447609551,88.08538996416553,89.1696548461914,8133000
2023-02-21,88.22876143816146,88.71264943730286,87.08177070090954,87.4760513305664,6556000
2023-02-22,87.25202111887906,87.879279481705,86.57995565730695,87.16240692138672,5072400
2023-02-23,87.70900935698394,88.19289724707187,86.65162622751832,87.76277923583984,5916100
2023-02-24,87.05487797572123,87.79863203632043,86.57099003882306,87.54772186279297,5414200
2023-02-27,88.18394942782572,88.2466752617718,86.54410812188856,86.6516342163086,5645000
2023-02-28,87.02799629567762,87.18032948759328,86.25736071273546,86.47241973876953,6745300
2023-03-01,85.98853041134515,86.70540293532976,85.36127208031093,86.19463348388672,5429600
2023-03-02,85.53150722399002,86.35591251579412,84.6623085177059,86.0960464477539,4632400
2023-03-03,86.51723971916486,88.21084432915781,86.42762551142008,88.11227416992188,6504000
2023-03-06,88.2108515003429,88.89187304565914,87.90617820977111,88.1570816040039,5215200
2023-03-07,87.81654395249348,88.04952853437129,85.99748806447683,86.07813262939453,5461400
2023-03-08,85.70179168612543,86.47242733678048,85.45088832760588,85.93477630615234,4121300
2023-03-09,85.45088662417649,85.97957485671725,82.23392961887707,82.61924743652344,9162400
2023-03-10,82.23391398222135,83.34506696023598,79.95785865860981,80.6926498413086,16206500
2023-03-13,79.33956089591457,80.80914334564162,77.64595664791692,78.84671020507812,15175400
2023-03-14,82.80744244908512,82.80744244908512,79.85931399249384,80.62098693847656,11089300
2023-03-15,77.89686669642619,77.97751126919994,74.98458306736111,76.51689147949219,14814000
2023-03-16,75.76417787488097,79.10657940738973,74.62614326663044,77.96855163574219,15342400
2023-03-17,77.50258417224786,77.51154695897755,75.00249992971042,75.43262481689453,19935800
2023-03-20,75.80897427153437,77.34128253320401,75.6028780480586,76.74090576171875,8649800
2023-03-21,79.06177987565448,79.913060015593,78.85567680317719,79.53670501708984,8905600
2023-03-22,79.52774801108532,80.71954576290953,78.37179457171486,78.45244598388672,7299300
2023-03-23,78.81085691880125,79.57253641543274,76.38246172258373,76.92011260986328,9373000
2023-03-24,75.72833787826183,75.72833787826183,73.22825354894034,75.22652435302734,10978700
2023-03-27,77.1172680231968,77.35025262690466,75.5939224036835,75.8448257446289,6626900
2023-03-28,75.77312027063519,76.3197339289587,75.20858787905924,76.05986785888672,5209900
2023-03-29,77.00077198443991,77.37712696088569,76.48103977700374,77.27855682373047,4873500
2023-03-30,78.19257290057688,78.50620206093465,76.57961316644692,77.16207122802734,4113700
2023-03-31,77.78037305049287,78.73918609774259,77.21583372922615,78.67646026611328,6142400
2023-04-03,78.81088460171931,79.14243940302711,77.66389381620657,78.10298156738281,7728400
2023-04-04,77.9595813889186,78.13879608275793,75.50430453298752,76.00611114501953,6222800
2023-04-05,75.11899391445262,75.74625223899747,74.55445458575925,75.11003112792969,6045400
2023-04-06,75.18172322709857,75.62976686154302,74.56342082385218,75.44158935546875,3877800
2023-04-10,75.22652468830901,75.5939237559824,74.76056230916099,75.27133178710938,6185800
2023-04-11,75.53119642340779,76.84844579744504,75.38781917936956,76.24806213378906,5582100
2023-04-12,76.62442158039434,77.0814211490907,75.97923767564293,76.58857727050781,4641800
2023-04-13,76.51688430522056,76.86635776101325,75.66560421272096,76.78571319580078,5086000
2023-04-14,77.44882656620044,78.31803235176075,77.06350874899132,77.6997299194336,7865900
2023-04-17,77.65492031393399,80.0295459332251,77.30544001499767,80.01162719726562,8876900
2023-04-18,79.86825147140014,81.13173773339066,79.51877800246723,80.51343536376953,10227600
2023-04-19,78.08504726141524,81.27511588157108,77.51155193277158,81.05109405517578,13886200
2023-04-20,80.51344034677977,82.27873337359989,80.39695146212689,81.03317260742188,6776000
2023-04-21,81.07797869669554,81.84860745445849,79.9040997313591,81.65147399902344,6531000
2023-04-24,81.7500478100771,81.97406963623618,80.24462086482394,80.82707214355469,5004400
2023-04-25,80.32525854752515,80.49551730850837,78.75710589898328,78.90943908691406,5806700
2023-04-26,78.9901033237722,80.45968606905691,78.7750442684292,79.24996948242188,6429100
2023-04-27,80.11917125495128,81.50810251098859,79.6532020160275,80.88084411621094,6375800
2023-04-28,80.84920899811597,81.64459973167897,80.58709911998855,81.3192138671875,6374500
2023-05-01,81.51803987051542,81.81630442046317,79.38495839095715,79.475341796875,7745400
2023-05-02,79.14995080285287,79.14995080285287,77.12533368130762,77.99302673339844,6319100
2023-05-03,78.09246283519126,78.79746312000596,76.43841946185677,76.60111236572266,6546500
2023-05-04,76.07687830501187,76.32995462105698,73.7630298202424,74.66687774658203,10359200
2023-05-05,75.73340663768417,76.8451355501858,75.57975416942156,76.71859741210938,8288000
2023-05-08,77.26091739219332,77.34226038885107,76.21245057430329,76.31187438964844,5825300
2023-05-09,75.92322606635864,76.7457309920675,75.65206892922524,76.25765228271484,4381400
2023-05-10,76.89033634613558,77.02591490283757,74.83860476019326,75.6701431274414,4884900
2023-05-11,74.820530350542,74.85668509514694,73.77207034024835,74.68495178222656,6717800
2023-05-12,75.01939601567624,75.26343198060518,73.8172763281405,74.46804809570312,5208900
2023-05-15,74.72109821125395,75.36282934099663,74.3414837788673,74.97417449951172,5032100
2023-05-16,74.76629283176517,75.0826381898484,73.94378800493715,73.98898315429688,6862900
2023-05-17,74.60362169925071,75.85092957298532,74.56746694838417,75.8418960571289,8216700
2023-05-18,75.65206348566252,76.42033968698819,75.03744666208917,76.36610412597656,5367700
2023-05-19,75.73341012513573,76.30283177270097,74.3234097240342,74.33244323730469,11183600
2023-05-22,74.34149181052578,75.16399673203645,74.03418682610142,74.35956573486328,5520000
2023-05-23,74.1155304894205,75.53457146808056,74.01610666514773,74.6939926147461,5521200
2023-05-24,74.12457078362283,74.32341843185729,72.97668004911027,73.41053009033203,6827800
2023-05-25,73.40148256487333,75.1368687699124,73.19360142246138,75.01937103271484,6962700
2023-05-26,74.99226114546349,76.50168547902301,74.86572299150114,75.83283996582031,7411600
2023-05-30,76.06784689477757,76.43842096900448,75.11880378754537,75.39899444580078,5876800
2023-05-31,75.07361121577365,75.27245887524307,73.32918433380945,73.89861297607422,9559200
2023-06-01,74.6397668849427,74.87476239173988,73.63649508836073,74.17880249023438,6857500
2023-06-02,74.96514113535886,76.537834426812,74.96514113535886,76.23956298828125,6218500
2023-06-05,76.28476005513895,76.58303150116546,75.21821931440539,75.68821716308594,6631900
2023-06-06,75.56167965385727,77.93880393699557,75.26340820531102,77.60437774658203,6903900
2023-06-07,77.7761324379227,78.64382579395105,77.53208958715028,78.182861328125,7410800
2023-06-08,78.09245065619514,78.55341496122705,76.98975524594425,78.01110076904297,6795900
2023-06-09,78.39976122253306,78.59860885449727,77.42361077732717,77.92072296142578,6282600
2023-06-12,77.91168670578169,79.21322989652879,77.73996029286698,79.03246307373047,7053500
2023-06-13,79.39399175147241,80.42438464354811,79.16802978920731,79.79168701171875,6089200
2023-06-14,80.08093496031503,80.88535916420454,79.21324166946162,79.52055358886719,5772500
2023-06-15,79.20419393024423,80.74073959348388,78.99631276194462,80.48766326904297,8603200
2023-06-16,81.00285002831984,81.02996436157073,79.48438530396035,79.61995697021484,13153100
2023-06-20,78.72515878489622,78.82458261575812,77.95688937026489,78.39073944091797,7382000
2023-06-21,78.23707090510466,78.88784248718311,78.00207541943021,78.03822326660156,6343100
2023-06-22,77.29705902956806,77.39648283692766,76.24859919170049,76.37513732910156,6214600
2023-06-23,75.25439376549544,75.85092991797259,74.6578507172046,75.54362487792969,10026600
2023-06-26,75.52552848853412,76.14014533775976,75.24533784555892,75.55264282226562,6377400
2023-06-27,75.84187654095378,76.70956965102906,75.36283138710355,76.31187438964844,6639900
2023-06-28,76.41131136203028,76.42938528801791,75.59784677632544,75.91419219970703,4781600
2023-06-29,77.13438213573114,77.78515377481135,76.4926509071417,77.04399871826172,9066500
2023-06-30,77.74898750494711,78.17379708948343,77.18860626220703,77.18860626220703,6191700
2023-07-03,78.0382178677466,79.23130361622488,77.58629395543633,78.10149383544922,5839300
2023-07-05,77.68573707984838,77.98400859111581,77.1434296294252,77.65862274169922,6734300
2023-07-06,76.6914878954638,76.75475696847309,75.03744469217709,75.31764221191406,8546800
2023-07-07,75.02840411541855,75.95936620026043,74.92898031064796,75.3447494506836,8217700
2023-07-10,75.39900196622276,76.2757356697996,75.18208036709252,75.38092803955078,6141200
2023-07-11,75.83284741365092,77.2157337290666,75.57977108087066,76.79092407226562,11053100
2023-07-12,78.34553806010572,79.2765003153106,77.36938065053052,77.52303314208984,8602300
2023-07-13,77.93880378022902,78.30937781595257,77.49591336510441,77.92072296142578,6026500
2023-07-14,79.00535050703682,79.0143840213102,77.33322632759617,77.53207397460938,7732700
2023-07-17,77.44169607367662,78.54439172501522,77.44169607367662,78.06535339355469,7911800
2023-07-18,79.12285965465873,83.66017386190302,78.72516430333368,83.09979248046875,21630800
2023-07-19,82.63880906008572,84.83515960766418,82.54842565440258,84.20246887207031,12004300
2023-07-20,84.15728750001632,85.08824983301749,83.9313255009068,84.78094482421875,9541800
2023-07-21,85.20575205717049,85.32325671618818,84.11209675164052,84.97075653076172,6298600
2023-07-24,84.97074757017756,86.22709566694034,84.69055001698715,85.5672836303711,7259800
2023-07-25,85.59440783336241,86.3807581217134,85.33229796639213,85.3413314819336,7760100
2023-07-26,85.32323865993656,86.0011245493495,84.31996699194048,84.54592895507812,7201100
2023-07-27,84.64535071823879,85.60342721205338,83.65111948370135,83.8318862915039,8427800
2023-07-28,84.34272521742747,84.47043374185583,83.09299813170122,83.5308609008789,5798400
2023-07-31,83.83190570251011,84.10556389120624,83.04740636764568,83.5217514038086,5242900
2023-08-01,83.19335341810341,83.40316428653564,82.67339522022503,82.95618438720703,4468500
2023-08-02,81.66083996196095,82.22641130873482,80.99493215906897,81.47840118408203,6407400
2023-08-03,81.04052102835325,81.66082248380684,80.73949780524144,81.3141860961914,5137700
2023-08-04,81.5057605623819,82.14431015915615,80.74862646430046,80.99492645263672,6191700
2023-08-07,81.59697283104967,81.8341487725792,81.16824107465884,81.25946044921875,4663300
2023-08-08,80.13745447194404,80.7486320324759,78.6870473990765,80.7030258178711,6921200
2023-08-09,80.70302965998367,81.1956227344825,79.79082180933996,79.87291717529297,5200500
2023-08-10,80.19219999425724,81.1226489919463,79.65399371316332,79.9458999633789,4250100
2023-08-11,79.41681314348985,80.45672953506187,79.38032399436179,80.00062561035156,3922300
2023-08-14,79.32559703137898,79.72697072879484,78.92422333396311,79.66311645507812,3637500
2023-08-15,78.82386948741667,78.87859972150682,78.1944439570107,78.59581756591797,9308700
2023-08-16,78.21268294790747,79.17050377631422,78.07585040676476,78.44073486328125,5746300
2023-08-17,78.9971868040503,79.27085190265396,77.72009460988748,78.25830078125,7611200
2023-08-18,77.50117115992879,78.72353318844405,77.27311921785287,77.43731689453125,6650000
2023-08-21,77.55588954886717,77.82043059640606,76.31529357635557,76.8534927368164,5385300
2023-08-22,77.27311515361535,77.32784538976524,75.56728421115348,75.69499969482422,6002300
2023-08-23,75.71324738835732,76.37003811779124,75.6037799469206,76.06900787353516,5878600
2023-08-24,75.86831640576638,77.30960631173281,75.80446214206371,76.11461639404297,5023000
2023-08-25,76.34267157175596,76.76228631670463,75.47607000231567,75.91393280029297,5461400
2023-08-28,76.44301643998377,77.4190785078062,76.4156443599197,76.97209167480469,6439700
2023-08-29,76.9994590334882,78.07585749050449,76.91735671751665,78.03937530517578,6212300
2023-08-30,78.10322902159865,78.4498654565346,77.56502283726908,77.77483367919922,5051800
2023-08-31,78.1488445296185,78.1488445296185,77.31873900839554,77.67449951171875,5581200
2023-09-01,78.44986896125637,78.86035967779783,77.80220227358787,78.22181701660156,4981800
2023-09-05,78.30392391647811,78.69617359747775,77.36435087956121,77.39171600341797,4919400
2023-09-06,76.88086091735632,77.30959963357876,76.03250751025017,76.77140045166016,5384000
2023-09-07,76.6163247379254,77.41907198863828,76.42476195116689,76.4794921875,5504200
2023-09-08,76.76228659957165,77.49204865276556,76.31530673302599,77.46468353271484,6127600
2023-09-11,77.88429853796733,78.14883963199168,76.03251783938998,76.17847442626953,7780900
2023-09-12,76.02339006592223,78.93333499717743,75.92305361687912,78.03937530517578,8942600
2023-09-13,78.5866989064061,80.09184308298983,78.5866989064061,79.59012603759766,10617400
2023-09-14,80.34725206202916,81.2868248347737,80.20129549637186,81.25033569335938,8109600
2023-09-15,80.4475981075246,80.94019109343478,80.21954618587685,80.64828491210938,17629500
2023-09-18,80.79424276156752,81.23210555800068,79.8637938885875,80.92195129394531,5501900
2023-09-19,80.98581791716207,81.61524360820133,80.21956660597871,80.7395248413086,5769000
2023-09-20,81.0314020389364,81.32330818988926,79.41679070429747,79.4897689819336,5268200
2023-09-21,78.76001463269631,78.9150952411375,77.38258592644215,77.42819213867188,6933900
2023-09-22,77.74746063178615,77.74746063178615,75.72235854671047,75.97777557373047,7420600
2023-09-25,75.37573131679311,75.96866780473579,75.074708018872,75.74061584472656,4748800
2023-09-26,74.87401273752059,75.5034313436474,74.54561739537064,74.95610809326172,5557000
2023-09-27,75.17504560034808,75.35748437035082,73.97092466379529,74.48176574707031,5708200
2023-09-28,74.32669093412946,75.30275295352364,74.2993188554235,74.97435760498047,5665400
2023-09-29,75.72237742663275,75.79534876712388,73.91620277729749,74.50001525878906,6830500
2023-10-02,73.98005805112882,74.31757747389366,72.88541137341694,73.35063934326172,6722200
2023-10-03,72.59349717994093,72.8306661930664,70.99713355664528,71.17044830322266,7526800
2023-10-04,71.24343861146127,72.32896828544594,70.79645867024169,72.14652252197266,6848700
2023-10-05,71.59006305345481,72.55700098426888,71.17044138879983,72.20124053955078,5589300
2023-10-06,71.80900887057669,73.69727899434075,71.51710261336274,73.27766418457031,6306400
2023-10-09,72.61172688975223,73.04958962000288,72.00054944009553,72.89451599121094,5125000
2023-10-10,73.20467465387084,73.9891739047483,72.99486380136464,73.09520721435547,6245400
2023-10-11,72.89452977810018,73.16818794662211,71.79987622523251,71.97319793701172,8928700
2023-10-12,71.94581903699161,71.94581903699161,70.50452929619593,70.97887420654297,11654600
2023-10-13,71.33464150288027,72.27422130821327,70.55014230050446,70.96063995361328,6442800
2023-10-16,71.8728301988509,72.22859056925513,71.03360096403021,71.81809997558594,7901500
2023-10-17,71.14309402402296,73.5513223859367,71.13397695569331,73.27766418457031,12324800
2023-10-18,69.72003900102658,70.30385140752608,66.95605061659457,68.30611419677734,34732300
2023-10-19,68.29698995859339,69.74739679630481,66.49081573092317,66.51818084716797,17486100
2023-10-20,66.70063787661327,67.50337824761783,65.99823396234012,66.70975494384766,11270600
2023-10-23,66.34488394257478,66.47259249241044,64.98568915424751,65.40530395507812,12847100
2023-10-24,65.45090959956126,65.77018093739657,64.83973204433462,65.277587890625,9265500
2023-10-25,64.9948050128754,65.58774146806938,64.88533757266336,65.13163757324219,8461700
2023-10-26,65.19548984522503,66.30838442808495,65.13163558028681,65.74281311035156,10903200
2023-10-27,65.596864710716,65.68808409667268,64.02786621772637,64.21942901611328,11099100
2023-10-30,64.68110424244553,65.45672006439248,64.0993853313366,65.1797103881836,9769600
2023-10-31,65.34591921303694,65.57675827730387,64.88424108450309,65.39208984375,8949000
2023-11-01,65.71525495696594,66.3985435744167,65.28127644293996,65.51211547851562,9429000
2023-11-02,66.18616959971743,67.89437708082923,66.1584700421578,67.82974243164062,11638000
2023-11-03,68.87313566412998,70.80295378780077,68.82697208086053,70.41514587402344,14951100
2023-11-06,70.8029566320411,70.87682682181817,69.58412667931563,70.10120391845703,8140300
2023-11-07,70.04580664479836,70.33204483191821,69.1870850387896,69.7226333618164,7657700
2023-11-08,69.66722780837931,70.35051652086365,69.3071194263683,70.14737701416016,8075200
2023-11-09,69.87960600077747,70.23971439902377,68.29143201638372,68.5038070678711,9497200
2023-11-10,68.93776489099959,69.61181085092582,68.37451714659687,69.55641174316406,8924000
2023-11-13,69.02088396762672,69.73186522457051,68.8362155240347,69.28865814208984,4868400
2023-11-14,70.80296842129316,72.90821986793729,70.79373288487098,72.30803680419922,12287700
2023-11-15,72.54809500847048,73.90542972447358,72.4834603574536,73.5730209350586,9841600
2023-11-16,73.85003916064872,74.12704182080957,72.98208199391601,73.5545654296875,6757600
2023-11-17,74.17320004357224,74.27476978203285,73.81309171435666,74.12702941894531,6080700
2023-11-20,73.8961932972141,74.05316215569425,73.25907528442592,73.59148406982422,7644600
2023-11-21,73.00977710168274,73.25908018508431,72.22492571213084,72.45576477050781,7394800
2023-11-22,72.7512529068936,72.82512311093528,72.215704494567,72.4742431640625,4265400
2023-11-24,72.26187034473843,72.86205338466706,72.0679663554661,72.62197875976562,2398000
2023-11-27,72.27109783230496,72.34496803042549,71.64321523758008,71.97562408447266,5237800
2023-11-28,71.43083921645976,71.5139378965427,70.47978341738238,70.98762512207031,9197900
2023-11-29,71.54164171286926,73.43451770235657,71.41236536336376,72.52963256835938,7420700
2023-11-30,72.73277379142287,73.38836297399064,72.21569650960566,73.25908660888672,8480500
2023-12-01,73.0190047517166,74.77338281486857,72.70506000300709,74.69027709960938,9617100
2023-12-04,74.0069930759697,75.23505838386755,73.92388736346973,74.98574829101562,6713800
2023-12-05,74.49638824445306,74.64412159256426,73.48992619155617,74.02547454833984,6103200
2023-12-06,74.58871638716282,75.49360860743259,73.2498526489969,73.32372283935547,7321800
2023-12-07,73.64689647273842,74.3948127809531,73.51762716130995,74.1916732788086,5430400
2023-12-08,74.12703484747334,76.32462711912265,74.0070010771605,75.97374725341797,10343400
2023-12-11,76.05685123961533,76.490822727606,75.67827182360281,76.47235870361328,6378100
2023-12-12,76.58316971429888,77.24798734218072,76.24152536534595,77.19258117675781,7395300
2023-12-13,77.07254786242133,79.51020781617457,76.91557898952149,79.0669937133789,10144600
2023-12-14,80.5443480029135,84.9487530792241,80.52587693767639,84.06233215332031,19849500
2023-12-15,84.02542576069428,84.80104169397652,83.34214405118615,84.56097412109375,16905700
2023-12-18,84.63482439790748,84.64405288685803,83.66529766484751,83.80380249023438,9145500
2023-12-19,83.95155970408209,85.28119513488254,83.7484201749709,84.87491607666016,8114900
2023-12-20,84.45015968500644,85.23501106910977,83.96078201178844,84.1546859741211,10467000
2023-12-21,85.07805205874317,85.55820129746967,84.61637389170217,85.5304946899414,7748000
2023-12-22,85.77980469093171,86.48155747607436,85.16115763892493,85.32736206054688,5800800
2023-12-26,85.51202013686488,85.89059252402053,85.29041661646527,85.7243881225586,2726200
2023-12-27,85.5859029602391,86.50925931697608,85.31812877142738,86.48155975341797,4073200
2023-12-28,86.1583720972259,86.74931955192604,86.09373743951335,86.46308135986328,4089500
2023-12-29,86.32457747481746,86.58311610855974,85.92753398881342,86.10297393798828,4772100
2024-01-02,85.5581806532945,86.93397928661084,85.19806528881631,86.70314025878906,6132200
2024-01-03,86.05680025096476,86.05680025096476,84.27472239489948,84.86567687988281,7487900
2024-01-04,85.08728790283203,86.00140870438287,84.63484526999473,85.08728790283203,8735600
2024-01-05,85.14267893125565,86.73085280773012,85.0041740848842,86.09373474121094,6027800
2024-01-08,86.06603839262296,86.63852182481891,85.20731676665372,86.34304809570312,6738400
2024-01-09,85.64129133928613,85.72439001953151,84.6348364181859,85.0041732788086,7594100
2024-01-10,84.51479914627332,84.92107816359294,84.29319561166686,84.46863555908203,6929200
2024-01-11,83.97925477994553,83.97925477994553,82.6773260274085,83.57298278808594,9400700
2024-01-12,84.28395487650943,84.85643827062714,82.57574727353345,82.8250503540039,8303100
2024-01-16,80.09190916373426,81.40308022914323,78.30060305250068,79.38092803955078,20369000
2024-01-17,78.3467702799349,78.61454441686338,77.46958472885595,77.94049835205078,17198500
2024-01-18,78.32831852446087,78.46682338175886,76.8971134067978,77.46959686279297,15016400
2024-01-19,77.47884708379347,79.03007923667116,76.82325777129981,78.79924011230469,14787400
2024-01-22,78.91002214961676,80.11961655017835,78.89155812476078,79.15933227539062,11626500
2024-01-23,79.10392050687373,80.19348105705183,78.66071349524277,80.09191131591797,8555700
2024-01-24,80.62747542886854,81.53236774285759,80.51667013185464,80.85831451416016,12480900
2024-01-25,81.38460898294895,81.64314757299408,80.63669276965433,81.2738037109375,8792400
2024-01-26,81.14454791711118,81.71703135078369,80.93217991623146,81.00605010986328,6384400
2024-01-29,80.70132525076936,81.20916688339715,79.15008670749269,80.90446472167969,7440300
2024-01-30,81.10027752350018,82.11659164273253,80.90446696798048,81.69701385498047,6569300
2024-01-31,81.78093461562162,82.75063302812548,81.33338587979455,81.34270477294922,8414700
2024-02-01,81.29608668689548,82.20983614655793,79.85086155864369,80.95109558105469,8365000
2024-02-02,80.6247496570887,81.74362848414407,80.18651986383361,81.37066650390625,7728600
2024-02-05,80.727328466547,80.727328466547,79.33804502557031,80.08396911621094,7788700
2024-02-06,79.8321983884263,80.6993318441894,79.8321983884263,80.27974700927734,7335500
2024-02-07,80.4289498025075,80.55015942818204,79.50586725970687,80.1865234375,4952200
2024-02-08,79.88813935633625,80.40096288911796,79.40329383651654,79.86016845703125,6218200
2024-02-09,79.89749165038045,80.21450476502415,79.55250051356877,80.08396911621094,5664500
2024-02-12,80.05599132810194,81.71566481781122,79.85086186512058,80.99771881103516,7888000
2024-02-13,80.05600063305721,80.05600063305721,77.47324425973652,78.29376220703125,11339400
2024-02-14,78.82521390993082,79.21682078419586,78.03267415573022,78.32171630859375,5973700
2024-02-15,78.74129905681802,80.40097960169386,78.70400925909809,79.87882995605469,7993500
2024-02-16,79.73896867104246,80.92312249317739,79.31939086507376,80.65272521972656,9673900
2024-02-20,80.13057244825305,80.64338891073729,79.3473516332053,79.58045196533203,6626400
2024-02-21,79.26345135665011,79.7016811879477,78.815895518781,79.68302917480469,6444000
2024-02-22,80.13990009726128,80.87649808091484,79.81356101935359,80.04666137695312,6782100
2024-02-23,80.25178503602311,81.35201892900758,80.14922031699133,80.6993408203125,5810100
2024-02-26,80.652724861425,81.43593865939607,79.77626522817869,79.87882995605469,5608100
2024-02-27,80.1585466921151,80.6060953648106,79.366006952571,79.71099090576172,8066700
2024-02-28,79.65505521441176,80.27043646501922,79.51519357583693,80.23314666748047,5624100
2024-02-29,80.64340136452388,80.78326300813032,79.58046425496892,80.22382354736328,7657100
2024-03-01,80.39164500886065,80.92311349033481,79.35667894804396,80.63407135009766,5523700
2024-03-04,81.939432116545,85.07230137608227,81.6317450622565,83.95342254638672,19876000
2024-03-05,83.16088361398764,84.97906350883554,82.62941509751994,83.10493469238281,13883600
2024-03-06,80.90446583885901,82.00469976848157,78.72264999114508,79.8695068359375,25614600
2024-03-07,80.26112056587674,81.23081895219401,79.85086164106515,80.31706237792969,9145700
2024-03-08,80.76461259797088,82.34969214760102,80.57812804800027,81.15621948242188,9689300
2024-03-11,80.95108992202825,81.35202281183635,80.03733341258484,81.06298065185547,4737200
2024-03-12,81.34270167268627,81.82755441728817,80.74596530522133,81.1655502319336,5110900
2024-03-13,81.53850208606295,84.1399029255105,81.35202464580524,83.31006622314453,10345800
2024-03-14,82.98371899166975,83.35668094919531,82.29374399412495,83.07695770263672,9235300
2024-03-15,82.49888548669344,83.31007021571402,82.20983619268567,82.4056396484375,20363000
2024-03-18,82.38698479413098,82.70399784218853,81.77159648156112,82.01402282714844,5960000
2024-03-19,82.05133283160988,83.0676470623542,81.92079718937958,82.44293975830078,8546400
2024-03-20,82.09794539775007,85.29608245633777,81.96740977198388,85.17486572265625,10811700
2024-03-21,85.7436357290621,87.98140061197739,85.7436357290621,87.08629608154297,13659900
2024-03-22,87.198176256602,87.51519643337157,85.53850289405838,85.73430633544922,5909300
2024-03-25,85.56646759359107,86.29374661215394,84.83919568868588,84.97905731201172,3670400
2024-03-26,85.24013951676169,85.6970213526604,84.7925908009187,85.10960388183594,4211900
2024-03-27,85.8089111622916,87.21683945612331,85.69702753209245,87.1795425415039,6394500
2024-03-28,87.41263387496414,88.32639040441344,87.13291060110092,87.794921875,6707700
2024-04-01,87.7949217238306,88.05599298503563,86.87183918986638,87.20750427246094,3416000
2024-04-02,86.62009831464425,87.43128304388293,86.28443321507699,86.44293975830078,5245400
2024-04-03,86.6667178381367,87.92546557234375,86.4802403808922,86.71334075927734,4821100
2024-04-04,87.83220879268717,88.33570640093974,85.6503929372508,86.04199981689453,5466100
2024-04-05,86.01403253305135,86.98373088082991,85.41729618267354,86.21916198730469,4654800
2024-04-08,86.71333808236751,87.08630009900192,85.96741404909868,86.90914154052734,4601900
2024-04-09,87.282107060452,87.77627872902245,86.55483501133631,87.7203369140625,4951600
2024-04-10,86.03266647875384,86.61075785680974,85.01635245672604,85.45458221435547,5994200
2024-04-11,85.51985757834692,85.59445139765292,79.26344503563303,80.96973419189453,24631800
2024-04-12,80.00006479058692,80.94178533966745,79.36603138106751,80.36370086669922,12789800
2024-04-15,81.86484622799607,83.10493469062233,79.71099414453936,81.1095962524414,9553900
2024-04-16,84.57813544719842,84.94177144692205,82.05132834829342,83.11426544189453,18291600
2024-04-17,84.03733845962967,85.2587891721744,83.60843465478148,83.99072265625,9544600
2024-04-18,84.53150840430298,84.95108615938466,83.6736937701428,84.1585464477539,6752000
2024-04-19,84.25180135859112,85.42662925783893,84.25180135859112,84.53152465820312,8143000
2024-04-22,84.95110339567208,86.39632860290938,84.57814136345029,85.86485290527344,7294400
2024-04-23,85.9301180776156,87.69235618813647,85.9301180776156,87.42195892333984,6393900
2024-04-24,86.8159071220558,87.71101173819272,86.74131329229628,87.5058822631836,5100900
2024-04-25,86.71333662050124,87.31939899810745,85.45459606003215,86.3030776977539,6770600
2024-04-26,86.24714586024606,87.00238886113772,86.15390712529121,86.55484008789062,4606100
2024-04-29,85.94316176838588,87.33586416276117,85.94316176838588,86.67715454101562,4416100
2024-04-30,86.19724660679941,86.41368390383275,85.20918202311901,85.48207092285156,5860000
2024-05-01,85.89611092888465,87.02533669240681,85.37855540257574,86.14077758789062,4713600
2024-05-02,87.08179019949621,87.43937438764351,86.19723114849432,87.185302734375,4449200
2024-05-03,87.8346122137676,88.85091332521664,87.77815343404173,88.1169204711914,5043500
2024-05-06,88.98264415996326,89.31200614565543,88.17336824769554,89.19908142089844,5105100
2024-05-07,89.32141803724365,90.27184813384122,89.12380513823965,90.14010620117188,7418000
2024-05-08,89.80133425538799,90.38476791049668,89.49079663995612,89.99894714355469,4662600
2024-05-09,89.95189599005626,92.46441919401325,89.95189599005626,92.3232650756836,6766700
2024-05-10,92.91611325852556,93.15136775333201,91.87158272723312,92.48324584960938,6118400
2024-05-13,92.92551505381138,93.13254013478662,92.61497743234852,92.74671936035156,5379000
2024-05-14,93.16077210580278,94.2711735150478,92.94433482985468,93.51835632324219,6216600
2024-05-15,94.13942568622112,95.02398475427182,94.09237192240705,94.59111022949219,6938500
2024-05-16,94.24294578221314,94.48761245075728,93.58422893296306,93.7065658569336,4339300
2024-05-17,94.00768956188632,94.38409815742938,93.44308025827014,94.3088150024414,4690800
2024-05-20,94.14884675577986,94.9392983707645,93.51835928642167,94.4123306274414,5690200
2024-05-21,94.39350665452616,97.16010167767028,94.24294751838478,95.54154968261719,8337100
2024-05-22,95.30628433803555,96.473144432895,94.2617539760626,94.79813385009766,5194300
2024-05-23,94.45937261488669,94.62875612118891,92.67144437873685,93.08548736572266,5594500
2024-05-24,93.58422238971605,94.0170969189502,92.98197153955952,93.13253784179688,3550500
2024-05-28,92.62439269832903,93.59363999200579,92.59616330987583,92.85023498535156,5541600
2024-05-29,91.62691392837988,91.93744437368625,90.77999639709725,91.53280639648438,4679600
2024-05-30,91.92803795162295,92.04095550112797,90.8929125518498,91.49517059326172,4548800
2024-05-31,91.58926182381542,92.18210043787134,90.71411500531617,92.06917572021484,7155500
2024-06-03,92.37032184585037,92.37032184585037,90.83645805185566,91.66455841064453,5671200
2024-06-04,90.57296915759257,91.79629524914203,90.02717707493841,90.88350677490234,5409600
2024-06-05,91.1281546826758,91.85274236442571,90.8082120965285,90.95877838134766,4499700
2024-06-06,90.78940124814315,91.70218249094266,90.58237618174049,91.1375732421875,4741200
2024-06-07,90.45064160174965,91.91862720349772,90.2718459063687,91.41047668457031,4018400
2024-06-10,90.92114918309488,91.11876207426536,89.78251842193359,90.7047119140625,4566000
2024-06-11,90.77059319272519,90.77059319272519,89.14263611310628,89.80134582519531,5330000
2024-06-12,91.57986771831855,92.11624766915264,89.96131567597082,90.00836944580078,5435700
2024-06-13,89.8672029786772,89.9142567420476,89.02969768233757,89.59430694580078,3955900
2024-06-14,88.8226799339273,89.88602758744544,88.44627133411835,89.8672103881836,3406600
2024-06-17,89.40611058899925,91.4575298499854,89.09557296623883,91.31637573242188,4874100
2024-06-18,91.29754657542087,91.92803397694878,91.09993369293466,91.81510925292969,4558400
2024-06-20,91.88098788008203,92.24798428952002,91.38224953799437,91.69278717041016,3956800
2024-06-21,91.57986596040304,91.617507539665,90.23421001422552,90.48828887939453,10785300
2024-06-24,91.02466123673089,91.89980813832162,90.50709853924305,91.37283325195312,8418200
2024-06-25,91.08111751855478,92.53969086169072,90.97760498189008,92.03154754638672,7439700
2024-06-26,91.63632106773721,91.91862931119134,90.41300209802868,91.17522430419922,6514200
2024-06-27,90.41298961855054,90.6576490710844,89.55665999649443,90.12126922607422,5437800
2024-06-28,91.03406482040602,91.57985689659088,90.48827992361758,91.45752716064453,9058800
2024-07-01,91.76806433919953,93.51835824360184,91.69278836199067,93.31134033203125,7420600
2024-07-02,93.13254557049841,93.91359217452863,92.80319073126789,93.7724380493164,5570900
2024-07-03,94.03592160512108,94.6664018923032,93.63128360988239,94.28999328613281,3112000
2024-07-05,94.19589405849526,94.2053062480965,93.07608759544726,93.71597290039062,3633200
2024-07-08,93.94181402249816,95.29687484932553,93.94181402249816,94.656982421875,3884400
2024-07-09,94.66639062413758,96.83073446744713,94.08296417444605,96.5578384399414,7113600
2024-07-10,96.4637476521441,97.40476555909866,96.04028528637642,97.35771179199219,5619000
2024-07-11,98.10112033765904,99.07977985771106,97.80940707339059,98.4681167602539,7761000
2024-07-12,98.80686057696958,99.57849482001392,97.83761347429878,97.95053100585938,7060600
2024-07-15,97.80940087339346,100.24663373969219,97.15068404888811,99.05154418945312,10093900
2024-07-16,97.98819433280269,102.67446677675208,96.74605095407107,99.95492553710938,16716400
2024-07-17,98.89156204774144,101.35703139028297,98.36459435108077,100.6512680053711,11412000
2024-07-18,100.24663418704813,101.28175242515101,98.17639771084235,98.62808227539062,9130700
2024-07-19,98.53398921928758,98.54340140907001,95.72975973348673,96.06851959228516,12555900
2024-07-22,96.42610231220843,97.14127790382197,95.93676899922148,96.39787292480469,8931200
2024-07-23,96.40728353173134,98.02583551122065,96.15321185094966,97.39535522460938,7400600
2024-07-24,96.79310228494623,97.86586212231991,95.74857183601972,95.95559692382812,7967400
2024-07-25,96.05911025377353,98.04465862396987,95.84267297491269,97.45181274414062,5582300
2024-07-26,98.67514277882276,99.6443901182997,97.90350834725302,98.04466247558594,6599600
2024-07-29,98.30813994501466,98.40224029797068,96.29436223828948,96.43551635742188,5183400
2024-07-30,97.45180676979305,97.97878165060104,96.71781399157088,97.6400146484375,6225500
2024-07-31,97.87264838596346,99.05000454394035,97.08457624852149,97.99607849121094,5444600
2024-08-01,98.50879153497102,98.73666526538943,96.07811909324045,96.61932373046875,5678100
2024-08-02,93.99875199500511,94.01773845452361,90.23880278448196,91.00788116455078,11120700
2024-08-05,87.96954767259292,88.65317617411299,86.34593360347075,87.4188461303711,9659500
2024-08-06,87.54227098856086,89.099421484675,86.8966226918324,88.27337646484375,6068300
2024-08-07,89.83053127840904,90.51415977179886,87.36187846426037,87.45682525634766,7215700
2024-08-08,88.76710091723959,90.23880142490144,88.09296933287085,89.8495101928711,6592300
2024-08-09,89.5266893512434,90.31476142005552,89.27032506670199,89.93496704101562,3542600
2024-08-12,90.10587828700143,90.4097123553902,88.81458168535524,90.04890441894531,4196300
2024-08-13,90.93191669288423,91.90988954692259,90.15334149656418,91.82443237304688,5941500
2024-08-14,92.82139616356147,95.50842569703902,92.58402557708631,94.4165267944336,10161700
2024-08-15,95.70782122278334,96.09710520902463,95.09065626296274,95.55590057373047,5885100
2024-08-16,95.54640510267066,96.37245734488653,95.38499484370129,96.31549072265625,4159700
2024-08-19,96.3914486275693,96.88518352485525,96.18256858761448,96.60983276367188,4070500
2024-08-20,96.13508536624879,96.49588604176758,95.51792040646053,95.68882751464844,3396900
2024-08-21,95.99266994548441,96.11610729459888,94.91026058049725,95.60338592529297,3576000
2024-08-22,95.6698431372156,95.87873041220996,94.85328774076966,95.47994232177734,2777300
2024-08-23,95.84075433571726,97.39790486882985,95.72681384159596,96.74275970458984,3814800
2024-08-26,97.83466168592122,97.84415853768316,96.8282127184184,97.16053009033203,2679000
2024-08-27,97.28396506900464,97.65426262257198,96.88518420269763,96.92316436767578,2537200
2024-08-28,96.74275690322362,97.51183529533913,96.29649903580706,97.03709411621094,2836800
2024-08-29,97.72071177790023,97.72071177790023,96.16356146189757,97.41687774658203,3325600
2024-08-30,97.71123498405548,98.56576332896097,96.9421493320746,98.37586975097656,4951400
2024-09-03,97.65425241337957,98.0435436307257,93.48602572546979,94.2551040649414,6634000
2024-09-04,94.70136884930945,96.2015527212769,94.64440222560644,95.09066009521484,4212500
2024-09-05,95.89772112830441,96.18256874211738,94.11269684780683,94.53046417236328,4462400
2024-09-06,94.66338562793909,95.70782198859659,91.28323084319389,91.71049499511719,9246800
2024-09-09,92.8213958513943,94.01773838754342,92.66947519945292,93.22017669677734,5281500
2024-09-10,93.42906827248216,93.45755158503862,90.09638306783621,91.7389907836914,7798600
2024-09-11,90.66606929422113,92.2327166502545,89.33679253019355,92.1282730102539,6764100
2024-09-12,92.45109032550037,92.7549243591434,90.84646298696155,91.75796508789062,4751200
2024-09-13,91.97636842553482,93.75189598799747,91.95737471972514,93.28665161132812,5354800
2024-09-16,94.14118286237287,95.1286454428968,93.7708853001734,95.03369140625,4467200
2024-09-17,95.59389471984234,95.72682168522105,94.41653849335532,94.79632568359375,4748600
2024-09-18,95.06217508746113,95.9072137958663,94.22662598685348,94.28359985351562,5195900
2024-09-19,96.10661706406242,96.30600751409028,94.4924925137787,95.64137268066406,9091900
2024-09-20,95.77428672835637,97.3504236538662,95.12863844412966,97.29345703125,14513400
2024-09-23,96.55286196133783,97.3504236538662,96.1920540341675,97.29345703125,3962400
2024-09-24,97.57830016712988,97.68274380755085,96.79972491197626,97.39790344238281,4749700
2024-09-25,97.55930464112323,97.61627126006796,96.58133904803896,97.17001342773438,3825100
2024-09-26,97.86315003024885,99.49626090647149,97.7682032396727,99.31585693359375,5183000
2024-09-27,99.62917637964266,99.82856679006524,98.76514402383656,98.85060119628906,3113300
2024-09-30,98.49930359283942,99.12596546314202,97.9106291323471,98.97404479980469,3378600
2024-10-01,98.91707711809941,99.87605637425507,97.8536542180072,99.14495086669922,5437400
2024-10-02,99.5342355037356,100.07544014811904,98.66071348893696,99.2398910522461,3293600
2024-10-03,98.3473908359984,99.41080651061972,97.9486099580154,99.2873764038086,4587200
2024-10-04,102.17379584695951,102.62005370867838,101.23381035260032,102.4301528930664,5608900
2024-10-07,102.24976278456823,103.41762208919896,101.85097466798555,102.20228576660156,4439900
2024-10-08,102.21177324848259,102.74348102987939,101.96490581684469,102.05985260009766,3679400
2024-10-09,101.80351261162913,103.8449013913615,101.80351261162913,103.53157043457031,4445800
2024-10-10,102.96187038460943,103.52206150505977,102.21177844402506,102.62005615234375,4065500
2024-10-11,103.4935859142285,105.8483055517366,103.4935859142285,104.87982940673828,5826200
2024-10-14,105.44002037697634,106.75980029539927,104.96527919066664,106.60787963867188,7179300
2024-10-15,109.59875628510879,110.19692760326782,106.37051460080991,106.55091857910156,8925200
2024-10-16,110.97549770162813,115.31463187810995,110.61469700592075,113.47264099121094,21458500
2024-10-17,113.71949737476294,114.27969572567996,112.73204210978027,113.40617370605469,9357200
2024-10-18,113.49162903829206,115.00130980686407,113.09284817262238,114.9443359375,6852900
2024-10-21,114.28919330567179,114.59302736851981,111.92497703378595,112.30477142333984,7469100
2024-10-22,111.70660670416613,112.61810894619508,111.32681229232678,112.34275817871094,4429600
2024-10-23,111.93447388561805,112.7415324359354,111.27932874473699,112.30477142333984,5661600
2024-10-24,112.4187125631784,113.31122105321695,111.98195154805836,113.14981079101562,5611800
2024-10-25,113.93788192258397,113.93788192258397,110.45328343900572,110.97549438476562,7271700
2024-10-28,112.15286725565761,113.63405752859957,111.57368239375573,113.1118392944336,5994000
2024-10-29,112.883963129378,114.0233391236261,112.81749965044646,113.27325439453125,4622200
2024-10-30,112.61810444267549,113.29223605584376,111.83952918932863,111.96295928955078,5673000
2024-10-31,112.09214790918494,112.83860565513693,110.72365299347909,111.25,5374600
2024-11-01,111.65192988179531,112.94386386087048,111.29784854529777,111.82418823242188,4372100
2024-11-04,111.97732056704035,112.39839089618289,110.95334230324656,111.14473724365234,4366300
2024-11-05,111.09687441640793,112.82902985965303,111.09687441640793,112.7428970336914,4798400
2024-11-06,123.93966925361366,127.77720539086592,122.16924794913649,125.83451843261719,22798700
2024-11-07,125.11679656908422,125.8919556290655,122.57120131834392,122.91571807861328,7780000
2024-11-08,123.43247711670838,124.90624883152647,122.26495629154233,123.95882415771484,6979300
2024-11-11,124.93494723197796,128.22699252840414,124.93494723197796,127.77720642089844,6861300
2024-11-12,127.46140266332584,128.06431057365006,126.04506263847415,126.61924743652344,5683300
2024-11-13,127.71980044293181,128.85860546202164,126.77237576390111,127.04989624023438,6134800
2024-11-14,127.37528075961812,129.1074290438248,126.30344282158866,126.73408508300781,7344200
2024-11-15,127.63366609497496,128.61936396622028,126.83936317496683,128.2939910888672,7281900
2024-11-18,128.89689528968603,129.68161894756884,127.68151475098522,128.02603149414062,6434100
2024-11-19,127.52839523229561,128.32269814327796,126.25559764740814,126.55227661132812,7244800
2024-11-20,127.43269242321247,127.90160781154431,125.41344451545477,126.02591705322266,5125600
2024-11-21,127.47098651568,129.7390613475099,127.41356948746903,129.1840057373047,5547400
2024-11-22,128.88730186566386,129.83472645569393,128.1982830576836,128.89688110351562,6334100
2024-11-25,129.6146104471886,130.38020467371715,127.83461007657027,127.91117095947266,8012300
2024-11-26,125.1263569954598,126.12161949024784,123.00183947903872,125.63356018066406,8817300
2024-11-27,125.83454522728479,126.73410302409589,124.95411670524639,125.56658935546875,5507800
2024-11-29,126.59054479407602,127.0211870631971,125.76753340314546,125.9493637084961,4068200
2024-12-02,126.60966741811895,127.27955690236914,125.20289219994574,125.394287109375,5512100
2024-12-03,127.46140186118258,127.46140186118258,124.418168421433,124.82968139648438,4791300
2024-12-04,124.5904351552961,125.5569890592165,124.06408813732068,124.39904022216797,6203700
2024-12-05,124.35117556181586,126.18859302294409,123.85353710281366,124.71483612060547,4991900
2024-12-06,124.90625012268845,124.95410250918333,123.62387333611727,124.3703384399414,5013200
2024-12-09,124.90624414535783,125.145491463885,122.81043529866034,123.0496826171875,7753900
2024-12-10,122.14053740077915,123.07839009408265,121.08785066834572,121.336669921875,6551300
2024-12-11,122.25537856184923,122.44677349428417,120.84860317458158,122.10225677490234,8835400
2024-12-12,122.38936442554491,123.28893672917481,121.88216125051926,122.40850830078125,3610500
2024-12-13,122.4946251395254,123.2697841028369,121.26010811939128,121.9204330444336,6091500
2024-12-16,122.24581431565502,123.74828726366461,121.9108695121973,123.48033142089844,5659700
2024-12-17,122.59033549666644,123.16452031669307,121.70989978937833,122.24581146240234,7141400
2024-12-18,122.64775073867607,122.86785418636745,115.11624240850846,115.833984375,7858800
2024-12-19,119.41311235415182,119.56623413222088,115.12580478569316,115.31719970703125,8632400
2024-12-20,115.98709143725942,119.18343925333856,115.34591040721828,118.13075256347656,14884000
2024-12-23,117.8053788600193,119.3078517369606,117.5087145197391,119.0973129272461,5074100
2024-12-24,119.69064801855492,121.74817641466299,119.2312899552092,121.59505462646484,2902800
2024-12-26,121.08784683480934,122.65730859738564,121.0495663892284,122.52333068847656,3013500
2024-12-27,121.58548827150244,122.36064723486135,120.40838827043095,121.3079605102539,3088100
2024-12-30,119.19302350487912,120.7337769042408,118.6858130289176,120.3414077758789,2637900
2024-12-31,120.89646243300294,121.37495709254819,119.81505982963127,120.31269836425781,2970000
2025-01-02,121.06871879154954,121.80559734246016,118.86764047370146,119.41312408447266,5014300
2025-01-03,120.24570374073231,120.58064852638921,118.7432308725725,120.52323150634766,3988400
2025-01-06,122.14054021507275,124.36075507147514,122.14054021507275,123.10710144042969,6665200
2025-01-07,124.07364747432746,124.08322671219807,120.06386757692246,121.42279052734375,7268800
2025-01-08,121.4515197921575,122.49463466084161,120.35098059862666,122.36065673828125,5744500
2025-01-10,120.87731746557843,121.05914777096217,117.98721296059198,118.14032745361328,6873800
2025-01-13,117.18333251929093,118.95376849964153,117.18333251929093,118.65709686279297,5433000
2025-01-14,120.00646025500016,120.00646025500016,118.37000942031254,119.260009765625,8999900
2025-01-15,124.13109946280245,125.78668700894369,122.93486273242601,124.93496704101562,11349500
2025-01-16,126.65755942484374,130.29410764929324,126.22690249076406,129.96873474121094,16235700
2025-01-17,130.30365066852497,132.14106814767916,128.74375362735665,131.94009399414062,12481500
2025-01-21,130.57164181600973,131.70088234848328,129.47109519609904,131.3946533203125,11213300
2025-01-22,131.35634445928736,132.42818239191547,129.9782921501901,130.15054321289062,7177500
2025-01-23,130.1218310679181,132.2559130325863,130.1218310679181,131.8731231689453,6911000
2025-01-24,130.60034665652768,133.05980186021625,130.60034665652768,131.8922882080078,6475500
2025-01-27,129.44236845470166,130.87785241572047,128.3514012284273,130.7725830078125,6460700
2025-01-28,130.21754855536832,132.8683985551497,129.80603553938323,132.581298828125,5885100
2025-01-29,132.51430535546166,135.39483780061835,132.2367702898252,132.74398803710938,5719800
2025-01-30,133.79668350897455,134.44744388372646,132.91625502754476,133.9210968017578,4545700
2025-01-31,134.04150342186873,134.63878010712514,132.72170892715857,133.35751342773438,5502700
2025-02-03,130.8335106437229,132.94326480673203,129.0031382400164,132.13404846191406,5307000
2025-02-04,132.68316108477447,132.82767346066035,131.2959245943767,131.7583465576172,5997300
2025-02-05,132.43267946537165,134.11855410715856,131.5078503368837,133.83917236328125,5871200
2025-02-06,134.87961654043306,136.21868226447367,134.86998826172132,135.91041564941406,4576600
2025-02-07,136.81597999005666,136.8256082692155,134.6965973017458,134.85072326660156,3529000
2025-02-10,135.1108211664556,135.16862023532966,130.64084521103848,132.27854919433594,5517700
2025-02-11,131.79686581549896,133.14557440456986,130.4770714594577,132.74095153808594,5096800
2025-02-12,131.09365023711817,132.24967594333307,130.6312428945651,132.08590698242188,4688900
2025-02-13,132.91440408607104,133.03964523541092,131.3537700082407,131.8258056640625,4699800
2025-02-14,131.45006684198714,134.46537911947672,131.45006684198714,133.85845947265625,5044500
2025-02-18,134.3016032932949,135.6213976832887,133.800653535915,135.55397033691406,3797000
2025-02-19,134.87962326848734,135.76591004302887,134.15710543818753,135.5347137451172,3623100
2025-02-20,135.11083288865444,135.90079276423373,127.57737333235804,129.41738891601562,8860800
2025-02-21,130.22659324338267,130.63121612231348,126.11306940431245,126.86448669433594,6704100
2025-02-24,127.89527928799828,128.097590740497,124.17672041078066,125.20751953125,7784500
2025-02-25,126.22868311263186,126.47915067364968,121.74907100432308,124.85108947753906,7458500
2025-02-26,125.63139975249527,127.39434496474074,125.38091750506415,126.2479476928711,5493600
2025-02-27,126.97046419714376,128.00124861360175,124.09002127886882,124.5042724609375,5538700
2025-02-28,125.14008480853641,128.52147772914833,124.2634409954733,128.2324676513672,7424200
2025-03-03,128.44439682797238,129.08021600684938,123.04959883526345,124.39830017089844,5969400
2025-03-04,121.83577285675393,121.93210709618971,114.88033346195243,117.25982666015625,12996500
2025-03-05,117.52957147155145,119.8223588264505,116.99009382330031,119.21544647216797,7291900
2025-03-06,116.37353440615091,118.61815074342744,114.2541444894172,114.99593353271484,8611500
2025-03-07,114.37939898959327,115.11154514026724,111.21958132682194,114.91887664794922,8513500
2025-03-10,111.7494096765503,112.01914845496908,105.2178505283248,107.59734344482422,16765700
2025-03-11,107.61661494634447,109.35066057261635,106.29681314469137,107.93452453613281,13490400
2025-03-12,110.78607291506049,111.364085738564,108.42585082332452,109.82271575927734,7925500
2025-03-13,109.82270320077282,110.64155521958432,107.1542074183288,107.58771514892578,7435500
2025-03-14,109.81307110115645,111.52784552149204,108.41620628005106,111.11360168457031,6879400
2025-03-17,110.75715318816749,114.9284906763401,110.63191207685156,113.63758850097656,8374900
2025-03-18,113.94587343065554,114.84179580263462,112.98251635755248,113.7821044921875,7234900
2025-03-19,112.9343601459824,116.8070525939337,111.97100301118708,115.4583511352539,8430800
2025-03-20,114.46608530037756,117.34652084490902,114.46608530037756,116.05562591552734,7026000
2025-03-21,114.97665613570963,116.45059116532269,113.96513569863724,115.73770904541016,10989900
2025-03-24,117.82820583309847,120.24623423840195,117.52956748079006,119.71638488769531,6184400
2025-03-25,120.32330197049599,121.43116409358963,119.60078415323902,120.6123046875,4326300
2025-03-26,121.16141339108735,121.71052661761775,117.15385187023051,117.72222900390625,5084600
2025-03-27,114.57205352113738,115.44870460914456,113.23298781814823,114.63948822021484,8239400
2025-03-28,114.36011766106724,115.05373593207008,110.4296190252719,111.10397338867188,7349400
2025-03-31,109.54332347878795,112.74166842160547,108.0693884462306,112.39485931396484,7616600
2025-04-01,111.73977876932716,112.5971659297352,109.3795570086229,111.49893951416016,6651000
2025-04-02,109.7938016981646,115.94001689316244,109.70709574370017,114.89958953857422,8415300
2025-04-03,106.07525465007537,107.30835060605648,102.96360787223384,103.97513580322266,15186100
2025-04-04,97.81927570815746,99.90012311358967,93.74427215401583,96.17193603515625,18876900
2025-04-07,92.7423807047017,100.51667186583178,90.8734730107728,97.22199249267578,20721400
2025-04-08,101.36442477980356,103.02139999681988,94.66908921568903,96.63433837890625,10710100
2025-04-09,94.6016592162616,109.72636928657002,94.30302088319306,107.60697937011719,16919500
2025-04-10,104.78433790150994,104.8806794816001,99.6207511312595,102.67459106445312,10956700
2025-04-11,99.11981898586957,105.19860039824479,99.11981898586957,104.1581802368164,10573200
2025-04-14,106.4316945597147,107.41431555779747,104.57241508162683,105.11189270019531,8224500
2025-04-15,106.05597710209601,108.0404976790332,106.0270775657527,106.39315795898438,6003800
2025-04-16,105.56465950575756,106.27754161215009,102.74202326374949,103.90768432617188,6520100
2025-04-17,104.54350211856494,106.69179153877927,104.18706471979894,105.1793212890625,5233100
2025-04-21,104.17743496516324,104.36047516392911,100.940554559731,102.40486145019531,7784500
2025-04-22,104.06182677848746,106.64362400298678,104.01366333520504,106.3353500366211,6571300
2025-04-23,109.10019150928733,112.33707195132422,107.8285604320465,108.19463348388672,9243800
2025-04-24,107.77076437103526,111.65309241426428,107.16384467754072,111.36408233642578,6640700
2025-04-25,111.47004602949002,112.80911177290913,110.75716385345703,111.7590560913086,5013200
2025-04-28,111.63381865774325,113.57980412533541,109.65894100281169,111.58565521240234,4171200
2025-04-29,111.15214065590062,112.20220372724101,110.04428585976375,111.95172882080078,4689800
2025-04-30,109.8396093327304,112.47125321147062,108.79083399401979,112.08281707763672,6502400
2025-05-01,112.19935208473002,114.41342845450704,111.35450403466115,113.38407897949219,7743600
2025-05-02,115.85065104954751,117.02566511593187,115.03493433534115,116.74404907226562,6894400
2025-05-05,115.30682504466489,117.3752443202701,114.96694620394196,116.14196014404297,6540300
2025-05-06,114.40370697975297,115.70496684225955,113.82105651676905,114.90867614746094,5739600
2025-05-07,114.90868439049177,116.5303973082522,114.78243838510717,115.65641784667969,4680600
2025-05-08,116.52068773661865,119.69614530401876,116.52068773661865,118.35604095458984,6449300
2025-05-09,118.94840324913488,119.6670127139285,117.95789811297541,118.18124389648438,4240100
2025-05-12,123.73586040593325,125.46439347486158,122.78419962831806,123.38626861572266,9162100
2025-05-13,124.06603004965726,126.3480821507215,123.5513553206414,125.61006164550781,6086700
2025-05-14,125.61976416763002,127.76587209044229,125.39641839678355,127.25118255615234,6273400
2025-05-15,126.49373556332928,129.18364960237508,126.26068426189369,128.67868041992188,7209300
2025-05-16,128.45534518612095,129.13510290040475,127.97950737731884,128.3582305908203,6303800
2025-05-19,126.53259603642276,128.30968642024092,125.33816358151786,127.05697631835938,7703500
2025-05-20,126.11501030150163,126.61997947562888,124.41560877439386,125.39641571044922,5220100
2025-05-21,124.38647964857329,124.92058024471709,121.45380136204562,121.67715454101562,6371600
2025-05-22,121.00709596454533,123.39596799591861,121.00709596454533,122.60939025878906,5689200
2025-05-23,120.51184680397373,122.91043191577835,120.29820656439233,122.42488861083984,3361400
2025-05-27,123.85239311655722,125.78485348942435,123.15320953814415,125.47411346435547,5472400
2025-05-28,125.47410915164537,125.67802904473642,123.59019132229335,123.82325744628906,4050900
2025-05-29,124.39620494565094,124.68751908458376,123.26002794219107,124.4544677734375,4337500
2025-05-30,123.92036956209778,124.61955314432444,122.6967982932011,124.3282241821289,6436100
2025-06-02,123.79413233592524,124.75550606774593,122.70651259497835,124.6875228881836,3607900
2025-06-03,124.41561311366421,125.44496256088203,123.45423943354938,124.95941925048828,4145600
2025-06-04,125.11479957849356,125.6780316097741,124.4544677734375,124.4544677734375,3123200
2025-06-05,124.6584079680889,127.2609283012898,123.65818974794321,126.84335327148438,6193300
2025-06-06,128.26111364394453,129.70803794163848,127.0375499220213,128.00863647460938,5004400
2025-06-09,128.40679078716406,129.05741710106648,127.31917841975785,128.1348876953125,4838600
2025-06-10,127.7949962476316,128.63013127556152,127.35799544488309,128.00863647460938,3816900
2025-06-11,128.21256449591772,129.59150571006043,127.62020106851222,127.9989242553711,5810200
2025-06-12,126.8821947308576,128.1834473829129,126.04705955671918,128.1057586669922,4258700
2025-06-13,126.42577515733531,127.28033616329184,125.08567081937741,125.74601745605469,4367500
2025-06-16,126.52286334212727,128.9603001287433,126.52286334212727,127.11522674560547,6240500
2025-06-17,126.08587977977841,127.37742672761445,125.91109130534919,126.32865142822266,4767700
2025-06-18,126.2606987416055,129.11569605245086,126.17328967593734,128.68841552734375,6170400
2025-06-20,129.4944197112098,129.5138307768833,128.09605246713278,128.8729248046875,8904400
2025-06-23,128.2416998905811,130.22272494304647,127.11523582683459,130.1256103515625,5232400
2025-06-24,131.75703235448145,132.7281190250809,131.10640606329264,131.97067260742188,5599900
2025-06-25,132.18432290883774,133.90315059539162,131.4948596181598,133.73806762695312,5736400
2025-06-26,134.01965458956354,136.14633658673608,133.8545716478221,135.7093505859375,6013200
2025-06-27,136.19491185714938,137.79719901077877,135.07816806129946,136.6221923828125,7249300
2025-06-30,137.41844701000326,137.7486276855375,135.51512574390924,136.78724670410156,8034400
2025-07-01,136.48624169330498,137.5155912474509,135.43746625579567,136.9912109375,6166700
2025-07-02,137.52527844369558,138.748857033117,136.90378361740102,138.72943115234375,5494500
2025-07-03,139.21496579993376,140.38026667464302,138.5449137221347,139.972412109375,3974700
2025-07-07,139.943296950669,140.96294089105422,138.3798468601067,139.58399963378906,5991600
2025-07-08,139.45774430408963,139.89473030143566,136.94263361887985,137.04945373535156,6620400
2025-07-09,138.76829468586303,138.80714645485395,136.8261211293493,137.45733642578125,4837000
2025-07-10,137.6612271288247,139.02075722035016,137.23396148388198,138.95277404785156,5622800
2025-07-11,137.75834414110412,138.33128167252548,137.03973473073475,138.16619873046875,3647500
2025-07-14,138.33128671097282,139.88503123737772,137.8943006934233,139.80734252929688,5376100
2025-07-15,139.14699912144675,139.8364771605267,137.4573178390251,137.49615478515625,7392200
2025-07-16,135.46659084754234,135.95213418391344,131.34917802077683,135.74819946289062,10610800
2025-07-17,135.23352923597108,137.59327763483537,135.10729804026408,136.82611083984375,7695800
2025-07-18,137.3602172341395,137.6515462214101,136.14635880185193,136.75814819335938,5572300
2025-07-21,137.15629500778738,138.39928483612852,136.1269306277355,136.40855407714844,5853400
2025-07-22,136.7290021279053,136.81639636944112,134.91306003178107,135.990966796875,5257200
2025-07-23,136.70957449881476,138.50609069021158,135.8841449367987,138.09823608398438,6612900
2025-07-24,138.35072087984727,139.5645792333115,137.7486518781632,138.37985229492188,3817900
2025-07-25,138.787697313562,139.23440367645276,137.94285669968397,138.87509155273438,3463000
2025-07-28,138.90422779429056,139.00134238626183,137.91373008069422,138.4381103515625,3729300
2025-07-29,139.3509321190075,139.88503273176534,137.99141675708404,139.40919494628906,5158700
2025-07-30,139.6714064889034,141.27369367020216,139.13730582260126,140.7493133544922,5236800
2025-07-31,140.0257110411756,141.49246083892652,138.852314187085,139.3021240234375,5523700
2025-08-01,136.18280786211088,136.47616075004254,133.15151955439654,136.0067901611328,6678500
2025-08-04,137.07265053252797,138.63718961753395,136.61308265637862,138.22650146484375,3851500
2025-08-05,138.51983221233252,139.54655988981338,136.31970786939414,137.346435546875,5331100
2025-08-06,138.0211322488694,138.70562733622546,137.39531967913848,138.16781616210938,3765800
2025-08-07,139.07720846308953,139.54657913042763,137.4833505319732,137.79624938964844,3728600
2025-08-08,138.48073189950642,140.7395241861142,138.1482721951032,140.0061492919922,3943500
2025-08-11,140.38750218483426,140.99375391868136,139.4976705028306,140.6906280517578,4024700
2025-08-12,141.8542487542224,144.94418987501686,141.60979048994938,144.0250244140625,7111600
2025-08-13,144.86595816866833,145.77535064991358,142.1671443634351,144.48460388183594,5542000
2025-08-14,143.74146446364443,145.3646709766146,142.92986120715938,145.21798706054688,4188600
2025-08-15,145.33534377436402,145.5113465769755,141.25778138781914,141.42401123046875,4986000
2025-08-18,140.915532307343,141.84447079242327,140.63196726600037,141.5706787109375,3548700
2025-08-19,141.28712247399284,141.75647822570963,140.2408338026832,140.87643432617188,4257700
2025-08-20,140.63195499314992,141.5022258020424,137.90379245568434,140.92529296875,4619300
2025-08-21,140.2310516947435,141.24799157721847,139.73234725305971,140.84707641601562,3269400
2025-08-22,141.609813045786,145.59935942410075,141.46312911152913,144.73887634277344,6759600
2025-08-25,144.69974666941113,145.3157863340649,144.29884641389907,144.37705993652344,2596500
2025-08-26,144.05439731527994,145.7264837680958,143.05700325185856,145.66781616210938,4453800
2025-08-27,145.0810893667769,146.79229725750525,144.74862970036708,146.06871032714844,3329200
2025-08-28,146.51850773503878,147.0563189227243,145.87313430981618,146.85096740722656,3898100
2025-08-29,146.5674148899367,147.40835202234223,145.8242670438424,147.1443328857422,3629400
2025-09-02,145.26689609404988,145.7656005693295,142.4311858156634,145.55047607421875,5330200
2025-09-03,145.51135618942942,146.2349581292489,143.682812878941,145.23756408691406,4338900
2025-09-04,145.72645722243038,147.40833125023948,145.38420968911936,147.19320678710938,3955000
2025-09-05,147.7701297817964,148.49373162997873,143.04719423069483,144.8072967529297,5697300
2025-09-08,145.03220769798736,145.8926906512039,143.985919154155,145.4917755126953,3820800
2025-09-09,145.12998030636967,149.4324547028846,145.06153975117002,148.8457489013672,6673200
2025-09-10,149.51067099651306,151.104543681177,148.06348222522936,150.70362854003906,4945600
2025-09-11,150.967654387204,154.26294721801827,150.6645285081207,153.01132202148438,7399500
2025-09-12,152.58107701680743,153.39268031568747,152.170388887353,152.92332458496094,4341600
2025-09-15,153.86205375344042,154.96699507869178,152.4246378140432,153.16778564453125,4829900
2025-09-16,153.59802285055264,154.00871095596938,151.7792527148221,152.35617065429688,7539500
2025-09-17,153.1677644661064,154.4682841800508,152.19970439978897,153.9207000732422,4604200
2025-09-18,154.39985151484836,156.5902031861962,153.99895125492202,155.7101593017578,4323700
2025-09-19,156.01327489551474,157.5191313122567,154.61496579660167,156.36529541015625,14902000
2025-09-22,155.79815326482225,157.4604665896712,154.33140358044685,157.14756774902344,4421200
2025-09-23,157.0204388566437,160.34506538328657,156.0621666094076,157.19644165039062,5335900
2025-09-24,157.52891857947114,157.89071205235769,154.34117312024728,154.3802947998047,5195200
2025-09-25,153.90115739505413,155.71992763330755,153.15800957963057,155.42657470703125,5351100
2025-09-26,156.02305608929763,158.22318069178144,155.78838568085126,156.5608673095703,5326800
2025-09-29,157.1280179144027,157.74405759956497,156.17951852509435,157.5876007080078,4186000
2025-09-30,157.81248285354567,158.63385907370636,153.36333928018516,155.4363555908203,5547100
2025-10-01,154.38029156667315,154.92787570461704,152.10193869801128,153.4122314453125,5467400
2025-10-02,153.21665492246217,153.5295537232979,150.30271676468146,151.8574676513672,5087400
2025-10-03,153.4513519916377,154.30207699432205,152.6984311945867,154.0967254638672,5182100
2025-10-06,154.4976309255094,155.2114449159558,151.57390456381253,154.58563232421875,4696300
2025-10-07,155.26034298170933,155.7590325059497,151.95526223211968,152.51263427734375,4589700
2025-10-08,153.01131024664068,153.07976572144923,150.60584931863528,152.19970703125,4038600
2025-10-09,152.13127726291273,152.9624264552778,150.42006931795336,152.8059844970703,6092600
2025-10-10,153.3731209636822,154.44872837408835,148.47416779880112,148.4937286376953,5531700
2025-10-13,150.86010473360793,152.17039763921017,149.9507270204894,151.69126892089844,4735800
2025-10-14,151.07521495797496,153.6371329224924,148.51329699345752,151.89659118652344,8023800
2025-10-15,159.31834775204803,163.07323838258478,158.05694955529682,159.0445556640625,13673700
2025-10-16,159.47479442987608,161.09800093372115,155.44612688975104,156.4728546142578,10477500
2025-10-17,157.13777092904417,157.41156299424085,154.35095563960294,155.15277099609375,7965000
2025-10-20,156.64886979487753,159.52370168260387,155.96438956459744,158.379638671875,5741000
2025-10-21,157.8711538741952,158.46763267283546,155.66125639951198,155.7003631591797,4220600
2025-10-22,156.032829599811,156.1990594306678,153.73491592507298,154.61495971679688,4360200
2025-10-23,155.37766458330395,156.54128829190262,154.3998315401855,155.77857971191406,3735600
2025-10-24,156.96177835047018,161.24467731785623,156.96177835047018,160.2277374267578,5547500
2025-10-27,161.30337344865487,162.9950207300947,161.2446909225878,162.33987426757812,5056000
2025-10-28,162.43763787052825,163.42525889976412,160.73621774111953,161.54782104492188,3601000
2025-10-29,160.6677740416361,162.3398754134064,159.50415012218062,160.39398193359375,4963500
2025-10-30,160.18862779627878,163.29812993497333,159.77792475857456,161.59669494628906,4960500
2025-10-31,160.70145693861468,162.2263133038437,160.26858867569143,161.34091186523438,5323500
2025-11-03,161.63605197436678,161.99021555491922,158.95032024515132,160.99658203125,4719200
2025-11-04,159.69800033214597,164.2234074113226,158.25183355592412,161.3507537841797,5739200
2025-11-05,161.21301271579054,163.2691369371327,159.00934160516837,162.50177001953125,4133000
2025-11-06,161.9016723770955,162.98382799133128,160.0127900103088,160.7703094482422,4292900
2025-11-07,159.57996188217206,159.9636378895589,155.49724025342937,159.72752380371094,6323300
2025-11-10,161.1540011798567,163.36751993975398,161.1540011798567,162.3739013671875,5015400
2025-11-11,162.61982906307864,164.01680338395306,162.10825613907093,163.8003692626953,3237600
2025-11-12,164.803851616373,168.98494253988088,164.803851616373,167.16493225097656,6892900
2025-11-13,166.56480998859908,167.58795586403082,162.4919364333853,162.9248046875,6090900
2025-11-14,161.5376696962334,162.12794734280354,157.34674644201468,161.20318603515625,6691200
2025-11-17,160.60307510779,161.42945179964005,156.18587027193692,156.86468505859375,5727200
2025-11-18,156.06783274030857,159.04870354533898,155.23160851626605,157.23854064941406,4864900
2025-11-19,157.7501131329352,160.26860324279838,157.45497428944512,159.6586456298828,6413600
2025-11-20,161.5376854863172,164.2332649857799,155.9399397988676,156.12686157226562,5258600
2025-11-21,157.1893343785205,157.5139855774408,152.71310483420837,155.60543823242188,9021300
2025-11-24,158.71421645072186,161.79347180821418,156.42199299105903,160.1898956298828,10125700
2025-11-25,160.85885893997562,163.18059472391835,158.0157177267537,162.7477264404297,5561000
2025-11-26,164.27259974901486,166.22050704676363,163.18059657108347,165.217041015625,4844200
2025-11-28,165.2760606818806,167.50925927642456,165.03994661966533,166.90914916992188,2133700
2025-12-01,166.26967168960397,167.0173586804242,165.0104267708771,165.73843383789062,4393500
2025-12-02,166.15161921267074,167.36167180603826,165.95486501225557,166.34837341308594,4338700
2025-12-03,165.8171480417563,171.17877921607487,165.37444730468127,170.9033203125,6223300
2025-12-04,171.4936015310692,173.14635498684257,170.90332386178744,172.05435180664062,4813200
2025-12-05,171.6411694228629,174.4449659325615,171.4739275800626,173.64808654785156,4641600
2025-12-08,174.1203152697777,176.05837517703006,173.2053863486809,173.96290588378906,7271700
2025-12-09,173.91370124101599,177.72094854988723,173.91370124101599,175.9304656982422,4191200
2025-12-10,175.60581584762437,178.3702523395386,174.8679762852394,176.79620361328125,6591200
2025-12-11,177.20938115763914,179.02937629367756,176.58959115939803,177.3667755126953,7598700
2025-12-12,178.2128371214823,178.2128371214823,174.86797055287258,175.51727294921875,4961500
2025-12-15,176.9929547834453,177.96689338175622,174.84829335308027,174.90731811523438,5219000
2025-12-16,175.2418303058862,175.75338829160995,172.83154224849588,173.64808654785156,6840500
2025-12-17,175.16312526821068,176.54041985996273,171.6313366275581,171.9658203125,5796100
2025-12-18,173.68744349578094,174.19901648433617,169.78181137581487,170.15565490722656,7993400
2025-12-19,170.6475421380809,174.81878556123542,170.6475421380809,174.11045837402344,10639400
2025-12-22,174.71056866978245,177.33727573697655,174.53349437849013,176.8453826904297,4574600
2025-12-23,176.91425081392268,177.6520903666081,176.22560356702647,176.589599609375,3514800
2025-12-24,177.23889558864607,179.04905828950018,176.619105583232,178.70472717285156,2648000
2025-12-26,178.90150818191185,179.38355376333567,178.1636686073558,178.92117309570312,2564700
2025-12-29,178.2521934770665,178.75391894911158,176.83553918966453,177.0224609375,2464300
2025-12-30,177.35696247391817,177.45534709156007,175.3697102863552,176.17642211914062,2365500
2025-12-31,176.59944262534046,176.7962118602626,174.52365329254638,174.65155029296875,3098100
2026-01-02,175.6254968205004,179.00972336865595,174.26786721396755,178.95068359375,4509900
2026-01-05,179.2458289735334,185.45351702048987,179.10809951648818,183.5154571533203,6787400
2026-01-06,183.67284747930776,185.75848405566637,182.73825375979814,184.70582580566406,3795600
2026-01-07,184.26313591195768,184.70583664598277,181.3511225081624,181.7938232421875,3532400
2026-01-08,180.92810342899293,183.12194220667942,180.6821569064734,181.68560791015625,3745900
2026-01-09,182.68906892237138,183.88928912030997,182.03976651796842,183.2990264892578,4630900
2026-01-12,181.63642034272772,184.23361487320008,180.9379256532649,183.5449676513672,5635400
2026-01-13,183.9286511951896,183.98767595787072,179.1966275646664,179.79673767089844,6594800
2026-01-14,179.23597303401186,179.39338239612218,176.02882107939186,177.8488311767578,8434000
2026-01-15,178.06528229239154,189.04433865967127,178.06528229239154,188.12940979003906,12957100
2026-01-16,187.4702756456151,189.55589736097167,185.93557174100295,186.02410888671875,8398100
2026-01-20,182.24638125386184,183.67286814533975,178.3407491024634,179.1474609375,11302600
2026-01-21,179.5114473356895,183.39739935194925,179.06874660167736,180.34767150878906,11715800
2026-01-22,181.5380610987941,183.02357281425606,179.30486228540545,180.08206176757812,8966900
2026-01-23,178.92117867485604,178.92117867485604,175.06473884629034,176.09771728515625,8532800
2026-01-26,176.45186991784018,179.48193281140937,175.95997688339165,178.93101501464844,6389800
2026-01-27,179.28517591642625,180.98712158695656,178.2128377087269,179.6983642578125,5138100
2026-01-28,179.48194479867834,180.04269508948144,177.45534776321907,179.38356018066406,5538800
2026-01-29,180.20991782067412,182.02992798123995,176.55024759851656,179.44256591796875,7473400
2026-01-30,178.26543536789356,181.17369836972247,178.02801967433828,180.82748413085938,7434900
2026-02-02,180.63952435809685,183.43898869732035,178.60175546307764,183.1026611328125,6827200
2026-02-03,183.28070054158627,186.64400617247128,176.52439911378264,180.936279296875,7751300
2026-02-04,180.75820887693206,181.66827961012777,176.5738578172018,178.13681030273438,7571900
2026-02-05,176.07926170507253,177.51361222260675,171.3805173618192,173.94256591796875,9571800
2026-02-06,176.959650986948,179.23483539466582,175.5846506643839,178.0181121826172,9139700
2026-02-09,178.04778963687988,181.83646311603255,177.52350990865,180.38232421875,6625900
2026-02-10,179.95697164575293,182.58827226370516,171.6772938250661,175.970458984375,12854500
2026-02-11,177.83016686011447,179.0864518511828,172.41919057550368,174.77349853515625,7777800
2026-02-12,175.51540777826634,176.8607330984377,163.62512225545763,166.24652099609375,14436700
2026-02-13,165.3166643441612,169.63951953572123,161.8247564912253,169.3031768798828,9162400
2026-02-17,170.68807594506097,172.32026533092574,169.0163097325761,169.68896484375,6376900
2026-02-18,171.61793877391642,175.3967107126123,171.5783619464599,174.68447875976562,6343300
2026-02-19,173.2699176966276,174.37782736617783,170.66829221101892,172.48843383789062,7259500
2026-02-20,171.57835498901392,173.53698523285186,169.70874996213757,173.5172119140625,4272600
2026-02-23,172.08288053000146,173.7249567260527,164.81218512076038,165.00013732910156,7795500
2026-02-24,163.68446096510604,168.48213201650447,162.33913573892988,166.9686279296875,7413800
2026-02-25,168.85802838039396,172.16198389589962,167.81935557264353,171.85533142089844,7098500
2026-02-26,172.9929461655883,175.91111090144753,172.5675782710383,175.5747833251953,6901600
2026-02-27,172.12242495898474,172.25102700315827,162.62600926842057,164.71324157714844,12400400
2026-03-02,160.88499914039858,167.76990247524796,160.40028115194346,165.1979522705078,9212600
2026-03-03,160.70695557224286,165.51451355507885,158.22403047547957,164.15928649902344,7495500
2026-03-04,165.77169799804688,167.37421225028714,164.72313854440145,165.77169799804688,5307800
2026-03-05,163.59543886170016,166.15748732606957,158.77797930675902,160.7959747314453,7274900
2026-03-06,157.7887796049384,158.61972693901535,153.67368013822457,158.54058837890625,8046000
2026-03-09,156.21594464590174,160.10354538731005,152.40749756091878,158.71864318847656,7480800
2026-03-10,160.0936460025771,161.7159488181472,158.13501561290843,159.01541137695312,4314600
2026-03-11,158.27350438212432,160.01450749643814,156.14671020464456,159.15390014648438,5463200
2026-03-12,152.70423889160156,154.56395725542248,151.15118809805003,152.70423889160156,11195700
2026-03-13,153.21864095310988,155.54328904421342,152.19975649466124,153.1988525390625,6001900
2026-03-16,154.77170625005255,157.37331665567172,153.1197133024641,154.0198974609375,5498100
2026-03-17,155.60264282894298,158.90659862762,155.60264282894298,156.12692260742188,6528600
2026-03-18,155.32564856339138,158.90658140044437,154.83104391322885,157.21502685546875,9140900
2026-03-19,155.29599281899522,157.89760333861622,154.8409498427943,156.8391571044922,6418300
2026-03-20,156.65120398139442,161.37962379018737,155.55318092404738,159.72764587402344,14621300
2026-03-23,164.4659437496652,166.32566218778305,162.3886131376435,162.54689025878906,10128400
2026-03-24,160.68715856012133,165.31665076555714,160.4794179689942,164.08013916015625,6016200
2026-03-25,165.00011808843186,166.98842339369088,162.23032896531865,163.86251831054688,6444600
2026-03-26,162.87331869954158,164.5351983101601,160.72673615201802,161.46864318847656,6175700
2026-03-27,159.2627148467662,159.49022878447443,155.6323181270836,156.68087768554688,6368400
2026-03-30,158.42187855147822,159.50012826343578,155.52350226968227,156.6610870361328,6261600
2026-03-31,159.7573095131689,163.50640629623734,157.9272661838773,162.794189453125,8081700
2026-04-01,167.08734626087653,167.46323553035847,161.4389545240532,164.3769073486328,7117000
2026-04-02,160.24202591164268,165.197959255416,158.83735046459964,164.0207977294922,5107500
2026-04-06,164.09005441225477,165.8211708022278,163.65479987628532,164.75282287597656,3674800
2026-04-07,163.90210944800245,167.07746319925505,163.50641662778528,166.61253356933594,6036400
2026-04-08,174.9911299601787,179.30408337881448,172.60714687120964,174.12063598632812,7662600
2026-04-09,173.2798073133838,177.06848109446693,172.91380466861978,176.237548828125,5298900
2026-04-10,176.73214227279465,176.73214227279465,172.8148666900626,175.72314453125,4240100
2026-04-13,173.86342795539753,179.2249407604526,173.12152095128985,179.1853790283203,6282900
2026-04-14,180.89670371235155,182.59814495210784,179.78879410288656,181.36163330078125,8803600
2026-04-15,186.4560768514262,192.49024486347278,185.89222027360748,189.5522918701172,9853800
2026-04-16,188.86973738271382,190.43268999541436,184.65571090902003,185.2987060546875,9138100
2026-04-17,187.4551715914685,189.1566128788798,186.1988714921753,186.7825164794922,6846100
2026-04-20,186.8814205543121,190.12602587525458,185.99113821525128,188.6422119140625,4905200
2026-04-21,188.73123746535532,191.05588537968532,186.67369538501003,187.2672119140625,5154900
2026-04-22,189.61164072237642,190.15570888301386,187.77172582408085,188.9884490966797,4492100
2026-04-23,188.6026545204146,189.6907757271636,184.88321777857797,186.6143341064453,3814400
2026-04-24,186.7528204598824,187.01002454274916,185.10084271050724,186.0406036376953,4530600
2026-04-27,185.84275174187505,188.5334023233126,185.72405145256167,188.12782287597656,4163600
2026-04-28,189.24563881037693,190.57117572012473,186.62424006392519,188.30589294433594,4107100
2026-04-29,187.95965532639963,188.454259980787,183.25102445052087,185.061279296875,5107600
2026-04-30,184.5839132392742,189.6858180266641,183.88773334574003,189.5465850830078,5664900
2026-05-01,189.44714639911598,192.44066235036385,187.73656151975916,189.12889099121094,4742700
2026-05-04,188.89019981614604,189.30791383367693,186.0955859015774,186.980712890625,3833000
2026-05-05,188.30343186482295,189.40735564397124,186.9210421932096,188.21392822265625,4807900
2026-05-06,191.11794080576675,193.76338196350255,191.11794080576675,192.29148864746094,6319500
2026-05-07,192.1025273609046,193.18655639048154,188.63162829779915,189.12889099121094,5761900
2026-05-08,189.8350054037188,192.44065698851605,189.4272463644215,192.03289794921875,5873400
2026-05-11,191.30689898156186,192.60972477597238,188.99959286073354,190.05380249023438,5272500
2026-05-12,189.15871833126158,191.3267914830583,185.4292482727775,190.82952880859375,5333300
2026-05-13,189.66594547522143,193.88272345381486,188.56202167558428,192.76885986328125,4463700
2026-05-14,194.5490559106564,196.41876853813852,192.3511632519918,193.46502685546875,4785000
2026-05-15,192.81857999695967,193.36555680006012,190.06374052434742,191.45606994628906,5937700
2026-05-18,191.5654772563961,193.7434903054849,190.09358391681334,191.63510131835938,3770200
2026-05-19,190.50134579318262,191.78427689815405,187.90563385963256,188.54212951660156,6357900
2026-05-20,190.90909641401922,196.98564702255314,189.04932365575573,196.68728637695312,7201100
2026-05-21,196.72706174768393,199.65096877446373,195.82204001553725,199.4122772216797,5817400
2026-05-22,200.02888670479356,201.97814787514264,199.5316240342603,199.92942810058594,3734200
2026-05-26,201.739485514411,202.80361981211533,198.77578886604934,200.6554412841797,5567400
2026-05-27,200.9438496848642,201.4212176030388,195.93143343064727,200.50625610351562,6731500
2026-05-28,198.8255081197203,203.26109790175218,198.58681657026588,202.67431640625,6174800
2026-05-29,202.88318076500525,206.94084620133575,202.60471486817158,206.8612823486328,8255500
2026-06-01,206.47341710283104,210.94878136385503,205.46895192067012,209.85479736328125,6431200
2026-06-02,209.10889395857558,215.84183480559494,209.10889395857558,213.8030548095703,7664400
2026-06-03,211.68473344831463,212.3212290852418,207.64694765362478,208.98956298828125,5957300
2026-06-04,210.84931941991988,217.96018496068095,209.99402698988544,217.07505798339844,5565300
2026-06-05,217.124791987806,217.124791987806,210.0039865022202,210.76976013183594,6171000
2026-06-08,212.10242385267432,214.71801518191774,210.5808012940424,211.07806396484375,4732000
2026-06-09,213.24612210399619,214.06164016891447,204.93188963422506,209.0989532470703,7841100
2026-06-10,207.7961267887196,209.08901276465684,204.70315237697267,205.5286102294922,5362800
2026-06-11,207.64694973266336,211.66484081088794,205.86675595968856,211.4957733154297,4631500
2026-06-12,213.87269020455733,216.42861259022465,211.4957751066843,212.8682098388672,4694300
2026-06-15,217.56236492872551,219.39230314650786,215.66283300128336,216.78663635253906,5862500
2026-06-16,219.30277732183333,221.08298617907408,217.3932904895279,219.62103271484375,5091700
2026-06-17,220.89403588780377,226.8214139136772,220.1481418422381,223.7284393310547,8689700
2026-06-18,227.83581534919364,229.20826522778944,221.66976103671365,221.94822692871094,11933200
2026-06-22,225.46884667114435,226.980514262853,223.75826187109027,225.8467559814453,6870800
2026-06-23,221.29183840998826,226.70205894359503,220.90397411604786,224.79257202148438,6052800
2026-06-24,223.37039712081355,225.25998919406234,218.60661225075364,218.65634155273438,6971000
2026-06-25,221.76921636056173,226.23462553233935,219.6409326888123,219.8298797607422,5257200
2026-06-26,218.49722482804674,218.54695413252455,210.20288672965125,210.8692169189453,9919100
2026-06-29,213.15662491524927,215.81200583887232,210.53107853878186,210.5609130859375,5426400
2026-06-30,209.01940267083782,210.55098029358112,207.0402916506318,207.8955841064453,5599400
2026-07-01,207.81603197792077,212.022870124631,205.58828964330488,210.7001495361328,4690000
2026-07-02,213.53454806820955,214.67824616931503,210.3918442687465,212.75880432128906,3745300
2026-07-06,215.81200870101335,220.92386857659866,215.18545285192943,220.88409423828125,4567700
2026-07-07,220.32713918087728,222.03772399549212,218.61656954151493,220.82440185546875,5413300
2026-07-08,218.7955863917384,219.7006081411468,214.91694343034976,216.87615966796875,4108300
2026-07-09,219.7901066473447,223.21127634627592,218.8055210685031,220.91392517089844,4073100
2026-07-10,222.68417628041843,223.51957393805955,219.64093111668814,221.06309509277344,3617600
2026-07-13,221.2421182163834,222.22668861041552,217.55242245444484,219.87960815429688,4550300
2026-07-14,223.0919331762832,230.83927895414686,222.87313638587088,226.423583984375,9306200
2026-07-15,221.4808027104525,230.9785232797176,220.00890937306926,227.2987823486328,10865600
2026-07-16,226.98052023626562,226.98052023626562,214.60862224411184,217.17449951171875,8313700
2026-07-17,213.22623695121547,217.18445891855833,206.26455924063143,214.32022094726562,7852200
2026-07-20,214.34011484382364,218.5370131750945,209.19842043353034,209.78518676757812,6816500
2026-07-21,212.4902964246674,216.20981163531252,211.08801199620083,215.2152862548828,6999500
2026-07-22,214.34010596129536,218.42760572400908,214.34010596129536,217.3037872314453,3683200
2026-07-23,213.71356269477127,216.07058303774656,212.54996979728017,214.00196838378906,4962100
2026-07-24,215.21528831931275,215.21528831931275,210.05371429258335,213.30580139160156,4091300
2026-07-27,216.82642517119208,218.19885986106763,209.73545443503264,213.38536071777344,4958100
2026-07-28,212.5797948371522,212.5797948371522,206.15515436051822,210.4216766357422,6021000
2026-07-29,210.9288832002707,211.18746951000438,201.82898208659455,202.0179443359375,6722300
2026-07-30,206.36402105925023,209.9940327089863,204.1760682083715,208.91000366210938,6832900
2026-07-31,210.6999969482422,213.4600067138672,208.69000244140625,210.4199981689453,4723000
2026-08-03,211.4600067138672,211.69000244140625,208.00999450683594,211.22999572753906,4982600
2026-08-04,213.6699981689453,218.75999450683594,211.50999450683594,217.0399932861328,8932800
2026-08-05,218.13999938964844,220.1199951171875,217.1199951171875,218.27000427246094,4344100
2026-08-06,219.00999450683594,219.77999877929688,213.5399932861328,213.75,3588000
2026-08-07,213.74000549316406,216.47000122070312,211.80999755859375,216.3300018310547,5225800
2026-08-10,216.3300018310547,217.6199951171875,214.3800048828125,215.3300018310547,3837600
2026-08-11,216.32000732421875,217.2100067138672,213.52000427246094,215.07000732421875,3785000
2026-08-12,218.49000549316406,220.5,216.97999572753906,217.63999938964844,3742600
2026-08-13,219.3000030517578,222.0,217.8800048828125,218.3800048828125,3611200
2026-08-14,217.8000030517578,218.72000122070312,215.3000030517578,217.36000061035156,3405800
2026-08-17,217.36000061035156,220.52999877929688,217.36000061035156,218.2100067138672,3397500
2026-08-18,217.05999755859375,217.6999969482422,215.19000244140625,217.5500030517578,2777900
2026-08-19,218.77999877929688,218.77999877929688,213.55999755859375,214.22999572753906,4910200
2026-08-20,214.2899932861328,215.07000732421875,207.32000732421875,207.4499969482422,4875200
2026-08-21,210.0800018310547,214.57000732421875,209.1300048828125,214.1999969482422,4573000
2026-08-24,214.44000244140625,216.3000030517578,213.22000122070312,214.0800018310547,3444100
2026-08-25,214.86000061035156,217.33999633789062,213.3699951171875,216.77000427246094,3270400
2026-08-26,217.0,217.0,211.85000610351562,214.0800018310547,4126100
2026-08-27,214.02999877929688,216.52000427246094,213.5,214.86000061035156,3923400
2026-08-28,215.39999389648438,216.64999389648438,214.19000244140625,214.77000427246094,3735400
2026-08-31,214.3000030517578,214.5,212.6199951171875,213.32000732421875,4206700
2026-09-01,210.22000122070312,216.25999450683594,208.91000366210938,211.0399932861328,3522800
2026-09-02,211.97000122070312,216.14999389648438,210.60000610351562,211.82000732421875,3615800
2026-09-03,213.1999969482422,217.80999755859375,213.1999969482422,217.14999389648438,3868500
2026-09-04,215.63999938964844,218.22000122070312,214.30999755859375,217.72000122070312,3132000
2026-09-08,217.1999969482422,218.50999450683594,215.22000122070312,216.24000549316406,3455200
2026-09-09,215.00999450683594,217.5399932861328,212.30999755859375,215.35000610351562,4023100
2026-09-10,214.0399932861328,216.27000427246094,212.50999450683594,212.66000366210938,4546800
2026-09-11,215.10000610351562,217.75999450683594,211.24000549316406,214.3800048828125,3928400
