Date,open,high,low,adj_close,volume
2016-09-12,23.42569920284616,23.925189672574092,23.357939211307187,23.86904525756836,10174000
2016-09-13,23.77418613852514,23.855498145025148,23.443127368954332,23.530248641967773,7679200
2016-09-14,23.619302549611216,23.79741496844243,23.52637349623217,23.638662338256836,7883600
2016-09-15,23.619304195259282,23.82064926072804,23.50701534541102,23.76063346862793,5134400
2016-09-16,23.667700315222927,23.917445551010772,23.56509211664761,23.874853134155273,13406000
2016-09-19,23.938742728020117,24.178807341669643,23.894213887581227,24.14976692199707,4990400
2016-09-20,24.16912853534745,24.347242433501993,24.16912853534745,24.21365737915039,8329600
2016-09-21,24.234953855410392,24.755740601531897,24.209786277281026,24.74993133544922,7809600
2016-09-22,24.860287642128228,24.949342385217047,24.720894783792495,24.786718368530273,6233200
2016-09-23,24.308520628651877,24.720891356907224,24.01618442817176,24.53890609741211,9808400
2016-09-26,24.500188450228098,24.583436875802246,24.35692275603994,24.438236236572266,5540800
2016-09-27,24.604731208718793,24.89513248243474,24.500188049991444,24.54665184020996,9823200
2016-09-28,24.64925536680266,24.674422940665078,24.2620537421422,24.486631393432617,6843200
2016-09-29,24.37240969909014,24.382090331940685,23.762566755935815,23.948423385620117,11084800
2016-09-30,24.064589540662897,24.176876926473373,23.572843137087816,23.681259155273438,12255200
2016-10-03,23.708359999844777,23.750952423328602,23.27856587495491,23.450870513916016,6773600
2016-10-04,23.452803769631103,23.452803769631103,22.864257085706868,23.01913833618164,9205200
2016-10-05,23.052053942182408,23.2611432218577,22.924278144863493,22.949445724487305,8268800
2016-10-06,22.868134761123322,23.05979920436311,22.751973060195077,22.850709915161133,10979600
2016-10-07,23.210802773942547,23.863238085451222,23.168210356144872,23.5689640045166,19343200
2016-10-10,23.592204613032564,23.801293929076174,23.474107951770392,23.77031707763672,8225600
2016-10-11,23.648347120881237,23.71223576397433,23.38311339101617,23.45474624633789,7655600
2016-10-12,23.491527579110517,23.840009716979576,23.46635999912005,23.80903434753418,7682400
2016-10-13,23.799350548014278,24.233016001966202,23.719973497202542,24.12847137451172,8133200
2016-10-14,24.074264145107826,24.207849197291324,23.985207936004556,24.012311935424805,5538000
2016-10-17,24.074258497610522,24.097491124688037,23.93293074479528,24.01811408996582,4531600
2016-10-18,24.202037614359586,24.287220966159115,23.94261176150435,24.221397399902344,5262800
2016-10-19,24.180741874018718,24.271734492589193,24.031668420641605,24.118789672851562,6226400
2016-10-20,24.118794701771776,24.318203344698478,23.989082484322388,24.031673431396484,7426000
2016-10-21,23.915511134774388,24.043288396056237,23.791606717380745,23.950359344482422,4504800
2016-10-24,24.047164423508747,24.111053066532037,23.90777155766064,24.080076217651367,5948000
2016-10-25,24.033610687093347,24.316267765974036,23.987146894182683,24.300779342651367,5546800
2016-10-26,24.31045465435415,24.49437484060998,24.172998250836955,24.432422637939453,5264000
2016-10-27,24.364666875308256,24.47114793449744,24.070394230819385,24.223339080810547,6072400
2016-10-28,24.263993846662235,24.480825844066672,24.18268184763557,24.341434478759766,7975200
2016-10-31,24.596990262708914,24.869968188834264,24.349179917061292,24.78091049194336,12201200
2016-11-01,24.817688462479726,24.835111826501848,24.28722117626596,24.372406005859375,6615200
2016-11-02,23.870987484895092,24.060715507347094,23.656090404423768,23.944555282592773,24144400
2016-11-03,23.948424716022426,24.08200977608353,23.799352710420184,23.975528717041016,8894000
2016-11-04,24.089752668316013,24.14202424540187,23.84194382853957,23.84775161743164,8741600
2016-11-07,23.967786213900727,24.136218010846402,23.774185360725625,24.1342830657959,11381600
2016-11-08,24.143958857621623,24.283351688811678,24.025862235477664,24.233015060424805,8492000
2016-11-09,23.458617503289855,23.458617503289855,22.492549557450733,22.746166229248047,28179200
2016-11-10,22.610645017916795,22.6358125984228,21.75105671160338,22.275714874267578,29856000
2016-11-11,22.178911797704753,22.366704849172276,21.832366116233466,21.9814395904541,16962000
2016-11-14,21.859468784065292,22.178908947950458,21.39095368805685,22.155677795410156,26612000
2016-11-15,22.128575404588148,22.32991896747532,22.02209435753109,22.2699031829834,17999600
2016-11-16,22.318308586792817,22.38026080758039,21.91174704555826,22.126644134521484,16990000
2016-11-17,22.053072425695625,22.291200632092462,22.049199581737927,22.22150421142578,8694400
2016-11-18,22.38993755151355,22.38993755151355,21.965951237170305,22.087919235229492,12270400
2016-11-21,22.15568664346493,22.19246980869573,22.01048597387296,22.138261795043945,9200000
2016-11-22,22.20653533935547,22.382112211607186,22.1597138478343,22.20653533935547,10324800
2016-11-23,22.02510518335434,22.206534361965584,21.991941077938986,22.126548767089844,9386000
2016-11-25,22.224093900512468,22.467950271844586,22.218241585741485,22.38796615600586,4609200
2016-11-28,22.483554624856186,22.75862529173934,22.43478335668947,22.68839454650879,18561200
2016-11-29,22.68839703541064,23.123435961687875,22.664986288305318,22.877628326416016,12683200
2016-11-30,22.606459904774802,22.627919383945958,22.270914797077275,22.284570693969727,13353200
2016-12-01,22.146062888142307,22.224097236357807,21.97243724476306,22.03486442565918,12088800
2016-12-02,22.181173264079472,22.41722752345826,22.16361632109386,22.319684982299805,8462800
2016-12-05,22.300180443365168,22.512824006251986,22.079734785155694,22.434789657592773,10162800
2016-12-06,22.39967274415654,22.55574143080808,22.331393251889477,22.386016845703125,11771600
2016-12-07,22.43868594789426,22.961514038167252,22.39576847919322,22.957612991333008,10788800
2016-12-08,22.78204025894794,22.947862314607217,22.69620232917456,22.799598693847656,8990000
2016-12-09,22.823002590344284,22.899085650799964,22.579146245709158,22.725460052490234,11916000
2016-12-12,22.64742489508101,22.979070404667052,22.602556162804806,22.91274070739746,16726000
2016-12-13,22.924451036864234,23.250242804030204,22.918598721872698,23.21902847290039,9606800
2016-12-14,23.349739204201644,23.49410178067618,22.629874613072715,22.635726928710938,10513600
2016-12-15,22.625968290686714,22.83470926728102,22.4055211971636,22.830806732177734,10830800
2016-12-16,22.87177570948569,23.252192530918947,22.848366451070866,23.19561767578125,15695200
2016-12-19,23.31267260849009,23.349739258794003,23.080520831755297,23.25804901123047,5144400
2016-12-20,23.261950725072317,23.390707626627247,23.168310695197313,23.273656845092773,6166000
2016-12-21,23.23268578792989,23.371197530291482,23.119537551635045,23.137094497680664,6073200
2016-12-22,23.144895135247257,23.21902693419607,23.051255124825715,23.19561767578125,5002800
2016-12-23,23.193666708261592,23.26584872886401,23.1253872230329,23.25999641418457,3570400
2016-12-27,23.230732834107677,23.32827537893845,23.13123902163358,23.263896942138672,2621600
2016-12-28,23.277553427406655,23.345832912838283,23.11173139467809,23.146846771240234,5213200
2016-12-29,23.259999398399266,23.46093683287267,23.12148765410307,23.445329666137695,4048000
2016-12-30,23.451180621568678,23.556526758348408,23.234636032918328,23.304866790771484,5696000
2017-01-03,23.320471189927204,23.34193066830207,22.98102355949556,23.16050148010254,6101200
2017-01-04,23.25999889395021,23.37314712937151,23.133193271646,23.228784561157227,8541600
2017-01-05,23.367294091654514,23.367294091654514,22.971271558969963,23.21512794494629,6155200
2017-01-06,23.100026765284426,23.240486783151848,23.02199242977064,23.146846771240234,8810000
2017-01-09,23.23853228960252,23.31461534198921,23.039544699990532,23.088315963745117,6061200
2017-01-10,23.045400972162394,23.15855068072092,22.88933379436753,23.133190155029297,6372800
2017-01-11,23.066867576650264,23.334134766315344,23.066867576650264,23.29511833190918,5600000
2017-01-12,23.330230516404455,23.396560236081363,23.187819201737657,23.312673568725586,6534000
2017-01-13,23.273661047058972,23.297070314563452,22.996638978408377,23.224889755249023,5775200
2017-01-17,23.29315721252727,23.46678280245359,23.250238259802842,23.453126907348633,6962000
2017-01-18,23.45313377314089,23.599447615689968,23.37900047368528,23.416067123413086,5786400
2017-01-19,23.287305210554713,23.457028267934955,23.185860141232748,23.269746780395508,4725600
2017-01-20,23.30876902843149,23.338030603511836,23.088321906951325,23.265850067138672,5106000
2017-01-23,23.31852261635351,23.394605689061247,23.148799525719898,23.172208786010742,9114800
2017-01-24,23.164406540213193,23.26585163526661,23.09222599897503,23.178062438964844,4850400
2017-01-25,23.066862329595626,23.232684370674377,23.041501801838574,23.21902847290039,6880400
2017-01-26,23.156602189456798,23.271703179447396,23.00248626081616,23.166357040405273,5508000
2017-01-27,23.402411859103818,23.769171365224604,23.279508763846128,23.67748260498047,12540400
2017-01-30,23.736005995466765,24.11642286932669,23.710645465895308,23.888172149658203,11280000
2017-01-31,23.886220414728832,24.25102860366188,23.831596824196474,24.135929107666016,8781200
2017-02-01,23.940835796817968,24.1183624051807,23.81793127187845,23.921327590942383,8219600
2017-02-02,23.98766633218956,24.096913523816156,23.823795544749665,24.085208892822266,5004800
2017-02-03,24.171039990183516,24.364173788897567,24.102760514717026,24.231515884399414,8227200
2017-02-06,24.26858656459368,24.35247321653065,24.098861992986915,24.163240432739258,4192800
2017-02-07,24.20421176090833,24.315410224284758,24.13983331148476,24.254934310913086,6258800
2017-02-08,24.237371589742917,24.662657152933566,24.237371589742917,24.63924789428711,8594400
2017-02-09,24.63925452748987,24.63925452748987,24.225673482281138,24.317363739013672,6426000
2017-02-10,24.28809834986906,24.492938328895217,24.239327068042016,24.477331161499023,4821200
2017-02-13,24.48317645844959,24.604129738523625,24.41294571368157,24.580718994140625,3542800
2017-02-14,24.38953496929857,24.598275936142144,24.291992433607536,24.580718994140625,6450400
2017-02-15,24.395393049875878,24.570968454205442,24.299800276500353,24.44221305847168,7062000
2017-02-16,24.483181021544407,24.621691269435043,24.432458476784895,24.61779022216797,4990000
2017-02-17,24.71533289800914,24.769956490305297,24.572920113767367,24.748497009277344,9351200
2017-02-21,24.66265820196902,25.066485791371093,24.58072281645898,25.02161407470703,6306800
2017-02-22,24.96699510563795,25.10355261024221,24.861648958885556,25.056734085083008,8544400
2017-02-23,25.11720326752141,25.292778643346864,25.009905881511642,25.199138641357422,7606400
2017-02-24,25.329474569341127,25.744260787963867,25.26066998821452,25.744260787963867,10271600
2017-02-27,25.76588898759333,25.76588898759333,25.39434778903289,25.52998924255371,7332800
2017-02-28,25.547683648953708,25.84648479134416,25.46708466993438,25.752126693725586,8994400
2017-03-01,25.46904971972335,25.606655905385495,25.282298253496876,25.439563751220703,9072000
2017-03-02,25.439566554251147,25.87794166530167,25.35896756534337,25.74033546447754,6120400
2017-03-03,25.693155016745255,25.752129960083337,25.518197917916083,25.712814331054688,5286000
2017-03-06,25.65383519427333,25.750161019299533,25.508364091097178,25.68135643005371,8208400
2017-03-07,25.628274721410413,25.77571053303087,25.602721220450235,25.683317184448242,7964400
2017-03-08,25.461188123127624,25.579134998249717,25.335376323243437,25.44546127319336,6328000
2017-03-09,25.48870972116496,25.590929747798743,25.301958249887512,25.3098201751709,5044400
2017-03-10,25.516227030684576,25.588961076820432,25.36092628403999,25.567337036132812,5922800
2017-03-13,25.573239958243075,25.687257380176554,25.44742814776306,25.645977020263672,5837200
2017-03-14,25.620421982578115,25.746233800279466,25.56144703687022,25.6676025390625,5369600
2017-03-15,25.72066924682073,26.072551079758274,25.62827589401072,25.929044723510742,8121200
2017-03-16,25.872045670730778,25.903499375117832,25.472986170039874,25.535890579223633,10442800
2017-03-17,25.579135462122565,25.905460855099058,25.573238268239013,25.600759506225586,18648400
2017-03-20,25.697084889066144,25.78751052675743,25.46511760187779,25.53392219543457,7566800
2017-03-21,25.59878992496836,26.01554087826365,25.474942877697274,25.919218063354492,9536400
2017-03-22,25.95067596839299,26.184608011749987,25.90546314475961,26.02931022644043,5535200
2017-03-23,26.045026743936894,26.1688707768888,25.90348813520125,25.966392517089844,6200400
2017-03-24,25.94280960702504,26.200330383973657,25.89366432899394,26.105972290039062,5728000
2017-03-27,26.155118315766966,26.164947971572133,25.681357102102194,25.771785736083984,8160000
2017-03-28,25.702980719154453,25.862210941954434,25.655800171825298,25.80323600769043,5511200
2017-03-29,25.66366195678711,25.758020040313014,25.59878983699137,25.66366195678711,4426800
2017-03-30,25.56341213952014,25.669567643252947,25.11913980797535,25.187944412231445,13592400
2017-03-31,25.174179195196135,25.414008415357458,25.12700014362514,25.235118865966797,9346000
2017-04-03,25.260674565725523,25.31375230936748,24.98349445953855,25.303922653198242,6970000
2017-04-04,25.34520379822343,25.53982019790556,25.24298376973485,25.465118408203125,5436400
2017-04-05,25.439562501441088,25.720672052655726,25.358963525373635,25.68135643005371,7146400
2017-04-06,25.567344391878656,25.644010921902787,25.437600110425404,25.50836944580078,6118000
2017-04-07,25.561441916727208,25.624349312772242,25.313750793876792,25.34520149230957,7067200
2017-04-10,25.34520232952943,25.48477624437127,25.274436006025777,25.443492889404297,4207600
2017-04-11,25.384520293586398,25.471016463963227,25.223322339776896,25.421871185302734,4214400
2017-04-12,25.282295072908852,25.66169515133267,25.26067103219732,25.655797958374023,5874800
2017-04-13,25.573234380288792,25.850414449035448,25.55750753246031,25.706911087036133,7746400
2017-04-17,25.68725358100934,25.805203448210168,25.64793795847231,25.734434127807617,4508400
2017-04-18,25.732462714643827,25.962465222731154,25.644001826696783,25.936908721923828,7822400
2017-04-19,25.934942708097527,25.94674009358211,25.724602493926255,25.850414276123047,8320000
2017-04-20,25.850419110983996,25.850419110983996,25.402214365604863,25.726572036743164,8054800
2017-04-21,25.803232965152635,26.406738355269162,25.803232965152635,26.14921760559082,10480800
2017-04-24,26.070587217023775,26.166913045833123,25.836655203908116,26.09614372253418,9744400
2017-04-25,26.06862080713995,26.145287319144835,25.921184976392894,26.129560470581055,5167200
2017-04-26,26.145284421963236,26.308447083193876,26.07647984206971,26.111865997314453,5967200
2017-04-27,26.078454823883792,26.381188460495093,26.072557629634815,26.247514724731445,5624000
2017-04-28,26.214088838394122,26.3654541138731,26.159046374658256,26.255369186401367,6652800
2017-05-01,26.36938521825084,26.404771371453645,26.102034836898564,26.15314483642578,7204000
2017-05-02,26.19246737861688,26.349729862156032,26.159048950885328,26.345800399780273,6858400
2017-05-03,26.314345463758855,26.39101197072935,26.178704028444255,26.216054916381836,6574400
2017-05-04,26.166916509620446,26.440164183052772,26.16495177800951,26.408710479736328,7013200
2017-05-05,26.49520682712499,26.579738280359393,26.3870865960532,26.40674591064453,7312400
2017-05-08,26.440162670058616,26.56990693912186,26.375290535526993,26.528623580932617,5804800
2017-05-09,26.428366554207507,26.52468938436878,26.241615087995168,26.29665756225586,6190000
2017-05-10,26.30648451633065,26.432296301660006,26.22785027575632,26.375286102294922,7498800
2017-05-11,26.357593138635842,26.471610531787924,26.261267323837686,26.46767807006836,3581200
2017-05-12,26.48536846318629,26.701608854244288,26.47160934716766,26.64656639099121,6115200
2017-05-15,26.585630622853095,26.86084297936297,26.548279731700386,26.760587692260742,7712400
2017-05-16,26.760589811891307,26.894263538615533,26.693749948939242,26.715373992919922,5438000
2017-05-17,26.71536424034279,26.96502302069144,26.71536424034279,26.823484420776367,7484800
2017-05-18,26.858877308272486,27.075114723795338,26.679987783005778,26.919816970825195,8878000
2017-05-19,26.937503131548567,27.049555778545074,26.656393648040574,26.98861312866211,6914800
2017-05-22,27.002382211515148,27.242211412982538,26.931612889777398,27.196998596191406,8549600
2017-05-23,27.230417432477807,27.533151035792798,27.20289619581281,27.316913604736328,7788800
2017-05-24,27.36016593872227,27.605892402461006,27.328715231052584,27.55084991455078,6207200
2017-05-25,27.66229925441646,27.887984541974888,27.565296056037692,27.85433006286621,4765200
2017-05-26,27.87215052925593,27.9256031898458,27.789003624325943,27.85631561279297,4430000
2017-05-30,27.820677437098894,27.92362251114511,27.76326756203659,27.844432830810547,11000400
2017-05-31,27.85829129723292,28.07803774461094,27.85829129723292,28.000829696655273,13267600
2017-06-01,27.983017050972656,28.09189796447754,27.858295178905472,28.09189796447754,6446400
2017-06-02,28.26413027546125,28.295803126471174,28.058240129621037,28.25225257873535,7339600
2017-06-05,28.19088355615707,28.238397370768215,28.070121920534344,28.082002639770508,4325600
2017-06-06,28.212655180042063,28.23839220250988,28.05626047766809,28.095853805541992,8223600
2017-06-07,28.097840317921673,28.30570912369986,28.000837090462486,28.22652244567871,5715200
2017-06-08,28.226518143324892,28.226518143324892,27.84047786045124,28.002811431884766,6776400
2017-06-09,27.933515796426253,28.06021623786587,27.705848911130033,27.763261795043945,7172800
2017-06-12,27.763265829224636,27.886006050110726,27.349506949647232,27.600929260253906,8946400
2017-06-13,27.600930733578426,27.785044095512692,27.509866377988175,27.705854415893555,6944400
2017-06-14,27.94341278076172,28.14930289286179,27.834531898098863,27.94341278076172,5689200
2017-06-15,27.955298884950093,28.133470382539723,27.846414960521994,28.085956573486328,11065600
2017-06-16,28.149311248510436,28.343320702642593,28.095858585359505,28.277990341186523,10408800
2017-06-19,28.319558779347194,28.347274409264287,28.137427065495277,28.18889808654785,9268400
2017-06-20,28.198795790376256,28.276003828557744,28.09585073254195,28.103771209716797,8612800
2017-06-21,28.135435880288238,28.182949667199548,27.79888819680067,27.925588607788086,6520800
2017-06-22,27.891943245071,28.153264627210866,27.850368290357093,28.030521392822266,7685600
2017-06-23,28.03052396525117,28.5729619314036,27.98697039756418,28.337377548217773,11007600
2017-06-26,28.38687352968961,28.67986782302221,28.33342086794577,28.55316734313965,7911200
2017-06-27,28.42250127555378,28.57691734554416,28.115647744396604,28.16514015197754,9662800
2017-06-28,28.293823798092106,28.355193910134243,27.864229993019823,27.917682647705078,8363600
2017-06-29,27.753363818641343,27.79097853289304,27.509862011613173,27.709810256958008,11584000
2017-06-30,27.76127692908688,28.036454559857596,27.72960408800196,27.74148178100586,8531600
2017-07-03,27.88402877563345,28.07209935492814,27.64052391052246,27.64052391052246,4121200
2017-07-05,27.63260689317113,27.67417883222385,27.369306869653325,27.48215103149414,7705600
2017-07-06,27.42671515115835,27.678137463194993,27.319812864742655,27.630626678466797,6964400
2017-07-07,27.63062946000788,27.945400523628813,27.59301473779326,27.810779571533203,5514000
2017-07-10,27.84047771739015,28.07408049529055,27.76920851008911,27.91966438293457,6750400
2017-07-11,28.01666093051647,28.01666093051647,27.62270030679783,27.86422348022461,7593600
2017-07-12,28.08397436070428,28.159203793524892,27.846411387474614,27.870166778564453,6771600
2017-07-13,27.957274492070642,27.97905127461781,27.753365992209513,27.83057403564453,5557200
2017-07-14,28.04240237270032,28.13742998866878,27.977075040290952,28.044384002685547,5052800
2017-07-17,27.994890642950406,28.058239364019112,27.86422994097597,27.90778350830078,11244400
2017-07-18,27.96717336395123,28.135445754361804,27.911742103489257,28.010726928710938,5471600
2017-07-19,28.099819136978468,28.123574533852448,27.97905750157268,28.07210350036621,3773600
2017-07-20,28.175041572358104,28.481892108165454,28.11168983543202,28.40468406677246,6280000
2017-07-21,28.341341394136947,28.592760724135218,28.22454000264694,28.580883026123047,5413600
2017-07-24,28.58880686885874,28.58880686885874,28.333424248439723,28.33936309814453,8410400
2017-07-25,28.382909088515778,28.39874702375379,28.13544701437924,28.331438064575195,5401200
2017-07-26,28.234426001815418,28.820417401260418,28.169095665268138,28.802600860595703,7041600
2017-07-27,28.695692523993674,28.774882175378128,28.499704555966844,28.636301040649414,5680000
2017-07-28,28.626418516123113,28.856061061805477,28.59672125001765,28.729360580444336,4625200
2017-07-31,28.770927070743372,29.077780605455324,28.757067746487277,28.921382904052734,6780400
2017-08-01,28.879815093015697,29.145093713582558,28.87189461494598,29.016414642333984,6042000
2017-08-02,28.935239441214193,29.09757295352003,28.7808233843086,29.05006217956543,6688000
2017-08-03,29.012452760780686,29.26783227969093,28.97087780521165,29.20844078063965,5674400
2017-08-04,29.09163914755835,29.166868580390425,28.919406520576594,29.052045822143555,5915600
2017-08-07,29.067881324043853,29.198542005678277,29.000572374393457,29.119352340698242,4819200
2017-08-08,29.101535379988878,29.21635812697457,29.04214388730293,29.170825958251953,4750800
2017-08-09,29.275746371524008,29.337116466205664,29.091633066702567,29.149045944213867,11042000
2017-08-10,29.07579657828961,29.358894700392295,29.065900514096256,29.24407196044922,5367600
2017-08-11,29.228241983745626,29.309410273503794,29.032250922792905,29.137174606323242,5086000
2017-08-14,29.222309877165593,29.372765773730002,29.176777688338415,29.3113956451416,3908000
2017-08-15,29.19855299618,29.564795139446446,29.19855299618,29.50738525390625,4777200
2017-08-16,29.495488870604554,29.731070133823298,29.45391392958003,29.691476821899414,5415200
2017-08-17,29.582600632388225,29.758796504650817,29.366814458694527,29.42026710510254,5450800
2017-08-18,29.398486411352057,29.814223791136303,29.309400693048705,29.681581497192383,5754800
2017-08-21,29.695452515651542,29.86174632475256,29.63210076697822,29.78453826904297,3898000
2017-08-22,29.808296195660084,29.93103643072691,29.69941226740197,29.861745834350586,5402400
2017-08-23,29.816505116488877,29.959978479988305,29.641148107635846,29.818496704101562,5781200
2017-08-24,29.89023835023985,29.89023835023985,29.679014485726253,29.752742767333984,5164400
2017-08-25,29.822483466013853,29.979904026868233,29.69096570696579,29.9101619720459,5036400
2017-08-28,29.950019672755126,30.069578802749593,29.89820797989112,30.065595626831055,3499600
2017-08-29,30.095483149911644,30.145300211742338,29.91813453141806,30.033710479736328,5597200
2017-08-30,29.973927554975646,30.05761984883573,29.924110496207117,30.01378059387207,4246000
2017-08-31,30.089511528643612,30.09349774577497,29.932090918771795,29.99186897277832,6826000
2017-09-01,30.08950564766221,30.14928673057733,29.8224869233125,29.922121047973633,4287200
2017-09-05,29.926105293753775,29.979908574360355,29.75075129568301,29.942047119140625,4299200
2017-09-06,30.009798848669753,30.03171847719628,29.54151725769043,29.54151725769043,9138400
2017-09-07,29.581373573044743,30.06958021816876,29.579381984991727,29.78861427307129,7742400
2017-09-08,29.732821551166836,29.7866217978197,29.304392922584924,29.543514251708984,11796800
2017-09-11,29.543502676243182,30.20906078497925,29.493685625503172,30.169204711914062,9118000
2017-09-12,30.105449487713287,30.15925276999766,29.477752635975325,29.716876983642578,7717200
2017-09-13,29.700934268063484,29.728831702376677,29.50166601137147,29.527568817138672,5824800
2017-09-14,29.49169934135701,29.854368995444354,29.421954241542668,29.800565719604492,4588000
2017-09-15,29.912149285999316,29.965952550757628,29.730814496304134,29.90816307067871,9065600
2017-09-18,29.89022893739256,29.89022893739256,29.368147244941994,29.55147361755371,6562000
2017-09-19,29.583371808101198,29.67702510748902,29.4359121782057,29.475765228271484,7026800
2017-09-20,29.57339529246496,29.613248325695245,29.073230147561542,29.240617752075195,5489600
2017-09-21,29.24062298487337,29.457824639350868,29.186819708058696,29.248592376708984,5647600
2017-09-22,29.30040843506197,29.344247702724815,29.133023798854477,29.164907455444336,4904800
2017-09-25,29.135007544472785,29.35420076031524,29.059284648506125,29.256561279296875,6024800
2017-09-26,29.274494728347545,29.539521823993482,29.274494728347545,29.431915283203125,5562000
2017-09-27,29.262536992228185,29.37213207202462,29.03537136114752,29.142974853515625,6888800
2017-09-28,28.991541022364743,29.368157922278268,28.834117389995733,29.290443420410156,5395600
2017-09-29,29.282476337626857,29.340265847873496,29.158930963516493,29.202770233154297,5267200
2017-10-02,29.36615465472102,29.427927312316694,29.1629032730691,29.240617752075195,4581200
2017-10-03,29.166893191715655,29.28645535964226,29.017442002103515,29.2705135345459,4008400
2017-10-04,29.292433029561195,29.613255036746743,29.21272694503737,29.60528564453125,4390400
2017-10-05,29.59930909697859,29.60528994274881,29.304392892712638,29.443880081176758,6817600
2017-10-06,29.332278430194137,29.42593472743606,29.146960463688686,29.38608169555664,5110800
2017-10-09,29.483727980511926,29.569411857986086,29.429924708265467,29.471769332885742,4396400
2017-10-10,29.471767323299726,29.718861000664734,29.3801056485585,29.696941375732422,3512000
2017-10-11,29.61723205273158,30.03967964254298,29.61723205273158,29.864322662353516,5319600
2017-10-12,29.912158485353945,30.077551505224,29.770676683578532,30.029726028442383,5221600
2017-10-13,30.167222488065,30.34257953408797,29.97791824461334,29.99983787536621,4461200
2017-10-16,30.137326099157306,30.24891581368449,29.87030437871963,30.1931209564209,5396400
2017-10-17,30.18913968643473,30.460144626365683,30.095483366272344,30.422283172607422,5164400
2017-10-18,30.33460679584959,30.4442049485123,30.223017055172065,30.396379470825195,4298800
2017-10-19,30.422271017069466,30.67733403031583,30.328614734328433,30.661392211914062,5249600
2017-10-20,30.635505915691763,30.735140053915643,30.484060079612206,30.71919822692871,5750800
2017-10-23,30.683325692541267,30.82679908237661,30.553802540330743,30.76303482055664,4873200
2017-10-24,30.71121591394466,30.767010770154513,30.52589793594584,30.731143951416016,5718400
2017-10-25,30.675350391868566,30.725167447061132,30.161238017410284,30.659408569335938,7509200
2017-10-26,30.84672287318759,31.085844143093002,30.559776133064336,30.565753936767578,5894000
2017-10-27,30.565748603791572,31.245253885027513,30.56375701643528,31.053955078125,5807200
2017-10-30,30.94835278192192,31.123709822622537,30.864660478112715,30.958316802978516,5413600
2017-10-31,30.90451303733654,30.99816936073433,30.74908404118537,30.900529861450195,5310800
2017-11-01,31.020085582210477,31.030049602016113,30.505973174277386,30.563762664794922,5747600
2017-11-02,30.585689575556422,30.83676651525141,29.56543390822425,29.86234474182129,15917200
2017-11-03,29.838436007603864,30.517938592260773,29.790610521517742,30.418304443359375,12337600
2017-11-06,30.468117178943533,30.513951070138024,30.21903184216148,30.260879516601562,5631600
2017-11-07,30.354533989504095,31.04998130186806,30.272833274295525,30.984222412109375,7872000
2017-11-08,30.884591947519795,31.03404315817648,30.669381839303046,30.870641708374023,7970800
2017-11-09,30.755072185892278,31.00814380700608,30.707249734439362,30.9364070892334,4779600
2017-11-10,30.80287920122804,30.970263762096387,30.657414264325183,30.918455123901367,5143200
2017-11-13,30.95433658205575,31.285122685414535,30.854702433376087,31.241283416748047,4000000
2017-11-14,31.187473844221564,31.593982791699425,31.13566519195538,31.564090728759766,6055200
2017-11-15,31.653748883564493,31.739432734102603,31.29107936770985,31.35683822631836,5320000
2017-11-16,31.364824676015118,31.426600394195415,31.155595423693295,31.342905044555664,5458800
2017-11-17,31.285125212724875,31.34291168576637,31.06393726316405,31.093826293945312,4312000
2017-11-20,31.1276957319437,31.219357427338114,30.94835247647204,31.06990623474121,5787600
2017-11-21,31.18348421880915,31.2631902889785,31.03801623189215,31.127689361572266,5325200
2017-11-22,31.12829036282117,31.272672297218506,30.993935546616093,31.118263244628906,7773600
2017-11-24,31.20249648533347,31.362918177616766,31.17843078361286,31.28872299194336,2544400
2017-11-27,31.332838687167804,31.595532717145417,31.264659164547936,31.48323631286621,6070800
2017-11-28,31.58349494846931,31.7639708385218,31.497268462733334,31.641647338867188,4949200
2017-11-29,31.54339059191546,31.741913465654996,31.382965873245762,31.63763999938965,8354400
2017-11-30,31.701811024608023,31.86023155834888,31.557429070246833,31.691783905029297,13614800
2017-12-01,31.76197726396362,31.922402030924594,31.36893673790163,31.577489852905273,5712400
2017-12-04,31.613584515642962,31.675751447344204,31.186457274263418,31.276695251464844,5603600
2017-12-05,31.368927715060554,31.44914160539258,30.97187890241992,31.21051025390625,6810000
2017-12-06,31.386979645028713,31.757958583195904,31.240590433789983,31.639646530151367,7935600
2017-12-07,31.6296202125706,31.719858169555664,31.485238257455574,31.719858169555664,5808400
2017-12-08,31.780019991068347,31.89031219482422,31.56144284352785,31.89031219482422,5248000
2017-12-11,31.882290522470882,31.954481500840206,31.5714681694961,31.93442726135254,6435600
2017-12-12,31.85220672910478,31.964503118020442,31.447138049065728,31.497270584106445,7953600
2017-12-13,31.60956883565942,31.691783872487022,31.2425982903555,31.376953125,14412000
2017-12-14,31.42908587697235,31.93241845290763,31.196473255661342,31.67974853515625,8908000
2017-12-15,31.820125370023334,31.892316352399273,31.52935724039851,31.76999282836914,13972000
2017-12-18,31.808085444587228,31.918377618358708,31.304755964089523,31.35288429260254,7763200
2017-12-19,31.38296829206925,31.481229166541503,30.889662779611925,30.901697158813477,6260000
2017-12-20,30.901695358958452,31.15035077072398,30.779371852902262,30.809450149536133,8838800
2017-12-21,30.84756186386673,31.136325849218455,30.616950291747845,30.9779052734375,7148800
2017-12-22,31.06413890969517,31.15638110271059,30.941815346032417,30.989940643310547,4315200
2017-12-26,31.022011873187942,31.152358299369965,30.87963718809558,30.881641387939453,2894000
2017-12-27,31.00797607393508,31.152358017411615,30.905703745728413,31.140323638916016,4305200
2017-12-28,31.122272827471864,31.36691980934799,31.11224570988415,31.35288429260254,3426800
2017-12-29,31.453155229217103,31.5393817249295,31.284707577852195,31.320804595947266,4746400
2018-01-02,31.368935160341923,31.417063505964197,30.965870592741638,31.1002254486084,4766400
2018-01-03,30.89969200434292,31.24861558862763,30.436467818557286,30.440479278564453,11008000
2018-01-04,30.38232306546826,30.687129761667542,30.205858607540147,30.28406524658203,13629200
2018-01-05,30.356264238561785,30.468560666843587,30.199850919190965,30.422439575195312,10318000
2018-01-08,30.422423535464855,30.729234350919516,30.38231506664088,30.673086166381836,7225200
2018-01-09,30.791401823366932,30.791401823366932,30.342213234270552,30.44849395751953,6527600
2018-01-10,30.257987937342488,30.402369860193776,30.11160181495177,30.19782829284668,7042800
2018-01-11,30.179786682128906,30.300105992508158,30.033400533716986,30.179786682128906,7550400
2018-01-12,30.105598420299618,30.374308140682942,29.93113507420775,30.143699645996094,6386400
2018-01-16,30.16775399818999,30.29609316219277,29.893028692398193,30.18780517578125,7471600
2018-01-17,30.270023554769928,30.630978413179424,30.19582838326386,30.456518173217773,9304400
2018-01-18,30.49261355363117,30.49261355363117,30.123638818840874,30.23593521118164,7951200
2018-01-19,30.29609395977078,30.334195175998367,30.067489722252354,30.11160659790039,8988000
2018-01-22,30.171769910065084,30.340214513954614,29.999313846126526,30.08353614807129,7438800
2018-01-23,30.07951777850737,30.701162369868566,30.07951777850737,30.62495994567871,10592400
2018-01-24,30.466543158905317,30.52670281377799,30.095564230243617,30.24997329711914,7874400
2018-01-25,30.245958830885957,30.751295597797125,30.079518461550425,30.699155807495117,9845200
2018-01-26,31.054094771057574,31.930410423797717,31.02200921722006,31.62159538269043,14587200
2018-01-29,31.52335080556483,31.543405052034434,31.18044583381287,31.218544006347656,10057200
2018-01-30,31.182437090209053,31.37895577266989,30.939794271984653,31.10222625732422,7823200
2018-01-31,31.128298361338068,31.840181098053066,31.00597483159353,31.767990112304688,12930800
2018-02-01,31.806101334679095,32.0126472360904,31.216541942359996,31.35089683532715,8848000
2018-02-02,31.178432640434384,31.567461693069927,31.098221789515804,31.266666412353516,9291200
2018-02-05,31.29071650510648,31.73990504568755,30.85155814167696,30.939788818359375,14612400
2018-02-06,30.446491505738724,30.753302374973167,29.508008859962054,29.991287231445312,16941200
2018-02-07,30.001320865208143,30.215886570356343,29.656408704922423,29.696514129638672,11514800
2018-02-08,29.61428809750227,29.901047774211168,29.131012810210958,29.135021209716797,9683600
2018-02-09,29.27340024141161,29.909080662565177,29.09693573102481,29.69852638244629,9090800
2018-02-12,29.722581542090047,30.31013346157735,29.44986039308482,30.079524993896484,8123200
2018-02-13,30.035406563225603,30.444489795556702,29.728595668900958,30.294092178344727,6312400
2018-02-14,30.095571517944336,30.38633968375065,29.836885857304758,30.095571517944336,6436800
2018-02-15,30.125650230309077,30.969883694571678,30.047443576932803,30.967876434326172,8742000
2018-02-16,31.015990185007634,31.394991951432793,30.79741311047517,31.292722702026367,6546800
2018-02-20,31.198479394456403,31.304760123344273,30.729239603534815,30.84354019165039,7792000
2018-02-21,30.843544423559596,31.12027703251463,30.40037446905503,30.432456970214844,8582000
2018-02-22,30.58285482654613,30.77937659431755,30.34422649684803,30.542749404907227,5802400
2018-02-23,30.576825869658514,31.413035939577913,30.55677469748228,31.334829330444336,7286800
2018-02-26,31.454007866312182,31.571147852911647,31.128844324019973,31.233863830566406,7758800
2018-02-27,31.24800236112089,31.39947600115409,30.6340274810791,30.6340274810791,8176400
2018-02-28,30.765292408526232,31.003609347237965,30.650171015538653,30.72893714904785,10905200
2018-03-01,30.840033759993077,31.179336330095722,30.69461881305469,30.94707489013672,12315600
2018-03-02,30.9409956352915,31.219707945385135,30.56534111888854,30.870309829711914,8696800
2018-03-05,30.84002063960172,31.350991275692362,30.712784926465435,31.30858039855957,6870800
2018-03-06,31.21971809887735,31.42168289205285,30.870319869570427,30.953123092651367,10504800
2018-03-07,30.848112214942997,31.03997820557595,30.710774514810364,30.910720825195312,8304000
2018-03-08,31.01573585581034,31.23991382563487,30.888497045487632,31.16518783569336,6678800
2018-03-09,31.173274123614675,31.282333780679025,30.957170266710538,31.266176223754883,6500800
2018-03-12,31.24394975779865,31.30252126772507,31.0096698815687,31.18134117126465,8162400
2018-03-13,31.348979138613064,31.585277604674346,31.108640513325337,31.237897872924805,6522400
2018-03-14,31.526713628895312,31.99931062795257,31.514593149499323,31.912464141845703,12254000
2018-03-15,31.910441936563615,32.128564314546225,31.688279399246518,31.938716888427734,9372800
2018-03-16,31.99526345451369,32.6536675973748,31.962948346686098,32.524410247802734,31720000
2018-03-19,32.52441300532974,32.65569198635774,32.072013784340754,32.30023193359375,9596000
2018-03-20,32.334565676634575,32.461801404910645,32.215404102646374,32.399192810058594,6401600
2018-03-21,32.39918791180762,32.7102153822117,32.247714334876996,32.33052062988281,6814800
2018-03-22,32.37697452078432,33.172716274885545,32.27397358880856,32.69607925415039,14222400
2018-03-23,32.71426671239309,33.03741171666826,32.15078611666656,32.21137619018555,12314400
2018-03-26,32.32043419345583,32.732444206785686,32.29215923816762,32.60318374633789,6942000
2018-03-27,32.6678060589003,33.20503316090805,32.516332460481905,32.83745574951172,9727600
2018-03-28,32.95055406703741,33.011144120037926,32.32244345046621,32.7728271484375,13328400
2018-03-29,33.02731175682971,33.146470279011325,32.86372072099749,32.98691940307617,7818800
2018-04-02,33.11012376346066,33.26563758790804,32.52240520807634,32.79303741455078,8113200
2018-04-03,32.79302586074114,32.96065702615809,32.46180368907373,32.718299865722656,9571200
2018-04-04,32.65771903083035,32.85968390187041,32.40526294203027,32.78495788574219,6724400
2018-04-05,32.77282847908983,33.209070098582124,32.46584112469743,33.12222671508789,6187200
2018-04-06,33.02931704728817,33.154537299956935,32.76474369232744,32.86976623535156,5771200
2018-04-09,32.778890075727496,33.00508968226683,32.589042656636906,32.74455642700195,7316000
2018-04-10,32.50219456060065,32.86775344598678,32.50219456060065,32.67790603637695,7605200
2018-04-11,32.57692306845715,32.66578807411388,32.364859410728734,32.524410247802734,5022400
2018-04-12,32.5223904066449,32.66376514555547,32.041713212610794,32.12654113769531,6236400
2018-04-13,32.24772153119154,32.494118851189754,32.213387882567325,32.358802795410156,5483200
2018-04-16,32.518353570792755,32.84957574225994,32.45978513073718,32.74253463745117,6602800
2018-04-17,32.76677033524745,33.043461125714565,32.546626360630384,32.96469497680664,5316400
2018-04-18,33.108091416209234,33.35448874279737,32.87785164500671,32.891990661621094,4332800
2018-04-19,32.855633195449855,32.94449820326159,32.528451195541535,32.82735824584961,6535600
2018-04-20,32.863712582244204,33.005087326239426,32.342643027171846,32.47391891479492,6915200
2018-04-23,32.55066833147368,32.61327693002174,32.37495993145318,32.5425910949707,6576000
2018-04-24,32.71829849398375,33.091934616888175,32.235602732064265,32.75263214111328,11652000
2018-04-25,32.62942007932508,32.87379874955412,32.29415790030369,32.381004333496094,7904400
2018-04-26,32.48399952459091,33.0979738989781,32.43350835282983,32.9626579284668,7402400
2018-04-27,32.86169499307058,33.20503454747504,32.78292884187345,33.11415100097656,5682000
2018-04-30,33.180805678354034,33.314103226314316,33.081844868715606,33.104061126708984,9057600
2018-05-01,33.05961867955956,33.071736074508735,32.873811432949545,32.96469497680664,5028400
2018-05-02,33.013175795621265,33.15455057452464,32.88997711363281,33.01115417480469,10694000
2018-05-03,32.88592963391311,33.14242579966427,32.62135623191063,32.93238067626953,10460400
2018-05-04,32.96065899036624,33.35045270709191,32.934405658565744,33.14040756225586,6462400
2018-05-07,33.178777324134764,33.19089471913943,32.89804637348637,32.99095153808594,7877200
2018-05-08,32.841500396364744,32.843518935193735,32.22146690287274,32.29619598388672,8817600
2018-05-09,32.34263589386538,32.372929374562176,31.882156496848324,31.9689998626709,8864800
2018-05-10,32.2618561822566,32.3688972728191,32.011418736970676,32.360816955566406,7849600
2018-05-11,32.46179597646337,32.58297606875911,32.304263705521564,32.46381759643555,4292800
2018-05-14,32.526426688084634,32.54258423942524,32.18712427340762,32.35475540161133,4741600
2018-05-15,32.16289605009186,32.29619356454777,31.81955648882475,32.08211135864258,6076400
2018-05-16,32.03364296915753,32.114427671386366,31.639812152748974,31.742813110351562,6155200
2018-05-17,31.817538740303227,31.87409172928582,31.51257294897152,31.591339111328125,5956400
2018-05-18,31.601429379678876,31.781177910646555,31.34897340462663,31.597389221191406,6256800
2018-05-21,31.718574703853648,32.423429933485586,31.708475846790407,32.358802795410156,8385200
2018-05-22,32.44766821112773,32.58298426859355,32.14673952462884,32.199249267578125,6550000
2018-05-23,32.33051830992909,32.49410926819726,32.191162136074695,32.37091064453125,9017200
2018-05-24,32.34062760817181,32.653670613736566,32.31033103613295,32.55672836303711,6408800
2018-05-25,32.55874399795804,32.91824106487814,32.53248759003238,32.80311965942383,6498000
2018-05-29,32.64762353164935,33.22120616656916,32.64762353164935,33.067710876464844,7674000
2018-05-30,32.992965868780026,33.45950400738738,32.93035728141546,33.378719329833984,8811600
2018-05-31,33.279769409332424,33.65138401239497,33.17070974081551,33.48779296875,10660000
2018-06-01,33.45950854078892,33.45950854078892,32.7223382425874,32.93642044067383,7797200
2018-06-04,33.04623331045205,33.1641760615283,32.67613987343067,32.773746490478516,7173600
2018-06-05,32.818480688413786,32.82458090752744,32.32230884811505,32.39348220825195,8493200
2018-06-06,32.397562246969905,32.533805696542366,31.677705092083386,31.748878479003906,10116800
2018-06-07,31.76107633374908,32.05796409433896,31.612632453454136,31.799713134765625,7104400
2018-06-08,31.858672597170113,31.998983838179413,31.76309836352198,31.885108947753906,7227600
2018-06-11,31.92984734883121,31.96034844479152,31.53128211208679,31.600419998168945,6426000
2018-06-12,31.600418179249658,32.0376201809506,31.573984931891616,32.009151458740234,7450800
2018-06-13,32.05387903409999,32.269428310678805,31.86883084275135,31.95423698425293,6272000
2018-06-14,31.95831183738882,32.36500961153877,31.76919575892305,32.29587173461914,8846000
2018-06-15,32.247070415008096,32.46465213451249,31.895277670655318,32.442283630371094,16682000
2018-06-18,32.45854288478327,32.692395927172676,32.36296867575706,32.61919021606445,6415600
2018-06-19,32.66596668773863,33.16620633958202,32.66596668773863,33.145870208740234,9922400
2018-06-20,33.253653198546125,33.253653198546125,32.975066132865656,33.08487319946289,5251600
2018-06-21,33.07469983037175,33.465132478239006,33.04419873422191,33.22111129760742,7038000
2018-06-22,33.276021494515305,33.436665797057024,33.10114127634069,33.41023254394531,8840800
2018-06-25,33.54036971423343,33.92876687704689,33.430559565225096,33.837257385253906,7033200
2018-06-26,33.82302445756821,34.22768990412035,33.82302445756821,33.912498474121094,7905200
2018-06-27,34.02840709764883,34.29479368302167,33.95113661896994,34.17888641357422,8846000
2018-06-28,34.20735411840499,34.473740695838615,33.869794180849624,33.920631408691406,7838400
2018-06-29,33.8860604170022,34.20125183113314,33.729480895917646,33.96536636352539,6784400
2018-07-02,34.08940921781122,34.410700849759536,33.961298418851506,34.36799621582031,6444400
2018-07-03,34.3639194228955,34.41678900093493,34.085329419710405,34.2764778137207,5366400
2018-07-05,34.30292316963892,34.32732404239986,34.0467015942184,34.27241897583008,9321200
2018-07-06,34.33953557186954,34.70149644808756,34.286665962855885,34.63235855102539,6277600
2018-07-09,34.595757007408224,34.648626616081614,33.497670842640865,33.61764907836914,9356000
2018-07-10,33.414289066873074,34.221581256564164,33.24957386956604,34.048736572265625,7404400
2018-07-11,34.10161925872787,34.42494335368449,34.04061395143106,34.24599838256836,5583200
2018-07-12,34.26225662231445,34.396464535573905,34.03653922351993,34.26225662231445,7370000
2018-07-13,34.29885858426986,34.492039418662294,34.14227906249879,34.47170639038086,6308800
2018-07-16,34.47170395491051,34.57947861604738,34.30902422586274,34.46763610839844,5545600
2018-07-17,34.50627628549963,34.711657563113505,34.49407584762171,34.61201858520508,5195200
2018-07-18,34.587613629810456,34.63438611083235,34.36799644563579,34.45137023925781,4843600
2018-07-19,34.567270494211826,34.874326126165855,34.508297592899986,34.620140075683594,6447200
2018-07-20,34.54898124890931,34.61608676675977,34.23379289623672,34.56321716308594,4944800
2018-07-23,34.64455397700116,34.683190767666865,34.22158785753471,34.331398010253906,6605600
2018-07-24,34.12601482496669,34.66285581160181,33.80065533488442,34.61201858520508,9324000
2018-07-25,34.370032233229786,34.48593949370958,33.8596245041471,34.111778259277344,10608800
2018-07-26,34.24192166161766,34.44933841153582,34.03450491169949,34.195152282714844,7826800
2018-07-27,34.1341482294082,34.260223560962096,33.8006561404123,33.9552001953125,6894800
2018-07-30,33.90233068202787,33.99586944346491,33.705081990176474,33.80268859863281,6059200
2018-07-31,33.97147372949421,34.10771714819264,33.74372390753367,34.0690803527832,6672400
2018-08-01,33.97349232714529,34.21751031557207,33.64406509505491,34.142269134521484,8429600
2018-08-02,34.268360749305394,34.49204269882089,33.92266820706635,34.45747375488281,7048800
2018-08-03,34.429004178224226,34.96177734069125,34.33546541526162,34.803165435791016,5184000
2018-08-06,34.70352989944939,34.99025264172254,34.685229240034126,34.77470016479492,3531200
2018-08-07,34.76858845471592,34.76858845471592,34.47780106391071,34.697418212890625,4073600
2018-08-08,34.58965058012493,34.760462918594456,34.40460232868723,34.5855827331543,3776000
2018-08-09,34.60388573118313,34.77673355626015,34.485942983920665,34.742164611816406,3419600
2018-08-10,34.868240638752994,35.19156468686417,34.731997230483344,34.75843048095703,4484000
2018-08-13,34.80317499198787,35.05532883194487,34.77267388761604,34.83367919921875,6452000
2018-08-14,34.866203364945115,35.08581744394642,34.831631321821085,34.963809967041016,4366800
2018-08-15,35.03702081813135,35.36644508766616,34.9800833666774,35.13259506225586,6485600
2018-08-16,35.09192231620988,35.59825910802936,34.94754322720513,35.54335403442383,6614400
2018-08-17,35.598248415710614,35.71822348993372,35.35016257584006,35.6206169128418,5126000
2018-08-20,35.6165665129563,35.7101083930122,35.35831558659371,35.443721771240234,4678800
2018-08-21,35.48235510183298,35.48235510183298,35.00855173341803,35.1041259765625,4931600
2018-08-22,35.16512458757861,35.21596181373508,34.797063566663084,34.91704177856445,5132800
2018-08-23,34.98007804023706,35.18749168058272,34.856035089273675,34.90077209472656,4972400
2018-08-24,35.008547755407804,35.14682351956345,34.78893056863885,35.11835479736328,5074800
2018-08-27,35.24238919481001,35.34203124974596,34.69131554112662,34.86619567871094,5547600
2018-08-28,34.833676364142505,34.8682453139034,34.512384645186245,34.683197021484375,6960800
2018-08-29,34.79780469367028,34.97178473798688,34.77528966585499,34.904239654541016,5860000
2018-08-30,34.869455958803705,35.10688667295643,34.853081103705144,34.96565628051758,6477200
2018-08-31,34.984063695444696,35.164183910764294,34.67294781166988,34.816226959228516,7193600
2018-09-04,34.844890965454844,34.9492771403272,34.63406980708386,34.80190658569336,6797200
2018-09-05,34.79577521265571,35.17648205461568,34.7241356026499,35.127357482910156,7756400
2018-09-06,35.29109292724013,35.78028032691452,35.241968369461155,35.5776481628418,8914800
2018-09-07,35.26038895442509,35.51214565431299,35.10073805955145,35.22559356689453,7582000
2018-09-10,35.36067796051339,35.40775682525952,35.13348199288987,35.21126174926758,6013200
2018-09-11,35.229684406264774,35.48348991071219,35.22559303592298,35.23582458496094,8125200
2018-09-12,35.25425629375867,35.417998593954536,35.14782130008402,35.307472229003906,7226000
2018-09-13,35.364779984700654,35.75572141170432,35.18670852895073,35.737300872802734,8164800
2018-09-14,35.64109578703729,35.690217217528655,35.20717003753453,35.5428466796875,6674800
2018-09-17,35.36477867498957,35.626770073611546,35.291093398928155,35.58583450317383,6198800
2018-09-18,35.581733797481185,35.66155923901352,35.37296148774019,35.49986267089844,4172400
2018-09-19,35.477350917435515,35.52442666340688,34.33113630037313,34.625877380371094,9291600
2018-09-20,34.52558290562722,34.699562971263255,34.06300505940925,34.64634704589844,8137200
2018-09-21,34.72002570134897,35.07821731384899,34.37411444442539,34.95131301879883,16923200
2018-09-24,34.898107866289585,34.90220236047215,34.4764655378198,34.55219650268555,8995600
2018-09-25,34.62587826188064,34.62587826188064,34.00364950629807,34.15102005004883,7246400
2018-09-26,34.253359052805706,34.253359052805706,33.62294133691296,33.65978240966797,8836800
2018-09-27,33.702768016120444,34.093709403842674,33.61884807197792,33.89311981201172,9672400
2018-09-28,33.99341137498466,34.31066746114779,33.99341137498466,34.304527282714844,9424800
2018-10-01,34.2615471940389,34.26768737323952,34.04049137326555,34.1796760559082,5196000
2018-10-02,34.31271802106576,34.74664068228586,34.288157303844635,34.660675048828125,5572400
2018-10-03,34.5849440363561,35.02091550547513,34.08756765109323,34.43552780151367,9156000
2018-10-04,34.421198055244076,34.65248854878149,34.0159306126073,34.64225387573242,9448000
2018-10-05,34.67090868240488,35.362731346436576,34.67090868240488,35.28085708618164,8373200
2018-10-08,35.32385001822724,35.70660251766813,35.20513465449391,35.47531509399414,6803600
2018-10-09,35.53467770691737,35.710703537279436,35.32795096790466,35.55923843383789,5881200
2018-10-10,35.55922140998297,35.954257276880945,35.32383956118957,35.35863494873047,7882800
2018-10-11,35.50805012536588,35.624719765316605,34.560379456132345,34.609500885009766,8446000
2018-10-12,34.636116820479735,34.756877853072936,34.36184504785599,34.664772033691406,6944400
2018-10-15,34.64635307628968,34.91448468140892,34.48260765481089,34.722084045410156,6965200
2018-10-16,34.877625680668906,35.274707144251906,34.726163806688085,35.059791564941406,4700400
2018-10-17,35.031153587633554,35.12326254061637,34.70571153152626,34.9636116027832,3537600
2018-10-18,35.0332026858482,35.223554527457864,34.90220696338588,35.117122650146484,4088400
2018-10-19,35.12941200741328,35.71479997527527,35.061866881523216,35.50397872924805,7297200
2018-10-22,35.53056172583472,35.54489088999677,35.18669926414305,35.3402099609375,5971600
2018-10-23,34.57470354319346,35.70454319122979,34.57470354319346,34.92470932006836,8898800
2018-10-24,35.070039273039015,36.19373900672394,34.943138061567176,35.94198226928711,8558800
2018-10-25,35.7884624131436,35.86419335899597,35.17851098362052,35.45073699951172,8854400
2018-10-26,35.63495103690852,35.78027274771472,34.531720953017036,34.77324295043945,8519600
2018-10-29,34.851032276749336,35.40367031298114,34.81214238979359,35.36478042602539,6566800
2018-10-30,35.55718385374766,35.725020651031905,35.065950699099275,35.52238845825195,7572800
2018-10-31,35.36887715316945,35.62267959238354,35.00659091145853,35.307472229003906,9051600
2018-11-01,35.51624151956574,35.51624151956574,34.65862778620686,34.891963958740234,9389200
2018-11-02,35.01682354287886,35.16009960878255,34.13055449661058,34.41710662841797,11806400
2018-11-05,34.425300229965664,35.11916874220797,34.42120573519574,34.941097259521484,8274000
2018-11-06,34.91038213492436,35.121203262377804,34.693420828860305,35.09459686279297,5963600
2018-11-07,35.319753456923515,35.587885071743415,35.14577647789516,35.52033996582031,6530000
2018-11-08,35.520335409873475,35.61858452762402,35.133488487884264,35.60630416870117,6676400
2018-11-09,35.679990112075295,36.236719507144535,35.53671092680798,36.13847351074219,8160400
2018-11-12,36.062737668764235,36.84052591609467,35.94402234104476,36.533504486083984,8538800
2018-11-13,36.64607879789741,36.73409323737966,36.28993591570586,36.568302154541016,7297600
2018-11-14,36.367707330189354,36.48437696322496,35.851913618447476,36.19168472290039,12378000
2018-11-15,36.07911299972792,36.67678101665005,35.74957653553904,36.67473220825195,10935600
2018-11-16,36.8794208589775,36.96538962686235,36.49871719952493,36.92240524291992,7948000
2018-11-19,36.87532839604114,37.26626984167976,36.67473877449365,37.25398635864258,7018400
2018-11-20,37.37883243174493,37.58965355103986,36.54578262624798,36.59081268310547,9752800
2018-11-21,36.53555704845571,36.53555704845571,36.00338522032502,36.06069564819336,5978800
2018-11-23,36.06069273274323,36.39227803652658,35.88057559822666,36.296077728271484,4360800
2018-11-26,36.31449417815003,36.427069326538906,35.96039700520271,36.23466873168945,7455200
2018-11-27,36.34519715773679,36.47209834510832,36.06478213735502,36.43320846557617,9084800
2018-11-28,36.54782945713669,36.68496531707179,36.27151205213912,36.443443298339844,7868400
2018-11-29,36.47229637955791,36.56292151669795,36.01711217447823,36.480533599853516,6867200
2018-11-30,36.59583905875145,37.49178756072673,36.50109697212182,37.425880432128906,15807200
2018-12-03,37.15814788673205,37.58861399963962,36.96042009602183,37.58655548095703,9724800
2018-12-04,37.58862161461058,37.932582870882236,37.40325432677271,37.520652770996094,10024800
2018-12-06,37.57213023253509,37.695710474218494,36.80182009729752,37.62156295776367,11354400
2018-12-07,37.48151147454315,37.93875404614901,37.24671148988959,37.66276168823242,10121600
2018-12-10,37.6009758390555,37.76986867427753,37.00779553962962,37.61127471923828,10441600
2018-12-11,37.551542592060294,37.86460714829883,37.31468094199073,37.687477111816406,12055200
2018-12-12,37.6874746601775,37.837831372338854,37.3249773931145,37.34351348876953,11912400
2018-12-13,37.34969491328427,37.73278996533064,37.34969491328427,37.526824951171875,12916400
2018-12-14,37.448561651893414,37.578317478122294,37.053106045664336,37.3291015625,9227600
2018-12-17,37.55978403553681,37.55978403553681,36.01710478676158,36.177757263183594,13147600
2018-12-18,36.30133485252207,36.62470144314548,36.13038350842378,36.24984359741211,11764000
2018-12-19,36.352824799431126,36.492879499757315,35.76376473646015,35.94501495361328,13437600
2018-12-20,35.94089462467707,36.363123528192794,35.506308323275064,36.02534103393555,13112400
2018-12-21,35.92030129301133,36.77711660351927,35.681384237954575,35.860572814941406,24148400
2018-12-24,35.93060691168104,36.122156066776206,34.37969013944041,34.61861038208008,6630000
2018-12-26,34.61653765943002,35.09025462606253,33.938911076862944,35.084075927734375,8393600
2018-12-27,35.12528068673622,35.458946228027344,34.59183192440755,35.458946228027344,9961600
2018-12-28,35.549564987556025,35.91412082326701,35.347716997897805,35.57427978515625,6924000
2018-12-31,35.63400417744211,35.84408936130382,35.27768560083151,35.800838470458984,6417600
2019-01-02,35.566036634935394,35.693737079001465,34.8101454207637,34.97903823852539,10549600
2019-01-03,34.99551485142003,35.25297110838809,34.740117113108155,34.89253234863281,9260800
2019-01-04,34.83897454962075,35.54749457227076,34.73805372242048,35.53513717651367,10848800
2019-01-07,35.35389505163157,35.61959169208924,35.117036531550035,35.4836540222168,9478000
2019-01-08,35.456869059312055,35.7946514913642,35.33741213989243,35.743160247802734,10599600
2019-01-09,35.74728181302308,35.83790690804855,35.43627582125497,35.588687896728516,7047600
2019-01-10,35.69372530689517,36.171562341167416,35.53925159940091,36.12419128417969,11384800
2019-01-11,36.07271910875989,36.27868416091515,35.76583004964874,36.190120697021484,8860000
2019-01-14,35.96561642100193,35.96561642100193,34.88018285835971,35.26739501953125,15355600
2019-01-15,35.30034969241833,36.2107148336708,35.16853218650795,35.98621368408203,9261200
2019-01-16,35.84202799070964,36.02533670380189,35.59692915283628,35.977962493896484,7059200
2019-01-17,36.07065456141062,36.233365542598555,35.92853819633001,36.14480209350586,8200800
2019-01-18,36.33222404265371,36.37547807464173,36.066530580596115,36.268375396728516,7414400
2019-01-22,36.13244615540475,36.651478946190785,36.093315436982955,36.534080505371094,8654400
2019-01-23,36.649424207540136,36.96249198664753,36.28898534341056,36.946014404296875,9089200
2019-01-24,36.92128536108489,37.254950803527315,36.65353337100941,37.131370544433594,9812800
2019-01-25,36.76475870703572,36.96866522286102,35.821438470640715,35.87910842895508,15254400
2019-01-28,36.27250158550129,36.27250158550129,35.378614108914945,35.522789001464844,11976800
2019-01-29,35.64841236143504,35.72049820511164,35.37242009479198,35.60309982299805,7924400
2019-01-30,35.475412879621345,35.967669105967005,35.446577905211925,35.75346374511719,8345600
2019-01-31,35.72256846383669,36.9274617728884,35.70403236895351,36.86361312866211,12519600
2019-02-01,36.73797305076723,36.892446788180145,36.35281953783942,36.62469482421875,8934000
2019-02-04,36.478462742578735,36.70090532865675,36.27661791443959,36.682369232177734,11302000
2019-02-05,36.573211656282915,36.8059500016351,36.408439004760815,36.6967887878418,7956800
2019-02-06,36.81212505030745,36.91716921590842,36.57938672803662,36.682369232177734,6647200
2019-02-07,36.6617692420181,37.3723478487716,36.637054448217555,37.35175323486328,8516800
2019-02-08,37.32291862496198,37.76780063159024,37.283784772545395,37.69365310668945,7322400
2019-02-11,37.57213451228375,37.88314052748559,37.5515398981747,37.69365310668945,7404400
2019-02-12,37.69160001891633,37.98201146185313,37.4197246741814,37.74721145629883,7004800
2019-02-13,37.703941184800456,37.868713764355874,37.57418226769954,37.66069030761719,5726400
2019-02-14,37.76574849364902,37.98819110593373,37.596855658426996,37.61127471923828,6408000
2019-02-15,38.02320525897054,38.12618777652988,37.753391565809395,37.90580368041992,8813200
2019-02-19,37.92433867281331,38.27035838450953,37.773981951224116,38.17973327636719,9774000
2019-02-20,38.12000403154907,38.330089219541996,37.90579866342153,38.23534393310547,10203200
2019-02-21,38.080873984697256,38.4886838610538,38.012905148175015,38.424835205078125,8274800
2019-02-22,38.48044052521796,38.75025416675093,38.26005647127795,38.74819564819336,6735200
2019-02-25,38.81409945295275,39.00770703500425,38.37333452600035,38.69670104980469,7555600
2019-02-26,38.75849232014098,38.9315053092255,38.54634862085881,38.76879119873047,7644400
2019-02-27,38.68585945047005,38.87454137471857,38.582188480722984,38.73354721069336,7288000
2019-02-28,38.77500039427231,39.13370409272366,38.578026258532724,38.92221450805664,12454000
2019-03-01,38.88076487316526,39.10054684257014,38.687935206941134,38.88905715942383,6865600
2019-03-04,39.027969111619576,39.094320045310184,38.68378392540617,39.03004455566406,8609200
2019-03-05,39.057003055491016,39.23117270218956,38.98443526950485,39.04663848876953,7666800
2019-03-06,38.99272023941745,39.18140214239589,38.76879059035291,38.8911247253418,7155600
2019-03-07,39.03420158663805,39.214591267872756,38.851742788271125,38.96577835083008,9411200
2019-03-08,39.106759603234025,39.27677833222796,38.756351252716655,39.12541961669922,6972800
2019-03-11,39.10675611765932,39.34934576244479,39.07565609798927,39.291290283203125,7135600
2019-03-12,39.39496031507813,39.67694542072698,39.27677391551549,39.57949447631836,7140400
2019-03-13,39.368011022152025,39.710127103059726,39.283003235793224,39.59608840942383,4916000
2019-03-14,39.635479163263966,39.84489334752746,39.43850498704574,39.5981559753418,5816800
2019-03-15,39.5525464994711,39.79721162866917,39.39704004775782,39.65207290649414,14402000
2019-03-18,39.69975813403945,39.805501375497606,39.421920717339184,39.57535171508789,7469200
2019-03-19,39.50485772278348,39.521445456860135,38.93673969485824,39.083953857421875,8080800
2019-03-20,39.19592109003652,39.637560458811485,38.94711138118093,39.36801528930664,8669200
2019-03-21,39.45509285784884,39.86770442067735,39.36386506995186,39.79098892211914,7499200
2019-03-22,39.861486862750986,40.54571587858809,39.861486862750986,40.20981979370117,9486000
2019-03-25,40.317637224187074,40.452411375516526,40.1310307546992,40.143470764160156,7038400
2019-03-26,40.18700163207996,40.500086708014045,40.02112750798667,40.431663513183594,6093200
2019-03-27,40.483509730625556,40.493877459344624,39.99003495043464,40.20774459838867,6116800
2019-03-28,40.20567571048621,40.30519895425594,39.66866085366619,39.79306411743164,9324000
2019-03-29,39.79512761081397,40.1144358945924,39.66450437089205,40.083335876464844,12039200
2019-04-01,40.10407325671704,40.17249646906713,39.43850747403388,39.49656295776367,9640400
2019-04-02,39.542184210088,39.60231198281236,39.12750031498002,39.28715133666992,9960400
2019-04-03,39.210428155901916,39.45301780741639,38.95747077628106,39.251895904541016,8202800
2019-04-04,39.39082162890479,39.40326163933686,38.862099039032685,39.0632209777832,7106800
2019-04-05,39.26641751898883,39.46546400920877,38.98028463003738,39.411556243896484,6452800
2019-04-08,39.278854058634614,39.357645001102945,38.94503343894859,39.112979888916016,5772800
2019-04-09,39.112981483837466,39.38252662514818,39.09017374502379,39.3348388671875,6617200
2019-04-10,39.343126865686735,39.68938747083182,39.063214025633684,39.108829498291016,5291600
2019-04-11,39.10883032802128,39.43228320370005,39.06321485439617,39.403255462646484,5738400
2019-04-12,39.26433683171858,39.612672888769794,39.073582652485065,39.571205139160156,4768400
2019-04-15,39.62511124547183,39.82416086460163,39.53595258193059,39.63547897338867,5872800
2019-04-16,39.614741985632016,39.87391935459882,39.27470140409902,39.29543685913086,6523200
2019-04-17,39.34312696628391,39.509001125117756,39.19591281982493,39.322391510009766,8045600
2019-04-18,39.27470807602415,39.53595776936032,39.237388047170455,39.26226806640625,6670800
2019-04-22,39.22286977300724,39.567058112024306,39.197989755560506,39.4737548828125,7303600
2019-04-23,39.57328640022546,39.69976512169963,38.996876007615285,39.3514289855957,8818000
2019-04-24,39.3451988341899,39.62303939193498,39.218720145330145,39.40740203857422,6187200
2019-04-25,39.27677811520033,39.751592880435275,39.241530368698626,39.49448776245117,5898400
2019-04-26,39.685240697833265,40.097852241744484,39.66243296095804,39.74951934814453,5653600
2019-04-29,39.81587065358197,39.99625712067244,39.52144549197985,39.761962890625,7094400
2019-04-30,39.759881452174525,40.359099414319296,39.6562105025731,40.31555938720703,10643600
2019-05-01,40.12273519639948,40.4399680919354,40.00247649896041,40.072975158691406,8541200
2019-05-02,39.98381265257143,40.19737456403104,39.511073356934006,39.751590728759766,10035600
2019-05-03,39.72048689417736,39.94026878865067,39.56290503490508,39.8946533203125,6694800
2019-05-06,39.85111478955468,40.08541216214957,39.5691296631367,39.58156967163086,6730000
2019-05-07,39.35556058118019,39.55253472864016,39.15858643372023,39.34312057495117,7748400
2019-05-08,39.312030742882506,39.397038528730114,38.835143676591684,38.95540237426758,7887200
2019-05-09,39.073590275395766,39.2311721839563,38.87246832857612,39.10676574707031,6872400
2019-05-10,39.09639414643823,39.85111865149274,38.99687090505378,39.7598876953125,6420000
2019-05-13,39.68939101436632,40.51668643638325,39.618895518978825,40.41716003417969,10632800
2019-05-14,40.41507072677476,40.786214388913756,40.122717975571824,40.41092300415039,8954400
2019-05-15,40.475216045820524,40.6659702252638,40.321781891931,40.402645111083984,7071600
2019-05-16,40.32592872795446,41.03710995204992,40.18701002958619,40.869163513183594,8465600
2019-05-17,40.60377114874326,41.356423378495556,40.56022795071521,41.25689697265625,6821600
2019-05-20,41.31909508252231,41.594860199211915,41.24859959326566,41.33361053466797,5464000
2019-05-21,41.3647170986666,41.67365772874275,41.21750292895597,41.24031066894531,6069200
2019-05-22,41.36264152504164,41.95563955376456,41.18225189992923,41.868553161621094,6706800
2019-05-23,41.9369769910303,42.254209886048045,41.9369769910303,42.20030212402344,8216000
2019-05-24,42.239700461445416,42.44911468283175,42.1132217509204,42.16712951660156,5559200
2019-05-28,42.25006979408062,42.3164175725293,41.661216254993114,41.71097946166992,7048400
2019-05-29,41.82293729474794,41.9411205361217,41.15114837964735,41.20298385620117,7214400
2019-05-30,41.28384393312762,41.47874581635205,41.149072969852604,41.24859619140625,6462800
2019-05-31,41.37379087421714,41.60331038618538,41.02325545643794,41.35710144042969,9161600
2019-06-03,41.50733325571005,41.65965221416513,41.16931646750599,41.64295959472656,6806000
2019-06-04,41.75980573406504,41.79527635728855,40.97318313730937,41.60123062133789,7811600
2019-06-05,41.83491627275155,42.742557874380154,41.73684913202234,42.70082473754883,7546400
2019-06-06,42.773855169942024,43.068056596440336,42.542250265816534,42.932430267333984,5614400
2019-06-07,43.1702898196703,43.49787644705047,42.64657211303711,42.64657211303711,6242800
2019-06-10,42.586065185879896,42.70916965306986,42.039392332756954,42.44417953491211,7104800
2019-06-11,42.39827045186733,42.5255488536484,41.88915684474307,42.14162826538086,4606800
2019-06-12,42.42540530092752,42.838537256263585,42.31273092342316,42.679962158203125,5236000
2019-06-13,42.69038998029884,42.87817634038999,42.40870725637112,42.725860595703125,6806400
2019-06-14,42.91156608239346,43.26001612376325,42.76342108833272,43.18281555175781,5525200
2019-06-17,43.243323253723716,43.399812963930195,42.826017359839774,43.05970764160156,6233600
2019-06-18,43.36434271279007,43.389380047822236,42.53807563502389,42.861488342285156,6576400
2019-06-19,42.62569801250043,43.20575598279949,42.619438680428,43.03257369995117,6602800
2019-06-20,43.12022448857642,43.28714750499011,42.71543720850554,43.06180191040039,8883600
2019-06-21,43.21828198483598,43.497876144177454,42.86148407717559,43.30591583251953,12560800
2019-06-24,43.474928815231365,43.535436769899185,43.16403477338141,43.44154357910156,6009200
2019-06-25,43.47910685873707,43.58969267800993,42.972078486633045,43.02841567993164,6954000
2019-06-26,42.857321058941665,43.03259198280683,42.36072912873389,42.37116241455078,7394400
2019-06-27,42.73212539643515,42.869837109477636,42.48591325640846,42.679962158203125,7529200
2019-06-28,42.55894316384663,43.4478035992523,42.40871278268068,42.74464416503906,11647600
2019-07-01,42.64240452508116,42.74464562190671,41.95176373512738,42.56937789916992,8478800
2019-07-02,42.725858254852064,43.378939713195166,42.721684305094655,43.32886505126953,6696000
2019-07-03,43.37685633103167,43.70444295059608,43.32886704987575,43.5521240234375,5654400
2019-07-05,43.28297053799515,43.497882832122556,42.842712664980546,43.422767639160156,4196400
2019-07-08,43.527092986453056,43.67732336846835,43.27879546107245,43.63559341430664,4322400
2019-07-09,43.44989727116865,43.60847238823355,43.22663705655908,43.433204650878906,7276000
2019-07-10,43.4895357299443,43.98821937001905,43.30592328672228,43.708621978759766,5922000
2019-07-11,43.731565372226875,43.96734419405568,43.51665311621673,43.90057373046875,5830400
2019-07-12,43.79624756295798,43.87136274310205,43.35598976507294,43.5521240234375,6283200
2019-07-15,43.539596892229426,43.737816495134794,43.33511795751159,43.57715606689453,8714000
2019-07-16,43.53752397416033,43.698184448396994,43.14942937172628,43.37477493286133,4281600
2019-07-17,43.54586459021329,44.09670818207203,43.54586459021329,43.798336029052734,6556800
2019-07-18,43.871367334261365,44.33457712965974,43.60846576813984,44.309539794921875,4413200
2019-07-19,44.192701154369836,44.338757601475166,43.6919320994193,43.76078796386719,5843600
2019-07-22,43.81920545165064,43.96109111506233,43.34347697418396,43.6835823059082,6547600
2019-07-23,43.694015331763225,43.71279333328574,43.17655371978404,43.25375747680664,6337200
2019-07-24,43.470744745349016,43.8379758897075,43.095168885796305,43.829627990722656,6080000
2019-07-25,43.42902462013571,43.70027409023564,43.19950510302239,43.32261276245117,7010000
2019-07-26,43.42903147023998,43.76496289802464,43.358090220593986,43.643943786621094,4324800
2019-07-29,43.79626329011558,44.13845408169843,43.66689944933186,44.105072021484375,5274000
2019-07-30,44.107140432847565,44.3116194020654,43.456144344191884,43.68983459472656,6447200
2019-07-31,43.78999349142545,43.85259001303182,43.026326115959996,43.22663116455078,8446000
2019-08-01,43.11394911320237,44.153039648494435,43.08264926838727,43.87135696411133,7507600
2019-08-02,44.05081697669811,44.49107490042402,43.82130060450324,44.111328125,6912800
2019-08-05,44.14261852656502,44.36796409938786,43.21202813279871,43.410247802734375,8838400
2019-08-06,43.429022606368044,44.265719745790875,43.116043197794106,44.109230041503906,7171600
2019-08-07,44.10714910041181,44.651733453528465,43.53335346023796,44.41595458984375,6892800
2019-08-08,44.48897468853924,45.04816297123176,44.069583476519846,44.906280517578125,5971200
2019-08-09,45.03982564371556,45.3152458804891,44.86246936376472,45.169189453125,5828800
2019-08-12,45.300641696585515,45.300641696585515,44.78318327667635,44.95427703857422,3922400
2019-08-13,44.94176061943736,45.28812529477657,44.81448218735687,44.989749908447266,7496800
2019-08-14,45.089899736840856,45.48216508278866,44.80404305592237,44.85203552246094,9558000
2019-08-15,44.78317975352045,45.45921321466158,44.712235337055,45.308982849121094,7865600
2019-08-16,45.54685023948147,45.8577442755823,45.152496298390865,45.388275146484375,10488400
2019-08-19,45.34236627393335,45.822268634503985,45.19839524738307,45.6866455078125,5632400
2019-08-20,45.86191546120103,45.86191546120103,45.359061126905054,45.72211837768555,8316000
2019-08-21,45.87443683175381,46.183242300351,45.72629183923584,46.16654968261719,7483600
2019-08-22,46.14777550445851,46.27296855593736,45.805584772046714,46.241668701171875,9159600
2019-08-23,46.431539348559916,46.77998938279693,46.03510002869036,46.300086975097656,10485600
2019-08-26,46.425275807292444,46.67357329742115,46.23540088145391,46.658966064453125,7455200
2019-08-27,46.78626417753784,47.06586163442491,46.717408301245726,46.740360260009766,9541200
2019-08-28,46.820082588380316,46.99633381192406,46.196905646454766,46.410926818847656,11356800
2019-08-29,46.690003169549044,46.690003169549044,45.99548675064446,46.39624786376953,8512000
2019-08-30,46.54101878848698,46.57249428098448,45.91994210375296,45.96820068359375,11786800
2019-09-03,45.91153985560731,47.33414479893629,45.91153985560731,47.327850341796875,9718400
2019-09-04,47.33414463556951,47.411781609448894,46.75503216914492,47.02570343017578,8909600
2019-09-05,45.98917458750698,46.442394720940165,45.86747961250171,46.12136459350586,17661200
2019-09-06,46.184314520707346,46.377352023207116,45.90105112369335,46.190608978271484,9130400
2019-09-09,45.99337034601347,46.347973034222534,45.928325488726685,46.13814926147461,8297600
2019-09-10,46.01016196749251,46.08989603491303,45.39957394959304,45.76676559448242,11094800
2019-09-11,45.74578139330994,46.285026842827335,45.62618030196371,46.17382049560547,8818000
2019-09-12,46.55361181063119,46.63334589000165,46.102491859962356,46.31651306152344,8671200
2019-09-13,46.17382400789384,46.18641292338119,45.69752309479458,45.84440231323242,8213200
2019-09-16,45.86118923234429,45.96819821711668,45.58631736657328,45.80663299560547,5033600
2019-09-17,45.833914726724565,46.6501292401811,45.833914726724565,46.62704849243164,7596800
2019-09-18,46.76133785298692,47.0404039249456,46.448699200569116,46.97955322265625,7681600
2019-09-19,47.155799828440244,47.29428109690765,46.90820609079454,47.189369201660156,5906800
2019-09-20,47.25231803716451,47.420177713650425,46.924993428928325,47.361427307128906,19007200
2019-09-23,47.30266894449354,47.516690076057046,47.176773407889954,47.26909637451172,6634000
2019-09-24,47.395003927579964,47.98041095740002,47.28589464830387,47.94683837890625,8674400
2019-09-25,48.02865613879322,48.15245458724422,47.737001248016995,48.12727355957031,8423600
2019-09-26,48.25737848288405,48.84488258065131,48.17134995369056,48.6203727722168,8703600
2019-09-27,48.73158002715782,48.7987251833664,48.290948744096504,48.52385330200195,7501200
2019-09-30,48.683322905827595,48.98336942727441,48.626669578786306,48.8868522644043,8937600
2019-10-01,48.712695294449325,48.92461618471677,48.395859300116776,48.68541717529297,6727600
2019-10-02,48.61407680707605,48.77983620059519,47.95103282968528,48.072731018066406,8138400
2019-10-03,48.020278257733985,48.32032477531855,47.95733047312698,48.29514694213867,8017600
2019-10-04,48.28255139727825,49.069390592704536,48.259470652812794,49.01273727416992,6552800
2019-10-07,48.983365285110025,49.06100226794433,48.50496727904509,48.794525146484375,6154000
2019-10-08,48.70849103600874,48.71688257828591,48.251076742969886,48.253173828125,6968000
2019-10-09,48.72737943882398,49.155421777262795,48.46929706520052,48.964481353759766,6004000
2019-10-10,48.683320297382906,48.85957152578189,48.30983417935103,48.67912292480469,7465600
2019-10-11,48.63505210904554,48.75885057136326,47.95522511717404,48.16294860839844,8301600
2019-10-14,48.26156816723747,48.339205145669936,47.74540344337567,48.028663635253906,4711600
2019-10-15,48.12096561076381,48.22168328990711,47.59430928707265,47.743282318115234,5672400
2019-10-16,47.77057513665149,48.33080419261026,47.541868006258134,48.24058151245117,7662000
2019-10-17,48.10630440968981,48.593093969805984,48.10630440968981,48.488182067871094,5366400
2019-10-18,48.509167255232335,48.8427863454847,48.32452127748686,48.77983856201172,8784400
2019-10-21,48.76515751165186,48.8973443485441,48.39586551866377,48.846988677978516,6488400
2019-10-22,49.0546967604619,50.33462301153415,48.89103447939451,49.56876754760742,12636800
2019-10-23,49.843644892397315,50.06396052521314,49.45756986444141,49.51841735839844,8912400
2019-10-24,49.51841945540223,49.868824835993706,49.27082889492071,49.84364700317383,6411200
2019-10-25,49.85831622506433,49.86461068115087,49.42818011808835,49.70304870605469,6072400
2019-10-28,49.62331941834853,49.66738381683576,48.81339957377138,48.93719482421875,7164400
2019-10-29,48.735780946601615,48.92462110928095,48.51126791605458,48.805023193359375,6861200
2019-10-30,48.95818372273053,49.6506028476852,48.8910385753051,49.40510940551758,4959200
2019-10-31,49.41770555303886,50.042979622083436,49.291809984018485,50.00940704345703,8228400
2019-11-01,50.08284314751897,50.12480726703108,49.3274761896727,49.45756912231445,8018000
2019-11-04,49.35685053058499,49.35685053058499,47.8796924186474,48.17554473876953,13459600
2019-11-05,47.716027762465934,48.112594588442086,47.14950418273669,47.653079986572266,9502400
2019-11-06,47.7349156889713,47.94473949419755,47.54607554493055,47.732818603515625,6976400
2019-11-07,47.55026324683923,47.55446061883673,46.29971533075032,46.80958557128906,12473200
2019-11-08,46.81168502426033,47.1453040548422,46.379445362606,46.59766387939453,6431600
2019-11-11,46.65642369850756,46.89142534711489,46.520039499224524,46.62704849243164,6142800
2019-11-12,46.620757625252025,47.00053824793666,46.599773961442594,46.836875915527344,5798400
2019-11-13,47.18937778116685,47.877599682983565,47.18937778116685,47.82094955444336,7189200
2019-11-14,47.83981975152608,48.2846451211768,47.75798860896473,48.2321891784668,6329600
2019-11-15,48.34760263949682,48.58260428568317,47.913269011159024,48.55742645263672,7382400
2019-11-18,48.674914689886826,49.19108254547499,48.62665612180689,48.712684631347656,7002400
2019-11-19,48.697999161722564,49.1701026553792,48.49657013069016,48.81760025024414,6522400
2019-11-20,48.960278057395705,49.67787497149216,48.8301883436384,49.3547477722168,8506000
2019-11-21,49.46176218932341,49.57506883130036,49.1218486667066,49.33796691894531,4990000
2019-11-22,49.396720495038984,49.554088351038594,48.62037304577235,48.96868133544922,5016000
2019-11-25,49.07149190030193,49.21627083698292,48.62876354684805,48.79662322998047,7456400
2019-11-26,48.92461362809432,49.35895041816175,48.88894396733845,49.291805267333984,15634000
2019-11-27,49.220089923531866,49.31712339803291,49.057660406390426,49.165245056152344,8584000
2019-11-29,49.49009428367342,49.72635302713134,49.19898746135279,49.323448181152344,3557600
2019-12-02,49.30024398300772,49.30024398300772,48.74334607412183,48.781314849853516,7118000
2019-12-03,48.93952038266886,49.112497818692745,48.810843066704464,48.988037109375,9249200
2019-12-04,48.86569378125155,49.46056370569342,48.83405313368936,49.416263580322266,6699200
2019-12-05,49.17578251688221,49.5280623233328,49.15679812930447,49.47954559326172,6413200
2019-12-06,49.44790344986282,49.66306627346257,49.258049923483014,49.44368362426758,6196000
2019-12-09,49.559702867016085,49.56603099578461,49.327660749557886,49.41836929321289,4560000
2019-12-10,49.43736402890963,49.5618215457899,49.32134294589227,49.45634841918945,4345600
2019-12-11,49.572366334806226,49.75378022971901,49.34876383570576,49.73690414428711,6212800
2019-12-12,49.68205950049096,49.82339309547618,49.101957338687775,49.34032440185547,6970400
2019-12-13,49.167350318685905,50.074419800221435,49.101957498874775,49.98371124267578,8345200
2019-12-16,50.0448725999443,50.52160980510524,49.867675363538396,50.515281677246094,14284800
2019-12-17,50.513185815117566,50.8169456835195,50.378180356233145,50.58912658691406,10374000
2019-12-18,50.781091251090764,50.83804764140924,50.36131026212357,50.68827438354492,8585600
2019-12-19,50.65874043745422,50.84226586295761,50.50685888058867,50.76421356201172,6882800
2019-12-20,51.48775245567736,51.68393089027669,50.67139163502991,51.19875717163086,16198000
2019-12-23,51.21352443556097,51.251496429967695,50.27692267812534,50.3697395324707,9474800
2019-12-24,50.39715674742707,50.73466873168945,50.17144277139861,50.73466873168945,2739600
2019-12-26,50.679823193926296,51.04054260253906,50.643962727139865,51.04054260253906,5813200
2019-12-27,51.10804607948494,51.2114108782715,50.9498364263863,51.15656280517578,4319200
2019-12-30,50.98360376567344,51.09540502963558,50.688277060721795,50.89922332763672,4450000
2019-12-31,50.958287083577495,51.17344994074058,50.610223840311924,51.08274459838867,6910000
2020-01-02,51.042658231086634,51.40337447268395,50.194653506816806,50.33598709106445,7884800
2020-01-03,50.33810708636976,50.913989475282584,50.234742260140486,50.69460678100586,7097200
2020-01-06,50.7747459723422,51.17554565421705,50.71568129817679,50.947723388671875,5518800
2020-01-07,50.772645314629706,51.09328446465493,50.66295238089774,50.9034309387207,6653200
2020-01-08,50.979367291132405,51.24937816710535,50.838033724707785,50.88022232055664,5936000
2020-01-09,50.764206117904756,51.43290846207042,50.738893601733785,51.27891540527344,6958000
2020-01-10,51.43290241839769,51.61853287981185,51.30000528654861,51.375946044921875,5125600
2020-01-13,51.27048578455077,52.06786233771333,51.27048578455077,51.97715377807617,5879600
2020-01-14,51.94129394464744,52.272481100304674,51.850588602673135,52.257713317871094,8252800
2020-01-15,52.43700471715903,53.19852059792005,52.430676588910934,53.06984329223633,6397200
2020-01-16,52.922193183326826,53.22384475844453,52.808280412365455,53.21540832519531,7914400
2020-01-17,53.236499138714954,53.527605966692484,53.03399256003983,53.453773498535156,9354000
2020-01-21,53.58666622191133,54.27645802078147,53.329311584591736,54.18997573852539,11486400
2020-01-22,54.624529410916765,55.0105581833672,54.352406968821334,54.82492446899414,7065600
2020-01-23,54.71100300092844,55.426113704503045,54.71100300092844,54.862884521484375,10212400
2020-01-24,54.21952145190281,55.70669013334821,54.03811074327419,55.63075256347656,10310400
2020-01-27,55.39869812156288,56.482964838277034,55.329088697905114,56.26779556274414,8678800
2020-01-28,56.267807060337674,56.744547699545656,55.62864010769315,56.07162857055664,8262800
2020-01-29,56.26991184412358,56.28256810404085,55.71512217999809,56.06107711791992,6008400
2020-01-30,56.08427083155582,57.00821631093538,55.90496525592276,56.940711975097656,6328800
2020-01-31,56.841566821691316,57.09470486153343,56.26568775928054,56.57577896118164,7536800
2020-02-03,56.679142192242665,56.84579151392883,56.15599323226947,56.282562255859375,11041200
2020-02-04,56.16863607323974,56.388021899217215,55.67291770874638,55.80370330810547,10482800
2020-02-05,55.750980710422,56.46186847272121,55.31220894870587,56.26146697998047,8666800
2020-02-06,56.26991058683532,57.02509530782299,56.1876384616427,56.60320281982422,7874400
2020-02-07,56.85210845641675,57.303529945393834,56.784604132109266,56.858436584472656,6410000
2020-02-10,57.02086587894521,57.337285173795294,56.81413628878569,57.32251739501953,7666800
2020-02-11,57.53769238111054,57.797152108753615,57.36682645983468,57.40901184082031,7850800
2020-02-12,57.25713751555687,57.434331588168504,56.980798450673056,57.01033401489258,5836400
2020-02-13,57.01032042930572,58.19372548717444,57.01032042930572,58.10934829711914,7500400
2020-02-14,58.155771533670496,58.870875965717964,58.12413088403452,58.75274658203125,7354800
2020-02-18,59.064949073711894,59.77162028764323,58.72110566159324,59.49528121948242,9789600
2020-02-19,58.01443119572327,58.45741957645856,57.915286207832835,57.94060516357422,21134800
2020-02-20,58.208500179954285,58.46163821775567,57.653710594029796,58.43843078613281,10731600
2020-02-21,58.54391951363682,58.80338574972378,58.235939754285965,58.556575775146484,11030800
2020-02-24,57.968024140608854,58.771728799499215,57.78450194193492,57.78661346435547,9091600
2020-02-25,57.786616202856706,58.20006905007168,56.91329563838517,57.02509689331055,10285600
2020-02-26,56.72977618187406,57.65161030847073,56.53359770500384,56.84368896484375,9551600
2020-02-27,56.83732109115731,57.450136158899234,54.201564004079,54.25245666503906,14604000
2020-02-28,52.619680511165306,53.841078379644856,51.54459943424075,53.59722137451172,27468400
2020-03-02,53.78594667343501,57.019677036167145,53.50604513766153,56.903053283691406,19305600
2020-03-03,57.05996798293481,58.1647357173876,55.74527490065926,56.2244987487793,15636000
2020-03-04,57.0832968638072,59.91837623131895,57.0832968638072,59.84415817260742,14713200
2020-03-05,58.747862313779926,59.34371633633157,57.770324697338964,58.55914306640625,12412000
2020-03-06,56.947580605597,57.86999021785039,55.49293519186189,57.638858795166016,14556400
2020-03-09,53.95771220525045,56.47260052877014,53.95771220525045,55.40387725830078,15564400
2020-03-10,56.326281018570974,56.68464246376507,51.38132276177101,54.22700500488281,23743600
2020-03-11,52.84234490317558,52.846586767854006,50.586154997867695,51.15868377685547,19631200
2020-03-12,45.829909365962806,49.123012685395935,43.69246634607088,44.294681549072266,31668400
2020-03-13,46.66113971649245,47.07251314850055,41.63772459051082,46.98133087158203,31586400
2020-03-16,41.98548054616115,46.79048631854213,41.718301380226656,42.70008087158203,20240400
2020-03-17,43.567360847006285,48.23453373508751,43.257769504343244,47.023738861083984,21538000
2020-03-18,44.33073918550171,48.34480813377918,42.358692813520406,44.665775299072266,22198000
2020-03-19,44.532187674888704,46.99618699102743,42.52409338093809,43.915130615234375,17441200
2020-03-20,43.62885750940912,44.50885504221415,39.62327261646236,40.660186767578125,22482400
2020-03-23,39.58298498648286,39.98587797734957,37.065977202039534,38.520626068115234,23661600
2020-03-24,39.833193984196605,44.207739376187995,39.544808749325185,43.794246673583984,17900800
2020-03-25,43.61401224709478,46.703551825601195,41.36418704511716,44.58731460571289,17794400
2020-03-26,44.72090564464847,49.65526171641808,44.657293856255116,49.004276275634766,14655200
2020-03-27,47.812544285739115,50.9593365737987,47.369365093101656,49.18449401855469,16184400
2020-03-30,50.32108515531208,52.636647767121865,49.69554451577896,52.16590118408203,16373600
2020-03-31,51.33892852716467,52.566684715426916,50.713387731248105,51.02297592163086,18899200
2020-04-01,48.97458337387635,49.192992447418504,45.174682238764085,46.275211334228516,13691200
2020-04-02,45.59029067639797,48.67346518964295,45.407929384268634,48.01823806762695,9234400
2020-04-03,47.49025134932619,48.46779234389247,46.128900919744,46.99829864501953,8755600
2020-04-06,48.938529936889005,50.26382921763531,48.35115962528989,49.72734832763672,13267600
2020-04-07,50.96571290396606,51.10142342746605,48.38084854386372,48.45082473754883,10507200
2020-04-08,48.6925630251193,50.08359680892062,47.50721273903024,49.513187408447266,18290800
2020-04-09,50.00937204666316,53.19645147545465,49.91183183222757,52.011104583740234,19587600
2020-04-13,51.434339478812724,51.71212171753018,49.699789163612046,50.08783721923828,10757200
2020-04-14,51.28377882779575,51.94748646294465,50.54584990806372,51.39616394042969,11673200
2020-04-15,50.89997919506495,51.186245169502996,49.943644280098646,50.302005767822266,9990800
2020-04-16,50.88725553730285,51.059013823337445,49.97544889507583,50.35713577270508,10331200
2020-04-17,51.42373817359798,52.40340173103882,50.63068105042489,52.21891784667969,10952800
2020-04-20,52.04714762466175,52.439437467698525,50.27866921364403,50.38469314575195,8714400
2020-04-21,49.84609615829093,50.50344263772902,48.995782098031675,49.920310974121094,10622000
2020-04-22,50.45256035066851,52.73631736853103,50.45256035066851,52.41188430786133,11759600
2020-04-23,52.24648752515657,52.53487282934486,50.91906869436333,51.133235931396484,9360400
2020-04-24,51.258345530488725,51.30499633422531,50.03270874634324,50.82788848876953,8029200
2020-04-27,51.338916547780165,52.23163961912768,51.194722295098636,51.654869079589844,8457600
2020-04-28,52.218908652428276,52.354619163315725,50.48860044751183,50.74305725097656,8464800
2020-04-29,51.31347446306931,51.38768928957251,49.46865507350778,49.85882568359375,9901600
2020-04-30,49.58952301199606,49.59800350450368,48.5377639833677,49.00851058959961,17934800
2020-05-01,48.75193443034748,48.77525982923286,47.710778444200315,48.145477294921875,9168000
2020-05-04,48.13487286906488,49.019112215877286,47.69805471667063,48.79010009765625,9077200
2020-05-05,49.059392576316725,49.73582576130763,48.64165803703883,48.792213439941406,8042000
2020-05-06,48.96609481530467,49.016987470023416,47.206096808971985,47.21458053588867,7377600
2020-05-07,47.75318438385114,48.472026604582744,47.24002887614131,47.60050964355469,8692000
2020-05-08,48.21756909488735,48.9046054164221,47.867691374128185,48.71376037597656,11308800
2020-05-11,48.090350987049746,48.40630358310846,47.52206405977586,48.21546173095703,7854400
2020-05-12,48.38933086620121,48.650148881187434,47.7680320628709,48.33207702636719,9565200
2020-05-13,48.10094614101217,48.883403430554274,47.92282667680914,48.79646301269531,14076800
2020-05-14,48.29815317732357,49.47713903460651,48.19636785129468,49.2438850402832,11595600
2020-05-15,48.777375915094765,48.95761791596999,47.33333030078726,48.31511306762695,20232400
2020-05-18,49.60647895730767,50.234138837181874,49.29901019458869,49.92667007446289,9123200
2020-05-19,49.60224429147551,49.77400257247485,48.86856037071363,48.87704086303711,6532800
2020-05-20,49.25872373047055,50.09207035524847,48.940651906858726,49.36262512207031,5847200
2020-05-21,49.34354821133836,49.50894532296609,48.36176858423415,48.53776550292969,8308400
2020-05-22,48.52292845324554,49.621335183062556,48.16668624655175,49.58740997314453,5990000
2020-05-26,50.11540883706103,50.55222707118115,49.576808498775726,49.68495178222656,7658800
2020-05-27,50.41439196909818,51.15444035987286,49.81853784354128,51.1311149597168,12343600
2020-05-28,51.82451049705577,53.44879834528957,51.66335524222419,53.30036544799805,12416000
2020-05-29,53.03529580787146,54.392404191761344,52.90594647064373,54.190956115722656,15309600
2020-06-01,54.176035399909416,55.080068869717124,53.5705029336388,54.50865173339844,6655600
2020-06-02,54.49159999765599,55.50650345951903,54.09928019077771,54.711212158203125,10640000
2020-06-03,55.0502175819464,55.91800791712487,54.732527950970336,55.34658432006836,7303200
2020-06-04,54.937219460790956,55.553410139121574,52.8946103808128,53.70696258544922,12012400
2020-06-05,53.768787832704014,55.12910641022337,53.30610968799733,54.23786544799805,12370800
2020-06-08,53.95641404230561,55.59391055955101,53.42550854422851,55.53847885131836,8149200
2020-06-09,55.24638166351822,55.25491212342913,54.16964371909698,55.15257263183594,7990400
2020-06-10,55.18241041944438,55.628030900803516,54.491592937295934,54.75171661376953,6674400
2020-06-11,54.34020610443212,54.361528996465886,52.42339393222549,52.947906494140625,9718400
2020-06-12,53.68137495358221,53.75599857612365,52.075859280499834,52.645145416259766,8356800
2020-06-15,52.17820185332108,53.502270936494384,51.45539999179205,52.99908447265625,8404400
2020-06-16,54.05450196601249,54.08861404125734,52.59397158517617,52.913795471191406,8056800
2020-06-17,53.30185185000721,53.517198769443006,52.38928792409246,53.09076690673828,6767600
2020-06-18,52.920189474581804,53.28692110880943,52.525741983715854,53.075836181640625,6386800
2020-06-19,53.62380268025747,53.653652778252955,51.643028259277344,51.643028259277344,14452800
2020-06-22,51.854122110057965,52.92020193655347,51.28910110338232,52.67287063598633,7190800
2020-06-23,53.12701204906944,53.357285640244555,51.66435066222117,51.85624694824219,9306000
2020-06-24,51.45753522905735,52.1270331641855,50.856267957762014,51.527896881103516,6901200
2020-06-25,51.453268737826264,51.453268737826264,50.2272771653786,50.99272155761719,7824800
2020-06-26,50.85200352995953,51.61105178327717,50.065236162345485,50.36587142944336,10107200
2020-06-29,50.6409122300202,50.849866175079,49.84135252619851,50.79656219482422,5793200
2020-06-30,50.93942174528588,51.557746678890155,50.63878648470395,51.208072662353516,9532400
2020-07-01,51.10146145471629,52.77094257382553,50.81148766033557,52.506553649902344,6024400
2020-07-02,52.91166577360248,53.24428210262356,52.397814603386045,52.53640365600586,5981200
2020-07-06,52.91804684322853,53.12273225476487,52.14833742897537,52.655792236328125,6256800
2020-07-07,52.12062849048658,52.95003824932169,51.947924124126516,52.60462951660156,6017200
2020-07-08,52.62809418349241,54.18670228275455,52.476709425030634,54.00120544433594,9633600
2020-07-09,53.566240544009496,54.02252253270268,52.99695436559911,53.72828674316406,6818800
2020-07-10,53.76879171592301,55.71119222358873,53.681375657138304,55.35085678100586,10079200
2020-07-13,55.220796680972086,55.949998091297665,54.453221214792464,54.63445281982422,9600800
2020-07-14,54.63443989303258,56.43611684282552,54.55342006371283,55.97983169555664,12154400
2020-07-15,56.41266914625863,56.80499219216459,55.18241554536159,55.22292709350586,8444800
2020-07-16,55.404161125040716,57.525655740261385,55.16962229892489,57.22289276123047,10142000
2020-07-17,57.58109418839154,59.15889078692161,57.34015914366522,58.71540451049805,12461600
2020-07-20,58.740977753137216,59.24843261293267,58.26124200016241,58.491512298583984,6368800
2020-07-21,58.40411262115575,59.608781369925985,58.36999729024328,58.9179573059082,5958400
2020-07-22,58.947803094875404,60.21217188375878,58.52990173179279,59.790008544921875,6368000
2020-07-23,59.70046405791356,60.62368622837353,59.5106987453062,59.907283782958984,8150000
2020-07-24,60.314524049986154,60.900867864587596,59.27616349940357,59.75376510620117,7716000
2020-07-27,59.91367749560863,60.04373609215867,58.86892071964986,59.19514083862305,8909200
2020-07-28,59.10346330841075,60.40194764915475,58.98192865657485,59.7089958190918,6547600
2020-07-29,59.75163794268326,60.73669462680704,59.66635286091449,60.00749969482422,5381600
2020-07-30,59.73031544152351,60.22070949164905,59.5170995054978,60.19938659667969,4235200
2020-07-31,59.8966124999288,60.3017214018591,58.824136800947805,59.84970474243164,8030400
2020-08-03,59.943531656045415,60.097040884136504,58.93927990777811,59.18661117553711,8624400
2020-08-04,59.425403104237525,60.81557497023065,59.14609078902924,60.777191162109375,9142400
2020-08-05,60.813440112264466,60.97974825632658,60.118354186316985,60.50640869140625,6381600
2020-08-06,60.34649882498705,60.71749242667971,59.93712141425158,60.299591064453125,4588000
2020-08-07,60.30599617463312,61.70682647335905,60.23350353526918,61.359283447265625,4368800
2020-08-10,61.46803454441326,61.64500093861097,60.325193548064256,60.47658157348633,7240000
2020-08-11,60.54906281821537,60.676987172173064,58.94141286619697,59.22925567626953,6825200
2020-08-12,59.54267361019401,60.973350460317384,59.42327322815636,60.67911148071289,6124400
2020-08-13,60.34649845625002,60.86461155341355,60.2612133940276,60.63860321044922,3680000
2020-08-14,60.555453998968005,60.58317310896448,59.70471807490949,59.807064056396484,4912800
2020-08-17,60.13968529310874,60.78146733097558,59.770819388081634,60.337974548339844,4801200
2020-08-18,60.280410645975465,60.80279230022639,60.16954069995043,60.35076904296875,4764800
2020-08-19,60.6023678390486,60.60876405685601,60.08851665240655,60.19938659667969,5481600
2020-08-20,59.86674773522228,60.50213332800779,59.819839986669905,60.15032196044922,3631200
2020-08-21,60.26761749129298,60.348640588390026,59.79641209276447,60.21431350708008,5685600
2020-08-24,60.340104057564766,60.36568892631916,59.755894531561594,60.26121520996094,3548800
2020-08-25,60.46802925351999,60.478687445559835,59.51708818168631,59.97976303100586,4051600
2020-08-26,59.72819401161565,60.00111020799546,59.30815826727438,59.48725891113281,5238800
2020-08-27,59.57295072190354,60.10439522650176,59.272944364327174,59.76152801513672,4555600
2020-08-28,59.911545510902656,59.99512223842976,59.410104764690146,59.90511703491211,4618400
2020-08-31,59.86437873984487,60.78368969988511,59.71866231223244,59.82366943359375,6013600
2020-09-01,59.79152734687392,59.89867294522018,58.72649983772615,59.38652038574219,5729600
2020-09-02,59.457234667628434,62.0801634090623,59.07365812722871,61.771583557128906,9754400
2020-09-03,61.833723978384704,62.37802546482983,59.56224245945723,60.127967834472656,7855200
2020-09-04,60.68299347093755,61.287296354155316,58.45651082568248,59.427249908447266,7247600
2020-09-08,59.51723659389593,60.17939562602276,58.99436553570834,59.55366897583008,7158000
2020-09-09,60.001541712148885,61.46300940479628,59.96725433212691,60.5094108581543,4781600
2020-09-10,60.22869329342304,60.427982570165746,59.23652384043701,59.339385986328125,4362800
2020-09-11,59.6094001788538,59.82797490063918,59.02652771444281,59.60511016845703,3932800
2020-09-14,59.90510347905011,60.85655694824739,59.665098376846935,60.41297912597656,3916400
2020-09-15,63.35519109277571,64.13735265399055,62.39088070615919,63.365909576416016,10827600
2020-09-16,61.02371313424851,61.49087300049124,59.81511395961164,60.0765495300293,19501600
2020-09-17,59.57296512259492,60.059403886408404,59.10366678065142,59.898685455322266,9385600
2020-09-18,59.780843463237126,60.42800082674226,59.11011065641268,59.341548919677734,14386000
2020-09-21,58.93009230572557,59.29224503252183,58.19507490575557,59.1872444152832,7558800
2020-09-22,59.45724319769155,59.99083281052099,58.9236601245115,59.585819244384766,7192800
2020-09-23,59.714399229144206,59.714399229144206,58.52722389850196,58.56793975830078,5855200
2020-09-24,58.43936159704992,59.950118746495015,58.407219219327594,59.47439193725586,7478400
2020-09-25,59.01580321714399,60.45798554401669,58.78651003237097,60.39155578613281,5456800
2020-09-28,60.74300224539046,61.293732384992644,60.5672883721512,60.88872528076172,6918400
2020-09-29,60.88014709776101,61.27229721853878,60.472995019557004,60.67013931274414,7094000
2020-09-30,60.170850476596094,60.67229128815714,57.245775805997866,59.47868728637695,23238400
2020-10-01,59.80438287591027,60.86727189482188,59.710100768080025,60.592979431152344,10018400
2020-10-02,59.73797311067201,61.53373494331391,59.680116823860175,60.25227737426758,8306000
2020-10-05,60.82441224290157,61.92587212855822,60.629406469927986,61.69657897949219,6599200
2020-10-06,61.85302591525042,62.68018695275758,61.12872048634129,62.20446014404297,7288400
2020-10-07,62.77661346655758,63.8094921431231,62.0373061658204,63.670204162597656,10130400
2020-10-08,64.00234673184411,64.71164998259692,63.62947564844005,64.51021575927734,5694400
2020-10-09,65.0845250599514,65.0845250599514,64.3516462612285,64.91094970703125,6472000
2020-10-12,64.93025035954271,66.01456358824954,64.71595910423069,65.50241088867188,5816400
2020-10-13,64.93024417301737,65.21311017259391,64.07307923343959,64.60237884521484,8596800
2020-10-14,64.71596301510084,64.99025557689008,64.00665944032592,64.42453002929688,5501200
2020-10-15,63.85451513359988,64.26381224498562,63.35735781655694,63.95737075805664,5739200
2020-10-16,64.19309043508689,65.6159875651821,64.01308655832491,65.48741149902344,7449600
2020-10-19,65.38668968548103,65.92241780660265,63.888795951512925,64.1909408569336,7710400
2020-10-20,64.5487857827948,65.16594539198641,64.16306429687377,64.49949645996094,6003200
2020-10-21,64.05164628174732,64.81881253468707,63.30805546433606,63.79021072387695,7796000
2020-10-22,64.20593329467101,65.210959624062,64.12021811592966,64.7738037109375,8463600
2020-10-23,64.95166468053334,65.47667420201932,64.6388013564914,64.94523620605469,5617200
2020-10-26,64.56164673780455,64.91951588745148,63.76876675239633,64.855224609375,5707600
2020-10-27,65.26454306022318,65.51312169682232,64.30451589883856,64.95596313476562,4834200
2020-10-28,64.06451000496214,65.18740059729798,63.67878837241124,63.82450485229492,7508900
2020-10-29,63.75592476042454,64.31308326954498,62.52161171551781,63.438777923583984,7753100
2020-10-30,63.198765873391245,63.7302038832892,62.14445025371046,62.75303649902344,8790500
2020-11-02,63.515917287757844,64.67308858582233,63.19019698256647,64.39879608154297,9233600
2020-11-03,65.18739494047976,65.94169771764143,64.62166295287147,65.16167449951172,6887900
2020-11-04,63.86735647693163,64.21022373383919,62.57303568843892,62.847328186035156,12128800
2020-11-05,64.5445176374485,65.35882165200734,63.850209642446174,64.07307434082031,8644100
2020-11-06,64.28737355377031,65.19596634064231,63.53307072501333,64.90453338623047,6076100
2020-11-09,69.5075089661018,71.43613027867488,64.58738353757296,64.72453308105469,12864500
2020-11-10,66.33598792119159,66.45599047829117,64.55308344478509,65.13595581054688,8649200
2020-11-11,65.58168273704153,67.18457677796503,65.32453067311279,66.46456146240234,6903300
2020-11-12,66.52457105402539,66.77314966965496,65.16167540828388,65.71883392333984,5901900
2020-11-13,66.00170260326517,66.62743590798875,65.82169874455968,66.16456604003906,6235000
2020-11-16,67.03029097697976,67.09886573687184,65.41882335741022,66.64456939697266,7667600
2020-11-17,66.64457939041726,67.26173924269182,65.4788344560431,65.66741180419922,5866300
2020-11-18,66.27600002712099,66.31028741316649,64.94739161137089,64.96453857421875,6501900
2020-11-19,65.09310409210097,65.16167231343395,64.12450357726362,64.39879608154297,7392300
2020-11-20,64.52737376140648,65.42739953810757,64.50165986029776,64.7588119506836,5891000
2020-11-23,65.14455835504647,65.16169878242995,63.54165699914107,63.9188117980957,7634600
2020-11-24,64.69026520165349,64.85312869873476,63.867387311586036,64.27025604248047,6699600
2020-11-25,64.30467423763177,65.46727252648188,64.14966069443047,65.4242172241211,6443100
2020-11-27,65.49311604573822,65.56200584616005,64.33051114301614,64.70082092285156,3669300
2020-11-30,64.84723155289649,64.93334873674056,63.08179971765329,63.37459945678711,13120300
2020-12-01,63.830999926891614,65.079714871138,63.68459356289695,63.856834411621094,8099500
2020-12-02,63.84822909338742,64.03769076665309,62.78897565877292,63.99462890625,5128800
2020-12-03,63.76212351591095,64.20132960453333,62.88371133866621,63.167903900146484,7660500
2020-12-04,62.969825802474574,63.3401354755441,61.95362762314315,62.45310974121094,7763800
2020-12-07,62.4358972556774,63.54682642287182,62.34978009076776,63.09900665283203,6752200
2020-12-08,62.745942634177794,63.977437506038505,62.11727466309347,63.45211410522461,8255400
2020-12-09,63.33153359669967,63.64156066313255,62.392838709355985,63.443485260009766,6683700
2020-12-10,63.54683400349937,63.8224129062757,62.857883461398906,63.107627868652344,6204600
2020-12-11,62.98703120686541,63.632919555229755,62.87507959179604,63.555416107177734,6022500
2020-12-14,64.07215859970488,64.77832996288976,63.29709086686308,63.340152740478516,5759900
2020-12-15,63.4348866096908,64.84722940293214,63.116245812680106,64.51136779785156,6859400
2020-12-16,64.74387280560254,65.23474787332171,63.89990882006363,64.10659790039062,7787700
2020-12-17,64.64054870605469,65.46728557783757,64.45108694100266,64.64054870605469,9384200
2020-12-18,64.66637528714071,65.05391246010103,63.66740415328169,64.1668930053711,13298300
2020-12-21,63.67599937765942,64.20132257488137,62.76313911985587,64.0721435546875,7251400
2020-12-22,64.10660194039657,64.78693875613115,63.62433395955953,64.33911895751953,5335300
2020-12-23,64.72666405329736,65.06252565847038,64.01187896728516,64.01187896728516,4626400
2020-12-24,64.11522927218192,64.72667648655899,63.865491370369455,64.57166290283203,1387500
2020-12-28,64.95918000534976,65.34671059854158,64.62331840583164,65.01084899902344,3753700
2020-12-29,65.11418520436754,65.33809509876482,64.68359279146752,64.87305450439453,3774900
2020-12-30,65.13141366571953,65.69118518235085,65.02807567948085,65.37255096435547,3804800
2020-12-31,65.36393333482488,66.47486261215359,65.15725080448813,66.44041442871094,4119400
2021-01-04,66.4920858046742,66.74183021585574,63.365986961169114,63.917144775390625,9388400
2021-01-05,64.16688189778569,64.74387414239524,63.779344791909836,64.39078521728516,7339800
2021-01-06,66.00983161815907,68.3522558713299,65.10558473928998,67.54273986816406,12155700
2021-01-07,68.80866368367525,69.46316594139823,67.93886523580956,68.28334045410156,8816000
2021-01-08,68.74840615410008,69.93683919297563,68.41254450028045,69.8679428100586,8376200
2021-01-11,69.73875987505805,69.75598068305146,68.00777629249282,68.6278305053711,7064300
2021-01-12,68.59337196813102,69.36843961726898,67.63745629591399,68.67948913574219,7669300
2021-01-13,69.41150266489299,70.8238453964075,69.03258577103851,70.4793701171875,8542600
2021-01-14,70.58270282571134,71.25442589377514,69.8851452658479,71.07357788085938,8899000
2021-01-15,70.99608660874027,71.7022579773578,70.5741012690848,70.651611328125,10561600
2021-01-19,71.04774733390381,71.65057407709429,70.41047240962834,71.31471252441406,8142700
2021-01-20,71.17691610593859,73.22653330752875,70.97884073584412,72.38257598876953,8576800
2021-01-21,72.55481564179924,72.98540801949537,72.03810610262752,72.08977508544922,9268600
2021-01-22,72.29646059798216,72.8131767289918,71.9519919377338,72.52037048339844,6371800
2021-01-25,72.44287587255727,75.51730569082932,72.42564849524518,74.8111343383789,13215600
2021-01-26,74.62168488854135,75.1470082875707,72.98543200158048,73.3988037109375,12476900
2021-01-27,72.85624021358844,73.02848113338675,68.55892946198959,69.05841827392578,16893300
2021-01-28,69.47178391333972,72.21896583130975,68.93785348336289,71.0133056640625,8541300
2021-01-29,70.46215076598561,71.01330859599963,69.08425619095057,69.64402770996094,13189700
2021-02-01,70.84967791927323,71.59891113793552,69.62679695390476,70.35880279541016,5589500
2021-02-02,70.71188143034487,72.74427799707541,70.66021244705593,71.41805267333984,6645400
2021-02-03,71.86586911628923,72.23617884405223,71.40083510497627,71.52140045166016,5971200
2021-02-04,71.49557621687222,71.95200978854464,71.10804559278978,71.47835540771484,6398400
2021-02-05,71.80560203286655,72.81319346365534,71.47835410229175,71.99506378173828,5745800
2021-02-08,72.33952451674784,72.96819232313125,71.59029136179537,71.82281494140625,6792300
2021-02-09,71.96059168517087,72.65815576246541,71.47833035395912,72.193115234375,5008900
2021-02-10,73.15765038800625,73.1920985704486,71.86587311285379,72.26202392578125,6200800
2021-02-11,72.33954014970153,73.02849077925532,72.01229221433957,72.29647827148438,4417200
2021-02-12,72.36534613577123,72.48591146289108,71.15107917825924,71.59027862548828,5787200
2021-02-16,71.72808834670886,71.9692190581702,69.74736052487222,69.91960144042969,8312600
2021-02-17,69.60957149482081,69.78180583296309,68.56753863732672,69.48039245605469,8598300
2021-02-18,69.60957756476414,70.00572183329015,68.84312352365431,69.5234603881836,5378900
2021-02-19,69.27371331262279,69.3942786692625,67.12935824741815,67.25853729248047,9660900
2021-02-22,67.00018317353684,67.12074852549947,64.20133244381215,64.67498016357422,13190300
2021-02-23,64.58886335091468,64.58886335091468,63.133458860905336,64.33911895751953,12719000
2021-02-24,64.44247135641766,64.51136772926343,63.15069393199815,63.52100372314453,12302200
2021-02-25,63.49934217095962,64.35638667549632,62.945292531179064,64.1139907836914,11747100
2021-02-26,64.17459466140916,65.41255086470736,63.60323381631402,63.61189270019531,12583200
2021-03-01,64.61612118653457,66.58127220961495,64.38238410251797,65.71556854248047,12272600
2021-03-02,66.33885439377606,66.52931021355657,65.31732403705698,65.3952407836914,8738500
2021-03-03,65.60299444860232,65.73285126343515,62.40854718575757,62.780799865722656,11748900
2021-03-04,62.5817223923446,63.24831134723655,61.0234530623703,61.71601867675781,11998700
2021-03-05,61.99302787927845,62.33065171434769,59.15352146905847,61.20523452758789,15509900
2021-03-08,61.46495942725492,62.71157480241243,61.075395424915556,61.3437614440918,12479400
2021-03-09,62.68559953037277,64.67671380569769,62.6076827735154,64.07937622070312,9363700
2021-03-10,63.89758034279277,64.70268495171268,62.92799654180141,64.46028900146484,8247200
2021-03-11,64.8931257202331,65.40389415796115,64.46027402257563,64.80655670166016,6602500
2021-03-12,65.08358911856054,65.80212460566797,64.09668766112358,65.50778198242188,6113100
2021-03-15,65.35196726393328,65.97527495418247,64.9624032599249,65.37793731689453,7129200
2021-03-16,65.07493978702908,66.08781144127511,65.0403108495171,65.2567367553711,6512700
2021-03-17,64.92776387525564,65.0922496572736,63.031871056564185,63.16172790527344,10343300
2021-03-18,63.19634804799365,63.2050069313148,60.832974865569454,61.57748031616211,14198800
2021-03-19,61.62076239271102,62.87602956094241,60.65117229956098,61.326419830322266,22806700
2021-03-22,61.2571780880305,62.70290126713409,61.2571780880305,62.06228256225586,10057700
2021-03-23,61.96706397230601,64.31311988648108,61.95840508714537,64.07937622070312,10723800
2021-03-24,63.568611325252675,63.767726045934275,62.68559661891091,63.049190521240234,14537400
2021-03-25,63.29158241147393,63.82832095070301,62.73753270862806,63.58591842651367,6823600
2021-03-26,63.28291632402057,64.17458975664263,62.88469355822784,64.1139907836914,10106000
2021-03-29,64.15730857109114,65.10092253432784,63.79371456350245,64.75464630126953,8644500
2021-03-30,64.15728978255316,64.54685373305738,63.83697709550282,64.25251770019531,5964600
2021-03-31,64.52953859919646,65.74152479980727,64.43431068741174,65.45584106445312,9430500
2021-04-01,65.36060047375351,66.1224170154575,65.25671369792435,65.5943374633789,6548900
2021-04-05,66.26093726251244,67.08335282867536,66.26093726251244,66.46870422363281,7328400
2021-04-06,66.28690692711291,67.30843717022246,65.75016845876974,67.14395141601562,6570500
2021-04-07,67.18724479731975,67.57680870508709,66.46870935386225,67.01410675048828,6761600
2021-04-08,67.26517669839636,67.87983215452381,67.04009848565741,67.31712341308594,7454600
2021-04-09,67.4383172276098,67.68071319849169,67.19592125672791,67.47294616699219,4969600
2021-04-12,67.33442429279067,67.77593497381568,66.84097350980774,67.21322631835938,6052900
2021-04-13,66.9015614961111,68.5637105333925,66.8755914494025,68.42520141601562,6319000
2021-04-14,67.99236606404848,68.58970370135816,67.85385030852373,68.50312805175781,4478200
2021-04-15,68.57236081902937,69.49000424656766,68.40787507077539,69.41209411621094,5012400
2021-04-16,69.88824852340208,70.47692718496482,69.47270792503097,70.0700454711914,15124100
2021-04-19,70.12198626250031,70.44229894784492,68.92731776316127,69.0744857788086,7658200
2021-04-20,68.96194531688464,70.08735592582062,68.93596866335459,69.71510314941406,7192100
2021-04-21,70.01808714441643,70.2778008008815,67.25649784764832,67.49889373779297,8565100
2021-04-22,67.69799311262524,68.65027199402897,67.54216625974026,67.8018798828125,8261700
2021-04-23,67.68934666427444,68.07025164484484,67.37769293166716,67.73262786865234,6034900
2021-04-26,67.86249434823289,68.05295016801621,67.12664772117364,67.46427154541016,7425100
2021-04-27,67.46428184236285,67.65473769121512,66.72843510299263,66.90157318115234,5871900
2021-04-28,66.87560681845623,67.04874490616542,66.33886817888623,66.73709106445312,5522200
2021-04-29,66.7457378371403,67.32575759097723,66.36483279234845,66.84962463378906,5558700
2021-04-30,66.86693385576068,67.21321656307408,66.39080091239886,67.10067749023438,8024600
2021-05-03,67.37770908031976,67.51621821423532,66.24363293521596,66.39945983886719,6076000
2021-05-04,65.96661242293563,66.14841599320744,64.72000371611983,65.52510833740234,9178300
2021-05-05,65.58570471947554,65.70690269164399,63.54264375321563,63.87160873413086,10643200
2021-05-06,64.06205797370667,64.2265437496055,63.46472045474227,64.07071685791016,7069200
2021-05-07,64.49491160425501,65.47315419448645,64.49491160425501,64.52088165283203,5677400
2021-05-10,64.35641674462008,65.55109220497687,64.28716546088589,64.75464630126953,6210400
2021-05-11,63.73310142708505,64.19192327844293,62.927996814673996,64.12266540527344,10515100
2021-05-12,63.62920052605922,63.767716241722646,61.8977937090236,61.93242263793945,9093200
2021-05-13,62.46051122987557,63.317555878244015,62.053629512579235,62.87604522705078,5469300
2021-05-14,63.19635657818747,63.7590651837465,63.01455963266107,63.30024337768555,5446200
2021-05-17,63.196367559390694,63.334883316123744,62.07960903871102,62.24409484863281,10369300
2021-05-18,62.114218744310804,62.91066428452313,61.707337090891336,62.58169937133789,8195100
2021-05-19,61.99302818351975,62.95395959721536,61.638086578103554,62.90201950073242,8486600
2021-05-20,63.30889868549072,64.7286519892373,63.18770071600947,64.31311798095703,10798500
2021-05-21,64.56416059304202,65.14418028082402,64.05339215701245,64.44296264648438,8689300
2021-05-24,64.7286620951372,64.82389002956783,63.99281527845998,64.08804321289062,6746900
2021-05-25,64.07936453943118,64.07936453943118,63.326206787606225,63.51666259765625,7440600
2021-05-26,63.542649604526936,63.89758466862036,63.23965464620456,63.603248596191406,7408800
2021-05-27,63.733092446595016,63.89757161620328,63.02321585862059,63.196353912353516,10956100
2021-05-28,63.7157675807046,64.26116493831601,63.36083262865218,63.386802673339844,9177500
2021-06-01,63.87851352836014,63.87851352836014,62.694932934614634,62.764556884765625,9056100
2021-06-02,62.729752843366185,63.67835438525175,62.50347829661031,63.27802658081055,6421000
2021-06-03,62.67752881083203,63.513003002329306,62.67752881083203,62.98213195800781,8871500
2021-06-04,63.25189969594637,63.43465755191131,62.88638398401649,62.95600128173828,6586300
2021-06-07,63.156194728973134,63.48689860983662,62.75586688170464,63.06916809082031,5988500
2021-06-08,63.46078416008318,63.62613940181035,62.407746685291805,62.78196716308594,5803000
2021-06-09,62.98212905541339,63.443376122568765,62.72104255263969,63.0517463684082,6660400
2021-06-10,62.956029948237614,64.00907422211313,62.80808399361969,63.97426223754883,8203300
2021-06-11,64.05256415337163,64.05256415337163,63.460773880619136,63.95683288574219,4548400
2021-06-14,64.06127265548469,64.34846647562752,63.55650896669523,63.80018615722656,4991900
2021-06-15,63.895939355600895,64.46162253612941,63.59134276291869,63.90464401245117,7770300
2021-06-16,64.40069318198614,64.91415498110761,63.626144835703656,63.791500091552734,9646200
2021-06-17,63.826312521329385,65.24487273753617,63.547823271964255,64.90546417236328,10553800
2021-06-18,64.78362123967148,65.20135176613172,63.556523708817096,63.77409362792969,17539000
2021-06-21,64.13090308094118,64.8619347263322,63.19970421471817,64.68788146972656,6499700
2021-06-22,64.55734112049635,65.04469557274834,64.47031448826654,64.49642181396484,5513100
2021-06-23,64.50512571761321,64.67047432501158,63.53911483979175,63.83500671386719,6079700
2021-06-24,63.94816041738844,64.04388508355183,63.17360531360195,63.425987243652344,7925200
2021-06-25,63.721853245055726,64.3658580865012,63.713148592687666,64.2788314819336,6676800
2021-06-28,65.07080165425724,66.01070519966298,64.94896304352385,65.4015121459961,8444300
2021-06-29,65.05339976131366,65.8366527251771,64.4267973902229,64.4703140258789,6477400
2021-06-30,64.63566864849759,64.8271312396698,63.59133569263995,63.77409362792969,8672600
2021-07-01,63.79148425566286,64.81841423868273,63.600021720568556,64.56603240966797,6423000
2021-07-02,64.68789530542136,64.78362660894167,64.15702412761145,64.64437866210938,4282300
2021-07-06,64.84453278233545,65.41891384732777,64.4355003210573,65.38410186767578,6957200
2021-07-07,65.49726243964908,65.80185905488024,65.14044451915812,65.55818176269531,5661800
2021-07-08,64.94026406645186,66.15865015574052,64.7662041681919,65.38410186767578,5881400
2021-07-09,65.27095746106278,65.63647322931548,64.64435520708375,65.26225280761719,5592800
2021-07-12,65.44502786372892,65.69740976223162,64.73139880716187,65.34929656982422,5743500
2021-07-13,65.35798936717354,65.9323770263864,64.94895693828663,65.14912414550781,5165500
2021-07-14,65.27096445830793,66.28918991032813,64.95766329773159,65.88015747070312,6956100
2021-07-15,65.84534533441823,66.90708066930192,65.43631293702364,66.85486602783203,7638200
2021-07-16,66.89839004030935,68.18640002991874,66.89839004030935,67.81217956542969,9088000
2021-07-19,67.38572499615378,68.21248765725576,66.15862802283606,67.00279998779297,9891800
2021-07-20,67.02892634730775,67.62071669213213,66.88968507542864,67.15946960449219,6562000
2021-07-21,67.15947327828249,67.25520456280744,65.97589252388889,66.03681182861328,8931900
2021-07-22,66.13254117173837,66.70692886202617,66.04551454464489,66.24568176269531,5534800
2021-07-23,66.60249169812221,67.3683419377237,66.07162065101878,67.18557739257812,4953500
2021-07-26,66.82874586012683,67.1333422763217,66.52414944393195,66.93318176269531,6014000
2021-07-27,66.9070946711639,67.86440756315294,66.23698228647815,67.75997161865234,7592100
2021-07-28,67.78606319411443,68.16898826193376,67.20297757881137,67.75125122070312,5177500
2021-07-29,67.88182443256869,68.2299376806773,67.55112049870488,68.02107238769531,4141900
2021-07-30,67.8644085098701,68.62154753901525,67.65553661795512,67.79478454589844,5488900
2021-08-02,68.29085428251737,68.6737795041637,67.99495570950674,68.58674621582031,7520700
2021-08-03,68.53451378891573,69.4918199551689,68.20380995394272,69.11759948730469,6249400
2021-08-04,69.06537954739055,69.6223578792481,68.55191120538426,69.50922393798828,8050200
2021-08-05,69.43961971755007,70.16195347932464,69.21334513103004,70.04881286621094,6283700
2021-08-06,70.04880045088234,70.49264488893036,69.67457997168619,70.15323638916016,4634300
2021-08-09,70.45783147019591,70.6144820545595,69.72679983630314,70.1097183227539,5621600
2021-08-10,70.21415379405774,70.32728774435233,69.79641669195168,70.08361053466797,4506800
2021-08-11,70.61448964198395,72.59002814815507,70.46654369632898,71.6849365234375,9419300
2021-08-12,71.380323223196,72.34633402041221,71.21497462959455,72.23320007324219,6762800
2021-08-13,72.45077888395622,72.71186542770899,72.08526303446766,72.62483215332031,3999500
2021-08-16,72.62483484118863,73.47771182793383,72.36375492747985,73.05997467041016,8579700
2021-08-17,72.75537100259982,73.1034841598738,72.33764052563602,73.06867218017578,5257000
2021-08-18,73.3036379376264,73.93893819139439,73.00773948432098,73.46898651123047,9511700
2021-08-19,73.07738190980326,74.06079550566604,73.03386527223222,73.58214569091797,6968000
2021-08-20,73.57343065885905,75.21825840352075,73.12088159489058,75.08771514892578,7589700
2021-08-23,74.67868989698133,74.9136691057874,73.11219061033508,73.45159912109375,8837100
2021-08-24,73.30366279392048,73.52123272112115,72.59003369829058,73.22533416748047,5786100
2021-08-25,73.22533448526276,73.85193694067317,72.73797997092457,73.56474304199219,5930000
2021-08-26,73.53412403440022,73.60406654450681,73.14944689889889,73.27184295654297,5294000
2021-08-27,73.38552250832205,73.60408791329554,72.86096020031626,72.92216491699219,5974200
2021-08-30,72.79102064038857,73.65653773246935,72.57245524652367,73.39425659179688,6001700
2021-08-31,73.28059925156093,73.82264378714389,73.00958031881243,73.4292221069336,6844000
2021-09-01,73.56909999619991,74.97666141924363,73.49041299977459,74.60946655273438,5862300
2021-09-02,74.6794108423086,75.63235928339424,74.6794108423086,75.60613250732422,5214000
2021-09-03,74.97666434371811,75.45750414252791,74.6444407215411,74.91546630859375,4621100
2021-09-07,74.69688262273684,74.74059168276999,73.84884815110321,74.33843231201172,6791300
2021-09-08,74.41712704103197,76.03450917251826,74.1286192004192,75.57115173339844,6230100
2021-09-09,75.44002966927968,75.7722466558128,74.96792763362551,75.0466079711914,4108300
2021-09-10,75.16023956641548,75.16023956641548,73.96249927122336,74.25100708007812,5508000
2021-09-13,75.09031050267566,75.13402624035476,73.7789184133239,73.94503021240234,6498800
2021-09-14,74.1286304830819,74.4783364034072,73.83137811627545,73.99748992919922,4658200
2021-09-15,73.72646033365012,74.43460988395672,73.49040603682481,73.97125244140625,5707000
2021-09-16,73.85761384443599,74.28600010827151,73.14071968716425,73.4379653930664,5380600
2021-09-17,72.91340443463145,73.37676192429218,71.2960221267284,71.37470245361328,15390400
2021-09-20,71.28726310401085,72.16152435374842,70.51791560547204,71.41840362548828,8994100
2021-09-21,71.62822842835953,72.44129170248925,71.4533788367532,71.6194839477539,6450700
2021-09-22,71.76812541783792,72.48502627194252,71.31351235947164,71.60202026367188,5662200
2021-09-23,71.84679714606453,72.02164674592859,70.93756455258512,71.05121612548828,6414300
2021-09-24,71.02500424440036,71.45339719303286,70.36930810230265,70.55290222167969,6113800
2021-09-27,69.94966123589734,70.63158410703201,68.67324030555295,68.8568344116211,8600900
2021-09-28,68.61205400587112,68.70821664637671,67.32688837348881,67.55419158935547,9257400
2021-09-29,67.86016789336638,69.0928729194329,67.71153839568582,68.49837493896484,7496100
2021-09-30,68.92678187999591,69.4251173991662,68.1049805052447,68.64701843261719,10186800
2021-10-01,69.08412473043039,69.58245340274627,68.20986343372996,69.25023651123047,7961100
2021-10-04,69.11035930184804,69.87096237355588,68.63825739350293,69.38137817382812,6027800
2021-10-05,69.4425894948629,69.8534934569172,69.14533712376767,69.4863052368164,5434600
2021-10-06,69.29396149611615,71.06871109816619,68.7606615003168,70.97254180908203,6876200
2021-10-07,71.23482255320559,72.22273554432587,70.63158004645783,70.74523162841797,5753200
2021-10-08,70.82393126837762,70.84141356484456,70.07206578865728,70.12451934814453,3592900
2021-10-11,69.2415037467151,69.38138877949703,67.96508283796457,68.04376983642578,8798700
2021-10-12,68.2798103233531,69.22401418524848,67.81645287355764,68.95299530029297,7791200
2021-10-13,69.10163070314529,70.2556556320859,68.7082090207264,70.1070327758789,6260100
2021-10-14,70.25564475243911,71.55829233586137,70.12450421194097,71.21733093261719,6486000
2021-10-15,71.63699429764642,72.082862890391,70.99003594135483,71.40093994140625,14634200
2021-10-18,71.11241714965426,71.39218719336384,70.60535062064307,70.80642700195312,4942100
2021-10-19,71.44464880179598,71.82058150283669,71.00751806431077,71.71566772460938,5717500
2021-10-20,72.34514985687612,74.01499277122639,72.02167065265941,73.36803436279297,6942600
2021-10-21,73.62154883699101,74.0499350387453,73.19316263523672,73.27184295654297,4945000
2021-10-22,73.41172271577008,73.95376045503926,73.2106396811453,73.80513763427734,4732400
2021-10-25,73.78767473438558,74.14611849454445,73.37677074657732,73.6915054321289,3987300
2021-10-26,73.79639917461992,75.43126352879013,73.7614279223804,74.72311401367188,6969100
2021-10-27,75.19522236932578,75.49246803375384,74.1023956558375,74.32096099853516,4356900
2021-10-28,74.24228811453986,75.61487846070293,74.07618295818341,75.55368041992188,6568400
2021-10-29,75.33510731005818,75.58864393017546,74.25976946516934,74.6007308959961,7792600
2021-11-01,74.69689956733521,75.02911651330136,74.2510243653154,74.82803344726562,5135200
2021-11-02,75.05534553906536,75.39630697727566,73.77892459882683,74.67941284179688,7266400
2021-11-03,74.89797399693106,75.01163225000074,73.64777990376155,74.52204132080078,5723200
2021-11-04,74.45210764441305,74.65318404093877,72.71232257138885,74.10240173339844,6594000
2021-11-05,74.09365093070943,74.93294104349665,73.71771827570302,74.77557373046875,4885400
2021-11-08,74.77559683147811,74.83679487933509,73.47294885847285,73.95378875732422,5391000
2021-11-09,74.04120027448619,74.46084201222502,73.75269241098752,74.259765625,3917600
2021-11-10,74.25977262217323,74.63570532728289,73.88383991706358,74.48707580566406,5192700
2021-11-11,74.723121215115,74.74934798930116,73.93628463910535,74.63569641113281,5370200
2021-11-12,74.63571058426298,75.77224659202663,74.3384581901741,75.45751190185547,6467100
2021-11-15,75.98207564018614,76.36674619223837,75.59739841804753,76.35800170898438,5543000
2021-11-16,76.12194662777085,76.42793681107426,75.77224070253021,76.04326629638672,5497200
2021-11-17,75.91213754536909,76.83010823802825,75.54494926830543,76.74268341064453,6203100
2021-11-18,76.69023331870316,76.83011171482968,75.90339649646937,76.58531951904297,5537400
2021-11-19,76.93499005785588,77.66062849672173,76.06072880719843,77.20600891113281,6765100
2021-11-22,77.06614799637535,77.30219565256253,76.34925387562195,76.37548065185547,5214500
2021-11-23,76.14815489704294,76.8475665775318,75.64982624247199,76.33174896240234,7408000
2021-11-24,76.05514484753081,76.66105912136156,75.68633037634126,76.58202362060547,4553900
2021-11-26,76.32738627304035,76.79279610281282,75.3965666134954,75.5985336303711,4340700
2021-11-29,76.59082434605045,78.08364899440339,76.00247635990429,77.85533905029297,8712500
2021-11-30,77.31967074579705,78.10998567296967,75.8883086051391,76.20443725585938,16328300
2021-12-01,76.39762488183297,78.75102324962627,76.39762488183297,77.13525390625,10062800
2021-12-02,77.2318434854917,78.61051289891181,76.93328129260085,77.82019805908203,8303500
2021-12-03,78.2856054704587,78.2856054704587,75.53704323621872,77.30209350585938,11191000
2021-12-06,77.33722809070066,78.81249284877993,77.1703805580591,78.28561401367188,8946400
2021-12-07,78.61930505149013,79.51500513128252,78.10120941091907,79.3920669555664,7909700
2021-12-08,79.6467301071083,79.83992060808015,78.67200108829867,79.31304168701172,5356500
2021-12-09,79.47107555026508,79.47107555026508,78.60172532898078,78.9529800415039,5731200
2021-12-10,79.04081517713873,79.8223536239271,78.85640790651063,79.27790832519531,4996700
2021-12-13,79.26033318656054,80.89366206551583,79.15495475256674,80.55996704101562,6446500
2021-12-14,80.1121291803778,80.48094367482025,78.54904578557546,79.05836486816406,11022600
2021-12-15,79.28668426551778,80.8409778037483,78.66321020783052,80.78829193115234,9590000
2021-12-16,80.45461801836603,81.4029973935223,80.36679928210044,80.99028015136719,7623300
2021-12-17,80.78829479429328,81.10442344032813,79.68184453317124,79.85747528076172,15335400
2021-12-20,78.85641666432615,79.10229305247071,77.7236232764066,78.97935485839844,10167700
2021-12-21,79.60281580637152,80.20872346222788,78.47002260680982,79.42718505859375,6287900
2021-12-22,79.24277583531618,79.80478081502831,78.93543040885295,79.73453521728516,4142900
2021-12-23,79.6291535330212,80.18237527815762,79.38327720184944,79.64671325683594,5845600
2021-12-27,79.77843823501055,80.2175050460999,79.58524776619078,80.191162109375,5410300
2021-12-28,80.48973096483853,80.95514071230652,80.35800958168414,80.68291473388672,3096400
2021-12-29,80.74438434900013,81.01661032920543,80.42825570720731,80.77951049804688,2945400
2021-12-30,80.99025321205197,81.58738424204145,80.62143206145058,81.46443939208984,3716300
2021-12-31,81.29760088851151,82.30745575158112,81.22734860073015,81.9825439453125,4811800
2022-01-03,82.03522563084155,82.23719927301372,79.50620369623307,80.48971557617188,7864400
2022-01-04,80.48094100401839,80.72681732548715,79.57646452163235,79.629150390625,8379100
2022-01-05,79.27789128005323,80.34921522161507,78.75101252016474,78.794921875,6722300
2022-01-06,78.23292358886576,78.47002342593377,75.21214839146295,75.31752014160156,12658600
2022-01-07,75.3175277339651,76.28348020512875,74.21108404820646,75.8795394897461,13359300
2022-01-10,75.34385917084171,75.8356118012612,73.53489955249105,74.01787567138672,11378700
2022-01-11,73.6139398907075,74.65013778691281,73.48221851329636,74.45694732666016,8395900
2022-01-12,74.00911930877406,75.35266301830573,73.85105494885094,74.72040557861328,6484000
2022-01-13,75.15067419968419,75.35264117348409,74.39547877672024,74.55354309082031,7203100
2022-01-14,74.53597947565726,74.77307930555479,72.59530497363444,73.06071472167969,11084300
2022-01-18,72.00696608323317,72.15624720988508,70.86538955084262,71.3483657836914,10848100
2022-01-19,71.16395179403078,73.19243838148093,71.12882564407833,72.52505493164062,9673900
2022-01-20,73.16609161930377,74.8872326792357,73.01681051453032,73.33293914794922,12028900
2022-01-21,73.49978201604496,73.70175569840998,71.85767641872526,72.5338363647461,12809100
2022-01-24,71.69960580256257,72.0508605630031,69.58330072813821,71.93669891357422,14689800
2022-01-25,68.67005088947109,70.417541731144,65.67561853349021,65.94783782958984,22925000
2022-01-26,67.17722060125595,67.20356353739444,63.54174802233467,63.78762435913086,24721700
2022-01-27,64.36719975128337,65.32436222179011,63.58566133236173,63.6734733581543,21250600
2022-01-28,63.50660856822184,64.05983021010098,61.28493209099718,63.6646728515625,25537100
2022-01-31,64.0247319206363,68.75787207481758,63.88422731141494,68.59980773925781,21787800
2022-02-01,68.52956167665229,69.78529326252516,66.7645108854035,67.81827545166016,12082900
2022-02-02,67.98511345872431,68.50321585611069,67.4670177609668,68.25733947753906,8397700
2022-02-03,67.2299049229003,67.87094538587162,66.23761638668024,66.53617858886719,7960700
2022-02-04,65.94783577546674,67.47578645057997,65.45608307534481,66.74694061279297,12132000
2022-02-07,66.73814815199391,66.84352658725757,66.12345736202377,66.45714569091797,8184500
2022-02-08,66.51862900304357,67.39676271925536,66.05321920539188,66.26396942138672,6758500
2022-02-09,67.2738091502389,67.85337378659231,67.01914962681964,67.31771850585938,7390900
2022-02-10,65.78098651487858,67.48456102200981,65.59657257631781,66.25517272949219,9673300
2022-02-11,66.65033781800922,67.35284063858154,65.57023060313706,65.82489013671875,8999100
2022-02-14,65.8161149714846,66.13224362425913,64.87651222563478,65.7897720336914,8329200
2022-02-15,66.50106812881849,67.15088519170406,65.63171094104041,65.93905639648438,9102000
2022-02-16,65.97417773655775,66.42202776732775,65.40339623220481,66.06199645996094,7505100
2022-02-17,65.61416074288688,66.59766634312538,65.41218701447822,66.1937255859375,10093100
2022-02-18,65.82487997736891,66.57129204011342,64.82380842034662,65.11359405517578,9558600
2022-02-22,64.92043295951731,65.38584280772422,64.34086142803974,64.78871154785156,8233400
2022-02-23,65.17507359602408,65.35069762736711,63.41880648408434,63.50661849975586,7837100
2022-02-24,62.34749089610189,66.54496878871583,62.1191742648118,66.24640655517578,15750400
2022-02-25,66.84352290859496,67.82702811842103,66.0532014366799,67.75678253173828,12609500
2022-02-28,68.07025324543156,69.64199397411235,67.81418997698862,69.11219024658203,16345600
2022-03-01,68.93558877021216,69.60666850548134,67.58460417842501,68.37930297851562,13930300
2022-03-02,68.246866858873,68.70602252255581,67.54046627518458,68.47644805908203,6988700
2022-03-03,68.74133811345173,70.07466591606124,68.5735732082714,69.57135772705078,10075500
2022-03-04,69.69497513793343,71.0371280308596,69.29762905914686,70.82521057128906,8996400
2022-03-07,71.48745170522727,74.51613233687263,71.27553426587947,74.33070373535156,19948900
2022-03-08,74.44549982770134,75.40797038289648,72.17619704774026,72.36162567138672,14717600
2022-03-09,72.7413204369419,72.82962556274936,70.73691938438877,70.92234802246094,12710000
2022-03-10,70.25124797987266,71.04594672694363,69.26229552728066,70.78105163574219,9554300
2022-03-11,70.90467223994109,71.6022340443771,69.96869070107985,70.02167510986328,7230600
2022-03-14,70.35719793353496,71.20487420541704,69.49185794991014,70.00399780273438,7133800
2022-03-15,70.81637422157742,72.63535307247582,70.7280758470835,72.38811492919922,9567000
2022-03-16,72.27332059506314,73.05918757632898,71.38149152292745,72.8561019897461,8261200
2022-03-17,72.90024359396492,73.50068193404726,72.77662453013035,73.0150375366211,6341900
2022-03-18,73.21810429458942,73.72141227849087,72.61766610881823,72.73246002197266,13470800
2022-03-21,72.40577614163439,73.07685595313521,71.95544564763856,72.22917938232422,7181700
2022-03-22,72.29098515756056,73.25344889813415,71.89363236470105,73.15631866455078,8516800
2022-03-23,72.82961398885531,73.37706795614405,72.41460421575955,72.9090805053711,6125800
2022-03-24,73.2092985163692,73.9863335998751,73.07684759367073,73.9068603515625,5498000
2022-03-25,74.25122622499175,74.38367714326002,73.47419116747604,74.11878204345703,5481000
2022-03-28,74.21591613147328,74.80752262890631,73.88920474763387,74.55145263671875,6177700
2022-03-29,75.05475185850403,75.09007255013954,73.86270714692147,74.7192153930664,8954300
2022-03-30,75.16955779952049,75.74350739244578,74.7280591490756,75.49626922607422,6829300
2022-03-31,75.10773846356177,76.18499610804591,74.79869079589844,74.79869079589844,10082800
2022-04-01,74.60442877937678,75.76115964952626,74.286549260208,75.68168640136719,6453800
2022-04-04,75.61989850034736,75.85831157628935,74.73690108045845,75.60224151611328,6465700
2022-04-05,75.81413152060743,77.2180936755249,75.69051246558577,76.22914123535156,7203200
2022-04-06,76.08784073848942,76.39688830404035,75.43442492322009,76.37039947509766,7621900
2022-04-07,76.20264372853376,77.0768088714897,75.67284013960774,76.8913803100586,7817400
2022-04-08,76.96204838646344,77.27992121866991,75.9024475777475,76.0172348022461,5731600
2022-04-11,76.07021192241987,76.13202145840907,74.48081423022033,74.68390655517578,6745200
2022-04-12,74.56909930764775,74.91346762342684,73.62429271930172,74.07462310791016,8714800
2022-04-13,74.49847915525227,74.59560939005806,73.3594119134942,73.77442169189453,7858500
2022-04-14,73.77441733373409,74.07463314231936,73.09450573025873,73.1209945678711,7164100
2022-04-18,73.28877123235497,73.82740008998935,71.57575442369917,72.14970397949219,6279100
2022-04-19,72.19384385461122,72.49405963112156,71.61989439963969,72.25565338134766,8104800
2022-04-20,73.31526698661591,73.31526698661591,71.80534236577824,71.97311401367188,8457000
2022-04-21,70.92232327674695,71.52276154436652,67.09011928689047,67.26671600341797,17712800
2022-04-22,67.2578848736769,67.43448832884651,65.23582078493247,65.2976303100586,15284800
2022-04-25,65.34180789650567,65.79213845883513,63.213780919216134,65.37712860107422,15697900
2022-04-26,65.38595410363273,66.1983100195135,64.8914710244895,64.96211242675781,10971600
2022-04-27,65.19168762353556,66.348411848233,64.62656993080289,64.69720458984375,10989600
2022-04-28,64.90028846150851,65.26232051512991,64.25569759834035,64.8914566040039,11325600
2022-04-29,64.35284388801692,64.85615210370871,62.58684920324081,62.71046829223633,14912900
2022-05-02,62.78110158657945,63.14313368382524,60.502967120684055,61.69501876831055,14338100
2022-05-03,61.8098010114662,63.160785584268,61.430111964354985,62.48088073730469,10419900
2022-05-04,63.57578977707046,64.75017751060173,62.45438644933192,64.51176452636719,10859600
2022-05-05,64.19390277387448,64.43231582397719,62.8694067875904,63.43452453613281,10382300
2022-05-06,62.92237330040672,64.33516726968367,62.77225867809835,63.99079895019531,9364900
2022-05-09,63.39919985493164,63.64643798603566,62.03938339712572,62.436729431152344,10442700
2022-05-10,62.69279330139358,63.34620926078479,60.679561016916274,61.80096435546875,14731900
2022-05-11,61.5007561873936,63.00184872928406,61.40362595667591,61.98640060424805,11129000
2022-05-12,61.447764740351275,62.24246347491713,59.35506593218328,60.49413299560547,15364900
2022-05-13,61.30651300673212,61.97759295265118,60.51181395718796,61.63322448730469,8010600
2022-05-16,61.49192982727977,62.44556850319309,61.28001236709945,61.915771484375,7339500
2022-05-17,62.60449619125498,63.60228049626536,61.924584646754724,63.593448638916016,8889300
2022-05-18,63.39035561071417,63.79653342341033,62.43671723130621,62.692787170410156,10316800
2022-05-19,62.77227787469319,62.77227787469319,61.39480417549007,62.21599197387695,9593500
2022-05-20,62.60451083149193,63.18728555489947,61.792154920446336,62.88706970214844,9747800
2022-05-23,63.40802438969967,64.09676110189962,63.09897672867838,64.06144714355469,10378700
2022-05-24,64.11443083659651,66.15415232755119,63.72590989099204,65.93340301513672,11133500
2022-05-25,66.3307660593627,66.35725490306416,64.97977439996939,66.03937530517578,11192100
2022-05-26,66.26892554498343,66.887020731639,66.02168073358892,66.26009368896484,9431300
2022-05-27,66.1491024664461,68.77766050584165,65.86493421286565,68.75990295410156,9435300
2022-05-31,68.18269817935172,68.32478572265259,66.75297445664475,67.21475219726562,29712000
2022-06-01,67.27690379184799,68.04948267447728,66.895052044936,67.6409912109375,7994100
2022-06-02,67.88963691279037,69.84329967203614,67.49002761720453,69.72785186767578,9640600
2022-06-03,69.34600846438701,70.10083665254731,69.08848665854946,69.87882995605469,9293500
2022-06-06,72.09887243160573,72.36527631184511,71.10428033010723,71.21084594726562,12716900
2022-06-07,70.82901368673005,71.20198328627718,69.5147311489035,70.84677124023438,7405600
2022-06-08,70.13635563657485,70.66917033110175,69.47921096405544,69.70121765136719,5198000
2022-06-09,69.47921047004769,70.02978948970444,68.64446993876301,68.67998504638672,8354800
2022-06-10,67.978447023204,68.2892550151404,67.28578050175216,67.41011047363281,8598500
2022-06-13,66.22901782718736,66.38886286778406,63.90238596408103,64.302001953125,11882300
2022-06-14,64.21321523116855,64.93252154054171,62.401639760509866,63.476158142089844,11412500
2022-06-15,64.34639410023107,67.09039928326197,64.12438749343681,65.88268280029297,12085300
2022-06-16,64.56841786504054,64.89699016944624,62.26843205951796,62.934452056884766,12729200
2022-06-17,62.73021686934563,64.6039540865801,62.73021686934563,62.88117980957031,15919000
2022-06-21,62.8722899243714,65.18115787383128,62.8722899243714,64.586181640625,8466900
2022-06-22,64.11552967029571,67.0904247506875,63.804721657822306,66.32672119140625,12686500
2022-06-23,67.08152821390509,68.742140346346,66.88616128360556,68.55564880371094,12502500
2022-06-24,68.67108745847734,69.3815045581111,68.04946487430561,69.28382110595703,9320500
2022-06-27,69.02630763984506,69.42591688267144,68.69773537289325,69.16838836669922,6557200
2022-06-28,69.18616046967335,69.55913004158664,67.69427540691446,67.8807601928711,6140200
2022-06-29,67.5788449741154,67.96957897375059,66.83290563856549,67.49004364013672,7082200
2022-06-30,67.01049889854566,69.47921222213705,66.88617569340845,68.78655242919922,8872900
2022-07-01,69.55913296601841,71.61047247289044,69.34600168015962,71.5394287109375,7718400
2022-07-05,71.48614171752126,71.68150865467916,68.87534133023895,70.25178527832031,11278600
2022-07-06,70.77571170073095,71.21972496554133,69.79888387316909,70.66027069091797,7918400
2022-07-07,70.89116705831766,71.55718702667816,70.87340273176899,71.37957763671875,5498000
2022-07-08,70.77571991008107,71.42398233294293,70.51819814871301,71.2641372680664,5708300
2022-07-11,71.0421300876066,71.9123991622262,70.79348371631684,71.64598846435547,6100400
2022-07-12,71.53054783912928,71.84135580496702,70.6158747180846,70.99772644042969,7553900
2022-07-13,70.49155012749848,72.19656637418188,70.21626404539835,71.27301788330078,7552400
2022-07-14,69.89657372392746,71.3529368236492,69.72784649983964,71.1575698852539,6124400
2022-07-15,69.48809207170099,70.02090675812408,67.78308236510458,69.8965835571289,8780600
2022-07-18,69.55912946154228,69.85217988350433,68.82206571240343,68.83094787597656,6610800
2022-07-19,69.38152537500056,70.44716150683566,69.19504057632832,70.09194946289062,6403800
2022-07-20,70.29620081518428,70.50932533825492,69.14176332959758,69.55025482177734,6323700
2022-07-21,69.90546041621133,70.11858491958472,69.38152115883219,70.03866577148438,7847600
2022-07-22,71.15757163311355,72.64058125867564,70.38499279879832,71.2641372680664,11517100
2022-07-25,71.04212267873703,71.96567108657318,70.58035186237133,71.91239166259766,5035600
2022-07-26,71.52166594953594,71.59270970631522,70.31394918471062,70.96221160888672,6740900
2022-07-27,71.06876967317162,71.73478964153212,70.64252068747994,71.37957763671875,6056200
2022-07-28,75.31353281360624,76.61005081999221,74.85176196856537,75.07376861572266,13561500
2022-07-29,75.03825533287828,75.84636287312938,74.8695280936817,75.02937316894531,11474800
2022-08-01,74.9938269644138,75.85521365866393,74.20348400837278,75.75753021240234,7004500
2022-08-02,75.87299765879168,77.05406793109148,75.65986638888772,76.07723999023438,7664200
2022-08-03,76.16603756169434,77.09846819023797,74.91392359418982,76.77877807617188,7640400
2022-08-04,77.22280240055957,78.73245188263193,76.76990687842725,78.12859344482422,8679200
2022-08-05,78.03978535315053,78.58148219185037,77.20504484728853,78.12859344482422,8643200
2022-08-08,78.5548477397515,78.99886112745648,77.06296248605852,77.72010040283203,7243200
2022-08-09,78.34170957593128,79.13205272648466,77.9509756947209,78.96332550048828,5154000
2022-08-10,79.62045379763069,79.99342327610208,78.89226561332362,79.72701263427734,5693300
2022-08-11,80.19768261230955,80.83706286853158,79.291898432732,79.41622161865234,7525800
2022-08-12,80.08223892945864,80.49961251480032,79.32741767570074,80.33976745605469,5262500
2022-08-15,80.34864634390892,80.98801977772413,80.04671378964993,80.81041717529297,5032700
2022-08-16,80.4019333109471,81.12123272589682,80.21544852837147,80.39305114746094,5250600
2022-08-17,79.89576375536751,80.51737973900013,79.69151463211331,80.10000610351562,4178000
2022-08-18,80.10000668297342,80.48185843999758,79.80696301720158,80.13552856445312,5090700
2022-08-19,80.02007557303499,80.44632453688192,79.36293780162629,79.66486358642578,5542800
2022-08-22,78.97220721854416,79.50502183303307,78.35059129749133,78.6258773803711,5783400
2022-08-23,78.68804783679509,78.72356971844333,77.81777867417868,78.12859344482422,3473600
2022-08-24,78.27954747355474,78.83900180201171,78.11082024865748,78.77684020996094,5669200
2022-08-25,79.04325907752843,79.4428683855876,78.19962964091692,79.38070678710938,5595200
2022-08-26,79.91351478003375,80.419689689671,77.91545485644899,78.19962310791016,7990000
2022-08-29,77.61513816651345,78.39146362775311,77.10650855785379,77.65082550048828,5827800
2022-08-30,77.81144585585176,77.92745351931494,76.03570484152728,76.47294616699219,7394200
2022-08-31,76.4729481394231,76.98157776199011,75.66985375176269,75.90185546875,6830900
2022-09-01,76.14280882383262,77.15114309070412,75.58955967827752,76.9726791381836,5896300
2022-09-02,77.14220302699951,77.83822864719309,75.6430829668232,75.94647979736328,5785700
2022-09-06,77.8471728296032,78.766275247641,77.65085836983505,77.96318054199219,11077100
2022-09-07,78.26654509971624,80.68476728394856,78.17731314023162,80.5241470336914,11366600
2022-09-08,80.06907978802089,81.25587804798221,79.9798410007467,80.55093383789062,8852500
2022-09-09,81.03279932743796,81.18450118969695,80.15831634906127,80.22077941894531,5700400
2022-09-12,80.4706159890901,81.06847765668978,80.11368131316281,81.03278350830078,5573800
2022-09-13,80.35460324118674,80.72938153195733,78.92686474841202,79.292724609375,5624800
2022-09-14,78.84658226418492,79.74784093294016,78.57887951252651,79.31059265136719,7281500
2022-09-15,76.24095073198329,77.4545244277517,75.69662693573589,76.74958038330078,18681000
2022-09-16,76.2141988651967,76.73174706248825,75.40217220440371,75.66094970703125,19190700
2022-09-19,75.59848435433182,77.5437713773329,75.43786407507619,77.49022674560547,8821000
2022-09-20,76.73173856882464,77.1422110699122,75.78586744927345,76.46404266357422,6242000
2022-09-21,76.74067309485017,77.13330197295357,74.91138688510144,74.92923736572266,6706300
2022-09-22,74.7775255079412,75.12553491421181,74.09042512574183,74.54551696777344,6748700
2022-09-23,73.61750178738822,73.76919682382682,72.58239182776745,73.63534545898438,6719700
2022-09-26,73.59072136897515,73.86734248722256,71.67220359412508,72.412841796875,7702900
2022-09-27,73.18917626872833,73.72458170971636,71.48482315933624,72.35038757324219,9247000
2022-09-28,73.43009944241406,74.0904241005648,72.50207210254602,73.5014877319336,8713400
2022-09-29,73.32302430011497,73.48364456352664,70.90480191783463,71.35989379882812,8291300
2022-09-30,71.65435112757959,71.92204697457512,69.86075967847577,69.96784210205078,12854300
2022-10-03,71.23495094951105,72.84114639834434,70.69062722959524,72.44852447509766,8115200
2022-10-04,73.15347382559725,73.96549344300036,72.7786887326804,73.90303039550781,8193700
2022-10-05,72.94824367169362,73.59964994402078,71.85067077140502,72.9660873413086,5468700
2022-10-06,72.84115733113659,72.93039609832215,70.36047210172906,70.41401672363281,8374600
2022-10-07,70.10169163844122,70.1820051638605,67.98686638318617,68.4687271118164,7697400
2022-10-10,68.73643096969323,69.31644895907141,68.17426345824444,68.47765350341797,6118000
2022-10-11,68.04041537101757,68.64720229844811,67.12131314446019,67.84410095214844,9143100
2022-10-12,67.64778152481361,68.13856753564993,64.80124308585023,64.91724395751953,9715100
2022-10-13,63.88213457547991,65.64895741914289,62.81133739068945,65.22063446044922,13643700
2022-10-14,65.84526428195507,66.782210009324,63.74828273064932,64.0427474975586,8735000
2022-10-17,64.96186265040477,66.40743814333766,64.9172432651819,65.72034454345703,7563500
2022-10-18,67.4157944319667,67.76380393056486,66.13083209378033,66.97854614257812,6998500
2022-10-19,66.24681672532407,66.45205636260086,64.71200248887511,65.71141815185547,8579600
2022-10-20,65.46158338048654,65.56866584689753,62.29379686412665,63.0344352722168,13023800
2022-10-21,63.42705069597468,65.1403289466889,62.73103183211969,63.9356803894043,11161300
2022-10-24,64.68523083091178,65.75603474027949,64.21229533099152,65.39017486572266,9989600
2022-10-25,65.80958186473022,67.89763855031099,65.67573050612462,67.6924057006836,9216900
2022-10-26,67.69239672053406,68.29025832730142,67.1926923098583,67.46038818359375,6247100
2022-10-27,67.86194578345868,68.64719658562366,67.33546563049035,67.34439086914062,7163300
2022-10-28,68.48658397547163,70.76203671999177,68.39735200289427,70.52110290527344,9123300
2022-10-31,70.00354429062065,70.73525732042224,68.49550565103175,69.15583038330078,8273700
2022-11-01,69.77153889727995,69.77153889727995,68.86135517110944,69.34321594238281,5410300
2022-11-02,69.3342891252492,71.23496325888512,68.72750225760335,68.95951080322266,7119000
2022-11-03,68.47764937423145,70.65494460886906,68.13856520160846,69.76261138916016,6920300
2022-11-04,70.1373786037347,70.65493342314014,69.08442529885791,70.31584930419922,7758900
2022-11-07,70.25339924378402,70.60140866405023,68.07610395148266,68.96843719482422,7008500
2022-11-08,69.30751982357934,70.61925075117583,68.85243478140431,69.8429183959961,5518400
2022-11-09,70.1374065368797,70.59249849435919,69.60200783817878,69.78047180175781,4940000
2022-11-10,72.55563947189478,74.7507792091155,71.34206528755027,74.24214935302734,9315900
2022-11-11,74.30458447961477,74.82213938283721,73.15348061301492,74.34027862548828,5730900
2022-11-14,74.14397293306459,74.7596851077448,72.82332342048701,72.8679428100586,7904000
2022-11-15,73.63534402552654,74.79538008762766,73.20702783592462,73.98336029052734,5594900
2022-11-16,74.11719720570778,75.62524256941578,74.11719720570778,75.24153900146484,8444900
2022-11-17,74.29566911231181,74.37597583786656,73.05532642590805,73.483642578125,8333900
2022-11-18,74.2956939959599,74.76862969274795,73.67998166197141,74.24214935302734,6664400
2022-11-21,73.7245923458068,74.73292669694027,73.7245923458068,74.59907531738281,6593800
2022-11-22,75.00953405477154,75.76802279638702,74.7061440044955,75.05415344238281,4105500
2022-11-23,74.92410245269163,76.23352452340092,74.83441732175972,76.16177368164062,4259700
2022-11-25,76.47567949828348,76.95102372062217,76.35011893918642,76.53845977783203,3622200
2022-11-28,75.64160200463907,76.24250684385417,74.74473687197299,75.09452056884766,6464200
2022-11-29,74.35907985481379,74.55638440554485,73.52499513761371,73.98239135742188,5398200
2022-11-30,73.62364409774507,76.14383938465575,73.59673924272195,75.96446228027344,9739200
2022-12-01,76.59227511150108,77.10348790610763,75.32769213179493,76.08106231689453,5830700
2022-12-02,75.09449440588659,76.42185050795959,74.79852737301275,76.41287994384766,6316900
2022-12-05,76.2335261304742,77.15729599936697,76.02724416669898,76.36805725097656,5511700
2022-12-06,76.15280796466331,76.45773877035622,75.07656589404537,76.39495849609375,5027700
2022-12-07,76.37703944939389,77.4443043248419,75.88376087993694,76.4936294555664,5108800
2022-12-08,76.47568467429687,77.48914662457844,76.14384896388276,76.91515350341797,4281700
2022-12-09,76.73577158092574,77.13039439301357,75.71334597009576,75.7940673828125,4460300
2022-12-12,76.34115519558858,77.66851163213903,76.05415865450709,77.62367248535156,5348900
2022-12-13,78.92413055325146,79.25597311093671,77.13040031340483,78.16179656982422,7179500
2022-12-14,78.43982418574481,79.47122046344377,77.43533276739258,78.07211303710938,6111600
2022-12-15,77.93757023844297,78.07210135758892,76.66402357460686,76.9599838256836,6469100
2022-12-16,75.8747993233062,76.10798620588224,74.681966890079,75.46224212646484,16949300
2022-12-19,75.31873002170641,75.58778543158408,74.40392383752531,74.90616607666016,5681100
2022-12-20,74.79854664972402,75.37253973517448,74.21558299784975,74.90616607666016,4811900
2022-12-21,75.2021220275962,76.18867206917498,75.02275178095873,75.91961669921875,5356200
2022-12-22,75.82097022662684,75.82097022662684,73.68643392503432,74.7447280883789,4491000
2022-12-23,74.43979014405842,75.57880560904061,74.43979014405842,75.48912048339844,3254700
2022-12-27,75.4263550651792,75.58779106014187,74.86133250407875,75.336669921875,4726500
2022-12-28,75.51603904593654,75.82097673952175,74.42186936640931,74.58330535888672,3536400
2022-12-29,75.09451534197012,75.9555049882967,74.87926279848539,75.40841674804688,3378300
2022-12-30,75.29181428546063,75.35459456198635,73.97342847842052,74.97791290283203,4266900
2023-01-03,75.66850440538238,76.14384177246215,74.02723977213417,75.18419647216797,5535400
2023-01-04,75.65954067613201,76.64609092144146,75.18420326609895,75.77613067626953,4831100
2023-01-05,74.98688668420264,75.34563406939135,73.66849397809307,74.10795593261719,5472600
2023-01-06,74.9420523182836,75.66851776766005,74.27837400040012,75.02277374267578,5235300
2023-01-09,75.01379233436373,76.17074907150693,74.87926120817734,75.39944458007812,4749000
2023-01-10,75.39943339221536,75.87477070401043,74.77163068654947,75.82096099853516,4921100
2023-01-11,75.75820592609783,76.55641542131164,75.53398962199195,76.2335433959961,6153500
2023-01-12,76.3232076497294,76.83442040940507,75.68643434153947,76.29630279541016,4648600
2023-01-13,75.73128750563133,76.20662489042614,75.1124484274825,75.946533203125,4943200
2023-01-17,76.4039299041667,77.55191598478787,76.39495933844837,76.89720153808594,8410200
2023-01-18,77.06762317659683,77.16627889122108,75.09452256918789,75.15730285644531,6107700
2023-01-19,75.39048302659926,75.64160417614885,73.80303470692472,74.07209014892578,7099700
2023-01-20,74.00032394871948,74.02722880059878,72.19762360491038,73.38148498535156,9429200
2023-01-23,72.98688016250497,74.63711552243717,72.55638874167936,74.14383697509766,6864300
2023-01-24,74.25147306779579,75.51604948150603,72.00033942898129,75.24699401855469,6652300
2023-01-25,72.22452973874769,72.637086774137,68.07204768996148,68.69087982177734,28527400
2023-01-26,67.35455772889136,69.46218903520277,67.08550234401099,68.5204849243164,18508700
2023-01-27,68.22451899369901,68.52048608034377,67.72227679275282,67.7850570678711,13243200
2023-01-30,67.5877565295902,68.47565108956023,67.16622882502261,67.30973052978516,10669600
2023-01-31,66.85231461321621,67.11240627145116,65.78504312641356,66.93302917480469,19020400
2023-02-01,66.92407268169767,67.30075436154341,65.77607966675201,66.58325958251953,15188700
2023-02-02,65.98235146399915,68.91509672271748,65.65947954748421,67.80298614501953,18604100
2023-02-03,67.4890935774331,67.65950012292156,66.07204518635581,66.96891021728516,11671500
2023-02-06,66.90611684800294,67.7760768525944,66.77158575117839,67.7222671508789,9343400
2023-02-07,67.59672422748463,68.68193016417031,67.04066540893974,68.2334976196289,10855800
2023-02-08,68.14382758161841,68.29629303834366,67.13933599591148,67.29180145263672,9082200
2023-02-09,67.44426035267608,68.10794552779277,65.57878593563086,65.71331024169922,13163500
2023-02-10,65.8478309022738,67.48909560027688,65.8478309022738,67.03169250488281,9883000
2023-02-13,67.56981774766864,68.17072260410988,67.40838858799748,67.8209457397461,8114200
2023-02-14,67.52498133970677,68.45772196343252,67.0855193101518,68.18865966796875,7089400
2023-02-15,67.84784215770453,69.13932317214791,67.84784215770453,69.00479888916016,9344300
2023-02-16,67.98237610459277,68.6281132173448,67.85681554023508,67.88372039794922,7795600
2023-02-17,67.89267532088869,68.59223574345656,67.60567880491342,68.22451782226562,9436100
2023-02-21,67.65949845487529,67.7402130212512,66.01823384652866,66.06307983398438,11915600
2023-02-22,66.350063469111,67.03167581672675,65.8657556373615,66.08100128173828,9351200
2023-02-23,66.69985068579629,66.69985068579629,65.1572418332565,65.35455322265625,9049900
2023-02-24,64.68190331256986,65.7671090919591,64.39490679936392,65.3993911743164,9127800
2023-02-27,65.8669796822414,66.49883776085163,64.70254960588552,64.86502838134766,7029700
2023-02-28,64.7206012832669,64.85600141383173,63.90821427335131,64.1158218383789,11276700
2023-03-01,63.96237841265794,64.12485720936805,62.86113400014917,63.068748474121094,11809200
2023-03-02,63.51103009447788,65.18997486018338,63.29439405956809,65.18094635009766,16066500
2023-03-03,65.79477128645851,66.67937956289327,65.15388463852821,66.64327239990234,10724800
2023-03-06,66.38148922485794,67.33830477609776,66.26414613035706,67.15777587890625,6888900
2023-03-07,66.74255219051393,67.2390100883983,65.91210137926421,66.571044921875,7308900
2023-03-08,66.23706183456721,67.13972011085221,65.93016132626366,67.02237701416016,5913600
2023-03-09,67.24803563266411,67.69033622061986,66.2460844837084,66.58007049560547,7678100
2023-03-10,66.7876850705091,67.04042829029183,65.32538304555578,65.90308380126953,10167100
2023-03-13,65.94820833005545,67.86184626413495,65.89405103980557,66.15582275390625,8388800
2023-03-14,66.78768901687646,67.56397574449926,66.28220254744268,67.29318237304688,8635800
2023-03-15,67.20291795384874,68.46664114438575,66.73353859625706,68.16876220703125,12030300
2023-03-16,68.2951316406911,69.06238983358963,67.54592358398726,68.80964660644531,8895800
2023-03-17,68.86378869636629,68.86378869636629,67.46466585780242,68.30413818359375,14137400
2023-03-20,68.24096512642778,69.50468810569679,67.97919339676422,68.574951171875,7140100
2023-03-21,68.91795219956936,68.91795219956936,67.04042149056441,68.02432250976562,6222300
2023-03-22,67.97919965224656,68.58398599416711,66.87795533878557,66.9140625,7038000
2023-03-23,66.58909121048579,68.34927880151126,66.22803344623632,66.62519836425781,7541200
2023-03-24,66.78768144529927,68.37636188064721,66.53493823923533,68.32220458984375,5293900
2023-03-27,68.48467801860185,68.6561783883763,67.65422726608242,68.0965347290039,5515900
2023-03-28,68.15070107992845,68.8276947992655,67.53689316559343,67.91600799560547,5935500
2023-03-29,68.12362369595213,68.88185337003276,68.12362369595213,68.70132446289062,5680500
2023-03-30,68.92699022022622,69.52274113338372,68.7554829347895,69.13459777832031,6187000
2023-03-31,69.29707553735484,69.61301145574006,68.58398153166307,69.576904296875,10124400
2023-04-03,69.54981689081725,69.54981689081725,68.4214941436381,69.20680236816406,5778700
2023-04-04,69.36929536376618,70.12753198667207,68.99018049568171,69.64912414550781,6165600
2023-04-05,70.31709493166346,71.26488217615541,70.1726662734147,70.70523834228516,8200400
2023-04-06,71.12947820556985,71.31000711445618,70.37124163742712,71.28292846679688,5427700
2023-04-10,70.72325689453447,70.85865697948546,69.7844916954045,70.79547119140625,5647500
2023-04-11,70.75937669312972,70.95796260166254,70.31707609750201,70.71424102783203,6019600
2023-04-12,71.0301745869185,71.70716822381483,70.64203129296186,70.93990325927734,6786400
2023-04-13,70.78646297470674,71.40929941198688,69.93796884679902,71.17460632324219,4928600
2023-04-14,70.75937817556631,70.83159248686127,70.0101701910365,70.4253921508789,4920900
2023-04-17,70.56983307865995,70.90381916158417,70.2177968581325,70.89479064941406,4393300
2023-04-18,71.06628202843875,71.37318250610834,70.35318123494504,70.67813873291016,8147500
2023-04-19,70.68717258243954,71.46345930776397,70.66912244575748,71.25585174560547,3813300
2023-04-20,71.05726430872308,71.40027199233586,70.61496365861302,71.08434295654297,4350400
2023-04-21,71.70718766797692,72.01408822762293,70.91284384444651,71.30098724365234,5192600
2023-04-24,70.8677073000691,71.53567253488464,70.85867878849773,71.34611511230469,5725800
2023-04-25,70.1636218592583,71.40025913186945,69.95600745214006,70.24485778808594,8399800
2023-04-26,69.30608882980395,69.459539056232,66.82377901849732,66.8598861694336,12656700
2023-04-27,67.07654192789184,69.07141611872122,66.7154840857451,68.46663665771484,8155600
2023-04-28,68.06946277948879,69.23388587605373,68.06946277948879,69.17070007324219,10005800
2023-05-01,69.0262864302945,69.84770196320808,68.92699345897991,69.32416534423828,5214700
2023-05-02,69.19779723925068,69.52274793209979,68.1597386870577,68.54788208007812,7674200
2023-05-03,68.83672203950789,69.10751539020116,67.94308538803259,68.05140686035156,6265900
2023-05-04,68.04237901938767,68.30415074835103,67.30219950142568,68.15972900390625,6042300
2023-05-05,68.24999345502627,69.11654458190353,67.8708786282805,68.15972900390625,6215500
2023-05-08,68.17777358542344,69.22486041597736,67.95210903263879,68.65618133544922,6751700
2023-05-09,68.80062410178647,68.80062410178647,67.87088705501698,68.2229232788086,5588100
2023-05-10,68.71935816976918,69.64910179080739,68.54785781500665,69.40538024902344,5696000
2023-05-11,69.13459955128899,69.36026413823546,68.18681241815578,68.69229888916016,6542700
2023-05-12,69.40540214868848,70.39832498735866,69.12558025520298,70.37124633789062,8315000
2023-05-15,70.83159125108382,70.8857485402423,69.34220381860493,69.99211883544922,5430000
2023-05-16,69.95601956642021,69.95601956642021,68.32221021643107,68.45760345458984,6215700
2023-05-17,68.75548709934466,68.8547800720079,67.87088574419201,68.00627899169922,5408600
2023-05-18,67.47369809357579,67.92502717781376,66.98626185619055,67.78962707519531,6970600
2023-05-19,68.19583986917743,68.40344742936645,67.22096721591537,67.22999572753906,6338600
2023-05-22,67.61813799237105,67.85282419689707,67.22096612819402,67.32025909423828,4272600
2023-05-23,66.88698266635501,67.8799054785903,66.71548226204443,66.94114685058594,8751200
2023-05-24,66.93210025734483,67.17581491696706,66.48979971157532,67.01333618164062,6879400
2023-05-25,66.95918693979914,66.95918693979914,65.4156422122036,66.24608612060547,7716400
2023-05-26,66.43504778847864,67.73413355601505,65.95356965976481,67.15272521972656,7174000
2023-05-30,67.54335738300898,67.90673931401994,65.90814908986046,66.03533172607422,6874000
2023-05-31,65.98991805112195,67.0164657765845,65.29949295324298,66.73484802246094,11112000
2023-06-01,66.36237335578689,66.70758237087249,65.826383459515,66.28060913085938,6738800
2023-06-02,66.3532908033609,67.40709081875919,65.8808921960622,67.0891342163086,7175400
2023-06-05,67.36168098000752,68.03393315801634,66.61675101763691,66.85294342041016,5266600
2023-06-06,67.02553706438138,67.36166654683286,66.64398917463656,66.66215515136719,5652900
2023-06-07,66.89837406454403,67.67964298094657,66.5713309399599,67.37985229492188,6488100
2023-06-08,67.6614514101718,68.24285964934323,67.28898307489447,68.04299926757812,9984500
2023-06-09,68.0066712615858,68.3155414057556,67.22540251571226,67.28899383544922,6011400
2023-06-12,67.59786394695335,67.65236880656049,66.94377790793446,67.20722961425781,7564300
2023-06-13,67.13455750574633,67.8522349184388,66.9982884143101,67.5433578491211,8579300
2023-06-14,68.04301313638969,68.0884315490909,66.5804057872844,66.68033599853516,8893600
2023-06-15,66.98920967900045,67.6978007189977,66.68942596041795,67.55245208740234,10098300
2023-06-16,67.90674964764892,69.42386198973055,67.87949721158942,68.66984558105469,23053600
2023-06-20,68.70619628364965,69.1967610098555,67.67964840697614,67.91584777832031,7801600
2023-06-21,67.63420335880846,69.06955822152435,66.9710377240031,68.84244537353516,7176100
2023-06-22,69.10590740799934,69.39661161951275,68.13386455097614,68.25196075439453,6976200
2023-06-23,68.39732056373197,69.03323389990355,67.22541718912814,67.37985229492188,9080100
2023-06-26,67.30715141224455,67.94307146117245,67.05278616504667,67.48884582519531,5670200
2023-06-27,67.73414180144445,67.95217515229488,66.5077336593842,67.1436538696289,5979100
2023-06-28,67.17997235833606,67.4161716422562,66.5168067758939,66.71666717529297,8735100
2023-06-29,66.02625956642638,66.86203333704225,65.87182446486514,66.14435577392578,7193200
2023-06-30,66.26243799165806,67.50701179838963,66.11708246130313,67.4070816040039,9259900
2023-07-03,67.10731241750395,67.65238191196438,66.7711828793016,67.57061767578125,2484500
2023-07-05,67.20723271098782,68.66983298166076,67.15272091793561,68.08842468261719,8450100
2023-07-06,67.48885060378622,67.48885060378622,66.32603400230008,66.33511352539062,7271200
2023-07-07,65.88997119650853,66.0625791601405,65.3176493768446,65.45391845703125,7511700
2023-07-10,65.2268142801521,65.85364104260938,64.59089413196139,65.14505004882812,7704700
2023-07-11,65.0814494848824,65.6174393469691,64.36377213821937,65.58110046386719,6623100
2023-07-12,65.8990819689251,66.83478603741304,65.58112528510918,66.74394226074219,9710500
2023-07-13,66.78935183440701,67.16182027962424,66.66216917773161,66.96195983886719,6058600
2023-07-14,66.75300653182501,66.99828534040964,66.12617289853803,66.4986343383789,6463500
2023-07-17,66.28060311894077,66.69848986696155,65.81729103553236,66.00807189941406,5148800
2023-07-18,66.10799756624716,66.38962218021513,64.77257998703135,65.45391845703125,7239500
2023-07-19,65.73555083118055,66.25336790686912,65.4539330852077,65.49935150146484,7464800
2023-07-20,65.4993581153179,67.343513730197,65.0905576730503,67.3162612915039,9221600
2023-07-21,67.60693572578538,69.28756903685817,67.49792601905726,68.95144653320312,11878400
2023-07-24,68.93328273225428,69.65096009704007,68.46997755560531,68.58807373046875,8609700
2023-07-25,68.82425815562378,68.9877796329494,67.78862444287212,68.53355407714844,8847800
2023-07-26,68.03391504823672,69.21490447147826,67.11637732497779,67.5615234375,7244600
2023-07-27,67.17090839362731,68.03393457536392,66.48956974564521,66.56224060058594,10185400
2023-07-28,66.99829464439533,67.57061656452626,65.84456434894372,66.1806869506836,6230700
2023-07-31,66.6803441947492,67.65238706199628,66.35330108698987,66.5895004272461,10876400
2023-08-01,66.607647604789,67.05278679154439,65.4902494802344,65.56292724609375,6723400
2023-08-02,64.96335454322795,65.72645031001936,64.917929205757,65.32673645019531,6589600
2023-08-03,64.68173686457382,64.95427505676608,63.64610282373788,63.68244171142578,9075100
2023-08-04,64.09124900152021,64.21843164296442,62.70131253842151,62.837581634521484,9140500
2023-08-07,63.137355278809686,63.33721564187883,62.32883430525347,62.35608673095703,8397200
2023-08-08,62.083571078403295,62.63772703801715,61.69294359405184,62.419700622558594,8890000
2023-08-09,62.49236601437358,63.21004337602166,62.23800075828229,62.6104621887207,7453000
2023-08-10,62.95568482783463,63.282727886493575,61.91096433105935,62.03814697265625,7959900
2023-08-11,62.04722681621382,62.62863509611774,61.92004418816818,62.6104621887207,6524200
2023-08-14,62.54687227844664,62.6195500477991,62.047228208749,62.28342056274414,8021100
2023-08-15,61.91095259782168,61.983630359513064,61.02066734443423,61.18418884277344,7703900
2023-08-16,61.52033649289922,61.729276455909826,61.14786805223743,61.37498092651367,6433500
2023-08-17,61.17511350708071,61.91096384879844,61.1296950959694,61.32955551147461,6677600
2023-08-18,61.175112167987045,61.829198265892245,61.16603264452399,61.62025833129883,6291300
2023-08-21,61.54757981690819,61.59300515741229,60.56645068186398,60.93891906738281,6856100
2023-08-22,60.96617302704839,61.61117267895316,60.64821642835365,61.3386344909668,7370400
2023-08-23,61.83827659943754,61.9018679099976,61.13877218327696,61.67475509643555,7721800
2023-08-24,61.67476952290876,62.14716816694007,60.93892605274362,61.06610870361328,9242500
2023-08-25,61.138783212069775,61.97455685331896,61.07519189003852,61.73835754394531,10114100
2023-08-28,62.00180881265776,62.31976542038198,61.75652998125171,61.79286193847656,7152600
2023-08-29,62.00142606039804,62.0654579426798,61.388548475850875,61.75444793701172,11209700
2023-08-30,61.61722814831883,61.955686334854924,61.12326497565169,61.370243072509766,7461500
2023-08-31,61.74528773552043,62.010564624006356,61.04093715357198,61.1049690246582,11797800
2023-09-01,61.59893451680505,61.80932897021885,60.78481189868273,61.169010162353516,8296600
2023-09-05,61.12327784248027,61.53491041687859,60.199383178064465,60.55613327026367,10002700
2023-09-06,60.40061338525636,60.748220964168866,59.78773588836953,60.089603424072266,9250300
2023-09-07,60.62930128147369,61.26047760427772,60.25425943703356,60.60186004638672,9981100
2023-09-08,60.61101513379095,61.28792458555481,60.437211323343526,61.13241958618164,7484800
2023-09-11,61.28792559323543,62.10204822563541,61.24218554374935,61.77273941040039,7981600
2023-09-12,61.74529783530444,62.23011164982345,61.38854778390548,61.955692291259766,7171300
2023-09-13,62.09289569754072,62.90701828900168,62.09289569754072,62.59600830078125,8925700
2023-09-14,63.02594972910695,63.437582303998994,62.586868934129946,63.37355041503906,7944900
2023-09-15,63.42841224803659,63.931524768184055,62.75150293097924,62.78809356689453,18391400
2023-09-18,62.94360364018462,62.9893436835259,62.12033869164775,62.42219924926758,7534100
2023-09-19,62.24841037126432,62.34903289627796,61.60808457763648,61.82762145996094,8215500
2023-09-20,62.26669170309013,62.330723573759606,61.507451680187465,61.60807418823242,5804000
2023-09-21,61.38855080125723,61.93739652431297,61.07753380485604,61.205604553222656,9458600
2023-09-22,60.83055412621791,62.55942194833112,60.693340954202995,61.928245544433594,11796500
2023-09-25,61.489159668044486,61.7452871499604,61.08666963706208,61.71784591674805,8656500
2023-09-26,61.39769570752534,61.46172758753976,59.705411631948465,59.76944351196289,9042600
2023-09-27,59.18400372725123,59.449280637220895,54.45477335115839,54.848114013671875,25606200
2023-09-28,55.159130502825555,55.52502994969857,52.122176957997,52.213653564453125,31153800
2023-09-29,52.753350917867145,53.75042326702081,52.1221780230633,52.4057502746582,19047600
2023-10-02,51.29891319811356,51.573336064001325,45.90191504792453,47.70396423339844,54022800
2023-10-03,47.63077853127504,48.5821143017788,46.194628959609595,48.28024673461914,36257500
2023-10-04,49.13095613157929,49.350496480438956,46.23121597834097,46.30439376831055,28467400
2023-10-05,45.56346259905738,45.85618080272825,44.12731282183587,45.234153747558594,29911400
2023-10-06,44.877395256187675,46.19462692618857,43.13023227836035,45.95679473876953,24718500
2023-10-09,45.45368528906054,46.12144883043712,44.25537137472382,45.115230560302734,20644600
2023-10-10,45.444542658978854,47.2191471237186,45.298183563840276,47.182559967041016,23164300
2023-10-11,47.6124881355299,49.002901292534204,47.292328703429874,48.975460052490234,22401400
2023-10-12,48.545519148015515,49.368791082423655,47.77713317239305,48.48148727416992,27972800
2023-10-13,48.96630537723685,50.53966810734666,48.93886414014563,49.84446334838867,22319200
2023-10-16,49.84446942755149,50.34757860928004,48.99375607921136,49.74384689331055,17089400
2023-10-17,49.01203872476523,50.16461588821601,48.984594001950164,49.551734924316406,13365500
2023-10-18,49.46941675591353,50.109735535277466,48.545522249444474,48.70103073120117,13593300
2023-10-19,48.73761884427568,49.38709053104157,47.91435033051334,47.92349624633789,11580400
2023-10-20,47.52101308009732,48.19792256319636,47.283177377783424,47.53015899658203,17798900
2023-10-23,46.898984001841036,48.079006076338906,46.60626583460563,47.12767028808594,15200700
2023-10-24,49.79872647578707,50.70432574177145,48.58211719767022,50.420753479003906,20060300
2023-10-25,50.868971570399985,52.085580643232475,50.22864935284193,51.64650344848633,19262400
2023-10-26,51.93007751312646,53.27475386894749,51.8477503180869,52.66187286376953,17357800
2023-10-27,52.469780273799664,53.07351190918959,51.16169448220888,51.44526672363281,11921000
2023-10-30,51.60077199715226,52.57040307901384,51.01533567960402,52.323421478271484,11017700
2023-10-31,52.65273377100964,53.50344706682447,52.49722527601802,53.32964324951172,19978300
2023-11-01,53.15584443554755,53.77787145427743,52.3051311155045,53.44856262207031,13428900
2023-11-02,53.53088445875301,55.31463812790636,53.51258913774661,54.8023796081543,15076500
2023-11-03,56.00070493533186,56.24768656986529,54.308424140819724,54.31757354736328,13938000
2023-11-06,54.33586245707474,54.77493970347934,53.84189924631615,54.006553649902344,9299500
2023-11-07,54.01569382236986,54.48221574608379,53.42111164106488,53.47599411010742,9615500
2023-11-08,53.21072457043414,53.21072457043414,51.939229349464014,52.59784698486328,12781600
2023-11-09,52.25024159641734,52.387454763671606,49.96337873868491,50.05485534667969,17147900
2023-11-10,50.31097738992793,50.64943207895251,49.86275078326666,50.43904113769531,12776100
2023-11-13,50.35672013023991,50.36586953590462,49.22243809112408,49.85361099243164,8951800
2023-11-14,51.29890842578273,52.817385197872476,50.7226180183974,52.64358139038086,13399500
2023-11-15,52.579545808969044,53.722977137859665,52.1221732774128,52.14046859741211,11295000
2023-11-16,52.52465728638928,52.84482013654379,51.75627482075923,51.774566650390625,11155400
2023-11-17,52.14961880416864,52.48807701779501,51.67395440294521,52.47892761230469,10136300
2023-11-20,52.140474995670715,52.762501994075386,51.509302080881824,52.45148849487305,8404900
2023-11-21,52.4331945771983,53.320498537701276,51.939231331796066,53.03692626953125,11952600
2023-11-22,53.46851042548155,53.772834442099075,52.55554541137172,52.99819564819336,9626900
2023-11-24,52.69386321247667,53.12729303918252,52.50020442440969,53.07196044921875,4629400
2023-11-27,53.02586309013524,53.21030157837089,52.444883083447976,53.099639892578125,9779100
2023-11-28,53.081186742642686,54.021819707972284,52.80452729799736,53.634498596191406,9473600
2023-11-29,53.975701965598034,54.62123474099723,53.46849889845246,53.818931579589844,17019100
2023-11-30,53.9295955961225,54.11403404257719,53.46850123892118,53.95726013183594,15381700
2023-12-01,53.994146711238265,54.90711505569681,53.182619684816295,54.56590270996094,10510200
2023-12-04,54.03104696988013,54.89790325626116,54.02182662888383,54.104820251464844,10239600
2023-12-05,54.114040391763076,54.28003466126128,53.36706617902117,53.69905471801758,12544800
2023-12-06,54.058702445036296,55.57109140154349,54.058702445036296,55.51576232910156,13235700
2023-12-07,55.681759423452256,55.84775368498993,54.814899720339724,55.192996978759766,12230500
2023-12-08,54.934786711820216,55.285219441954816,54.50135684870298,55.05467224121094,9408300
2023-12-11,53.975701821226124,55.27598770742386,53.975701821226124,55.06388473510742,11005700
2023-12-12,55.0177853775485,55.1100028532667,53.56072885754792,54.88867950439453,9931000
2023-12-13,54.96244614076288,57.72901229250338,54.71345828283252,57.64601516723633,13013400
2023-12-14,58.69731869298946,59.564171383133946,57.507694293339284,57.89501190185547,16809100
2023-12-15,57.267926776802504,58.01490101954858,56.27196463767905,56.71461486816406,28901500
2023-12-18,56.80682902718173,57.267923430057785,56.11518742286765,56.253517150878906,10755600
2023-12-19,56.58550836121093,57.01893824614136,56.13363427714821,56.77916717529297,11509600
2023-12-20,56.7607188283961,56.917492750628675,55.12844426211531,55.18377685546875,10091200
2023-12-21,55.45120670139179,55.93074524049156,54.464465088317276,54.96244430541992,12604200
2023-12-22,55.29443546156711,56.13362706598785,55.02699988531183,55.10077667236328,9799400
2023-12-26,55.0362273335322,55.84775445469311,54.98089473963337,55.524986267089844,6791600
2023-12-27,55.24832739228059,55.949189288334566,55.008559867224754,55.86619567871094,6787500
2023-12-28,55.44198988185322,56.34573448714581,55.44198988185322,56.2719612121582,5981900
2023-12-29,56.069073425964895,56.30884446297385,55.58031453048855,56.01374435424805,6814600
2024-01-02,55.838534126774256,57.314038396515315,55.49732523750523,56.77916717529297,10064300
2024-01-03,56.35495394927843,57.28636302030388,55.75552986660772,57.166481018066406,10306300
2024-01-04,57.33247703507104,57.876568577538386,56.9267152222316,56.991268157958984,10568100
2024-01-05,56.852939743994526,57.69213139381545,56.502507022283396,57.249481201171875,7803800
2024-01-08,56.97282561232692,58.15322972388207,56.79761099853673,58.02412033081055,7766600
2024-01-09,58.04255705995708,58.13477804313967,57.07425960270013,57.18492126464844,6921600
2024-01-10,57.19415425514364,57.848907509877876,57.08349257552395,57.433921813964844,8100100
2024-01-11,57.175708520947914,57.35092313546555,55.88464272784252,55.99530792236328,10686000
2024-01-12,56.41951114275507,56.86216134521721,56.17974008441864,56.2904052734375,7796900
2024-01-16,55.9399745008711,56.43795731526333,55.52498882221091,55.65409469604492,11633100
2024-01-17,54.83334237482969,55.34054548508859,53.30250918652103,53.735939025878906,11543100
2024-01-18,53.45006084065442,53.56072602711357,52.77686345344752,53.1641845703125,9626500
2024-01-19,53.228732944032174,53.29328587166839,52.17743838781877,52.80452346801758,12762600
2024-01-22,52.90596447765894,53.29328555907509,52.25121134812029,52.42642593383789,12979900
2024-01-23,52.82297828043424,53.035081302134216,52.463325177644236,52.915199279785156,16081000
2024-01-24,53.57916817719407,53.86504797325153,52.33421469727087,52.57398223876953,14471400
2024-01-25,54.36303011536408,54.74112738022742,52.62009385738744,53.468505859375,15702600
2024-01-26,53.79127355483982,54.42758255049643,53.68983222556028,53.92959976196289,11650000
2024-01-29,53.92037771068795,55.13766658766703,53.68060666402397,54.934783935546875,10102800
2024-01-30,54.87023343013364,55.100780629419916,54.012597567359,54.66735076904297,7807700
2024-01-31,55.05467001200922,55.31288174066842,53.883489857507705,54.067928314208984,11124900
2024-02-01,53.84659943545518,55.17455345941474,53.49616673270243,55.10077667236328,8687600
2024-02-02,54.30769619384116,54.436802058999085,53.468504552443626,53.62527847290039,14952900
2024-02-05,52.9059645614037,52.961297149656644,51.54112571200063,51.61490249633789,14293600
2024-02-06,51.642564695007046,52.177435803640336,51.190690706062696,51.85466766357422,10305400
2024-02-07,51.93767887384828,52.26044358360925,51.301369795517424,51.993011474609375,7761300
2024-02-08,52.029889485815985,52.029889485815985,51.08003616435949,51.91000747680664,8143000
2024-02-09,51.624132836593844,52.22355701291317,51.38436527678894,52.17744827270508,8003500
2024-02-12,52.18666011702327,53.14573723583711,52.103662991013024,53.07196044921875,9622000
2024-02-13,52.45409636113506,52.69386388496306,50.41605657817821,50.950927734375,12759700
2024-02-14,51.08003457580909,51.70712321062917,50.80337865288751,51.651790618896484,8831300
2024-02-15,51.919226989089495,53.17340427773966,51.84545371686529,52.813751220703125,9880000
2024-02-16,52.435655892144744,52.9520793702957,51.946896952360134,52.59242630004883,9943500
2024-02-20,52.32499034838113,52.859857985149276,51.68867787007813,52.20510482788086,13014600
2024-02-21,52.58320914247594,52.87830929581484,52.232776391184245,52.656982421875,9322100
2024-02-22,52.3711021993245,52.63853779256513,51.9376723425463,52.26043701171875,10426000
2024-02-23,52.38032545506449,52.988969949291565,52.112889846937264,52.361881256103516,10563900
2024-02-26,52.02220248023047,52.05012023565341,51.054346724767896,51.3242301940918,12753800
2024-02-27,51.59410953810351,52.105958715621576,50.9892023602367,51.705787658691406,12421800
2024-02-28,51.51035191006245,51.854687451336964,50.91474947660566,51.221858978271484,13240400
2024-02-29,51.640645771726255,51.98497778108701,51.14740959607899,51.361454010009766,19993600
2024-03-01,51.426596693890126,51.76162396063707,50.514579995562684,51.38006591796875,15398200
2024-03-04,50.97989347923777,51.249776942397915,50.20747267958869,51.156715393066406,11674600
2024-03-05,51.18463148028566,52.589880709804326,51.13810070713585,51.556884765625,16026100
2024-03-06,52.09664813326836,52.962134004271626,51.426593639570235,51.67786407470703,11074900
2024-03-07,52.189714122653626,52.55265912959352,51.67786495894814,52.34791946411133,10227300
2024-03-08,52.785315223644425,54.12542065024136,52.40375720669229,53.79970169067383,12735600
2024-03-11,53.57635302156769,54.106811681181576,52.94352452412118,53.85554122924805,9681500
2024-03-12,53.66941783188787,53.976527364027575,52.62711346991271,53.18549346923828,9634400
2024-03-13,54.90715376817635,56.18211549724812,54.860622991946265,55.40969467163086,17495300
2024-03-14,55.09328042316735,56.06113618906403,55.00952360592493,55.40969467163086,16996100
2024-03-15,55.09328387152952,55.95876985384954,54.79548262493241,55.91223907470703,32424500
2024-03-18,55.912229865160676,56.89869500075208,55.3166239200004,55.9959831237793,17073700
2024-03-19,56.200724923648536,57.13135458901797,56.07974207313079,57.01968002319336,11433900
2024-03-20,57.18719014720331,58.080593719266226,57.103433340443026,57.885162353515625,14564500
2024-03-21,57.88516455921764,58.992612557406986,57.03829172529159,57.10343551635742,18090300
2024-03-22,57.90378401787397,58.15505447567448,57.43846914418503,57.49430465698242,10046300
2024-03-25,57.699038971692644,58.29464138661498,57.14996732979791,58.2667236328125,11423500
2024-03-26,58.276027095763986,58.545910543533616,57.04759625427433,57.1685791015625,13829600
2024-03-27,57.847937073786106,59.43000813880082,57.71764949491494,59.364864349365234,13409000
2024-03-28,59.25318693820799,59.80226211290908,58.992611777390096,59.476539611816406,12830800
2024-04-01,59.47654714534601,59.60683829232845,58.406321513450216,58.983314514160156,13175200
2024-04-02,58.880942764203105,58.946086560546334,58.03406986167049,58.51799774169922,9905300
2024-04-03,58.34117550090271,58.62036725519878,57.56875468420997,58.21088790893555,10551400
2024-04-04,58.95539214773246,59.54168987336534,58.60175540535007,59.30903244018555,10690100
2024-04-05,58.67620492570473,59.89533117411548,58.53661259348933,59.72781753540039,10278100
2024-04-08,59.69989148722936,60.41647316989776,59.49515183499823,60.36063766479492,8054900
2024-04-09,60.63052929468404,61.29127556148526,60.29550201853955,60.84457015991211,9188000
2024-04-10,59.09498366432382,59.78364762764815,58.62966883232127,59.56960678100586,10783400
2024-04-11,60.146592570622715,60.29549672478762,58.92746998399625,59.504459381103516,12145600
2024-04-12,59.671984089239984,59.848798919460904,58.58314539988075,58.70412826538086,9039500
2024-04-15,59.12290465961808,59.86741127169587,57.97823053614382,58.39701461791992,11147100
2024-04-16,58.15505152559977,58.23880834061781,57.05690819539455,57.41985321044922,11594100
2024-04-17,57.92238914746692,59.48584364399117,57.624584402813916,59.364864349365234,15653700
2024-04-18,59.42070262669743,59.923243497277085,58.750651682661655,59.56960678100586,10135000
2024-04-19,59.765040717509386,60.397869200135574,59.2345820703184,59.83949279785156,13419400
2024-04-22,60.10936824742802,60.9469363881552,59.48584805938598,60.779422760009766,14747200
2024-04-23,60.71428892193954,62.51040480153475,60.58400131203251,61.60769271850586,14349200
2024-04-24,61.33780724848687,62.44525176904963,60.695670480160565,61.942710876464844,12149600
2024-04-25,61.42155665418328,62.463864414062506,60.965550115547686,62.259124755859375,11418500
2024-04-26,62.556932033637864,62.631384116603805,61.18890518473969,61.412254333496094,9982800
2024-04-29,62.37080771583403,63.19907479179508,62.314972198407794,62.74306106567383,9795800
2024-04-30,62.25912836075614,62.808196475783,61.67282710556478,62.32427215576172,10042600
2024-05-01,62.231204663836195,64.08315560228847,62.110218270276995,63.85049819946289,13991100
2024-05-02,64.10177792637266,64.23206553007356,62.97571672287673,64.07386016845703,10815900
2024-05-03,65.04171085508725,65.40465587950702,64.50194391102761,65.27436828613281,12687500
2024-05-06,65.47909802723545,66.35389210729157,65.38603648896444,66.30735778808594,14042100
2024-05-07,66.71684266977036,67.0425616310953,66.36319885449684,66.95880126953125,13621100
2024-05-08,66.72616091492469,67.83361276672527,66.52142830127471,67.79638671875,9915000
2024-05-09,67.9359603492458,69.5459526706253,67.54509762387286,69.40635681152344,16627900
2024-05-10,69.6762394913975,69.99265014180511,68.54087026320032,68.67115783691406,12046700
2024-05-13,68.9968775181954,69.49011006690034,68.48502840153536,69.40635681152344,7685500
2024-05-14,69.74139678215867,70.3649170199685,69.48082158427646,70.18809509277344,8176600
2024-05-15,70.69993536777272,71.8353046723188,70.69993536777272,71.70501708984375,12470600
2024-05-16,71.71432441819358,72.0400505024279,70.78369469213287,71.10942077636719,10414200
2024-05-17,71.05357306027257,71.23970325219807,70.2997653083616,70.81160736083984,9490300
2024-05-20,70.71855121152443,70.90468141765365,70.32768842886516,70.60688018798828,7179700
2024-05-21,70.6068790391725,71.62126202054192,70.21600916273152,71.61195373535156,6420100
2024-05-22,71.10941801797843,71.82599975518623,70.87676059548821,71.0256576538086,8773600
2024-05-23,70.69063420391656,70.69063420391656,69.44359376028683,70.09503173828125,9097800
2024-05-24,70.18808827242968,71.75154640793967,70.03919121674065,71.29553985595703,7601100
2024-05-28,71.30484882074717,72.83108093185494,71.03496536083723,72.15171813964844,11986600
2024-05-29,71.44443288429228,71.56541927911933,70.87675534757834,71.36067962646484,6896300
2024-05-30,71.53749189597445,72.83106632708511,71.29552623903488,72.76592254638672,21762300
2024-05-31,72.85900108379724,74.88777414217101,72.71009692164738,74.46898651123047,16196000
2024-06-03,74.46430781480333,74.698472304787,72.60972190983419,72.78768920898438,15410500
2024-06-04,72.69400714592432,72.862605823515,71.68241508038027,72.26314544677734,8484300
2024-06-05,72.16949462890625,72.43175769961621,71.74799428286576,72.16949462890625,9264600
2024-06-06,72.06647024499543,72.84389096944903,71.7761013998298,71.84166717529297,6550600
2024-06-07,70.77386941189759,72.12265908942331,70.25871184893849,70.61463928222656,10059500
2024-06-10,70.68957188512447,72.17885449551842,70.1088414224958,72.09455871582031,11218500
2024-06-11,70.5303489911085,70.54907900647324,67.01788155422328,68.13249969482422,22781500
2024-06-12,69.11599265926296,69.26585421889743,66.87738067632388,67.68290710449219,13930500
2024-06-13,67.96390143190513,69.0504281298779,67.77657269245697,68.54463195800781,10023200
2024-06-14,68.1512273907409,68.88181937275915,67.79529283304727,68.43222045898438,6568500
2024-06-17,68.12313811125728,68.75069724353662,67.61734194391573,67.729736328125,8445300
2024-06-18,64.72306969007167,66.11868818072809,64.60130671643513,65.97819519042969,29169800
2024-06-20,66.50271193075803,68.2729948175059,66.30601462624524,67.87023162841797,14857200
2024-06-21,68.71323147001654,69.022330325171,67.50494179215828,68.19806671142578,19465500
2024-06-24,67.90769351879564,69.55621332099652,67.673529058386,69.17218017578125,12063700
2024-06-25,68.90991686968071,69.06914698710104,67.80466033477303,68.35729217529297,10753200
2024-06-26,68.18870047811751,68.94739111816718,67.36443692237673,68.72259521484375,11481500
2024-06-27,68.95675068709562,69.67797405798575,68.59145471213242,69.0504150390625,9824500
2024-06-28,68.5727335085077,68.66639788226695,65.43493053770374,66.32475280761719,23935600
2024-07-01,66.93357327141699,67.0928034007605,65.13519180250354,65.4723892211914,11036400
2024-07-02,65.56604108591822,66.12803429457124,64.98531072083566,66.00627136230469,9415200
2024-07-03,66.42777402173355,67.35507045261494,66.0812151854639,67.28013610839844,4487200
2024-07-05,67.4393705987313,67.76719944324856,67.10217317404701,67.52366638183594,7688800
2024-07-08,67.57985608243743,67.98261918880772,67.1958229862124,67.54238891601562,5368700
2024-07-09,67.49556873563024,68.36666090394607,67.13964129174477,67.55177307128906,6220100
2024-07-10,67.68289583124866,68.49778355820006,67.13963258252637,68.28235626220703,6740900
2024-07-11,68.8443439527292,70.44602783205285,68.8068767855593,69.96833038330078,12188700
2024-07-12,70.24934668289988,71.84166234925904,70.03391220877376,71.18600463867188,11099400
2024-07-15,69.47191963777222,69.68735411429616,66.2779196890291,66.47461700439453,19575400
2024-07-16,67.00850571588967,67.71099912718077,66.36220949073945,67.345703125,10551800
2024-07-17,67.20520781491025,67.67353678923018,66.01565536443616,66.40904998779297,11878900
2024-07-18,66.50270525754397,67.7765604651537,66.3341065640035,67.13026428222656,10212300
2024-07-19,67.36442723322479,67.7765589518175,66.91483549124354,67.43936157226562,7752100
2024-07-22,68.32918486535976,69.45317853300574,68.15122473956814,68.28235626220703,9034700
2024-07-23,67.84211910125877,68.39474372718497,67.3550602300379,67.54238891601562,7027500
2024-07-24,68.12313356738026,70.95183733739101,67.71100179641378,70.63337707519531,17813700
2024-07-25,70.42730583505397,70.8768975999865,68.65702307510111,68.78815460205078,13934200
2024-07-26,69.52813003963983,70.23998501082468,68.86309653703574,69.55622863769531,7076200
2024-07-29,69.74354317805071,69.94024047049433,68.90054967748357,69.63114166259766,5977500
2024-07-30,69.80912331373807,69.80912331373807,68.56336639233335,69.57495880126953,8505500
2024-07-31,70.12756815753592,72.01024508559098,69.95896947706949,71.55128479003906,15618100
2024-08-01,71.48573233944698,73.45271254692264,71.09233772717842,73.42461395263672,11136600
2024-08-02,74.33317252919488,75.45715916606694,72.89071848599166,74.18330383300781,14513100
2024-08-05,73.57447444477884,73.99596760432536,71.64495448078995,71.82292175292969,11877600
2024-08-06,71.98215719675692,73.4339797802623,71.81355849122812,72.09455871582031,9050900
2024-08-07,72.79704733210694,73.77117232804056,72.3942841813472,72.64717864990234,8193200
2024-08-08,72.23506909169835,73.27476006582927,71.74800291935101,72.62846374511719,6935900
2024-08-09,72.5909950095722,73.08742260625631,71.51383688020348,72.55352783203125,5041200
2024-08-12,72.4317519844804,72.69401503449683,72.0196202509505,72.6659164428711,5955600
2024-08-13,73.38714974108748,73.52764986432237,72.61909049968766,73.17172241210938,5108900
2024-08-14,73.05931123029045,73.60257449040792,72.21631774840681,73.06867980957031,4620700
2024-08-15,72.62845393257304,72.88134841956511,72.2444207660254,72.5066909790039,5946500
2024-08-16,72.60971469433709,73.79927418707767,72.34745163499873,73.59320831298828,6344200
2024-08-19,73.59319959766104,74.52985735359215,73.46206808352122,74.32379150390625,5617000
2024-08-20,74.3237926884122,74.73592439435217,73.95849672946784,73.97723388671875,5967300
2024-08-21,74.1552057308877,74.92326493860922,74.1177385565924,74.5954360961914,5125300
2024-08-22,74.63289773313025,74.87643077491444,73.49017401337248,73.92103576660156,8006600
2024-08-23,74.42683040585581,75.23235671233769,74.14583734418929,74.61416625976562,5052900
2024-08-26,74.93262120604606,75.93484472883166,74.89515403790725,75.5320816040039,5378700
2024-08-27,75.26984587352284,75.53210899948573,74.53925369515932,74.56735229492188,5086000
2024-08-28,74.67974277548979,75.05440024499335,74.17394661630019,74.38001251220703,5462400
2024-08-29,74.49241013237393,75.10123926597936,73.72435085269532,74.96073913574219,5179200
2024-08-30,75.03144585490544,76.11558056017321,74.91832350847532,75.89875793457031,6808200
2024-09-03,76.14385195701983,76.53037244045447,75.06914664113278,75.35196685791016,9883900
2024-09-04,75.80447256865054,76.86974855295867,75.71962363246834,76.43609619140625,7517700
2024-09-05,77.26568780253442,77.43537847529466,75.63477868495396,75.72904968261719,8494900
2024-09-06,76.22869614644317,76.53979692701894,75.2388326418535,75.39910125732422,8181500
2024-09-09,75.52165839043406,76.58693445964599,74.7203440238646,76.53980255126953,6918000
2024-09-10,76.8037492691628,77.67105389217794,76.40780679244922,77.58621215820312,9588000
2024-09-11,77.96329734871493,78.78347008546152,77.04886081212268,78.6514892578125,10216500
2024-09-12,78.65149847098478,79.16057051972712,77.97273573932833,78.67977905273438,7856600
2024-09-13,79.09458475773411,79.87704779684599,78.717493529886,79.80162811279297,6734400
2024-09-16,80.21642131364266,80.65950296319562,79.53766574014153,79.79219818115234,8791400
2024-09-17,79.93360369084148,80.13157495410871,79.35854122460103,80.1032943725586,7415100
2024-09-18,79.65077580960612,80.12213796976403,78.72691000344946,79.45280456542969,9286200
2024-09-19,78.84004482256285,79.0003134486707,76.80376370778812,77.57679748535156,13965200
2024-09-20,77.53908310739074,78.96259898743344,77.35054110142143,78.0198745727539,26032300
2024-09-23,78.86832697790652,80.07501306250957,78.1895642572132,79.96188354492188,7916000
2024-09-24,79.3773855674654,80.38610031106974,79.11342390632271,79.46223449707031,8205300
2024-09-25,79.76391668884177,80.3295499231875,79.04744408938156,79.77334594726562,8354700
2024-09-26,79.42453220594538,79.75448431371824,78.47237853001529,78.67977905273438,8462500
2024-09-27,78.9720123762349,79.98072710141592,78.96259031166319,79.69791412353516,8200900
2024-09-30,79.66021886696134,80.08444200762924,79.19828588385809,79.6884994506836,13884400
2024-10-01,79.29254428201936,80.83861161387692,79.0191533621595,80.38610076904297,9112600
2024-10-02,79.91474757525754,80.68778132798478,79.65078588297263,80.53694915771484,8403800
2024-10-03,80.74434412378243,81.16856721539021,79.89589074815069,80.1787109375,7031500
2024-10-04,78.7080506188471,79.2642617017384,78.25554697785265,79.04743194580078,8341800
2024-10-07,78.76462092595278,78.76462092595278,75.59706659060028,75.69133758544922,11971600
2024-10-08,76.1532820762216,77.12428713642547,75.8798911148915,75.88932037353516,10098300
2024-10-09,75.09742463942828,76.45494280293364,75.09742463942828,75.96472930908203,10102500
2024-10-10,76.36068409292967,77.83133200351632,76.19099339613759,76.30412292480469,7928400
2024-10-11,76.34182993024938,77.19027619025796,75.78561875883061,77.17142486572266,7057000
2024-10-14,77.20913925528598,78.42525474332935,76.93574828271028,78.16129302978516,5815200
2024-10-15,78.24612035754481,79.23598379325122,77.93501959861813,78.04814910888672,15824900
2024-10-16,78.3215517833802,79.79219967546626,77.99159965277333,79.5565185546875,8061600
2024-10-17,79.47167368161011,79.78276728258018,78.90603326002801,78.98145294189453,6153000
2024-10-18,79.11342863976974,79.5753687668237,78.76462522056866,79.54708099365234,8595300
2024-10-21,79.90531687008647,80.09385886064302,78.86832153719364,79.21712493896484,7053800
2024-10-22,78.43466655147421,79.40567871703774,78.37810538951732,78.9060287475586,8358500
2024-10-23,79.74504622626029,81.07429096064908,78.24611802016132,80.09385681152344,10825100
2024-10-24,79.18885336305121,79.70735468465692,77.77476669585387,78.06700897216797,9705100
2024-10-25,78.1518583382883,78.3686809340205,76.63407139849586,76.76605224609375,6580700
2024-10-28,77.34111788116887,79.03801764461359,76.93574606351395,78.12358093261719,8679600
2024-10-29,75.37082054723133,76.07786391894051,74.91831681709105,75.00315856933594,19232900
2024-10-30,75.18226775346395,75.31424858854696,74.37152422800196,74.56006622314453,11650200
2024-10-31,73.90016344166727,75.27654017093488,73.66448234708551,74.71090698242188,13034700
2024-11-01,74.84289761612939,74.90888804355308,72.56150604814796,72.91973876953125,14615300
2024-11-04,72.91972664959373,74.3055325875745,72.6840455633362,73.88130950927734,11759100
2024-11-05,73.31566927308513,74.27725213440505,72.5614941112273,74.14527130126953,9051700
2024-11-06,70.04443008622275,70.68548300517506,68.5266431338859,70.25182342529297,28637800
2024-11-07,69.39394616131025,70.78917429586039,69.3562363208607,70.34609985351562,16311300
2024-11-08,70.68547351479637,72.7688934235629,70.402653338483,72.56149291992188,14657100
2024-11-11,72.57092486703813,72.73118628309525,71.40194147453457,71.56221008300781,10275700
2024-11-12,71.27939033069686,71.45851026292084,69.40337084459912,70.0067138671875,12569800
2024-11-13,70.35552359592467,70.74204407543105,69.68619009493203,69.98786163330078,12451500
2024-11-14,69.64847662752123,71.81674564144801,69.43165404157843,70.96829223632812,13780200
2024-11-15,71.12855162404162,72.29753503427447,70.97771946323442,71.97700500488281,12930300
2024-11-18,71.92987535751357,72.27867878605514,70.99657301310555,72.01471710205078,9044300
2024-11-19,71.93930500920355,72.89145877755404,71.3831010010297,72.66520690917969,7942200
2024-11-20,72.76889586665298,73.06113811755004,71.98643291934323,72.47664642333984,7065200
2024-11-21,72.39181601793148,73.07057881621772,71.98644419075592,72.92916870117188,8908500
2024-11-22,73.29453770245738,73.58873848917766,71.89944440697313,72.12721252441406,8165400
2024-11-25,72.82001381864363,73.17115481131492,71.96587435970955,72.7345962524414,20803100
2024-11-26,73.07626913637596,73.81652109380379,72.57327779302726,73.54129791259766,10563600
2024-11-27,74.14868049880518,75.33498350509961,73.8924422353179,74.51880645751953,8689700
2024-11-29,74.57574536952643,74.96484894582814,74.32899234515334,74.6611557006836,6186500
2024-12-02,74.89841943987491,75.02179957758447,72.98135710650222,73.14269256591797,11361500
2024-12-03,73.1427025261108,73.61722375885853,72.34551033059192,72.40245056152344,9806900
2024-12-04,72.12722333043529,72.14620099280778,71.27308371129318,71.8804702758789,8310200
2024-12-05,71.78556283153456,72.6397023953339,71.57677235587043,72.31702423095703,6487200
2024-12-06,72.30754713234077,72.60174797707978,71.10225915692871,71.40595245361328,7079200
2024-12-09,71.6526999376371,71.77607284084074,70.76059778035594,70.89346313476562,9269700
2024-12-10,70.70365533824027,70.72263299943877,69.61225518355312,70.36199951171875,8619200
2024-12-11,70.41893489366436,70.7511054870546,69.83053330893019,70.21015167236328,7472800
2024-12-12,70.07728561165567,70.30506099528192,69.36550382921573,69.48888397216797,6969600
2024-12-13,69.3275534814011,69.99188029644165,69.22315823323483,69.8685073852539,7671200
2024-12-16,69.94442008350114,70.43792617284014,69.05232517535843,69.08079528808594,9767000
2024-12-17,68.6252428323403,68.90046595392234,68.14123649771949,68.5872802734375,7723000
2024-12-18,68.29309128960725,68.84353762785497,66.8410575536861,66.92646789550781,12496000
2024-12-19,66.92646531627426,67.38200884362452,66.15774330702808,66.21468353271484,13731700
2024-12-20,66.03436546624113,68.31206845142114,65.78761243902026,68.01786041259766,27547500
2024-12-23,67.70468884329442,68.83405174144443,67.61927849332662,68.79608917236328,7509000
2024-12-24,68.72965088675882,69.19468688964844,68.35952491914894,69.19468688964844,3001800
2024-12-26,68.78659280869418,69.1851888584952,68.58728754317514,68.68219757080078,4503800
2024-12-27,68.23614965876574,68.73914096969148,68.02735917333568,68.4354476928711,5458100
2024-12-30,68.02735399019461,68.24563691031794,67.3630272604598,68.10327911376953,8399000
2024-12-31,68.19818544110095,68.72016164202444,67.76162681879163,68.03684997558594,6216500
2025-01-02,68.77710695021202,68.9194647646772,67.65723657870204,67.96092987060547,5344800
2025-01-03,68.25513103904903,68.9764053260215,67.94194529384292,68.32156372070312,5088900
2025-01-06,68.14124803189264,68.27411339023352,67.23016094524237,67.60977935791016,7025900
2025-01-07,67.81856934164956,68.23615031653499,66.48990852752056,66.84105682373047,8975400
2025-01-08,66.45194005514986,67.09728912232237,65.92047867299073,67.05933380126953,7930600
2025-01-10,66.42347332842459,66.49939845563533,63.65227135080045,63.94647216796875,16261800
2025-01-13,63.79463131687163,63.927496673685376,62.53240318652215,63.54787826538086,17056600
2025-01-14,63.56686486185883,64.54437740187076,63.47195482678968,64.51590728759766,10699100
2025-01-15,65.74017036881187,66.47093714388666,65.49342453363562,65.7591552734375,12416500
2025-01-16,65.44595878587994,67.780602069423,65.379526111818,67.733154296875,11469500
2025-01-17,67.46742196404752,68.17920377695592,67.1352585661474,67.15424346923828,12664600
2025-01-21,67.72366820641948,68.21716708285268,67.17322186071463,67.23965454101562,12153800
2025-01-22,66.96442581981788,66.97391827067983,64.85755064681025,64.99990844726562,14415200
2025-01-23,65.34156872152911,65.8160899282804,64.79112238394904,65.70220947265625,10780100
2025-01-24,64.62978545471087,70.27659203214922,64.53488266362343,69.11875915527344,24588500
2025-01-27,69.56481868817447,70.16271286120913,67.04036214301091,70.06781005859375,19128900
2025-01-28,68.64423654485427,69.16620550538985,66.357040951493,66.94544982910156,16630500
2025-01-29,67.14473781637665,67.87549714808243,67.01187248333923,67.27760314941406,9496700
2025-01-30,68.32155948277169,68.33105193402469,67.18271151345213,67.6667251586914,8639200
2025-01-31,67.86602725875002,68.07481775511657,67.31558090298716,67.9134750366211,10708600
2025-02-03,66.90748245454094,68.13174789598757,66.61328165719964,67.42945861816406,9128300
2025-02-04,66.67022182982565,67.23964576387846,66.07232778516291,66.33805847167969,10574700
2025-02-05,67.1447475089254,67.18271007250434,65.61678871781203,65.6737289428711,9026100
2025-02-06,65.86354585991421,66.0723363522835,64.78163807274528,65.74016571044922,9145300
2025-02-07,65.61679194356351,65.85405254713169,64.72468975714911,64.79112243652344,9320400
2025-02-10,64.85755611204702,66.1862169605595,64.62029550483476,66.14825439453125,9121300
2025-02-11,65.87302997150564,66.79359492671713,65.20869601256614,66.74614715576172,7020100
2025-02-12,65.77812679090458,66.61328874152102,65.46494830004235,65.7496566772461,8574000
2025-02-13,65.88252358300018,66.11029897885872,65.06634651605482,65.10430908203125,15173000
2025-02-14,65.10430349898843,65.50289954663047,64.42099185124864,64.5918197631836,14184600
2025-02-18,64.5348782504562,65.05685442667047,64.08882719816735,65.0093994140625,12090900
2025-02-19,65.04737176793654,65.96794412241012,64.92399885344955,65.5408706665039,8843000
2025-02-20,65.55985140800077,66.85054966460325,65.31309835407468,66.56583404541016,9340500
2025-02-21,66.56582611646817,68.30257525731267,66.4424532245101,67.93244934082031,16742500
2025-02-24,67.66672855422365,67.818571578797,66.35704535910527,67.19220733642578,11970900
2025-02-25,67.57181047214755,68.05582408404148,67.0783116502729,67.64773559570312,14063400
2025-02-26,67.56233030080192,67.98939648156959,66.91698118368754,67.3915023803711,8010500
2025-02-27,66.97392924239024,67.29660745899166,65.7781336595351,65.84456634521484,9379800
2025-02-28,66.58803122053939,67.19085902645162,66.29140630034676,67.14301300048828,11247700
2025-03-03,67.02819847463128,68.6070152277693,66.98035244562992,68.53047180175781,9492200
2025-03-04,68.85581129591453,69.92749971657487,67.70757943828426,67.79369354248047,17869500
2025-03-05,67.48748258458252,67.83195352378621,66.39666037719695,67.43964385986328,7722400
2025-03-06,66.99948493518116,67.08560632534585,66.04262277940704,66.98992156982422,7482300
2025-03-07,67.15259182012554,69.96576912191256,67.03776572403727,69.68827819824219,13469300
2025-03-10,69.85093820711641,72.99901561330623,69.35337309228436,72.87462615966797,25263700
2025-03-11,72.62585252454365,72.97032354839763,70.04231984563879,70.83651733398438,14836800
2025-03-12,69.85094954157717,70.2145545960215,68.68357634009776,69.77439880371094,12110700
2025-03-13,70.04232478675699,70.37723246711008,68.94193886655948,69.59260559082031,11252600
2025-03-14,69.64043214627823,70.50160961599188,69.20984706156115,70.3772201538086,8699300
2025-03-17,70.26239409890233,70.26239409890233,68.00419864378827,68.99933624267578,14954000
2025-03-18,69.09501806903809,69.09501806903809,67.23870307883661,67.65015411376953,15212100
2025-03-19,67.95635114933681,68.10945260753782,66.98035490428302,67.45878601074219,9457000
2025-03-20,67.97548646419862,68.98018731865379,67.54489412633612,68.08074188232422,11815600
2025-03-21,67.95634781452492,68.85580058661881,67.1430164335127,67.8223876953125,15782000
2025-03-24,67.889368855266,68.69313688384689,66.89423861078161,67.04733276367188,12385400
2025-03-25,67.43964838241207,67.43964838241207,65.46850736472075,65.63117218017578,12618800
2025-03-26,65.80340604497042,66.82724824103677,65.7172919566491,66.72200012207031,9154600
2025-03-27,66.75071411946107,67.95635532563035,66.60718331864669,67.00906372070312,8748800
2025-03-28,67.40137871141107,67.90851453199383,67.1430218177273,67.41094207763672,7846900
2025-03-31,67.65971948281609,68.654856961497,67.5736053963361,67.83195495605469,13347100
2025-04-01,67.93722273249806,68.48263394693086,67.47792562021152,67.86067199707031,8715800
2025-04-02,68.02332302322007,68.21469982293237,67.10473628543636,67.43964385986328,8480100
2025-04-03,68.57831162610921,69.81266473121829,68.29125734835216,69.02803802490234,13652700
2025-04-04,69.65000633895798,70.25282694813767,63.97581271825958,64.0236587524414,20993500
2025-04-07,62.67447400447303,64.36811688376876,61.17220064477394,62.25345230102539,19494900
2025-04-08,63.56435271993414,63.70788350204604,60.47368842300896,61.34443283081055,14232600
2025-04-09,60.65549419653718,64.86568933121775,59.05753607664435,64.66474914550781,23207800
2025-04-10,63.91840101258028,64.58820166529371,62.4256909432367,63.84185028076172,12801900
2025-04-11,63.58349108534721,64.10019755600749,61.813297452700304,62.971099853515625,14856900
2025-04-14,63.61220189331628,65.18145530804782,63.114629464091635,64.77000427246094,11588800
2025-04-15,64.93266436566691,65.48764615005554,64.61689811245145,64.74129486083984,7851700
2025-04-16,65.01878285429862,65.11447491346884,62.48310389242942,62.808433532714844,11356100
2025-04-17,63.191185766725326,64.43510234897262,63.124205699221854,63.44953536987305,11212300
2025-04-21,62.980669115402634,63.21031399714913,60.89470924715078,61.88984680175781,11568700
2025-04-22,62.63620673325712,63.918406041111474,62.53095129379593,63.76530456542969,14352000
2025-04-23,64.63605350094755,66.11918573662389,64.10020563038736,64.36812591552734,19476200
2025-04-24,64.14804165552191,64.30113580873116,62.425686805173406,63.4878044128418,13724700
2025-04-25,63.784439780850875,63.98537997319583,62.54051596125316,63.23902130126953,9640200
2025-04-28,63.30601590942125,63.47824412232736,62.46397237816307,63.334720611572266,7123500
2025-04-29,63.2007445369667,64.49250691010941,62.884978292340264,64.3489761352539,8891500
2025-04-30,64.11934229250137,64.31071182500379,62.636202864628615,63.99494552612305,13763500
2025-05-01,64.57863278239077,64.7125929166334,63.095500638910295,63.20075607299805,11487900
2025-05-02,63.24858560647658,64.46380460498813,63.143330187699085,64.19587707519531,13333200
2025-05-05,64.10976984967091,64.13847454872305,63.038081516620565,63.248592376708984,7117800
2025-05-06,62.97109270731553,64.00450553136044,62.53093701565458,63.66960525512695,7943000
2025-05-07,63.40169192323793,65.04749608844764,63.12420100698473,64.45423889160156,9961300
2025-05-08,64.3681173861369,66.38709722483931,64.02365370823041,65.3728256225586,13030100
2025-05-09,65.71730226630021,67.44922067239851,65.49722072782168,67.27698516845703,17326200
2025-05-12,67.85109640364074,67.9276398249955,65.73642469512097,66.68372344970703,18943800
2025-05-13,67.04733641027485,69.35337789717637,66.942080980566,68.99933624267578,22962500
2025-05-14,68.70270629805523,69.31509749901737,67.69799810570352,69.07588195800781,15238900
2025-05-15,69.85095162237457,71.60201147675618,69.32467440921712,71.33409118652344,17789900
2025-05-16,71.33408621784145,71.7646713256836,70.53031810284826,71.7646713256836,12829800
2025-05-19,71.01831436326113,71.0470190615039,70.004042757193,70.67384338378906,14438400
2025-05-20,70.80780201676026,71.96560438991973,70.64513719662659,71.20011901855469,8046700
2025-05-21,70.87477850620672,71.13312807220636,68.28168297960524,68.45391845703125,16133100
2025-05-22,65.92781749751236,66.02350227263402,61.12436805357348,64.0523681640625,40207600
2025-05-23,64.11933609906629,65.0187815752838,63.12419856556097,64.83698272705078,17161100
2025-05-27,64.82741326413503,65.42067044904385,64.55949301942756,65.10490417480469,10910700
2025-05-28,64.96137367530149,65.21015988946986,63.9471020871769,64.31070709228516,7835700
2025-05-29,63.88968092827993,66.11917143348651,63.88968092827993,66.013916015625,11570200
2025-05-30,65.83212746673861,67.64059658319768,65.54506586401058,67.5927505493164,18802700
2025-06-02,67.28118693038523,67.71525616038932,66.59631838382168,67.66703033447266,9366900
2025-06-03,67.81171823171404,68.5641087743406,67.38728977819123,68.43870544433594,11014300
2025-06-04,68.63162246388556,68.63162246388556,67.31975954837525,67.40657043457031,10894900
2025-06-05,67.81171554754248,69.45154064685315,67.28118000163899,68.96923828125,10967200
2025-06-06,69.0849933008207,69.73127670263693,68.94030111968347,69.60588073730469,9286000
2025-06-09,69.67340096926574,69.89525592982639,68.79560715662625,69.3550796508789,7062600
2025-06-10,69.74092886788088,70.47402320541892,69.38402244822521,70.23287200927734,9888000
2025-06-11,70.25216428677022,70.88879958202199,69.99171688830582,70.41614532470703,12000200
2025-06-12,70.8212776907216,71.79553053112082,70.66694476039058,71.22640991210938,11022200
2025-06-13,71.17817641306794,72.58649828741616,70.79233308983642,72.13313293457031,13213400
2025-06-16,72.53828578034918,72.63475215815487,69.99172942452819,71.16854858398438,14546000
2025-06-17,70.73446017478996,71.01419640413414,67.95639409542666,69.31649017333984,12971300
2025-06-18,69.42260944864674,69.87597488746619,68.8534887831019,69.0367660522461,7203300
2025-06-20,69.32614601649642,69.99171828949072,68.96923960970948,68.99817657470703,15182700
2025-06-23,69.24897246495006,69.76021177970048,67.64772512655833,68.22649383544922,8671300
2025-06-24,68.50623292412497,69.07535361012181,68.17827080897669,68.87278747558594,9001300
2025-06-25,68.139680395381,68.61233467228023,67.65737801015926,67.85029602050781,12839000
2025-06-26,67.9081816038257,68.67986105335106,67.80207448362145,68.477294921875,8010800
2025-06-27,68.97887874446036,69.27790382300226,67.8599338477823,68.38082122802734,14275000
2025-06-30,65.42914208446301,67.21365940352183,64.82143638081119,66.96286010742188,20894500
2025-07-01,67.10754607095978,70.56083252870712,65.14939978372051,70.47401428222656,23841100
2025-07-02,70.21358507817547,71.13960481364457,70.01101895098074,70.43544006347656,11240100
2025-07-03,70.416142283463,72.39358483927275,69.90490297588724,71.2649917602539,8560900
2025-07-07,71.091356856261,72.21030173702539,70.89843887788396,72.10419464111328,11368300
2025-07-08,70.28109172484649,70.80197909182088,68.73772583715333,69.89524841308594,19550700
2025-07-09,70.29074611908601,71.27463966070474,70.10746887375176,71.04313659667969,8818700
2025-07-10,70.70552591400302,72.19101064342614,70.41614156656493,71.99809265136719,6955100
2025-07-11,71.23606595679935,71.80518663921922,70.87916687601061,71.7666015625,8094100
2025-07-14,71.76659519634744,73.14598028945804,71.54473286473025,72.38394165039062,10420500
2025-07-15,72.67331566688925,72.86624102542297,71.56402613255763,72.05596923828125,8880100
2025-07-16,72.40322562289803,72.64437679521981,71.63154628707821,72.12348937988281,8906300
2025-07-17,71.87269098682259,72.79871052202249,71.73764693123192,72.51897430419922,7174600
2025-07-18,72.58650601140059,73.64756974368395,72.31641786420302,73.26172637939453,7986300
2025-07-21,73.63792666691369,74.37102837321622,73.27137949343769,73.47394561767578,8349900
2025-07-22,73.64756637085236,74.85332222944311,73.64756637085236,74.79544830322266,9032600
2025-07-23,74.75686595744659,75.6828856074749,69.51906202244118,70.24251556396484,21219500
2025-07-24,70.34862713059127,70.38721220503992,68.82454980694659,69.422607421875,11166100
2025-07-25,69.54800545096934,70.1460630835833,68.56411178115997,69.30685424804688,8074800
2025-07-28,69.35507926517603,69.74092261628553,68.45799660157012,68.81489562988281,8157200
2025-07-29,69.10427995242476,69.72162637018641,68.5351667132866,69.40330505371094,7588500
2025-07-30,69.35508885095543,69.46119597115968,68.41942098698208,68.477294921875,6940300
2025-07-31,67.91782026832661,68.69914771813554,67.22330370878542,68.54480743408203,8845200
2025-08-01,68.9017142746648,69.24897255671958,67.85029132084617,67.90817260742188,6628500
2025-08-04,68.0046247458491,68.68949313321733,67.69595156619935,68.03356170654297,6543600
2025-08-05,68.35189500341602,69.39366992754667,68.158976991992,68.66056823730469,7178900
2025-08-06,68.91136627418626,68.97888831287977,67.99498733837406,68.04322052001953,7720200
2025-08-07,68.16861075092433,70.08817935670524,68.16861075092433,70.0110092163086,7418600
2025-08-08,70.0881741616065,70.41613619495847,69.67339388690607,69.8470230102539,5575700
2025-08-11,70.2232300440246,70.43543691109976,68.60269373964402,69.88561248779297,8420000
2025-08-12,70.11711379256465,70.20392467787006,68.62197365349901,69.31649017333984,8671100
2025-08-13,69.35508526541172,69.75056939898553,68.6798575027155,69.74092864990234,8122300
2025-08-14,69.25861576895932,69.943484177006,68.82453926739778,69.68303680419922,6781000
2025-08-15,69.68304951088929,73.97554533698154,69.23933218079303,72.74085235595703,23398400
2025-08-18,73.41605880247819,74.57358141197034,72.64437215658391,73.03986358642578,12568400
2025-08-19,73.11704192106016,73.86943243752602,72.77942437603309,73.80191040039062,8047300
2025-08-20,74.00447661355979,74.52536405475628,73.14597898622206,73.48358917236328,11011600
2025-08-21,73.76331833045624,74.67968979884296,72.90482078573832,73.38712310791016,8637100
2025-08-22,73.93695076868508,74.36137182682693,72.76013187244008,73.6186294555664,13128900
2025-08-25,73.12668411548408,73.50287938115481,72.45146373078026,72.6540298461914,6337700
2025-08-26,72.76978589792651,73.06881102037754,71.79553302370338,72.1910171508789,7162700
2025-08-27,72.25853615591936,72.35499514676934,70.80198110823198,71.2746353149414,10119000
2025-08-28,71.21340067830629,71.4272559147628,69.89139323135578,70.07608032226562,10917200
2025-08-29,70.3774294466282,70.79541722980139,69.81363059188126,70.0372085571289,11280500
2025-09-02,70.25105621556249,70.63016796721467,69.49284754477638,70.62044525146484,8661500
2025-09-03,70.10525343388454,70.60100069941439,69.3664827691364,69.62893676757812,7722300
2025-09-04,70.03721062436153,70.47463643573475,68.20001035057899,68.89017486572266,14596800
2025-09-05,69.25955530530759,69.72614925683426,68.2972140870917,68.9193344116211,10067600
2025-09-08,68.85129281523753,68.86100811523634,67.30570724557937,67.8208999633789,12596500
2025-09-09,67.71397596136511,68.35553428959354,67.59732562156942,68.11251831054688,7294500
2025-09-10,68.04447258213224,69.33731934109491,67.6750909722539,69.055419921875,9254400
2025-09-11,68.98737768256774,69.44424891218885,68.54022916871239,69.32759857177734,7418300
2025-09-12,69.16234738577488,70.46490944100053,68.83184180610367,69.63865661621094,9345600
2025-09-15,69.58033800038339,70.18301289153962,69.30816128615035,69.50257110595703,10399100
2025-09-16,69.29843914648538,69.54145513139397,67.82089780513593,67.87922668457031,7930200
2025-09-17,68.3166492063379,69.02625911130808,68.14167740896573,68.34580993652344,10799600
2025-09-18,68.04447703082377,69.10402318478492,67.43207940739975,68.81240844726562,8488500
2025-09-19,68.99710203461554,69.40536711134916,68.40414243524842,69.09430694580078,14819300
2025-09-22,69.40536156800921,70.51351378278447,69.27898851892829,70.32881927490234,9856700
2025-09-23,70.0858044881209,70.59128186043688,69.71642288239683,70.2996597290039,7795900
2025-09-24,70.17330221284426,71.8160853222879,70.03721384676632,71.76748657226562,11281800
2025-09-25,71.99105360958615,72.81731389832373,71.5341823674633,72.5645751953125,12916500
2025-09-26,72.64234171436787,73.74077129996576,72.54512938707269,73.73104858398438,8271500
2025-09-29,73.56579336276099,74.15875291180069,73.16724361959125,74.08098602294922,10366000
2025-09-30,74.3240067081135,74.5572999732237,73.02144461030076,73.381103515625,9392700
2025-10-01,74.19763372517754,76.50142024970496,74.0907061108631,76.47225952148438,15044800
2025-10-02,76.4431049274318,76.68612090378204,75.37383611474255,75.99595642089844,9266600
2025-10-03,76.2584169368584,79.08712670340344,75.48077019575774,77.82344055175781,12116600
2025-10-06,77.91092532942555,80.06890843665717,77.91092532942555,79.81616973876953,15767600
2025-10-07,80.8076701190641,82.24632796813891,80.10779033394942,80.88543701171875,16109700
2025-10-08,81.36174752197638,82.03247400314888,80.55494010092072,81.69225311279297,13775600
2025-10-09,82.10051551005742,82.45045910482632,81.11872890160805,81.37146759033203,7486100
2025-10-10,81.55616061988438,82.46018032055224,80.87571145742774,81.02152252197266,10285600
2025-10-13,80.8076641102439,82.65458688403072,80.6910211961945,81.94498443603516,8424300
2025-10-14,81.8186261639812,82.46990727254743,81.09930087118059,82.27549743652344,8912900
2025-10-15,82.69347674895712,84.07380572495904,82.46018348648361,83.39336395263672,9268600
2025-10-16,83.81135478736162,84.31682477719283,82.60599756833383,82.67404174804688,8333700
2025-10-17,83.06286088964305,83.42252721808944,81.8186202303011,82.16856384277344,9142200
2025-10-20,82.81012795266389,82.95593160806973,81.95470695423401,82.40185546875,5225700
2025-10-21,82.6254328720906,82.73236049616698,80.71046577068891,81.64364624023438,7282200
2025-10-22,81.72140624455189,81.86721730293361,80.16610559308343,80.52576446533203,9208900
2025-10-23,81.54643668382018,81.54643668382018,80.26331268429935,80.92431640625,5630800
2025-10-24,81.24510320628525,82.41157692932052,81.03124795993502,82.05191802978516,6249800
2025-10-27,81.64364434574651,84.85145816108431,81.44923453353286,83.62665557861328,18741000
2025-10-28,85.07503162509865,85.08475434092091,80.59382374473394,81.23538208007812,13998100
2025-10-29,80.97293155001661,81.44924081807284,78.78578762069003,79.4759521484375,11681500
2025-10-30,79.53427051022446,80.27304117408119,79.16488888642571,79.35929870605469,7620100
2025-10-31,79.06767819997249,79.73840469924195,78.60109165668368,79.12600708007812,9407300
2025-11-03,79.02879769940388,79.8064443663314,78.34834852255095,79.4953842163086,8508200
2025-11-04,79.49538777335022,79.91337556392061,78.54276926589353,79.40790557861328,6474500
2025-11-05,79.145449642663,80.321646200775,78.84411217380037,79.8453369140625,7291000
2025-11-06,79.82589411808365,80.65214699102998,79.69952105837676,79.70924377441406,6212700
2025-11-07,79.6217537981716,81.65336369213607,79.33985439071199,81.58531951904297,9167100
2025-11-10,81.82834131412922,83.0823046644337,81.35203206853205,82.40185546875,11701700
2025-11-11,82.32408876790912,83.43224094931578,82.18800042396505,83.36419677734375,11733900
2025-11-12,83.04342914057638,83.85024405334143,82.63516403396993,83.4905776977539,7604800
2025-11-13,83.38364154008008,83.52945261075324,81.58532477846876,81.64364624023438,11859300
2025-11-14,81.17706136599108,82.1296798700964,80.22443544562648,81.5367202758789,8352100
2025-11-17,81.35202772788291,83.37391494297485,81.35202772788291,83.35447692871094,11607900
2025-11-18,83.71415543838454,84.26823162893876,82.25605941942499,82.27549743652344,11061200
2025-11-19,82.74208517143296,82.95593300839107,81.57560399468142,81.91582489013672,11138700
2025-11-20,82.42129363967341,84.07379919628036,81.84777211931596,81.94498443603516,10967000
2025-11-21,82.38243704565285,82.86197159089109,79.89667481280968,81.6973876953125,13930100
2025-11-24,81.98118976885785,82.97941308480193,81.2374240247373,82.4313735961914,13291500
2025-11-25,82.88155244063633,83.51766652334445,82.38244076770815,83.01856231689453,7916800
2025-11-26,83.42959348367302,83.86020022641023,82.88155396853723,83.7134017944336,6550600
2025-11-28,83.61553985752192,84.62354432290756,83.33173154270331,84.4473876953125,4123300
2025-12-01,83.76232963180574,83.84062312439448,82.5879571088883,82.8424072265625,7986600
2025-12-02,83.09685795250016,83.45895229203636,82.45094783363265,82.7739028930664,7087000
2025-12-03,82.8521931223253,84.13421728981255,82.69560614217025,83.13599395751953,9615100
2025-12-04,82.71518159056106,82.9989899121654,80.97319237962566,81.60931396484375,12489600
2025-12-05,81.72675640859181,82.40201729329976,81.28636108397822,81.35486602783203,8194600
2025-12-08,81.36464618209233,81.38422328773177,78.69294618112389,78.8299560546875,18136600
2025-12-09,79.0746176609711,79.40735379227557,77.802374586797,77.93938446044922,13760400
2025-12-10,78.34063427841298,80.17069796352345,77.93938573723113,79.53457641601562,13341100
2025-12-11,79.51500734144862,80.65024056863304,79.33885071883304,79.47586059570312,9494100
2025-12-12,80.09240897075628,80.51322717506677,79.59330473759258,79.9064712524414,7783100
2025-12-15,80.25878451495618,80.48386898093699,78.81038471723116,79.9064712524414,9489800
2025-12-16,79.89668550779227,80.10220034040462,78.47765132078743,79.5835189819336,6616600
2025-12-17,79.24098017070878,79.57371627868373,77.94916754793506,78.57550048828125,10212000
2025-12-18,78.68316257468244,79.44650548008917,78.291702568544,79.12355041503906,9201300
2025-12-19,78.84952664147698,79.40735469525521,77.83173366385951,77.84152221679688,30492300
2025-12-22,77.3326328449647,78.46786621767569,77.03904341395547,78.33085632324219,7136200
2025-12-23,78.32106229169737,78.97675352155736,78.04704252199343,78.08618927001953,7875000
2025-12-24,78.42870823974955,78.75166328745965,77.9883204230381,78.73208618164062,3011300
2025-12-26,78.76145996156366,78.91803949186998,78.34064174080194,78.69295501708984,3636400
2025-12-29,78.70272952189694,79.5150077002046,78.5070032587647,78.5559310913086,5854600
2025-12-30,78.487431581378,78.94739654467978,78.43850374544986,78.81038665771484,4075900
2025-12-31,78.96696815013127,78.96696815013127,78.49721466578286,78.56571960449219,5036200
2026-01-02,78.73208218075544,79.2899102045996,77.89044586878317,79.20183563232422,8852900
2026-01-05,79.42693945224373,79.60308862321523,77.55772138449306,79.5835189819336,8301900
2026-01-06,79.5150087975717,79.84774494278419,78.78102410097873,79.31928253173828,7254500
2026-01-07,78.94738438652683,79.0648246143301,76.68671413327718,76.69650268554688,9859900
2026-01-08,76.77479429792389,78.25255220625122,76.70628936000028,77.79258728027344,8696700
2026-01-09,78.48742181531101,79.19204827001444,78.16447424563688,78.18404388427734,5842200
2026-01-12,78.14490194059951,79.41714505823737,77.82194688460982,79.38778686523438,11088100
2026-01-13,79.42693669998664,80.1804910601202,78.70273306751903,79.89668273925781,8543000
2026-01-14,79.2116305185648,80.86553761752087,79.2116305185648,80.22942352294922,10282400
2026-01-15,80.22942170986173,80.90468253547407,79.79881497676301,80.4349365234375,7419300
2026-01-16,81.22764041329553,82.25522198342863,80.3860040237431,81.84418487548828,12874900
2026-01-20,81.2374225093434,82.13777521425934,80.75788049927647,81.72674560546875,10054800
2026-01-21,82.24542391884266,82.58794858044959,81.42335726450838,82.05947875976562,8296600
2026-01-22,82.77390625815961,83.68404762035117,81.88333453681487,83.2534408569336,9802300
2026-01-23,83.42958435676313,83.42958435676313,82.402002911819,82.99897766113281,13301700
2026-01-26,83.44916372805802,84.4375985462836,83.02834553546523,83.6448974609375,10990600
2026-01-27,82.69560283377507,87.06036393352123,82.01055348919884,85.28901672363281,15472300
2026-01-28,85.84684878229898,86.72763188559115,85.20093868439197,85.7000503540039,8200000
2026-01-29,86.68849524956318,87.28547011882937,85.7685652936817,86.29703521728516,11202400
2026-01-30,86.02300262451172,86.4046740458644,84.32016032413219,86.02300262451172,10205300
2026-02-02,86.25788147467429,86.85485629554505,84.47674556535718,84.48653411865234,9423100
2026-02-03,84.82906027942674,86.991867673222,84.82906027942674,86.9233627319336,9600200
2026-02-04,87.81393222495039,88.75343173889287,87.0603704232659,88.0488052368164,12182700
2026-02-05,88.07816225407261,88.55769682461974,86.20894433788213,87.3050308227539,9799400
2026-02-06,88.59684136679347,89.04701773336174,86.50253904705151,87.55947875976562,8225200
2026-02-09,87.43225755009885,87.86286431478021,86.85485981243865,87.56927490234375,6528800
2026-02-10,87.81393249811171,89.99630948421556,87.36374864645704,88.89044189453125,7213700
2026-02-11,89.40911865234375,89.63420310019501,88.52833556699994,89.40911865234375,7305000
2026-02-12,89.42869104237863,91.59149834451884,89.28190007903746,89.96694946289062,9181600
2026-02-13,89.56570026772107,92.91267607064448,89.13510100092161,91.7970199584961,10402800
2026-02-17,92.8833195117007,93.51943360334852,90.30947508622492,90.73029327392578,9455400
2026-02-18,91.01409907406818,91.0238876269481,88.65555808404571,89.27210998535156,9064800
2026-02-19,89.1155269869764,90.21161349767827,89.08616879350308,89.68314361572266,8483500
2026-02-20,90.2213974395357,90.47584008095174,89.36018398711802,90.21160888671875,7175600
2026-02-23,90.95538882630852,92.17869669209607,90.61285665070507,92.05146789550781,8433600
2026-02-24,92.38420536143373,93.79345085170864,91.91445188702332,93.63687133789062,11597600
2026-02-25,93.65644587721357,93.86196816622463,91.80680500794261,93.07904815673828,9025500
2026-02-26,92.59951751349925,92.97140042727597,89.88866302507577,90.02567291259766,20015700
2026-02-27,89.5655252796972,92.75795768566364,89.31919545633026,92.39338684082031,25138500
2026-03-02,92.02881829719821,92.27514810660325,90.40304005164715,91.34894561767578,10147800
2026-03-03,90.00891902985289,91.7332278523305,89.00389662383178,91.230712890625,11307700
2026-03-04,91.20114876627663,91.73322207148344,90.28480154909647,91.24056243896484,9384300
2026-03-05,90.944974065404,91.02379389590048,88.58020625054712,89.79214477539062,12086800
2026-03-06,89.22066782883238,90.28480698593775,88.68859449158477,89.68376159667969,9745100
2026-03-09,88.94476457210928,90.83658322793217,88.33387145385485,90.65922546386719,9563600
2026-03-10,90.36363132059488,90.78731891663179,89.7231722776475,90.19612884521484,7485900
2026-03-11,90.19612818129127,91.10262011861732,89.76258529066162,90.31436920166016,9734300
2026-03-12,89.86111340638892,91.36865818714091,89.47683949680194,90.38333892822266,8730000
2026-03-13,91.36866151932398,92.52148329012789,90.9548217022698,91.41792297363281,7504400
2026-03-16,92.5214753476496,93.05354862328103,90.88584185025788,91.45732879638672,8466100
2026-03-17,92.20618097398851,92.33426977544438,90.91540759210099,91.17159271240234,5496600
2026-03-18,90.9055594981559,91.17159239792035,89.27978117158105,89.62464141845703,7053700
2026-03-19,89.31919591507257,91.10262143984419,88.97433566406558,91.05335998535156,10538400
2026-03-20,91.37851348944274,92.82693412206811,87.86092374623394,88.18608093261719,21860800
2026-03-23,89.70347122883335,90.06804208119316,88.82653764095824,88.90536499023438,10284300
2026-03-24,88.96447929408824,91.14203401550711,88.72800477016033,90.27495574951172,8808000
2026-03-25,91.0533655064361,91.21101269471706,89.73303365730624,89.82171630859375,8639900
2026-03-26,90.35378214675833,90.64938096119654,89.2403739781693,89.82171630859375,6537800
2026-03-27,89.88083160977553,90.86615095210169,89.36846134202752,90.05818939208984,7749600
2026-03-30,91.34894570442006,91.61498610856808,90.15671032785426,90.69863891601562,9362100
2026-03-31,90.90555585246828,91.62483469319362,90.01876702650138,91.51644897460938,13914200
2026-04-01,91.36865919894501,92.49192256515954,90.88584734420813,91.48689270019531,7759400
2026-04-02,91.67410786775251,92.89590168546968,91.37850907307418,91.7824935913086,10419000
2026-04-06,91.56572082182443,92.28500720254613,91.17159160707511,91.36865997314453,4790100
2026-04-07,91.50660231347707,92.29485321044922,90.80702654149118,92.29485321044922,6125400
2026-04-08,91.71351933833236,92.9550162044222,90.66907580164496,92.78751373291016,6935100
2026-04-09,92.62000763423934,94.79756223078742,92.59044926011707,93.09296417236328,7349000
2026-04-10,92.96487782266354,93.4279791132391,92.54119020760396,92.69884490966797,5323100
2026-04-13,92.47220949415762,92.65942255597739,90.58039835091004,90.9449691772461,6111500
2026-04-14,90.34393146531184,90.52128924480287,89.25022641134872,89.9695053100586,9370600
2026-04-15,88.84623663749005,89.94979692448291,88.65903108829772,89.90052795410156,9144800
2026-04-16,89.46699488870863,90.51143093462697,89.24036814347126,90.48187255859375,7734300
2026-04-17,89.72316975356641,90.66907534470135,89.13197969878074,90.62966918945312,8148800
2026-04-20,90.7281975100375,91.71351675097868,90.2256825922885,90.65922546386719,7734800
2026-04-21,91.14202838151655,91.23070350348692,89.23050667800455,89.2699203491211,8625800
2026-04-22,90.01876862710729,90.82673012349017,88.5802034026885,88.6787338256836,9477100
2026-04-23,91.24055843463094,95.28036574050783,90.96467025531092,94.83697509765625,17524900
2026-04-24,95.81244280542472,96.19671671570588,93.74327386143636,93.88121795654297,9761900
2026-04-27,94.45270570804097,95.47743864967407,93.37870379601235,93.43782806396484,7773800
2026-04-28,94.46256639937103,95.20155589316298,93.7531352825484,95.09317016601562,7245100
2026-04-29,95.16213677891633,95.57596906761295,92.28500631837403,92.78751373291016,9091700
2026-04-30,93.2013452987314,96.59084596246652,93.05355342347849,96.44304656982422,17551200
2026-05-01,96.56129115013815,97.30028062322594,95.26066997819922,95.52670288085938,7106200
2026-05-04,94.65962552747632,95.40847030570248,93.58563109114027,94.10784912109375,6806600
2026-05-05,94.52167875721231,95.63508683648178,93.90093031755775,94.86653900146484,7187400
2026-05-06,94.71874295216706,95.29022995848239,93.62503791219423,93.98960876464844,8242900
2026-05-07,92.93531625009535,93.4575342772952,91.35880687060823,91.94999694824219,9681800
2026-05-08,92.50177848614265,92.98459038337036,91.2208678330688,91.73323059082031,6230100
2026-05-11,92.62001301920348,94.39359074354833,92.62001301920348,93.44767761230469,7233800
2026-05-12,93.30973307357264,93.68415921216342,92.2258833659779,93.20134735107422,6922400
2026-05-13,92.7185453095948,93.9994634159874,91.94999745271514,93.45753479003906,6775700
2026-05-14,93.3885635899382,94.31476615276351,92.82693188038003,94.27535247802734,5438200
2026-05-15,93.27032849666418,93.68416079827023,91.33909605438998,91.98941040039062,11418400
2026-05-18,89.78229986860374,90.25524893627897,85.35821067361022,87.73283386230469,39950600
2026-05-19,87.64414897641566,88.94477015540586,86.07749489332303,88.73785400390625,25749400
2026-05-20,88.69843744699061,89.35860707162195,86.7967709537105,86.97412872314453,15748800
2026-05-21,87.66385991208176,88.53093819564032,87.16134496084035,88.373291015625,12490600
2026-05-22,88.39298931298896,88.52107810966002,86.65882532228188,87.2500228881836,10755400
2026-05-26,87.82150378272905,88.18607461869784,86.2449944550347,86.36323547363281,11759500
2026-05-27,86.2449944550347,86.79677084038036,85.65380439682299,86.36323547363281,10856200
2026-05-28,86.42235455564544,87.16134402769309,85.75233713362665,85.96910858154297,12968200
2026-05-29,85.74248327865268,85.92969635361982,84.43201430605203,85.73263549804688,25347000
2026-06-01,84.62906609370415,84.93451264233084,82.34312583400128,82.43180847167969,14192200
2026-06-02,83.05256407232456,84.5009846351763,82.87520629896741,84.42215728759766,11709800
2026-06-03,84.40245691596651,85.03306068203828,83.27918597042446,83.33831024169922,11903000
2026-06-04,83.79155354174772,84.64878403253886,83.03285347673508,84.42215728759766,9488900
2026-06-05,84.44498818508877,85.45737185479778,83.97849492374559,85.19931030273438,11843200
2026-06-08,85.07028131805014,85.49707220964844,83.35319784129352,83.38297271728516,9541700
2026-06-09,83.48222631139588,84.42513273932104,82.75767150210595,84.19685363769531,12217300
2026-06-10,84.65341714924729,84.69311950769658,83.87924009061274,84.48468780517578,9142900
2026-06-11,84.63356274116319,85.2390104597135,84.09759982969469,84.20677185058594,8639100
2026-06-12,84.55416584838585,85.3779651836264,84.24647446057247,85.34819030761719,9973600
2026-06-15,84.89162592063178,86.01319675156024,84.43506014534572,85.47722625732422,10284300
2026-06-16,85.60625028589214,86.73774098822268,85.22908924259882,85.5864028930664,10342600
2026-06-17,85.61617665320264,86.26132671216752,84.64348782350092,85.09013366699219,9603400
2026-06-18,85.1298273571261,86.92632304559132,85.03057525066595,86.1025161743164,19306600
2026-06-22,86.24147483381145,86.74767044557193,85.37796556344956,85.4375228881836,11538900
2026-06-23,85.35811360903728,86.18192047637304,85.02065493419629,85.78490447998047,12881700
2026-06-24,86.09258958634808,87.02557605615704,85.7253560313853,86.96602630615234,14080300
2026-06-25,87.03550550478113,87.81961004484094,86.19184364092082,87.04542541503906,13477200
2026-06-26,87.27371458016967,87.89900970458984,86.99580563598293,87.89900970458984,15654200
2026-06-29,88.33572681984201,88.52431113174273,86.30102446523615,87.9982681274414,11131300
2026-06-30,87.62110193613952,88.22654967514941,86.77744760926618,87.11490631103516,15742700
2026-07-01,87.39281822777244,87.39281822777244,85.67572721510022,85.72535705566406,9709200
2026-07-02,86.04297004705177,87.71043125210802,85.70550378394064,87.68064880371094,14281800
2026-07-06,87.5218434507875,87.85930212799005,86.50945984672953,86.78736877441406,10274100
2026-07-07,87.45237109150054,88.58386183008881,87.35311897929031,87.80968475341797,13106300
2026-07-08,87.4920685760285,87.86922961039316,86.68810909528358,86.78736877441406,13581300
2026-07-09,87.61117098437337,87.73027805981494,86.1918438516097,86.44990539550781,9389300
2026-07-10,86.47968276088532,87.31341716807718,86.42013300767549,87.3034896850586,11223100
2026-07-13,87.09505705342208,88.06774592276312,87.02557981792991,87.72035217285156,6741200
2026-07-14,88.57393256906396,89.1893077683353,88.13722176961551,88.87169647216797,10677700
2026-07-15,89.2091517015142,89.30841138033293,87.78982462034001,88.43497467041016,10258000
2026-07-16,88.53423114502098,89.31833569718435,88.0677454648282,88.68311309814453,8336600
2026-07-17,89.55654943464108,90.04289007829543,87.7600536675535,88.13722229003906,9450700
2026-07-20,88.3158819450903,88.75259276109468,87.04542913980681,87.34319305419922,8418000
2026-07-21,87.02557809742949,87.43251401942395,86.79729142963947,87.27371215820312,7096900
2026-07-22,87.92878117193497,89.07019935340462,87.68064711389593,88.74266815185547,8708200
2026-07-23,88.14713845211026,89.81459958904155,87.93870675655015,89.11982727050781,9883000
2026-07-24,90.23147221336342,90.23147221336342,87.76997903355982,89.10990142822266,11653100
2026-07-27,88.99080674899163,89.48707489038253,87.63102931549827,88.16699981689453,10180900
2026-07-28,88.72281179176517,90.3108682237579,88.44490286272274,88.61363220214844,13254700
2026-07-29,89.34811309340782,89.84438123618324,87.34319312847353,87.79975891113281,10402300
2026-07-30,88.23647352559695,88.55408482048918,86.21169868098997,87.27371215820312,11687700
2026-07-31,87.16453199115703,87.45236840845138,86.27124786376953,86.27124786376953,13184200
2026-08-03,86.10251880639075,86.72781391140971,85.07028020825983,85.90401458740234,11862300
2026-08-04,85.48714272622982,86.65833578001288,84.84200023497388,86.54915618896484,11420100
2026-08-05,86.2513999466589,86.3804269305443,84.33580471885772,85.26879119873047,11841100
2026-08-06,86.0628190292048,86.23154837765034,83.31349689426294,83.96856689453125,18596400
2026-08-07,83.26386642643261,84.73282342630114,82.86685040708025,84.01819610595703,9327400
2026-08-10,83.55170216776712,84.12737501249698,83.0256591647194,84.06781768798828,10046700
2026-08-11,83.85938162678961,85.14968171898664,83.75020203872138,85.10005187988281,6668700
2026-08-12,84.85191883818928,85.45736653469382,84.62363974947795,85.13975524902344,7473300
2026-08-13,85.10998045594168,85.5963210811181,84.82214404483105,85.3680419921875,8872100
2026-08-14,85.37796261087382,85.88415820512883,85.18938587768112,85.54669952392578,7238400
2026-08-17,85.20923591063614,85.6757291617135,84.87177721897632,85.57647705078125,9556900
2026-08-18,86.40028395917528,86.86676963780198,85.4474424913637,85.57647705078125,10956700
2026-08-19,85.89408629787576,86.18192271342055,84.95117233541167,85.26879119873047,14932800
2026-08-20,84.74274139390934,85.34818910573954,83.96856433876926,84.39535522460938,15235400
2026-08-21,84.5640842760997,84.63356150971994,82.91647806205529,83.0256576538086,11887200
2026-08-24,83.32341571547174,83.56162986922848,82.61871588195545,83.47229766845703,7670200
2026-08-25,83.3829684527523,83.91893891054205,82.67826865800565,83.59140014648438,7679100
2026-08-26,83.53185039754672,84.0975957298053,83.40281584491476,83.59140014648438,5683700
2026-08-27,82.89662238997566,83.13483653674302,82.16214770190246,82.84700012207031,8641700
2026-08-28,82.91999816894531,82.9800033569336,81.33000183105469,81.83999633789062,13950900
2026-08-31,81.08000183105469,82.5999984741211,80.75,82.33999633789062,14053600
2026-09-01,82.69999694824219,83.11000061035156,82.27999877929688,82.93000030517578,11158400
2026-09-02,82.55999755859375,83.23999786376953,82.05000305175781,83.0999984741211,12714000
2026-09-03,83.54000091552734,84.25,83.29000091552734,84.05999755859375,11538900
2026-09-04,83.69999694824219,84.12000274658203,83.2300033569336,83.43000030517578,10765300
2026-09-08,83.31999969482422,84.37999725341797,83.31999969482422,83.83000183105469,7627900
2026-09-09,83.98999786376953,84.25,82.62000274658203,82.6500015258789,8956200
2026-09-10,82.80000305175781,83.3499984741211,82.23999786376953,82.44000244140625,13594700
2026-09-11,83.19999694824219,83.27999877929688,82.22000122070312,82.30999755859375,9882600
