Date,open,high,low,adj_close,volume
2016-09-12,20.479646793446598,20.919357260116957,20.443505775859553,20.871170043945312,20472685
2016-09-13,20.74467830599174,20.74467830599174,20.389296062584027,20.503742218017578,21878510
2016-09-14,20.551929296071936,20.690467848445614,20.395319023577066,20.443506240844727,19924921
2016-09-15,20.413393424184846,20.67842194304126,20.20859590753032,20.56397819519043,21890104
2016-09-16,20.5940934139103,20.61216271219818,20.377249725289186,20.443506240844727,26998737
2016-09-19,20.473619859487115,20.497714673976656,20.23268261283932,20.268823623657227,18489584
2016-09-20,20.38328079216725,20.443514231837636,20.23871787294064,20.365211486816406,14875313
2016-09-21,20.419414095289408,20.678419483114073,20.323039659563953,20.648303985595703,16397500
2016-09-22,20.67842225142038,20.738658098187816,20.5218143778591,20.57000160217285,17641220
2016-09-23,20.576019432941255,20.702511772557646,20.485668107762837,20.636255264282227,13635703
2016-09-26,20.431459285564856,20.485669600254813,20.13028858333372,20.26280403137207,31119982
2016-09-27,20.347136560067675,20.407372412100294,20.16643384763755,20.377254486083984,16453572
2016-09-28,20.389300742198994,20.479652098655304,20.29292628489011,20.473628997802734,15080421
2016-09-29,20.443504610078612,20.521809740079693,20.05800569177171,20.070053100585938,26396376
2016-09-30,20.14233390987657,20.491691812469245,20.118240303177647,20.40134048461914,30138076
2016-10-03,20.31702252045206,20.31702252045206,20.10620065589145,20.286903381347656,18862384
2016-10-04,20.244739266460222,20.42544198124929,20.184504624558215,20.310997009277344,22029759
2016-10-05,20.317015085119593,20.467599827279553,20.28689595703776,20.41941261291504,14698346
2016-10-06,20.34712753254083,20.359173728869205,20.1604018021199,20.268823623657227,16809824
2016-10-07,20.29894118233964,20.479643822224975,20.13028595020767,20.21461296081543,15619964
2016-10-10,20.268825508890295,20.383270439236497,20.22063829726205,20.244731903076172,17268420
2016-10-11,20.214616877527387,20.220641188029543,19.84116532856116,19.955610275268555,18268033
2016-10-12,19.96163013075606,20.021864749571705,19.84116210404126,19.919466018676758,15956295
2016-10-13,19.618303743888344,19.817076993507463,19.588187025188628,19.732749938964844,25488144
2016-10-14,19.71467426880039,19.81707181215692,19.672510147094727,19.672510147094727,16410042
2016-10-17,19.624324768938774,19.70262991972444,19.564090130712632,19.57613754272461,17837369
2016-10-18,19.72069898868992,19.799004138551698,19.64239504974501,19.690582275390625,15624074
2016-10-19,19.726721051261183,19.78695568560744,19.57011197069435,19.636369705200195,17247445
2016-10-20,19.57010943722445,19.720695398137426,19.57010943722445,19.60022735595703,20334190
2016-10-21,19.527944441355228,19.54601494959863,19.38338279724121,19.38338279724121,19852090
2016-10-24,19.45565945422885,19.491800462978578,19.305074743243086,19.353261947631836,20644066
2016-10-25,19.287011602250978,19.49783100466734,19.268941090977165,19.443620681762695,20380249
2016-10-26,19.443618830905155,19.636367703699747,19.36531369314484,19.515899658203125,18026246
2016-10-27,19.624325368827197,19.762863951157062,19.497832987960667,19.564090728759766,19238662
2016-10-28,19.58818445366365,19.612279278560766,19.202685419063627,19.232803344726562,30048170
2016-10-31,19.299053923949568,19.299053923949568,19.040047350800233,19.10028076171875,37890668
2016-11-01,18.636480692015876,19.1063079058251,18.522035741193765,18.714784622192383,57285005
2016-11-02,18.66659649917015,18.696713207640467,18.287120644410802,18.449752807617188,38033063
2016-11-03,18.491909351288374,18.491909351288374,17.967872057429958,18.004013061523438,38290977
2016-11-04,18.016065945023495,18.293143042899057,18.01004163482696,18.070276260375977,36919723
2016-11-07,18.2088143948991,18.33530674239821,18.118463064090193,18.299165725708008,32544885
2016-11-08,18.329585834017788,18.52425707446268,18.226165820286184,18.250499725341797,37365670
2016-11-09,20.081631966623394,20.300637086284265,19.163023184428006,19.540199279785156,125166505
2016-11-10,20.27022385400222,20.580482694368012,19.98429892043044,20.37364387512207,70908061
2016-11-11,20.209390512712176,20.282393463446958,19.58278959786652,19.826129913330078,37736994
2016-11-14,19.984297484590524,20.014714560149176,19.546285970775067,19.698373794555664,32219094
2016-11-15,19.92955341420598,19.92955341420598,19.394204871591604,19.607128143310547,31213472
2016-11-16,19.588868098904108,19.667952974414757,19.42461395515621,19.44286346435547,23864246
2016-11-17,19.47328850084282,19.540205837061194,19.27253282320589,19.302949905395508,27502549
2016-11-18,19.436788646694833,19.436788646694833,19.126529735078694,19.150863647460938,25460846
2016-11-21,19.16910690210309,19.278610076560028,19.156939339166293,19.205608367919922,23053931
2016-11-22,19.424613707650686,19.46111394857763,18.88926542611619,19.059602737426758,27862279
2016-11-23,18.968346667857112,19.132602001047903,18.633754055978248,19.114351272583008,22399924
2016-11-25,19.223859253326175,19.309027302585132,19.19344095723966,19.278610229492188,11017357
2016-11-28,19.278617052816667,19.369869527386264,19.163030666561443,19.18736457824707,18692901
2016-11-29,19.37595058599082,19.44895231308452,19.22994713180342,19.418535232543945,22810879
2016-11-30,19.45503824230511,19.692294179824117,19.315117948589393,19.5523738861084,40599553
2016-12-01,19.61928708721434,19.61928708721434,19.102189480534882,19.138690948486328,32259146
2016-12-02,19.18736022293837,19.302946582956828,19.07785703371201,19.242111206054688,20034221
2016-12-05,19.30902970582714,19.32728044115186,19.09610772168868,19.217777252197266,20342516
2016-12-06,19.254279949942088,19.284697028759318,19.1204428463562,19.199527740478516,18662967
2016-12-07,19.059608915731935,19.059608915731935,18.621597321669604,18.97443962097168,46432600
2016-12-08,18.7615198777664,18.91969092018146,18.56076418281721,18.822355270385742,37409622
2016-12-09,18.925764305186313,19.418527917686596,18.91359796675063,19.284690856933594,30935743
2016-12-12,19.284697451096733,19.862630522237495,19.26036354291127,19.710542678833008,33997508
2016-12-13,19.95996225856295,20.002546895322943,19.807875667841355,19.972129821777344,30313356
2016-12-14,20.026880749574058,20.258053443137502,19.856543425946,19.966045379638672,38309843
2016-12-15,19.85046019964523,20.05121583153797,19.832209465292497,19.9234619140625,22004463
2016-12-16,20.002548168900574,20.039049637874243,19.783541801045892,19.978214263916016,39615012
2016-12-19,19.929545185017346,20.057297872303742,19.905211281582147,19.972129821777344,26276958
2016-12-20,19.941710257305044,20.0025456235218,19.8139563551479,19.984294891357422,26428312
2016-12-21,19.911298338608415,20.03296787953571,19.667958033759998,19.710542678833008,19751644
2016-12-22,19.64362085892447,19.728790134907207,19.497617434091463,19.67403793334961,19618418
2016-12-23,19.716624038040024,19.807877714090953,19.68620696135219,19.75920867919922,11387943
2016-12-27,19.81395975826903,19.905213434764082,19.75920877536572,19.789627075195312,11826302
2016-12-28,19.77137673817646,19.886963100073636,19.674039888952198,19.680124282836914,14691495
2016-12-29,19.704451358136502,19.84437157808292,19.69228379757914,19.76528549194336,14827250
2016-12-30,19.67403939688083,19.832210397046246,19.65578988466436,19.75920867919922,19885396
2017-01-03,19.893047068696607,20.075551986694336,19.826128517231187,20.075551986694336,23391844
2017-01-04,20.154636575730454,20.288472445522928,20.093801200011182,20.251972198486328,22753963
2017-01-05,20.30063917819962,20.495311638729845,20.148551356628936,20.446643829345703,21083584
2017-01-06,20.477058789587772,20.501392691766636,20.282387572156882,20.367555618286133,18418228
2017-01-09,20.33714108562751,20.483144516930818,20.30672278686073,20.361474990844727,21559886
2017-01-10,20.434470271307376,20.477054897775247,20.270216157069363,20.343217849731445,20444754
2017-01-11,20.300638129649318,20.404058136494104,19.710538831106973,19.972129821777344,42623128
2017-01-12,19.789625219044197,19.84437619681219,19.649703743538083,19.83220863342285,33475989
2017-01-13,19.87479317018847,19.94171171100705,19.66795437756566,19.783540725708008,21386925
2017-01-17,19.680125824654606,19.6983765617511,19.333365488802784,19.503704071044922,33838143
2017-01-18,19.52195603581462,19.637542414036133,19.436786739337524,19.485454559326172,22629064
2017-01-19,19.503697178710034,19.52194790935697,19.181272088256627,19.284690856933594,27555881
2017-01-20,19.296862968301106,19.540202024324962,19.260361498400677,19.327280044555664,31788324
2017-01-23,19.272528033650126,19.357696087214112,19.12652338483797,19.138690948486328,26098094
2017-01-24,19.102191595746035,19.138693067739336,18.79801714677899,18.950103759765625,31225172
2017-01-25,19.077855328644127,19.17519094459328,18.91968434122995,19.03527069091797,33905283
2017-01-26,19.1021936998592,19.14477834754418,18.980524151469194,19.029191970825195,28653517
2017-01-27,19.144768338028992,19.187352963449325,19.01701446176799,19.114351272583008,25353654
2017-01-30,19.14477642713739,19.163027163313643,18.895352960712042,19.047439575195312,28947899
2017-01-31,18.864937073098957,19.424620680141857,18.816269252397994,19.302949905395508,39472300
2017-02-01,19.364401236311412,19.475020026099752,19.210763959635752,19.46272850036621,30031938
2017-02-02,19.33981894623662,19.499601364135742,19.247636829581484,19.499601364135742,24634404
2017-02-03,19.696260541772116,19.813024494106383,19.616368701228183,19.720842361450195,37935252
2017-02-06,19.665532038285974,19.868332974102845,19.628658691608887,19.8068790435791,25859258
2017-02-07,19.862187799745662,19.880624473057846,19.628658663547228,19.714696884155273,24781648
2017-02-08,19.616359647624986,19.880615631518356,19.616359647624986,19.75156021118164,20194745
2017-02-09,19.751567158327898,19.99738656356961,19.751567158327898,19.899059295654297,25102380
2017-02-10,19.91749688284179,19.9420787024754,19.80687931221734,19.880624771118164,23090189
2017-02-13,19.93593162353378,20.089568907938034,19.93593162353378,20.0404052734375,21733585
2017-02-14,19.991242572105705,20.138733482492018,19.88062377158922,20.126441955566406,24205532
2017-02-15,20.14487976422871,20.636518630814365,20.089570978578273,20.5935001373291,48035523
2017-02-16,20.556622931811965,20.82702536959254,20.4152771857191,20.661096572875977,40402244
2017-02-17,20.642659902634875,20.82702536959254,20.605786562152673,20.661096572875977,36882306
2017-02-21,20.63036961277637,20.771714123415894,20.575059602053066,20.661096572875977,25391598
2017-02-22,20.630373663416854,20.740992471129402,20.43371786798859,20.642663955688477,28676494
2017-02-23,20.71026000399421,20.968370913980035,20.636514559192545,20.93149757385254,32122863
2017-02-24,20.999097778451972,21.10971780484045,20.888480222970287,21.05440902709961,26046448
2017-02-27,21.035971783794956,21.17731754065864,20.992953295105412,21.066699981689453,23009136
2017-02-28,20.956081489715285,21.054411236012413,20.83931877677972,20.968374252319336,28964658
2017-03-01,21.06055264329188,21.22033381971039,20.925352045903935,21.152734756469727,34034925
2017-03-02,21.17731776125807,21.355536863270242,21.152737179411922,21.208045959472656,26952993
2017-03-03,21.208040570821534,21.294077527236126,21.115858470506794,21.21418571472168,19800760
2017-03-06,21.097421748662086,21.18345870989192,20.943785729841046,21.10971450805664,19174263
2017-03-07,20.814730651410187,21.017532769537443,20.740986448287376,20.888477325439453,30783335
2017-03-08,20.83931541442871,20.95607810852502,20.72255148487907,20.83931541442871,23870360
2017-03-09,20.820885387089472,20.98066660758699,20.759428980745792,20.925357818603516,20199594
2017-03-10,20.980660394226277,21.091277939434164,20.894623427550552,20.96222496032715,20214666
2017-03-13,20.980660394226277,20.98680553885932,20.83931465494661,20.96222496032715,19988056
2017-03-14,20.906913002044213,21.09742236278159,20.882332424352416,21.029823303222656,15563469
2017-03-15,21.029822696363393,21.324804445591564,21.005242119380917,21.28178596496582,24279839
2017-03-16,21.244922948850107,21.281793827946498,21.0482659057994,21.158885955810547,21816219
2017-03-17,21.17731312827617,21.251059799494783,21.060550448237457,21.091276168823242,45736117
2017-03-20,21.14044504592704,21.201901444182845,21.091281409866586,21.128154754638672,18435514
2017-03-21,21.189609316574906,21.26950115415587,21.005247529007143,21.048263549804688,33083479
2017-03-22,21.07899542587715,21.22648636419694,20.888485988350652,21.183467864990234,27528267
2017-03-23,21.091278986450043,21.238772348591205,21.03597021110045,21.072843551635742,21378704
2017-03-24,21.06055350898628,21.06055350898628,20.857751369114865,20.894624710083008,28583110
2017-03-27,20.73484399672511,21.085134566589467,20.73484399672511,21.005245208740234,18852055
2017-03-28,20.931498424695665,21.054408739814612,20.876189647709506,20.992952346801758,19327725
2017-03-29,20.992953048471154,21.171172146533063,20.962227321844512,21.09742546081543,18214174
2017-03-30,21.011387258338665,21.165023277159705,20.986804210455965,21.10971450805664,15803465
2017-03-31,21.023683547973633,21.12815597175702,20.992955347075586,21.023683547973633,19616837
2017-04-03,20.962226806987193,21.10971770389306,20.956079190906014,21.042116165161133,19064752
2017-04-04,21.005241782595515,21.201896278927926,20.925349966870584,21.10356903076172,20324177
2017-04-05,21.09742710555241,21.214192288557097,20.986809539259156,21.01139259338379,20321225
2017-04-06,20.980660394226277,21.109715844239858,20.93149676625537,20.96222496032715,17164706
2017-04-07,20.94993052419352,21.048257772269302,20.919204803486316,20.95607566833496,14728069
2017-04-10,20.974517304634315,21.0298260826573,20.8761900390586,20.919208526611328,16852722
2017-04-11,20.906917057809654,20.943790402406954,20.734845567867197,20.851608276367188,20155642
2017-04-12,20.820876501704586,20.888475554745735,20.71640164386827,20.845457077026367,26022628
2017-04-13,20.820878982543945,20.906913477327574,20.784005644261512,20.820878982543945,13560553
2017-04-17,20.833170789073918,20.92535290604091,20.784007158085302,20.894624710083008,15963462
2017-04-18,20.747137248940657,20.82088394307552,20.68568208231279,20.796300888061523,22293365
2017-04-19,20.802441984229848,20.839315324118708,20.618077755692195,20.654951095581055,25204302
2017-04-20,20.667244569748586,20.81473548112348,20.5750624412759,20.734846115112305,19339319
2017-04-21,20.673389434814453,20.728699449113794,20.568915786995756,20.673389434814453,25552227
2017-04-24,20.882337026487196,20.913065226280434,20.679536096756586,20.734846115112305,22438501
2017-04-25,20.784010416451025,20.87004740189603,20.7164088689269,20.74713706970215,19756176
2017-04-26,20.808587695656875,20.913062573337832,20.80244255065918,20.80244255065918,20884483
2017-04-27,20.87004442072589,20.906915291300862,20.753279251184892,20.8085880279541,15633139
2017-04-28,20.820876501704586,20.85774736468726,20.740984690096298,20.845457077026367,16842077
2017-05-01,20.827025746854414,20.888479668166806,20.75327906455416,20.759424209594727,23910833
2017-05-02,20.636514425636623,20.722551395075083,20.20633081389765,20.654951095581055,42965678
2017-05-03,20.575063374205296,20.642663687180683,20.46444456793161,20.568918228149414,26155748
2017-05-04,20.550480220553954,20.642662347222696,20.476734766309658,20.556625366210938,26897869
2017-05-05,20.550479980301652,20.575061798095703,20.421424510292784,20.575061798095703,22999966
2017-05-08,20.52589840247252,20.661099019647143,20.495170203280615,20.556625366210938,24781543
2017-05-09,20.556625515965752,20.642662497604288,20.495170352587728,20.513607025146484,18028248
2017-05-10,20.476368553316508,20.550827785021923,20.414318569856313,20.494983673095703,34829852
2017-05-11,20.47017152805161,20.56324591408693,20.383301768442152,20.501195907592773,26421567
2017-05-12,20.408121585294886,20.51981109836846,20.408121585294886,20.482582092285156,18589187
2017-05-15,20.457760273159643,20.588064907767258,20.352276638163573,20.55083465576172,20530444
2017-05-16,20.203359517793007,20.352278041258117,20.097874628112987,20.228178024291992,42437834
2017-05-17,20.22818053911967,20.22818053911967,19.986187596550614,19.998598098754883,29931281
2017-05-18,19.979980425742504,20.11648844814014,19.899315290213316,19.992389678955078,24874822
2017-05-19,20.042027576028907,20.141307830810547,19.973772946609177,20.141307830810547,29885432
2017-05-22,20.166127417574735,20.166127417574735,19.93033790588379,19.93033790588379,26725962
2017-05-23,19.93033471120402,20.0296149492591,19.90551621095469,19.942745208740234,18517410
2017-05-24,19.96136301581357,20.029617642913006,19.837263013408204,19.886903762817383,23576821
2017-05-25,19.893108232925826,19.97997798444694,19.837262858057237,19.955158233642578,18227244
2017-05-26,19.967564956401116,20.03581957432143,19.917925461079353,19.942745208740234,12330746
2017-05-30,19.893107636527954,20.048232009963336,19.868287886467694,19.936542510986328,16913643
2017-05-31,20.029621191529934,20.34607463209395,19.936546796941922,20.259204864501953,30585499
2017-06-01,20.271613400536953,20.383302919569264,20.178539009245345,20.29643440246582,25184803
2017-06-02,20.333660458586483,20.401915085452224,20.12889657798926,20.190946578979492,21984543
2017-06-05,20.172330451357457,20.215765325150695,19.97997707948311,20.07305145263672,14994836
2017-06-06,20.042032615903086,20.08546750440271,19.88070356465251,19.89931869506836,18831186
2017-06-07,19.90552149321099,19.955161001705413,19.793831975392607,19.855880737304688,17479641
2017-06-08,19.85587536854972,19.917925361096223,19.65111151581665,19.70075225830078,35620773
2017-06-09,19.737985470202656,20.352277159560717,19.694550590887374,20.333662033081055,31764609
2017-06-12,20.333660859474346,20.532220118110754,20.290225982666016,20.290225982666016,30435515
2017-06-13,20.296430120109136,20.33986374579082,20.17853475176348,20.21576499938965,18093913
2017-06-14,20.221971375285978,20.32745625441655,20.141307494995797,20.284021377563477,14568177
2017-06-15,20.24059011599174,20.49499354913459,20.203361105904957,20.358484268188477,19952115
2017-06-16,20.463965730660323,20.557040111369854,20.358480850397374,20.457759857177734,33600044
2017-06-19,20.43915193107014,20.63150537457546,20.420536800024955,20.612890243530273,21922146
2017-06-20,20.606683177032114,20.941751753956687,20.569452919347615,20.823856353759766,27473775
2017-06-21,20.836265135488407,21.158921936667852,20.836265135488407,21.022415161132812,27134492
2017-06-22,21.065845990130757,21.39470864104015,21.04723211161314,21.13410186767578,23352529
2017-06-23,21.1465141075836,21.23338387591913,21.07826071521934,21.20235824584961,31668800
2017-06-26,21.196148752440866,21.227174375387307,21.078255875926384,21.12169075012207,14937604
2017-06-27,21.177532027474673,21.177532027474673,20.941743811332717,20.954153060913086,16089942
2017-06-28,21.010002959046556,21.090668093157245,20.879699565546595,20.941749572753906,15594035
2017-06-29,20.941751009548348,21.016209027446674,20.705961464947997,20.867290496826172,15724837
2017-06-30,20.929337350063566,20.97276972938113,20.79282685461243,20.842466354370117,14242175
2017-07-03,20.774212060035932,21.078256183847344,20.76800743432067,20.98518180847168,8971964
2017-07-05,21.059642630179503,21.065847256725096,20.78042071409739,20.87349510192871,17072270
2017-07-06,20.87349958333865,20.89211346697172,20.563250725684522,20.612890243530273,14676318
2017-07-07,20.63149944674134,20.699754076021385,20.488785562086267,20.69354820251465,17914522
2017-07-10,20.699760981636395,20.805244650088316,20.625301701421126,20.730785369873047,14256720
2017-07-11,20.724577311968027,20.768012196758544,20.507402888015445,20.581863403320312,12874083
2017-07-12,20.68735076771102,20.805243687035592,20.600479740362776,20.612890243530273,14577979
2017-07-13,20.612887616799444,20.687348131491575,20.47017370932612,20.650117874145508,14112006
2017-07-14,20.64391174954236,20.817650027259734,20.625296622219675,20.74319076538086,13175843
2017-07-17,20.74939629980834,20.76801142794544,20.563247513261167,20.631502151489258,17733866
2017-07-18,20.61908578376242,20.71836602310932,20.501191668986323,20.699750900268555,15356148
2017-07-19,20.70595959344061,20.904518863733102,20.66873058785639,20.861083984375,19825951
2017-07-20,20.768012258634762,20.910726167707676,20.68734836336345,20.811447143554688,17870043
2017-07-21,20.768009164661336,20.83626379545108,20.71836965998003,20.774213790893555,12673718
2017-07-24,20.712163391302067,20.755598268922743,20.581860005851798,20.67493438720703,15558937
2017-07-25,20.71215986434542,20.774209857153352,20.482577510520322,20.538421630859375,20856025
2017-07-26,20.53222495738254,20.538429584842753,20.370895911532735,20.408124923706055,16572674
2017-07-27,20.346072191488428,20.476375579833984,20.284022186735623,20.476375579833984,17561221
2017-07-28,20.513606246201576,20.581860878583733,20.358481854894535,20.56945037841797,17116117
2017-07-31,20.60667745067967,20.718366945284004,20.563242577921784,20.575653076171875,23169660
2017-08-01,20.50119457649912,20.66252358497976,20.302636564468635,20.52601432800293,28072552
2017-08-02,20.594940956034282,20.62626838684082,20.488425675937258,20.62626838684082,30412116
2017-08-03,20.645060857702322,21.183901115604613,20.58867124259912,20.94580841064453,28739945
2017-08-04,21.039791033887013,21.30294465900193,20.977134929013395,21.07738494873047,27183398
2017-08-07,21.02099962948935,21.046061826140082,20.833032524810484,20.87062644958496,13188280
2017-08-08,20.883156959785335,20.964610043760324,20.814235603959098,20.851829528808594,16986475
2017-08-09,20.889421508698234,20.964608091800038,20.776641004247203,20.958341598510742,15807681
2017-08-10,20.90821599190266,21.020996489784388,20.807967220272932,20.939544677734375,19062539
2017-08-11,20.989668439043335,21.03352759022554,20.807966601173206,20.83302879333496,13626639
2017-08-14,20.883156918111947,20.90821911476268,20.764111169121787,20.87062644958496,13482241
2017-08-15,20.88941927725701,21.008463743087532,20.83929363428033,20.914480209350586,18048801
2017-08-16,20.883153876532134,20.983403908130647,20.839294723882144,20.90195083618164,11128764
2017-08-17,20.858088826696072,20.958337584967406,20.64505958557129,20.64505958557129,15661175
2017-08-18,20.619999888200578,20.657592547297693,20.457095006522273,20.46962547302246,16326565
2017-08-21,20.42575861380023,20.59492992449155,20.250323331818965,20.52600860595703,17848752
2017-08-22,20.52601759061993,20.8142334526881,20.488423669655983,20.770374298095703,14178619
2017-08-23,20.72024599617966,20.92074477078892,20.72024599617966,20.82676124572754,16989953
2017-08-24,20.908206240135964,20.92700319094862,20.782895334044888,20.82048797607422,12140394
2017-08-25,20.851826411435596,21.06485568134217,20.82049772554577,20.920747756958008,15171171
2017-08-28,20.98966602118623,21.064852589010552,20.9332751506207,20.970869064331055,13033026
2017-08-29,20.945808742415977,21.020995316943328,20.826763017848545,20.989667892456055,12884096
2017-08-30,20.977138559185352,20.977138559185352,20.8330306266744,20.958341598510742,12394935
2017-08-31,20.989665451241546,21.315473902966737,20.977133727146246,21.252819061279297,27300497
2017-09-01,21.265358170271234,21.38440518898265,21.19017283352157,21.277891159057617,19160771
2017-09-05,21.227760186755056,21.409459497153193,21.14630712124327,21.17763328552246,15068616
2017-09-06,21.27161509450377,21.371866369659234,21.24655416510946,21.29667854309082,13925764
2017-09-07,21.32800722402645,21.38439683435639,21.183899322430943,21.29667854309082,18831923
2017-09-08,21.27161325575018,21.45958028673029,21.177629740260123,21.365596771240234,16276290
2017-09-11,21.359332958222673,21.51597384057262,21.29041288457514,21.503440856933594,17263993
2017-09-12,21.54103968380249,22.399424558868056,21.52850921649748,22.161333084106445,39268351
2017-09-13,22.092406630205204,22.198920622144858,21.910704809135893,21.96709442138672,22115450
2017-09-14,21.96083374341134,22.455814929587508,21.92950757410442,22.386892318725586,28907847
2017-09-15,22.305441222325303,22.380626546045153,22.079880212779173,22.155065536499023,30430139
2017-09-18,22.167591096241296,22.274105072021484,22.06107460126866,22.274105072021484,17850755
2017-09-19,22.343035074259213,22.343035074259213,22.148802731163645,22.21146011352539,16539579
2017-09-20,22.512203138107484,22.68763975196928,22.43701529811152,22.54979705810547,27066825
2017-09-21,22.5936534838317,22.67510402826839,22.49966995478,22.537263870239258,16580579
2017-09-22,22.618720364090972,22.631253352002542,22.411957553469446,22.531002044677734,15394092
2017-09-25,22.49340552529828,22.57485607264353,22.205187175947085,22.249046325683594,23379828
2017-09-26,22.249046626743226,22.336764927403195,22.079877777635875,22.11747169494629,18508029
2017-09-27,22.086147867995464,22.26158450789865,22.04855394241713,22.21146011352539,15502759
2017-09-28,22.098666148918042,22.41821056130817,22.067339994207757,22.305431365966797,19038086
2017-09-29,22.330503381779618,22.36809730529785,22.148801517436016,22.36809730529785,16867900
2017-10-02,22.349298351161824,22.618715972254652,22.23651659701763,22.59992027282715,17541300
2017-10-03,22.568586214398675,22.681367941689825,22.399417402250638,22.643774032592773,14328392
2017-10-04,22.668847277350153,22.70643868350421,22.493410638523674,22.531002044677734,11435268
2017-10-05,22.480874857012303,22.556062698364258,22.39942430127313,22.556062698364258,14340408
2017-10-06,22.549800788138956,22.643784344083432,22.51847209642626,22.58739471435547,12711345
2017-10-09,22.593649660194192,22.65003926424354,22.512196610349328,22.643774032592773,10278081
2017-10-10,22.794157839537892,22.875610927581715,22.57486203295592,22.80668830871582,18697433
2017-10-11,22.787890212019278,22.85681282364769,22.681376196804507,22.838014602661133,18163687
2017-10-12,22.85681318821158,22.93199851577687,22.731500950011533,22.775360107421875,14750098
2017-10-13,22.787892690193942,22.863080543930064,22.71270483645782,22.769094467163086,13458842
2017-10-16,22.775359574888455,22.85681265377362,22.480875947963636,22.543533325195312,14315006
2017-10-17,22.512202222676223,22.762826666342647,22.399422986461495,22.681373596191406,14776764
2017-10-18,22.71269919832986,22.73776264975145,22.424483362543256,22.449546813964844,15196572
2017-10-19,22.487136605236504,22.794150637446418,22.455810442189566,22.706432342529297,20858028
2017-10-20,22.744029840341767,22.81921768188477,22.574858456466632,22.819217681884766,18447319
2017-10-23,22.74403344363253,23.04478233825833,22.74403344363253,22.80668830871582,15978008
2017-10-24,22.838021899927465,22.888146306585206,22.549805931846908,22.725242614746094,15826126
2017-10-25,22.68137639764443,22.775359945829294,22.505939769247785,22.656312942504883,17523488
2017-10-26,22.612449892024873,22.69390295821218,22.305438364384973,22.39315414428711,18374277
2017-10-27,22.261572230180224,22.399414868482,22.18011918954913,22.305431365966797,15746865
2017-10-30,22.198926932292796,22.223990388858027,21.94203972826528,22.02349281311035,26679586
2017-10-31,21.96082918882472,22.142531009894032,21.365599345927958,21.96709442138672,24794085
2017-11-01,21.93576506305525,22.386884414537292,21.86684247652798,22.092403411865234,16557497
2017-11-02,22.09867684334835,22.249050016305812,21.94830367039089,22.217723846435547,13880021
2017-11-03,22.211450236714157,22.28037030363297,22.12999718737992,22.274105072021484,9358255
2017-11-06,22.29916990886834,22.311702893481556,22.004688856333285,22.130001068115234,11200542
2017-11-07,22.117474134235746,22.192659457955596,22.079880212779173,22.155065536499023,11480906
2017-11-08,22.161326748712373,22.17385721243523,21.94829626946112,22.142528533935547,14302148
2017-11-09,22.180468965652164,22.287958796880062,22.02872175606358,22.256343841552734,14088713
2017-11-10,22.19311762165188,22.250022510415977,22.003432964296422,22.24370002746582,15858589
2017-11-13,22.268991951514362,22.433384130796604,22.218407004737003,22.3195743560791,25072657
2017-11-14,22.287954178285112,22.572481090632664,22.268986734346754,22.37015151977539,17278538
2017-11-15,22.306927207657456,22.446029458004666,22.275314793178087,22.35750961303711,13646138
2017-11-16,22.344862681931296,22.496609884723522,22.287957798660766,22.483964920043945,13625901
2017-11-17,22.363834381103516,22.439706717194614,22.237377098001506,22.363834381103516,15649265
2017-11-20,22.370152924964064,22.414412839145797,22.3006005417304,22.35118293762207,12455540
2017-11-21,22.382799364407532,22.59145144344361,22.370154400153794,22.4713191986084,13333100
2017-11-22,22.41441523769835,22.44602764963085,22.33221788224893,22.40176773071289,11122967
2017-11-24,22.45235367648601,22.483968635621903,22.363836366888656,22.439708709716797,6742754
2017-11-27,22.458678702083475,22.540873528296224,22.37015885027326,22.439708709716797,10848611
2017-11-28,22.50293127182772,22.692615901639012,22.458673897603248,22.667325973510742,13687033
2017-11-29,22.72423744814258,23.02141198537023,22.68630000272915,22.894954681396484,16122827
2017-11-30,22.894950214909024,23.065667414858368,22.812752856251002,22.926565170288086,24063663
2017-12-01,22.94553538151552,23.07831515944315,22.76849567761201,22.98347282409668,19588485
2017-12-04,23.071991893307352,23.15418671686298,22.79378738010103,22.80010986328125,14847487
2017-12-05,22.711585179765287,22.88229981592988,22.45234817128286,22.528223037719727,23525912
2017-12-06,22.496609884723522,22.686294523766914,22.452349966132566,22.483964920043945,18317677
2017-12-07,22.483969013592827,22.534551423732864,22.224734479401736,22.44603157043457,16661421
2017-12-08,22.3322194233431,22.616746403644903,22.3322194233431,22.597776412963867,15705759
2017-12-11,22.787464829022927,22.926569642943182,22.566167724835193,22.894954681396484,15138497
2017-12-12,22.989796352957416,23.28064585561799,22.920243948026897,23.12889862060547,23700139
2017-12-13,23.122570146344433,23.26799485999819,23.059340241477706,23.16683006286621,16639709
2017-12-14,23.223737681464726,23.32490249052364,22.977145599394426,23.053020477294922,15585393
2017-12-15,23.255351381826586,23.539878345269937,23.211091462476787,23.52090835571289,39820015
2017-12-18,23.533553214678506,23.615750570559925,23.432388411537904,23.476648330688477,17670415
2017-12-19,23.52090805257103,23.53987804188359,23.31857844798675,23.356515884399414,14817659
2017-12-20,23.388129860632308,23.482972186901616,23.027730546136503,23.053020477294922,15914557
2017-12-21,23.103600265211035,23.141537699864656,22.882300681575202,22.913915634155273,15566948
2017-12-22,22.932880545463338,23.002430375087016,22.793778344004217,22.850683212280273,9063557
2017-12-26,22.819079790569628,22.932892126809914,22.73055993200931,22.894954681396484,11480590
2017-12-27,22.958175781477408,23.053018097957896,22.907593382168635,22.970823287963867,8768964
2017-12-28,22.98979796875426,23.097285283332727,22.920245558935378,22.99612045288086,6939431
2017-12-29,22.90759811820982,23.071992856610454,22.90127563476562,22.901275634765625,12038261
2018-01-02,23.00243731815369,23.090957158729438,22.913917477577943,23.040374755859375,17059833
2018-01-03,23.046699172802757,23.249028801264995,22.907596917681783,23.21109390258789,14183151
2018-01-04,23.21109628337486,23.343873526789338,23.14154387757393,23.26167869567871,13046517
2018-01-05,23.280642432782575,23.318579871511197,23.14786266833869,23.30593490600586,13167517
2018-01-08,23.217418660901906,23.26800107297431,22.970829084272307,23.046701431274414,19964341
2018-01-09,23.040373620517983,23.166830892568083,22.989791220140425,23.021406173706055,16876226
2018-01-10,22.977144075425734,23.147861268272653,22.958176628314945,23.059341430664062,18755825
2018-01-11,23.166833397668476,23.204768295394352,23.027731146035542,23.11625099182129,15102555
2018-01-12,23.16051461784749,23.268001929682317,23.053024763799566,23.103607177734375,20240700
2018-01-16,23.122574984590944,23.38180951370821,23.059345066493773,23.141542434692383,30536699
2018-01-17,23.280636784644543,23.628391047160616,23.24902183633872,23.508258819580078,25332363
2018-01-18,23.50193867317151,23.50193867317151,23.204764230882642,23.388126373291016,19946528
2018-01-19,23.51458557020433,23.571490453717104,23.0783114069898,23.356515884399414,31133684
2018-01-22,23.324902457694833,23.438712232172772,23.223737648778304,23.350194931030273,21380495
2018-01-23,23.28064155578613,23.445036270013116,23.10360187653015,23.280641555786133,18527212
2018-01-24,23.388129827714508,23.438712232172772,23.223737648778304,23.350194931030273,18673191
2018-01-25,23.375484129220578,23.60942869583451,23.331224208930777,23.539878845214844,18988232
2018-01-26,23.5841349473753,24.715922823719712,23.5841349473753,24.665340423583984,51441419
2018-01-29,24.659020225998006,24.93089969858747,24.513592952145032,24.67166519165039,36779014
2018-01-30,24.15951512997446,24.500946984108637,23.615751122616757,23.900278091430664,48483684
2018-01-31,23.976149570559997,24.020409484476016,23.28696093513183,23.419740676879883,35859926
2018-02-01,23.362315570577348,23.866447317954655,23.362315570577348,23.50270652770996,29697926
2018-02-02,23.355933167345533,23.770724957574192,23.298501089502114,23.362314224243164,25588907
2018-02-05,23.279356348566782,23.41974472237465,21.696767108702222,22.12432098388672,42463657
2018-02-06,21.7988729242597,22.641218707781306,21.696770871547688,22.51358985900879,56035067
2018-02-07,22.417864531326313,22.749697421391826,22.31576249834685,22.3221435546875,30955980
2018-02-08,22.334908698826034,22.443391790408068,21.44151076009896,21.460655212402344,45850792
2018-02-09,21.818015822664325,21.971168881796192,21.18625528437778,21.798870086669922,49851776
2018-02-12,21.983931013695585,22.25195079172434,21.715913801431505,22.11794090270996,38743670
2018-02-13,22.060505613795634,22.35404957607338,21.95840358915679,22.29661750793457,21559570
2018-02-14,22.14346790411494,22.55187867907747,22.054130532676727,22.456157684326172,24494749
2018-02-15,22.57102246182379,22.800750776710128,22.385958980139087,22.787988662719727,22588379
2018-02-16,22.819892939203083,23.39421876799239,22.76884192547277,23.13896369934082,27659595
2018-02-20,22.985814117360707,23.285741788127392,22.89647417847404,22.979433059692383,27202370
2018-02-21,22.953910430374375,23.349556559532846,22.800754772589606,22.819900512695312,25872327
2018-02-22,22.89008776806881,23.068767604058728,22.724172610195634,22.80712890625,23983454
2018-02-23,22.928376022659453,23.164487923323794,22.864562896937656,23.13896369934082,17940029
2018-02-26,23.158104595548274,23.74519247873651,23.107053586825998,23.668617248535156,25407302
2018-02-27,23.6558587064382,23.764344373149004,23.445273561570655,23.483562469482422,23543093
2018-02-28,23.630335423761935,23.789869553051485,23.170873641967777,23.170873641967773,28360927
2018-03-01,23.049622440433605,23.14534340631943,22.462531968106777,22.7369327545166,30282896
2018-03-02,22.68588036819747,23.017713200865177,22.59015940811571,22.94113540649414,22271336
2018-03-05,22.85818154889606,23.15172551553601,22.82627370356064,23.049623489379883,22319609
2018-03-06,23.126201896789855,23.126201896789855,22.813514719536858,22.89647102355957,18003479
2018-03-07,22.717793920035188,23.02410004297816,22.685886070066864,22.92837905883789,23440328
2018-03-08,22.96666999916103,23.29212188720703,22.928381088961807,23.29212188720703,21646630
2018-03-09,23.36231256193097,23.56013557474067,23.311261544617647,23.464414596557617,19300743
2018-03-12,23.56013725112868,23.611188272074465,23.292120032604483,23.362314224243164,26571656
2018-03-13,23.48356228484049,23.585664327959226,23.24745034796663,23.4516544342041,29560695
2018-03-14,23.50908687993521,23.604807867574724,23.087916586933204,23.196399688720703,23378458
2018-03-15,23.196401956368398,23.489946005057384,23.196401956368398,23.34317398071289,20508310
2018-03-16,23.381458569650498,23.63671365919335,23.36869389084992,23.47079849243164,34125253
2018-03-19,23.48355690058847,23.48355690058847,23.024095246133633,23.183631896972656,20003761
2018-03-20,23.209156119017827,23.324020249749445,23.04962203394298,23.183631896972656,20295824
2018-03-21,23.2857442983936,23.4388973962389,23.100683343001865,23.145353317260742,19071392
2018-03-22,22.992183045395045,23.062379774244118,22.63482604413878,22.717784881591797,22094686
2018-03-23,22.647593667692195,22.65397472354803,21.97754688212937,22.00945472717285,29385731
2018-03-26,22.290231119616465,22.430624593274164,21.90096623683606,22.360427856445312,24926468
2018-03-27,22.449768777484064,22.692261708351587,22.194511170218387,22.341285705566406,28835227
2018-03-28,22.44977221430653,22.851799286938114,22.411483310778642,22.526350021362305,26349684
2018-03-29,22.666744003821183,22.76246499262478,22.3795810374104,22.647598266601562,24804731
2018-04-02,22.60292364714029,22.807127697007825,22.181750869965267,22.366811752319336,28323299
2018-04-03,22.40510384382155,22.807130944971476,22.283858634107784,22.768844604492188,21347927
2018-04-04,22.53911170453782,23.119818605392997,22.488060689394754,23.056005477905273,22010682
2018-04-05,22.762464390525036,22.97304953401673,22.673124461236206,22.800750732421875,25781789
2018-04-06,22.69226583132945,22.89008884515632,22.264711955529105,22.443391799926758,22288200
2018-04-09,22.52635216642005,22.928379277334415,22.475301145443062,22.628454208374023,20457297
2018-04-10,22.97304324844275,23.0368563665759,22.79436343875305,22.94113540649414,20667254
2018-04-11,22.800746134239727,23.017714856723334,22.711406222967902,22.839035034179688,13879915
2018-04-12,22.99219091464546,23.29211852983646,22.95390457572984,23.1772518157959,23817976
2018-04-13,23.234686455698466,23.29211852983646,23.056006611033965,23.1772518157959,17774340
2018-04-16,23.29211514936055,23.43888712452921,23.22191840667404,23.31125831604004,15932369
2018-04-17,23.45164905726783,23.470794789565886,23.145342998140723,23.183631896972656,17675580
2018-04-18,23.215541236897064,23.34955112337644,23.151728104853632,23.285737991333008,14652497
2018-04-19,23.22191840667404,23.413360336525695,23.145343174191893,23.31125831604004,16636652
2018-04-20,23.2921174320091,23.47717832443706,23.272971697689115,23.375076293945312,22371993
2018-04-23,23.40060359663439,23.54099454846768,23.35593363169813,23.483562469482422,25381058
2018-04-24,23.553748422201448,23.783479223535593,23.464408523584623,23.64946937561035,27106350
2018-04-25,23.56012779384057,23.636705577402473,23.298491737237526,23.40697479248047,27730213
2018-04-26,23.48356140638534,23.675003371512844,23.45165355694253,23.515466690063477,20405651
2018-04-27,23.47079481358346,23.681379908728314,23.419741237912522,23.611183166503906,14425149
2018-04-30,23.694147143273145,23.726054993526038,23.2283043320987,23.362314224243164,28295789
2018-05-01,22.7050264176027,23.004954012178732,22.105176359979424,22.59016227722168,51278154
2018-05-02,22.44338929712823,22.5710181097174,22.168988504655445,22.26470947265625,29550260
2018-05-03,22.220049705875002,22.258338623786138,21.964794529409858,22.181760787963867,23517902
2018-05-04,22.054126072222676,22.328524320118262,21.932878306036432,22.232803344726562,19795912
2018-05-07,22.2009000653324,22.41786626071008,22.149849044904435,22.290237426757812,21580018
2018-05-08,22.27747359453842,22.392340305963703,22.14984733619635,22.3221435546875,28269650
2018-05-09,22.347670821251523,22.596544852654215,22.25194984257629,22.443391799926758,20430209
2018-05-10,22.552931452738367,22.752685520636295,22.482049472691163,22.578704833984375,30906653
2018-05-11,22.63670337089582,22.91378283561482,22.59804328905587,22.875120162963867,21619964
2018-05-14,22.88155804473514,23.145750752405736,22.868671353866443,23.107088088989258,21485052
2018-05-15,22.881561051515856,23.055541764346962,22.862231012672726,22.997549057006836,19345643
2018-05-16,23.023324675203806,23.1199800604157,22.920225943085914,22.991107940673828,21870711
2018-05-17,22.9588895509078,23.055544940058404,22.836458182271866,23.010438919067383,13021432
2018-05-18,22.945996273244305,23.036208289344046,22.83000828505449,22.9653263092041,15734639
2018-05-21,23.0104334307062,23.113532142434654,22.88800468208259,23.06842613220215,17802903
2018-05-22,23.06842557532293,23.255292957373637,22.997546184274597,23.016876220703125,14477322
2018-05-23,22.991101606844225,23.21662904966733,22.958882290379382,23.177968978881836,20358642
2018-05-24,23.171526989139846,23.255295671728405,23.049098229181837,23.126420974731445,17523066
2018-05-25,23.081319978979725,23.145756038850664,22.900895902367928,22.991107940673828,15005376
2018-05-29,22.79135507258865,23.023325937163253,22.759135745481682,23.003995895385742,28179639
2018-05-30,23.165085962071686,23.358396731514972,23.132869227705115,23.229524612426758,29093773
2018-05-31,23.165083576574855,23.32617759506241,23.126420908505413,23.152196884155273,30926468
2018-06-01,23.364840559905097,23.377727252488363,23.268182593098423,23.358394622802734,22345011
2018-06-04,23.461496968923264,23.558152349174996,23.34550895813468,23.48727035522461,19015319
2018-06-05,23.525931437988838,23.609700119437296,23.416386781167517,23.480825424194336,21476093
2018-06-06,23.455052068476245,23.564596737532423,23.319734011979293,23.44216537475586,19368093
2018-06-07,23.513046264648438,23.577482321027144,23.435720924345315,23.513046264648438,17083337
2018-06-08,23.538814399672297,23.65480238425157,23.487265047907155,23.629026412963867,16453783
2018-06-11,23.712795133563116,23.712795133563116,23.377723050943725,23.390609741210938,19505640
2018-06-12,23.44860243822366,23.455045783357267,23.29395438258631,23.390609741210938,16371887
2018-06-13,23.435722847009526,23.52593488782721,23.326180764935646,23.339067459106445,16029232
2018-06-14,23.339064355804695,23.4486064233132,23.229522288296188,23.30040168762207,19959387
2018-06-15,23.319730858452857,23.448605550661895,23.21663214100987,23.429275512695312,49156979
2018-06-18,23.281071648936113,23.339064355804695,23.02332225492577,23.30040168762207,24143451
2018-06-19,23.126424051233037,23.429279499924128,23.11353735706224,23.339067459106445,18484630
2018-06-20,23.384173205464784,23.571040631995555,23.332623838574676,23.493715286254883,21354251
2018-06-21,23.37127970581012,23.429272402822843,23.29395438258631,23.390609741210938,16893090
2018-06-22,23.51304943185957,23.60970482485255,23.455054123414833,23.525936126708984,27018447
2018-06-25,23.403502702783733,23.493714740448368,23.287517277678322,23.44216537475586,20424517
2018-06-26,23.455052068476245,23.57748343125281,23.390616009063347,23.44216537475586,25435023
2018-06-27,23.39061906289756,23.55171052786708,23.31329629966916,23.332626342773438,29396165
2018-06-28,23.268181499731362,23.51304419217172,23.268181499731362,23.429275512695312,16506167
2018-06-29,23.487269578323943,23.57103826265414,23.377727508544922,23.377727508544922,20974705
2018-07-02,23.19730117115865,23.43571791722183,23.19730117115865,23.409944534301758,14556372
2018-07-03,23.448607782771155,23.571039140645762,23.351952402116254,23.422834396362305,9608159
2018-07-05,23.54526446376068,23.783681255263875,23.525934422886504,23.75790786743164,20391106
2018-07-06,23.841673697226515,23.996324385703023,23.764350943799233,23.912555694580078,18955452
2018-07-09,24.01565403306739,24.144528741083654,23.848119244376083,23.944774627685547,22329412
2018-07-10,24.03498284042507,24.16385754183014,23.970546785127933,24.118751525878906,20253875
2018-07-11,24.002756175289232,24.10585485742436,23.944763490439435,23.976980209350586,17795314
2018-07-12,24.105861255136606,24.20251661914191,23.9769865728594,24.176740646362305,16974881
2018-07-13,24.163860574204318,24.221855881141572,23.983436487757576,24.18319320678711,15227243
2018-07-16,24.150966729731696,24.196072737989628,24.028535395657208,24.086530685424805,17888699
2018-07-17,24.138082641849763,24.337836732470002,24.13163670499469,24.26051139831543,15740014
2018-07-18,24.221849096481563,24.31205852362571,24.150967114884256,24.266952514648438,20803430
2018-07-19,24.131641168696486,24.228296558863022,24.041431716577353,24.07364845275879,16596811
2018-07-20,23.970546881226934,24.0543155670166,23.9189975186204,24.0543155670166,15532798
2018-07-23,24.06074886013903,24.17029088605639,23.93187421206525,23.976980209350586,20853074
2018-07-24,24.08008885194971,24.324951561817574,24.01565279666442,24.29273223876953,17804800
2018-07-25,24.27340344621926,24.531150271410272,24.2025214500349,24.47960090637207,17171030
2018-07-26,24.51181529442672,24.72445605853236,24.51181529442672,24.58913803100586,24840567
2018-07-27,24.550480489064686,24.795340622467414,24.531150448589845,24.750234603881836,22111971
2018-07-30,24.718017633601118,24.924215093273205,24.602029619427377,24.866222381591797,21981486
2018-07-31,24.621361980517886,25.76833987128464,24.576255962857907,25.729677200317383,50837371
2018-08-01,25.53635601952579,25.98097007725541,25.47836333213668,25.948753356933594,32734605
2018-08-02,25.7473033893363,26.13721689376148,25.68881688624671,25.76679801940918,31879284
2018-08-03,25.747308005551275,26.423158549443773,25.66282603434686,26.34517478942871,27368375
2018-08-06,26.228191827050395,26.787066519218826,26.208694587996472,26.670093536376953,27479572
2018-08-07,26.546623102741435,26.80656716208421,26.507633845423694,26.540124893188477,18928575
2018-08-08,26.45564827473003,27.060015852269878,26.37116892064615,26.91054916381836,25837440
2018-08-09,26.839062681810557,26.884552769131627,26.520634683434256,26.644105911254883,20121282
2018-08-10,26.520628801113197,26.84555493805602,26.449143274233766,26.598609924316406,18194148
2018-08-13,26.611611954877773,26.780573251586606,26.52063179016113,26.520631790161133,19860627
2018-08-14,26.54012847622797,26.670100523446184,26.3451717118362,26.455646514892578,17336824
2018-08-15,26.514144637606957,26.800081670856677,26.41666622231146,26.748090744018555,22428488
2018-08-16,26.79357175643196,26.949539258295047,26.689595163770637,26.91704559326172,16457472
2018-08-17,26.956045193560513,27.41744178232711,26.949546981265865,27.35245704650879,25910693
2018-08-20,27.42393967320205,27.794356024466282,27.352454119866003,27.508419036865234,22521029
2018-08-21,27.50841257162574,27.579898108160705,27.287462977690666,27.397937774658203,18633244
2018-08-22,27.39144295075349,27.514914183128898,27.170490716633044,27.339454650878906,15001687
2018-08-23,27.365449623049745,27.50191990066284,27.26797122659346,27.423938751220703,21032148
2018-08-24,27.573400823453486,27.61239008519454,27.29396210374966,27.553903579711914,21661703
2018-08-27,27.631884657474977,27.696869366965032,26.845556869578413,27.021018981933594,24485896
2018-08-28,27.04051903578781,27.150996460816916,26.85206307917154,26.969036102294922,19871694
2018-08-29,26.969036102294925,27.047019859624726,26.754584688944945,26.969036102294922,15785020
2018-08-30,26.79357395473853,27.235478429112316,26.774079321841736,26.969036102294922,16015425
2018-08-31,26.832560393313504,27.021018924592614,26.702590974609198,26.982027053833008,20983559
2018-09-04,26.956037542648257,27.00152762867122,26.787073619456937,26.884552001953125,15274779
2018-09-05,26.83256481616169,27.241975607315116,26.813070184003955,27.19648551940918,21819908
2018-09-06,27.196491073758896,27.235482958908914,26.93654952754503,27.1510009765625,18356780
2018-09-07,27.027524341143195,27.52141714767699,26.943042367448687,27.423938751220703,21221658
2018-09-10,27.54091143448729,27.7618610701369,27.32646001013661,27.332958221435547,21482206
2018-09-11,27.293955993806918,27.57339465095645,27.261462336758925,27.495410919189453,19658786
2018-09-12,27.488922794915975,27.807350821896772,27.475926372477108,27.560405731201172,17508205
2018-09-13,27.618899922960253,27.8918379085878,27.573409823210348,27.84634780883789,18666129
2018-09-14,27.78135353908199,27.94381663222941,27.61889044593457,27.917823791503906,16800655
2018-09-17,27.956815592977026,28.060792181351466,27.774855256886262,27.9503173828125,16904263
2018-09-18,27.943822403405054,28.385724302842696,27.833347581763526,28.275249481201172,20464991
2018-09-19,28.216758116912867,28.38571942610892,27.937319392184026,28.112781524658203,23783088
2018-09-20,28.18426261314946,28.515689612381973,28.171266193183342,28.43120765686035,18419809
2018-09-21,28.450703405354435,28.72364388753274,28.34022861570308,28.63266372680664,37092579
2018-09-24,28.55468546674853,28.892610723083596,28.483199921225253,28.548187255859375,18089591
2018-09-25,28.678156345060756,28.78213555661641,28.43771209364761,28.45720672607422,15318520
2018-09-26,28.48969850397771,28.795130068970376,28.35972645780439,28.385719299316406,18384817
2018-09-27,28.45720930723087,28.710652616121095,28.385723756106852,28.5286922454834,14887434
2018-09-28,28.548181902468603,28.684652144163646,28.418209870444162,28.639162063598633,15454591
2018-10-01,28.613168932606218,28.931599522386403,28.53518779736383,28.769136428833008,16872537
2018-10-02,28.73014844114504,28.847121466267236,28.67815752678922,28.73664665222168,18167693
2018-10-03,28.775630859660783,29.139548873027554,28.775630859660783,29.120054244995117,23957631
2018-10-04,28.938093940959465,29.107055222572264,28.782129078039038,29.048568725585938,18960406
2018-10-05,29.055069391089486,29.24352792954276,28.983586469368014,29.185041427612305,18112568
2018-10-08,29.081064112411617,29.451480357239088,29.048570450880117,29.425487518310547,24679621
2018-10-09,29.237031864313167,29.769913856413822,29.10705981825632,29.548961639404297,21486844
2018-10-10,29.535961471120707,29.717921789938845,28.905601177675653,28.925098419189453,33746234
2018-10-11,28.827624332065305,28.912103681603853,27.553904524020584,27.82034683227539,44299198
2018-10-12,27.794345066910463,28.56767374830416,27.709863123681604,28.450700759887695,30417070
2018-10-15,28.366216708969315,28.40520857316778,27.930813219972215,28.021793365478516,24002742
2018-10-16,28.171270121318095,28.580678310305153,27.969815132269147,28.548187255859375,22353654
2018-10-17,28.444206713970093,29.113558922989363,28.431207681121958,28.964092254638672,23154167
2018-10-18,28.81462137756539,28.918600570237125,28.405213267990284,28.593671798706055,22498368
2018-10-19,28.626169916185912,29.13305913398217,28.580679824680203,28.918607711791992,19564875
2018-10-22,28.879611789240023,28.92510187437848,28.606671278409262,28.834121704101562,18026878
2018-10-23,28.522192525261513,28.801631277834026,28.39222307842839,28.658662796020508,23073114
2018-10-24,28.4701972571335,28.78212960151834,27.52790724025604,27.60588836669922,36927206
2018-10-25,27.547402613069707,28.554679977552222,27.073007180643724,28.210256576538086,38600642
2018-10-26,27.97631118224946,28.12577785976898,27.410935524107533,27.683876037597656,30295333
2018-10-29,27.91133066479943,28.385723610279893,27.657884744339754,28.09328842163086,31847559
2018-10-30,27.261473402838693,28.002311316737483,27.15099858204981,27.872339248657227,35424202
2018-10-31,27.950314204946686,28.372718720582863,27.75535747069285,27.982805252075195,28193235
2018-11-01,28.07378939889228,28.48319755385148,28.002306472181573,28.379220962524414,24278152
2018-11-02,28.437715512257665,28.489703817849584,27.605897397043808,27.898332595825195,24223028
2018-11-05,27.833345827937887,28.34673324752703,27.833345827937887,28.28174591064453,21628396
2018-11-06,28.32073365228757,28.327231862452095,27.742361593192626,27.9503173828125,22194183
2018-11-07,28.19076080899627,28.95759139254757,28.13227430630714,28.853614807128906,36794929
2018-11-08,28.722649049549332,28.945306345932373,28.46724996916474,28.716100692749023,25696520
2018-11-09,28.630964993399825,29.21380030850345,28.630964993399825,28.99769401550293,26042654
2018-11-12,28.997699684695245,29.174513240890587,28.748846295025032,28.886369705200195,21853847
2018-11-13,29.03043630345347,29.115570204073343,28.38866313662124,28.499990463256836,20159015
2018-11-14,28.657161070195876,28.716098910775788,27.969546786350126,28.10051918029785,28398871
2018-11-15,27.962991533072188,28.414854385697396,27.733788562095796,28.29697608947754,25936305
2018-11-16,28.22494108140148,28.670252938249963,28.100514431839134,28.493436813354492,24604576
2018-11-19,28.56547316142388,28.991139940099178,28.493435989278087,28.932199478149414,23671575
2018-11-20,28.82087021629268,29.069720858270486,28.42139951819761,28.50653076171875,22968557
2018-11-21,28.48688863192642,28.48688863192642,28.008832362689382,28.22494125366211,19665848
2018-11-23,28.12671085427901,28.519633240938813,28.02848025761406,28.251134872436523,8844009
2018-11-26,28.369013884626128,28.480341194848585,28.080870442728248,28.382110595703125,20147948
2018-11-27,28.29042615825824,28.912554115613315,28.139806093450936,28.860164642333984,19765873
2018-11-28,29.00424242158192,29.41680993912038,28.87981575085968,29.40371322631836,19892669
2018-11-29,29.312029565061266,30.012740528849697,29.27273679550503,29.80318260192871,26065315
2018-11-30,29.69839995280652,30.294331879177495,29.652558832852296,30.274686813354492,45054495
2018-12-03,30.366375821769637,30.372924178503567,29.96690499672425,30.117525100708008,26771178
2018-12-04,30.274696839870366,30.43186531760782,29.541241310727493,29.56088638305664,28703898
2018-12-06,29.194153062634427,29.462648819768738,28.565476666641672,29.456100463867188,32188528
2018-12-07,29.3513236735689,29.429906583231965,28.60476891704661,28.761940002441406,27963885
2018-12-10,28.906013510971917,29.181057661175835,28.205299839302956,29.076278686523438,26187895
2018-12-11,28.866714380943844,29.148309458963197,28.532729827134137,28.820873260498047,23904931
2018-12-12,29.043526440966435,29.37095996055335,28.912551453311544,28.919099807739258,20180938
2018-12-13,29.115565820061004,29.40370926105371,28.951849033010873,29.187602996826172,23613921
2018-12-14,28.86671600884745,28.89291206473688,28.441049190141175,28.683351516723633,33024982
2018-12-17,28.48689782360661,28.794689054543298,28.146364805468504,28.23149871826172,38651866
2018-12-18,28.467250396311258,28.486895467006956,27.530782699125375,27.766536712646484,31125779
2018-12-19,28.0481220383289,28.152900978093754,27.216436241782542,27.48493194580078,36937957
2018-12-20,27.314673364867325,27.773081994319742,27.19679768767604,27.47184181213379,34494680
2018-12-21,27.268829301014325,28.074319152127906,27.144405281053444,27.458742141723633,61928192
2018-12-24,27.380156939131442,27.478387538400792,26.535374312021837,26.55501937866211,19778205
2018-12-26,26.627056290138285,27.635558327992946,26.469887859481886,27.62900733947754,25437131
2018-12-27,27.380158115172605,28.06122398376465,27.01998011339251,28.06122398376465,28894672
2018-12-28,28.172555404333167,28.513088356426554,28.03503202565491,28.133262634277344,25480977
2018-12-31,28.296970150265356,28.637502990592186,28.22493562300073,28.585113525390625,20534028
2019-01-02,28.238041534211483,28.486892233281125,27.92370200752114,28.32317543029785,26430315
2019-01-03,28.316620480050247,28.38210665938694,27.471835338135413,27.530773162841797,28503533
2019-01-04,27.79273175625844,28.388663808635634,27.674853437294125,28.15945816040039,27145348
2019-01-07,28.20529489624946,28.56547552065826,28.067774161765627,28.310073852539062,20995469
2019-01-08,28.526189206482115,28.61787147223277,28.25769076635025,28.441055297851562,19677231
2019-01-09,28.46069612823309,28.598216860609536,28.290428352096164,28.382110595703125,20107580
2019-01-10,28.303525885573606,28.310074241302377,27.52422942530483,27.70759391784668,39731162
2019-01-11,27.720692831412517,28.080873489379886,27.60281715286257,28.080873489379883,21064506
2019-01-14,27.86476670933694,27.917156196388962,27.615915987581218,27.746891021728516,17605173
2019-01-15,27.89750922938219,28.316627730336997,27.786181906095095,27.982643127441406,25865371
2019-01-16,27.890957692711098,28.02193006998452,27.52422871706391,27.576618194580078,30169380
2019-01-17,27.471837402690017,27.936796946720545,27.393254508187077,27.81237030029297,24177284
2019-01-18,28.067774399911873,28.080871111300688,27.674849360940964,27.851665496826172,38618455
2019-01-22,27.773076812417624,27.956441283200135,27.458739976533675,27.681394577026367,29444122
2019-01-23,27.49803814114075,27.63556152124347,27.20989466845913,27.609365463256836,24462813
2019-01-24,27.360515273870362,27.367063630231193,26.600863807464947,26.816972732543945,34394023
2019-01-25,26.915200424238567,27.013431025063507,26.52882637658925,26.61396026611328,35862455
2019-01-28,26.522283107417817,26.541928178136747,25.854313840490548,25.88705825805664,39329694
2019-01-29,25.86741243778982,26.7514880791358,25.84776736564047,26.699098587036133,51376808
2019-01-30,26.69909030955732,27.34086599662029,26.67289688814556,27.229536056518555,36067880
2019-01-31,27.33523319683427,28.154366186397834,27.315416555615307,28.04206657409668,40927452
2019-02-01,28.31951026673354,28.484659552723247,28.10812215542025,28.32611846923828,27239681
2019-02-04,28.299698517935425,28.299698517935425,27.718378455332825,28.035463333129883,19426485
2019-02-05,28.02884792863192,28.22702491155094,27.784429472629824,27.81745719909668,21127641
2019-02-06,27.691954541996985,27.989220102420077,27.606077116266693,27.96279525756836,16450410
2019-02-07,27.817460080513275,27.843884920453398,27.222929070172885,27.546619415283203,24248008
2019-02-08,27.434316449759002,27.903334060790733,27.407891613066653,27.896728515625,27500125
2019-02-11,27.929761202189287,27.949577839321712,27.421104966131065,27.53340721130371,27102134
2019-02-12,27.55322433543697,27.751401334382518,27.341836244836298,27.658918380737305,30540177
2019-02-13,27.6919493948795,27.784432350625305,27.341836865858813,27.546619415283203,24757195
2019-02-14,27.546625466666516,27.824071738822983,27.4937784312067,27.72498321533203,19864949
2019-02-15,27.9958240168334,28.081701437555086,27.797646988109555,28.009035110473633,19168993
2019-02-19,27.903336593177702,28.312904334888454,27.870306208321928,28.141149520874023,24432985
2019-02-20,28.094910539103157,28.114727178158393,27.69855650975927,27.876916885375977,27354884
2019-02-21,27.758012210921123,27.956189247925035,27.65231814532306,27.837284088134766,19611883
2019-02-22,27.94297165194215,28.491261149674568,27.8901246314396,28.37896156311035,24779329
2019-02-25,28.431812601017377,28.649806259389113,28.3657544800626,28.458234786987305,25274815
2019-02-26,28.378969863466228,28.55732761381778,28.27327579154745,28.41860580444336,16548959
2019-02-27,28.39217268733049,28.550713749022975,28.279873100635346,28.359142303466797,16475074
2019-02-28,28.372355856627564,28.92064535125017,28.319506180395194,28.6365909576416,39002427
2019-03-01,28.808349202518304,28.927254348154097,28.596958440455957,28.643199920654297,26667781
2019-03-04,28.69604044752797,28.79512893179095,28.326111345759852,28.451622009277344,22805820
2019-03-05,28.46485017825414,28.570544260886606,28.306306398274813,28.332731246948242,26529812
2019-03-06,28.286484071551936,28.31951180572077,27.493775955018464,27.65231704711914,22410359
2019-03-07,27.65231352716731,27.672130165146086,27.249353973360822,27.34183692932129,29046132
2019-03-08,27.302209041477084,27.37487272483817,26.648225267105186,27.01154899597168,31306119
2019-03-11,27.15026417558251,27.427710374192227,26.9520871811343,27.414499282836914,29161545
2019-03-12,27.546622035109312,27.691952028527247,27.328625716967412,27.566438674926758,24170539
2019-03-13,27.658917044718507,27.830671852057478,27.447528964328594,27.751399993896484,23715316
2019-03-14,27.744789379586432,27.79763639002909,27.170075152989842,27.2097110748291,32119596
2019-03-15,27.23614381284414,27.66552826320988,26.991725298762734,27.599470138549805,74768652
2019-03-18,27.592869113759786,27.79104617624847,27.513597226352097,27.619291305541992,18994345
2019-03-19,27.724983465357873,28.0288572420301,27.579656108555547,27.94297981262207,26403227
2019-03-20,27.876913103431487,28.009029324602526,27.599464258119134,27.857093811035156,23499035
2019-03-21,27.69855855807773,28.16757628800474,27.65892262100627,27.97600746154785,24262553
2019-03-22,27.876913551568222,28.154359745311137,27.63249508563424,27.645706176757812,19620105
2019-03-25,27.619289271060545,27.843891164817432,27.5268062945742,27.672136306762695,19823316
2019-03-26,27.876916171678303,28.20720941698886,27.830674692370053,28.02224349975586,20849279
2019-03-27,27.969397063324724,28.16757407709677,27.69195083766179,27.75800895690918,19455048
2019-03-28,27.863704524062104,27.98921787908465,27.784435307864207,27.936370849609375,16915541
2019-03-29,28.009029673886264,28.127937461658473,27.87030524950014,28.05527114868164,21681834
2019-04-01,28.12794188221095,28.365754839100187,28.10812258645269,28.299694061279297,20345046
2019-04-02,28.37236448238032,28.524300043658464,28.233640016161917,28.34593963623047,18625129
2019-04-03,28.398782571980647,28.451629600619366,28.10812258645269,28.299694061279297,16200402
2019-04-04,28.266660770872086,28.352538179606167,28.07509197173949,28.233633041381836,12990972
2019-04-05,28.392175276584684,28.590352285780643,28.332722705031863,28.398780822753906,15559043
2019-04-08,28.451629916350004,28.59035436407733,28.345935857899665,28.49787139892578,15410323
2019-04-09,28.392177025404553,28.405388118556736,28.12794188221095,28.299694061279297,18825072
2019-04-10,28.352542410615836,28.352542410615836,28.174184676663266,28.227031707763672,13202615
2019-04-11,28.26666761505822,28.293092461078363,27.738197254958948,27.923160552978516,20214877
2019-04-12,27.969397138576312,27.969397138576312,27.46734905647369,27.553226470947266,21338546
2019-04-15,27.65232087292122,27.824073082451992,27.394691230609833,27.804256439208984,18362788
2019-04-16,27.89012753963694,27.942974565650026,26.97190614661108,27.03135871887207,27506976
2019-04-17,27.018149960024846,27.084208084239403,26.020659269837658,26.34434700012207,42412117
2019-04-18,26.377382808630838,26.377382808630838,25.37989191354117,26.01405906677246,50579774
2019-04-22,25.78284728591121,26.093323934380198,25.637517282281646,25.74981689453125,31018904
2019-04-23,25.822480285370027,26.18580392507708,25.683755844599368,26.04047393798828,26672102
2019-04-24,26.09331988500787,26.185802841695352,25.86872069536378,26.007442474365234,21196994
2019-04-25,25.928172179620706,26.311315082409827,25.875325157445964,26.165985107421875,18130065
2019-04-26,26.205620139207063,26.417010898110163,26.060292810504077,26.403797149658203,20053193
2019-04-29,26.403802714563955,26.43683310861063,26.15277862548828,26.15277862548828,23229001
2019-04-30,26.687851793243105,27.203113618287887,26.29149776906859,26.826576232910156,34360400
2019-05-01,26.81336300731894,27.031356640861123,26.535914150056485,26.932268142700195,20703406
2019-05-02,26.958696439299324,27.09742088572277,26.806760899701267,27.09081268310547,20471210
2019-05-03,27.229534679352295,27.414500591273224,27.1040239934272,27.34183692932129,18664759
2019-05-06,27.02474913470791,27.592857899501634,26.97850766185192,27.513586044311523,25973406
2019-05-07,27.34183464015981,27.553222718354235,26.75390922365573,26.97190284729004,27603838
2019-05-08,26.952093273590066,27.104028826609717,26.71428029528924,27.05118179321289,23811968
2019-05-09,26.857911159940787,27.21779310111597,26.811259549085943,27.084505081176758,19732461
2019-05-10,27.077838640168142,27.204465208393994,26.571337726438944,27.137821197509766,17391527
2019-05-13,26.81125553892522,27.091165162188194,26.757939803006558,27.03784942626953,28010788
2019-05-14,27.051182022075338,27.237788467465393,27.031186943162346,27.09783363342285,26772759
2019-05-15,27.231112648872056,27.51768635528986,27.124481195225012,27.42438316345215,33520678
2019-05-16,27.424392392981986,27.977547599264977,27.424392392981986,27.750953674316406,25508486
2019-05-17,27.52435886689203,27.864248403623918,27.491038202223134,27.637657165527344,29187684
2019-05-20,27.59101029438527,27.797609169165554,27.51103532626952,27.717634201049805,24251591
2019-05-21,27.79760189691493,27.86424589985137,27.65098294678533,27.77094268798828,28785056
2019-05-22,27.784274366985667,28.130828014675807,27.690971152655223,27.984209060668945,25274604
2019-05-23,27.884241481227306,27.97754469477945,27.7576149258103,27.937557220458984,25495944
2019-05-24,28.030851304393043,28.197462600278563,27.90422479021816,27.95754051208496,15383341
2019-05-28,28.090841935378055,28.310769037519357,27.917563763132314,27.924230575561523,49440610
2019-05-29,27.790937711307766,27.884240922992003,27.511028076255055,27.80426597595215,26895761
2019-05-30,27.77761161427166,27.957551239772638,27.710964926675455,27.924230575561523,17344308
2019-05-31,27.784278762867554,27.977549354617892,27.624331518532294,27.67098045349121,22639288
2019-06-03,27.744286660899093,28.117496835520832,27.704299186578627,27.937557220458984,22643082
2019-06-04,28.31076301197776,28.490705278767585,28.017525151809522,28.14415168762207,18453537
2019-06-05,28.39074307815118,28.550690299983824,28.26411651945852,28.310768127441406,21418861
2019-06-06,28.524032069982603,28.717302623026892,28.310766440658742,28.464052200317383,24494222
2019-06-07,28.643991378621145,28.823933664497932,28.564019113465562,28.60400390625,20023470
2019-06-10,28.817270150204752,28.817270150204752,28.437393173914455,28.70397186279297,15275727
2019-06-11,28.790610956266505,28.85725495862357,28.357418241978678,28.437393188476562,18813162
2019-06-12,28.304100751153204,28.770616777519145,28.297436619288916,28.710634231567383,16296843
2019-06-13,28.7039728974323,28.750624504615953,28.23745950518266,28.324098587036133,14464042
2019-06-14,28.33742446794841,28.570679804655306,28.310765260549164,28.497371673583984,13197872
2019-06-17,28.4573843870622,28.590675065750663,28.22412904884069,28.577346801757812,14094931
2019-06-18,28.537360517192244,28.877250020254074,28.537360517192244,28.70397186279297,22833434
2019-06-19,28.77062008502489,29.050527053436305,28.717304344394766,28.99054718017578,21753611
2019-06-20,29.210473024100356,29.397079448105977,28.997210070714953,29.05718994140625,23500300
2019-06-21,29.023869513246517,29.3237715487032,28.863922296920315,29.10384178161621,38141203
2019-06-24,29.117172475445514,29.25712461378489,28.970553525178122,29.1638240814209,24624075
2019-06-25,29.223803952078743,29.517041852613527,29.1638240814209,29.1638240814209,28429015
2019-06-26,29.11050498354451,29.190479928944747,28.324097191846903,28.65065574645996,41009348
2019-06-27,28.67065061703453,29.030532509581786,28.663986484896746,28.943893432617188,21994977
2019-06-28,28.957215143640518,29.137157388985113,28.643984926530987,28.87057876586914,39726209
2019-07-01,28.997210197470764,29.243796493245586,28.883914587937866,29.170488357543945,21341392
2019-07-02,29.110503851753247,29.470388412475586,29.09717558790031,29.470388412475586,16541898
2019-07-03,29.57035298877824,29.696976842728183,29.31043579040155,29.59034538269043,10297580
2019-07-05,29.530370880042156,29.557030089682446,29.177153099726194,29.270456314086914,18295227
2019-07-08,29.190489035404063,29.237140654843497,28.64400055024753,28.857263565063477,23955312
2019-07-09,28.937227299152593,29.190477700806852,28.857252359856922,28.90390396118164,14223308
2019-07-10,29.090506921202167,29.397073019550465,28.950552133803278,29.363752365112305,15298599
2019-07-11,28.87059112875238,29.030538371114122,28.244127746684832,28.643997192382812,38383518
2019-07-12,28.597343458016105,28.650659201516838,27.997539333942584,28.25745391845703,33580967
2019-07-15,28.170802764491135,28.504028028336155,28.15081037408651,28.490699768066406,20363912
2019-07-16,28.517366498676815,28.63732892281239,28.31076767218354,28.557353973388672,19553386
2019-07-17,28.7173049812063,28.78394898857507,28.477382803256976,28.484046936035156,16341532
2019-07-18,28.56401958269217,28.697307586669922,28.357418085311835,28.697307586669922,13728877
2019-07-19,28.78394749675381,28.797275761619392,28.504037857055664,28.504037857055664,23552579
2019-07-22,28.544025277439758,28.670651832184586,28.35741885132604,28.53736114501953,12552086
2019-07-23,28.557350535447554,28.810600938685393,28.490706538675447,28.717300415039062,19586904
2019-07-24,28.65731920979783,28.65731920979783,28.23745745521277,28.58401107788086,18117838
2019-07-25,28.544024664082574,28.657320271965613,28.344089977424616,28.437393188476562,17514634
2019-07-26,28.4307266736219,28.770616148374053,28.277443605335485,28.717300415039062,21062187
2019-07-29,28.104172236301842,28.657324777721232,27.551019694882456,27.624330520629883,64559186
2019-07-30,26.544681306747393,26.817924164162537,25.724947375327723,25.851573944091797,95739668
2019-07-31,25.724940503484554,26.43804007512564,25.664960641497373,25.8848876953125,56309423
2019-08-01,25.770544238243335,25.979075967258293,25.346754299233144,25.730182647705078,51624920
2019-08-02,25.7301760923355,25.925254809689,25.393835901072702,25.5620059967041,29153640
2019-08-05,25.40055563393243,25.447643680947547,24.492432490340416,24.862407684326172,46030183
2019-08-06,25.017125954106945,25.09784909696464,24.53279250627141,24.855682373046875,31985843
2019-08-07,24.653876683452488,24.741326302200612,24.122455197969984,24.606788635253906,32017253
2019-08-08,24.687515895159187,24.855688701488205,24.62024839542119,24.8018741607666,23356429
2019-08-09,24.734597735118157,24.774959306671605,24.290625857340892,24.452072143554688,25391703
2019-08-12,24.425165774134857,24.431892252569874,23.395957775809674,23.806297302246094,44212665
2019-08-13,23.833199147223215,24.08881880739291,23.64484966923063,23.678482055664062,45549453
2019-08-14,23.49686047791747,23.53049557491459,23.005803207830883,23.0327091217041,38633421
2019-08-15,23.073072707091615,23.261424939234104,22.851088079677847,23.194154739379883,30713665
2019-08-16,23.35559978949236,23.550678490116347,23.20088266566225,23.30851173400879,30012334
2019-08-19,23.46322816708156,23.7592094486487,23.429593069967602,23.6650333404541,21997296
2019-08-20,23.61121537556545,23.651576945303827,23.254693134744365,23.281599044799805,19932510
2019-08-21,23.5035928821644,23.62467492049914,23.4228697201706,23.456504821777344,19208728
2019-08-22,23.517044516081725,23.698670268007678,23.409415442590724,23.59776496887207,16933142
2019-08-23,23.685212780740656,23.779388888954387,22.98562115228632,23.099979400634766,27765311
2019-08-26,23.28832492104932,23.449771195834554,23.194148828976314,23.436315536499023,17468680
2019-08-27,23.550677801568703,23.604492334168604,23.07979726050005,23.099979400634766,24715351
2019-08-28,23.11343413816256,23.644855731262176,23.059619601417058,23.59776496887207,26047924
2019-08-29,24.075374000360874,24.075374000360874,23.69867221223789,23.765939712524414,19610302
2019-08-30,23.961020866662203,24.028288373765545,23.732307015060737,23.91393280029297,18873346
2019-09-03,23.954286341992347,24.40498470893892,23.88701615282364,24.29735565185547,26624989
2019-09-04,24.418444256391766,24.485711759063168,24.01483383105109,24.102283477783203,20649441
2019-09-05,24.29063159930893,24.539527565281524,24.142640938400238,24.445348739624023,22096794
2019-09-06,24.458800502294462,24.600064661267318,24.290627725331543,24.552976608276367,20873416
2019-09-09,24.61352356065064,24.781693673561193,24.304089254660248,24.774967193603516,24675616
2019-09-10,24.613517877436866,25.144939422607422,24.230086971133076,25.144939422607422,32250397
2019-09-11,25.387102636186803,25.400555591124107,24.822046072957697,25.165115356445312,16963181
2019-09-12,25.272747835365248,25.306382931928784,24.929678505314993,25.077669143676758,16692303
2019-09-13,25.1516710905589,25.292932575512044,24.62697591553248,24.828781127929688,24099605
2019-09-16,24.526073911888428,24.902778426768,24.452079927697767,24.774967193603516,19877070
2019-09-17,24.748055298573806,24.754781776907436,24.45207402396083,24.552976608276367,22091945
2019-09-18,24.600066920832422,24.70096951441606,24.391535254713673,24.47225570678711,19679550
2019-09-19,24.499166620715048,24.73460422467995,24.445349374753654,24.559707641601562,17746409
2019-09-20,24.815318065811994,25.05748476303169,24.53951898332222,24.6807804107666,45990658
2019-09-23,24.472256485671526,24.61352066211583,24.371353888876435,24.378080368041992,17295191
2019-09-24,24.398263157913917,24.6067948362057,24.203184438310387,24.223363876342773,24186560
2019-09-25,24.15609094926793,24.452072201824773,24.01482680082189,24.149364471435547,20269685
2019-09-26,24.26372226387681,24.378077806989324,23.92737940834257,24.06864356994629,17059728
2019-09-27,24.122457283855216,24.44534446686126,24.02828117931458,24.3646240234375,17583671
2019-09-30,24.404984470449616,24.42516390420979,24.162817742050642,24.169544219970703,17205391
2019-10-01,24.169547138615513,24.23008815186217,23.83320426940918,23.83320426940918,22013001
2019-10-02,23.718850392593886,23.72557687180008,23.315240002975024,23.342145919799805,22458000
2019-10-03,23.34887225948412,23.860111663438694,23.274875587917887,23.84665870666504,22076135
2019-10-04,23.87356296355589,24.203179314226368,23.846657051875656,24.169544219970703,18065349
2019-10-07,24.095556997981674,24.391538337185658,24.08210133372249,24.102283477783203,11759373
2019-10-08,23.98119491548751,24.13591204029817,23.82647779067685,23.83320426940918,14761270
2019-10-09,23.98119760908203,24.142641230758542,23.900477150571778,24.008106231689453,13634333
2019-10-10,23.99465414183741,24.22336527133274,23.947566079060824,24.075374603271484,12198680
2019-10-11,24.310810573472136,24.60679185671082,24.263722519108907,24.29062843322754,18446054
2019-10-14,24.324263755514778,24.452074962727316,24.203181731549762,24.418439865112305,8700981
2019-10-15,24.519341511952675,24.714420202250114,24.492435598618155,24.552976608276367,15178232
2019-10-16,24.64043016568945,24.72115062322221,24.431895780811224,24.445348739624023,14435795
2019-10-17,24.54624796429183,24.761506070598504,24.465524822099177,24.526065826416016,15312090
2019-10-18,24.505886393195503,24.68750940614602,24.452071866618834,24.526065826416016,14219198
2019-10-21,24.653877017445165,24.674056450665677,24.458798344359003,24.526065826416016,13237081
2019-10-22,24.492438841478293,24.68751485294874,24.38480705992287,24.505891799926758,14549416
2019-10-23,24.425165830480466,24.741329250244796,24.36462481977005,24.734600067138672,14000598
2019-10-24,24.72115162448217,24.781692646247777,24.391537892282727,24.478984832763672,19998385
2019-10-25,24.48570684119088,24.808596739405747,24.425165830480466,24.734600067138672,17497665
2019-10-28,24.795143528371977,25.212206825275338,24.768234910190035,25.077669143676758,25800339
2019-10-29,25.562001987390417,26.073241378020906,25.50818745704276,25.703266143798828,32212032
2019-10-30,25.837799645858063,26.113601464756243,25.763805685089856,25.8848876953125,22019430
2019-10-31,25.82435078493844,25.95216199791075,25.68308661417613,25.810897827148438,24539860
2019-11-01,26.02615938369238,26.194332196746004,25.82435417175293,25.82435417175293,19263220
2019-11-04,26.039604858464237,26.059786996650733,25.58218002319336,25.58218002319336,17709730
2019-11-05,25.582184987322293,25.629273046020923,25.20548322238912,25.212209701538086,21688474
2019-11-06,25.299659729003906,25.38038018468919,25.124760449816613,25.299659729003906,18757722
2019-11-07,25.40154289129717,25.52379514386854,25.048366379563163,25.068740844726562,22727297
2019-11-08,25.04835383830326,25.23852634112766,25.014393682572013,25.163814544677734,26626886
2019-11-11,25.068733556022494,25.136653881743715,24.960064311822173,25.082319259643555,12542916
2019-11-12,25.014397453127007,25.19098701259485,24.926102673393085,25.10948371887207,13338370
2019-11-13,25.095898550664245,25.095898550664245,24.654427421423076,24.858182907104492,25855252
2019-11-14,24.831018688728527,24.966853868080335,24.668012104235174,24.8242244720459,25190600
2019-11-15,24.878561783969715,25.44907663646977,24.803849977721605,25.320030212402344,36378810
2019-11-18,25.394748914573434,25.428709083980294,25.10269855774203,25.279285430908203,18084532
2019-11-19,25.421910708197707,25.591708796669565,25.347201624674124,25.578123092651367,26475110
2019-11-20,25.516990879582707,25.598494161020056,25.136648604728034,25.163814544677734,19947582
2019-11-21,25.27249277617745,25.768298664964718,25.157032028639076,25.632463455200195,20942664
2019-11-22,25.666418921985347,26.087512955361653,25.598501322316714,26.033178329467773,25544006
2019-11-25,26.135055171587865,26.40673102225979,26.114680711645125,26.270893096923828,31592385
2019-11-26,26.175805404921913,26.209765567115756,25.843006192441912,26.006010055541992,34620633
2019-11-27,26.06713550209211,26.29126546682403,26.033175340759108,26.23693084716797,19201034
2019-11-29,26.175808697534862,26.40673291407021,26.15543423613247,26.1622257232666,9793873
2019-12-02,26.34560348509648,26.352394971376317,25.97884137962799,26.006010055541992,15645998
2019-12-03,25.781879198900526,25.94488580445757,25.70037862691684,25.843008041381836,20869832
2019-12-04,25.965262775311544,25.98563723757874,25.734341279769545,25.904136657714844,14501248
2019-12-05,26.06034042483696,26.06034042483696,25.66641243851837,25.829416275024414,13098058
2019-12-06,25.99921856926215,26.162222432362235,25.95846692078847,26.006010055541992,12868708
2019-12-09,25.876959671223556,26.067132181189436,25.876959671223556,26.02638053894043,15641571
2019-12-10,25.99242506490269,26.2029720464092,25.938090448087927,26.135051727294922,19171311
2019-12-11,26.06034715635021,26.196185087256605,25.944886417016974,25.95846939086914,15569372
2019-12-12,25.924501725942942,26.23013493397186,25.924501725942942,26.175800323486328,13414469
2019-12-13,26.16222477271255,26.27089402450031,25.856591478011378,26.033178329467773,16678496
2019-12-16,26.28447397666382,26.759902531885583,26.257305304265348,26.58331298828125,24187824
2019-12-17,26.787066459059403,26.787066459059403,26.379555519287855,26.420307159423828,29038016
2019-12-18,26.495027935583927,26.54257107672548,26.243729255491438,26.413524627685547,27339390
2019-12-19,26.488234551752875,26.590112313933584,26.359188111953067,26.467857360839844,22022276
2019-12-20,26.725942159566916,26.854988573533834,26.467852062427344,26.644441604614258,58199772
2019-12-23,26.77348972380856,26.84140731932122,26.57652569294765,26.7055721282959,17454345
2019-12-24,26.712360781954988,26.78706985601664,26.62406600559578,26.685192108154297,5187683
2019-12-26,26.691991818542895,26.87537016396205,26.62407148545877,26.746326446533203,9384078
2019-12-27,26.780281210280354,26.909327645628604,26.658028992198624,26.7055721282959,10117662
2019-12-30,26.691987382174272,26.77348794521635,26.413520070561283,26.42710304260254,11554264
2019-12-31,26.345599681561236,26.62406423280573,26.291262337577955,26.61048126220703,15175703
2020-01-02,26.691984947080844,26.725942374086067,26.40672617547121,26.58331298828125,16514072
2020-01-03,26.29805589213564,26.65123223437719,26.26409573569893,26.440685272216797,14922848
2020-01-06,26.365977097341663,26.48823203883718,26.284476533805872,26.406728744506836,15771951
2020-01-07,26.569734323481946,26.576525809983647,26.270892532638666,26.318435668945312,20108107
2020-01-08,26.32522286277334,26.637647575675068,26.31843137737908,26.52897834777832,16403507
2020-01-09,26.6716147949704,26.6716147949704,26.345607024966906,26.413524627685547,21971895
2020-01-10,26.47464854417898,26.916119752168267,26.46785705755073,26.821033477783203,21557357
2020-01-13,26.909326331256818,27.011204084947003,26.63085901474653,26.76669692993164,15392405
2020-01-14,26.78028603072298,27.221757308006758,26.691993959902394,27.2149658203125,20919160
2020-01-15,27.2964593636126,27.758304938664008,27.282873662291795,27.622467041015625,23925800
2020-01-16,27.703969553842352,27.710761038916402,27.38475063980283,27.581714630126953,16216422
2020-01-17,27.554553222649282,27.71755708362368,27.452675468190957,27.51380157470703,23083970
2020-01-21,27.425496623168442,27.61566908918598,27.29645297179482,27.398330688476562,23115696
2020-01-22,27.384755063715414,27.445881170050747,27.14703939375068,27.296463012695312,18097812
2020-01-23,27.296463549672783,27.731140519536883,27.25571190104936,27.64963722229004,27148510
2020-01-24,27.805854321599323,27.82622878197268,26.92291188444652,27.045164108276367,34143698
2020-01-27,26.766694274634915,27.459464023322205,26.658025045584814,27.27608299255371,31964026
2020-01-28,26.705575866279638,26.821036614050637,25.775090204303943,25.904136657714844,70202408
2020-01-29,25.890544771028974,26.06713157561334,25.50340827484848,25.52378273010254,34165726
2020-01-30,25.45517281965191,25.503201603765753,25.17386097574376,25.434587478637695,32316589
2020-01-31,25.345394518245328,25.695314983548073,25.317948315385912,25.551231384277344,33894005
2020-02-03,25.702178315411206,26.100130320933197,25.59239626389272,25.736482620239258,20875735
2020-02-04,26.127580420225758,26.237359741018555,25.818825045987165,25.85999298095703,31150865
2020-02-05,25.96976673809334,26.46377633451661,25.949184154363074,26.1893253326416,29443490
2020-02-06,26.374581438941163,26.415749367929042,26.093269556432244,26.25107765197754,21047748
2020-02-07,26.31969622745797,26.347139678953855,26.024662571735185,26.106998443603516,21903596
2020-02-10,26.216765082259876,26.22362594181429,25.88056365327047,25.94231414794922,19998385
2020-02-11,25.997211014264074,26.161879947966337,25.908014307333463,26.13443374633789,16027335
2020-02-12,26.134439769283677,26.203053909822884,25.880574070144885,25.894298553466797,22944315
2020-02-13,25.784513375184257,25.784513375184257,25.311089104189453,25.33853530883789,22099745
2020-02-14,25.365981664869835,25.41401045949729,24.98861492881706,25.050365447998047,21006747
2020-02-18,25.07781009964575,25.16014596829533,24.88569767061378,24.920001983642578,17988513
2020-02-19,24.97488408865725,25.043498211340587,24.84452222119983,24.858243942260742,17750941
2020-02-20,24.501461350343927,24.741605276730205,24.29562448735271,24.597518920898438,42953135
2020-02-21,24.535777511458974,24.57694545105996,24.377969375230695,24.508331298828125,32425256
2020-02-24,24.041760872375452,24.288765680592842,23.739866413297513,23.78789520263672,37969296
2020-02-25,23.794754989027016,23.835922914984767,23.129215588560655,23.280162811279297,41878898
2020-02-26,23.49286201292453,24.15840145501631,23.34191478076506,23.822202682495117,47920005
2020-02-27,23.63008790255377,24.50146424265893,23.396804809570312,23.396804809570312,55444827
2020-02-28,22.978269417587875,23.287023340489796,22.319590887723574,22.930240631103516,66057447
2020-03-02,23.266440742497913,23.980008919510755,22.95082319999158,23.93198013305664,42034469
2020-03-03,24.13782182418749,24.54949564251579,23.23213832038916,23.534032821655273,46174475
2020-03-04,24.08292526850485,25.016051954983837,23.980006843397767,24.974884033203125,38712155
2020-03-05,24.460295050421273,24.82394277396594,24.124096289843017,24.329933166503906,35096303
2020-03-06,23.808480452884712,24.130960291322495,23.410531129262296,24.02804183959961,40931036
2020-03-09,22.957683958242725,23.801613959223715,22.751847103497173,23.16352081298828,43183856
2020-03-10,23.719285706901058,23.781036224172553,22.6489332923317,23.733007431030273,40548329
2020-03-11,23.163522286738015,23.24585813735053,21.72266283250156,22.072586059570312,65350213
2020-03-12,20.913039756677634,21.955947330752345,20.5837004501622,20.597423553466797,62731445
2020-03-13,21.455074592701962,22.55973249762423,20.741505065727843,22.443092346191406,60553038
2020-03-16,20.54253016304142,22.148058473065877,20.343554167053288,20.707199096679688,50995050
2020-03-17,21.708936103934345,22.401921581188645,20.98850718685406,22.06572151184082,54220606
2020-03-18,21.112016913866064,22.374484552673593,20.796400693836713,22.202953338623047,43884976
2020-03-19,22.106893238775147,22.12747720281968,20.590561451220022,20.871871948242188,59820929
2020-03-20,20.775814334011827,21.043403107451162,19.835825265214016,19.904438018798828,52488989
2020-03-23,19.732909959772968,20.295531042263733,19.129120942721368,19.547657012939453,52853041
2020-03-24,20.24749776481274,20.61800357649646,19.828963166550604,20.37786102294922,44466784
2020-03-25,20.240636792161,21.077707363417872,19.8975744268754,20.412166595458984,44601275
2020-03-26,20.508232366606446,21.94909091773914,20.50137012389071,21.784421920776367,43269967
2020-03-27,21.13259917337389,21.777554665375607,21.036541590916517,21.20121192932129,38290344
2020-03-30,21.304130486171484,22.539151823682605,21.304130486171484,22.4156494140625,29943508
2020-03-31,22.230394979525663,22.642068730737176,22.120615680361222,22.395065307617188,29466151
2020-04-01,21.901062115455346,22.148066990244775,21.633474650554525,21.784421920776367,26709625
2020-04-02,21.88733604108727,22.642070862933213,21.784417593592597,22.552875518798828,27186876
2020-04-03,22.388204447350063,23.252721309282496,22.388204447350063,23.08119010925293,32837370
2020-04-06,23.273305097703837,23.94570545032142,23.177247510374173,23.71928596496582,40503217
2020-04-07,24.014316213882065,24.13095637123572,23.046880993764233,23.060604095458984,24226295
2020-04-08,23.321329763432033,23.8770898439312,22.9439617223928,23.739864349365234,25523980
2020-04-09,24.03489941845174,24.542630745414854,23.91139563804222,24.281904220581055,30648107
2020-04-13,24.67298963689077,24.686714116620887,23.822198793335495,24.110368728637695,18270141
2020-04-14,24.652411336592856,25.132699243321422,24.24759842607444,25.002334594726562,21845309
2020-04-15,24.741607767404037,24.85824793252371,24.412267098250474,24.67985725402832,21312196
2020-04-16,24.78277857509392,24.878836166478063,24.412269934415043,24.618106842041016,20657451
2020-04-17,25.04350469475086,25.386564362223258,24.775914512651447,25.324813842773438,24404843
2020-04-20,24.96116985922667,25.324814887307795,24.75533294677734,24.755332946777344,22530620
2020-04-21,24.54948799257031,24.65240641508164,24.268178925094354,24.439708709716797,23975233
2020-04-22,25.359119922006332,25.386563370160427,24.782777165180278,24.871971130371094,20182624
2020-04-23,24.892549583431776,25.66100729934151,24.892549583431776,25.173858642578125,20185365
2020-04-24,25.276780705692765,25.681593581763156,25.235615538924634,25.647289276123047,17353794
2020-04-27,25.7913798702117,26.443194888661953,25.777655387012786,26.299108505249023,23394057
2020-04-28,26.79311439678318,26.90975455604274,25.647289870669407,26.010934829711914,35666728
2020-04-29,26.38829236843052,26.450042857308798,25.873700363296958,26.155012130737305,26518535
2020-04-30,26.07269156761,26.422614887659737,25.63357151214378,26.3196964263916,29450973
2020-05-01,25.969773809864034,26.03152433655967,25.654157554583737,25.825687408447266,22679867
2020-05-04,25.798233831992768,26.017795182334886,25.66787195270773,25.81195831298828,19893512
2020-05-05,26.628442364044247,26.662746666504304,26.25793658664994,26.422605514526367,24123952
2020-05-06,26.7382216492952,26.765667849952628,26.422605514526367,26.422605514526367,24047432
2020-05-07,26.61663722265663,26.672076685709236,25.563337575945475,25.611845016479492,33546080
2020-05-08,25.812805572128195,25.902891222294805,25.667283241747405,25.792015075683594,19893618
2020-05-11,25.812794180237226,26.478036835400474,25.7504282907929,26.401809692382812,25620421
2020-05-12,26.415679215601504,26.498832832165316,25.875168170115483,25.889026641845703,19335314
2020-05-13,25.85438279555625,25.930607183133255,25.355449906420905,25.674211502075195,24596882
2020-05-14,25.500970044814203,26.304803201519668,25.487111573021654,26.27708625793457,22362507
2020-05-15,26.304804285258136,26.450326603622837,25.909818319619802,26.166213989257812,25460002
2020-05-18,26.568125792413408,26.651279393419582,26.07612227621713,26.381025314331055,22635177
2020-05-19,26.22857373897794,26.34637629875666,25.854375569798375,26.11077117919922,19476234
2020-05-20,26.297878552768864,26.471120625124417,26.020695137656173,26.07613182067871,17504200
2020-05-21,26.03454628585485,26.089982953277747,25.67420655451493,25.81972885131836,17652181
2020-05-22,25.715789775299207,26.006834425762676,25.61184565530265,25.98604393005371,15781226
2020-05-26,26.089984057310982,26.24243559572069,25.951390989797886,25.979110717773438,23260094
2020-05-27,25.923673629760742,26.01375926149996,25.61877055786053,25.923673629760742,25904158
2020-05-28,26.221651137977826,26.637427605845364,26.13849472993125,26.457256317138672,22521767
2020-05-29,26.519628119892232,26.630501486141544,26.041482896940458,26.464191436767578,48333067
2020-06-01,24.60011989844316,24.7595006869551,24.19127267994392,24.572402954101562,76884979
2020-06-02,24.62090623258253,25.057470321655273,24.426876510247038,25.057470321655273,42690900
2020-06-03,25.147555947908483,25.23071233924715,24.627835467497068,25.057470321655273,38751996
2020-06-04,24.74564492256701,25.147562948960577,24.73871568572338,24.953533172607422,27013388
2020-06-05,25.112911734249977,25.28615378458982,24.86344529925941,24.939672470092773,36705655
2020-06-08,24.808009350726714,25.362378912941228,24.724855727413303,25.355449676513672,30194149
2020-06-09,25.293078173644464,25.4039515043519,25.064399491151033,25.092119216918945,21675088
2020-06-10,25.196069818273223,25.25843573462607,24.87037619077222,24.89116668701172,29557217
2020-06-11,24.66941947004886,24.724856148596395,23.061748826713497,23.075607299804688,63166642
2020-06-12,23.61611373954806,23.629972210722844,22.902363467493252,23.38743782043457,37902472
2020-06-15,23.075609290955953,23.366653968081277,22.70141098192554,23.1171875,36247482
2020-06-16,23.276565639043323,23.53296270790698,22.673690035706684,23.1449031829834,55616945
2020-06-17,23.276568370931322,23.401301605283205,23.08946921594925,23.255779266357422,27509822
2020-06-18,23.054818108349984,23.193409795811018,22.853859116713014,23.034029006958008,32278855
2020-06-19,23.34585917976474,23.38050814322963,22.95087046928495,23.15876007080078,43986266
2020-06-22,23.096394574164602,23.117183675247055,22.805351338284073,22.94394302368164,23332503
2020-06-23,23.00631220541239,23.040961176507437,22.687550587123376,22.70833969116211,37690408
2020-06-24,22.666760555117897,22.68061902766364,22.17475691791737,22.306419372558594,30817695
2020-06-25,22.250984928307183,22.438085471174418,22.056956541563437,22.396507263183594,27418651
2020-06-26,22.34799882990567,22.368787932981704,21.904504001013063,22.202476501464844,42153992
2020-06-29,22.493520486247938,22.63904141724924,22.313350586791408,22.618253707885742,23956261
2020-06-30,22.542027503508177,22.784563312674873,22.33413926905348,22.65983009338379,25451676
2020-07-01,23.93487708039887,23.93487708039887,23.366650464899582,23.380510330200195,73503009
2020-07-02,23.99031741253171,24.149698225782856,23.58840215391487,23.914093017578125,45270881
2020-07-06,24.218996169758494,24.24671311840234,23.824007362119602,23.914093017578125,27150935
2020-07-07,23.595334687806073,23.803222976413025,23.53296875846067,23.58147621154785,25148018
2020-07-08,23.56760630425393,23.81707271631198,23.262704614405543,23.38743782043457,24256545
2020-07-09,23.373580079919353,23.47752418934431,22.93701314862506,23.186479568481445,20363702
2020-07-10,23.325074731437326,23.588401055296124,23.20727213282156,23.44287872314453,24459019
2020-07-13,24.066542224401534,24.752572856178546,23.921019899798473,24.39916229248047,56569129
2020-07-14,24.510035960923606,24.54468213982082,24.170483904453675,24.413021087646484,32854129
2020-07-15,24.939677387683894,24.94660662527457,24.5793375296865,24.75257682800293,26294454
2020-07-16,24.669416427612305,24.697133370376402,24.433808483205336,24.669416427612305,18421812
2020-07-17,24.84958836886246,25.175281994897446,24.759502719990046,25.119842529296875,23347365
2020-07-20,25.97911184303669,26.069197480131304,25.168346681550076,25.293081283569336,36815693
2020-07-21,25.59798185906946,25.694996722382605,25.306937269130025,25.424739837646484,23588520
2020-07-22,26.491903222288695,26.83838451393005,25.999899620987026,26.720579147338867,90705554
2020-07-23,27.184865121708764,27.31652617033999,26.457253591710984,26.616634368896484,59639536
2020-07-24,26.353313795867713,26.43647020894942,25.868242149378673,26.0969181060791,33870501
2020-07-27,25.88902691495045,26.15928383363566,25.798944061571234,26.013761520385742,27640307
2020-07-28,26.70672571937227,27.261095333454705,26.374105622632595,27.039348602294922,56393954
2020-07-29,27.233373874182043,27.337317985468633,26.644355386103012,27.20565414428711,37033660
2020-07-30,26.785821319342908,27.247646115891694,26.729842811889824,27.107698440551758,32273796
2020-07-31,26.785813540532004,27.11468752798809,26.4919243516902,26.925758361816406,28472124
2020-08-03,27.016724390703544,27.051712002635195,26.74382889519483,26.834794998168945,31036400
2020-08-04,26.80680493972442,27.06570652156072,26.652863382594358,26.862783432006836,29448549
2020-08-05,26.918758093140568,26.960742659730446,26.680850238153404,26.90476417541504,24292697
2020-08-06,27.12869074643688,27.359604563510533,26.694856587603713,26.778825759887695,20922111
2020-08-07,26.799804165646986,27.02371810290862,26.701841114741697,26.90476417541504,23097251
2020-08-10,26.974740416571663,27.05171260184354,26.771817327017775,26.862783432006836,19964552
2020-08-11,26.981735674920607,26.995732407168823,26.358975339227683,26.442941665649414,21326847
2020-08-12,26.47093964770555,26.97474618600277,26.456942911581017,26.820804595947266,19957595
2020-08-13,26.63887081564825,26.71584019141508,26.505920131342474,26.708843231201172,15340021
2020-08-14,26.59688266000267,26.86278117940036,26.54090417241439,26.63187026977539,12901276
2020-08-17,26.617877993702695,26.87677675639057,26.554899729542996,26.834794998168945,17494187
2020-08-18,26.904776160929693,26.91177312290946,26.708849971838102,26.841800689697266,10846398
2020-08-19,26.925759722936377,27.0167258307592,26.67385790652514,26.771818161010742,15690055
2020-08-20,26.715838262656135,27.14267812561324,26.68085346411233,27.09369659423828,21957455
2020-08-21,27.226648841492093,27.289627115843423,26.98874091941494,27.205657958984375,25467170
2020-08-24,27.303621354548923,27.317615276383226,26.967747536626852,27.17766761779785,25011947
2020-08-25,26.946752875112853,26.98173767479266,26.554900611389183,26.87677764892578,26221201
2020-08-26,26.722842917682588,26.778821418992827,26.3519814780578,26.624879837036133,24083689
2020-08-27,26.561900521129996,26.589891177396044,26.36597718092382,26.491928100585938,22156556
2020-08-28,26.498922036138396,26.631872714749683,26.17004803968786,26.526912689208984,32830519
2020-08-31,26.477929276149684,26.603880172489035,26.240018588892166,26.442941665649414,30032465
2020-09-01,26.442949658483204,26.46394335649448,25.54729075430427,25.80619239807129,36145560
2020-09-02,25.729211832833425,26.100070367423335,25.470310273204984,26.03009796142578,29068688
2020-09-03,26.149053790145814,26.233022934157212,25.26039207191544,25.470312118530273,35956788
2020-09-04,25.533299357183257,25.63126245515546,25.099462378532834,25.442333221435547,26872257
2020-09-08,25.56127955295151,25.617258047401965,24.96650699438527,25.14143943786621,26736818
2020-09-09,25.393341284120783,25.64524588822248,25.28838126686287,25.31637191772461,27490533
2020-09-10,25.330370014657777,25.41433635426614,24.896533141927716,24.945514678955078,21650741
2020-09-11,25.008494686926362,25.267396340198754,24.805574354796434,25.239408493041992,24109301
2020-09-14,25.442326116067555,26.26801244259982,25.386347620490273,25.897153854370117,29565543
2020-09-15,26.02310205338617,26.13505903287021,25.75720352375819,25.862163543701172,22003726
2020-09-16,26.086078555739977,26.10707224862421,25.694229111727246,25.73621368408203,22208412
2020-09-17,25.736216183256662,25.86916405964106,25.575274838032463,25.764204025268555,17894390
2020-09-18,25.73621422254312,25.93913450191172,25.58926962293379,25.631254196166992,31694623
2020-09-21,25.44932203418102,25.526294220831417,24.75658642139619,25.20441436767578,26608968
2020-09-22,25.057471398157116,25.42133584830503,25.008489861669045,25.365354537963867,22727297
2020-09-23,25.428328041059913,25.456318694079297,25.16942927105258,25.190420150756836,23102521
2020-09-24,25.15543552110196,25.218410981096905,24.86854606405208,25.02248764038086,20859925
2020-09-25,24.868540133296392,25.295377143418722,24.8545462151713,25.225404739379883,14365598
2020-09-28,25.30237744381352,25.596266643730566,25.30237744381352,25.463315963745117,15044269
2020-09-29,25.49131182813294,25.568281217132963,25.21141649097173,25.30937957763672,13512491
2020-09-30,25.379353424931676,25.862169056911693,25.365356689452216,25.68023681640625,22629275
2020-10-01,25.827179211254293,25.95313293922341,25.302379044917803,25.449323654174805,22520396
2020-10-02,25.232407719224803,25.652247870463935,25.21141402361442,25.456321716308594,21461759
2020-10-05,25.561281736137598,25.806189428659497,25.42833104207884,25.71522331237793,19400029
2020-10-06,25.89015832279546,25.911152020460428,25.253401072887343,25.30937957763672,25233392
2020-10-07,25.372349157870616,25.60326005911323,25.211407846806544,25.519290924072266,22160034
2020-10-08,25.610257851686036,26.01610399523779,25.547282405062287,25.813180923461914,17857395
2020-10-09,25.771203405552892,25.974126532848352,25.603267897471408,25.743215560913086,23667465
2020-10-12,25.68023487240497,26.01610867044536,25.51929634059472,25.764204025268555,19413837
2020-10-13,25.659246162212543,25.981123253070663,25.631258317832284,25.8201847076416,21543233
2020-10-14,25.89715056932782,26.100070831671463,25.589267476000664,25.792190551757812,22120298
2020-10-15,25.631254821747035,25.708224196708365,25.477313258410557,25.575273513793945,16089205
2020-10-16,25.939138602093443,26.67386171627724,25.904153796713867,26.55490493774414,42993503
2020-10-19,26.883780427734216,27.18466661910035,26.337986544161453,26.44994354248047,31931352
2020-10-20,26.498923152175497,26.51291988600714,26.13506152741564,26.23302459716797,22384852
2020-10-21,26.13506285005243,26.205035269096452,25.93213974006939,25.946136474609375,18984859
2020-10-22,25.946133288427088,26.28900119439403,25.911145676494563,26.191038131713867,19243616
2020-10-23,26.540906945670965,26.785814612843478,26.344980811932956,26.715839385986328,30557884
2020-10-26,26.498923136904583,26.603883166805325,26.226027621845414,26.533910751342773,33783124
2020-10-27,25.91814263619834,26.67385648541091,25.79918869440684,26.191038131713867,36851529
2020-10-28,25.750206982553113,25.98111790481361,24.71460068538103,24.805566787719727,33857537
2020-10-29,24.826560733508884,24.938517728641816,24.210794446863808,24.686613082885742,27545341
2020-10-30,24.658619796454122,24.861542860359588,24.378724557005665,24.826555252075195,25631067
2020-11-02,25.141440256665653,25.365354241759835,24.868544735655384,25.351360321044922,21430666
2020-11-03,25.49130636417533,25.624254229427898,25.246398700007813,25.323368072509766,21636617
2020-11-04,25.932137871872897,26.67385783932623,25.86216545786981,26.12106704711914,40870536
2020-11-05,26.333144499025103,26.368489086462326,25.725183486938477,25.725183486938477,33926995
2020-11-06,25.725183203562104,25.958471689813976,25.513104311886128,25.73225212097168,23870676
2020-11-09,29.592092933178034,29.683994549081646,27.13197595356762,27.711658477783203,230153864
2020-11-10,28.595323849354735,28.658946956950608,27.18853235214689,27.344057083129883,80091668
2020-11-11,27.485445255736046,28.41859084268694,26.792654273625654,27.216812133789062,58980997
2020-11-12,27.061280688659195,27.103697032632535,26.326073534277906,26.54522132873535,46767877
2020-11-13,26.77143853851785,27.32991425281183,26.658330180714593,27.3016357421875,40175634
2020-11-16,26.764370542562478,26.82799364072306,26.050370101129456,26.389698028564453,75530167
2020-11-17,27.188862788980636,27.19631258289081,26.689641326561446,26.853565216064453,46984500
2020-11-18,27.516705138705554,27.88180469528617,27.04728858075424,27.062191009521484,63442700
2020-11-19,27.270813202402298,27.293168261705926,26.71943767359443,26.965320587158203,43261800
2020-11-20,27.345327377319336,27.799841438454525,27.151598674697503,27.345327377319336,60633800
2020-11-23,27.591210271439245,27.63591755098615,26.980224996034366,27.21120834350586,43673100
2020-11-24,26.920619707584546,27.375133794692086,26.83865777812615,27.270816802978516,42485300
2020-11-25,27.218656539916992,27.24101159955351,27.002578473975774,27.218656539916992,26955800
2020-11-27,27.40493685186392,27.762586595759906,27.382584631104017,27.740234375,25277000
2020-11-30,28.276704889711695,28.91004232123289,28.015916714937656,28.54494285583496,65425900
2020-12-01,29.35711128837983,30.176724901861803,29.066518216567857,29.364561080932617,72499700
2020-12-02,30.154376043427984,30.854773157712927,30.027706817130444,30.400259017944336,84347500
2020-12-03,30.534375391658465,30.571630040041995,29.4465237417135,29.871232986450195,68570100
2020-12-04,29.722210955197607,30.13947039883839,29.722210955197607,30.05750846862793,35368100
2020-12-07,30.295940191148972,30.847318614078475,30.07985926578827,30.735551834106445,48253700
2020-12-08,30.847316691716003,31.868108705280182,30.81005920581564,31.711637496948242,87039300
2020-12-09,32.091637589471404,32.09909022316778,30.646136468190953,31.18260955810547,86118500
2020-12-10,31.160260181237334,31.458303024619305,30.884572398634692,31.09320068359375,57749200
2020-12-11,31.27202552909948,31.346534815366624,30.318290179266963,30.63868522644043,60737000
2020-12-14,31.011247317467777,31.04105217850042,29.111231483030615,29.215545654296875,94809700
2020-12-15,29.103782971951585,29.193194716643134,28.47044243765382,28.842994689941406,65712800
2020-12-16,28.44807388794156,28.664154752439988,28.1202291172983,28.194738388061523,56515300
2020-12-17,28.187298468667542,28.403376566486596,27.799843871856073,28.33631706237793,52036400
2020-12-18,28.30650859918923,28.38101787906691,27.941406306156182,28.075525283813477,60259200
2020-12-21,27.777490952581214,27.866905526524775,27.501803122124485,27.85200309753418,40891800
2020-12-22,27.725332537961116,27.814747107601455,27.270818423839202,27.37513542175293,33634400
2020-12-23,27.576308646560886,28.053177781881992,27.47944713491436,27.896703720092773,36182000
2020-12-24,27.8669067910942,27.99357317974067,27.702982907106687,27.770042419433594,14790100
2020-12-28,27.837099005542882,28.001022872298826,27.33042781952227,27.434741973876953,26993700
2020-12-29,27.494351395138928,27.71788212958162,27.412389462628855,27.606115341186523,23152100
2020-12-30,27.591213525848172,27.747687601544982,27.34533056520615,27.37513542175293,24889800
2020-12-31,27.315521282653144,27.509247134122173,27.039833510134763,27.427288055419922,30796500
2021-01-04,27.471992490648947,27.52414955998088,27.024931084276055,27.427288055419922,33565700
2021-01-05,27.360231145361823,27.84454724096857,27.270816581761224,27.71042823791504,29909400
2021-01-06,27.442188578023753,27.9265045942801,27.397481303548297,27.47199058532715,34962500
2021-01-07,27.59866683100847,27.680628767327637,27.32297616478079,27.613569259643555,27809500
2021-01-08,27.688074111497766,27.963761891079763,27.494348255065134,27.665721893310547,33462400
2021-01-11,27.732786534374327,28.187300670803427,27.68062945403142,28.142593383789062,47286900
2021-01-12,28.09043657974496,28.15749608975226,27.434743908823343,27.70298194885254,47831100
2021-01-13,27.568862270181572,27.695528651420393,27.300624236560935,27.464548110961914,31027900
2021-01-14,27.40493965590829,27.539058678885638,27.278273268845123,27.382587432861328,30272000
2021-01-15,27.330424950783254,27.404934241116433,27.12179666397257,27.345327377319336,34287800
2021-01-19,27.39003181457777,27.568858090663504,27.28571767117244,27.367679595947266,33451300
2021-01-20,27.412392919578537,27.42729534940038,27.166507091039904,27.196311950683594,35400100
2021-01-21,27.114346516728048,27.26336795341136,26.935523066586065,27.181406021118164,33829700
2021-01-22,27.062185025378465,27.442189769045193,27.010027957400215,27.233558654785156,26271200
2021-01-25,27.233562884846712,27.784941343563155,27.062189228821357,27.777488708496094,31728500
2021-01-26,27.77003416929635,28.015917079880982,27.688072251652475,27.79983901977539,27718700
2021-01-27,27.561416645883252,27.598671302332868,26.95042834224755,27.002588272094727,50561200
2021-01-28,27.077903693790972,27.364124336561293,26.995050122994154,27.010114669799805,39466700
2021-01-29,27.77838476706089,27.77838476706089,26.82933858664229,27.040239334106445,60251900
2021-02-01,27.06283624369453,27.258669584622027,26.90466282910676,26.96491813659668,40395800
2021-02-02,26.934795294880946,26.949859843565335,25.81251371394821,26.354825973510742,84062400
2021-02-03,26.35482111286116,26.58078355491475,26.19664481748214,26.241838455200195,38524200
2021-02-04,26.219243742061696,26.422610807080133,26.136390174098437,26.279499053955078,34284900
2021-02-05,26.302095413208008,26.422611788005707,26.196646458528544,26.302095413208008,31749600
2021-02-08,26.332225080021406,26.369885011331085,26.166520807605107,26.226776123046875,31633900
2021-02-09,26.211712607246554,26.40754885499237,26.18158351170586,26.339759826660156,30170200
2021-02-10,26.362356362764295,26.42261455647679,26.136393882880082,26.166522979736328,29039900
2021-02-11,26.211712307500154,26.21924601793352,25.82004268975619,25.933025360107422,30885200
2021-02-12,25.940554149084804,26.324692899333634,25.880298836718744,26.15145492553711,25578600
2021-02-16,26.249370156888347,26.256903866723892,26.030941417220944,26.128856658935547,28730300
2021-02-17,26.03847205984473,26.36235262191834,25.955618491881467,26.279499053955078,26389400
2021-02-18,26.196645270818536,26.271968001652098,26.000811917188063,26.030941009521484,24052500
2021-02-19,26.106262718828972,26.121327266064228,25.91042935130785,25.940555572509766,28145300
2021-02-22,25.85770476873805,25.887830989818934,25.639273144607273,25.804977416992188,34322500
2021-02-23,25.609142246585588,25.75225112476342,25.368115255302722,25.541353225708008,37624200
2021-02-24,25.511225625741968,25.646803675427673,25.36058302906135,25.420841217041016,30686100
2021-02-25,25.47356605529785,25.69199767991177,25.262668140922255,25.47356605529785,37506100
2021-02-26,25.488634256321497,25.533827904424207,25.12709369130682,25.225011825561523,41462800
2021-03-01,25.30032673240377,25.556418274840937,25.240068546762824,25.375646591186523,30407800
2021-03-02,25.368115642958145,25.526289069666785,25.23253759913119,25.240068435668945,27670400
2021-03-03,25.24006927882212,25.948088614296385,25.187344801491296,25.902894973754883,46020200
2021-03-04,25.804975463320595,26.430141194032718,25.488628616407254,25.759784698486328,45449600
2021-03-05,25.827575112787567,26.023408475263704,25.579014399712086,25.902894973754883,30589900
2021-03-08,25.970684614949665,26.264436102277134,25.85770482081449,25.872766494750977,24352300
2021-03-09,26.01587671402993,26.249369998692806,25.9405539824706,25.948087692260742,25167100
2021-03-10,26.091192143717894,26.467797117786034,26.000807754456563,26.30962371826172,33501800
2021-03-11,26.41507698396534,26.452736912895674,26.10626096950717,26.1439208984375,24557900
2021-03-12,26.030943772318484,26.347290655589774,25.993280966270163,26.317161560058594,16342400
2021-03-15,26.369884094466762,26.68623382765966,26.332224164466496,26.67116928100586,21896100
2021-03-16,26.716367888939153,27.010119420140903,26.595854366567437,26.987524032592773,25022400
2021-03-17,26.987524653191894,27.0854399169981,26.45274319167998,26.957395553588867,42540100
2021-03-18,26.761552009451364,27.09296626851518,26.75402117323096,26.942323684692383,24729800
2021-03-19,26.927267621797608,26.979992111754978,26.716369661968137,26.761560440063477,48348900
2021-03-22,26.723894738741162,27.123095183282604,26.633510328768654,27.115564346313477,25427500
2021-03-23,26.979984626783157,27.06283819466442,26.603379589699898,26.633508682250977,27970500
2021-03-24,26.72388975936267,27.062834825190738,26.64103620179714,26.821807861328125,22883400
2021-03-25,26.85194462644225,26.957393594118916,26.550659398849877,26.867006301879883,24875300
2021-03-26,26.874532161771466,27.333990706653125,26.844403073160333,27.303861618041992,27944500
2021-03-29,27.138154146752576,27.672935406123205,27.04023891995722,27.582548141479492,27004800
2021-03-30,27.559950442523512,27.590079528202438,27.130621028035986,27.198410034179688,26303300
2021-03-31,27.22854017077569,27.439438032132497,27.1456866185947,27.288795471191406,26582700
2021-04-01,27.341529846191406,27.45451252616362,27.13063190839678,27.341529846191406,21319900
2021-04-05,27.446979125832062,27.544897258031973,27.190887538495403,27.326465606689453,22096900
2021-04-06,27.31139838472498,27.416850217764722,27.115565012759923,27.15322494506836,20722900
2021-04-07,27.138161592075896,27.296337911963878,26.934794500736015,27.04777717590332,21933800
2021-04-08,27.08543395996094,27.228545714965474,27.017644937397858,27.085433959960938,18129400
2021-04-09,27.040242960475677,27.725664016802966,27.040242960475677,27.567487716674805,31686700
2021-04-12,27.47710008090203,27.891365000605095,27.36412030640197,27.846174240112305,29944900
2021-04-13,28.177590862673718,28.358362558203684,27.78592125008265,27.989288330078125,33967400
2021-04-14,27.996807098388672,28.154983341267123,27.838633728777605,27.996807098388672,23842900
2021-04-15,28.064606242964672,28.42614960889277,28.064606242964672,28.320697784423828,24945800
2021-04-16,28.524062008822693,29.14922769047543,28.478871247534734,29.05130958557129,52829500
2021-04-19,29.073903323148503,29.345059368624852,28.870539162309218,29.322463989257812,30905100
2021-04-20,29.18689298859989,29.555967222242337,29.18689298859989,29.397790908813477,26459400
2021-04-21,29.480637837677214,29.879838203300995,29.47310700219685,29.774389266967773,29365000
2021-04-22,29.73673094927083,29.751795494313296,29.013650026841503,29.104034423828125,33373600
2021-04-23,29.096505188506153,29.247147773949315,28.94586260306299,29.11910057067871,24375000
2021-04-26,29.171824737828345,29.179358447318865,28.99105593581215,29.134164810180664,19773400
2021-04-27,29.00612254952236,29.081445290917447,28.885609036559014,28.9609317779541,19061500
2021-04-28,29.02872099581397,29.330003343531246,29.013656447437786,29.232088088989258,21963300
2021-04-29,29.367662196044165,29.375193032583645,28.855479113306874,29.07390785217285,23569400
2021-04-30,28.99859339829406,29.299878634856643,28.991062560351025,29.111576080322266,28413200
2021-05-03,29.40531632583898,30.007883694551285,29.345058152333824,30.00035285949707,46638600
2021-05-04,30.12839630989397,30.256440615042486,29.6990668923394,30.090736389160156,52802200
2021-05-05,30.26397785284988,30.949398833910184,29.322465358356713,30.105804443359375,76627500
2021-05-06,29.269110459376687,29.839584292684243,28.87358158676052,29.809158325195312,54944900
2021-05-07,29.702673309826842,30.326391197800735,29.702673309826842,30.105810165405273,33807800
2021-05-10,30.29596859363594,30.638250611824247,30.257934679099197,30.31878662109375,30831900
2021-05-11,30.18186656241461,30.478512465823457,29.839581711719894,29.930856704711914,30568600
2021-05-12,29.99931995275003,30.364422902702206,29.900439898641118,30.189477920532227,26208600
2021-05-13,30.044957207846977,30.6382491052178,30.044957207846977,30.50133514404297,25415000
2021-05-14,30.607834514375565,30.66868356865025,30.364429592533966,30.440494537353516,18041100
2021-05-17,30.478515682322428,30.72952556651503,30.43287673022013,30.508941650390625,18095000
2021-05-18,30.56218364391739,30.69148964737621,30.295963694690517,30.463300704956055,15805500
2021-05-19,30.34920345508156,30.34920345508156,29.99170565744353,30.29595947265625,20209500
2021-05-20,30.219900318973586,30.615429193388326,30.212295277856754,30.51654624938965,18621100
2021-05-21,30.584996678211713,30.881642545122666,30.35680777301708,30.38723373413086,21144800
2021-05-24,30.486113509207684,30.531749544586983,30.257921725994965,30.280742645263672,16922300
2021-05-25,30.288355431685222,30.31878139744038,29.847190534554667,29.915647506713867,25916300
2021-05-26,29.885228083025357,29.89283312533904,29.497304188677614,29.603792190551758,28036500
2021-05-27,29.64182804801172,29.80156006128329,29.360392137107773,29.398426055908203,38471200
2021-05-28,29.474481553776545,29.679852483115038,29.421237561160638,29.45926856994629,16154100
2021-06-01,29.61899966823467,29.664638618370155,29.269109755268968,29.28432273864746,23642400
2021-06-02,29.390813579733315,29.61139750780914,29.314751557021737,29.50490951538086,19629000
2021-06-03,29.482093619500105,29.69507254228948,29.38321355341359,29.641828536987305,17376300
2021-06-04,29.702671193595126,30.044956083725733,29.6798531681131,29.778736114501953,19375300
2021-06-07,29.725490895492687,30.12101686158602,29.641820936733737,29.657033920288086,24110700
2021-06-08,29.717890420382204,29.748316395136282,29.269117448291844,29.55055046081543,18880300
2021-06-09,29.66463005343163,30.30356066295332,29.649417074445513,30.280742645263672,29824000
2021-06-10,30.349214820061512,30.972932763392013,30.341606875963535,30.942506790161133,42613700
2021-06-11,30.92728088754326,30.93488592688467,30.38723314534481,30.53936004638672,21386900
2021-06-14,30.448097566243337,30.47852354215782,29.953688514746457,30.14384651184082,23408300
2021-06-15,30.20468212055371,30.303565047481012,29.961280224716873,30.113407135009766,20206900
2021-06-16,30.136237613518166,30.303577574172174,29.87762262958955,29.89283561706543,19177500
2021-06-17,29.870015006946712,30.11341698237827,29.717888046906886,30.029747009277344,19580100
2021-06-18,29.892834364786555,29.999322371076016,29.43645636595156,29.520126342773438,37775900
2021-06-21,29.573365189787406,30.029743109052685,29.573365189787406,29.98410415649414,19488100
2021-06-22,29.976498930406954,30.189474904540567,29.862403000503935,30.128625869750977,15975900
2021-06-23,30.14384082110539,30.166658847943143,29.649428961365786,29.702672958374023,22025400
2021-06-24,29.77112731662414,29.93085929357106,29.72549126697071,29.809158325195312,13436500
2021-06-25,29.755907745603185,29.97649160869575,29.580962823640593,29.6494197845459,22774300
2021-06-28,29.672248531277724,29.82437548846113,29.588581461328204,29.755918502807617,19225700
2021-06-29,29.763526419696476,29.87761946129587,29.649430476516716,29.740705490112305,14516600
2021-06-30,29.771127729545512,29.870010674466037,29.527725789418067,29.786340713500977,21248100
2021-07-01,29.793942627043457,30.143835418128855,29.748306581547745,30.090591430664062,20035900
2021-07-02,30.01452920338731,30.29596504982122,29.95368017009076,30.219900131225586,16592700
2021-07-06,30.02974046600215,30.159049369413623,29.695063548102677,29.885221481323242,18931900
2021-07-07,29.83197667129544,29.93846464671608,29.64181874330723,29.930856704711914,17665200
2021-07-08,29.664645103891942,29.90804708800256,29.61140110121653,29.85480308532715,23021200
2021-07-09,30.067773933381357,30.501333824484792,30.014529939847954,30.128625869750977,21578700
2021-07-12,30.16665382439165,30.615426654142897,30.121014876736023,30.24271583557129,24513000
2021-07-13,30.250324985167996,30.27314300911679,30.06777208883809,30.15904998779297,12222000
2021-07-14,30.212288810095664,30.448082754779062,30.166649868424997,30.38723373413086,15888600
2021-07-15,30.387242551824656,30.569792568320523,30.318785570243655,30.493730545043945,20250800
2021-07-16,30.531761995910284,30.69149398803711,30.372030003783454,30.69149398803711,24270400
2021-07-19,30.478508125338234,30.691484045849332,30.18186226417512,30.53936004638672,29818400
2021-07-20,30.61543493682889,31.725956849338264,30.577403920950175,31.223939895629883,48804100
2021-07-21,31.368452650046503,31.368452650046503,30.82079689640005,31.201112747192383,27530200
2021-07-22,31.277180738074172,31.604252664430213,31.109843704798685,31.54340362548828,18913300
2021-07-23,31.535800299432346,31.817236213183303,31.505374324716463,31.703140258789062,21609200
2021-07-26,31.65749151277205,31.900893432112962,31.482546564594507,31.802013397216797,23720000
2021-07-27,31.809622286802554,32.098663189087,31.627072275997723,32.02259826660156,32544100
2021-07-28,32.21275697782028,33.27003766337546,32.13669495512661,33.04945373535156,53822400
2021-07-29,33.179932305299616,33.23365854079009,32.71174402928814,32.84222412109375,29015000
2021-07-30,32.911293055809324,33.14922263237948,32.765462228508106,32.857566833496094,24763300
2021-08-02,33.23365542348748,33.87837311675915,33.19527996285964,33.74021911621094,43066900
2021-08-03,33.90139790206926,35.19851014107006,33.82464698059962,35.06035614013672,45643300
2021-08-04,34.80707983660107,35.15246490846834,34.546122552063636,34.68427658081055,43391200
2021-08-05,34.53844323276027,34.64589569880458,34.3081875301139,34.584495544433594,23505400
2021-08-06,34.60751767005422,34.7763732058083,34.254458756986494,34.592166900634766,20413000
2021-08-09,34.62287637688538,35.328994364900765,34.62287637688538,35.290618896484375,32374300
2021-08-10,35.459466691008195,37.27849043116161,35.22153415445297,36.98683166503906,81189400
2021-08-11,36.67215344604487,36.9024120946305,35.505521142794976,35.54389953613281,50878200
2021-08-12,35.689727401775386,36.38049749037323,35.566924155786914,36.257694244384766,29676400
2021-08-13,36.38816078961902,37.22475857364628,36.31908380092468,37.209407806396484,35379200
2021-08-16,37.01754085202799,37.58550773204475,36.464924744753354,37.53945541381836,38045800
2021-08-17,37.43967228681425,38.752135381454515,37.38594605270233,38.69840621948242,68817000
2021-08-18,38.55257240543736,39.80363222570697,37.738999240673486,37.84645462036133,88598000
2021-08-19,37.224769001706996,38.34534897412346,37.04056267096579,37.45502471923828,57741600
2021-08-20,37.59317368497599,38.16881436540145,37.34756722888991,37.393619537353516,35157500
2021-08-23,38.59863470949384,39.41988200732473,38.069043305643305,38.32232666015625,88652400
2021-08-24,38.17649659081142,38.41442623173335,37.025215067815246,37.132667541503906,52624100
2021-08-25,36.871712006772654,37.05591541948097,36.01976317138043,36.46492385864258,51036800
2021-08-26,36.610749287926836,36.963808216332325,36.30373974192031,36.365142822265625,29029300
2021-08-27,36.357459414434864,36.457237938066015,35.71274182641574,35.7664680480957,32924500
2021-08-30,35.45946101473514,36.196280269018494,35.42875948050847,35.8892707824707,25774400
2021-08-31,35.85858143232744,36.18093884133967,35.2522391502023,35.35969161987305,34547800
2021-09-01,35.45179632291021,35.50552256229873,34.86080476177601,35.336669921875,32900100
2021-09-02,35.67437556654794,35.97370828673009,35.40574438891274,35.95068359375,26106300
2021-09-03,35.996735907570425,36.09651152905764,35.566923095493856,35.95068359375,20817200
2021-09-07,36.06581338549177,36.457247810567765,35.72042834697749,35.88160705566406,26236900
2021-09-08,35.69739532470703,35.9123031649665,35.49784118145878,35.69739532470703,15839600
2021-09-09,35.666705903596664,35.85858617563605,35.19084072087936,35.32899475097656,21695300
2021-09-10,35.513197944544565,35.574598103653386,34.92988032977889,34.99128341674805,20801500
2021-09-13,35.106411577843474,35.17548858446516,33.924428543588135,34.216087341308594,37086200
2021-09-14,34.285159207804575,34.737996682469344,34.193057514205314,34.315860748291016,24100200
2021-09-15,34.200733083946965,34.82242315231214,34.1316560843664,34.36191177368164,28674600
2021-09-16,34.44634011047815,34.53076788111878,33.793945564165995,34.131656646728516,22424200
2021-09-17,33.90140552001041,34.12398734129241,33.24133983461303,33.686500549316406,56370500
2021-09-20,33.302730255778236,34.26980819665966,33.302730255778236,33.92442321777344,41873000
2021-09-21,33.962801749341025,34.331211450872026,33.655792200801834,33.70951843261719,23645600
2021-09-22,33.76325312015955,34.07025979110317,33.64044986621,33.73255157470703,22616700
2021-09-23,33.98584033593471,34.323551562974,33.886064680546966,33.91676330566406,19719200
2021-09-24,33.82465879355113,34.08561611668883,33.62510457132159,33.72488021850586,16150700
2021-09-27,33.70951861167555,33.870700235837816,33.394835140288365,33.440887451171875,19955900
2021-09-28,33.057139537906764,33.21831829545106,32.56592641327965,33.034114837646484,28512200
2021-09-29,33.172257141560394,33.53299000522409,33.06480467460269,33.410186767578125,18037200
2021-09-30,33.60974626919832,33.80930044673774,32.980379265141245,33.011077880859375,21103300
2021-10-01,32.63498546664866,33.08014601770066,32.005618631391286,32.949668884277344,38483000
2021-10-04,32.94967632756858,33.27203373792367,32.397060277976756,32.5582389831543,28906500
2021-10-05,32.64267364272418,32.842230781755035,32.450793354811886,32.48149490356445,19342600
2021-10-06,32.28192605265179,32.38937849669563,31.997941247267924,32.251224517822266,30483800
2021-10-07,32.63498512245462,32.97269322409991,32.39705261783619,32.80384063720703,19778300
2021-10-08,32.79618094175904,32.93433499374497,32.49684813840989,32.581275939941406,12778600
2021-10-11,32.58127323873756,32.71175042820625,32.24356206060999,32.28194046020508,11984200
2021-10-12,32.35868681755153,32.397062283846935,31.97492629887665,32.12075424194336,16222300
2021-10-13,32.043999488764236,32.166802722984016,31.422306468605296,31.79071617126465,28205700
2021-10-14,31.89817440625802,32.205181055241816,31.867472863001545,31.98259925842285,17590300
2021-10-15,32.15912966134137,32.25890527890798,31.760018407494506,31.844446182250977,23550300
2021-10-18,31.813750655966782,32.00563093383406,31.499067117378875,31.713972091674805,21733000
2021-10-19,31.928875543260393,32.38938994489602,31.882826152599215,32.304962158203125,17159800
2021-10-20,32.327977252463384,33.087824179172294,32.31262648418183,32.849891662597656,22788300
2021-10-21,33.04945893446798,33.072483630074956,32.5659198316973,32.89595413208008,22142300
2021-10-22,32.86525576280493,33.14923777156303,32.71942779676393,33.12621307373047,17183000
2021-10-25,33.15690573549271,33.1876072762809,32.67336671558887,33.1185302734375,22846200
2021-10-26,33.25669040938597,33.58672178618406,32.94200395009038,33.43321990966797,29729100
2021-10-27,33.35646083501026,33.43321468914398,32.7577954120681,32.980377197265625,22317500
2021-10-28,32.965018725261196,33.51763170662353,32.95734187771118,33.14154815673828,18023400
2021-10-29,33.07247560175492,33.64044235435844,32.89594614661244,33.57136535644531,30307500
2021-11-01,33.87837412083306,33.993503433988714,33.341108872540076,33.49461364746094,32681500
2021-11-02,34.599849065922825,35.336668544117614,33.0417794008226,34.88383102416992,69248000
2021-11-03,34.93755286130678,35.298288633012895,34.13933039652983,34.40028762817383,44593100
2021-11-04,34.29189311716299,34.43125981615939,33.53312050793834,33.95121765136719,38172500
2021-11-05,37.234081197526756,37.791548110167966,36.04172272484904,37.636695861816406,173959100
2021-11-08,37.636694167308725,37.776060889194355,36.85469167744371,37.41990280151367,57423300
2021-11-09,37.41989772165442,37.45861003835382,36.50627287045844,36.62240982055664,29920400
2021-11-10,36.699834796190565,38.10124005449276,36.699834796190565,37.954132080078125,42696200
2021-11-11,38.11673372650965,39.10004206961845,37.72960459710749,38.85227966308594,42370400
2021-11-12,39.03809757587201,39.09229836791084,38.37997927803123,38.50386047363281,27780600
2021-11-15,38.50386035496041,38.7903350651135,38.22512692732576,38.44192123413086,27763200
2021-11-16,38.302550626573634,38.836787672857085,37.85347949357798,38.403202056884766,31297200
2021-11-17,38.66645241327078,39.55685050094321,38.47288786843421,39.386512756347656,36889800
2021-11-18,39.56458253389234,40.03688038545102,39.185197768697904,39.804603576660156,32872600
2021-11-19,40.23044507231942,40.91179294102968,39.23939577496623,39.332305908203125,47966200
2021-11-22,39.44844903340287,39.85106358194587,39.00712217229153,39.64201354980469,27287900
2021-11-23,39.16197375652444,39.83557743594853,38.94517949316353,39.549102783203125,24946200
2021-11-24,39.6265321839438,39.742672087371666,39.26262990985957,39.40199661254883,18556800
2021-11-26,41.84090373811961,42.53773417779599,41.22923919889662,41.809932708740234,66561300
2021-11-29,42.70033477450627,43.12617613259196,40.34658947593341,40.57112503051758,72660800
2021-11-30,40.50144964364012,42.16610308939258,40.191745165864376,41.600894927978516,64598400
2021-12-01,40.62532370773354,42.71581822803768,40.15302579119244,42.33643341064453,59810400
2021-12-02,41.67057463513095,42.64614158711786,40.85760414418221,41.066654205322266,46361700
2021-12-03,41.585403941814626,42.127385229891594,41.11310600439841,42.01898956298828,37574800
2021-12-06,41.639599648346994,41.72476851186649,39.68072760163949,39.85880661010742,53724000
2021-12-07,39.680729686958806,40.648552362250484,39.02261144918463,40.04463195800781,41575400
2021-12-08,40.842118535108796,41.0976251493408,39.510393535364926,39.796871185302734,37429200
2021-12-09,39.88203441267872,40.91954041034761,39.88203441267872,40.3233642578125,38325700
2021-12-10,39.64201863644221,40.91954283648276,39.57233528345378,40.8653450012207,26079400
2021-12-13,41.376355777869726,43.14940770615234,41.376355777869726,42.739051818847656,54923200
2021-12-14,42.40612110614653,43.31974599985384,42.057704332519066,43.00230026245117,48685700
2021-12-15,43.44362527126816,45.619288782599575,43.2732875331202,45.5263786315918,75202900
2021-12-16,45.18570749136353,47.562679848425105,44.713409532819476,47.42331314086914,75183600
2021-12-17,46.40129228541799,47.376856278391124,45.44895509236596,46.05287551879883,104192100
2021-12-20,46.92004167671806,47.779468676887355,46.32386551346226,47.24523162841797,55712200
2021-12-21,46.463221046030476,46.486450794334,44.256586938586715,45.64250946044922,63877900
2021-12-22,45.87479787068784,46.912303965990134,45.07731287815959,46.10707473754883,62594900
2021-12-23,46.316118694165276,46.51742745150098,45.14699027816876,45.45669174194336,39203200
2021-12-27,45.565086545335355,45.97544533362343,45.08504736569515,45.83607864379883,27362600
2021-12-28,45.71994789607743,46.02965236953756,44.19466119122227,44.91471862792969,36901700
2021-12-29,44.37274464143345,44.93020861410196,44.18692134816991,44.58179473876953,26170200
2021-12-30,44.713409624010644,45.47992651713175,44.54307188030361,45.216678619384766,24559000
2021-12-31,45.317329400477384,46.300637623329955,45.247646047564665,45.71994400024414,28579600
2022-01-03,45.294097293160924,45.33280960611826,43.621699972786615,43.86172103881836,57219200
2022-01-04,43.52879308449827,43.691386583208086,41.76348253680759,42.22029495239258,66993100
2022-01-05,43.234573017088046,43.69912670205661,42.87067075994115,43.07197952270508,52956400
2022-01-06,42.70808190508285,43.071984201761694,42.18933033229955,42.46031951904297,37000400
2022-01-07,42.86293299706673,43.18037873035212,42.29772488431764,43.141666412353516,27703400
2022-01-10,43.133929722708736,43.55977120231352,42.38290117075301,43.544288635253906,34044700
2022-01-11,43.939145298518405,44.4656410203185,43.21134377888186,43.8926887512207,33576600
2022-01-12,43.621699972786615,44.25659135667944,43.281027483777834,43.86172103881836,27608500
2022-01-13,43.768814210871014,43.939151956546795,42.75453787977399,43.00230026245117,28117900
2022-01-14,42.56872088339784,42.87842538412254,42.204818538080474,42.545494079589844,27072500
2022-01-18,42.19706746296621,42.23577977818347,41.368611512363444,41.89510726928711,35598000
2022-01-19,41.53895381761943,42.18933082699026,41.38410158613863,41.45378494262695,27300400
2022-01-20,41.77896853522776,42.21255415701,41.08987926303773,41.84865188598633,35105300
2022-01-21,42.135131439111,42.48354823315959,40.61758601787797,40.87309265136719,41059000
2022-01-24,40.06785931094756,40.30788040101954,38.573540843355886,39.90526580810547,59036400
2022-01-25,39.76590608270131,40.91180799274041,39.672995915282186,40.67953109741211,43983200
2022-01-26,40.70274639764593,41.51571677831734,40.617577537598045,41.043418884277344,39644800
2022-01-27,41.3632877241982,42.580314979884164,41.3476844672772,41.63633728027344,36957200
2022-01-28,41.948390773294,42.65051938334252,41.42569215344188,42.38527297973633,28590400
2022-01-31,42.12782588241393,42.23704569557603,40.871792079016316,41.1058349609375,38644600
2022-02-01,41.14484407016971,41.47250350553274,40.87179156468385,41.40229034423828,27883300
2022-02-02,41.2228561331311,42.229243756121804,40.91860010199824,42.01860427856445,32039300
2022-02-03,41.605127872693494,42.04200710077786,41.41789179207409,41.644134521484375,22635800
2022-02-04,41.36328620923039,41.683145524353506,41.059030150456785,41.34768295288086,24932200
2022-02-07,41.58172592204034,41.80016853531582,40.754774166123056,41.511512756347656,32358500
2022-02-08,39.50654507940141,40.41151322348186,38.76540668250394,40.333499908447266,67922000
2022-02-09,40.286691227526795,40.34910426206264,39.709385538156695,40.15406799316406,38522200
2022-02-10,39.818603705720754,40.07605002236086,39.31150823740519,39.475337982177734,34200600
2022-02-11,39.264694165057804,39.97462590356291,39.06965794045732,39.61575698852539,34997800
2022-02-14,38.86682625010444,39.39732512351232,37.82143176144976,38.85122299194336,42973100
2022-02-15,38.85121826146009,39.038454360578164,38.39093261781236,38.84341812133789,29150000
2022-02-16,38.68738952468658,39.615760975859686,38.562566447419464,38.75760269165039,27672600
2022-02-17,38.85902160925865,38.976041567890334,38.03206687858388,38.14908981323242,21231700
2022-02-18,38.0554640650213,38.63277255185342,37.602981608653515,37.86042785644531,26955300
2022-02-22,37.08808723379529,37.68879913109511,36.93985780624374,37.080284118652344,34814800
2022-02-23,37.12710070814162,37.57178312052858,36.495182186109986,36.56539535522461,25793000
2022-02-24,35.77745162255565,36.47958036533076,35.41858562229167,35.855464935302734,44227300
2022-02-25,35.73843898325256,37.47035863963958,35.68382907826835,37.228515625,31199200
2022-02-28,36.52638618621199,36.79943572729828,36.15191696871502,36.62000274658203,35296100
2022-03-01,36.42496649578597,36.77603231705954,35.44978531225759,35.69163131713867,29854500
2022-03-02,35.972482963543584,37.39234648878979,35.88666654564133,37.212913513183594,36516200
2022-03-03,37.19731573769903,37.90724760491363,37.041286134527404,37.31433868408203,30553300
2022-03-04,37.0568841130292,38.047668529594304,36.98667095040595,37.95405197143555,33217300
2022-03-07,37.641990181169504,38.102275776000624,37.07248478011006,37.43135070800781,33171300
2022-03-08,37.119297406145364,37.77461629404596,36.253336052824224,37.010074615478516,32913300
2022-03-09,37.548369776719035,38.39872772140571,37.446950120192305,38.03205871582031,24718900
2022-03-10,37.688804390772916,38.45334610057324,37.48596503297917,38.38313293457031,24542300
2022-03-11,38.336326960692325,39.70938390379562,38.18029735679188,39.217891693115234,33701900
2022-03-14,39.568959838577044,41.27747651091922,39.31151053089979,40.76258087158203,42314500
2022-03-15,41.051228343881895,41.28527124455745,39.92782063502907,40.73136901855469,30172100
2022-03-16,40.98882153015109,41.55832705798549,40.707968836749544,41.285274505615234,29891400
2022-03-17,41.285269402701665,42.32286361662969,41.18385270174415,42.3150634765625,30598600
2022-03-18,42.42428291542505,42.90797194773298,41.90158425507849,42.525699615478516,51815000
2022-03-21,42.315067829420705,43.14201965838279,42.04981839959848,42.276058197021484,34592500
2022-03-22,42.28385906073138,42.3774756262633,40.957611982291866,41.37889099121094,32253600
2022-03-23,41.36329644276312,41.737765759747155,40.6923711338268,40.71577453613281,29183700
2022-03-24,40.98881774826363,41.23066078614318,40.793781504287516,41.02782440185547,25177500
2022-03-25,41.144840931706916,41.54271349801532,40.96540499629519,41.17604446411133,17429600
2022-03-28,40.98101898304802,41.78457041723725,40.957615583611464,41.56612777709961,21863700
2022-03-29,42.12782533692332,42.190238358503066,41.05122452280617,41.14484405517578,39970000
2022-03-30,41.50370503443002,41.90938069810081,40.54412726259993,40.91079330444336,27599600
2022-03-31,40.56754029398295,41.254068732242814,40.364703901960524,40.38810729980469,26055200
2022-04-01,40.661153863823,40.69236037599268,39.865405659597194,40.23207473754883,19073100
2022-04-04,40.39589949261044,40.46611264834565,39.29589537010302,39.740577697753906,20462800
2022-04-05,39.63916588273545,40.68456023218815,39.592356114485284,39.97462844848633,21176700
2022-04-06,39.912225555192805,41.41790592523806,39.912225555192805,41.246273040771484,31717500
2022-04-07,40.95760226082363,43.22782352424006,40.95760226082363,43.03278732299805,36305700
2022-04-08,42.790946066648246,43.36045445578258,42.48669003542254,43.040592193603516,24612200
2022-04-11,43.26683232877252,43.93775737069415,41.95618875292944,42.073211669921875,22054300
2022-04-12,41.58172102196974,42.073213123900125,41.07462864151656,41.433494567871094,22810700
2022-04-13,41.449099882943685,41.9873987992356,41.11363733371322,41.42569351196289,15777800
2022-04-14,41.65974205094989,42.057614671069466,41.3788893892105,41.44129943847656,17240100
2022-04-18,41.21505950806323,41.433499143704545,40.27888496443112,40.44271469116211,17065000
2022-04-19,40.302288750998564,40.47392159553087,38.51575606787357,39.147674560546875,33441500
2022-04-20,39.00724248071412,39.132065537611744,38.39092733527489,38.81220626831055,24751800
2022-04-21,38.95263049162079,39.01504052871647,38.16468256917195,38.31291198730469,19105600
2022-04-22,38.18810438318274,38.30512436607474,37.3689525988688,37.54838562011719,22156800
2022-04-25,37.329937609225254,38.375332043657934,36.76043210796211,38.1880989074707,27390600
2022-04-26,38.2193076289454,39.20228909072802,38.16469473705233,38.250511169433594,25366500
2022-04-27,38.31292066823509,38.93703606068509,37.61078899171825,38.804412841796875,25819200
2022-04-28,39.35051474958336,39.60796404129351,38.609379342334,39.40512466430664,28225400
2022-04-29,38.905823051929005,39.272492085787256,38.227097861950405,38.281707763671875,28343300
2022-05-02,37.19730847280058,38.039863403742956,37.02567564523119,37.71220397949219,36228400
2022-05-03,38.125687599986776,39.03845885217967,37.212919323811064,38.45335006713867,33716900
2022-05-04,38.14128481718071,38.905826484756524,37.37674314960489,38.74199676513672,28613700
2022-05-05,38.58596830978478,38.65618147395612,37.0958915821636,37.79802322387695,28333000
2022-05-06,37.517173866363045,38.398738566033224,37.478167210841434,38.2583122253418,19891400
2022-05-09,37.74341073819642,38.35972294159289,37.26752187753611,37.94624710083008,25012300
2022-05-10,38.25830917625049,38.929234311412486,37.98525665732674,38.609375,27335900
2022-05-11,38.281707272845345,39.194478288231714,38.250500764828494,38.578163146972656,29699500
2022-05-12,38.538843444943446,39.66354870795142,38.318622442492476,39.63208770751953,33468400
2022-05-13,39.62421608682638,39.94668377648478,39.073660689772,39.262420654296875,22423700
2022-05-16,39.223101395767756,40.15117985191858,39.223101395767756,39.8523063659668,19435600
2022-05-17,40.0725314027716,40.52084014326976,39.46692066554218,40.379268646240234,19918200
2022-05-18,40.28488910696465,40.44218810520074,39.451190614997444,39.63995361328125,22276000
2022-05-19,39.325347649581694,40.0253383576985,39.00287991886656,39.836578369140625,19865500
2022-05-20,40.324215417204634,41.44892069978172,40.2141049140633,41.26802444458008,31250400
2022-05-23,41.354536948453934,42.23542389402079,41.27588445313534,41.59048843383789,24035800
2022-05-24,41.45678773264762,42.16464530930259,41.45678773264762,42.00734329223633,26729800
2022-05-25,41.84217270050727,42.510702445606796,41.724195451237435,42.243289947509766,24003900
2022-05-26,42.5185638486163,43.19495725847105,42.37699236741083,42.46350860595703,23516300
2022-05-27,42.40846036933669,42.79385015917047,42.09385933709404,42.400596618652344,21407500
2022-05-31,41.9365524791068,42.078123977371305,40.85117199250759,41.716331481933594,66058200
2022-06-01,41.88150005452169,41.905094305728404,40.772525243512,41.18937301635742,17430600
2022-06-02,41.189371139679686,41.480380892639396,40.14331837993005,41.433189392089844,21903400
2022-06-03,41.260154246986225,42.10171645101118,41.260154246986225,41.84217071533203,18125000
2022-06-06,41.83430708413009,42.25115784263721,41.68487183125315,41.88936233520508,16544400
2022-06-07,41.90508973228737,42.44778145310366,41.69273249374439,42.43991470336914,15091200
2022-06-08,42.51856649998358,42.91181997223553,42.007335785941684,42.054527282714844,12789800
2022-06-09,41.89722706989984,42.19610056156147,40.66241135470424,40.7253303527832,17572700
2022-06-10,40.35567345082464,40.40286194853761,39.28602349846975,39.301753997802734,23826000
2022-06-13,38.397270299884575,38.759062788508224,37.52424707712482,37.681549072265625,26989000
2022-06-14,37.55570262236565,38.121988522522024,37.13885494602031,37.68940734863281,23290300
2022-06-15,37.65796033477238,38.52311693424346,37.1074047713424,38.15345764160156,25748000
2022-06-16,37.50851136390096,37.75232957249279,37.013014198467616,37.343345642089844,20424500
2022-06-17,37.26470124573498,37.77592897835519,36.39954177468494,36.596168518066406,45047700
2022-06-21,37.21751443597601,38.09840151722124,36.92650765918976,37.8388557434082,19622100
2022-06-22,37.77592702818784,38.99501517444676,37.5714365457537,38.593894958496094,20382900
2022-06-23,38.71974446116568,39.45906006056544,38.52311768470214,39.396141052246094,20061700
2022-06-24,39.83657795409315,40.61521814928229,39.561298723242594,40.57589340209961,24343200
2022-06-27,40.489381583286224,41.07926185635325,40.3163490764283,40.803985595703125,16154300
2022-06-28,40.76465511705431,40.87476560584455,39.64781373014084,39.84444046020508,16417900
2022-06-29,39.89949339502756,40.45791255601743,39.8444381538193,40.064659118652344,13925700
2022-06-30,40.65454810242544,41.5983571570974,40.18264507523259,41.23656463623047,33495700
2022-07-01,40.9298317408711,41.18937753346736,40.30849038847269,41.142189025878906,16143300
2022-07-05,40.701731539420955,40.81184202392633,39.63994843850685,40.61521530151367,18406800
2022-07-06,40.61521614269106,41.65340501850888,40.56802764851754,41.48823928833008,21305500
2022-07-07,41.645549108126396,42.10958838998414,41.51970809950157,42.01520538330078,17847600
2022-07-08,41.724193004337536,42.40845320923059,41.496105269277884,41.818572998046875,11322700
2022-07-11,41.68486676616086,42.266883207172626,41.48824003613179,41.598350524902344,12921400
2022-07-12,41.44105257679446,41.51183832651023,40.67027608004839,40.92982482910156,14633500
2022-07-13,40.788255325683515,41.142184091582195,40.51297606319065,40.73320007324219,12927300
2022-07-14,39.91523035902247,40.57589636083843,39.8208503588448,40.41859436035156,14023800
2022-07-15,40.143320973597554,40.82758127420253,39.66355118801388,40.70174026489258,19885700
2022-07-18,40.866910347799895,40.874777099374555,39.734341144267006,39.91523742675781,15742900
2022-07-19,40.14332059688451,40.51297687060251,39.80512232498404,40.40286636352539,13402100
2022-07-20,40.41859223593915,40.47364748317292,39.726465270346985,39.97028350830078,12774400
2022-07-21,39.773659534493575,40.22196829331336,39.4669222784891,40.20623779296875,15103800
2022-07-22,40.3163417440986,40.528698963815685,40.07252652909006,40.292747497558594,10932100
2022-07-25,40.379273790458306,40.80398833565446,40.379273790458306,40.717472076416016,12995800
2022-07-26,40.772519209726916,41.56688988575495,40.67027246915184,41.13431167602539,16632500
2022-07-27,40.85118018439513,41.09499848036268,40.261299823432985,40.859046936035156,19203500
2022-07-28,40.304208976777524,41.47727419554133,38.917141762896364,40.201171875,38984900
2022-07-29,40.07435428505462,40.19324394598362,39.0598116417744,40.03472137451172,25037900
2022-08-01,39.88413316834993,40.66089057066558,39.749390925708624,40.113990783691406,19709900
2022-08-02,40.34384106430075,40.795628420004384,39.33722622965174,39.38478088378906,17802000
2022-08-03,39.4640487972677,39.68597860819689,39.10737372715514,39.51953125,16500100
2022-08-04,39.551236372580426,39.67012604690668,39.0043335905522,39.51953125,17026300
2022-08-05,39.34515615225011,39.60671887853981,38.88544396848371,39.0518913269043,16376600
2022-08-08,39.14699902555939,39.479896726461874,38.790323997294784,39.289669036865234,16071800
2022-08-09,39.43234220808599,39.71768225356343,39.25004229537914,39.456119537353516,12095600
2022-08-10,39.57501352764711,39.6701258714007,39.13907867657901,39.59086608886719,17355100
2022-08-11,38.21965258591626,38.940927516253566,37.89468262880971,38.2751350402832,44048800
2022-08-12,38.4811982858806,39.939600177342136,38.4811982858806,39.71767044067383,25835500
2022-08-15,39.60671001172451,39.68596977697119,39.14699490730833,39.432334899902344,15797800
2022-08-16,39.13907884973557,39.77316618350962,39.12322628844535,39.51953125,12874800
2022-08-17,39.35308394468933,39.51953130310991,39.03603876559278,39.0518913269043,13607200
2022-08-18,39.14700169511396,39.250041826654034,38.34646704247719,38.50498962402344,18916300
2022-08-19,38.711061730591176,39.19455417959286,38.623874171123155,38.95677185058594,15350200
2022-08-22,39.00432832372307,39.154926123861145,38.631803766189904,38.75862121582031,13601200
2022-08-23,38.378169704410936,38.457432508133266,37.85504729411079,38.053199768066406,16248900
2022-08-24,37.96601824889039,38.0532028045918,37.553860707345834,37.59349060058594,15551500
2022-08-25,37.66482604231799,38.00564857044453,37.4666735503173,37.96601867675781,14460000
2022-08-26,37.74408413690485,38.013571634882204,37.01488445035845,37.1099967956543,16546700
2022-08-29,36.761249572041784,37.00695671640886,36.555169296079846,36.642356872558594,13400500
2022-08-30,36.729536115628534,36.73746088279815,36.30152612287875,36.341156005859375,16303000
2022-08-31,36.46798148080523,36.68991431681615,35.7704869206764,35.84974670410156,26416800
2022-09-01,35.77841379823298,36.97525655403193,35.77841379823298,36.95940399169922,19947600
2022-09-02,37.04658594014458,37.09414059634534,36.087525718018526,36.22227096557617,14667700
2022-09-06,36.42835138591984,36.80880378665918,36.087528876672046,36.26982879638672,17153500
2022-09-07,36.22227637713585,36.62650613306688,35.968641427616944,36.5630989074707,15378900
2022-09-08,36.475914272860216,37.34778410430758,36.35702155785951,37.31608200073242,18271000
2022-09-09,37.41118342479681,38.03734589680585,37.33192063010591,37.918453216552734,17501700
2022-09-12,38.10868325371178,38.32268525367713,37.7995628706767,37.855045318603516,13744800
2022-09-13,37.35570432791678,37.50629911597531,36.475906881186994,36.61064910888672,16603200
2022-09-14,36.618575047019476,36.78502238701034,36.285677343471164,36.57894515991211,17162500
2022-09-15,36.54723990336203,36.68990991526528,36.222269992597205,36.41249465942383,15802000
2022-09-16,36.53138717656316,36.95146941881745,36.174712148438495,36.483829498291016,30629500
2022-09-19,36.206417264703745,36.36493983536634,35.49306720850531,36.01618957519531,16256200
2022-09-20,35.66744164863767,35.88144666135747,35.2235790640818,35.48514175415039,15369000
2022-09-21,35.51685736784796,35.65159962480368,34.795582344532214,34.811431884765625,17505200
2022-09-22,34.613275647545905,35.66744835009421,34.49438596718583,35.32662582397461,18508100
2022-09-23,35.2235808740219,35.318696233606914,34.54193893839585,34.9382438659668,18871700
2022-09-26,34.72424067043572,35.13639817963705,34.61327274507755,34.74009323120117,18680200
2022-09-27,35.04921094105827,35.33455099042069,34.668758549763986,34.946170806884766,21562700
2022-09-28,35.40587711819473,35.516845026240524,35.04920513910112,35.21565246582031,16532600
2022-09-29,35.199804231561274,35.36625157872729,34.83520441675001,35.001651763916016,13559900
2022-09-30,35.00957840283152,35.35832869960377,34.66083112962614,34.684608459472656,22962300
2022-10-03,34.93031924376831,35.09676660279541,34.470607058326735,34.985801696777344,22834300
2022-10-04,35.07298594533709,35.54062587888425,34.94616848998023,35.23943328857422,28198800
2022-10-05,34.96994400024414,35.16809645291211,34.621196772032455,34.96994400024414,15673400
2022-10-06,34.68461169298385,34.70046425554836,34.1139345584973,34.153564453125,22068200
2022-10-07,34.121855907142574,34.121855907142574,33.226205865226845,33.543251037597656,20095000
2022-10-10,33.567025881411205,33.78103090337795,33.091461181640625,33.091461181640625,17888000
2022-10-11,33.020130476024704,33.74140541132879,32.85368311177769,33.2262077331543,20981200
2022-10-12,33.36095032094427,34.1931900989822,33.22620506767267,33.313392639160156,18803600
2022-10-13,33.09939061327025,34.20904576716775,33.05183595073299,34.066375732421875,23135200
2022-10-14,33.99503739975057,34.38341757280881,33.574955129281534,33.97126007080078,16980500
2022-10-17,34.23282447384937,34.724244845970475,34.23282447384937,34.59742736816406,16678400
2022-10-18,34.914465685051866,35.16017584390658,34.57364318426529,34.946170806884766,18442800
2022-10-19,34.80349797321302,34.93031542674234,33.876145911198584,34.169410705566406,23054700
2022-10-20,34.29622331734876,34.407188195575706,33.939548334786345,34.01088333129883,17715000
2022-10-21,34.3279244810471,35.794251100672774,34.07428963898823,35.627803802490234,36575700
2022-10-24,35.7308515692291,36.35701101917029,35.65951656561979,36.09545135498047,24972000
2022-10-25,35.88145112926086,36.3173859767573,35.58025851568082,36.13508605957031,23127000
2022-10-26,36.39665000984677,36.97525797473762,36.15886761285404,36.50761795043945,21407900
2022-10-27,36.30946500177463,36.547247395838475,36.20642485570567,36.25398254394531,20377700
2022-10-28,36.444205555220705,37.66482561784494,36.40457566198061,37.59349060058594,27854000
2022-10-31,37.31607760529088,37.56178475278518,36.88806750998424,36.895992279052734,29961700
2022-11-01,38.04527499947757,38.378169704410936,37.56971027141083,38.053199768066406,30614500
2022-11-02,37.86297496036408,38.18001710349875,37.213035089836204,37.30814743041992,25813100
2022-11-03,37.06033269505317,37.41206900386504,36.90045144578188,37.228206634521484,20124600
2022-11-04,37.947672617010134,38.003630599613295,37.26018534562122,37.74782180786133,24528500
2022-11-07,37.69985217171178,38.09156105427876,37.3720970044541,37.64389419555664,20304400
2022-11-08,37.60392874068082,38.17150430315589,37.37210107167619,37.851741790771484,18054500
2022-11-09,37.6998579830438,37.97165521604315,37.332133211774504,37.348121643066406,15348100
2022-11-10,37.99563344381313,38.17150312514517,37.45203901922429,37.87572479248047,20480600
2022-11-11,37.62789971383947,38.131524467702775,37.02035476353682,38.05158233642578,20909800
2022-11-14,38.36335970924865,39.826265933738995,38.315394420936414,39.362613677978516,26143000
2022-11-15,39.442555780666815,39.59444129767215,38.51524814901661,38.8270149230957,25440500
2022-11-16,39.01087982780389,39.218726390304575,38.41132736206055,38.41132736206055,15822200
2022-11-17,38.21146899171146,38.77105179242617,37.99562978074375,38.635154724121094,13231100
2022-11-18,38.88297294801161,39.03486151466377,38.26743208976988,38.55521774291992,20666500
2022-11-21,38.45128600695767,38.59517880186862,38.14751503946182,38.51523971557617,14736000
2022-11-22,38.64315098097007,39.370607774209724,38.56321188040883,39.234710693359375,16358600
2022-11-23,39.138777118734296,39.346623643460774,38.787040833903085,39.05084228515625,10710800
2022-11-25,39.11479496347473,39.346622600493404,39.042848560588965,39.338626861572266,6760200
2022-11-28,39.314648501472185,39.76231537854947,39.21872097405602,39.62641525268555,20704000
2022-11-29,39.57045454247645,39.70635160947755,39.250692073855994,39.562461853027344,17160900
2022-11-30,39.682372529199554,40.07408142089844,39.20273185112191,40.07408142089844,35572700
2022-12-01,40.217978120909684,40.89746965543302,40.19399395005121,40.833518981933594,23592600
2022-12-02,40.41782288993258,41.033363658954386,40.35386917651067,40.69761276245117,16881600
2022-12-05,40.69760753944891,40.79353504778984,40.249940751390405,40.553714752197266,17959800
2022-12-06,40.50575715223913,40.649649966769516,39.31464813688113,39.73833084106445,21787100
2022-12-07,39.77030513780631,40.88947072328568,39.77030513780631,40.16201400756836,15929900
2022-12-08,40.11404932050408,41.46503951283368,39.986144941641406,41.39309310913086,26116800
2022-12-09,41.36911967233138,42.24046936808535,41.27319213274311,41.34513854980469,19933500
2022-12-12,41.66488441451738,42.040604808542525,41.36910615192339,41.696861267089844,18532200
2022-12-13,42.4483127875142,43.19975381953769,42.27244614022738,42.42433166503906,29461800
2022-12-14,42.48028281357471,43.9112151809351,42.288427765688326,43.551483154296875,36260300
2022-12-15,43.22372752000704,43.51151313821857,42.68812888015412,42.85600280761719,21627100
2022-12-16,42.37635758397408,42.48028084228725,41.08932113647461,41.08932113647461,65689500
2022-12-19,41.18525072623944,41.41707837202186,40.52974038604715,41.05734634399414,16081900
2022-12-20,40.93743671251519,41.17725706011393,40.641658385459465,41.02537155151367,12433800
2022-12-21,41.25719156001888,41.69686262401651,40.92943643418641,41.29716110229492,12925000
2022-12-22,41.09731136741039,41.329138987671726,40.72958669012179,41.28117370605469,14822300
2022-12-23,41.21722430742255,41.52899102376761,40.961415563268616,41.43306350708008,10666500
2022-12-27,41.45705339149248,41.51301137551796,40.809535655578586,40.87348937988281,12033800
2022-12-28,40.80953096704935,41.08132816515321,40.569710627423845,40.60968017578125,10053900
2022-12-29,40.78555107056796,41.30516131375283,40.761569950730845,41.03336715698242,8971300
2022-12-30,41.00139533571696,41.089330185233194,40.569716828718086,40.96142578125,11396200
2023-01-03,40.77755854975861,41.03337039596548,40.6256730296658,40.97740936279297,15603800
2023-01-04,40.20198580501788,40.47378300245682,39.586445003480236,40.07408142089844,21808400
2023-01-05,39.75432223992297,39.96216878731728,39.10680452616867,39.6983642578125,20057400
2023-01-06,39.95416673399029,41.249198907384226,39.61841889438035,40.705604553222656,29635900
2023-01-09,40.0101259846063,40.17799990977075,38.61916624827098,38.6831169128418,30839100
2023-01-10,38.65113742571138,38.74706799026119,37.8757185172251,38.06757354736328,29212000
2023-01-11,38.13152571779899,38.16350257135811,37.460027040460474,37.93167495727539,23022200
2023-01-12,37.7877900530622,38.1475221069865,37.2362029366991,38.1395263671875,23345300
2023-01-13,37.971652054953964,38.49925804573829,37.963659364714125,38.251441955566406,18737500
2023-01-17,37.20422682685419,37.364108081765394,36.540720686291124,36.83650207519531,29391400
2023-01-18,36.412819549168084,36.65263992824475,35.94916722288407,35.973148345947266,33835000
2023-01-19,35.749310870273064,36.188982005500755,35.68535715268593,35.941165924072266,26614900
2023-01-20,36.19697419167956,36.31688588574598,35.757303062571076,36.06107711791992,25197600
2023-01-23,36.005118607124665,36.22895051328607,35.829248938294405,35.9571533203125,19398600
2023-01-24,35.909184030536274,35.933168196009234,35.293646357209255,35.741310119628906,18853100
2023-01-25,35.997121653945804,36.06107536753857,35.64538537762828,36.02909851074219,20828000
2023-01-26,35.65800106584517,35.73867404401812,35.18202310868034,35.69833755493164,38465500
2023-01-27,35.674135513717104,35.77094370094878,35.319167031406344,35.32723617553711,23798600
2023-01-30,35.32723302107712,35.60959149090563,35.01260413256064,35.13361358642578,24402200
2023-01-31,34.689915386455354,35.722544441073374,34.44789333646393,35.625736236572266,49722500
2023-02-01,35.424044623636966,35.641865354619874,35.02067358347828,35.472450256347656,24482300
2023-02-02,35.198156569995604,35.86775087247854,35.093279241603085,35.77094268798828,35279200
2023-02-03,35.78708506724508,35.811286348846515,35.39984917423561,35.54506301879883,23742000
2023-02-06,35.64993126055687,35.738673381387855,35.27883064387892,35.30303192138672,18071200
2023-02-07,35.351436226665754,35.415977067565855,34.89159350642088,35.16588592529297,22999500
2023-02-08,35.13361898059946,35.57732653451513,35.11748376877818,35.48051834106445,19362300
2023-02-09,35.59346073665405,35.762878917233074,34.88352990151843,34.964202880859375,20809200
2023-02-10,35.09328225568573,35.48051810438226,34.89966279259898,35.399845123291016,18619600
2023-02-13,35.238487690606846,35.50471092678109,35.101339962444904,35.48857879638672,17878000
2023-02-14,35.56926094088918,35.65800306834917,35.15782380513845,35.27076721191406,17506900
2023-02-15,35.02873968855515,35.18202265356848,34.77865161296802,34.94806671142578,18994700
2023-02-16,34.81092331746583,34.835124596001,34.50436045362025,34.649574279785156,17832000
2023-02-17,34.601168183085335,34.988404021860646,34.351080101623694,34.85932540893555,18293400
2023-02-21,34.536637190871474,34.63344540018823,34.383354192186,34.44789505004883,17356600
2023-02-22,34.464024039317316,34.60116872128731,34.13325989620957,34.18973159790039,17394200
2023-02-23,34.11712085403452,34.48822144561518,34.06064915868427,34.125186920166016,21104300
2023-02-24,33.90736719571656,33.92350240592764,33.4878609626586,33.681480407714844,16806100
2023-02-27,33.43139068977934,33.66534663159107,32.85860455153144,32.89894104003906,26370300
2023-02-28,32.67305101125679,32.8424660927208,32.34228691424189,32.729522705078125,31086900
2023-03-01,32.7214646300631,32.88281060753974,32.38263130691221,32.41490173339844,21104400
2023-03-02,32.31808576167958,32.89893791140013,32.116400260844664,32.769859313964844,19110600
2023-03-03,33.00381783621688,33.221638563593174,32.8666731620226,33.19743728637695,20922000
2023-03-06,33.149029737806295,33.28617440407094,32.931209023024294,33.165164947509766,19434800
2023-03-07,33.124831116036425,33.181302815784946,32.35035637559975,32.543975830078125,23205800
2023-03-08,32.52784226575154,32.72952779719964,32.19707811727573,32.366493225097656,16756100
2023-03-09,32.600445230249605,32.72952383163794,31.713030230389382,31.83403968811035,18585100
2023-03-10,31.696890135711335,32.21320446169528,31.64848451359679,31.777563095092773,26328100
2023-03-13,31.672691209643272,32.68111876197813,31.672691209643272,32.15673828125,35299400
2023-03-14,32.31002008712404,32.39069614260545,31.882447764241515,32.18901062011719,24583600
2023-03-15,32.076061105424145,32.69725282516966,31.834039116848675,32.495567321777344,25498400
2023-03-16,32.31809198462298,32.664991359053666,32.04379952757261,32.568180084228516,21095900
2023-03-17,32.7779363274777,32.907014955905204,32.26162181376769,32.35036087036133,57457800
2023-03-20,32.38261899778044,32.96347414383156,32.22127000415779,32.92313766479492,20825400
2023-03-21,32.96348067844016,33.00381716547302,32.51977316612532,32.80213165283203,19982000
2023-03-22,32.834398212226354,32.9554076590946,32.26161216227819,32.27774429321289,15444200
2023-03-23,32.40683258803825,32.67305899033376,32.26968789168766,32.41490173339844,16958100
2023-03-24,32.342282855355464,32.640776496304575,32.164798652775715,32.58430480957031,17218100
2023-03-27,32.705331344416294,32.769869123715246,32.24548851105558,32.447174072265625,20262800
2023-03-28,32.431030844132,32.51170381769018,32.15673842556686,32.26161575317383,13537500
2023-03-29,32.398759976134244,32.48750209230828,32.26161530748464,32.47136688232422,14429500
2023-03-30,32.60851551535972,32.66499029590819,32.471370830036726,32.57624816894531,12634500
2023-03-31,32.713395474907266,32.93928538276597,32.49557471240633,32.91508102416992,23393600
2023-04-03,32.82633782691186,33.45559881291525,32.79407047895763,33.358787536621094,20817200
2023-04-04,33.4313965169229,33.50400343988284,32.88281156066501,32.995758056640625,19514500
2023-04-05,33.31037858734929,34.06064890861019,33.21356732962258,33.5201301574707,29697600
2023-04-06,33.826696714689305,33.963841395374075,33.37492002791961,33.47979736328125,25931800
2023-04-10,33.197435465398804,33.673413381895216,33.173231112033505,33.66534423828125,15137300
2023-04-11,33.72182262901816,33.87510561335136,33.64114964172073,33.7137565612793,15304100
2023-04-12,33.584678399894315,33.71375702784284,33.29425071764083,33.37492370605469,17035100
2023-04-13,33.50400330198123,33.641151079219874,33.318452961286745,33.45560073852539,22880900
2023-04-14,33.48785919061282,33.64920820670895,33.01995042915819,33.22970199584961,20627500
2023-04-17,33.17322828600248,33.302306875540374,33.04414969646458,33.22163391113281,17608600
2023-04-18,33.30231169263672,33.34265125815185,32.697255139631096,32.7133903503418,18541500
2023-04-19,32.61658249941952,32.72145983138061,32.431032190550994,32.46330261230469,17214300
2023-04-20,32.334227417169714,32.422966470147756,32.100271450965565,32.14867401123047,20131600
2023-04-21,32.3422901700689,32.51170526858755,32.19707634920239,32.4390983581543,19227100
2023-04-24,32.42295399500465,32.43102313692884,32.0357182744936,32.19706726074219,17633700
2023-04-25,32.068000067215486,32.20514475383599,31.68883027659664,31.729169845581055,24492400
2023-04-26,31.592022040656794,31.61622332003454,30.978899369096673,31.16444969177246,22401400
2023-04-27,31.15637972435382,31.325797907955877,30.90629163744827,31.253190994262695,22434000
2023-04-28,31.220913332591646,31.390328399438957,31.156372500949107,31.37419319152832,21015300
2023-05-01,31.46294533745916,31.882451644589214,31.35000192351592,31.632360458374023,23917800
2023-05-02,31.69689712649815,32.366491453977076,31.164447475710322,31.5113468170166,38834100
2023-05-03,31.624292210353328,31.777572107640765,30.946628695935864,31.019235610961914,27721900
2023-05-04,30.793347367550382,31.003102056607815,30.67233788768848,30.841753005981445,23675100
2023-05-05,30.962763915484953,31.059572109717784,30.72880795840169,31.05150604248047,19225100
2023-05-08,31.083774804613913,31.245123854001932,30.938560967912416,31.196718215942383,20101700
2023-05-09,31.04343605041504,31.196715943556228,30.970829137353018,31.04343605041504,15987900
2023-05-10,31.19671953795864,31.237059110122967,30.720744592183294,30.898225784301758,15858200
2023-05-11,30.66173630859013,30.702512384383805,30.343702826377573,30.645429611206055,28566400
2023-05-12,30.669892972792063,30.759595362892416,30.36001283720299,30.457868576049805,16541300
2023-05-15,30.417098296455713,30.466027725588294,30.180610721815416,30.302932739257812,16650400
2023-05-16,30.188763301236982,30.3681680742155,30.03382479506863,30.180606842041016,25451700
2023-05-17,30.156140253367536,30.213223018130716,29.772867595005565,29.968582153320312,23206400
2023-05-18,29.93596356298822,29.993046329698625,29.495608124841553,29.74840545654297,27772400
2023-05-19,29.887036167931413,30.702507789312598,29.781023986134198,29.984891891479492,33068300
2023-05-22,30.058288207606623,31.697385002099985,29.968585820351876,31.599529266357422,85718600
2023-05-23,31.43643401487273,32.733034167134576,30.98792519343903,32.32529830932617,75379500
2023-05-24,32.700417992190424,32.73303761083351,31.477210290076894,31.501676559448242,39326400
2023-05-25,31.403814475873883,31.403814475873883,30.70251141179475,30.84929656982422,30266600
2023-05-26,31.020543153948818,31.346729956329412,30.629117124625566,30.661733627319336,20234600
2023-05-30,30.466023809123,30.466023809123,30.10721426316596,30.180606842041016,24371100
2023-05-31,30.253995012228984,31.167325440865298,30.066436918163653,31.004230499267578,46166300
2023-06-01,31.085776414677802,31.15916898285791,30.74327983702214,31.004230499267578,20256100
2023-06-02,31.191789856226887,31.526133100189334,31.118397285075257,31.281492233276367,22736400
2023-06-05,31.37935257511715,31.81970806682186,31.37119922635722,31.51798439025879,18392200
2023-06-06,31.648455663391243,31.68922862348712,31.22441003468373,31.28964614868164,19508200
2023-06-07,31.2733343965759,31.852321592710027,31.093932761161412,31.71368980407715,25295100
2023-06-08,31.83601612989736,31.95833501925802,31.583218781307703,31.876789093017578,17347600
2023-06-09,32.03172488043388,32.28452220758268,31.697381633960905,31.7789306640625,19775100
2023-06-12,31.81155055138893,32.67595169780927,31.795243854410327,32.537322998046875,28334600
2023-06-13,32.3497527467477,32.92058341599015,32.17035113299147,32.847190856933594,26533800
2023-06-14,32.87981394747145,32.89612375240972,32.064342365221115,32.096961975097656,22056400
2023-06-15,32.13773284177003,32.480232501642654,32.03172067195505,32.41499328613281,19905900
2023-06-16,32.50469833247903,32.91243413070727,32.4965418744792,32.66779327392578,60338600
2023-06-20,32.382373926694,32.51284924793718,32.0724969829771,32.080650329589844,26881200
2023-06-21,31.96648647806266,31.99910608776746,31.607676992864253,31.721845626831055,17982900
2023-06-22,31.75446592612899,31.795241998528663,31.32226693353506,31.58321762084961,18039800
2023-06-23,31.566912048236848,31.697387409395283,31.21625893185267,31.232568740844727,23492200
2023-06-26,30.188766339906024,30.21322949840082,29.487460095793452,30.082754135131836,56135500
2023-06-27,30.139831683243706,30.172451296096355,29.585310707858653,29.69947624206543,32414900
2023-06-28,29.76471218009996,29.7973317893496,29.38143954835957,29.593463897705078,30062000
2023-06-29,29.348823013263058,29.536381100048704,29.161261815700257,29.454832077026367,26284900
2023-06-30,29.52823013557144,29.968585609481085,29.471147364225125,29.911502838134766,30867900
2023-07-03,29.764713385621224,29.960427938268683,29.642391401369405,29.887035369873047,14115800
2023-07-05,29.829950729239574,30.188757090602834,29.675009144169124,29.732091903686523,26829400
2023-07-06,29.520074483600087,29.57715725049206,29.047099431320873,29.055255889892578,30177300
2023-07-07,28.965553851206494,29.169421767013876,28.82692205085316,28.97370719909668,22903300
2023-07-10,29.0063249991947,29.365131388708875,28.981861846275674,29.096027374267578,17777500
2023-07-11,29.063409011292723,29.389598914515236,29.047099205053854,29.373289108276367,17731300
2023-07-12,29.5200795065724,29.560852474036157,29.291745289374933,29.348831176757812,17229700
2023-07-13,29.365128704390056,29.650545609056678,29.291736141564588,29.40590476989746,16664400
2023-07-14,29.60161965266657,29.756561253818003,29.365132132534583,29.617929458618164,17915100
2023-07-17,29.45483628630311,29.45483628630311,29.17757578995924,29.242815017700195,20557300
2023-07-18,29.291744308633508,29.748409616960437,29.259127802221375,29.552698135375977,22808300
2023-07-19,29.634241961172318,29.927812273459953,29.52822976822896,29.715787887573242,18589700
2023-07-20,29.683168262586115,30.229532755738376,29.6505486511443,29.984891891479492,22358400
2023-07-21,30.009353341549453,30.52310130488049,30.009353341549453,30.498638153076172,24149700
2023-07-24,30.50679483715802,30.824828288511927,30.474175223999275,30.588340759277344,19414700
2023-07-25,30.49864264188598,30.75959333546291,30.213225682126577,30.22138214111328,21771000
2023-07-26,30.066443693668916,30.457869775245364,29.976741300036778,30.343704223632812,20983700
2023-07-27,30.384924865788957,30.51685386289784,29.832473173344074,29.84896469116211,25346300
2023-07-28,29.972644736753324,30.05510232138703,29.70054257105018,29.741769790649414,24054100
2023-07-31,29.832468360671655,29.840712545532995,29.618081809058143,29.733522415161133,40265200
2023-08-01,29.585110968105496,30.442648000396954,29.164585066623356,29.36248016357422,40931600
2023-08-02,29.378970397134914,29.59335385945999,29.090373524447028,29.14809226989746,34301600
2023-08-03,29.007917592594666,29.09037204033562,28.793530995771288,28.8594970703125,25676500
2023-08-04,28.81827116878619,29.139847933341443,28.579148855755363,28.87598991394043,25746500
2023-08-07,28.867741660226535,29.560369725408236,28.77704302461855,29.420196533203125,31069100
2023-08-08,29.989139022232322,29.989139022232322,29.181073490834017,29.3872127532959,25225500
2023-08-09,29.35423463635984,29.733533333393652,29.280024363618015,29.5521297454834,17210500
2023-08-10,29.535634764081014,29.758265556224618,29.354231197422735,29.45318031311035,18955200
2023-08-11,29.370723485179845,29.914931053958014,29.34598777832858,29.717039108276367,16609400
2023-08-14,29.535630547218002,30.104573726732017,29.535630547218002,29.741769790649414,20295500
2023-08-15,29.585110423652512,29.609846130777715,29.156340342679485,29.181076049804688,20484300
2023-08-16,28.974928169524333,29.39545393845576,28.851246525171163,29.255277633666992,22215600
2023-08-17,29.3542293311438,30.277735479566225,29.345985144745153,30.104576110839844,31113600
2023-08-18,30.055107614905037,30.384928575224556,29.94791430871919,30.22826385498047,24145100
2023-08-21,30.269490644194715,30.665277678117192,30.21177189833742,30.516857147216797,28496500
2023-08-22,30.516857388336383,30.632298026398832,29.453181102393554,30.376684188842773,18524100
2023-08-23,30.582823667764895,30.615806707427584,30.145809401259534,30.22826385498047,19370900
2023-08-24,30.079844671569607,30.21177369070402,29.733532175880246,29.81598663330078,19380800
2023-08-25,29.799491852603595,30.25299760967393,29.651071329135398,29.997386932373047,16421300
2023-08-28,30.046861743126325,30.11282782565892,29.708793433736624,29.857213973999023,15101900
2023-08-29,29.898439806252842,30.459138899844856,29.684056338908032,29.807741165161133,21076500
2023-08-30,29.832473702299325,29.89019244296815,29.535632667182245,29.601598739624023,16833000
2023-08-31,29.634580536718726,29.6758109073648,29.172830581665043,29.17283058166504,27919500
2023-09-01,29.387213727065525,29.73352933510341,29.35423068907418,29.50265121459961,17522500
2023-09-05,29.651072055890022,29.92317740406294,29.148091730190263,29.17283058166504,25856100
2023-09-06,29.073878263138408,29.09036978049259,28.249321268041133,28.340023040771484,35370200
2023-09-07,28.42248359335827,28.562656787342583,28.06792379683418,28.26581573486328,26777700
2023-09-08,28.22458399930756,28.35651298538853,28.076163496787068,28.24107551574707,19467700
2023-09-11,28.23283371814918,28.282305126216826,27.65564317568855,27.985464096069336,27574400
2023-09-12,28.01020412771001,28.208096059203438,27.828800569311426,28.15862464904785,17987200
2023-09-13,28.208094611514625,28.546162860448213,28.034938393985673,28.10090446472168,23853300
2023-09-14,28.232834909716768,28.348272393993856,28.01844831425743,28.15862464904785,23759900
2023-09-15,28.084414809910875,28.381252711606386,27.878275543340454,28.09265899658203,58063800
2023-09-18,28.13388707830607,28.13388707830607,27.573188004510047,27.738100051879883,25421900
2023-09-19,27.66388813977806,28.04318362432743,27.639152435048686,28.026695251464844,30323300
2023-09-20,28.100907776158774,28.10915196325459,27.66389036962264,27.721609115600586,24651400
2023-09-21,27.59792423764031,27.696870198499884,27.070208252475414,27.08669662475586,26980600
2023-09-22,27.27634709969083,27.284591285708316,26.79810252935794,26.95476722717285,28570800
2023-09-25,26.95477300355568,27.19389533996582,26.72389800036576,27.19389533996582,19443700
2023-09-26,26.9795066453445,27.17739856829289,26.682665615486517,26.715648651123047,26015500
2023-09-27,26.74038613620852,26.798104879699178,26.303370321222708,26.468280792236328,26430100
2023-09-28,26.435301525202902,26.64968498532037,26.19617921340734,26.460037231445312,28197600
2023-09-29,26.674424481499642,27.400035706917684,26.63319725009278,27.350561141967773,42421400
2023-10-02,27.169154408599145,28.001955613903686,27.01248656189052,27.985464096069336,44620600
2023-10-03,27.90300957748903,28.12564034950249,27.795816284570982,27.952484130859375,31059900
2023-10-04,27.98546639593588,28.10090703026333,27.218628053513985,27.46599769592285,23722300
2023-10-05,27.58143557408347,27.853537780963592,27.251611476507136,27.59792709350586,21279400
2023-10-06,27.639152195144508,27.67213523145438,27.268100900247106,27.317575454711914,23760400
2023-10-09,27.259860050607603,27.597928350576098,27.020737726244658,27.37529754638672,17468100
2023-10-10,27.276354012697105,27.540212068224367,27.21863211420414,27.350561141967773,19212100
2023-10-11,27.408277816006613,27.48248807656776,27.061962218242762,27.301084518432617,24221200
2023-10-12,27.301084663004932,27.39178644255281,27.020735137782193,27.14441680908203,21809900
2023-10-13,27.160906947340614,27.202137314447423,26.40231600319327,26.476526260375977,32388100
2023-10-16,27.070209939957408,27.968974120731016,26.847579155068647,27.433013916015625,63317400
2023-10-17,27.210385038652493,27.36704975954845,26.550739969832925,27.00424575805664,40015800
2023-10-18,26.83109012606008,26.946527622543314,25.882848155629162,25.89933967590332,30307600
2023-10-19,25.87460027373775,25.973547814550923,25.48705901538159,25.71793556213379,26880300
2023-10-20,25.610740909657306,25.65196970478507,25.132497895199286,25.272672653198242,39407900
2023-10-23,25.371621618834414,25.882846125491607,25.17372810922023,25.429340362548828,29412100
2023-10-24,25.46232016327863,25.586004974830104,25.000568671030987,25.091270446777344,26923800
2023-10-25,25.116005629406718,25.56126716722414,24.9181121368382,25.33863639831543,28857900
2023-10-26,25.239693380963004,25.86635696684847,25.14899159652549,25.693199157714844,27162700
2023-10-27,25.61073985414229,25.668458592224635,24.753201396157557,24.827411651611328,33877100
2023-10-30,24.9346057193223,25.297411272101982,24.827413991739885,25.190217971801758,33063500
2023-10-31,24.9758304468932,25.412844618193326,24.48934172687727,25.19845962524414,42648200
2023-11-01,25.19846141269794,25.62723142901113,25.12425115707767,25.15723419189453,23568300
2023-11-02,25.157234482554365,25.27267196031178,24.90986643672289,25.148988723754883,29640900
2023-11-03,25.478814680145316,25.882847480008085,25.429341693332173,25.77565574645996,28071000
2023-11-06,25.82512949823208,25.899339767008904,25.52828842312479,25.709692001342773,27381200
2023-11-07,25.62722981257958,25.882842025416902,25.470563552516513,25.767404556274414,18086400
2023-11-08,25.495303536808233,25.80863451751883,25.190216742440413,25.4128475189209,29398300
2023-11-09,25.47970045075014,25.496414313541933,24.761020289919934,24.802804946899414,28737700
2023-11-10,24.861302076020916,24.919799002348785,24.25961735589205,24.635669708251953,33844100
2023-11-13,24.51867958276234,24.53539344823152,24.176053310253877,24.217836380004883,35519900
2023-11-14,24.309759528457658,24.82787657427962,24.226191800251,24.451824188232422,40084300
2023-11-15,24.41003830871312,25.362707812440476,24.41003830871312,25.229000091552734,43614600
2023-11-16,25.295854460186014,25.446276047687107,24.62731424839469,24.87801742553711,32407200
2023-11-17,25.003368377685547,25.078579171918996,24.852946789218645,25.003368377685547,27009200
2023-11-20,24.98665489530757,25.187216485019626,24.869661033122657,25.053508758544922,26335700
2023-11-21,25.086938919205743,25.371068263990185,24.869663444139874,25.320926666259766,25988700
2023-11-22,25.396135787871852,25.55491431566409,25.187217259590124,25.33763885498047,19226800
2023-11-24,25.38777840443931,25.655195454783456,25.38777840443931,25.488059997558594,11129700
2023-11-27,25.6969774946779,25.6969774946779,25.09529274178509,25.18721580505371,26066700
2023-11-28,25.162148047098775,25.162148047098775,24.76938019396285,24.81116485595703,29497700
2023-11-29,24.878015026641542,25.254067365211135,24.84458730201048,25.137073516845703,26185200
2023-11-30,25.32928017840085,25.496415627086012,25.0367939401627,25.462987899780273,45356600
2023-12-01,24.20947990822543,24.56882005304501,23.64957815572278,24.159339904785156,103624000
2023-12-04,24.25125904565268,24.769376015604102,24.25125904565268,24.468534469604492,47410400
2023-12-05,24.41003722190618,24.73595117174094,24.293043369818758,24.309757232666016,39853000
2023-12-06,24.30975881910045,24.56881733445212,24.000558711934808,24.059057235717773,33410500
2023-12-07,24.084126803841496,24.150980666688007,23.816711352455453,23.92534828186035,35782900
2023-12-08,23.942064514631767,24.209479992473124,23.89192451101701,24.050703048706055,31890700
2023-12-11,24.050701744220696,24.075770947707362,23.766572415944644,23.933706283569336,37833900
2023-12-12,23.91699363205623,24.117555226368253,23.691361240734505,23.88356590270996,48587500
2023-12-13,21.961512584742476,22.337564916247914,21.52696173623158,22.279067993164062,158100700
2023-12-14,22.362640072815008,22.83061714272258,21.735884470753785,21.836164474487305,101889800
2023-12-15,21.83616267644785,22.554842884355295,21.79437961065305,22.253999710083008,138388400
2023-12-18,22.496346515527982,22.81390196768206,22.329211060338366,22.613340377807617,63329400
2023-12-19,22.79719070788847,23.599437102949416,22.788833775366346,23.532583236694336,70094700
2023-12-20,23.55765067969114,23.616147605094234,23.072959819880502,23.089672088623047,56184300
2023-12-21,23.28187990942946,23.699716941004738,23.215026048134284,23.65793228149414,51056600
2023-12-22,23.766570580079126,24.05905681823139,23.549295134420923,23.733142852783203,35162300
2023-12-26,23.758210901510555,23.84177861616713,23.607789333913036,23.741497039794922,30119100
2023-12-27,23.791638739302694,24.008914175441923,23.657931023820353,23.908634185791016,35000700
2023-12-28,23.90863564811945,24.259618821208274,23.883564852212466,24.059057235717773,30472900
2023-12-29,24.05070030374878,24.12591109754794,23.85013871825828,24.059057235717773,30363100
2024-01-02,24.134265968985137,25.304210919276112,24.092482903869783,24.844589233398438,57948700
2024-01-03,25.070221610433563,25.103649337663256,24.57717379124796,24.844589233398438,43426500
2024-01-04,24.894729680946504,25.028437395881184,24.259617238045934,24.309757232666016,45558200
2024-01-05,24.25126124874935,24.644027477388168,24.02562887331095,24.6273136138916,33612800
2024-01-08,24.535392457626255,24.80280791864858,24.376613929923547,24.719240188598633,32972100
2024-01-09,24.735952588876344,24.953228036573442,24.501963277374443,24.568817138671875,39856900
2024-01-10,24.535392599157067,24.560461802571346,24.134267811387843,24.226192474365234,37413300
2024-01-11,24.092482951605547,24.16769374409961,23.624505926914985,23.733142852783203,46884700
2024-01-12,23.783281591757127,24.184406328481348,23.766569322914947,23.983844757080078,30373500
2024-01-16,23.900277679067692,24.000557670500683,23.582720653712514,23.666288375854492,38826000
2024-01-17,23.532582167127646,23.841782280705285,23.340377509620325,23.52422523498535,33312600
2024-01-18,23.432301788016144,23.507510988229484,23.064604749346756,23.474084854125977,50321100
2024-01-19,23.4239473649913,23.716432046932308,23.340379629898738,23.63286590576172,35549300
2024-01-22,23.666289213396258,23.916992388694496,23.34037683882251,23.65793228149414,41663900
2024-01-23,23.766569974824048,23.94206075689318,23.52422373986565,23.75821304321289,33466700
2024-01-24,23.850138761386123,24.050700347239296,23.674646377563477,23.674646377563477,42720700
2024-01-25,23.59830601828382,23.68313131051079,23.28445454032427,23.30141830444336,47605500
2024-01-26,23.43713812484336,23.674648619497308,23.208111939110783,23.30141830444336,47073800
2024-01-29,23.343829136706482,23.43713549155559,23.165695881253278,23.309898376464844,67082700
2024-01-30,23.6576826473839,24.064843716336092,22.860329126899003,22.919706344604492,86072400
2024-01-31,23.04693889763728,23.33534385604276,22.71612211154585,22.970596313476562,81192100
2024-02-01,22.987563362535052,23.1826603727228,22.673710313961493,23.148731231689453,53883000
2024-02-02,23.05542329079734,23.07238867028865,22.63978120070613,22.843360900878906,51718500
2024-02-05,22.85184555333196,22.85184555333196,22.49558064295368,22.537992477416992,42633400
2024-02-06,22.614334441712177,23.521961264284485,22.537991847485745,23.32686424255371,56958700
2024-02-07,23.369277242810956,23.45410253151039,23.157214830016272,23.37775993347168,36843000
2024-02-08,23.377761129095866,23.48803449541726,23.250523998493247,23.38624382019043,29048400
2024-02-09,23.37775993347168,23.403208005453855,23.22507473739426,23.37775993347168,29062700
2024-02-12,23.360792597972914,23.767951979982325,23.34382721924563,23.462581634521484,30323700
2024-02-13,23.360796295875147,23.606787854729784,22.783986271101764,22.87729263305664,37927500
2024-02-14,22.911220786787663,23.046940586819037,22.826395507291146,22.99604606628418,25270200
2024-02-15,23.11480302552221,23.589822377803156,23.089354953506014,23.33534812927246,36111600
2024-02-16,23.3692767909128,23.65768179616923,23.080871785656374,23.42865562438965,35935300
2024-02-20,23.420171251356603,23.869742490029047,23.343828660278703,23.40320587158203,34232000
2024-02-21,23.411690213096644,23.47955011907458,23.20811049516284,23.471067428588867,27348300
2024-02-22,23.40320489754124,23.496512864510233,23.063905405709804,23.369274139404297,31957500
2024-02-23,23.538924460818446,23.827329430491712,23.488029942025396,23.547407150268555,33182600
2024-02-26,23.471067776434115,23.471067776434115,22.96211766510298,23.0554256439209,45685500
2024-02-27,23.004529712374776,23.07238961521155,22.74157117321303,22.809431076049805,38598400
2024-02-28,22.868808781139247,23.106319255135208,22.750054353095134,22.936670303344727,31010200
2024-02-29,22.962116074466643,23.06390673684473,22.521025900674427,22.529508590698242,54643200
2024-03-01,22.75853421641412,22.81791142306062,22.48709463294009,22.554954528808594,46392100
2024-03-04,22.30896384741972,22.444683654075817,21.723672787930685,21.961181640625,86777700
2024-03-05,21.94421715177657,22.410753769474095,21.79153196986606,22.12234878540039,73646100
2024-03-06,22.817910682858102,23.157210151193922,22.72460434025793,23.06390380859375,84919500
2024-03-07,23.07239160933541,23.17418066343425,22.699161302521368,22.724609375,46423800
2024-03-08,22.800948567570938,23.15721346477866,22.775502114996776,23.089353561401367,45906600
2024-03-11,23.165696469767664,24.081805986765172,23.165696469767664,24.064842224121094,52600100
2024-03-12,24.013944202688332,24.03939227152402,23.54740759938736,23.759469985961914,48758200
2024-03-13,23.996981827539415,24.336281342076553,23.912156544428203,23.937602996826172,39273000
2024-03-14,23.96305203522513,23.98850010655889,23.55589260133156,23.86126136779785,36428000
2024-03-15,23.7170560766601,23.988497285239013,23.632232418005994,23.700092315673828,75727900
2024-03-18,23.759472402833246,23.7764377837828,23.42017287338111,23.513479232788086,36226500
2024-03-19,23.47106454683938,23.564372512818217,23.17417688792201,23.4371337890625,29026600
2024-03-20,23.309897428772704,23.530442507653728,23.080869660176145,23.49651336669922,34468000
2024-03-21,23.538924220886695,23.78491735870961,23.437133566430557,23.462581634521484,29633700
2024-03-22,23.301415255099563,23.61526830989456,23.191143522170744,23.20810890197754,28830100
2024-03-25,23.106320590874862,23.309900315536705,22.987566155965744,23.267488479614258,31110600
2024-03-26,23.28445144897537,23.437135013223507,23.165695408461048,23.40320587158203,38220300
2024-03-27,23.504996091521427,23.700094732884,23.360795209939138,23.564374923706055,34247600
2024-03-28,23.598302380932783,23.852778218389776,23.51347710178045,23.538925170898438,40466700
2024-04-01,23.54740999468719,23.640717972001944,23.394724801956784,23.513479232788086,26596600
2024-04-02,23.38623951847277,23.538924694273813,23.250519721740194,23.369274139404297,32451500
2024-04-03,23.33534672233638,23.53892643246826,23.07238979898783,23.089353561401367,36828600
2024-04-04,23.165694794180755,23.242037383234294,22.59736753006421,22.605850219726562,41922700
2024-04-05,22.529506923045062,22.648262956680355,22.351375299453483,22.61433219909668,39880500
2024-04-08,22.563441745984306,22.750056092594942,22.49558183649791,22.546476364135742,24431400
2024-04-09,22.707642797901613,23.259004729316043,22.60585213125371,22.71612548828125,45127800
2024-04-10,22.495578290301268,22.55495549950318,22.19020793679703,22.325927734375,44541600
2024-04-11,22.351380106381352,22.43620540067565,22.164764135352318,22.342897415161133,32814500
2024-04-12,22.266550600645164,22.325927810048334,21.910285726318538,21.935733795166016,43034100
2024-04-15,21.978147506713867,22.198692601881636,21.84242769705797,21.978147506713867,35660200
2024-04-16,21.901806168788138,22.04600867706375,21.783051732999226,21.791534423828125,28885300
2024-04-17,21.79153158350237,21.79153158350237,21.42678401494038,21.562503814697266,43828900
2024-04-18,21.50312492355662,21.596431267403077,21.401334272742524,21.53705406188965,35788400
2024-04-19,21.537058235503185,22.05449104309082,21.503129090595113,22.05449104309082,38372800
2024-04-22,22.054490756440952,22.478615578680202,21.995113540192705,22.275035858154297,35678700
2024-04-23,22.334410423962076,22.453164842365897,22.21565600555825,22.325927734375,24297800
2024-04-24,22.266552456878458,22.342895051877516,22.08842081381915,22.283517837524414,24547800
2024-04-25,22.28351678254816,22.41923658547489,21.41830182545948,21.42678451538086,47661400
2024-04-26,21.486162641886533,21.664295902005765,21.375890904028143,21.54553985595703,46526500
2024-04-29,21.69822428293176,21.92725205879274,21.66429514090107,21.74911880493164,39995300
2024-04-30,21.75760320758918,21.910288403515278,21.706708681583084,21.73215675354004,38017700
2024-05-01,22.334413121027445,23.28445343670608,22.07145618370435,23.0554256439209,97388900
2024-05-02,23.080869660176145,23.700093066149172,23.00452868855159,23.49651336669922,69649000
2024-05-03,23.632232401673093,23.674644230970834,23.34382743230723,23.589818954467773,60568900
2024-05-06,23.734025917670362,24.03091363249886,23.71706053558693,23.88671112060547,59899700
2024-05-07,23.996981203366474,24.16663014726854,23.242037983011603,23.555891036987305,65606400
2024-05-08,23.496514692656895,24.03939392182592,23.343829504976174,23.980016708374023,39087800
2024-05-09,23.902522505204207,24.324432824373126,23.52366362260694,24.26416015625,47831100
2024-05-10,24.31582182557478,24.350264288135193,24.04028869431952,24.117782592773438,25849800
2024-05-13,24.272770918557274,24.668849392790055,24.255549686901837,24.4880313873291,39609800
2024-05-14,24.582746134204925,24.694682503383664,24.272772160087396,24.436368942260742,23530900
2024-05-15,24.531083744794678,24.961604698495478,24.52247312864381,24.815227508544922,38376300
2024-05-16,24.85828141534676,24.99604799372447,24.686072371221044,24.90133285522461,40077800
2024-05-17,24.884111270616014,24.892721886931305,24.54830544585533,24.660240173339844,26106400
2024-05-20,24.677459775018306,24.720511211442325,24.505250744708174,24.56552505493164,22423300
2024-05-21,24.513858572174087,24.686067582896644,24.384702635285592,24.591352462768555,28119900
2024-05-22,24.51386107637854,25.512669499065865,24.470809640453417,25.486839294433594,46987500
2024-05-23,25.340465619262183,25.340465619262183,24.68607352035267,24.70329475402832,42031300
2024-05-24,24.686070045047607,24.961603175839482,24.582744299847153,24.86688804626465,22589100
2024-05-28,24.79800599520844,24.866889281327634,24.22110785809505,24.36748504638672,32371200
2024-05-29,24.246941794990942,24.25555241178598,23.842252659467405,23.954187393188477,24241700
2024-05-30,24.031676786491644,24.28137969970703,23.928352688980183,24.28137969970703,23298600
2024-05-31,24.401924696743986,24.75495170268468,24.315820188447184,24.677457809448242,78290100
2024-06-03,24.677459951764384,25.426567103979608,24.660238720148623,25.237136840820312,38177200
2024-06-04,25.228527658343705,25.598775947582627,25.116592931095887,25.392126083374023,46309500
2024-06-05,25.4523972368772,25.50406093157789,25.11659143285787,25.44378662109375,27346700
2024-06-06,25.28018875966051,25.435176552475333,24.78939517728488,24.798004150390625,35360400
2024-06-07,24.75495683739439,25.01326877355735,24.582747785080926,24.608579635620117,27526200
2024-06-10,24.410539279143798,24.410539279143798,23.790588032494327,24.16944694519043,36977900
2024-06-11,24.06612456394855,24.393319801428863,24.014460861472223,24.135007858276367,29573500
2024-06-12,24.255547296844036,24.307209344412705,23.730311279257464,23.816415786743164,32507900
2024-06-13,23.678651967366335,23.86808059187472,23.42034005737244,23.80780792236328,33945200
2024-06-14,23.893911650477296,24.298600734047646,23.61837851763731,23.704483032226562,29461900
2024-06-17,23.635600079062623,23.66143028418518,23.13619585823975,23.23090934753418,32194600
2024-06-18,23.230907988118247,23.64420766896423,23.205077784507214,23.60115623474121,29817800
2024-06-20,23.420341698287107,24.0747321350949,23.37728861540029,23.885303497314453,29693400
2024-06-21,23.911135347046546,24.01445946136054,23.730315683536276,23.885303497314453,52487000
2024-06-24,24.06612234266928,24.46220083791976,23.876692069021548,24.41914939880371,35414100
2024-06-25,24.453588168461323,24.49664124626968,24.04889909090474,24.100561141967773,24721600
2024-06-26,24.031678228980095,24.048899460368006,23.30840293375797,23.60976791381836,30745800
2024-06-27,23.566717399552648,23.962795883126553,23.30840384555016,23.93696403503418,28399600
2024-06-28,23.919745873610214,24.212500266910162,23.799198884287943,24.09195327758789,33189200
2024-07-01,24.066121092136257,24.651628188302997,24.05751047629905,24.298601150512695,26209000
2024-07-02,24.29860299654498,24.350266695493264,23.842251818652006,23.962797164916992,21989800
2024-07-03,24.040287294485555,24.152222006675068,23.78197540955166,23.850858688354492,15180100
2024-07-05,23.90252230090216,24.18666604984469,23.825028401889924,24.152223587036133,17268700
2024-07-08,24.15222471287607,24.212499025600692,23.92835526341299,24.048900604248047,25694400
2024-07-09,24.00584670751811,24.057510402382622,23.506442486643774,23.868080139160156,36867800
2024-07-10,23.96279367389846,24.46219786149266,23.93696182818763,24.41053581237793,29873600
2024-07-11,24.780783547865788,25.16825137174106,24.47080797492005,24.677457809448242,47322600
2024-07-12,24.884111622350606,25.09076148991717,24.789398126157906,24.90133285522461,28397000
2024-07-15,24.996047518822962,25.20269738246337,24.823838477969055,25.056320190429688,30534400
2024-07-16,25.142422056055462,25.452395997632202,25.073538775448746,25.400733947753906,26912100
2024-07-17,25.331853888478072,26.08957007150709,25.237138749734257,25.85708999633789,45395000
2024-07-18,25.75376153194676,26.425374764347403,25.512669223373123,25.581552505493164,47279700
2024-07-19,25.779595437504813,25.831257492644106,25.443787973331595,25.8054256439209,30021200
2024-07-22,25.92597083855928,26.02929494170238,25.297409034826234,25.486839294433594,46483200
2024-07-23,25.504059689817456,25.521279278238918,25.254356771176266,25.400733947753906,25528300
2024-07-24,25.409346319401394,25.822646031608787,25.237137284828112,25.814035415649414,29579400
2024-07-25,25.805424552857072,26.63202561167236,25.805424552857072,25.986244201660156,42296200
2024-07-26,26.32679084204672,26.96422187045157,26.20454425180055,26.86817169189453,35657100
2024-07-29,26.798313923071788,27.007880201858672,26.580015507816526,26.824508666992188,41713700
2024-07-30,27.077736839910678,27.54053010053738,26.003708988505956,27.409549713134766,89857500
2024-07-31,27.243641251273967,27.296032401448038,26.60620865130345,26.667333602905273,40978700
2024-08-01,26.824509063402267,26.9030966272943,26.11722265385873,26.763385772705078,39753100
2024-08-02,26.964219488165874,27.34842516490415,26.204541936632275,26.5712833404541,42364700
2024-08-05,25.40120307827744,26.204541292350783,25.191636804886745,25.968778610229492,37838000
2024-08-06,25.960046691368806,26.23946839156287,25.540914141077707,25.60203742980957,29031800
2024-08-07,25.872727017667714,26.029902140543733,25.095585205097066,25.19163703918457,32866100
2024-08-08,25.261493453177614,25.33134888102542,24.92094845060516,25.11305046081543,32094400
2024-08-09,25.0169976610804,25.104317358903963,24.84235993091798,24.929677963256836,25795600
2024-08-12,24.955875898468822,24.98207230906339,24.728845336436994,24.842361450195312,21141600
2024-08-13,24.9296779458963,25.278956736947325,24.72011167055651,25.19163703918457,34620700
2024-08-14,25.1479771380264,25.47979166672577,25.034462693251196,25.217832565307617,23677700
2024-08-15,25.261494937593795,25.33135036954645,24.90348564065085,25.06939125061035,28676800
2024-08-16,25.016998120130886,25.016998120130886,24.31844385569364,24.711380004882812,50332900
2024-08-19,24.755039786736905,25.226563481706584,24.693916499007937,25.14797592163086,26382500
2024-08-20,25.14797655095538,25.488523208300553,25.14797655095538,25.23529624938965,21301300
2024-08-21,25.305153325812434,25.471060597111972,25.26149430648958,25.348814010620117,16729700
2024-08-22,25.34008234678128,25.43613252418187,24.920949757710908,25.130516052246094,20241500
2024-08-23,25.16544082373918,25.270224794957244,25.00826569965444,25.23529624938965,21885300
2024-08-26,25.252761840820312,25.366276288873046,25.121783119071836,25.252761840820312,16506000
2024-08-27,25.305152368189372,25.35754518797589,24.938410957107582,25.165441513061523,16184600
2024-08-28,25.130515029081575,25.392472470214,25.008266779799623,25.104318618774414,19874100
2024-08-29,25.209103483320373,25.22656609198937,24.91221748464437,25.078123092651367,19229800
2024-08-30,25.078119568648294,25.366273389755705,25.034460554883537,25.33134651184082,37137600
2024-09-03,25.016998120130886,25.252760808935236,24.571669151995366,24.711380004882812,44499600
2024-09-04,24.702650453409156,24.92094887735734,24.624062887549027,24.789968490600586,23510500
2024-09-05,24.824897073297677,25.147977808530634,24.755041644153945,24.894752502441406,25927200
2024-09-06,24.93840789794922,25.12177941373858,24.693914764209485,24.93840789794922,31214500
2024-09-09,24.92094834896636,25.83780104391507,24.842360784772495,25.680625915527344,36558400
2024-09-10,25.68935691237523,25.986242882716557,25.48852277522807,25.968778610229492,32378800
2024-09-11,25.916386238217655,25.93385050988257,25.444860896172518,25.898921966552734,31943100
2024-09-12,25.829069374868897,25.942583822156784,25.11305081301582,25.46232795715332,32511800
2024-09-13,25.462326386335498,25.602037235371476,25.313883401049182,25.558378219604492,19987700
2024-09-16,25.82033450460891,26.318054590499283,25.70682006933823,26.25693130493164,29224600
2024-09-17,26.239469103672942,26.318056667170893,25.846532951667953,26.047367095947266,27055300
2024-09-18,26.195810782809218,26.318057366840524,25.960048086047582,25.97751235961914,25812800
2024-09-19,26.099756094245464,26.501426015115538,25.776675395867528,25.898921966552734,22653200
2024-09-20,25.794139815325007,25.802870285722875,25.52344859942162,25.689355850219727,56877400
2024-09-23,25.6980895592885,25.733016439472003,25.479791145316273,25.593305587768555,23126200
2024-09-24,25.540914082931263,25.83780005508274,25.45359438544823,25.759212493896484,21446200
2024-09-25,25.846535472484412,25.942585652972664,25.2440313153994,25.26149559020996,30712700
2024-09-26,24.8685544600626,25.331347688698987,24.72011147468751,25.296419143676758,32310400
2024-09-27,25.34007986711168,25.52344973232937,25.252760169895527,25.401203155517578,25013000
2024-09-30,25.418668516883045,25.488523944551332,25.130514669565777,25.270225524902344,27464700
2024-10-01,25.366272896164592,25.39246930320447,24.91221349919875,25.034460067749023,30725100
2024-10-02,24.97333878647124,25.121781773967328,24.781235117073525,24.982070922851562,24957200
2024-10-03,24.886020137401786,24.90348441089877,24.67645385189237,24.746309280395508,25678900
2024-10-04,24.702651982672965,24.96460944143383,24.65899129588955,24.95587730407715,28769000
2024-10-07,25.645700231350485,26.05610067924998,25.41866966480454,25.497257232666016,51426600
2024-10-08,25.50598638551163,25.75048121349369,25.322616513638653,25.47979164123535,29126600
2024-10-09,25.514718302793444,26.571283503953833,25.409935995619445,26.361717224121094,44244800
2024-10-10,26.099758884984993,26.26566615257228,25.56711186612812,25.619503021240234,34347700
2024-10-11,25.63696736196447,25.70682279079197,25.27895808103793,25.46232795715332,29617600
2024-10-14,25.46232865155778,25.47106078858496,25.191639065654616,25.392473220825195,23594200
2024-10-15,25.40120521668561,25.968780796419185,25.38374094272831,25.706823348999023,29009900
2024-10-16,25.759212728514605,26.03863443061755,25.698089439365177,25.907655715942383,28414800
2024-10-17,25.741748084407458,25.785408765659135,25.514717538352816,25.558378219604492,23779200
2024-10-18,25.584574437944905,25.645699395221403,25.392472425816,25.514719009399414,24244900
2024-10-21,25.514720913023424,25.514720913023424,25.21783490318356,25.26149559020996,23395700
2024-10-22,25.23530017285302,25.313887747113807,24.973342702307047,25.18290901184082,29036400
2024-10-23,25.209102925457906,25.418669214211942,25.034463518753796,25.20037078857422,22217600
2024-10-24,25.200372046383062,25.305154363247603,24.886021764819645,25.008268356323242,31473600
2024-10-25,25.043195601632572,25.086854620472042,24.83362931333046,24.842361450195312,26091100
2024-10-28,24.973340226052805,25.270226218158896,24.938411678518058,25.20037078857422,37922500
2024-10-29,25.331348909174213,25.471059765025075,24.47561950071649,24.851091384887695,102267000
2024-10-30,24.72011280422273,24.97333977279926,24.615330494489864,24.903484344482422,47104000
2024-10-31,24.842360386763946,25.00826598363983,24.702649533876496,24.711380004882812,37909600
2024-11-01,24.86855633422922,24.92094915571104,24.493082774366936,24.528011322021484,46894600
2024-11-04,24.5367407732506,24.571667651597384,24.213658404748504,24.23985481262207,41347800
2024-11-05,24.222390683137963,24.449421222923263,24.08267983796003,24.440689086914062,44175800
2024-11-06,24.388299346544372,24.44069050014434,23.64608439769172,23.890579223632812,65749500
2024-11-07,24.03902068841552,24.091411838691897,23.87311343614158,23.977895736694336,48484800
2024-11-08,24.03997188888719,24.075441273267522,23.685267896959974,23.694135665893555,55951300
2024-11-11,23.694136426698776,23.79168019674623,23.250758113907118,23.26849365234375,54329300
2024-11-12,23.259622899646384,23.445842646636834,23.01133215879754,23.224153518676758,53035200
2024-11-13,23.2596251362721,23.720738972694292,23.037935986994583,23.694135665893555,47983100
2024-11-14,23.711870337180766,23.80941410053129,22.913789767219356,23.073406219482422,45262200
2024-11-15,22.789646118878085,22.789646118878085,21.70780194537451,21.99156379699707,131074400
2024-11-18,22.142309445739826,22.390601877426384,21.902886473469515,22.044767379760742,64221700
2024-11-19,21.90288894185668,22.26645901662039,21.823080711654498,22.257591247558594,52381200
2024-11-20,22.230988831876417,22.25759214012865,21.858550973115467,22.115711212158203,46170800
2024-11-21,22.053637806933423,22.364001269771325,21.97382957610253,22.28419303894043,45048400
2024-11-22,22.328529157505034,22.83398009679813,22.257588704470106,22.745304107666016,41897000
2024-11-25,22.83398117227527,23.45471143408256,22.825113403809006,23.206418991088867,57707600
2024-11-26,23.197553449196988,23.268493912382294,22.709837976217283,22.85171890258789,33001000
2024-11-27,22.842849795119943,23.01133401957288,22.78964487368626,22.904922485351562,28242100
2024-11-29,22.90492318575731,23.259625491751493,22.851718262696682,23.24188995361328,22023000
2024-12-02,23.1177443723339,23.25075752452887,22.816246991969837,22.896055221557617,43866400
2024-12-03,22.90492535434113,22.966998052347755,22.63003125258857,22.66550064086914,49064300
2024-12-04,22.56795895769319,22.6122961166744,22.32853423994457,22.37287139892578,42541500
2024-12-05,22.372867576164094,22.86945246694604,22.293059350551065,22.789644241333008,43647900
2024-12-06,22.825117617515435,23.144350575818404,22.692104448673934,22.81624984741211,31830700
2024-12-09,22.84285075810689,23.44584553095561,22.683234295722933,23.14434814453125,37464800
2024-12-10,23.144347604324828,23.153215373289626,22.621161074879655,22.674365997314453,43280500
2024-12-11,22.505884567223617,22.621163886741485,22.31966646987749,22.37287139892578,39569400
2024-12-12,22.3285326700183,22.594558987909572,22.222121128049345,22.49701690673828,38705100
2024-12-13,22.47040999530161,22.75417180657915,22.399469542482223,22.683231353759766,29043600
2024-12-16,22.692099463679863,22.833980371456335,22.36399880735063,22.390602111816406,40194000
2024-12-17,22.96699390692001,23.463577092696404,22.931524525041485,23.436975479125977,71440300
2024-12-18,23.22415597192977,23.51678558409446,22.931526359765076,22.958127975463867,47575100
2024-12-19,22.789646208720008,23.135480755329105,22.683234668265026,22.85171890258789,50324700
2024-12-20,22.789643549396356,23.49018033018633,22.789643549396356,23.374902725219727,116340100
2024-12-23,23.374906821930505,23.720741388795503,23.224158117412966,23.685270309448242,35350400
2024-12-24,23.5788589445022,23.73847540863727,23.392639172559935,23.711872100830078,19716400
2024-12-26,23.6231941801793,23.694134637214074,23.481313266109762,23.55225372314453,31406000
2024-12-27,23.43697689527888,23.80941472995378,23.42810912643496,23.60546112060547,35218300
2024-12-30,23.481315046652693,23.56999104750876,23.268493659410545,23.428110122680664,32859100
2024-12-31,23.41037263285277,23.632061770836895,23.374903250279335,23.525651931762695,27085500
2025-01-02,23.720737323192157,23.8182810833245,23.55225310787825,23.59659194946289,32899200
2025-01-03,23.676403101420856,23.80054849050527,23.516786634681424,23.578859329223633,33417000
2025-01-06,23.68526841087676,24.164117795556056,23.55225525669496,23.844884872436523,43951000
2025-01-07,23.95129888244869,24.447882165275004,23.889226183514673,24.057708740234375,35030000
2025-01-08,23.986767539986577,24.066575776569863,23.259627332320314,23.81828498840332,35430700
2025-01-10,23.82715050854325,23.986765275285716,23.6675340504468,23.694135665893555,32836900
2025-01-13,23.632062534774228,23.773943452362243,23.374904005903684,23.76507568359375,28359600
2025-01-14,23.773945178612042,23.827151795086397,23.295097469821375,23.41924285888672,25856900
2025-01-15,23.51678520963717,23.632062822322364,23.24188944853083,23.250757217407227,35949700
2025-01-16,23.117745025112036,23.561123339184316,23.02020125478284,23.490182876586914,29981100
2025-01-17,23.410373230836953,23.552254147462623,23.25075677679459,23.321697235107422,35380300
2025-01-21,23.45471310936198,23.62319564819336,23.401506494764057,23.62319564819336,39745600
2025-01-22,23.507915303729643,23.587723525008112,23.029065976058828,23.064537048339844,41890400
2025-01-23,23.06453904697505,23.481314034269317,22.922658128264064,23.445844650268555,40987000
2025-01-24,23.454858804611458,23.617114057048443,23.40077257425539,23.51795768737793,31300200
2025-01-27,23.65316859417433,24.311202222101077,23.5990840859474,24.212047576904297,50648600
2025-01-28,24.13993526570266,24.212048519250423,23.878523647019783,24.112892150878906,40589600
2025-01-29,24.15796391483623,24.40134680667692,23.950638511852993,23.995710372924805,34418200
2025-01-30,24.031764096867974,24.34726022025264,23.959650844607097,24.257118225097656,32289600
2025-01-31,24.302191149796545,24.34726301220029,23.815427071046344,23.905569076538086,37307000
2025-02-03,23.70725721768753,23.860498117027475,23.572045063991297,23.617116928100586,49626200
2025-02-04,23.526972228571978,24.266133522273098,23.076263954918552,23.31964683532715,68748300
2025-02-05,23.391760227625294,24.058808270229395,23.166406089475977,23.833454132080078,50426800
2025-02-06,23.815424288437747,23.86049442625972,23.238518271601855,23.283588409423828,45182000
2025-02-07,23.310633898860594,23.400774183689062,23.013166488705757,23.202463150024414,36512800
2025-02-10,23.238519208524284,23.54500097215386,22.995136328115684,23.31964683532715,39632700
2025-02-11,23.283588790249663,23.355702043533633,22.95006391923907,23.013164520263672,36593300
2025-02-12,22.96809411457653,23.094293605289288,22.688655455347725,22.95907974243164,31671600
2025-02-13,22.977107806748506,23.20246194575465,22.832881295329823,23.112319946289062,30612500
2025-02-14,23.193446793815806,23.283588790249663,22.959078290814013,23.013164520263672,33214600
2025-02-18,23.085278768997927,23.20246216589405,22.914009140319916,23.040206909179688,40499700
2025-02-19,23.049222059292095,23.36471821140842,22.986123172731972,23.337675094604492,37292400
2025-02-20,23.310631550458684,23.508942564144725,23.211475183957887,23.34668731689453,37139000
2025-02-21,23.33767376444625,23.950637289206373,23.301617996745097,23.70725440979004,54611500
2025-02-24,23.797396715670843,24.103878482013123,23.328659694286696,24.022750854492188,43823300
2025-02-25,24.085849277843415,24.36528964254732,23.92359574521884,24.103878021240234,43560100
2025-02-26,24.049794387563,24.139936388519356,23.752326987927983,23.815425872802734,30103300
2025-02-27,23.698243360650856,23.887540022348865,23.44584609240445,23.526973724365234,28268300
2025-02-28,23.49091323744371,23.878522603060148,23.355701107867525,23.824438095092773,51531700
2025-03-03,23.770354501005688,24.24810415849691,23.409786515852705,23.66218376159668,54048600
2025-03-04,23.662183631971047,23.71626814172148,23.13936211954202,23.211475372314453,51315000
2025-03-05,23.16640597753772,23.599085508057982,23.130348490336555,23.38274574279785,37062400
2025-03-06,23.37373287280561,23.85148257370806,23.346689755667164,23.65317153930664,46998300
2025-03-07,23.797396499828047,24.239090401593835,23.599085478417575,24.094863891601562,54337700
2025-03-10,24.013736724853516,24.55458700734355,23.92359644386822,24.013736724853516,53013500
2025-03-11,23.950637931546762,23.995709791526515,23.319647365671116,23.42781639099121,44841400
2025-03-12,23.38274404412502,23.409785438245812,22.9861203103036,23.175416946411133,37331000
2025-03-13,23.220489934463323,23.499928576336217,23.013164545954908,23.076263427734375,36717900
2025-03-14,23.094292704098397,23.220490470570947,22.986121961896483,23.184432983398438,30298300
2025-03-17,23.202462511055803,23.57204317048503,23.067250368220957,23.481901168823242,32676900
2025-03-18,23.62612844222174,23.797398078945815,23.526973784594734,23.716270446777344,32958700
2025-03-19,23.734297986881494,23.88753887105333,23.50894384658854,23.626127243041992,42522700
2025-03-20,23.662183493197887,23.707253631172993,23.454858107607507,23.60809898376465,35378900
2025-03-21,23.554014197026905,23.905567828154478,23.44584517153816,23.689228057861328,349996500
2025-03-24,23.52697447163421,23.635143504807125,23.33767608460794,23.563030242919922,37944400
2025-03-25,23.581057439899446,23.61711492813342,22.99513701062271,23.031192779541016,47607600
2025-03-26,23.004148902871997,23.1213322883689,22.652595307750314,22.724708557128906,49487400
2025-03-27,22.715699417551093,22.7427408156769,22.382174513034894,22.544429779052734,51302000
2025-03-28,22.56245503551369,22.733722928215666,22.36414231023595,22.724708557128906,32352500
2025-03-31,22.355128416592212,22.923021771978284,22.183860520232432,22.841894149780273,53498100
2025-04-01,22.796826216138083,22.850910729725815,22.102735034385383,22.120763778686523,54444200
2025-04-02,22.084707744005097,22.30104753191419,21.913438100500304,22.264991760253906,41965000
2025-04-03,22.30104504268024,22.41823015595655,21.886394258633253,21.895408630371094,53501800
2025-04-04,21.57991296092431,21.724139473200385,20.68751077147273,20.705537796020508,80002600
2025-04-07,19.957363450082934,20.876808816660418,19.605811517874503,20.399057388305664,86106100
2025-04-08,20.642438381252486,20.723566007237054,19.326371060730576,19.68693733215332,72406000
2025-04-09,19.028905394515863,20.31793143594456,18.85763575534224,20.272859573364258,95954400
2025-04-10,20.065531301754376,20.074545672984833,19.01087393820814,19.46158218383789,72960700
2025-04-11,19.46158322212236,19.831163865710813,19.182144576332078,19.750036239624023,55078100
2025-04-14,19.90328118986357,20.038493354550894,19.713984503164504,19.93933868408203,61900900
2025-04-15,19.984404146860697,20.669480902540176,19.948346661096515,20.227787017822266,51814700
2025-04-16,20.272860199480025,20.444129843943216,19.78609610378966,19.867223739624023,37641200
2025-04-17,19.966377501049937,20.326943799984317,19.92130735842654,19.95736312866211,54073700
2025-04-21,19.948349656142575,19.98440714732043,19.71398284074976,19.867223739624023,32021000
2025-04-22,19.99341994621214,20.326943116772956,19.96637682995761,20.308916091918945,36052600
2025-04-23,20.534271940198575,20.786667502257373,20.04750612311521,20.18271827697754,50781000
2025-04-24,20.191731961522613,20.606384501123838,20.03849106721804,20.534271240234375,35009600
2025-04-25,20.525255010806404,20.831736771688412,20.263843389159444,20.66046714782715,35847700
2025-04-28,20.75962380877214,20.993992318579068,20.642438694210863,20.777650833129883,55888900
2025-04-29,20.57933947150105,21.74216762953439,20.245814596303052,21.444700241088867,98540200
2025-04-30,21.81427964195843,22.030619392211467,21.61596691473985,22.003576278686523,53941700
2025-05-01,21.904425086363858,21.93146820627325,21.45371673710274,21.57090187072754,46891700
2025-05-02,21.88639663338333,21.904423659499397,21.606956237136863,21.81428337097168,41685800
2025-05-05,21.81428259736016,21.859352740025674,21.498786440754376,21.516815185546875,40811800
2025-05-06,21.480755082923707,21.534839591406328,20.59736732734028,20.624408721923828,60872600
2025-05-07,20.723565736220305,20.81370773272604,20.480182861449492,20.543283462524414,48270500
2025-05-08,20.570325655676143,20.813708539885386,20.290887003055705,20.705537796020508,55669800
2025-05-09,20.677982110474705,20.760657433719018,20.44832882415506,20.46670150756836,39059800
2025-05-12,20.420767595015445,21.265891667541858,20.374837643554958,21.21077537536621,77480900
2025-05-13,21.03623952246927,21.109728499975542,20.659608293735193,21.008682250976562,41193200
2025-05-14,20.999492608280526,21.036236215199203,20.181925890929392,20.22785758972168,59394000
2025-05-15,20.393211468183488,20.760656356811523,20.29216346676749,20.760656356811523,51800100
2025-05-16,20.806586539834186,20.990309862227893,20.62286496955593,20.97193717956543,37786800
2025-05-19,20.88926173207058,21.15566037270227,20.797400071434982,21.128101348876953,31513700
2025-05-20,21.284264725568963,21.771130279395095,21.27507838469126,21.60577964782715,57047500
2025-05-21,21.55984663399802,21.569032974317793,21.164844512939453,21.164844512939453,42984700
2025-05-22,21.164844512939453,21.275077092546177,20.953562189815248,21.164844512939453,38602800
2025-05-23,21.082172225472103,21.486360744813222,21.01786783401212,21.42205810546875,35405400
2025-05-27,21.63333753482812,21.734385535247057,21.46798865066361,21.68845558166504,36155400
2025-05-28,21.688455210871822,21.716012481703736,21.22914867444245,21.2934513092041,36737200
2025-05-29,21.431242863981964,21.54147720336914,21.27507857191744,21.54147720336914,26091400
2025-05-30,21.569034026663672,21.697641045299893,21.27507813055005,21.57822036743164,56618600
2025-06-02,21.624151812299758,21.642522741500336,21.330194167591234,21.550661087036133,30443900
2025-06-03,21.477170839390222,21.624150529080083,21.18321496424095,21.449613571166992,37887100
2025-06-04,21.504731324054813,21.624152001537958,21.449615031740084,21.486358642578125,24500100
2025-06-05,21.53229055376002,21.53229055376002,21.20158929245425,21.23833465576172,33173600
2025-06-06,21.376124602379676,21.660894137416133,21.35775192215404,21.449613571166992,30426200
2025-06-09,21.532291677885453,22.175319800298144,21.513918995272544,22.019155502319336,42542600
2025-06-10,22.019153909850804,22.432530478167752,22.009967569208726,22.322296142578125,40439200
2025-06-11,22.349856397253205,22.680557670147223,22.340670056104436,22.487648010253906,38558700
2025-06-12,22.5335821477242,22.85509536205034,22.5335821477242,22.81835174560547,42465400
2025-06-13,22.772419848653207,22.919397806153277,22.469275840179428,22.542766571044922,46368400
2025-06-16,22.506019522026243,22.588694835949852,22.303925283610383,22.41415786743164,35102100
2025-06-17,22.29474267333444,22.340672632259157,21.96404136230649,22.046716690063477,40408800
2025-06-18,22.009966631021612,22.120200961912442,21.83543142260774,21.936477661132812,37076200
2025-06-20,22.046714526238695,22.129389845881327,21.835433932536617,22.019155502319336,63098100
2025-06-23,21.927294208373723,22.129388448003382,21.835432553227392,22.07427215576172,31959100
2025-06-24,22.175317650752593,22.41415724522232,22.147760381619925,22.33148193359375,34404200
2025-06-25,22.239621274385193,22.386600975487212,22.111016007050704,22.285552978515625,25603300
2025-06-26,22.340668460963307,22.441716454269447,22.193690517308177,22.267179489135742,31835300
2025-06-27,22.368228484295766,22.432531118510532,22.120202536225626,22.221250534057617,39528800
2025-06-30,22.239620467657172,22.39578475180516,22.156946907452042,22.267179489135742,44730900
2025-07-01,22.303925259415074,23.286840932645784,22.285552578093018,23.002071380615234,59259900
2025-07-02,23.084744195762998,23.296026519903016,22.992884296354163,23.259281158447266,36772100
2025-07-03,23.28684244757778,23.443006744743908,23.1674217633308,23.31439971923828,27104600
2025-07-07,23.296027258721622,23.45219154563067,23.093931268536195,23.185792922973633,34905900
2025-07-08,23.185794283434813,23.847195080385454,23.158235259851917,23.534868240356445,51275800
2025-07-09,23.599170360363527,23.736961971032922,23.277655434058005,23.47974967956543,38362200
2025-07-10,23.49812329571236,23.929870826871223,23.46137968239364,23.681846618652344,39499200
2025-07-11,23.56242561340332,23.626728249925197,23.35114502136989,23.56242561340332,34864400
2025-07-14,23.498122937874108,23.544052891851933,23.277656004972755,23.286842346191406,25918000
2025-07-15,23.277654195962697,23.369515848894807,22.533578136231668,22.607067108154297,54458000
2025-07-16,22.671369739572185,22.92858026524374,22.533578136231668,22.607067108154297,44218200
2025-07-17,22.49683251627932,22.763231131516562,22.46008890679693,22.57950782775879,47393900
2025-07-18,22.698929155858146,22.763233545473305,22.404973240364992,22.47846221923828,36309400
2025-07-21,22.58869521731503,22.64381151015619,22.285552978515625,22.285552978515625,33663400
2025-07-22,22.386600490973834,23.093931198120117,22.359041469092038,23.093931198120117,48091600
2025-07-23,23.31439906709502,23.45219243000498,23.194980138303833,23.29602813720703,42073300
2025-07-24,23.323585958950584,23.461379325114933,23.204167027338972,23.286842346191406,25672400
2025-07-25,23.33356341264358,23.33356341264358,23.00650246691639,23.165361404418945,35643400
2025-07-28,23.062570297464863,23.109292781470938,22.65140566528705,22.71681785583496,31096600
2025-07-29,22.716816700329765,22.735506405920937,22.36172120583962,22.70747184753418,38499800
2025-07-30,22.72616098455933,22.800918022705314,22.24023934543625,22.249584197998047,35649500
2025-07-31,22.053349477091114,22.277620610198664,21.62349513520692,21.7636661529541,62768300
2025-08-01,21.77300906130895,21.97859226854997,21.595462196226183,21.950557708740234,51332700
2025-08-04,21.90383412703153,22.12810524722454,21.86645471582515,21.98793601989746,57010700
2025-08-05,22.679438948252937,23.258805559643523,22.679438948252937,23.127981185913086,113955100
2025-08-06,23.062572886372077,23.090605666983155,22.296312655624817,22.361724853515625,65689200
2025-08-07,22.5859919925742,22.86633044291097,22.371065728492784,22.642059326171875,45494400
2025-08-08,22.698130221409922,22.997158400502677,22.57664890968565,22.96912384033203,36377000
2025-08-11,22.987813547112463,23.28684172620522,22.922401355729487,22.96912384033203,38115700
2025-08-12,23.04388121521842,23.14667282163479,22.866332562957936,23.034536361694336,34402700
2025-08-13,23.127984022695326,23.548493536047424,23.11863916880432,23.5111141204834,40176500
2025-08-14,23.44570009470287,23.529801990805712,23.19339440639435,23.46438980102539,32514000
2025-08-15,23.567179145314178,23.64193618674652,23.333563168044556,23.492422103881836,31844800
2025-08-18,23.492421770049752,23.57652366325959,23.37094224782912,23.42700958251953,35623300
2025-08-19,23.4924216720457,23.763417056224306,23.45504404319083,23.660625457763672,29170500
2025-08-20,23.72603873140254,24.00637898121835,23.679316247607492,23.716693878173828,38111000
2025-08-21,23.744729452949716,24.193271733012033,23.707351820785483,24.053102493286133,37068100
2025-08-22,24.2026172437746,24.39885561059787,24.071792854124844,24.183927536010742,34560500
2025-08-25,24.183925182718106,24.19327003569071,23.464389327312496,23.492422103881836,32684200
2025-08-26,23.492421855016786,23.585868601404407,23.240117956823184,23.286840438842773,43938700
2025-08-27,23.37094224782912,23.520456328569175,23.221428167089062,23.42700958251953,31840300
2025-08-28,23.427011372523385,23.427011372523385,22.903712049949092,22.98781394958496,44306800
2025-08-29,23.062572052056186,23.249463784647645,22.903713099061687,23.1373291015625,37030000
2025-09-02,23.10929287359424,23.42701075667794,23.090603166977896,23.34290885925293,44725000
2025-09-03,23.249461517357027,23.473734426353495,23.09994743292503,23.165361404418945,30957600
2025-09-04,23.156016656844553,23.156016656844553,22.75419688472224,22.931745529174805,41695500
2025-09-05,22.959778804287552,23.25880698100142,22.903711466740834,23.249462127685547,34613200
2025-09-08,23.268152374379692,23.333564566760526,22.71681849238614,22.941089630126953,49242900
2025-09-09,22.941088788414348,23.165361700275117,22.90371115800322,23.09060287475586,32751300
2025-09-10,23.025190020123894,23.034534873044052,22.847643161686275,22.95977783203125,32975900
2025-09-11,22.987813089517623,23.23077392578125,22.93174575264094,23.23077392578125,36784100
2025-09-12,23.18405130858864,23.212085870195022,22.277621871499083,22.30565643310547,81378200
2025-09-15,22.417790964936838,22.539272282070257,22.128107626335687,22.39910125732422,50760200
2025-09-16,22.38975607563008,22.632716923990245,22.30565595730213,22.333688735961914,57010800
2025-09-17,22.408443784785288,22.791573839326063,22.333686744444364,22.47385597229004,46351600
2025-09-18,22.47385785735466,22.651406511437454,22.38975595712326,22.567304611206055,34419000
2025-09-19,22.66075110799649,22.66075110799649,22.25893131863769,22.455169677734375,86577600
2025-09-22,22.688786834853893,23.174706766120167,22.455170832040793,22.464515686035156,67863300
2025-09-23,22.5205817239415,22.76354256668402,22.473857456674544,22.548614501953125,38955200
2025-09-24,22.5859932338173,22.59533808698854,22.408444588260778,22.5112361907959,39669400
2025-09-25,22.511235641384186,22.56730297669473,22.034658835373435,22.053348541259766,56738300
2025-09-26,22.1748310379976,22.24958808921781,22.062696352341636,22.202865600585938,33374500
2025-09-29,22.230897081448177,22.296309269404603,22.090726070286188,22.286964416503906,39184300
2025-09-30,22.2869651816067,23.95030984336671,22.249585768720696,23.81014060974121,164867300
2025-10-01,24.268028436274445,25.651036453751974,23.903588061674547,25.4267635345459,150879900
2025-10-02,25.165115259630475,25.389386400886746,24.87543192496803,25.30528450012207,69684100
2025-10-03,25.417417850769432,25.875304930914712,25.267903774899477,25.576276779174805,70524000
2025-10-06,25.482831534245214,25.566933429659763,24.660502286269274,24.6978816986084,62945600
2025-10-07,24.688537690350756,24.838051780126577,24.34278524377633,24.548368453979492,47744200
2025-10-08,24.68853716907586,24.763294212385347,23.950309806839734,23.997034072875977,48693300
2025-10-09,24.09048020154061,24.202614872439728,23.55783427655021,23.58586883544922,47278700
2025-10-10,23.60455957133165,23.754073660619934,23.00650321417851,23.156017303466797,64963900
2025-10-13,23.21208458854127,23.314876193073754,22.997158308472017,23.10929298400879,45356600
2025-10-14,23.034536861019827,23.165363030844404,22.875677912363887,22.913057327270508,42277000
2025-10-15,22.885021226781888,22.96912312231626,22.623370687080662,22.791574478149414,47729800
2025-10-16,22.838297667286334,22.997156597770076,22.623369620856515,22.642059326171875,44390000
2025-10-17,22.614029880665445,22.922402934385943,22.576650464530275,22.90371322631836,40101900
2025-10-20,22.959780116350068,23.109294213251154,22.903712775599317,23.071916580200195,35856800
2025-10-21,23.09994851158768,23.32421964870812,22.987813834201745,23.2214298248291,40726900
2025-10-22,23.16536285865701,23.29618724516057,23.006503911181863,23.09994888305664,48662900
2025-10-23,23.137328371782772,23.15601807915702,22.903712376650493,23.053226470947266,34219900
2025-10-24,23.081261760019927,23.202741297086945,23.062572052056186,23.1373291015625,27429200
2025-10-27,23.118638641481084,23.17470598119962,23.015847033373273,23.14667320251465,34974900
2025-10-28,23.156015841579165,23.156015841579165,22.782228859607873,22.894365310668945,50152400
2025-10-29,22.922400782643198,23.015845749512046,22.64206053499116,22.698129653930664,65438400
2025-10-30,22.716817577895338,23.081259721608134,22.56730349208698,22.698129653930664,157478000
2025-10-31,22.688785693046015,23.109293407538452,22.57664923310556,23.034536361694336,132697400
2025-11-03,22.9784682724627,23.127982359268067,22.810264479219533,23.043880462646484,140871300
2025-11-04,22.791573740346028,23.54849077565268,22.614026884275166,22.70747184753418,166162000
2025-11-05,22.782229990529945,23.053225387676648,22.576648566119303,22.99715805053711,107240900
2025-11-06,23.127983072108446,23.483078593628665,22.931746495508776,23.2214298248291,124137200
2025-11-07,23.135845750286958,23.421120558984093,22.92664434482459,23.230937957763672,117794500
2025-11-10,23.449650041366386,23.668360860850935,22.736461167082172,23.192901611328125,148958600
2025-11-11,23.287993466194383,24.257930755615234,23.2404482674658,24.257930755615234,139673800
2025-11-12,24.153328845248094,24.676335093503557,24.01069143708135,24.600261688232422,96008000
2025-11-13,24.66682640767153,25.180321454734873,24.410077977273307,24.524188995361328,123083100
2025-11-14,24.41007795493867,24.505170167636166,23.744434279789317,23.83001708984375,96507600
2025-11-17,23.877563470234623,24.31498509782382,23.725416659444203,23.849035263061523,88042200
2025-11-18,23.820507389918973,24.257930837375127,23.75394338598138,24.200876235961914,66511800
2025-11-19,24.105784481998846,24.248421895105785,23.506704807723338,23.658851623535156,62000200
2025-11-20,23.668359565648938,23.77296117521444,23.088300546312144,23.202409744262695,51983200
2025-11-21,23.383084887589828,24.26743933844253,23.383084887589828,23.810998916625977,73079400
2025-11-24,23.877564579241117,24.219894012552714,23.820508162244906,23.98216438293457,63074900
2025-11-25,24.12480251275791,24.695352146865247,24.11529311035838,24.457622528076172,39130300
2025-11-26,24.438606805981447,24.543206610341493,24.324495784994948,24.4481143951416,33461000
2025-11-28,24.581242311256634,24.59075171341079,24.400567297793717,24.476640701293945,22627600
2025-12-01,24.495660613890397,24.66682623294342,23.99167315931572,24.02971076965332,53198600
2025-12-02,24.077256039944054,24.077256039944054,23.811000021726933,23.915599822998047,43827000
2025-12-03,24.077255654957,24.619278899070057,24.058236850036142,24.314985275268555,56121200
2025-12-04,24.372038541281636,24.476640148883583,24.105782541906443,24.4386043548584,35454000
2025-12-05,24.505169955938864,24.837991790638338,24.381549536380135,24.752408981323242,47443700
2025-12-08,24.76191733183181,24.90455473671908,24.495659512638035,24.505168914794922,45209300
2025-12-09,24.7238807504246,24.847499356134165,23.89658086573322,24.08676528930664,43483800
2025-12-10,24.23891172654914,24.524188357482544,23.98216330282899,24.514678955078125,43635400
2025-12-11,24.5336971282959,24.76191916953259,24.353023915105467,24.5336971282959,35570200
2025-12-12,24.571734112394815,24.76191853732533,24.457623094689886,24.58124351501465,51599700
2025-12-15,24.55271539463106,25.341977677558404,24.54320599197735,25.132776260375977,60360000
2025-12-16,25.142284582052387,25.20884858403341,23.696888088027457,24.276948928833008,111695500
2025-12-17,24.153328326121887,24.238911131929118,23.80148951445484,23.810998916625977,61255300
2025-12-18,23.782470710112563,23.991672116678565,23.753942503599152,23.810998916625977,47062500
2025-12-19,23.78247245262666,24.267441116489717,23.753944244023018,23.953638076782227,87590000
2025-12-22,23.96314484721244,24.153327442478382,23.89657903444977,23.972652435302734,38758900
2025-12-23,24.020201671388058,24.096275079293967,23.61130642374388,23.658851623535156,43692900
2025-12-24,23.696889167963924,23.906090585685785,23.687379765285687,23.801490783691406,19328500
2025-12-26,23.79197939653363,23.877562199766214,23.696887191415986,23.858543395996094,21617800
2025-12-29,23.820507769837565,23.963146996245193,23.74443436216228,23.77296257019043,33067700
2025-12-30,23.782471334749022,23.820507130699557,23.696888526693996,23.763452529907227,28821700
2025-12-31,23.744433800176722,23.791980812431618,23.65885099185097,23.67786979675293,29409200
2026-01-02,23.753943611670586,24.05823724040961,23.611306199915806,23.944128036499023,35976700
2026-01-05,23.96314429367792,24.153326884550758,23.725414694787197,23.934616088867188,52620900
2026-01-06,23.953637837395213,24.73339072743733,23.953637837395213,24.18185806274414,50977300
2026-01-07,24.334003112202684,24.54320451681109,23.90608908717073,24.03921890258789,51395800
2026-01-08,23.944129229976983,24.305477478682448,23.887074625177846,24.048730850219727,42977300
2026-01-09,24.096276431589615,24.29596845839953,23.991674809698775,24.22940444946289,34190200
2026-01-12,24.324494994837373,24.505170016474796,23.858545150600296,24.02971076965332,50256300
2026-01-13,24.077256039944054,24.143820044498337,23.744434203439557,23.915599822998047,47656100
2026-01-14,23.991671594390723,24.448112006270776,23.963145202231328,24.324493408203125,53738100
2026-01-15,24.29596553778899,24.619277954101562,24.010690729858133,24.619277954101562,55263200
2026-01-16,24.61927817931869,24.61927817931869,24.29596576004846,24.39105796813965,59470600
2026-01-20,24.181857984951268,24.391059404081506,23.8585455466471,24.267440795898438,55425400
2026-01-21,24.219892134758563,24.647806160387844,24.134309329632707,24.619277954101562,47264100
2026-01-22,24.628787220516294,25.018663635616026,24.48614981733666,24.818971633911133,49883900
2026-01-23,24.73195400977222,24.838307803532025,24.66427499342139,24.799633026123047,45402300
2026-01-26,24.780297055579542,25.060683675496335,24.7512928149778,25.022008895874023,41441900
2026-01-27,25.0800221176153,25.94051571505145,25.041347336370272,25.621456146240234,75575400
2026-01-28,25.399079447680332,25.515100092958896,24.905987094959162,25.00267219543457,44976700
2026-01-29,25.04134620613796,25.360405760548538,25.02200881638823,25.234716415405273,44373800
2026-01-30,25.263720134977707,25.592448377484782,25.041345689786137,25.563444137573242,51599400
2026-02-02,25.544106611134108,25.80515583362668,25.476427592883798,25.77614974975586,52129500
2026-02-03,24.519249771259553,25.244385295149815,24.42256466591785,24.91565704345703,91964900
2026-02-04,25.02200964083113,26.08554213861341,25.002674094559307,25.892173767089844,83025800
2026-02-05,25.872837040596615,26.288581724007052,25.58278170969591,25.611787796020508,72650700
2026-02-06,25.785819670672172,26.462613573591348,25.64079293265093,26.317584991455078,50691600
2026-02-09,26.278912323624215,26.46261384385529,25.90184243209494,26.153221130371094,49288200
2026-02-10,26.278911709527666,26.810677023315005,26.19189529903665,26.694656372070312,43760600
2026-02-11,26.636645651604685,27.013717398953506,26.404602492375076,26.810678482055664,41699300
2026-02-12,26.733328469823853,26.965371609154843,26.501285330492863,26.559295654296875,58805100
2026-02-13,26.68498871207357,27.0137169768747,26.636645235417475,26.665651321411133,36986700
2026-02-17,26.917031672021977,26.946037757804792,26.298249928242413,26.462614059448242,32119900
2026-02-18,26.530293082159748,26.568966019088442,26.30791677938829,26.462614059448242,24779800
2026-02-19,26.462612941636344,26.491617182078926,25.69880264532201,25.969520568847656,40316800
2026-02-20,25.824493635581035,25.892174503860968,25.48609851475688,25.766483306884766,44786900
2026-02-23,25.679465792546786,26.211232955864237,25.62145546633371,26.16288948059082,34166100
2026-02-24,26.240238189697266,26.510956129125784,26.1822278612894,26.240238189697266,34686100
2026-02-25,26.162890352467954,26.385266657906307,25.843830781490848,26.191896438598633,32680300
2026-02-26,26.35625830597092,26.36592700051661,25.979188439263627,26.201562881469727,30508300
2026-02-27,26.259574776540727,26.752667163198144,26.19189575478452,26.73332977294922,41879700
2026-03-02,26.655980547772796,26.694655326082284,26.269241985252563,26.356258392333984,41321700
2026-03-03,25.8341609892976,26.056537285294734,25.47642849611592,25.698802947998047,41486100
2026-03-04,25.88250499546878,25.892173690633665,25.476429019118818,25.737478256225586,30893500
2026-03-05,25.51510040617719,25.824491256204592,25.33140074154525,25.727807998657227,38908600
2026-03-06,25.66013058488591,26.230568847713382,25.36040656658388,26.153221130371094,53181800
2026-03-09,26.01786201412362,26.21123222157007,25.486096709818323,25.92117691040039,42789500
2026-03-10,25.93084663094307,26.38526608318343,25.640793152414574,26.25957489013672,42814600
2026-03-11,26.298250434321705,26.50128750636344,26.104880213611874,26.394933700561523,40560100
2026-03-12,26.21123240781574,26.22090110266826,25.747144275469633,25.969520568847656,38542800
2026-03-13,26.12421630594451,26.375596842725834,25.698802947998047,25.698802947998047,34270800
2026-03-16,25.8148244057418,25.99852407037374,25.640791591572654,25.727807998657227,28551500
2026-03-17,25.93084598960028,26.839683027487865,25.93084598960028,26.539960861206055,60097500
2026-03-18,26.24023568095238,26.472278816514027,25.950182222529047,26.414268493652344,47478300
2026-03-19,26.385264904396465,26.810676408017255,26.346590125459144,26.501285552978516,47939600
2026-03-20,26.501285772524675,26.636643811696736,25.911508297649295,26.07587242126465,66805700
2026-03-23,26.13388596290481,26.288581399831532,25.74714552647293,25.882505416870117,42945200
2026-03-24,25.718140273698936,26.230568196833165,25.56344484285294,26.066204071044922,35605300
2026-03-25,26.27891189399613,26.61730884337941,26.14355385188883,26.37559700012207,37603900
2026-03-26,26.346590207836663,26.888024205847355,26.336921513072102,26.655981063842773,28835000
2026-03-27,26.810676112430535,26.84935089094147,26.124215390895902,26.143552780151367,29124600
2026-03-30,26.510954934921024,26.89769351374436,26.249905702672145,26.84935188293457,46696000
2026-03-31,27.062058142080158,27.37144901087597,26.868689771140293,27.14907455444336,44841500
2026-04-01,27.332774754402156,27.690507237628854,27.110400308708268,27.603490829467773,44208500
2026-04-02,27.55515160593099,27.79686346212337,27.284433663114086,27.381118774414062,30920600
2026-04-06,27.255427624347675,27.294100559849873,26.888024594444335,26.90736198425293,25169300
2026-04-07,26.7429968672239,26.76233425631528,25.89217203246734,26.201562881469727,46620500
2026-04-08,26.346589904272204,26.578633043603194,26.07587198632858,26.559295654296875,33789100
2026-04-09,26.30791629637166,26.588302921445752,26.278912055236425,26.317584991455078,27047600
2026-04-10,26.414269240368302,26.452944019446015,25.882503936854526,26.027530670166016,27882400
2026-04-13,25.940514724093422,26.65598155275918,25.79548798819489,26.43360710144043,44156200
2026-04-14,26.298249551023318,26.40460150913802,26.182227053671333,26.211233139038086,24558900
2026-04-15,26.278911246010214,26.452944063922594,26.07587234374078,26.2885799407959,29648900
2026-04-16,26.30791629637166,26.568965531278913,26.249905969986166,26.317584991455078,21905300
2026-04-17,26.423938263507658,26.752666513293445,26.22090120317143,26.646312713623047,30080400
2026-04-20,26.67532024387249,26.92670079227936,26.597972524679232,26.607641220092773,25023000
2026-04-21,26.607639042268204,26.704324144374915,26.29824819081868,26.404600143432617,29833000
2026-04-22,26.443277662164288,26.481950600545577,25.853500137899797,25.911510467529297,35246800
2026-04-23,25.87283450631089,25.94051352365726,25.505431491980737,25.785818099975586,38718400
2026-04-24,25.805157206455245,26.394932856951694,25.69880340405251,26.10487937927246,42500200
2026-04-27,26.162889507595377,26.443276132125533,25.90184211730957,25.90184211730957,34764200
2026-04-28,26.617308368489557,26.66564999863254,25.447422109056635,25.60211753845215,58079000
2026-04-29,25.48609703121201,25.66979670207623,25.33140160095004,25.38941192626953,29969700
2026-04-30,25.515101050845914,26.01786211690075,25.408749096033716,25.8148250579834,39082900
2026-05-01,25.718139602086225,25.727808296775983,25.418417443163538,25.457090377807617,29318700
2026-05-04,25.370073097769968,25.631122313076567,25.28305669266777,25.428083419799805,34583400
2026-05-05,25.70847052319682,25.863165947691197,25.14769914837596,25.57311248779297,57656100
2026-05-06,25.67946543754748,25.795487932484733,25.341068491771736,25.650461196899414,40357100
2026-05-07,25.63112362300693,25.83416068254542,25.292726679661126,25.60211753845215,48346000
2026-05-08,25.710226441267896,25.7495396141297,25.159855143089466,25.238479614257812,38903400
2026-05-11,25.346590556665564,25.729884643360105,25.238481199062335,25.36624526977539,43558000
2026-05-12,25.37607329880585,25.641431605850894,25.297448823520877,25.425214767456055,26819500
2026-05-13,25.356417199357725,25.641432099348275,25.199168245761353,25.5136661529541,39420000
2026-05-14,25.62177365651813,25.651258536141047,25.27779089247181,25.307275772094727,24102700
2026-05-15,25.307275861121227,25.385900332503663,24.80604415309996,24.89449691772461,37110100
2026-05-18,24.884668624482398,24.953464802622623,24.75690456144416,24.89449691772461,34111300
2026-05-19,24.865013309998435,25.513665700724978,24.806045422083848,25.21882438659668,41036700
2026-05-20,25.317105161215018,25.582463465642167,25.228652393072633,25.346590042114258,35574200
2026-05-21,25.326933953033322,25.513665912068884,25.130371825615985,25.50383949279785,20181500
2026-05-22,25.55297771369872,25.700398364059,25.31710429821121,25.454696655273438,22320000
2026-05-26,25.425214219482726,25.454697225482064,25.218823804710773,25.40555763244629,29084700
2026-05-27,25.40555779302024,26.08369505362089,25.40555779302024,25.759366989135742,39024700
2026-05-28,25.720055712065857,25.828165066989637,25.562806763752356,25.690570831298828,25651800
2026-05-29,25.73971148724869,25.788851079088236,25.48418148566147,25.729883193969727,48284200
2026-06-01,25.454696982878904,25.46452527630345,25.041918031824423,25.18933868408203,35553600
2026-06-02,25.159855425368825,25.258136484070732,24.83552924384123,25.110713958740234,31295700
2026-06-03,24.99277825082824,25.17951207537619,24.855185893032534,24.904325485229492,30957100
2026-06-04,25.22865159511825,25.562806069852687,25.169683709740195,25.248308181762695,31272000
2026-06-05,25.405557054806106,25.759366240640908,25.34658916959285,25.5922908782959,32218500
2026-06-08,25.52349291771218,25.76919462730548,25.15985543726505,25.17951202392578,42028800
2026-06-09,25.28761975499901,25.43504040732207,25.03208974951324,25.258136749267578,35273200
2026-06-10,25.356417049823246,25.40555851912943,25.140200208542176,25.15985679626465,30376300
2026-06-11,25.346590738275626,26.024726146585568,25.346590738275626,25.720056533813477,45268700
2026-06-12,25.83799333777844,26.034553585719202,25.661087802443024,25.759366989135742,38773000
2026-06-15,25.79868023212139,25.965757474321155,25.533321928412008,25.552978515625,34194100
2026-06-16,25.60211729703538,25.680741768838143,25.258136404495332,25.5922908782959,32829600
2026-06-17,25.582463144333925,25.82816485840897,25.425214197290316,25.474353790283203,31117500
2026-06-18,25.14019918961797,25.21882366276586,24.511203404434852,24.776559829711914,119614300
2026-06-22,24.7863884426866,24.8748412104376,24.53085843302319,24.64879608154297,41119100
2026-06-23,24.560343118649495,24.806044832771107,24.26550181152569,24.294984817504883,82009200
2026-06-24,24.373610051419753,24.678281536115147,23.518569109353002,23.626678466796875,76962600
2026-06-25,23.77409865639101,23.92151931164643,23.213899041687213,23.263038635253906,57859500
2026-06-26,23.331834410367378,23.931347189144265,23.331834410367378,23.872379302978516,59958900
2026-06-29,23.87237955441942,24.078768095451014,23.685645725946554,23.951004028320312,47528000
2026-06-30,24.009971695243884,24.03945470108966,23.371147616329534,23.66598892211914,60046000
2026-07-01,23.73478541217818,23.823238179982688,23.331834747537776,23.46942710876465,49385200
2026-07-02,23.73478585302776,24.147564818930647,23.71512926547158,23.90186309814453,53104800
2026-07-06,23.744613194191157,23.7839263677263,23.213898473353783,23.312177658081055,58576100
2026-07-07,23.636503767907907,23.931346944837294,23.51856799678038,23.656160354614258,44101400
2026-07-08,23.636505126953125,23.95100490867188,23.479256173371443,23.636505126953125,38181300
2026-07-09,23.69547457638624,23.88220653469229,23.597193513061526,23.833066940307617,29190500
2026-07-10,23.931347752180447,23.990315639733538,23.685646033727988,23.75444221496582,27523200
2026-07-13,23.862550401087052,24.294984054683574,23.8134089350725,24.059110641479492,42953400
2026-07-14,23.951004591208346,24.009972479381027,23.724957583194897,23.833066940307617,40863300
2026-07-15,23.921519821168875,24.393266677856445,23.892034939667635,24.393266677856445,44162500
2026-07-16,24.511203426109116,24.93381067261096,24.432578952891703,24.707763671875,49990000
2026-07-17,24.963293144961234,25.208994852833992,24.54068590749125,24.61931037902832,45629600
2026-07-20,24.6586250124812,24.727421194831184,24.294985638488665,24.32447052001953,38685900
2026-07-21,24.33429823003897,24.579999946568577,24.226188874908235,24.51120376586914,27328800
2026-07-22,24.747077757649812,24.756906051483558,24.353955377076836,24.393266677856445,32988300
2026-07-23,24.462062275077194,24.668452691538867,24.324469913806297,24.579999923706055,30876700
2026-07-24,24.6200008392334,24.75,24.510000228881836,24.540000915527344,28905700
2026-07-27,24.56999969482422,24.8799991607666,24.440000534057617,24.670000076293945,38355200
2026-07-28,24.969999313354492,25.5,24.940000534057617,25.25,49942700
2026-07-29,25.350000381469727,25.3700008392334,25.059999465942383,25.149999618530273,30395000
2026-07-30,24.84000015258789,24.979999542236328,24.549999237060547,24.90999984741211,44954500
2026-07-31,24.81999969482422,25.18000030517578,24.670000076293945,25.010000228881836,45080200
2026-08-03,25.149999618530273,25.389999389648438,24.8700008392334,25.030000686645508,40645800
2026-08-04,25.040000915527344,25.639999389648438,24.700000762939453,25.40999984741211,62189500
2026-08-05,25.5,25.809999465942383,25.299999237060547,25.809999465942383,47058300
2026-08-06,26.010000228881836,26.200000762939453,25.809999465942383,26.200000762939453,51074500
2026-08-07,26.219999313354492,26.760000228881836,26.049999237060547,26.760000228881836,42744100
2026-08-10,26.59000015258789,27.190000534057617,26.520000457763672,27.049999237060547,49786800
2026-08-11,26.940000534057617,27.200000762939453,26.469999313354492,26.6200008392334,37943600
2026-08-12,26.389999389648438,26.440000534057617,26.18000030517578,26.309999465942383,32591400
2026-08-13,26.489999771118164,26.950000762939453,26.40999984741211,26.799999237060547,35355800
2026-08-14,26.65999984741211,26.920000076293945,26.420000076293945,26.790000915527344,23174200
2026-08-17,26.760000228881836,27.020000457763672,26.549999237060547,26.8700008392334,29261200
2026-08-18,27.149999618530273,27.399999618530273,27.100000381469727,27.25,34660100
2026-08-19,27.600000381469727,28.440000534057617,27.579999923706055,28.239999771118164,59804200
2026-08-20,28.0,28.15999984741211,27.649999618530273,27.790000915527344,29297000
2026-08-21,27.770000457763672,28.43000030517578,27.65999984741211,28.06999969482422,37109600
2026-08-24,28.100000381469727,28.15999984741211,27.809999465942383,27.969999313354492,23845600
2026-08-25,27.920000076293945,28.579999923706055,27.84000015258789,28.56999969482422,31915700
2026-08-26,28.440000534057617,28.5,28.149999618530273,28.299999237060547,35070000
2026-08-27,27.969999313354492,28.18000030517578,27.829999923706055,28.020000457763672,31174400
2026-08-28,28.0,28.020000457763672,27.770000457763672,27.959999084472656,27175800
2026-08-31,27.850000381469727,28.700000762939453,27.639999389648438,28.459999084472656,45930300
2026-09-01,28.81999969482422,29.09000015258789,28.469999313354492,28.549999237060547,42493400
2026-09-02,28.790000915527344,29.09000015258789,28.709999084472656,29.020000457763672,39277900
2026-09-03,29.09000015258789,29.209999084472656,28.440000534057617,28.809999465942383,26724300
2026-09-04,28.579999923706055,28.690000534057617,28.3799991607666,28.450000762939453,23782900
2026-09-08,28.020000457763672,28.149999618530273,27.719999313354492,27.790000915527344,31772900
2026-09-09,27.760000228881836,27.979999542236328,27.56999969482422,27.780000686645508,29128600
2026-09-10,27.690000534057617,27.75,27.399999618530273,27.649999618530273,28805300
2026-09-11,27.799999237060547,27.850000381469727,27.420000076293945,27.719999313354492,25537800
