Date,open,high,low,adj_close,volume
2016-09-12,45.982765365478464,47.54020989738942,45.75373009016016,47.524940490722656,10158600
2016-09-13,47.196651756213285,47.48676463501237,46.524812478278,46.792022705078125,8397100
2016-09-14,46.79203706041606,47.2959159453673,46.60117380229298,47.02107238769531,5982400
2016-09-15,47.29591952436151,47.845603768959194,46.990537123318695,47.74635696411133,8871200
2016-09-16,48.00592829890453,48.433460140328826,47.61656561493055,48.089908599853516,14677700
2016-09-19,48.19678664235661,48.395283132429306,47.91430694756207,47.99065399169922,6759900
2016-09-20,48.30366384779927,48.32656650214599,47.738707437733666,47.86849594116211,5471400
2016-09-21,48.17387958415771,48.58614487273166,48.02882457329289,48.5327033996582,7488600
2016-09-22,48.639592382382986,48.860994462503335,48.37238498385306,48.494537353515625,7895700
2016-09-23,48.09753284226376,48.53270076356357,47.84559198659455,47.90666961669922,7794700
2016-09-26,47.70816911929036,47.76161058495323,47.22719301598307,47.57074737548828,6207400
2016-09-27,47.7387179022125,48.37238532656176,47.670007011769115,48.33421325683594,5228300
2016-09-28,48.273132852831914,48.6243205339594,48.09753901226818,48.44109344482422,5251900
2016-09-29,48.311309466672476,52.548476346362285,47.876141448597686,51.49490737915039,43098800
2016-09-30,52.22017230395054,53.7470778928106,52.02930910534304,52.29651641845703,34879500
2016-10-03,51.97587123870365,52.89201232553045,51.052093992493106,51.235321044921875,10153600
2016-10-04,51.68574741889377,51.68574741889377,50.81541177388468,50.90702819824219,9746400
2016-10-05,51.0291862487793,51.47199030448126,50.80779004561137,51.0291862487793,6362000
2016-10-06,50.99864901040304,52.922547489981866,50.563481150457676,51.563602447509766,12957200
2016-10-07,51.55596335903968,52.16672788990163,51.525424550028355,52.059844970703125,8398100
2016-10-10,52.174358119552814,52.35759097325519,51.19713953186907,51.34219741821289,7029800
2016-10-11,51.1513374009587,51.22004535684369,49.967983235690355,50.45659255981445,8910600
2016-10-12,50.76196636894039,50.76196636894039,49.67022881846498,50.43368148803711,6615700
2016-10-13,50.044338351881244,50.43369512487096,49.090022256877276,50.158851623535156,7236600
2016-10-14,50.342084507547824,50.83832421720333,49.96798840453437,50.158851623535156,6743100
2016-10-17,50.029064275906364,50.16648602174908,49.69314315836129,49.769493103027344,6348200
2016-10-18,50.52530720647337,50.55584601783994,50.05960052632791,50.464229583740234,5966900
2016-10-19,50.29626608902666,50.44132397835493,49.86109824572418,50.22755813598633,5414700
2016-10-20,49.99089463332012,52.04457881654208,49.99089463332012,51.410911560058594,13579000
2016-10-21,51.23533123105598,53.01417811672625,50.922312705604206,51.86136245727539,19676600
2016-10-24,52.220174984207574,52.2583441310786,51.517799775205596,51.96059799194336,6669600
2016-10-25,51.83845544349921,52.105662805771566,51.51780660877238,51.693397521972656,5370000
2016-10-26,51.38801318961334,52.38814045629765,51.342207879196025,52.06748580932617,9241200
2016-10-27,54.05247084025073,54.678502022214076,53.441706154327775,53.510414123535156,33941700
2016-10-28,53.838696962254076,53.84633312230969,51.655226985712915,52.22018051147461,17952700
2016-10-31,52.678258712852774,53.067621386424605,52.433953977896486,52.46449279785156,10108300
2016-11-01,52.67825153559156,52.94545889293684,51.5636109701773,52.17436981201172,8910100
2016-11-02,52.265971674190524,52.37285458730217,51.17423406910848,51.22003936767578,15183000
2016-11-03,51.67812612104395,52.349962543086804,50.334447452275164,51.11316680908203,15642500
2016-11-04,50.189383255616995,51.46435380285782,50.189383255616995,50.94520568847656,8584300
2016-11-07,51.70103008000359,52.35760002423175,51.44908923112188,52.26598358154297,9205300
2016-11-08,52.08276818958605,52.456858554514916,51.63232785963596,52.12093734741211,6696600
2016-11-09,50.86885753112845,51.9834979106132,50.57874756650066,51.82317352294922,11604400
2016-11-10,51.76972898794301,52.075111252138214,49.10528052782135,50.624549865722656,17774400
2016-11-11,50.28864725416539,51.15134697947033,50.265738773231334,51.059730529785156,10239800
2016-11-14,51.471989053587436,51.471989053587436,50.33444595336914,50.33444595336914,8256800
2016-11-15,50.58638938036778,51.273498136226706,50.3497150271544,50.975746154785156,9615200
2016-11-16,50.92994458976623,50.92994458976623,50.12068634264637,50.6169319152832,9552200
2016-11-17,50.72381551762016,50.97575056265054,50.510049625020464,50.89940643310547,6982500
2016-11-18,50.907034931715195,51.50252720709959,50.34208146848934,51.38800811767578,9889300
2016-11-21,51.04445697165955,51.304028139496076,50.50240615822191,51.227684020996094,7868900
2016-11-22,51.58651662103935,52.372872243176765,51.18188748146836,52.15147018432617,9803600
2016-11-23,52.16673214344439,52.29651772381322,51.72392811369847,52.0140380859375,4820300
2016-11-25,52.03695316970403,52.23544673263972,51.69339586520741,52.136199951171875,4200100
2016-11-28,51.87458008132099,52.09001792608199,51.39754081656193,51.62836456298828,8225200
2016-11-29,51.7284063414092,51.96692603314038,51.26674699319825,51.37446594238281,6544900
2016-11-30,51.397553170135424,52.559379807951274,51.166723497987384,52.42088317871094,12470000
2016-12-01,52.10542093881068,52.25930346962568,49.07388694576857,49.36627197265625,16563900
2016-12-02,49.204692459238835,51.0359234086079,49.204692459238835,50.65890121459961,9687000
2016-12-05,51.07439545887273,51.50527716441334,50.543496553307584,51.05900955200195,8708200
2016-12-06,51.28214608821146,51.920769856841126,51.16673123468607,51.897682189941406,6701800
2016-12-07,51.82073377480977,52.582462310791016,51.52065871911284,52.582462310791016,7202700
2016-12-08,52.6440163280643,53.22878051894147,52.605548629998566,52.74404525756836,5552600
2016-12-09,52.790190861547664,53.005628682107194,52.16695918489468,52.72093963623047,5551800
2016-12-12,52.60555003406283,52.82098793375656,52.25930552077576,52.682491302490234,5615200
2016-12-13,52.87485114387037,54.04437376921494,52.697880930767546,53.351890563964844,8494200
2016-12-14,52.813287144561826,53.22877699980173,51.820729024306836,51.98230743408203,9957700
2016-12-15,52.39780020778823,52.913313144390145,51.789954230354,52.34394073486328,7162400
2016-12-16,52.69787494232157,52.69787494232157,51.01283951631265,51.13594436645508,18155600
2016-12-19,51.389850119503016,51.88228120588979,51.27443529951577,51.56681442260742,7884700
2016-12-20,51.84382523823274,51.98232189517477,51.37447578249827,51.482200622558594,6685400
2016-12-21,51.60529784945806,51.82073575714922,51.412941736127706,51.6745491027832,5211400
2016-12-22,52.0438591536399,52.12849629621249,51.13593824533163,51.36676788330078,5900200
2016-12-23,51.466795933838895,51.50526950065562,51.182106802024606,51.4437141418457,3088100
2016-12-27,51.65913728740911,51.997685794022665,51.597581946162926,51.7437744140625,3028200
2016-12-28,51.28213613159767,51.60529296253206,50.55117944801694,50.58965301513672,6547200
2016-12-29,50.3972962380408,50.84356378152583,50.33574087957899,50.81278610229492,3700800
2016-12-30,50.97437531111432,51.05131659036545,50.043372330615995,50.16647720336914,5941900
2017-01-03,50.674281280794226,50.88971913030647,49.70480508774802,50.32034683227539,9519800
2017-01-04,50.52809669743929,50.74353458064252,50.21263575996086,50.37421417236328,6221700
2017-01-05,50.18186427589706,50.766628509811284,50.05106352641077,50.43577575683594,5998900
2017-01-06,50.38191194108741,50.68198698536068,49.90486670315035,50.420379638671875,6749400
2017-01-09,50.42037753450355,50.98974991907582,50.38959985557505,50.51271057128906,4769200
2017-01-10,50.74352232653848,50.90510657016181,50.45114325140417,50.49730682373047,6076000
2017-01-11,50.58966179216444,50.86665508680563,50.335750293702816,50.85895919799805,8349800
2017-01-12,50.28188379171791,50.92050745798367,50.05105999190877,50.87434387207031,6113600
2017-01-13,50.97436358492579,51.61298720926293,50.90511821060203,51.45909881591797,6177400
2017-01-17,51.328301634118716,51.52835362418176,48.58915261580074,49.38935470581055,22426300
2017-01-18,49.758667762518066,50.851248852861495,49.09696533413697,50.11260223388672,15883200
2017-01-19,49.98950865920551,50.3203614154803,49.5201592637868,49.58171463012695,9429200
2017-01-20,50.15877621590283,50.58195609436482,48.181352898208715,48.381404876708984,20936900
2017-01-23,45.14213359611128,45.14213359611128,41.37195534142909,42.226016998291016,94436000
2017-01-24,42.333732957195025,42.91080128605245,42.08751737169223,42.31834411621094,41751800
2017-01-25,43.164704905881656,43.84179915642031,42.703051469449505,43.78024673461914,27307900
2017-01-26,42.58763428387733,42.69535615252442,41.16420048778721,41.58738327026367,37888200
2017-01-27,42.0490454355772,42.13367965568871,41.548918391995436,41.73358154296875,23474400
2017-01-30,41.84897878187186,41.85667466699007,41.20266238259074,41.24882888793945,14853900
2017-01-31,41.248840553198576,41.27192234484042,40.64869048954247,41.11034393310547,13995400
2017-02-01,41.27192522539115,41.41042185515055,40.67177511984791,40.8949089050293,16102100
2017-02-02,40.74102472240965,40.85643662744277,40.294757137941914,40.51789093017578,14481200
2017-02-03,40.741021143836086,40.94876607679357,40.58713568218747,40.764102935791016,10965300
2017-02-06,41.01802088902936,41.09496216448814,40.64100159498972,40.68716812133789,8215100
2017-02-07,40.94876158084392,40.994925159685266,40.594824177376175,40.98723220825195,10374100
2017-02-08,41.07957462546308,41.07957462546308,40.564061606269284,40.694862365722656,9229000
2017-02-09,40.71024991695122,40.8564395143715,40.594835068641544,40.68716812133789,7615100
2017-02-10,40.856429006819205,41.76434991231481,40.72562828515462,41.548912048339844,14042200
2017-02-13,41.995171866031086,42.41835456503572,41.748953435667424,42.264469146728516,14516200
2017-02-14,42.6491972114627,42.71844552890181,42.1798478305,42.68766784667969,13072000
2017-02-15,42.80307730587025,43.47247566687139,42.69535836675753,43.46478271484375,14149200
2017-02-16,43.53404290951793,43.780258533319206,43.434016895123115,43.764869689941406,11622900
2017-02-17,43.741794226828716,43.81104256914265,43.12625503688393,43.44171905517578,12456600
2017-02-21,43.72639224748127,44.00338257983094,43.53403613786213,43.66483688354492,9878200
2017-02-22,43.68791605161038,43.93413162231445,43.457089320965444,43.93413162231445,8711500
2017-02-23,43.86488641464642,44.09571609675208,43.68022619110749,43.96491241455078,10152800
2017-02-24,43.87258469955603,44.03416313776001,43.47248361320224,44.02647018432617,10644800
2017-02-27,43.925505839466446,44.251683908324914,43.73135138060442,44.05752944946289,7127600
2017-02-28,43.87113682436327,43.89443440821869,43.40516440932411,43.86336898803711,10388200
2017-03-01,44.21284694605726,44.32934078884328,43.700279370409454,44.27497482299805,11082400
2017-03-02,44.22838623790849,44.3837103972177,43.67698828679462,43.77794647216797,8451700
2017-03-03,43.89444821219708,43.93327851835469,43.490606510520465,43.83231735229492,6971400
2017-03-06,43.70028500219922,43.925504880577506,43.54496084598792,43.8400764465332,7241600
2017-03-07,43.9565683013373,44.1274251731557,43.638155107306055,44.05752944946289,7131700
2017-03-08,44.20507704999711,45.105956405432515,44.11188375764775,44.865203857421875,13201700
2017-03-09,44.77201326439453,45.12148887241498,44.5778588321336,45.020530700683594,9875600
2017-03-10,45.323422411017496,45.65736835454943,45.276824269165736,45.54087448120117,9752000
2017-03-13,45.84374919309007,45.8515170303631,45.19915793983737,45.40107727050781,7737900
2017-03-14,45.33894989682322,45.33894989682322,44.82638224580837,45.214691162109375,6276900
2017-03-15,45.37000643225738,45.62629170556926,45.183619835813765,45.447669982910156,9029500
2017-03-16,45.27682445088749,45.610770395759744,45.168098415359275,45.31565475463867,7206200
2017-03-17,45.48650942630938,45.51757485281913,44.663293399173845,44.694358825683594,20057800
2017-03-20,44.88073804229061,45.0981900524429,44.725413908226926,44.896270751953125,7498200
2017-03-21,44.98946779794053,45.12149139723594,44.065293715187515,44.11188888549805,10092600
2017-03-22,44.05752623067165,44.36817452718005,43.568256200567504,44.29827880859375,9129700
2017-03-23,44.39147447582251,44.476902910038426,43.9488025553963,44.119659423828125,7718700
2017-03-24,44.63222408221586,44.63222408221586,43.98762991264175,44.205081939697266,5621400
2017-03-27,44.04976433512629,44.22061824345378,43.86337475210494,44.00316619873047,4726300
2017-03-28,44.01092370453264,44.74094623969261,44.01092370453264,44.56232452392578,5953500
2017-03-29,44.33711533552657,44.55456739610305,44.15849357682986,44.54680252075195,4042600
2017-03-30,44.546789836099734,44.772009670458345,44.414763292228336,44.42253112792969,6359000
2017-03-31,44.624470034335175,44.80309182069036,44.24392886940187,44.53127670288086,10065000
2017-04-03,44.469134481871016,44.53126532867946,43.52166276853696,43.87890625,11343500
2017-04-04,43.723572668317615,44.19730990412326,43.68474237871544,44.0186882019043,7123900
2017-04-05,44.11187688970932,44.67880735395592,43.81676138689572,43.855594635009766,7857700
2017-04-06,43.832310695404935,44.057530584502004,43.59932593128058,43.90220642089844,5757800
2017-04-07,43.941035134552344,43.95656488299912,43.638151713729684,43.739112854003906,5229800
2017-04-10,43.82454778333866,44.11966341114787,43.70028903940249,43.89444351196289,6039800
2017-04-11,43.73912204489391,43.77018747343863,42.49653452872853,42.985801696777344,17301800
2017-04-12,42.43440308566922,42.4421709239793,41.25394348033172,41.46363067626953,24822200
2017-04-13,41.26171564683046,41.68885495925907,40.98989756614855,40.99766540527344,17014400
2017-04-17,41.15298094491543,41.261706969297556,40.96659135843037,41.0753173828125,10471700
2017-04-18,40.850094084634655,41.1452096708529,40.687005061683145,40.904457092285156,11262800
2017-04-19,41.16074101563032,41.23840160610686,40.617107994609675,40.85786056518555,15441500
2017-04-20,41.33160893854306,41.471400408886915,39.91816448289958,40.89670181274414,24664600
2017-04-21,40.982117560446,41.00541514409484,40.54721056944469,40.772430419921875,10951500
2017-04-24,41.168504770480645,41.35489433014359,40.96658546319388,41.01318359375,10784400
2017-04-25,41.292767318354414,41.54128774180339,41.12967829012756,41.160743713378906,11688700
2017-04-26,41.316065516587344,41.39372610773575,41.09084565467063,41.19180679321289,7373800
2017-04-27,41.34714164840019,41.42480225966537,41.090856298612756,41.3238410949707,6956200
2017-04-28,40.228802642441664,41.89853214706393,39.64633927514021,41.735443115234375,34374100
2017-05-01,41.66554987728821,41.70438017824482,41.23840767907929,41.62671661376953,12987700
2017-05-02,41.665542482611514,41.72767036060341,41.083079183950005,41.38595962524414,10445400
2017-05-03,41.47914555875402,42.535345960138216,41.35488686227123,42.317893981933594,18428300
2017-05-04,42.504301088387734,42.71398829552782,42.325679311023016,42.64409255981445,11993400
2017-05-05,42.659610748291016,42.71397375060506,42.480989031750404,42.659610748291016,9108800
2017-05-08,42.70620825400055,42.713973127405794,42.37226240890865,42.41885757446289,7033400
2017-05-09,42.47321704866206,42.861525863026515,42.42662188697746,42.83046340942383,8332900
2017-05-10,42.88482838830199,43.04791738685735,42.60524555502921,42.97025680541992,8517700
2017-05-11,42.90814135085769,42.94697165549532,42.25578216023356,42.46546936035156,13514700
2017-05-12,42.325671333625614,42.985795297840895,42.24801073638684,42.96249771118164,9107600
2017-05-15,42.77611022435386,43.09452340666753,42.77611022435386,43.024627685546875,10686100
2017-05-16,43.01686748162663,43.475072187488315,42.791647566655456,43.45177459716797,9599300
2017-05-17,43.211020489460175,43.55273426946707,42.94697027880133,42.993568420410156,14811300
2017-05-18,43.16441846769067,43.731349102527496,42.72951143597285,43.58378982543945,13125300
2017-05-19,43.87113803043076,44.8807405135951,43.645918171765025,44.78754425048828,16643800
2017-05-22,45.34670969766697,46.239821290251605,45.33894482373702,46.037899017333984,20771500
2017-05-23,46.115561207374505,46.51163494245821,45.92140677668296,45.991302490234375,14223400
2017-05-24,46.03790947737087,46.3019596894063,45.486511463655255,45.54087448120117,8592600
2017-05-25,45.548630870078114,45.78161559564793,45.245747468019694,45.393306732177734,9556500
2017-05-26,45.220773925639854,45.47173878679514,44.99333608530002,45.11097717285156,8261900
2017-05-30,44.92275345098447,45.283518068067835,44.83648371628492,44.969810485839844,11553700
2017-05-31,44.907065028261194,45.27567096609162,44.70315720649062,44.91490936279297,14082600
2017-06-01,45.05607745935779,45.997197156629696,44.977649072738515,45.97366714477539,11560100
2017-06-02,46.1854232437892,46.24032162324072,45.76191889510266,45.94230270385742,9538000
2017-06-05,45.879559522368275,46.31090521012856,45.86387384386498,46.161895751953125,7960800
2017-06-06,45.95798022808938,46.201103732447166,45.62858998838235,45.6442756652832,7871500
2017-06-07,45.72270921066964,45.87172167192903,44.805119386385456,45.11882400512695,10126500
2017-06-08,45.30703208341499,45.60505390180525,45.181549684893255,45.58152389526367,10322200
2017-06-09,45.777597488393745,45.871711545804374,44.49924628846944,44.742366790771484,13624800
2017-06-12,44.32670173550426,45.23644991018609,44.2953303866478,45.087440490722656,9985100
2017-06-13,45.4482159677718,45.54232705147154,45.09529566422603,45.12666702270508,7111500
2017-06-14,45.25215551427199,45.463907724706864,44.44435938000463,44.71100997924805,6740000
2017-06-15,44.24828470284522,44.836484181827124,44.232602016134486,44.64826202392578,5416600
2017-06-16,44.68747890755451,44.71100593156032,44.19339046126964,44.56199645996094,14555600
2017-06-19,44.671786467302034,45.220773214345435,44.63257376931402,45.18156051635742,7166200
2017-06-20,45.06391261856498,45.18155368648287,44.31885950247048,44.538455963134766,8181600
2017-06-21,44.53846548831028,44.577678188756884,44.013005728766494,44.177703857421875,8324900
2017-06-22,44.10710626991751,44.50708047855906,43.9659381982237,44.2874870300293,5560100
2017-06-23,44.42081622582184,45.04822829279229,44.36591785694547,44.632568359375,11847900
2017-06-26,44.773745651175986,45.24430405018789,44.08359073978615,44.35808563232422,7339100
2017-06-27,44.14632038166272,44.17769173010309,43.456165674656766,43.47185134887695,6814400
2017-06-28,43.44833179455417,44.16985498216719,43.27579234023933,44.04437255859375,7542400
2017-06-29,43.86397796768535,43.86397796768535,42.78169053487825,43.19735336303711,8456900
2017-06-30,43.6051705986974,43.628700603471174,43.158139400565545,43.307151794433594,8781900
2017-07-03,43.55029359905369,43.93458528697669,43.07189082108862,43.095420837402344,4379600
2017-07-05,43.14246988507948,43.573818563886384,42.96208907018626,43.487548828125,6823800
2017-07-06,43.15029804463802,43.314993119314586,42.930704611735926,42.96991729736328,5663000
2017-07-07,43.16599053859851,43.70713286593745,43.032663796313,43.40911102294922,5356000
2017-07-10,43.424802563482395,43.832621195357156,43.28363446045894,43.63655471801758,5098100
2017-07-11,43.62871561844164,43.62871561844164,43.15031291045827,43.393436431884766,6124900
2017-07-12,43.754191939421105,44.16201053530226,43.69929356995025,44.075740814208984,6126800
2017-07-13,44.216926244581444,44.32672302658031,44.05222807984523,44.09928512573242,6219200
2017-07-14,44.311014724892246,44.64824923558875,44.03652291001668,44.55413818359375,4440100
2017-07-17,44.491407625100344,44.64041708072047,44.224757078591495,44.27965545654297,5123600
2017-07-18,44.185540668836786,44.216912022671316,43.91889014471724,44.14632797241211,7441000
2017-07-19,44.27966329166386,44.65611066068662,43.92674294828697,44.5306282043457,8783700
2017-07-20,43.220890574686386,43.4718554021361,41.9268507523627,42.32682800292969,35943900
2017-07-21,42.08371210365071,42.35036265485074,41.856274252857716,42.22488021850586,12113100
2017-07-24,42.15429217225859,42.25624757705925,41.63667679734778,41.73863220214844,8832200
2017-07-25,41.72296034222795,42.07588071284521,41.62100490366341,41.77785873413086,7112100
2017-07-26,41.79352531384121,41.84057934725793,41.36217972101376,41.67588424682617,7581500
2017-07-27,41.62883562490626,41.85627046337101,40.96220781139115,41.16611862182617,14069200
2017-07-28,40.993585918994576,41.55825842031824,40.993585918994576,41.471988677978516,6644300
2017-07-31,41.64452290528593,41.80137670175762,41.37003100526348,41.71510696411133,11302700
2017-08-01,41.80137217842724,41.90332758386184,41.49550895386047,41.88764190673828,9372100
2017-08-02,41.8013725205268,41.87195657229194,41.39355388718788,41.69941711425781,23084000
2017-08-03,41.69156964156075,41.83273772433499,41.370020784516434,41.52687454223633,8643500
2017-08-04,41.566084411814195,41.566084411814195,41.1817928810768,41.268062591552734,8677900
2017-08-07,41.17396058006271,41.448452453901645,41.16611923726891,41.330814361572266,6561800
2017-08-08,41.21316605628216,41.824895397810685,40.946515571958585,41.00925827026367,10462200
2017-08-09,40.82103550508366,41.40923487256825,40.781822812265354,41.38570785522461,8085300
2017-08-10,41.205346267710716,41.37004144930217,40.86811156726835,41.048492431640625,10768000
2017-08-11,41.087691206237345,41.66804930532426,41.00926581067236,41.346500396728516,5894200
2017-08-14,41.59746980489954,42.068028213259815,41.49551438611777,41.99744415283203,8118200
2017-08-15,42.0836989272652,42.41309208937348,41.84057547408378,42.24839401245117,7876300
2017-08-16,42.397418829728686,42.42878719437519,41.770003669003316,41.80921936035156,7414900
2017-08-17,41.71511083620751,41.88765032751562,40.993587493896484,40.993587493896484,6589400
2017-08-18,40.98572855015972,41.11121095591398,40.703395381015035,40.719078063964844,6696400
2017-08-21,40.781825660701095,40.84456836698204,40.38969272165589,40.76613998413086,5205700
2017-08-22,40.94653104802826,41.268080019032546,40.94653104802826,41.05632781982422,4443300
2017-08-23,41.01709852849384,41.10336824051684,40.609279975490104,40.96220016479492,5259300
2017-08-24,41.07200455928524,41.338655086343884,40.985734831157885,41.16611862182617,6198600
2017-08-25,41.39354290601856,41.44844126596796,40.79750228725245,40.80534362792969,8684700
2017-08-28,41.05116690415173,41.0828857421875,40.80535044668679,41.0828857421875,4519000
2017-08-29,40.68640934136495,41.12253277729478,40.66261870040068,41.0828857421875,4980900
2017-08-30,41.41592249259266,41.46350074737821,40.88464559275698,41.328697204589844,4876200
2017-08-31,41.43972349998959,41.70139944856615,41.328710561154345,41.447654724121094,8215800
2017-09-01,41.65381419694589,41.844124220820305,41.17804367457266,41.273197174072266,5301300
2017-09-05,41.12252984106124,41.154248676832225,39.51283673661707,39.671424865722656,17811100
2017-09-06,39.79829760070229,40.25821164957383,39.51283715039806,40.00446701049805,16206900
2017-09-07,40.09169874050845,40.19478043709796,39.84588225851577,39.94896697998047,10035500
2017-09-08,39.925178466596726,40.004475573828884,38.791255544617385,39.3621826171875,12809400
2017-09-11,39.600067267825374,40.17892252959904,39.576279648466624,40.09962844848633,7473500
2017-09-12,40.12340935413812,40.496098127732864,40.059974704837295,40.361297607421875,4526800
2017-09-13,40.282005098749146,40.52782157684109,40.218570442229534,40.448524475097656,6191400
2017-09-14,40.416811918808996,40.90844188976671,40.17892361926861,40.82121658325195,7741300
2017-09-15,41.193905483862636,41.46350960214007,40.78949779400879,41.384212493896484,13177900
2017-09-18,41.42385357213246,41.52693525316894,41.201824742102545,41.43178176879883,6002700
2017-09-19,41.55073265080941,41.63002672986859,41.28112854718287,41.471435546875,5825200
2017-09-20,41.57451890799081,41.64588478675694,40.82121308209835,41.217689514160156,8400300
2017-09-21,41.12252752632035,41.392131565448686,41.003583411311716,41.257328033447266,5750600
2017-09-22,41.09082253233111,41.41593312799899,41.059103687662166,41.3049201965332,4105100
2017-09-25,41.154256958581506,41.463508107394645,40.92429989027805,40.932228088378906,8178400
2017-09-26,41.035319764958544,41.13047328266569,40.32166081996547,40.5436897277832,9378800
2017-09-27,40.78156312385285,40.92429487116532,40.559537305755626,40.87671661376953,8200600
2017-09-28,40.74192092599823,41.265269719992745,40.6864144648833,41.03531265258789,5732900
2017-09-29,41.1621844694383,41.26526919228,40.932227404974206,41.1066780090332,5371200
2017-10-02,41.30492042963255,41.36042689567869,40.99566925455392,41.13840103149414,4439200
2017-10-03,41.22561347875356,41.40799224240827,40.956009431421684,41.2494010925293,4378000
2017-10-04,41.178051823657846,41.328711813087246,40.97188233825361,41.201839447021484,4587700
2017-10-05,41.36835753957464,41.574527018396616,41.20183813159391,41.51108932495117,5179100
2017-10-06,41.3604211192445,41.73310993196897,41.3604211192445,41.62209701538086,4795300
2017-10-09,41.77276332137694,42.01064861093136,41.534878031822515,41.93135452270508,5817500
2017-10-10,41.98684695212427,42.74015263792622,41.947199921266176,42.71636199951172,8761700
2017-10-11,42.652919964696586,43.12076210745858,42.54983528242726,42.91459274291992,9427300
2017-10-12,42.72430392912532,42.96218919877253,41.99478567401518,42.02650451660156,7062300
2017-10-13,42.32782853646753,42.32782853646753,41.820339141817364,41.88377380371094,7005600
2017-10-16,42.01064835329068,42.02650777581379,41.479371310706505,41.53487777709961,5930900
2017-10-17,41.487296530758606,41.582450034189726,41.11460769041334,41.55866241455078,7662900
2017-10-18,41.66174609941658,41.76482779852482,41.24941022835785,41.40007019042969,6032600
2017-10-19,41.257331562893604,41.55072626504744,41.24147214454409,41.4635009765625,6825200
2017-10-20,41.63794623361446,41.70138390351588,41.18596342262787,41.2494010925293,8845000
2017-10-23,41.471428148139914,42.64499785312072,41.33662763281342,42.33574676513672,9775400
2017-10-24,42.37539966169301,43.168352520050945,42.343683846263765,43.01769256591797,11415700
2017-10-25,42.80359791538484,43.16042733149859,42.40712145856408,42.69258499145508,7581500
2017-10-26,42.89875105077211,43.12870811972942,42.557781058835495,42.660865783691406,5270800
2017-10-27,42.581566683263446,43.3745194966394,42.31196260572063,43.27143478393555,8962400
2017-10-30,42.94633129803398,43.43003307753857,42.88289663549058,43.34280776977539,7081500
2017-10-31,41.43971556032709,41.62209738189943,39.663502829526024,40.448524475097656,29914100
2017-11-01,40.813291122287744,42.41505651561557,40.05205395747683,42.391265869140625,15624400
2017-11-02,42.502268068861525,44.15161131371054,42.502268068861525,43.485530853271484,17337800
2017-11-03,43.422106955476764,51.5340161573218,42.98598339029976,49.012428283691406,80964500
2017-11-06,51.1771660630144,51.80359939847085,49.28200966512978,49.575401306152344,58900800
2017-11-07,49.57541735106427,50.87586269203074,49.51991088817321,50.82828140258789,23424600
2017-11-08,50.91550600727079,52.1683730664142,50.91550600727079,51.930484771728516,26515400
2017-11-09,51.47056617169828,51.80360487647516,50.69346981080281,51.22474670410156,15954900
2017-11-10,51.03445791374261,51.621241466829325,50.68555664175785,51.20097732543945,9626200
2017-11-13,51.51022125625661,52.985114179998696,51.34370186806001,52.72343826293945,24411600
2017-11-14,52.461775290836215,52.969264745303065,51.97807345927382,52.33489990234375,14036700
2017-11-15,51.97805191014534,52.71549816320972,51.73223245929122,52.02562713623047,10565400
2017-11-16,52.152500610983125,52.763077626942454,51.88289957518252,52.4221076965332,12339800
2017-11-17,52.62827904225167,53.088187064320124,52.33488433097118,52.90581130981445,13334000
2017-11-20,52.47762729602685,53.008904328918966,52.29524545277606,52.707584381103516,9749400
2017-11-21,51.819463899902125,53.072330766892804,51.75602622441532,52.86616134643555,11215800
2017-11-22,52.62828351198474,54.12696393385678,52.52519576831351,54.02387619018555,15489400
2017-11-24,54.32518605656127,54.93575691619038,54.27760478521143,54.64236831665039,9233500
2017-11-27,54.39656453238872,54.65030920348251,53.95251287041213,54.03180694580078,20404600
2017-11-28,54.04779040751836,54.703502589694644,53.75192682371839,54.679508209228516,12861300
2017-11-29,54.45562030313232,54.53558328491859,52.800361566940374,53.19218444824219,17022200
2017-11-30,53.184188245546046,53.65597407159798,52.55247036769211,53.04824447631836,15555600
2017-12-01,52.13665624824351,52.872331528911275,51.656872265744944,52.368553161621094,15851100
2017-12-04,52.456510094888074,52.53647306880912,51.01715521156584,51.624881744384766,17325100
2017-12-05,51.85677941429651,52.00071520981903,51.49694297588219,51.72883987426758,9661200
2017-12-06,51.68886148177916,52.52048994358613,51.46496268452049,51.96074295043945,6952300
2017-12-07,52.14465590364831,52.4165373655234,51.79281145914567,52.16065216064453,8755000
2017-12-08,52.45650917495303,52.45650917495303,51.08112713520138,51.368995666503906,9371900
2017-12-11,51.225069004746246,52.184643148332924,51.177092432841604,52.120670318603516,12185000
2017-12-12,51.88076676575082,52.064687095922885,51.61688956268144,51.864776611328125,7021200
2017-12-13,51.96074330574475,52.320579789401776,51.8407957775975,51.89677047729492,6490400
2017-12-14,51.864769657005745,52.112656672414325,51.61688264159716,51.73682403564453,7122000
2017-12-15,52.24060473356487,52.31256957335426,51.57690051851843,51.78480911254883,18833000
2017-12-18,51.92075360943118,52.344562879473315,51.81680234910631,52.28059005737305,7440900
2017-12-19,52.06468636045854,52.360556069761515,51.52092960601052,51.576904296875,7130000
2017-12-20,51.62488157133906,52.11266364164138,51.440967342015526,51.65686798095703,6933600
2017-12-21,51.77682043528427,51.944744526223495,51.44896428098549,51.488948822021484,5451100
2017-12-22,51.42497564516993,51.96074042778179,51.41698361764489,51.76082992553711,4444300
2017-12-26,51.568912394056944,51.928754965149814,51.337015475117404,51.41698455810547,4236500
2017-12-27,51.43297213564579,51.68885732633918,51.32102274601644,51.60889434814453,4899600
2017-12-28,51.72883873558039,51.7608251450795,51.456957305229814,51.4809455871582,2451300
2017-12-29,51.46495853413679,51.69685544139189,51.1770869320811,51.193077087402344,6631800
2018-01-02,51.48096656368517,52.24063037205955,51.313042420980004,52.13667297363281,6329600
2018-01-03,52.1526579051521,52.82435433004704,51.72884857504672,52.72840118408203,6844200
2018-01-04,52.92031297988634,53.20018648710242,52.70441230311533,52.80036544799805,5060100
2018-01-05,52.80835631581909,53.256153865792385,52.37654892086595,53.15220260620117,5421800
2018-01-08,52.976292708695375,53.20019153571589,52.72840559317774,52.99228286743164,4266900
2018-01-09,52.4885043410625,52.66442657042401,51.928757339262035,52.19263458251953,7632300
2018-01-10,52.360565021909416,52.568467565932124,51.880774903002134,52.18464279174805,6569300
2018-01-11,52.13665157055234,52.37654659067045,52.08867500684223,52.32057189941406,4233100
2018-01-12,52.46451039571531,52.69640730024072,52.040701125673166,52.28059005737305,5007200
2018-01-16,52.96029121686761,54.89542335148214,52.80035915980184,54.575565338134766,24478800
2018-01-17,54.79146066208819,55.09532849057749,53.767919999517794,54.391639709472656,12559100
2018-01-18,54.17573534522868,54.51958158480906,53.967826755979736,54.41563034057617,6797900
2018-01-19,54.40764236450195,54.57556645226095,54.175745452610684,54.40764236450195,8864300
2018-01-22,54.22371871979805,54.97538410563873,54.14375574489209,54.91141128540039,8566200
2018-01-23,54.85543439440364,55.095329410290994,54.56756281565229,54.647525787353516,7825600
2018-01-24,54.53558485637453,54.60755581260514,53.879878625577696,54.35966873168945,12383100
2018-01-25,54.487608483163925,54.67152883794331,53.80791396475991,53.911865234375,9122200
2018-01-26,54.32767932871891,54.79946517944337,54.055797876829196,54.79946517944336,7919000
2018-01-29,54.50360789437375,54.61555729914017,53.76793253347085,53.831905364990234,9745300
2018-01-30,53.91986432543529,54.30369519840692,53.36011732400245,53.56801986694336,8059500
2018-01-31,54.015818390365006,54.67951659963939,53.94384743948937,54.575565338134766,13915600
2018-02-01,53.576014064125744,54.65552954526097,53.03225725944355,53.41608810424805,16838500
2018-02-02,52.92029751674506,53.607989991125834,52.66441237051848,52.83233642578125,10971700
2018-02-05,53.01627117569633,53.21618169128978,48.37834477361443,49.36190414428711,35996000
2018-02-06,49.82569257716202,51.600895687992946,49.737731471819686,51.496944427490234,24458700
2018-02-07,51.35301038512543,52.87233141028229,51.19307832412852,52.00871658325195,15021200
2018-02-08,51.68084669244469,52.03269103230214,49.897648917147585,49.913639068603516,13451600
2018-02-09,50.33747316008645,51.432982034229255,49.146005033171626,51.16910171508789,23095000
2018-02-12,51.88878107120589,52.536489290984164,51.48895997736039,52.50450897216797,13692100
2018-02-13,52.16065331321873,52.584462621215565,51.96074280184025,52.53647994995117,7695900
2018-02-14,52.096673445126186,53.41608386207803,52.05668890794008,53.24815368652344,10370900
2018-02-15,53.0802235545613,53.0802235545613,51.06512878647857,52.200618743896484,15548400
2018-02-16,51.79281580347208,52.64044057261863,51.656878111524485,51.856788635253906,11760300
2018-02-20,50.38544973607978,51.2890462054639,49.465863108293,51.16910171508789,27494600
2018-02-21,50.47340573665195,51.06514220045266,50.09757604447931,50.69730758666992,14895600
2018-02-22,50.497394453112186,50.84124076349623,49.601793200283325,49.72174072265625,11722300
2018-02-23,50.22551522017221,50.633331298828125,49.60179238463848,50.633331298828125,6762200
2018-02-26,51.616897618611986,53.863889863897924,51.32902598780424,53.560028076171875,27374300
2018-02-27,54.035859421325235,54.543955585825444,53.23742083335415,53.503562927246094,14326000
2018-02-28,53.793904381486264,53.81003793424819,52.350265219816585,52.422847747802734,9582100
2018-03-01,52.44704198146115,53.42291271761547,51.88249069712312,52.390586853027344,10799200
2018-03-02,51.866352508418906,52.301866097330056,51.64053201486801,52.21315002441406,10612700
2018-03-05,51.890550808688836,52.90674926362439,51.24535022625714,51.62440872192383,15445500
2018-03-06,51.21309311053635,51.25341776538733,49.24522103401307,50.11624526977539,23450400
2018-03-07,49.59201230771523,50.495297383313265,49.5436208820931,50.39851760864258,12602400
2018-03-08,50.52757059462429,50.60015621238414,49.65654318150606,49.85816955566406,8902100
2018-03-09,50.29368060334108,50.85823503645197,50.100117940689806,50.83403778076172,7655300
2018-03-12,50.85016433799754,51.196961902599654,50.245285294143706,50.6566047668457,15801300
2018-03-13,48.204827781615855,49.51943243563236,47.688664821567976,48.148372650146484,38572700
2018-03-14,48.30966961655373,48.69679179870452,46.69665898597194,48.487098693847656,29759100
2018-03-15,48.414523129300456,48.61614949992266,48.035467644601205,48.301612854003906,10494300
2018-03-16,48.87421986663536,49.59201216674205,48.777440092239786,48.890350341796875,25574500
2018-03-19,48.54356926484159,48.67261003328193,46.69667384339689,47.07572937011719,14131400
2018-03-20,47.57575111425895,47.65640041721239,46.73698482661886,46.98699951171875,10615400
2018-03-21,46.37405345182419,47.00312658371064,45.785304968494195,45.81756591796875,12231900
2018-03-22,45.35786642460147,45.83370474808826,44.77718153449581,44.8255729675293,13554600
2018-03-23,44.86590114599333,45.00300560215829,43.269020649400936,43.27708435058594,14713300
2018-03-26,44.01906329367535,45.27720966534964,43.75291505254503,45.26914596557617,12093900
2018-03-27,45.64013251823858,46.16436216478708,43.98679736026982,44.2287483215332,12243200
2018-03-28,44.204572277368534,45.14011863408971,43.92229347631645,44.1158561706543,12925500
2018-03-29,44.39005518576328,45.107844454742825,44.05132133907171,44.68846130371094,8482500
2018-04-02,44.43844173631596,44.551355065018434,42.80123692730048,43.39805221557617,16469600
2018-04-03,43.785173016739414,44.39811568462663,43.24481287158129,44.18035888671875,7930700
2018-04-04,43.38998435828868,44.4545711040802,43.08351148402338,44.349727630615234,7496700
2018-04-05,44.75297695266002,44.76104065133737,43.90614399259228,44.39004898071289,5823300
2018-04-06,43.8900166308489,44.172295329745275,42.833496664520396,42.84156036376953,8322200
2018-04-09,43.16417268126954,44.26908430240633,43.01900145203123,43.09158706665039,7608500
2018-04-10,44.019074926706814,44.365869486941236,43.728732432952825,44.17230987548828,12009000
2018-04-11,43.704518298466965,44.41424377842217,43.67226042673024,44.36585235595703,6205300
2018-04-12,44.73684552363653,44.8820167093161,44.37391755943762,44.51908874511719,7412700
2018-04-13,45.65627412097496,45.80144534843229,44.69653066427664,44.94654846191406,12588200
2018-04-16,45.11591990361419,45.15624764286023,44.01100814822778,44.17230987548828,7850500
2018-04-17,44.34973251435984,44.9062201229391,44.180364045162776,44.640071868896484,7089700
2018-04-18,44.47070358151754,44.85782577227446,44.26101354857268,44.54328918457031,4796800
2018-04-19,43.55128638094291,43.66419663116025,42.34152842591672,42.39798355102539,19179500
2018-04-20,42.59155565681211,42.656074495621404,41.38986113367472,41.48664093017578,11838200
2018-04-23,41.53503115927543,41.78504895925718,40.543029813398135,40.75271987915039,10961500
2018-04-24,41.03500705745971,41.36567424061464,39.82524862007708,40.27688980102539,11670000
2018-04-25,40.32526830932004,40.68012956287548,39.413916384088736,40.12364196777344,9619200
2018-04-26,39.938142177060506,40.80110258793024,39.16389784000283,40.704322814941406,13684000
2018-04-27,40.93015086750589,41.422119675603625,40.72046080788712,41.22049331665039,9443100
2018-04-30,41.33339415710406,41.793101904530374,41.13176784414258,41.13983154296875,9469600
2018-05-01,40.93821135328787,41.172098649684195,40.357529577173956,40.986602783203125,6780500
2018-05-02,41.325335842921106,41.33339954279796,40.260745941322135,40.53495788574219,8143000
2018-05-03,40.31720159875501,40.76077890171964,39.76877774457466,40.57528305053711,8609200
2018-05-04,40.47043353365716,42.4221747543078,40.260740446591974,42.33346176147461,9880600
2018-05-07,42.40605887366686,42.96254653756969,42.35766743814627,42.75285339355469,9571700
2018-05-08,42.77704529629285,42.96254116104668,42.026995060746486,42.631874084472656,9930000
2018-05-09,42.631870853380285,43.01092933068993,42.099577475907004,42.88188552856445,7016100
2018-05-10,43.91421594869026,44.41424839315768,43.510963282635394,44.33359909057617,12267200
2018-05-11,44.16423069345318,44.994933278740234,44.05132043905412,44.54328918457031,9639100
2018-05-14,46.236962027717894,46.61601752258179,45.43852022495048,45.76112365722656,15400300
2018-05-15,45.567549828969376,45.656265904958964,44.535224020887426,44.87395477294922,12050500
2018-05-16,44.97073061269669,45.81756357188771,44.898145018382415,45.72884750366211,8675600
2018-05-17,45.55948166131425,46.277270821634374,45.4788292926094,45.93047332763672,11450700
2018-05-18,45.914350529402505,46.76924732114742,45.48690367181695,46.38212203979492,11999700
2018-05-21,46.51923233585426,46.99507065123587,45.785312535171514,46.543426513671875,14286400
2018-05-22,46.70472248682546,47.067650492477775,46.02725790179902,46.28533935546875,9432500
2018-05-23,45.89823038725169,47.47091681341026,45.83371154354863,47.438655853271484,11322500
2018-05-24,47.24508563641277,47.7854427528115,46.81763570199676,47.648338317871094,12487200
2018-05-25,47.462837519391684,48.390319881075094,47.43057964433363,48.35805892944336,11501500
2018-05-29,48.48845135278285,48.56994330484626,47.02157445461047,47.453487396240234,14696300
2018-05-30,47.60016512802497,47.7957501229893,46.98896629324872,47.583866119384766,9146000
2018-05-31,47.266047244357026,47.730558149612726,47.070462232751225,47.36383819580078,12813200
2018-06-01,47.54313250950756,47.86095548880456,47.27420346012158,47.76316452026367,8869700
2018-06-04,47.77130246563549,47.97503542083882,47.2252996378753,47.84464645385742,9696700
2018-06-05,47.966894858414754,48.56994275781695,47.885399798550495,48.0646858215332,6562700
2018-06-06,48.29287137140249,48.7736813998375,48.170633430510286,48.765533447265625,6236700
2018-06-07,50.52578858675782,51.055495678332456,49.07521048986361,49.41748046875,14786100
2018-06-08,49.099643949972894,49.40116786395484,48.74107505520296,49.107791900634766,7035300
2018-06-11,49.03445675524386,49.23818975444375,48.749231799851565,48.83887481689453,7369500
2018-06-12,48.98555900632625,49.2055910013557,48.52919600455568,48.72478103637695,7153500
2018-06-13,48.626989884744155,49.08335291390606,48.17877791628663,48.26027297973633,9676300
2018-06-14,48.31731557063757,48.65143754239379,48.040238586104216,48.45585250854492,8372900
2018-06-15,48.78997397078301,48.855170017624665,48.01578801249071,48.78182601928711,13804900
2018-06-18,48.33361579154679,48.38250971969306,48.01578971500237,48.24397277832031,6946600
2018-06-19,47.49422906836447,47.86910009655414,47.143808110553124,47.83650207519531,7958300
2018-06-20,48.22768172388163,48.2439807388594,47.5186916703046,47.90985870361328,6526400
2018-06-21,48.25212245596761,48.25212245596761,47.58387847183808,47.877254486083984,6605400
2018-06-22,47.90170675192753,48.16248476928902,47.61648176691314,47.673526763916016,8074100
2018-06-25,47.33939703842244,47.380143014125835,46.13329812703368,46.49186706542969,8635900
2018-06-26,46.516322486014786,46.57336748030199,45.88882444013653,46.00291442871094,8934700
2018-06-27,46.08440393490085,46.88303692110325,44.93534994033062,44.95979690551758,11832400
2018-06-28,44.91904988550342,46.01105886349814,44.89460292088345,45.5546989440918,11723600
2018-06-29,45.74212933152961,46.33702925737158,45.701383357459065,45.733978271484375,11274000
2018-07-02,45.14722916451816,45.815473083604886,44.919046115248605,45.782875061035156,7299900
2018-07-03,45.97030808842601,46.0680990454185,45.02498721424933,45.09018325805664,3618900
2018-07-05,45.391702279182354,46.801533932480325,45.35095631056922,46.76078796386719,11728300
2018-07-06,46.825983291140744,47.32309221635872,46.47556234742048,47.135658264160156,8806200
2018-07-09,47.314951661497474,47.5186846555655,46.63855662900661,47.29865264892578,4577100
2018-07-10,47.31495423992657,47.64907624405737,47.225311220256536,47.56758117675781,6848900
2018-07-11,46.80154444616009,47.274203383945085,46.23924249205755,46.69560241699219,8702000
2018-07-12,47.14381734110009,47.66537645880499,46.70375640146766,47.52683639526367,8426400
2018-07-13,47.46977616762142,47.901689016073526,47.41273119173975,47.583866119384766,5266100
2018-07-16,47.608325966666875,47.950599023336224,47.31495305787456,47.5512809753418,5907100
2018-07-17,47.20085684384163,48.00764083862305,46.95637788166257,48.00764083862305,7560300
2018-07-18,48.08098772616575,48.08098772616575,47.567579698648466,47.88540267944336,6795100
2018-07-19,47.844657097567406,48.56179812986222,47.79576316702111,48.3336181640625,8150200
2018-07-20,48.06468848668405,48.227675506731416,47.59202954813742,47.76316452026367,10859700
2018-07-23,47.59201770479646,48.25211046408095,47.11935577515358,48.14617156982422,8011800
2018-07-24,48.366206177262534,48.58623815946801,47.63276934529604,47.958740234375,6637600
2018-07-25,47.71427349822434,48.48845960953214,47.07047639765222,48.42326354980469,13143100
2018-07-26,51.3814499633486,51.96005080195752,49.92272127836148,51.8133659362793,31025100
2018-07-27,51.51998970099768,51.75631756179487,50.70505789609088,51.08807373046875,13488800
2018-07-30,51.05548527347029,51.32441118654391,50.468733304991815,50.55837631225586,9547700
2018-07-31,52.01711840346716,52.69351355124328,51.74818931327589,52.22899627685547,22350800
2018-08-01,51.78891968908036,52.86463261692641,51.78891968908036,52.44086456298828,10706200
2018-08-02,52.123034101643135,53.00316188581577,51.86225618975153,52.78312683105469,10618500
2018-08-03,52.75869645579224,53.467689541013115,52.70165146393109,53.29655456542969,7809400
2018-08-06,53.67142201497936,53.80180790190587,53.23950904978884,53.56548309326172,10878400
2018-08-07,53.728466085822994,53.728466085822994,53.17431208664399,53.32915115356445,7810900
2018-08-08,53.14171027315993,53.41879036171793,53.06836938401755,53.10096740722656,7912200
2018-08-09,53.052054871247314,53.21504494921946,52.90536690979025,53.03575897216797,6629700
2018-08-10,52.6853461322579,52.92167711837727,52.55495404994237,52.823883056640625,8736000
2018-08-13,53.09282404961297,53.15802010548944,52.685358026542175,52.84019088745117,7092400
2018-08-14,53.04391145237343,53.475830558127804,52.783133507496494,53.32099151611328,7844200
2018-08-15,53.08466668362854,53.63882065788784,52.60385981787867,53.52473068237305,13524800
2018-08-16,53.67141962622166,53.86700155662551,53.40249058601795,53.589927673339844,9958800
2018-08-17,53.37804407771404,53.94034912704401,53.06837216714374,53.83440399169922,15170500
2018-08-20,54.054441948892425,54.266319795852084,53.5736288278486,53.9159049987793,13966900
2018-08-21,53.85885610249612,54.42116120555699,53.809962169164955,54.23373031616211,12181400
2018-08-22,53.964800740294294,54.66564279282576,53.95664967900308,54.470054626464844,13860300
2018-08-23,54.584137442981074,54.8367643240981,54.437449462911324,54.48634338378906,12038100
2018-08-24,54.60044572023925,54.893821746877364,54.55155178827888,54.722686767578125,16001400
2018-08-27,54.90196706635886,54.99161007720328,54.779726031803975,54.87751388549805,12578000
2018-08-28,55.87172230172202,57.444540926764454,55.35016644633931,56.86594009399414,24952700
2018-08-29,56.77630282397992,57.102276820825494,56.3443899205702,56.39328384399414,11874300
2018-08-30,56.20586361966908,56.360702696370126,55.415378548525034,55.52946853637695,12027500
2018-08-31,55.40722833694248,56.23031144830027,55.36648546490658,55.993980407714844,11166900
2018-09-04,56.52850387956513,57.65512895931357,56.5038343106887,57.54822540283203,13024100
2018-09-05,57.400189805929934,58.4445744073296,56.997232684384976,58.29655075073242,15310700
2018-09-06,58.26366870946954,58.67484492657808,57.72091936539288,57.8607177734375,11997700
2018-09-07,57.43310321558247,58.074543520969264,57.24396562893389,57.877174377441406,24421900
2018-09-10,58.11565126267343,59.82614601534508,57.97585283961276,59.4725341796875,14636000
2018-09-11,59.07776919690183,59.752103911677054,59.053099638858505,59.62874984741211,9501100
2018-09-12,59.28337331613013,59.620540765104394,57.581104334212604,59.00377655029297,12638300
2018-09-13,60.59090984125705,61.97246177668829,60.42644191224949,61.35569763183594,24617700
2018-09-14,61.289915781491345,62.531669508517375,61.191237521098635,61.750431060791016,13450700
2018-09-17,61.54483871653697,61.90667571034131,60.12217285280571,60.22907638549805,11558300
2018-09-18,60.68961942661843,62.9099687554244,60.45113643923451,61.44618225097656,11692000
2018-09-19,61.98069380725414,61.98069380725414,60.66492513566235,60.90340805053711,12383200
2018-09-20,61.24880632115734,61.766886047504,61.02676767125836,61.34748458862305,12013900
2018-09-21,61.53662680962802,61.56952165595459,60.1386240739756,60.607364654541016,23465400
2018-09-24,60.09751747741889,60.73072609201655,59.86725979938337,60.50869369506836,15446100
2018-09-25,59.73568287798377,60.500470925522286,59.686343737514,59.81791687011719,20741900
2018-09-26,59.76856748877362,60.24553334509511,58.86398118219689,59.01200485229492,11306000
2018-09-27,59.35738515918742,59.768561280746205,58.773515819459924,58.97087860107422,12498300
2018-09-28,58.806407479849604,60.2455238274297,58.59259415147531,59.23402786254883,20080800
2018-10-01,59.58764903835122,60.38533180175628,59.291601697828725,59.70277786254883,9340200
2018-10-02,59.53831349540683,60.78006734445183,59.43140367074257,60.31954574584961,9221200
2018-10-03,60.51689259735333,60.763600755602795,59.694540435253906,59.735660552978516,7079800
2018-10-04,59.209374184080076,59.78501836791599,59.09424534731289,59.52186584472656,8599500
2018-10-05,59.53010301452926,59.75214172553194,58.01697727251346,58.55972671508789,23411300
2018-10-08,58.20610221380299,58.88043093484539,58.02518368088048,58.3294563293457,10104600
2018-10-09,58.18966353401028,58.35413152121633,57.638682601361765,57.67157745361328,10329200
2018-10-10,56.553173252273055,57.20283241798681,54.78512056571721,54.875579833984375,22296800
2018-10-11,54.56306978827389,55.08937471916941,52.309826410749324,52.86902618408203,25852600
2018-10-12,53.905191761679326,53.98742573074743,52.03022652408298,52.86902618408203,15760900
2018-10-15,52.81969681971285,53.61737336855665,52.63877828989541,52.77035140991211,12314700
2018-10-16,53.27198410521752,54.595971887561376,53.14041099202989,54.373939514160156,15931400
2018-10-17,54.58774436902825,54.77688816191479,53.691383357912265,54.357486724853516,14779100
2018-10-18,54.01210922283705,54.5384142894574,53.34600574534438,53.576263427734375,12218600
2018-10-19,53.82294819954278,54.447937619209554,53.45289222453112,53.748939514160156,10673000
2018-10-22,54.02032775352079,54.76866512777355,53.633821146071895,54.373939514160156,12890400
2018-10-23,52.350953109822605,55.03182052543293,52.27694126911731,54.58774948120117,13441000
2018-10-24,54.16834497126104,54.595965380719434,51.397015629842045,51.495697021484375,23384300
2018-10-25,52.47432237307046,52.49076980208962,51.27368515088215,51.972686767578125,20385700
2018-10-26,50.57467962922949,52.33451350789968,50.31152707561671,51.380584716796875,17049300
2018-10-29,52.219374827734235,52.37562064670858,50.38552944251038,51.12564468383789,14778300
2018-10-30,51.281893847626066,52.4002935629907,51.12564489099332,51.95622253417969,18865300
2018-10-31,51.734182712857596,52.23581811434266,51.043406660112176,51.717735290527344,12917500
2018-11-01,51.972672425601075,52.885480956575606,51.709519907964655,52.39207077026367,11003900
2018-11-02,52.58119916847408,52.59764658911404,51.26543688752412,52.079566955566406,13707900
2018-11-05,51.873985249284,52.46607677963465,51.528595647639776,52.1947021484375,13373800
2018-11-06,52.09601790512564,52.910144940314794,51.32300785828516,52.32627868652344,8774100
2018-11-07,52.21938661646547,52.424974752750764,51.2161155075449,51.98090362548828,18493500
2018-11-08,47.69642803046159,49.46448653122824,47.367485892683,47.737545013427734,32155200
2018-11-09,47.515520886003415,47.893805375877136,46.207980438527514,46.643829345703125,21745200
2018-11-12,46.356002506345284,46.462909193476136,44.76064002796922,44.80998229980469,24447800
2018-11-13,45.0155629109847,45.63232708979398,44.44813785878426,44.538597106933594,20883800
2018-11-14,45.09779958824092,45.138916575225736,44.135645780266,44.35768127441406,14071900
2018-11-15,44.26723440464752,45.673456357633114,44.02052615715474,45.55010223388672,18856300
2018-11-16,45.3280591835897,46.906977275636635,45.221155640214896,45.95304870605469,57303300
2018-11-19,45.92838040473733,46.561592130828586,45.12247542708269,45.14714813232422,20321400
2018-11-20,44.57149791974784,45.58299093204248,44.46459123606704,45.16358947753906,20658300
2018-11-21,45.40207374393382,46.462909057604136,45.3774041766009,45.451416015625,13015500
2018-11-23,45.04024207359048,45.84614706255192,45.02379464887386,45.43497085571289,4671900
2018-11-26,45.87903510740781,46.36422308499793,45.37739970754048,45.82969284057617,10373700
2018-11-27,45.71457135680105,46.240876406020064,45.51720539483115,45.698123931884766,9719000
2018-11-28,45.961279735358794,46.64383380146297,44.974456129160664,46.58626937866211,17483500
2018-11-29,47.605969629869854,48.55989808191315,47.50728824159635,47.786888122558594,26949000
2018-11-30,47.87735227992192,48.082940356511045,46.890528884889136,47.91024398803711,18197800
2018-12-03,49.760544536176546,49.760544536176546,48.0253835308261,48.6339225769043,17114500
2018-12-04,48.510561359748564,48.91351221176073,47.05499747824302,47.474395751953125,15836500
2018-12-06,46.55998969752972,47.5575262951698,46.2939803609699,47.47439956665039,18203300
2018-12-07,47.05875815609971,47.48270953243407,46.327230917183336,46.543365478515625,17054700
2018-12-10,48.02303963785538,48.42205360462557,47.08369247401745,47.582462310791016,20484900
2018-12-11,48.588310389371856,48.76287840587582,47.24163785035666,47.67390060424805,13116300
2018-12-12,48.57999905139262,48.69638090789728,47.823534425059734,47.98147964477539,13246500
2018-12-13,48.33062205397712,48.53013066312864,47.84848126940708,48.289058685302734,8949900
2018-12-14,47.84848642670243,49.04552869738811,47.682229763003335,47.89836120605469,13551000
2018-12-17,47.873420467398034,48.496880534343966,47.108641136315114,47.382965087890625,16648200
2018-12-18,47.95654148557384,48.66313137978261,47.71547269847536,48.03135681152344,12384200
2018-12-19,47.83186087787733,48.62988906558621,46.601566629055604,47.12527084350586,17376400
2018-12-20,47.56584283561747,48.164362282061234,46.601558157983085,46.8592529296875,21742300
2018-12-21,46.76781553096395,47.61572158630295,45.46270606950303,45.59571075439453,38202300
2018-12-24,44.6397307797663,45.62895270844161,44.53166350603637,44.598167419433594,8275000
2018-12-26,45.09694074021761,46.5516807640956,44.48179213484473,46.518428802490234,18451600
2018-12-27,46.16929577249795,46.87588256239656,45.5292097391268,46.62649917602539,15804800
2018-12-28,46.82599974899995,47.82353312323483,46.7511844288242,47.225013732910156,12749600
2018-12-31,47.48271165076113,47.72378360643225,46.784436339525755,47.308143615722656,8877000
2019-01-02,46.7179290728899,48.214232196495985,46.48516855422689,47.7154655456543,9896600
2019-01-03,46.51011568055323,47.249954358010214,46.15266503419602,46.30229568481445,14422200
2019-01-04,46.96731882714905,47.24164274241787,45.89496689286787,47.050445556640625,14177300
2019-01-07,46.87586752180667,47.51595334979989,46.51010555055945,46.91743087768555,12352000
2019-01-08,47.141884114583064,47.28320335178125,46.22747745913607,46.51011276245117,12110000
2019-01-09,46.767807901129906,47.4743977508449,46.66805519650568,47.05875778198242,10971000
2019-01-10,46.70961267269247,47.37463907592888,46.634797360882416,47.21669387817383,10958200
2019-01-11,46.94237812510286,48.3555514530795,46.825999443606555,47.7985954284668,12024300
2019-01-14,47.399585907341816,47.923293194436006,46.8592526397435,47.63234329223633,9449400
2019-01-15,47.64896371682952,47.715467631091556,46.1859124849575,46.32722854614258,17423400
2019-01-16,46.343849592706704,46.61817345322179,45.853394376003436,45.9448356628418,13856000
2019-01-17,45.69547343995978,45.88666750472368,45.19670341915271,45.52921676635742,18365000
2019-01-18,46.044588352537815,46.46854283313735,45.712078329857476,45.9448356628418,28020000
2019-01-22,45.69547017964026,45.71209616292248,44.8392494815573,45.13019943237305,17867500
2019-01-23,43.99132445912315,44.53165758484582,42.578151369228245,43.03535461425781,33788600
2019-01-24,43.18500163687886,43.209939025021576,41.90482952752083,42.237342834472656,32782700
2019-01-25,42.337092042219645,43.2514988037769,41.79675875606567,42.6446647644043,19516200
2019-01-28,41.83000660131854,42.636349163150314,41.76350585464489,42.09601593017578,24457600
2019-01-29,41.97133830376841,42.26228510263541,41.01536481420724,41.065242767333984,26266600
2019-01-30,41.29799300355644,42.28721511825416,40.90729036657923,41.705318450927734,18124100
2019-01-31,42.561544187666975,42.62804495050655,40.81585397520821,41.16499328613281,24736300
2019-02-01,41.21486592774156,41.796759419192774,41.06523526677362,41.239803314208984,15533200
2019-02-04,41.3229232808615,41.39773859909024,41.12341787963898,41.306297302246094,10880000
2019-02-05,41.33955733565986,42.461787328332186,41.33124593026901,42.17083740234375,15454200
2019-02-06,42.34540413380113,42.92730079653678,42.33709272866966,42.47840881347656,11052900
2019-02-07,42.253954965002,42.49502370387758,41.788437122094486,42.02119445800781,10623300
2019-02-08,41.76351703963078,42.12927917199653,41.48919306204483,41.80508041381836,12461200
2019-02-11,42.02120671029515,42.64466675991698,41.879890621166794,42.25396728515625,9971800
2019-02-12,42.6446550716324,43.376182217257224,42.41189773164852,42.94391632080078,16637600
2019-02-13,43.22655153512542,43.63388005063586,42.86078954834041,42.88572692871094,11004000
2019-02-14,42.81091695055599,43.035362915098375,42.470092301676374,42.86910629272461,17895000
2019-02-15,43.29306031564577,43.52581768151012,42.89404315833363,43.209930419921875,12239500
2019-02-19,43.226567133943256,43.62558121926519,43.01874709964545,43.23487854003906,8258400
2019-02-20,43.43438649886654,43.99134266008192,43.34294517781159,43.600643157958984,12863700
2019-02-21,43.64220273670106,43.71701806823582,43.14343597385717,43.51750946044922,7826200
2019-02-22,43.800138335436706,44.18252951295575,43.75857497318586,44.157588958740234,13394500
2019-02-25,44.70623884065389,44.86418407528794,43.97471470001802,44.049530029296875,15341700
2019-02-26,44.12434546898649,44.24072416569334,43.45931890880742,44.08277893066406,11366700
2019-02-27,44.016272022304285,44.165902660312895,43.45100142784537,44.091087341308594,10426200
2019-02-28,44.05783185437302,44.689603142292185,43.816759937884,44.38203048706055,19000200
2019-03-01,44.88911371985413,45.22162694176697,44.648041792521376,45.05537033081055,12659000
2019-03-04,45.371260464456235,45.47101316895142,44.27396803068392,44.706233978271484,14021700
2019-03-05,44.80599223861819,45.08031298335084,44.6397356082231,44.83924102783203,10092800
2019-03-06,45.31858244849306,46.63886749989106,45.184031207839595,46.08384323120117,20521300
2019-03-07,46.10907302920934,46.29407897706644,45.08311783127856,45.43631362915039,13667300
2019-03-08,44.948564610780274,45.099935148323155,44.59536562052873,45.015838623046875,10117100
2019-03-11,45.17561637758943,46.04178965878006,45.11675041913691,45.70541000366211,10738800
2019-03-12,45.966110686967625,46.512726899346966,45.8651980598046,46.11748123168945,9575300
2019-03-13,46.27726452556007,47.042525375842935,46.25203716819571,46.58000564575195,9198900
2019-03-14,46.697730093492375,46.98365186021885,46.462266241348594,46.588409423828125,7306100
2019-03-15,46.25204062720095,48.21985484765825,46.18476339192473,47.59755325317383,27985600
2019-03-18,47.61436872424448,48.093707759109485,47.4629981650287,47.79096984863281,13089300
2019-03-19,48.07689334086725,48.50577770491268,47.74892483186498,47.90870666503906,9363700
2019-03-20,47.95915754840471,48.51418187492549,47.723693654715575,48.0684814453125,8804800
2019-03-21,48.12734735847403,49.01034016665764,48.10212000074034,48.581459045410156,19542700
2019-03-22,48.505768747612755,48.85055650211878,47.7236886592044,47.782554626464844,10243500
2019-03-25,47.58073272515738,47.88347063186666,47.15184841006494,47.631187438964844,6929600
2019-03-26,48.06007271207285,49.102844118974616,47.656415745837755,48.77487564086914,16051800
2019-03-27,48.22825716105035,48.49735965423357,47.36208371161402,47.85824203491211,11934400
2019-03-28,47.959138374367235,48.26187937833469,47.37888692206539,47.555484771728516,11064300
2019-03-29,47.93392867940703,48.40485965989302,47.88347075751233,47.95915603637695,8529100
2019-04-01,48.47212692836279,48.901011184831724,48.02642657489316,48.615089416503906,12066500
2019-04-02,48.75805084257484,49.220570521355455,48.48894836735868,48.850555419921875,7614500
2019-04-03,48.943056298737936,49.01874156467026,48.085291020823114,48.50576400756836,11563400
2019-04-04,48.56463805340471,49.28785222426931,48.51418013173223,48.657142639160156,9905100
2019-04-05,48.75804916216612,48.934647053948936,48.51417404992065,48.76646041870117,12332600
2019-04-08,48.59827057019288,49.18693341735911,48.36280350655373,48.57304000854492,8942400
2019-04-09,48.41325988042047,48.48894514704566,47.95914828066931,48.30393600463867,11713400
2019-04-10,48.53099423014916,48.657137416814045,47.17707061949135,47.37049102783203,15976500
2019-04-11,47.4630005518549,47.849838227056836,46.916387467602995,47.00889205932617,13903800
2019-04-12,47.32845957131602,48.07690130985719,47.151861607651284,47.89189529418945,13483500
2019-04-15,48.05166183011481,48.49736225687682,47.95915724162724,48.08530044555664,10712500
2019-04-16,48.320760342637506,59.73239823945149,48.17780105076182,59.24464797973633,86755900
2019-04-17,66.28337399834476,69.39487212651814,64.32396796710157,66.50202178955078,156019300
2019-04-18,66.19928390738363,67.44388065318888,65.61061773547236,67.18318939208984,41621200
2019-04-22,67.13272608805794,69.37805054778624,66.72065789565274,68.9323501586914,33292500
2019-04-23,70.55535939316097,73.96959755373575,70.02555939175606,72.92682647705078,56973700
2019-04-24,73.19596134343448,74.53306278254628,71.73271668540951,73.01936340332031,40290400
2019-04-25,72.4643154419299,72.59045862539323,71.07675325565094,71.53927612304688,20732200
2019-04-26,71.06836783004508,72.96049685117369,70.81608139419704,72.85958099365234,18860600
2019-04-29,72.65777069131276,73.9864675513266,72.18683634158812,73.37257385253906,17930000
2019-04-30,73.14549628486672,73.54914682924971,72.36341613722624,72.4306869506836,17582400
2019-05-01,73.30526026536002,74.18825611949954,72.44749818023456,72.63250732421875,28211500
2019-05-02,73.58277801193422,75.97106167005664,72.4475021486462,73.28003692626953,40342000
2019-05-03,73.80143479650373,75.53378178602995,73.21276865092278,75.08808135986328,21068400
2019-05-06,72.59887837450397,74.59191652591717,72.43909656236518,74.21349334716797,15682100
2019-05-07,73.33051316818784,74.12941598502599,71.29542470711637,71.64862060546875,21579500
2019-05-08,71.35425041211167,72.08587557363448,70.73195231163565,71.09355926513672,15500700
2019-05-09,70.10968318648328,71.34586864381231,69.17623244203381,70.4544677734375,14516000
2019-05-10,70.11804957264732,72.59884321654239,70.09282222840234,72.18677520751953,15955600
2019-05-13,70.00032760349846,71.35425087426653,69.79009115047121,70.54694366455078,16689000
2019-05-14,70.86652665540264,72.69138461050358,70.63947402617592,72.4306869506836,14353700
2019-05-15,71.94292248222224,73.16229143985669,71.38789512269788,72.53999328613281,11784800
2019-05-16,70.46287821350825,71.31223561585912,69.06690453408184,69.63874816894531,22498800
2019-05-17,67.68775952481765,69.89945219200108,67.2756976730253,68.53711700439453,19523400
2019-05-20,65.55176522861004,65.8713289468792,63.970788404860905,64.43331146240234,32679300
2019-05-21,66.35904526336783,66.46836592264209,64.93784461326155,65.383544921875,17282200
2019-05-22,58.134605844181195,60.32947583932442,57.15911163295646,58.28597640991211,66150700
2019-05-23,56.36019930788788,57.41138183047233,55.41834387383394,57.402976989746094,31820700
2019-05-24,57.96640541517184,58.15141455335043,55.4772061376521,55.67903137207031,21420000
2019-05-28,56.04063956220661,56.94045150366094,54.86331390769128,54.97264099121094,22667300
2019-05-29,54.96423370403833,55.62858184574523,54.45966736306992,55.30061340332031,16312600
2019-05-30,55.47721372981463,56.40225313139243,55.44357511682333,55.99859619140625,11554600
2019-05-31,55.317439422330395,57.049786522852436,55.107202874561786,56.19202423095703,15060300
2019-06-03,56.419072906427566,57.293657653464585,55.73790859271722,56.057472229003906,13620700
2019-06-04,56.85637527338439,57.60481690678362,56.09111112243091,57.562767028808594,15866700
2019-06-05,57.740963656217616,57.98706789046834,55.86548636198248,56.8753547668457,11779200
2019-06-06,56.79050268827184,57.68156967519859,56.238890099915004,57.35908508300781,10781700
2019-06-07,57.44395826598376,58.36896494179329,57.11299198064322,58.2925910949707,10495600
2019-06-10,58.55565375008964,60.64328932423338,58.55565375008964,59.862548828125,15229200
2019-06-11,60.74511571690432,61.288239997268285,59.63340274263098,60.45657730102539,11839500
2019-06-12,59.005431002815875,59.71828584250982,58.72538065598777,59.05634689331055,9396200
2019-06-13,59.378809964490884,59.82009596294928,58.87811348256264,59.34486389160156,6790500
2019-06-14,58.00404631142223,58.657497145027264,57.62216416938061,58.31804275512695,12119500
2019-06-17,58.63204105107374,59.38733025127961,58.470805210752054,58.649017333984375,9411100
2019-06-18,59.14122929062422,61.432535546987644,59.12425300675338,61.067623138427734,14508000
2019-06-19,61.415540212162526,61.62769835048408,60.08318736248527,60.931819915771484,11999300
2019-06-20,62.111445737629815,62.518785915124745,61.29675890808458,61.729557037353516,9871800
2019-06-21,61.36463905966391,62.09446382563145,61.36463905966391,61.712581634521484,15244500
2019-06-24,61.924737155979265,62.33207727886001,61.27128626679939,62.08597946166992,8893000
2019-06-25,62.145388024896505,62.917640571145036,61.54285298856047,61.56831741333008,8953400
2019-06-26,62.5951538541429,64.23301533112462,62.50180373308015,63.60502243041992,13808000
2019-06-27,63.935994556160516,64.41123334552893,63.79172852838559,64.01237487792969,11151900
2019-06-28,64.20755254966248,64.86948501313469,63.48620958221103,64.55548858642578,29217500
2019-07-01,68.45921325323475,68.53559357962459,65.41262430502034,65.78601837158203,17693000
2019-07-02,65.58235375716056,65.75208423297336,65.02225937336739,65.35322570800781,7075600
2019-07-03,65.40411637049999,65.53990069874375,64.53851393888205,65.03071594238281,5290400
2019-07-05,62.968540818903584,65.10709874910074,62.88367884776476,65.05618286132812,9220800
2019-07-08,64.47910991391369,65.37017028843906,64.43667569269924,65.03071594238281,7924900
2019-07-09,64.86948710219839,65.2089350101029,64.36030229123398,64.96283721923828,7506500
2019-07-10,65.20045196262365,65.26834413258705,62.866712035199335,63.10432815551758,15075700
2019-07-11,63.24010957065207,64.3093886466581,62.204783056087244,62.55271911621094,14298400
2019-07-12,63.0109865570886,63.630491361268696,62.51029630368042,63.562599182128906,8028100
2019-07-15,63.774758720522826,64.41123334552893,63.46925038255552,64.01237487792969,8898200
2019-07-16,63.7408092751423,64.92040833343248,63.265576985343195,64.2160415649414,9909600
2019-07-17,66.67705958231723,67.3814261568065,64.24996995723687,64.29240417480469,20602300
2019-07-18,63.621978797121216,63.94445681241096,62.841238460386826,63.11280059814453,12580800
2019-07-19,63.155233426372675,64.24997020338002,63.155233426372675,63.64744186401367,14477400
2019-07-22,63.698391457852715,65.02226335197565,63.698391457852715,64.45367431640625,9645800
2019-07-23,63.93599185755479,64.1481500569354,62.21326831451294,62.900665283203125,14420400
2019-07-24,62.80730029836916,64.85250148977002,62.52724998754884,64.38575744628906,14012700
2019-07-25,64.36031683875201,64.61490930178037,63.732330297718754,63.944488525390625,7299500
2019-07-26,63.74079068010252,64.36877694764298,63.52014440654143,63.83414077758789,8262500
2019-07-29,63.78325542387827,64.76766627593145,63.36742061804067,63.622013092041016,8237500
2019-07-30,63.29102036925909,63.70684852714762,63.10432016278383,63.486202239990234,7397900
2019-07-31,63.50319469988982,63.88507687440983,61.74652504289962,62.08597946166992,14052800
2019-08-01,58.45383641847067,62.552735201736446,57.91919998026216,60.422664642333984,29729800
2019-08-02,59.77769383638988,60.70270043932706,59.412781489691234,60.38022232055664,12649400
2019-08-05,59.37883163720692,60.117137949732516,58.182256410687344,58.38593292236328,13071800
2019-08-06,58.9969367667253,59.34487924796253,57.18086348179496,57.85128402709961,13189900
2019-08-07,57.07904870253951,59.064846512413155,56.96024061859263,58.89512252807617,8934900
2019-08-08,59.03089966023763,60.54995325633963,58.85268753661291,60.47357940673828,8367900
2019-08-09,59.83709389849328,61.262797103211334,59.56553169162097,60.67723846435547,8702200
2019-08-12,60.25291851653972,60.660265039821205,59.17515789328677,59.234561920166016,7364300
2019-08-13,59.31094457618596,61.500418706168674,58.818736009063464,61.25431442260742,10134800
2019-08-14,59.947422463413254,61.008213498616,59.87104861666489,60.151092529296875,10336900
2019-08-15,60.62632232800584,61.26279685477112,59.90497935136223,60.38870620727539,9107000
2019-08-16,60.974245156608944,62.29811628810576,60.87241339810693,62.18778991699219,10090600
2019-08-19,63.291016604699344,64.09721493065022,62.91761621395874,63.5371208190918,9688400
2019-08-20,63.28253954911657,64.86948501313469,63.07886951602211,64.55548858642578,9387300
2019-08-21,64.92042491451994,65.50598376011668,64.48762026888079,65.09014892578125,11004100
2019-08-22,65.26834534174964,66.15091766940976,65.005264796906,65.47201538085938,7198800
2019-08-23,64.597914113989,67.12683556855723,62.13687834494374,62.39146423339844,16479400
2019-08-26,63.56261441211152,63.7238502830084,61.54286368336308,61.873836517333984,11153800
2019-08-27,62.52727214761883,63.12131258605471,62.119925508009096,62.77337646484375,7303100
2019-08-28,62.62059306630134,63.54559938520551,61.87379879577635,63.0958251953125,5678500
2019-08-29,63.8341682443208,65.37019173278205,63.8341682443208,64.87798309326172,7348400
2019-08-30,65.49746356612515,66.23577625038753,65.34470944091751,65.99815368652344,8465300
2019-09-03,65.14952923532813,65.33622946441172,63.39285981326101,63.749290466308594,7580700
2019-09-04,64.48759453384338,65.44655359099082,64.18208625584728,65.42108917236328,4923700
2019-09-05,66.1000134426979,68.26402984173401,66.1000134426979,67.03350830078125,13480300
2019-09-06,67.00803484547635,67.10987309671441,66.56674870588498,66.90619659423828,5128000
2019-09-09,67.07592580031697,67.42386182195489,66.16788911882584,66.3715591430664,6885100
2019-09-10,66.21881264797364,66.94014919275673,65.63325397683538,66.79588317871094,9373900
2019-09-11,66.86431465144639,68.35266411435308,66.82155003931469,68.34410858154297,6575700
2019-09-12,68.47240289522173,68.47240289522173,67.2150073673868,67.64269256591797,5847100
2019-09-13,67.72823536936777,68.03616926652656,67.03538736373996,67.0696029663086,5343700
2019-09-16,66.35964315675356,67.13802689714741,65.7865465035244,66.75311279296875,3756500
2019-09-17,66.38530323809842,67.39464066193673,66.29976749559528,67.3091049194336,4400800
2019-09-18,67.30911197779106,67.63415044377165,66.41097027242748,67.48873901367188,5147500
2019-09-19,67.77956135163454,68.42964480454638,66.89853071892952,66.91564178466797,5180900
2019-09-20,66.88997663335195,67.31766192263414,65.15357540301976,65.38452911376953,9122000
2019-09-23,65.58125620330182,66.64192034681074,65.05947966401608,66.06881713867188,5815700
2019-09-24,66.78735382163805,66.97553644233118,63.83632063760383,64.34954833984375,10177800
2019-09-25,64.17844328225237,66.2826537885277,64.05013641063442,66.08592224121094,5571600
2019-09-26,66.00039449525582,66.45373984071199,64.95684138445367,66.16291046142578,3760300
2019-09-27,65.87209549927177,66.88998213381318,65.1877963697655,65.54705047607422,5013200
2019-09-30,65.76943427960505,65.82075441900149,65.02525962856316,65.2476577758789,4775800
2019-10-01,65.91482988709525,66.77020014371868,64.12710918321172,64.55479431152344,7043700
2019-10-02,64.37517673055004,64.76009079179153,63.10067016359167,63.28885269165039,5997500
2019-10-03,63.23755191157367,64.8627574388138,62.57891938774504,64.7772216796875,5419400
2019-10-04,65.28186444219556,66.34252184228599,64.87128380534497,66.28264617919922,4893600
2019-10-07,65.87209160288018,66.33399250908106,65.23911266144206,65.29898834228516,4215500
2019-10-08,64.59756954211147,64.85418327172225,62.27951654820481,62.3137321472168,8489600
2019-10-09,63.22043176129418,63.98171092369406,62.921046889328736,63.5967903137207,5137500
2019-10-10,63.596796532037175,64.98249911670608,63.442829578185076,64.12712860107422,5580600
2019-10-11,65.17068405474522,66.56493569680678,65.01671709526927,65.60691833496094,7280800
2019-10-14,65.56414120748339,66.1800089278226,65.24765181620958,65.26476287841797,4545300
2019-10-15,65.76088339767703,66.70179619286847,65.24766238954663,66.56493377685547,5222500
2019-10-16,66.2826628715351,66.99262200261253,66.10303583703829,66.91564178466797,6218000
2019-10-17,67.3176607950718,68.39542953327914,67.0610535413764,67.54861450195312,5916700
2019-10-18,67.24923318400285,67.76245419502563,66.43662726775413,66.44518280029297,6107000
2019-10-21,67.04392437369516,67.65123652721404,66.7274415269919,67.5571517944336,5119800
2019-10-22,67.51438021207484,67.63413153585081,66.9241725977806,67.12091064453125,4944500
2019-10-23,66.0431570672249,66.83009637940827,65.75233422288028,66.06881713867188,5785700
2019-10-24,66.77020963295112,67.59136441289543,66.36818451105006,67.56570434570312,5271200
2019-10-25,67.57426093272181,68.62636938575415,67.49728072994193,68.57504272460938,6712300
2019-10-28,68.90009461784666,71.10694549150409,68.89153908579762,71.03852081298828,9949800
2019-10-29,70.78189119003974,70.86742691347672,69.66135820331345,69.84954071044922,4993600
2019-10-30,70.22592579174855,70.35423268846965,69.15671252900584,69.66138458251953,3971000
2019-10-31,69.66136246507943,69.68702253108464,68.29276470252985,68.80599212646484,5693700
2019-11-01,69.78966019746522,71.5517274670767,69.4988374256207,71.49185180664062,8620300
2019-11-04,72.31302031092285,73.4506646021587,72.11628223141729,72.7834701538086,8389200
2019-11-05,72.87759260014819,73.33949363459794,72.47557378912785,73.09999084472656,7280000
2019-11-06,72.99731932409465,73.22827302624461,72.0393084883892,72.39000701904297,9755300
2019-11-07,76.83791781654281,79.12175501674218,75.54630679927163,76.96622467041016,30254000
2019-11-08,76.9662419117232,80.49891979394542,76.6411969389845,80.43048858642578,16371300
2019-11-11,78.44603988494865,79.1388880086263,77.74463622768138,78.55723571777344,11297700
2019-11-12,78.84806221873245,78.90793789973179,77.12876548438012,77.81306457519531,9332100
2019-11-13,77.58209225418337,78.60854064426194,76.65829718685833,77.38536071777344,9353200
2019-11-14,77.24852580793016,77.47947955140599,76.49580194147828,77.3939437866211,8793600
2019-11-15,79.20729943998704,80.35349919416078,77.47945406621153,77.67618560791016,25490200
2019-11-18,77.67621115781522,78.67699983627624,76.36749503132064,77.3939437866211,10360500
2019-11-19,78.05255777709488,78.17230912448439,74.14351487055708,75.23838806152344,18091300
2019-11-20,75.11862086094246,75.58052161451819,72.97163954134716,73.23680877685547,13045100
2019-11-21,72.52685698942257,73.81846812051826,72.32156992071832,72.80057525634766,10180400
2019-11-22,72.95455338729198,73.40789872466287,72.30446995632806,72.6124038696289,6166700
2019-11-25,73.35656920983146,73.80991448928769,72.7749170618978,72.95454406738281,8964100
2019-11-26,72.9203391073509,73.17695288174879,71.97087727842184,72.39000701904297,11584500
2019-11-27,72.8433495287319,72.97164987348224,72.25314183904628,72.53541564941406,5215000
2019-11-29,72.28734889192836,72.7920142574943,71.3549918325863,71.46619415283203,3882400
2019-12-02,71.83399817959786,72.09916087511547,70.40552486830263,70.52527618408203,7668800
2019-12-03,69.6100508651596,69.61860639766465,68.26711940407,68.9257583618164,11126100
2019-12-04,69.75328527960309,71.0635335994538,69.34814279355138,70.75321197509766,8477400
2019-12-05,71.24456523983109,71.92554855170908,70.49462009411577,71.19284057617188,6358300
2019-12-06,71.93413883721064,72.62374378268514,71.90827980265338,72.25308227539062,6860400
2019-12-09,72.4082603021535,73.5288669612639,72.27033664959025,73.20130157470703,8382900
2019-12-10,73.30472163017642,73.55470324066987,72.14101912216597,72.51168060302734,8082200
2019-12-11,73.13231877441517,75.08044706050575,73.06336354447131,74.98562622070312,9571500
2019-12-12,74.8563205495829,76.91651330727389,74.45118475489271,76.7613525390625,12164600
2019-12-13,76.64066606712032,77.32164243810178,75.47695711754787,75.70970153808594,12269100
2019-12-16,76.95961457052098,77.97677821211015,76.1579516447214,76.22691345214844,8719100
2019-12-17,76.71825756791107,76.75273847285915,75.58041401086513,76.13209533691406,7485900
2019-12-18,76.32171627209652,76.41653709077958,75.50280979952085,75.83899688720703,5860600
2019-12-19,76.1665598743059,76.45963763854436,75.52867971124198,76.27861785888672,7471400
2019-12-20,76.5630920778583,77.45095395187701,76.01141078571929,76.58895111083984,17538000
2019-12-23,76.72688967027091,77.00273037008036,76.07176554201308,76.2441635131836,7274700
2019-12-24,76.39070908226309,76.55448518203404,75.83902768221546,76.52000427246094,2435200
2019-12-26,76.64928837270351,76.6837692743293,75.85624736498927,76.2010498046875,5070000
2019-12-27,76.6320669033589,76.67516310679699,75.93384001142893,76.54586791992188,5808900
2019-12-30,76.46827320158317,76.52861313894185,75.2614678778496,76.22691345214844,6543100
2019-12-31,75.84762661112794,76.51998776132186,75.75280577440216,76.05451202392578,5173400
2020-01-02,76.76135609670361,77.41647352479471,75.92521228350965,76.45103454589844,8413900
2020-01-03,75.21838295083803,75.54594172035578,74.51154076020222,75.0114974975586,8340300
2020-01-06,74.05466849831781,74.60634979990347,73.73572507411116,74.57186889648438,8381400
2020-01-07,75.02872476889605,77.14062900580772,74.91666677205762,76.69239044189453,8377400
2020-01-08,76.63206727986126,77.12340872208333,75.78730145428179,76.4682846069336,7619900
2020-01-09,77.28720764182562,78.20092890063351,76.57174342991718,77.5027084350586,9155500
2020-01-10,78.01988304569777,79.64044610365828,77.4682017248363,77.80438232421875,9668300
2020-01-13,78.48537417047548,79.93353944382842,78.0543726793176,78.41641235351562,10367800
2020-01-14,78.55433739745654,78.9681017647221,77.83025797544369,78.06299591064453,7800100
2020-01-15,78.22677169655378,78.59743324699383,76.93376720570166,77.29580688476562,7259100
2020-01-16,77.76991597689634,79.50254394334505,77.42511344267632,79.12326049804688,9295500
2020-01-17,80.16628117980933,82.89882918573569,80.12317839801294,82.67471313476562,23694400
2020-01-21,82.17474996370542,82.51093061737996,80.52832102896402,81.49376678466797,10868500
2020-01-22,82.11438319003314,82.22644117913069,79.91627356340993,80.14039611816406,8342300
2020-01-23,80.03697674288085,80.123175727039,78.83879310636827,79.30427551269531,11282000
2020-01-24,79.89044018168792,80.38178164017938,76.57172986896056,77.27857208251953,9471700
2020-01-27,75.25286188745031,76.04590304122097,74.52015410193708,75.03736114501953,9240200
2020-01-28,75.98555419908188,77.1837376605741,75.33043017736527,76.8475570678711,9187000
2020-01-29,76.42517350115571,76.73548846723322,75.29594533011961,76.05451202392578,8158500
2020-01-30,75.26146072892851,75.73556488925541,74.29602182289453,75.6666030883789,8379400
2020-01-31,75.03735779196205,75.14079393470787,73.3047300588044,73.53746795654297,9503600
2020-02-03,73.7443574743854,74.632219490389,73.40817683874442,74.5460205078125,7792700
2020-02-04,76.07175858186774,76.67515800231787,75.31319837093609,76.65792083740234,9236400
2020-02-05,78.43364029087941,78.56294203832515,76.95099428349646,78.36468505859375,14220900
2020-02-06,75.90796919395626,78.2526180083203,74.29602806650088,78.1060791015625,21059000
2020-02-07,77.25269524890508,77.60611298599379,75.32180419315942,75.35628509521484,10725100
2020-02-10,74.80461378086076,76.40793976895363,74.5632540108787,76.37345886230469,7481300
2020-02-11,77.03720176941715,78.8474065494827,76.63205935296395,77.58026123046875,9452800
2020-02-12,79.00257966716342,79.68356285567387,78.69225804767609,79.06291961669922,9824200
2020-02-13,78.46814325999952,78.76984303783541,77.39063935589856,77.60614013671875,8428300
2020-02-14,78.0543650733621,78.26986579794173,76.53723813088473,77.23545837402344,6256500
2020-02-18,75.70971265459482,76.71825442085415,75.45110916637248,75.88211059570312,7248100
2020-02-19,76.6493114020429,78.11472056690367,76.41657346684205,78.06299591064453,7820900
2020-02-20,78.27848625980005,79.20082915883211,76.44242233272519,77.12340545654297,9754900
2020-02-21,76.33898222784653,76.74412468294408,74.41671925465543,75.0201187133789,12257600
2020-02-24,72.32205347044676,73.1237165285542,71.29626778949182,71.82209014892578,12158500
2020-02-25,72.35652357997958,72.75304411410332,68.64990857927496,69.14987182617188,14725000
2020-02-26,69.82222534659822,70.7100871598672,68.17579687612132,68.66714477539062,13125000
2020-02-27,66.48628160805801,67.40000915822291,64.9346803270252,65.46050262451172,17898300
2020-02-28,63.5813334562239,68.79644686752032,63.219287253073425,67.49482727050781,20843300
2020-03-02,68.1154622114925,69.57224913031399,66.48627735355264,69.44294738769531,15043400
2020-03-03,69.66707683577864,71.24454378276091,67.0896899055559,67.71894836425781,16356200
2020-03-04,68.74420873446176,71.16832904093681,67.8145287570431,71.07275390625,9894900
2020-03-05,69.03962128111404,70.69914721865385,68.37928576308302,68.78765106201172,9396200
2020-03-06,66.3200851557945,67.8405901504036,65.88565515733477,67.31058502197266,11536500
2020-03-09,62.90547003885057,66.12024962816166,62.41022006689991,63.11399459838867,13898500
2020-03-10,64.99073794182831,68.67470289898858,64.43466800976172,68.54437255859375,13615600
2020-03-11,66.28532213027567,67.5886119716994,64.05235246712468,64.8343276977539,13376500
2020-03-12,60.403137297617036,63.018407451243874,58.213613267542804,58.230987548828125,19386200
2020-03-13,61.84547317089077,66.61551411127157,58.43954256470869,65.86829376220703,15971400
2020-03-16,59.32575752750658,61.836762303577416,56.0067127164073,56.02409362792969,16134700
2020-03-17,57.2665880146121,60.65513802705682,54.043113644181744,59.8297233581543,16864500
2020-03-18,55.224747166709555,56.96246398988979,50.39388399093276,53.16554641723633,18381200
2020-03-19,53.10472826366402,58.691502273602126,51.29750098326566,56.47590637207031,17127400
2020-03-20,56.50196648144784,59.06510753780001,52.81800182394908,52.922264099121094,16591500
2020-03-23,53.47833250593325,56.35426030820963,51.3583152924384,54.32981491088867,14920300
2020-03-24,57.34476122477309,58.752316841231014,54.03440336087262,56.87557601928711,18966800
2020-03-25,57.257874569218366,58.17886403580896,54.26899408747065,54.80768966674805,15969800
2020-03-26,55.60703112047353,60.52478111705025,54.95538622453048,59.933956146240234,15820300
2020-03-27,57.779193320091785,60.05560903729381,57.2839433567889,57.85738754272461,9739100
2020-03-30,58.378706308399714,60.385770814222084,57.39689025268076,59.9774055480957,9880800
2020-03-31,60.21200169835535,61.13299119312682,57.91821178878713,58.77838134765625,13213900
2020-04-01,56.47589447123608,59.6906735049718,56.47589447123608,57.257869720458984,14167900
2020-04-02,57.23179876062635,59.30837320123508,56.74523275352966,59.0998420715332,15432900
2020-04-03,58.80445149908061,59.68200205118057,56.08492178792609,56.67574691772461,8600700
2020-04-06,59.51690290011633,62.01053318904173,58.77837331399206,61.645606994628906,12153100
2020-04-07,64.00022056976634,65.07760494177,61.567410306403566,63.19218063354492,11285600
2020-04-08,64.03495957602975,64.62578445875259,62.92282018005115,63.71348571777344,10695600
2020-04-09,64.83434395943215,65.02548761586179,60.82020785463094,62.19300842285156,15459400
2020-04-13,62.30596308221546,63.869914067050736,62.07137374892875,63.68745422363281,7896500
2020-04-14,65.16449337969277,67.48434775307982,65.1384286429609,67.38008880615234,11314100
2020-04-15,65.91172404160675,66.32877315418463,64.32170855632276,66.02467346191406,9951700
2020-04-16,66.78057918887285,67.50173456963655,65.49466349029568,66.77188873291016,8819700
2020-04-17,67.18025105914646,67.9882910776848,65.58155193323742,66.18106079101562,9926000
2020-04-20,65.18186931069624,66.23319566390325,64.38251976260725,64.56497955322266,7217700
2020-04-21,63.69613258876815,64.26958344364222,62.34071293743174,62.418907165527344,9273800
2020-04-22,64.11318208747058,65.45991114988765,63.20956686533945,64.88646697998047,7365300
2020-04-23,65.16449971595208,66.18106432059076,64.08711517673353,64.13055419921875,7673800
2020-04-24,64.22614448026744,66.12895044209155,64.00024560075236,66.06813049316406,6071300
2020-04-27,66.54597437518962,67.61467493382128,65.59022984233087,66.01597595214844,7219500
2020-04-28,66.99779840070686,67.5799330381927,65.30352396955368,65.41647338867188,6250500
2020-04-29,67.04995548853266,68.848496251685,66.75454613434397,68.61390686035156,11950200
2020-04-30,69.743400607964,70.26472199571478,67.14551064221367,68.35322570800781,17113500
2020-05-01,66.77190878958729,67.4148635175662,64.88648364076077,65.72058868408203,9742100
2020-05-04,65.30352860932811,65.98123842994023,64.3738419341725,65.75533294677734,7202400
2020-05-05,66.6850057969838,68.4748552971349,66.51992027377055,67.44960021972656,7540800
2020-05-06,68.47484906494356,69.63043436450988,68.22287888939995,68.52698516845703,8179700
2020-05-07,69.24814492414484,69.65651021764555,67.9969909310404,68.49224090576172,7291800
2020-05-08,69.24811853422665,70.45583304090833,68.95270940487947,69.9953384399414,7887200
2020-05-11,69.76076440700865,70.61224342418608,69.10911946107943,69.92584991455078,6604600
2020-05-12,70.62962433708024,71.06405430104638,68.11861967566597,68.13599395751953,7318100
2020-05-13,68.51828472056121,69.0830449193219,66.68499000255878,67.77106475830078,9584800
2020-05-14,67.3366579355778,69.50880819156419,66.44173309073166,69.39585876464844,9956800
2020-05-15,64.87778183071781,67.51042686314156,64.61712777902945,65.83352661132812,29597800
2020-05-18,67.13682610793782,69.66521252341764,67.08469661611429,69.4566879272461,13191000
2020-05-19,69.29157666051938,69.63912194446625,67.77107184351739,67.8492660522461,8118400
2020-05-20,69.47404065761152,71.21176055388658,69.23945138831955,70.0561752319336,11379200
2020-05-21,69.04828973167325,69.58697856804177,67.65811537009834,67.77106475830078,8141500
2020-05-22,67.99699378056005,68.43142383374479,67.15419841676142,68.37928771972656,5530400
2020-05-26,69.67389116859967,70.0040556089656,67.57993521701545,67.78845977783203,10067300
2020-05-27,68.00567340183312,68.91797910863419,66.17238478937173,68.89191436767578,9125900
2020-05-28,69.71733848484315,70.79472987307273,67.53650422154627,67.86666870117188,11161700
2020-05-29,68.3792841547375,70.55143430741502,67.68420008320642,70.27339935302734,10558700
2020-06-01,69.41322986122337,69.92586074510224,68.84846949483608,69.27421569824219,6474800
2020-06-02,69.44798424604036,73.74883885340874,69.43060996169973,73.53162384033203,13255300
2020-06-03,74.38095800665648,75.25654318239198,73.21643479986868,73.64546966552734,13029300
2020-06-04,73.5053586401399,75.91321740855665,73.5053586401399,75.33533477783203,12109000
2020-06-05,77.05148372117308,78.34735252303729,76.89387814635424,77.5330581665039,11882100
2020-06-08,77.92705858167415,80.11602090138409,77.34916932278294,80.002197265625,9748300
2020-06-09,79.0040392417676,79.14412937117974,77.97959969210385,78.58375549316406,7327700
2020-06-10,79.02154995828187,80.67640515152537,78.8289201804129,79.68699645996094,9079700
2020-06-11,77.59434682400735,77.97959969001809,73.47034218425998,73.566650390625,15241700
2020-06-12,75.51921526251284,76.2984854710968,73.13762270946268,74.63487243652344,10113200
2020-06-15,73.26019249194553,75.7993902290345,72.7611093286012,75.64178466796875,9852600
2020-06-16,78.7150889245061,79.18790560263278,76.84133765203171,78.38236236572266,12639800
2020-06-17,79.39805314126822,79.75703954051446,78.18974816891557,78.7501220703125,7620300
2020-06-18,78.67130667158668,79.23168050695365,77.95332727751129,78.73259735107422,5709500
2020-06-19,78.6888364312968,79.02155636903694,76.64872151680764,77.76071166992188,23213800
2020-06-22,77.68189196720007,78.31231415242723,76.70999221167195,78.04087829589844,8028000
2020-06-23,78.92521808424573,79.33674403382452,78.02336675483637,78.23350524902344,7778700
2020-06-24,78.07589568682346,78.65378486629996,76.5436222735946,78.04962921142578,8208800
2020-06-25,77.6643976944734,78.32984425803184,76.45609263027735,77.89205169677734,7062600
2020-06-26,77.98834414198136,78.56623336295264,76.64870035905284,77.06897735595703,9126500
2020-06-29,77.23532818933106,78.05837997273781,75.89568462199458,77.93579864501953,5870400
2020-06-30,78.10219354130061,80.49254396558759,77.9270791815059,79.86212158203125,9378500
2020-07-01,79.68701150041682,79.94093201188068,78.4349243881281,78.61003875732422,6990600
2020-07-02,79.75702534913852,80.99160326485259,79.50311160665268,80.43998718261719,8317300
2020-07-06,81.61326489623536,82.08608152745539,80.6413651565357,81.35934448242188,6933100
2020-07-07,81.40313636497221,81.91097725477918,80.4750184271881,80.67639923095703,6722400
2020-07-08,81.6658167748529,81.95476145202935,80.85152239020002,81.89347076416016,6692700
2020-07-09,82.26120699072462,82.26120699072462,80.06349347950267,81.64830017089844,6287700
2020-07-10,81.42938562963863,81.88468678205123,80.16854139190863,81.00035095214844,5687600
2020-07-13,81.69207404136934,82.41880443320346,79.85334040273744,79.96717071533203,7606400
2020-07-14,79.55564194988783,81.09667319400425,78.102167856875,80.88652801513672,6571000
2020-07-15,81.36809732810576,81.36809732810576,79.68697608235638,81.0353775024414,6154100
2020-07-16,79.90589505423978,80.3349298664538,79.39805411233031,79.85335540771484,6178700
2020-07-17,80.27362126639737,80.95657639716863,79.67822328671791,80.75519561767578,5985700
2020-07-20,80.72017002282813,81.66579659049293,79.94090003530106,81.57823944091797,5407500
2020-07-21,81.91099438511802,82.17366592499135,80.38747139707726,80.82526397705078,7098600
2020-07-22,81.20173631162902,81.68331064641642,80.26486079864625,81.07915496826172,4366400
2020-07-23,81.35058668544022,81.40311963559536,78.12843436568158,78.51368713378906,9438500
2020-07-24,78.11091347175758,79.05654658957627,76.62242209310999,77.83072662353516,9520000
2020-07-27,78.82014973091728,81.28929888083903,78.1547100168835,81.16671752929688,8021700
2020-07-28,80.70264960435314,81.07039361798255,79.30171525706355,80.07222747802734,5818400
2020-07-29,80.62386257062785,81.9722641747017,80.32616021846933,81.4556655883789,11453000
2020-07-30,89.67738478646929,94.29171996921599,88.17137800986539,93.85392761230469,42122500
2020-07-31,92.51431720176384,94.3442867025455,91.50739308421504,92.47053527832031,16765100
2020-08-03,94.0378262588655,98.94110071023894,93.71385741804569,95.95535278320312,18899400
2020-08-04,95.86779544111369,97.20743936165962,95.1410650009408,97.14614868164062,10205400
2020-08-05,97.18992500741433,98.46827817435839,96.38438849347962,97.53140258789062,7967400
2020-08-06,97.39130903518452,97.50513266459436,96.2530460203562,97.2424545288086,6392200
2020-08-07,96.3231131615043,97.23372241456435,92.81201524271975,94.7820816040039,11155900
2020-08-10,95.08853645277877,95.43001409274378,92.56685387761007,93.12722778320312,10087100
2020-08-11,92.98711672574099,98.0742697023642,91.70876353187509,95.28990936279297,17803000
2020-08-12,96.65582711519878,101.78675572305067,96.00789608900448,101.38398742675781,18664700
2020-08-13,101.74294733975388,101.74294733975388,98.73969131918548,99.3000717163086,9958400
2020-08-14,99.2037897804357,100.27199794023926,98.56460974857664,99.58904266357422,6641000
2020-08-17,99.19503689842442,100.24573634759854,96.86597732317006,98.22313690185547,10283000
2020-08-18,98.8623083426377,99.27382769288113,97.64523901256938,98.09178924560547,6387000
2020-08-19,98.35445035578901,99.35261657627427,96.97102465364893,97.22494506835938,7747600
2020-08-20,96.31434552262246,97.17242172201367,96.02540088281066,96.8922348022461,7200300
2020-08-21,96.51572621735977,99.07243251552201,96.27055683463865,98.94109344482422,8546900
2020-08-24,100.14064270528645,101.56784362025718,99.17749401646573,101.48904418945312,10235000
2020-08-25,101.66417517603051,102.53100245806559,100.20194982508025,101.52407836914062,6208000
2020-08-26,101.7867544303448,102.04943259772223,100.84112104400599,101.6028823852539,7487400
2020-08-27,101.94437365236429,103.4766475802525,100.99874013933766,101.58538055419922,8206200
2020-08-28,102.18952842534988,103.54668789891255,101.71671170578965,103.49414825439453,6280300
2020-08-31,103.60795289939199,105.99829570660538,103.42408088962034,104.28215026855469,9694600
2020-09-01,106.01584475575171,107.32046467500314,104.64117642575528,106.83013916015625,9091900
2020-09-02,108.5026440355435,109.09242637831186,107.22624189526655,108.43222045898438,9167700
2020-09-03,106.77727961964402,107.13818860502515,101.75971187597406,102.49034118652344,13560800
2020-09-04,101.8389733985866,103.71395592994023,98.92525982632311,102.08544921875,11064300
2020-09-08,98.53792435986247,100.24565223082261,96.49568789874434,96.62772369384766,10245200
2020-09-09,99.89356175318686,101.90938462043842,98.85483748576591,100.36890411376953,9708400
2020-09-10,101.36360073186354,101.94457835633787,98.2122166987438,98.97805786132812,6166300
2020-09-11,99.80553985516725,101.09954469706284,98.94287443787871,99.84075164794922,6740200
2020-09-14,101.44284911118702,101.61010344433197,99.16294098403,99.87596130371094,5397300
2020-09-15,101.17876384041205,103.70514762340423,101.0467213083063,102.6224136352539,8773700
2020-09-16,103.87240023847185,103.87240023847185,100.82665100349652,100.84425354003906,6340100
2020-09-17,98.5203265398055,101.84776328166676,97.71047556139773,101.12593841552734,7418100
2020-09-18,101.2667765517612,101.61008306021517,96.65414017676936,97.43758392333984,15443200
2020-09-21,96.09077181700495,98.71398617999604,95.33373517684898,98.52032470703125,8197600
2020-09-22,99.12770926627086,100.5713588694393,97.19990601498318,100.19284057617188,6911200
2020-09-23,100.03438182435231,100.28966220510807,96.8918024992648,97.33193969726562,6553300
2020-09-24,96.29321694745347,99.72628848161781,96.16117444307008,98.75798797607422,6849000
2020-09-25,99.95517711166809,101.89177842119376,98.41469666037575,100.79143524169922,11718000
2020-09-28,102.07664168865888,104.5238039991939,101.16115529983244,104.2861328125,9043600
2020-09-29,103.99564021195845,104.9727455505868,103.16817994278722,103.32662963867188,5655700
2020-09-30,103.4322485714821,104.98153349438364,102.92168777521348,103.5906982421875,5829700
2020-10-01,105.57132686028999,105.81780265929287,103.60831166229687,105.21041107177734,5316800
2020-10-02,102.79844388082222,104.45336405946273,101.61007477796403,101.6452865600586,5834300
2020-10-05,102.9041082960134,106.20513824531263,102.75446321680954,106.0906982421875,5835900
2020-10-06,106.02905068152998,107.8512184533364,104.84068156356246,105.2280044555664,7637000
2020-10-07,106.72448625245167,108.59067074576537,106.20512748338473,108.30017852783203,7410300
2020-10-08,109.1540307076591,109.53254898600959,107.25263469102569,107.6927719116211,4757500
2020-10-09,109.09241594311828,110.81775310800887,108.08890357900805,109.91987609863281,11073400
2020-10-12,112.4110527089564,112.4110527089564,109.99029779637074,111.52198028564453,7893800
2020-10-13,112.20858795037896,112.8335753032324,110.38642006311439,112.19978332519531,7605700
2020-10-14,113.62584053974,116.56595431343823,113.49379129806964,114.33006286621094,13177100
2020-10-15,112.05895670459783,113.67865870790786,111.48677688448603,113.18570709228516,7376600
2020-10-16,114.17161526796995,114.60295466628193,112.44627782260915,113.58183288574219,6625400
2020-10-19,114.5501285625302,116.16103255969641,112.41105447609125,113.04485321044922,5765800
2020-10-20,113.71385669145128,113.84590592935442,112.24380656250311,112.93922424316406,4409800
2020-10-21,112.7103303210135,114.80538772942774,111.24028037400119,113.1592788696289,4344000
2020-10-22,114.00434459670686,114.07476816788109,111.67162256622274,113.0096435546875,3895100
2020-10-23,113.19450380724416,113.6434524346714,111.88289657754905,113.44979095458984,3943100
2020-10-26,112.26140388271492,113.26491625731198,109.5061471652281,111.09063720703125,6065900
2020-10-27,111.36354398265571,111.7596648750075,110.20158175366646,110.83538055419922,5825500
2020-10-28,108.71391408767239,108.99560169359306,106.55724398446381,107.02378845214844,8234800
2020-10-29,107.4463037758496,112.40225353004979,107.2966587220467,111.30191040039062,7053300
2020-10-30,108.8723476594115,110.25437832062035,107.04137513415253,108.59066009521484,7811200
2020-11-02,109.59418421913576,111.06424114261377,107.7544135872313,109.12763977050781,5860300
2020-11-03,110.42164489979626,111.72444751059716,109.76143896817145,110.4304428100586,5832800
2020-11-04,113.83711606569656,114.05718471249979,110.9762169412925,113.52901458740234,12608900
2020-11-05,128.36166353225678,130.9848783840805,124.84936263470829,128.00074768066406,27910900
2020-11-06,128.52887219871937,128.7225336591887,126.72432025731732,127.64859771728516,7278500
2020-11-09,131.52181912333896,131.52181912333896,125.38630465061397,125.53594970703125,10666300
2020-11-10,123.37047881634342,126.02891184771478,121.9444382741285,123.33527374267578,12019900
2020-11-11,127.19970333748941,130.3598865150836,126.75956595569879,130.00778198242188,10222700
2020-11-12,129.9020977013675,130.72954434210726,125.94086296095138,126.68029022216797,8580700
2020-11-13,128.11517677498114,128.7401777359176,126.08174432190151,126.9884262084961,5899200
2020-11-16,127.81584766018567,131.38096187483188,127.24367463952981,131.22251892089844,7598500
2020-11-17,131.17851314533965,131.9091426110763,129.55879781516617,130.93203735351562,7438600
2020-11-18,131.372185223534,134.97250508876982,129.3211438080034,129.4443817138672,12124500
2020-11-19,129.0130605493838,131.42501811272842,128.0447664185263,129.86692810058594,7743700
2020-11-20,130.52712679353513,131.24895846915604,128.4672872925457,128.5465087890625,5551900
2020-11-23,125.30708484260126,129.40035603839334,124.89335473853689,126.60108947753906,11649400
2020-11-24,126.22254402198641,128.81055287312486,124.21551949088335,128.45843505859375,10800800
2020-11-25,128.47607285806998,129.83170323940942,126.79474517884184,126.82996368408203,6398900
2020-11-27,128.07114510028853,128.89859186853428,126.49544618330542,126.6098861694336,3878000
2020-11-30,127.31411161964536,129.65563169884112,126.80355077220347,129.5500030517578,8712500
2020-12-01,130.97605027893795,134.14504417432573,130.0957756893218,133.15032958984375,11906100
2020-12-02,133.0619571331968,133.92835926336852,132.27513190592865,132.59339904785156,7800300
2020-12-03,133.53047289380666,135.0599299607058,132.29277522858064,132.53147888183594,6355300
2020-12-04,132.876245453877,139.76317186076326,132.61102071446993,139.34765625,12759900
2020-12-07,140.16988242662683,140.54119174751813,138.54319011894293,139.70132446289062,7009300
2020-12-08,139.20622906343698,140.82407181143546,137.80054184698,140.39088439941406,6088300
2020-12-09,140.2140469827564,142.39770936534856,137.51762040810925,137.93313598632812,7947200
2020-12-10,136.51865367385233,139.55103335828844,135.02456702223947,137.69447326660156,7522200
2020-12-11,131.9391334005551,132.84972802225178,125.44118780894185,127.55412292480469,25923100
2020-12-14,128.1022540084758,130.6218690614556,126.71426552794733,129.33111572265625,12258500
2020-12-15,132.0540728335063,132.54031602443962,130.04723542076144,131.16116333007812,6616400
2020-12-16,131.85073027729774,133.00002860396032,129.70243800036695,132.3811798095703,6610900
2020-12-17,133.3802277121385,133.69849486226272,131.17889228951873,132.19557189941406,7039000
2020-12-18,133.30947872683737,133.30947872683737,129.18085581234428,130.3301544189453,13288300
2020-12-21,128.19949849812988,130.27707670205186,127.66906247088221,129.78199768066406,7024600
2020-12-22,129.61403935785597,129.98534867490991,127.9431406861666,129.37533569335938,5751500
2020-12-23,130.51578960601032,133.97250712230908,129.8438850379141,129.9234619140625,5186700
2020-12-24,130.66608130797343,131.63855417798234,130.13563174986484,131.5413055419922,2120200
2020-12-28,133.1591598767428,133.557003784359,130.34781233426165,130.613037109375,4576600
2020-12-29,131.70047469250338,131.7181599456241,129.98536936697352,131.276123046875,3543800
2020-12-30,131.83303561567493,134.03438348056423,131.65622361417292,132.5668182373047,3965600
2020-12-31,132.89395995998038,134.874276338463,132.69946267425175,134.67977905273438,4941700
2021-01-04,135.2721101022247,137.16402725435742,130.0826018720533,131.28494262695312,9827000
2021-01-05,131.4175113403627,134.99801146707998,131.28490572043953,134.75930786132812,8507200
2021-01-06,133.96366771536935,136.03239664290624,132.14247830959454,133.6630859375,7174600
2021-01-07,134.67094458550946,138.2868026801341,134.60905295308567,137.6502685546875,8482300
2021-01-08,139.0028929282115,139.2681177149239,136.6247327075156,138.48129272460938,6252400
2021-01-11,138.00387469290933,139.7985427660103,136.96066097880424,138.01271057128906,5147800
2021-01-12,138.4812738997834,138.68460702966863,136.11196337098878,136.54515075683594,4385700
2021-01-13,137.19940256318398,139.62175591888513,135.83792148204765,139.17088317871094,5479900
2021-01-14,140.9213144090876,144.26311125250024,140.12565363299564,142.20323181152344,10102400
2021-01-15,142.1325333821747,142.2120967780793,138.69348720805854,138.87913513183594,8607400
2021-01-19,140.51466694906117,145.0764901836149,140.08146600771514,144.7847442626953,8209000
2021-01-20,145.62460868822828,148.47132684185573,145.37706915225138,145.51852416992188,7943300
2021-01-21,146.5882235311017,147.1894005203269,144.404560926954,145.65110778808594,6295700
2021-01-22,144.98807020471034,145.22677385355874,142.79557145683341,143.5912322998047,5062300
2021-01-25,145.27097604871335,147.68449312680056,142.98121524140788,145.34169006347656,5370800
2021-01-26,145.1648929072179,145.5627233579745,142.256296488684,143.7061767578125,6554200
2021-01-27,140.11686359524396,142.09718030447732,134.98923277760102,135.85562133789062,9854000
2021-01-28,138.16305504578227,140.54121577196815,135.3605426645943,137.51768493652344,8087400
2021-01-29,141.67281391580482,142.01760212770463,136.81040844599562,138.1630401611328,9502100
2021-02-01,139.1266616671367,143.57355090947433,138.34868605240194,142.84861755371094,8265100
2021-02-02,145.43898488085608,146.20813830704859,142.60111536355217,145.6776885986328,6926500
2021-02-03,148.15306089687817,148.15306089687817,143.04311638216004,143.4851531982422,14156700
2021-02-04,132.77020186810856,134.18472539796778,128.3675179535134,130.81640625,46141800
2021-02-05,131.5943587022198,131.63855158961604,127.85471771986015,128.93328857421875,24695400
2021-02-08,130.04724499227575,130.48928183658683,128.4559096547771,130.29478454589844,12181600
2021-02-09,130.44506524063317,131.28493248108578,128.9863356746854,129.1719970703125,11681300
2021-02-10,130.50692187725883,130.6218557456105,127.63368308759227,128.6326904296875,11701300
2021-02-11,128.88022721980388,129.57865280375017,126.89106194560483,128.68572998046875,11600200
2021-02-12,128.69461840870235,133.84875634574672,128.0757560103192,130.82522583007812,9155200
2021-02-16,131.72697303001843,132.3811923833076,129.127794356815,130.10028076171875,10211900
2021-02-17,128.9156077852849,129.86155944151824,126.79382323308418,127.96964263916016,11937200
2021-02-18,126.89989628669032,127.92542471987356,126.38714555998891,127.22701263427734,8404400
2021-02-19,127.99616401681882,128.9421291647995,126.85571510381564,128.1376190185547,10012500
2021-02-22,125.75948263779438,127.41269612442146,122.95697065403819,123.29292297363281,12763900
2021-02-23,120.56998380887306,122.42653061252678,118.85487855462033,121.22418975830078,14425300
2021-02-24,120.58766301575426,124.81353477386455,119.42952847604857,124.7428207397461,13146200
2021-02-25,123.38129660292303,124.50407373511447,119.36760881264878,119.8184814453125,12701100
2021-02-26,120.90590010331086,122.13476186185748,119.08471065437482,120.40198516845703,11772600
2021-03-01,121.56013878616879,123.44322016194991,120.6407080356307,123.31945037841797,9421400
2021-03-02,123.77031401551689,123.8587267786283,120.91475983361482,121.15345001220703,8693200
2021-03-03,120.45168756230645,120.96688194466908,116.8452320065078,116.95183563232422,14862700
2021-03-04,117.56477159207854,119.20809415405564,112.4393526038344,113.52306365966797,15831100
2021-03-05,116.29449709493537,116.51656877749235,111.39115732599691,115.25520324707031,13292000
2021-03-08,114.5890177587786,115.27300251266512,109.25041123537696,109.43695068359375,15256100
2021-03-09,113.15887478250002,115.40623969684192,112.21729277781078,114.68672943115234,13130200
2021-03-10,116.07245016323752,116.454420586859,113.38094188105411,113.58525085449219,12492300
2021-03-11,116.3744671054906,118.355356740287,115.48618016567687,117.0229263305664,11920200
2021-03-12,115.38846910907317,115.77043954484057,113.3631827293131,115.45953369140625,9365700
2021-03-15,115.53059469989434,117.0406797537553,114.69560282603942,116.93408966064453,7807200
2021-03-16,118.04446543786706,120.30960012439132,117.5114877866197,118.71955871582031,10434700
2021-03-17,116.64096669266729,120.45172560747271,115.19305450943708,118.95939636230469,10781500
2021-03-18,117.64469672005214,118.67511258011967,115.17526069435296,115.25520324707031,9579000
2021-03-19,115.29073641838323,117.68023005024793,114.74000294635997,116.38333892822266,17599900
2021-03-22,118.10661201259683,120.4072714375891,117.78682824105573,119.11036682128906,9036900
2021-03-23,119.0304198204893,119.34132559243855,116.72976048143967,117.71575927734375,7425700
2021-03-24,118.13328766015216,118.19546069916116,112.91015599932902,112.97233581542969,10962300
2021-03-25,112.5104160854919,113.3809334065048,110.49400113344632,113.06114959716797,10460800
2021-03-26,112.86572960893093,118.45306171431393,112.84796685312433,118.1332778930664,11071600
2021-03-29,117.73354525969297,118.44417752371223,115.27300019080991,116.60543060302734,9750100
2021-03-30,115.62831488670693,116.57878846399984,114.65120733845716,115.57501983642578,7097300
2021-03-31,116.3300632404038,118.6040756305922,115.98363187712015,117.77796173095703,8361300
2021-04-01,119.47459094228758,122.96555203779056,118.6751381346071,122.39704895019531,14069600
2021-04-05,123.5073846593071,124.80428928762997,122.78787455521451,124.65328216552734,12562800
2021-04-06,124.2269354579248,124.5644752822942,122.2638153333397,122.63689422607422,9100000
2021-04-07,122.87674373971153,124.31576435880577,122.05062977210193,123.85385131835938,6958500
2021-04-08,124.36014091928064,124.68880266865837,123.303077552798,124.66215515136719,7304900
2021-04-09,124.2713366808591,124.9641994052448,123.36529376692884,124.86650085449219,6033200
2021-04-12,123.34751686787226,124.26245127119054,120.8514329003234,122.08615112304688,10355500
2021-04-13,122.92112038603803,123.26755166392427,120.58492198013512,121.9617691040039,9225200
2021-04-14,121.76636529910155,122.44145843820691,118.95049755850285,119.6966552734375,9967800
2021-04-15,120.80700753042957,122.57470318188741,120.42505070380358,122.44145202636719,11733200
2021-04-16,122.24605720942141,123.48077564378359,121.38441770261639,122.77015686035156,6583900
2021-04-19,121.60647612833547,121.73972730125799,119.11039200660647,120.14080810546875,8728900
2021-04-20,119.51901280371396,119.7233150087014,117.9556190843435,118.49747467041016,7473700
2021-04-21,117.98229181522011,121.13569998141689,117.69803345483,120.97581481933594,7237900
2021-04-22,120.24740768507662,120.77150731988452,117.6713807889176,118.11552429199219,8345100
2021-04-23,118.79950373929373,120.90473951185255,118.62183550270667,120.30069732666016,7666600
2021-04-26,120.21186975415877,124.08480124317144,120.02532353829145,123.43635559082031,9715400
2021-04-27,123.2142645891022,123.80941510216456,121.67751870853138,122.59245300292969,9284500
2021-04-28,122.73462862692521,122.82346275979108,120.58497544259089,121.3133773803711,13118100
2021-04-29,128.81050955281867,129.06812040628503,124.95534673012989,126.74079895019531,20502100
2021-04-30,125.31063495593096,126.21667780214378,122.81453747171334,123.29421997070312,11374600
2021-05-03,124.09368570385244,124.14698075282722,121.5798319784702,122.0772705078125,7920300
2021-05-04,120.80703842957794,120.80703842957794,117.6269691738266,119.13705444335938,11996300
2021-05-05,120.87806813329387,121.20672990859207,119.12814207087018,119.6078109741211,6285500
2021-05-06,119.46569862483781,121.28667575218167,118.23098049419657,120.8070068359375,8352500
2021-05-07,121.64203392864493,123.19653630618222,121.06463919876289,122.45037841796875,6893700
2021-05-10,120.82478597223356,121.41104501554015,114.42912310686907,114.53571319580078,19537200
2021-05-11,111.25793755414333,114.19816511245384,110.83155684746471,114.02938842773438,11948000
2021-05-12,111.95079951536444,112.92791377257544,109.86332660743832,110.69831848144531,13529600
2021-05-13,112.91903338720829,114.12709733863221,111.80867476005032,112.91014862060547,10633000
2021-05-14,114.2603407980492,116.73865512283082,113.5319390817662,115.61052703857422,9391100
2021-05-17,114.84660946813204,115.3262919933747,113.44312129067973,115.29964447021484,5917400
2021-05-18,116.04580394316609,116.57878152261023,114.40246770169911,114.50907135009766,8651100
2021-05-19,112.98122638107141,116.21459053843344,112.32388911759489,116.06358337402344,8112900
2021-05-20,116.83638101293208,118.39088316962801,116.77420797483947,117.82238006591797,9208400
2021-05-21,117.37825202478771,117.86681262053332,115.91258379173581,116.77422332763672,8674000
2021-05-24,116.658707675829,119.03043181763388,116.658707675829,118.06220245361328,8229300
2021-05-25,118.62184913755681,119.29695598414672,117.9645253816898,118.80839538574219,7271400
2021-05-26,118.91496967032414,119.49236432038826,117.44930162435983,118.22210693359375,6663300
2021-05-27,117.90228060849562,119.5989113248526,117.88452463490343,118.71062469482422,7379300
2021-05-28,119.16367761229728,120.48722992169925,118.98602294999318,119.5101089477539,7042200
2021-06-01,120.0075737193922,120.86921315493922,118.61295668616422,118.97715759277344,7059600
2021-06-02,118.90573222354227,120.28960561259304,118.27183780635274,119.4771499633789,6026000
2021-06-03,118.43252574387341,119.09321721505547,117.33436134606498,117.65577697753906,6644000
2021-06-04,118.32540462423869,120.57531428952369,118.03077246136277,119.94140625,7416700
2021-06-07,119.36999342973127,119.43249734912374,118.42360670951429,119.03073120117188,5563300
2021-06-08,119.691412031473,120.87886391915339,118.74502528786184,119.81640625,9657900
2021-06-09,120.61994226470124,120.84314718108791,118.55751739367686,118.64680480957031,6717200
2021-06-10,118.78966163810088,120.61994471431136,118.37003529690418,119.83425903320312,5522300
2021-06-11,119.45926312789473,120.21815160069404,119.32533201621553,120.19136810302734,6529900
2021-06-14,120.70920584523412,122.59305572509766,120.34314654372535,122.59305572509766,7912600
2021-06-15,122.44126578485707,122.6555473694357,120.73597726886457,121.04846954345703,5723600
2021-06-16,121.84308964240611,122.36092663560484,119.33426879266511,120.48600006103516,7404700
2021-06-17,119.91460719584578,121.97701844517431,119.71818577940049,120.84314727783203,6618300
2021-06-18,120.12889124062946,120.1556747412892,118.06647994974541,118.7450180053711,12753600
2021-06-21,118.78965791888233,120.61994093778796,118.44145879808345,119.60212707519531,6371400
2021-06-22,119.83425584635012,120.80742600607607,119.00392647847015,120.60208129882812,5976400
2021-06-23,120.43246088445828,121.62883613302037,120.36103366648234,120.99494171142578,6613800
2021-06-24,121.97700426840565,123.66443269658475,121.73595279534105,123.1376724243164,7941700
2021-06-25,123.61087248858247,124.52155230685732,122.28950327808788,122.89661407470703,7949200
2021-06-28,123.41447510961507,125.14654767286282,123.1912701632862,124.74478149414062,6645500
2021-06-29,124.66443140914797,127.62858602238482,124.32515553009691,127.33395385742188,6885400
2021-06-30,127.09288671891544,128.2356948178433,126.6375399638125,127.61071014404297,6449700
2021-07-01,127.59286498065326,127.69107569134333,125.30724875733594,125.70901489257812,6094100
2021-07-02,126.7714726847414,127.38750682721621,126.11078120975077,127.29823303222656,5399100
2021-07-06,127.67317563504616,127.83387658964786,124.70900865452434,126.05717468261719,7095200
2021-07-07,126.9946840446804,127.10181805343761,124.1555102024821,124.96797943115234,5034900
2021-07-08,122.95912508372716,123.98586224688431,121.0663517575535,123.46802520751953,7501100
2021-07-09,123.11090861267043,126.539333011246,123.03948140144831,126.271484375,7356800
2021-07-12,126.24465838712955,127.69103508675296,126.06609723084134,127.19998168945312,6786500
2021-07-13,127.17323265295899,127.36965406509651,125.36973315212656,126.04827117919922,5657600
2021-07-14,128.1196295431386,130.65523427285578,127.22680982506793,128.34283447265625,11305700
2021-07-15,128.67311441023185,128.69097461094145,125.63753420999183,126.29822540283203,6667400
2021-07-16,126.66428895308297,127.23569284686097,124.57509474364562,124.73580932617188,5914300
2021-07-19,123.4948160242168,124.01263941379031,122.14664968293307,123.9144287109375,9371300
2021-07-20,124.11978612722258,125.36972813319818,122.49484789610817,124.59297943115234,6020400
2021-07-21,124.68225024340717,126.97680312797911,124.68225024340717,126.93215942382812,6161900
2021-07-22,126.78038260095289,127.5392847067054,126.33397280306221,127.17322540283203,3862600
2021-07-23,128.07500612222563,129.44995633494898,126.80720355652159,129.35174560546875,6310400
2021-07-26,128.52139505271504,128.90531461371776,126.99468097147835,128.11962890625,6253900
2021-07-27,127.21787569797878,127.67320881101189,123.39660871993651,125.82506561279297,7575800
2021-07-28,126.12862811056935,127.59285170271694,125.11973760786573,127.17322540283203,9303400
2021-07-29,130.79808880616932,135.2800476091502,130.71773830107958,134.80685424804688,19446900
2021-07-30,133.20867233473894,134.28898996990807,132.45870719247912,133.74436950683594,8404800
2021-08-02,133.92296535898183,135.95859334257045,132.32482396663798,132.9051513671875,10823800
2021-08-03,132.9497641402914,133.5479516115497,130.85163272193762,132.0926513671875,6223400
2021-08-04,132.1551485383125,133.20866902771166,131.53910089269837,132.33370971679688,5556400
2021-08-05,131.45877173279757,131.66411644020104,129.07494487376732,131.09271240234375,7169200
2021-08-06,130.4677365579152,132.3426496021154,130.280238441822,130.60165405273438,5733300
2021-08-09,131.05697902288892,131.8873083092628,130.1284526619743,131.1730499267578,4966600
2021-08-10,131.53017966114112,131.69088063728955,127.1374955862555,130.23558044433594,4197100
2021-08-11,130.40522696634252,131.05698145165945,128.92314317926392,130.95877075195312,6216000
2021-08-12,131.92305387164325,132.13733553637834,130.69989505756888,131.37843322753906,5777700
2021-08-13,131.24447097303832,133.30688190859374,131.18196706670275,132.7086944580078,5764000
2021-08-16,132.49440838985706,133.10153273417578,130.99447816861868,132.25335693359375,4410800
2021-08-17,131.19979236314506,131.24443605245702,128.18207241710348,128.93203735351562,7256800
2021-08-18,128.42315420308324,129.15527273566738,126.76250938048543,126.94107055664062,6546500
2021-08-19,125.57508972954112,126.28934823908881,124.06623582759842,125.53938293457031,8661000
2021-08-20,125.53934874580555,127.01249545158797,125.26257688427565,126.8607177734375,6141000
2021-08-23,127.36068838518653,129.11062049173017,127.09285345035032,128.6909942626953,6936900
2021-08-24,129.0928029077658,129.98562264756362,128.4231881029174,128.97674560546875,7066800
2021-08-25,128.9767557310338,129.84277841314622,128.09285921483664,128.44998168945312,5721600
2021-08-26,127.84283344966339,128.35173350864744,126.44110021799463,127.1196517944336,6825100
2021-08-27,126.95894061081673,129.41419443762814,126.70895222013628,129.32492065429688,6274500
2021-08-30,129.98564905773227,132.01235409339182,129.95886554996437,130.2981414794922,5263600
2021-08-31,131.065953646064,131.71770830681646,129.06603232432903,130.96774291992188,7820500
2021-09-01,131.7122323346324,132.842433254905,131.15611041309933,131.36241149902344,6451400
2021-09-02,131.58664494905005,131.75707292667025,129.62226131108346,130.16941833496094,6006700
2021-09-03,130.1693992287402,130.94977913346793,129.37108962453348,129.72988891601562,5505800
2021-09-07,129.7747191394088,129.84647899344077,128.3754362027671,128.94053649902344,6361200
2021-09-08,128.59074601723793,128.82395533261234,126.91340180585426,127.83728790283203,5981300
2021-09-09,127.79240439406642,128.75216334368565,126.87748337663709,126.99409484863281,6190800
2021-09-10,128.38443250079996,130.95875431893907,127.85520521494448,127.98078155517578,6263300
2021-09-13,129.18273128145955,129.81957777939448,127.39774074371661,128.6355743408203,4312800
2021-09-14,129.58637132642323,129.89134046409364,126.13300165573983,126.59943389892578,6442100
2021-09-15,126.30342498433316,126.47385293349215,123.35237443807402,123.99819946289062,11289100
2021-09-16,123.17296936136593,124.64401206308153,123.17296936136593,124.14169311523438,6719900
2021-09-17,123.61248016828138,123.78290810120598,119.42359644234399,119.83621215820312,14550500
2021-09-20,117.92566081692229,119.40566856606777,117.15425943761893,119.08275604248047,9647100
2021-09-21,119.82725462680806,120.11429407716193,117.75523820919545,118.17681884765625,6175300
2021-09-22,118.93027021414734,119.737558357961,118.38311326849794,119.30699920654297,5163000
2021-09-23,119.97076099148967,121.23550276602462,119.4953639307285,120.1142807006836,5918900
2021-09-24,119.39668761978567,120.68833754000165,119.11862675661536,120.08736419677734,4554600
2021-09-27,118.78676249939566,120.23089729289315,118.41901200640916,119.72859191894531,4319500
2021-09-28,118.17680920028671,119.06482202968243,116.33800222110199,116.51739501953125,8851700
2021-09-29,117.13631946913064,117.90772087094354,115.61146005255935,115.9612808227539,7037200
2021-09-30,116.92104554199412,117.57583541317582,115.44102416450966,115.69217681884766,6976800
2021-10-01,116.42770697554609,116.62504316241869,113.44076962347631,115.45000457763672,6863700
2021-10-04,115.6383477319391,116.41871384515126,112.94741499750643,113.62911987304688,8470300
2021-10-05,113.13580837536979,115.50383608265639,112.74114279365334,114.3915786743164,9244300
2021-10-06,113.51254233800432,115.05534523550114,113.08198998666202,114.86697387695312,8513700
2021-10-07,115.9433387170696,117.2529322506369,114.44538752112804,114.66963195800781,8010600
2021-10-08,115.34234814756078,115.34234814756078,113.20754388897255,113.51251983642578,6920500
2021-10-11,113.07299278401925,114.12246176510065,112.01455895428461,112.0683822631836,6288200
2021-10-12,112.46305749516672,112.5437890438134,109.58376000350373,110.28340148925781,10531500
2021-10-13,112.3016091918804,113.30622671429524,110.79468632995665,112.15809631347656,12373800
2021-10-14,113.16271465273483,115.97922420113514,113.01022323637147,115.40515899658203,10637900
2021-10-15,115.7280642995328,117.03764404991973,115.42308148585968,116.78649139404297,7609700
2021-10-18,115.99715812701406,116.8492841708145,115.02842060707074,116.71472930908203,5290000
2021-10-19,117.52203268580894,119.1186520408672,116.89415097653796,118.84955596923828,7330700
2021-10-20,118.84954004265903,119.30699372237022,117.73728281614643,118.54457092285156,4804100
2021-10-21,118.4010585390441,119.5312455342165,117.86286643460366,119.34288787841797,4579200
2021-10-22,119.2083185358616,119.9169385102346,117.88976035818271,118.06018829345703,5216200
2021-10-25,118.23962530115948,119.45053717167595,117.77319299259833,118.3382797241211,4876300
2021-10-26,119.20832753672511,120.00663712002978,117.56687043579878,118.34723663330078,5802200
2021-10-27,118.34724777835825,118.72397679493307,117.06456246513972,117.68347930908203,5090400
2021-10-28,118.39207958322905,120.04251509957335,118.28443296309032,119.91693878173828,5016700
2021-10-29,119.17245104443182,119.90796559979326,118.80468692335474,119.33390045166016,5251100
2021-11-01,118.79572941421122,120.97537866722553,118.79572941421122,120.92156219482422,6903000
2021-11-02,120.68837096536153,121.74679824563677,120.302663377488,121.29830932617188,7321900
2021-11-03,121.76474008104304,124.54537682096368,121.12787980133892,124.21348571777344,13216000
2021-11-04,140.21556250381096,143.13970491756658,137.50668598137867,140.02719116210938,48321500
2021-11-05,140.8882742483005,151.185572975054,139.847776976667,146.2342529296875,27226600
2021-11-08,146.39575776110308,150.43215799898746,144.66458343083235,148.76377868652344,14541400
2021-11-09,149.35577325770086,152.05568528033743,147.4452197905104,149.5620880126953,12353900
2021-11-10,148.0820262782616,149.00591209621416,142.64634430101316,143.33702087402344,11327100
2021-11-11,145.13098677520986,148.50361781818893,144.76322265320087,147.48106384277344,7624200
2021-11-12,148.00131097548567,148.91623200290877,147.40033759757608,147.94749450683594,7371000
2021-11-15,149.34681392290523,152.43241995600457,148.72789700865266,151.1497344970703,12350200
2021-11-16,150.79093589841304,164.80172451240293,149.84910648733754,163.07952880859375,33338200
2021-11-17,162.16461289257379,167.13387764433986,160.22715121723363,164.6313018798828,21678900
2021-11-18,166.15617079139054,169.2776496691248,163.92269116644562,167.12490844726562,15542600
2021-11-19,165.66282653235706,167.37605735789984,163.5190502095137,165.94088745117188,11889100
2021-11-22,162.45164394434414,169.3224969250505,162.33503245484877,162.71176147460938,16062800
2021-11-23,161.76094125224682,162.64895402629094,158.78298266092207,162.29913330078125,10696200
2021-11-24,161.02541373861675,162.15560052528656,159.06103071264042,162.0928192138672,7886200
2021-11-26,157.57207742526873,161.6802371033759,157.02492045819608,157.63487243652344,7835900
2021-11-29,160.9895505195544,165.1066884815519,160.5590050645326,164.81068420410156,10440500
2021-11-30,164.34426179071593,167.56440857628064,161.76096153274173,161.9582977294922,19309200
2021-12-01,162.86767835786574,164.90250648364307,157.85263231204115,158.13174438476562,10637700
2021-12-02,154.94440478791944,160.1665445970122,154.15208988632492,159.39222717285156,13101400
2021-12-03,160.3016044778787,162.3094361594784,156.4030208951084,158.92404174804688,12111800
2021-12-06,159.2572151313876,159.34724375548413,155.10651500310007,157.9696807861328,8577500
2021-12-07,161.22901707631806,166.370114257096,160.715800363015,165.4157257080078,9910100
2021-12-08,164.77644161620074,165.4157093247754,162.76862361809958,164.43431091308594,4799400
2021-12-09,163.65999397788727,169.1252238921969,163.4258893639456,164.10116577148438,9398900
2021-12-10,167.0633824640067,167.0633824640067,163.10175271319756,165.5597686767578,6854800
2021-12-13,168.23387245629112,172.24050983690066,164.86648906549684,165.05557250976562,16346800
2021-12-14,163.1467889027385,165.5777813948561,161.53513514055084,163.8490753173828,8542800
2021-12-15,165.64079827085385,170.87193719117516,162.04832291831028,170.4217529296875,11082000
2021-12-16,171.34011973718452,173.4829873179198,158.5638891623473,160.400634765625,14873000
2021-12-17,158.22176444401467,162.17438190390044,157.58251045497568,159.18516540527344,16232300
2021-12-20,156.92521856637478,159.43725435488471,156.17792480725396,159.06809997558594,6306400
2021-12-21,161.50811568233712,162.20138957747102,156.86221064445016,161.6881866455078,7702400
2021-12-22,161.1660017060769,163.4349347388968,159.9325009496861,163.3088836669922,5227200
2021-12-23,163.443934025097,165.40674499533944,163.30888421136916,164.53338623046875,4918900
2021-12-27,164.95651034018906,167.83768664245122,164.785438135932,167.76565551757812,4865900
2021-12-28,167.9997550232583,168.12580606364608,165.20862091794802,166.40611267089844,5399400
2021-12-29,166.28005656804115,168.7200613739364,166.17201673879524,167.64862060546875,5417200
2021-12-30,167.36052240521818,167.93675776876958,164.14619985800078,164.52435302734375,4108400
2021-12-31,165.04657027653687,166.70324524754147,164.40731624704057,164.65040588378906,4113300
2022-01-03,164.68640451349324,168.26086853329366,164.08315927121518,167.65762329101562,5990200
2022-01-04,168.36892310337842,170.10662785428056,162.97571040676155,168.5760040283203,8484200
2022-01-05,167.91873168945312,174.29334256253466,166.32507553654935,167.91873168945312,17141200
2022-01-06,166.13600256470636,169.6924554583165,164.76743857239768,167.42352294921875,9117700
2022-01-07,168.00883223233845,169.59347645611624,162.1744322159646,162.435546875,7386200
2022-01-10,160.50871943341247,162.06635331571258,156.44804812156195,161.77822875976562,11159300
2022-01-11,161.3370187764202,167.15339105435606,159.563291896551,166.9282989501953,9591000
2022-01-12,168.00878369464579,170.58383840093853,166.73926069074741,167.84671020507812,7317500
2022-01-13,169.89955752799506,172.49262357559294,165.02855994833254,165.56878662109375,10190900
2022-01-14,164.58737834600112,171.15105921631724,163.8760794777904,169.8905487060547,9587300
2022-01-18,167.3515272009896,167.46857952925023,160.50873326979786,161.03994750976562,10471200
2022-01-19,162.57958253163395,163.15581794930614,155.1065195841248,155.28659057617188,10082700
2022-01-20,157.14135195043878,157.5555276075118,149.7223087353394,149.91139221191406,9468500
2022-01-21,149.67728188888177,154.89940880872211,148.17366796667565,148.49778747558594,11898700
2022-01-24,146.02180921478012,153.80100903956497,142.7985009162534,153.125732421875,17489100
2022-01-25,149.61425467653362,153.35079276107857,145.13942145410704,148.9659881591797,10708500
2022-01-26,151.78415645424744,157.15935866965236,147.57042381198642,150.361572265625,10492200
2022-01-27,152.4413936251481,154.36818172992068,144.60819016139163,145.139404296875,10743000
2022-01-28,145.86868886115099,150.30751250088946,141.69999224491517,150.19046020507812,10320800
2022-01-31,150.41557526879728,158.4198515280749,149.2811157850733,158.248779296875,11273500
2022-02-01,158.86101285321544,159.75236883355686,155.86278424085702,159.48226928710938,9724600
2022-02-02,162.91268544005,169.84552043392898,162.30042769026213,169.44935607910156,25646300
2022-02-03,162.7866357422342,172.9608030520989,159.6263333554864,161.25601196289062,36120200
2022-02-04,161.1569687963072,164.23622753300353,159.19415824876148,161.58914184570312,15708400
2022-02-07,161.76921259910608,162.65156991424007,157.06028902052878,157.64552307128906,10376300
2022-02-08,156.9432228267279,161.4270538753778,156.6460995886472,160.7967987060547,10163900
2022-02-09,163.32684498844247,165.6678086495561,161.1209448492393,165.62278747558594,9666900
2022-02-10,161.52612552381734,163.8580906994395,156.1689349629155,156.7271728515625,14362200
2022-02-11,157.29441696927287,157.99670349113583,147.25531096014078,148.23670959472656,13572000
2022-02-14,148.87593861658542,151.12685989147462,146.29187165081004,148.6778564453125,8381700
2022-02-15,152.16227422284254,156.62810796096443,151.48699785794827,155.7637481689453,11100000
2022-02-16,153.6748755123562,155.95282025709218,151.49598558201012,155.40359497070312,8340600
2022-02-17,152.95460948506357,153.75593692309565,150.09143043037062,150.1814727783203,8878900
2022-02-18,150.78474414859247,153.46783897193762,147.87655715493395,150.93780517578125,9591700
2022-02-22,147.7144456703368,153.02662776707166,147.3002838770228,149.36212158203125,9835500
2022-02-23,150.04639990877777,152.30633355931153,145.24744805746627,145.51754760742188,9749000
2022-02-24,141.2588416391674,151.58607149664462,140.26843059586872,151.24392700195312,12567000
2022-02-25,150.91079233459396,154.04407143877341,149.1010562656827,153.90000915527344,7350200
2022-02-28,151.53200843601667,155.75473854076628,151.44196609824604,154.8543701171875,10638900
2022-03-01,153.9269997661897,154.719314678051,145.6075901526518,147.38131713867188,10723300
2022-03-02,149.4065583988342,154.1441752625233,148.5928519500978,153.02305603027344,7299400
2022-03-03,154.3069292627445,154.4515924960941,148.72848266274949,149.4969940185547,8553900
2022-03-04,148.1408002063682,150.14795763720957,144.56046122826493,146.70323181152344,9057300
2022-03-07,146.75749353512924,147.51695479415497,135.6186732193726,135.70909118652344,13416100
2022-03-08,136.21538197260327,143.15905056711983,133.70191730779035,136.3057861328125,11878400
2022-03-09,141.05245462771566,143.28564318858292,139.3888689017761,142.0469970703125,9276800
2022-03-10,139.27133016513574,140.41053585020538,135.91703603782918,139.87710571289062,8888800
2022-03-11,142.80645262825357,143.14098805243705,137.44500131770153,137.73431396484375,7394400
2022-03-14,136.34195224910763,136.7849643431774,127.002346228679,127.74372100830078,16154200
2022-03-15,128.83773022957382,130.58268374330964,125.7185037305529,130.3837890625,13893000
2022-03-16,132.87917856414867,137.02910669863547,129.80516078953139,136.02552795410156,11727700
2022-03-17,134.8863401838679,138.27680715492494,132.5265746201784,138.17735290527344,8602900
2022-03-18,137.89704092299363,141.07051222243047,134.72355582771493,139.22610473632812,18454200
2022-03-21,139.22615365256604,142.5894983052444,138.1592794389858,140.67274475097656,8986400
2022-03-22,140.5461418479902,144.6056655619122,139.93134384900557,142.49905395507812,7220500
2022-03-23,141.14286917632083,142.13741159483752,137.95131095486866,138.2135009765625,7245600
2022-03-24,139.50638707822603,143.35795176304606,138.86445273283482,143.26754760742188,9261000
2022-03-25,142.8245391845703,143.26756512758647,140.30202426610327,142.8245391845703,7198700
2022-03-28,141.49550465183623,143.30375391256257,139.28040206661586,143.258544921875,9470800
2022-03-29,145.753926740388,145.83529463998184,141.63110714830327,145.62734985351562,10212400
2022-03-30,144.10838580395313,144.90401968090478,137.2370349295459,138.0869140625,14777800
2022-03-31,138.23160124651054,140.26588147442783,136.5499290395984,138.16831970214844,13364200
2022-04-01,137.37266022725095,138.21348927694902,128.89196914529924,132.89724731445312,19762100
2022-04-04,133.57538586580654,139.35274204841514,132.5989295509624,139.06341552734375,12116000
2022-04-05,137.2551284244046,137.43595055243918,131.34216068302484,131.51394653320312,15946100
2022-04-06,129.19935525693424,129.289773204085,124.28093071795728,125.92642974853516,21054200
2022-04-07,126.38754374612496,127.9245662620737,123.79271113402065,125.87220001220703,10201200
2022-04-08,125.25740758131445,126.54127656722748,123.2864227080104,123.58478546142578,12992500
2022-04-11,121.4148662885255,124.41656608374448,120.87239989617414,122.38228607177734,11210400
2022-04-12,124.69683908776514,126.72208276703661,122.50885963393705,123.04228973388672,10591300
2022-04-13,124.35326564878729,128.91909669195152,123.39489597868956,127.02947998046875,10440800
2022-04-14,127.52678208928953,127.98788068505586,123.57574806669118,123.78370666503906,8002600
2022-04-18,122.61732985136457,126.89384760827807,122.56308460215918,125.96260070800781,8785700
2022-04-19,125.51958388760714,127.84317626960355,124.35325576231403,127.52674102783203,7213800
2022-04-20,129.47968109351038,130.92627207609198,126.63168052270285,126.88483428955078,7731600
2022-04-21,128.69307047007956,129.86843501030367,122.29186773006188,123.06037902832031,8576500
2022-04-22,123.07847460815758,124.16342126669355,119.93211136380444,120.07677459716797,8315100
2022-04-25,118.72964317096309,123.69327814800138,118.35894879245268,123.46724700927734,9673200
2022-04-26,122.07488024950007,123.27736735600308,119.91402348712757,120.70060729980469,9262800
2022-04-27,118.27756531525652,124.86862638217276,118.13290209452363,122.147216796875,13855900
2022-04-28,129.17228884155978,136.70364909455859,125.79087136182207,133.98223876953125,31111100
2022-04-29,131.83038701029722,133.35835957479438,126.14345015351658,126.29714965820312,13693100
2022-05-02,127.11991831625737,131.69478637035496,125.81797674598458,131.34217834472656,13320900
2022-05-03,130.8358526267842,131.7218907073207,129.0727989476835,130.42898559570312,7556800
2022-05-04,130.71828341863272,135.16657299480013,126.89384177131431,134.7597198486328,11038100
2022-05-05,132.88818586023402,132.88818586023402,125.83601355527746,128.06016540527344,14561400
2022-05-06,127.70759898105415,130.28435959387772,124.66070351207085,127.10183715820312,10080600
2022-05-09,124.76014298039831,126.67688247897861,121.20692657114627,121.9844741821289,11668100
2022-05-10,126.12535709983739,126.39659718610258,121.7222755713088,123.6932601928711,8841200
2022-05-11,122.08394853287203,125.03138988063145,119.24499772679482,119.61569213867188,11530900
2022-05-12,118.44031013658568,120.30280440926089,115.56519393521577,119.13648986816406,10749800
2022-05-13,121.41489865257674,122.95192166355456,119.79652152628158,121.99353790283203,9280700
2022-05-16,121.13458585681269,122.94283469573863,119.34442336911226,121.07130432128906,6378800
2022-05-17,124.0910837399358,126.57742603709298,123.59381252133544,126.29714965820312,9094100
2022-05-18,123.71134969556273,124.11820293740264,117.42768755026306,117.94303131103516,11992700
2022-05-19,117.94303986680565,120.60116814022264,117.06603798623351,118.05154418945312,8419500
2022-05-20,120.1400740299938,120.51075460883469,113.79311585725657,118.98279571533203,11370100
2022-05-23,117.49096308340938,119.73318773376745,115.86353640337387,119.45291137695312,10023400
2022-05-24,117.843578230623,117.843578230623,113.96489038631259,116.20711517333984,9157100
2022-05-25,115.54712140832156,119.40773713838753,115.04985014166384,118.64826202392578,9766000
2022-05-26,117.5452317710566,122.96094297598901,117.40961860228924,121.91215515136719,7932800
2022-05-27,123.0513651511757,126.70402251169132,123.0513651511757,126.3604507446289,9180800
2022-05-31,126.125379205729,130.16681719147275,124.26288477389737,129.4887237548828,16007300
2022-06-01,129.56143868650977,130.7975216884,125.58052166144957,127.261962890625,8514300
2022-06-02,127.48004246615295,132.9242616629805,126.97106973446648,132.87881469726562,9589500
2022-06-03,129.22510561225207,130.37030819646276,127.79816510784377,128.3525848388672,7458900
2022-06-06,131.7427466587189,131.76092822377166,127.17106077512972,127.64368438720703,7238700
2022-06-07,126.45303304999474,129.19785269460073,125.87134785534995,128.9615478515625,6062800
2022-06-08,127.92542688590596,128.84339476114155,124.92610682110376,126.29853057861328,6773000
2022-06-09,125.21695487791699,127.6436735385607,124.235358475555,124.2535400390625,7153200
2022-06-10,122.47210440987033,123.66274008907456,120.35440327793624,121.0633316040039,8544700
2022-06-13,118.6911588199754,119.38191953922014,115.06471358358309,116.93701934814453,12320900
2022-06-14,118.34578698937341,119.90905464760107,117.08243883484809,118.39122009277344,6794700
2022-06-15,119.67274963417246,121.13605336799836,116.52801889142077,119.091064453125,7860000
2022-06-16,114.7557102827521,115.11017453280539,108.18447508131123,109.8113784790039,16422800
2022-06-17,110.35668646089806,111.63821614624375,107.57550382016883,109.96586608886719,17273400
2022-06-21,112.49256549419246,114.62844836307426,112.44712545640341,113.05607604980469,9208500
2022-06-22,110.7020751884871,112.39260000177691,109.39327999516992,111.0292739868164,9081000
2022-06-23,111.56550761999223,111.72910701240518,107.45735511551676,109.14787292480469,7908900
2022-06-24,111.22922740502324,113.9467957038093,110.66572373263101,113.7013931274414,8128000
2022-06-27,114.70115618280323,118.19126735827676,114.010409346554,115.59186553955078,9947300
2022-06-28,117.95497801983917,124.017233335069,115.0647262890006,119.6091537475586,27081900
2022-06-29,118.22761035072398,119.58185225098957,115.33735949199628,118.36393737792969,9973300
2022-06-30,115.98269290802958,118.2367214442308,113.91043840614832,116.10084533691406,9277900
2022-07-01,114.2921604959545,115.21013525742813,110.97473258178965,112.2744369506836,7672800
2022-07-05,110.06584406440793,114.67388537612082,109.39327188845486,114.3648681640625,8113100
2022-07-06,114.57391173977491,116.54618830251759,113.6650277642178,115.48279571533203,6038400
2022-07-07,118.74570670998366,122.43578794820932,118.39124245201394,122.15402221679688,9408100
2022-07-08,120.44533554279916,123.96271288516851,119.62733145886006,123.6173324584961,8393200
2022-07-11,121.41781150783135,122.33579323330088,119.35465479144266,120.19082641601562,5887200
2022-07-12,121.5541620550013,123.01746598098572,119.9363494993751,120.83613586425781,5991300
2022-07-13,118.6547976968726,124.31714059555839,118.62753228894142,123.28101348876953,7200200
2022-07-14,122.64481682197183,129.3796510101079,121.65413652866694,128.97064208984375,10718700
2022-07-15,130.66115638757353,132.2244379476213,129.08879098034566,131.215576171875,11880500
2022-07-18,132.66979211823968,133.08787097150426,127.98904529394028,128.77976989746094,7856600
2022-07-19,131.00653879693093,134.9420081688809,130.13400405752404,133.94223022460938,9686500
2022-07-20,133.99675884107418,138.45029867500847,133.2605650344352,137.8867950439453,8517400
2022-07-21,138.9501904500473,141.71319170975295,136.90520144869126,141.65866088867188,8060400
2022-07-22,141.47691469928907,142.3857988787241,138.46851028431465,139.69549560546875,7200100
2022-07-25,138.87747349274963,140.00448074056592,137.8504301679775,139.28646850585938,4928900
2022-07-26,138.7139118970815,138.78662430239905,136.1599493348727,136.3053741455078,5941800
2022-07-27,137.72321897244947,140.69527413040484,136.83251635736855,139.44100952148438,12863000
2022-07-28,136.13263373076163,136.32350545791397,129.9704018036733,133.10604858398438,17051000
2022-07-29,131.42464873407494,132.06994869015543,127.85272694623436,131.8427276611328,11749400
2022-08-01,131.16103648101236,135.84179699740073,130.94291321569136,133.9967498779297,7611400
2022-08-02,132.41533827451025,135.78729081268997,131.64278117487203,133.63323974609375,5946400
2022-08-03,134.2058267107159,136.64162939060017,133.23331408731178,135.56915283203125,6890200
2022-08-04,135.13287826482085,137.3869207669731,134.25127346681853,137.25057983398438,6254700
2022-08-05,135.03288376078874,137.4959512919609,134.21487995344913,136.52345275878906,5041300
2022-08-08,136.15991590841634,137.41418032240153,133.1969589285988,134.34214782714844,5553300
2022-08-09,132.32440375072105,133.15149142864178,128.43438176590095,129.52503967285156,6770800
2022-08-10,132.56073559825268,133.76953910169718,130.59754284980045,133.59686279296875,6840000
2022-08-11,134.79658147415492,137.82316680567655,133.62412723669453,134.36032104492188,6243200
2022-08-12,134.5148732604662,137.66870281733475,133.76958149499364,137.50509643554688,4967500
2022-08-15,136.62346146405122,138.7865961423331,134.87839182745424,138.26853942871094,4502900
2022-08-16,137.65046147367076,138.59570847947944,135.28737169608405,136.35984802246094,5270800
2022-08-17,134.72386828756277,135.99631417889998,133.02425968520248,134.9965362548828,5169600
2022-08-18,134.5784494540472,138.9774443233481,134.296683787737,137.58685302734375,7808200
2022-08-19,135.6872932835726,136.67798743490596,133.5150609658362,134.1512908935547,5400300
2022-08-22,132.06087720650035,132.52440315645686,128.24356633519974,128.70709228515625,6736800
2022-08-23,129.14334494236394,130.5248527270886,127.75275330883146,127.89817810058594,4499300
2022-08-24,127.47098759493146,128.79796440571135,125.98041831255306,128.4344024658203,5113100
2022-08-25,129.37054609648055,133.60594889322917,129.07971042614017,132.92428588867188,5618800
2022-08-26,132.8424942666663,133.93315233811384,125.47144416684627,125.77137756347656,7918600
2022-08-29,125.2533023011884,126.45303584265267,123.7082022689593,124.5898208618164,6852300
2022-08-30,125.24423303075612,125.69867508538987,120.82705570497721,122.16311645507812,6147400
2022-08-31,122.2819076233873,122.62922599029336,120.0060964932395,120.89266204833984,8701100
2022-09-01,118.79963356020568,118.93673952468437,115.23510162437935,118.74479675292969,8716300
2022-09-02,120.31686588201553,121.25826838552426,116.5878090954657,117.42867279052734,6121400
2022-09-06,117.75768113794152,118.3791974357253,115.353906015584,115.77433776855469,6674200
2022-09-07,116.50553897731325,118.61683973845682,115.50015799453746,117.53834533691406,5340100
2022-09-08,116.50554330184164,118.63512772658254,115.07058867975356,117.766845703125,6618800
2022-09-09,119.43941424832767,121.20341049962548,119.10124465429304,120.69158172607422,5097300
2022-09-12,121.55986785888672,122.67492941660366,120.93836545427786,121.55986785888672,7081300
2022-09-13,117.33726212877197,118.72650766971795,113.7818582035824,114.18401336669922,9610900
2022-09-14,115.40874212164292,116.89854031740343,114.70497759818785,116.56036376953125,7509300
2022-09-15,115.80175219119938,117.06305437992305,113.54421791602957,114.22970581054688,7459600
2022-09-16,113.44368442752446,114.92433388596487,112.465721931302,114.20228576660156,13818500
2022-09-19,112.9867026415166,116.24048339398854,112.79476684160448,115.75607299804688,5922700
2022-09-20,114.92434635858726,115.66467814129871,113.23347735099352,114.03778076171875,5672700
2022-09-21,114.65015476970427,118.62597678730711,113.7910075814581,113.90068817138672,8123700
2022-09-22,114.01951235535657,114.39424916992668,111.93562979835265,113.04154968261719,8753000
2022-09-23,111.81679251122318,112.12755067863326,108.80979146781304,110.76571655273438,10681300
2022-09-26,111.08561123263355,112.58454436779834,109.30333832839224,109.44043731689453,6424600
2022-09-27,111.10387674207341,112.12754118437527,108.53558430487554,109.98881530761719,5544400
2022-09-28,108.3802260084172,110.08937165107092,107.64903600826467,108.70011901855469,11321200
2022-09-29,107.1920527274682,107.36571193559877,103.70063379015156,104.96192932128906,12125800
2022-09-30,103.97482353047127,106.27806018078742,103.2070733316028,103.26191711425781,7568100
2022-10-03,105.09901961575645,108.14258805009234,103.89256099851671,107.13720703125,7481700
2022-10-04,110.04368095856952,111.91734407622809,109.970560561052,111.84423065185547,6637200
2022-10-05,110.48238315351693,114.75982854252555,110.16249014888751,114.1474609375,7070300
2022-10-06,113.80016443580969,116.26791876409219,113.69962562502121,114.5039291381836,6238600
2022-10-07,112.07272324156261,113.43455748129817,109.97055720257525,110.50981140136719,8618500
2022-10-10,110.21732335628458,110.62862032577964,103.69147838248149,104.74256134033203,9512600
2022-10-11,102.36620040200108,102.81405057627951,99.30435562389145,100.5656509399414,10758800
2022-10-12,100.83072054014983,101.2694359541744,99.05758924430357,99.29522705078125,6987900
2022-10-13,96.31563340841913,105.2909561957501,95.65757077220435,103.15223693847656,10455000
2022-10-14,104.76998386986259,105.0990186691594,100.34630463754127,100.49253845214844,7989800
2022-10-17,104.12106250087481,104.63289831650457,101.09577749196026,101.9914779663086,7886400
2022-10-18,105.06245553669214,106.10439671430456,100.11780583916575,101.64415740966797,8908900
2022-10-19,101.32426315235276,103.8925558685431,101.22372435811843,103.1430892944336,5620200
2022-10-20,103.43556712136416,106.10439871529347,102.1102931168371,102.34793090820312,7736400
2022-10-21,102.13770612433935,106.01299610892565,101.47049477453832,105.78450012207031,7490100
2022-10-24,106.33288560730657,106.95439495008829,104.41352077532135,106.36944580078125,6525700
2022-10-25,106.54310726948219,109.62323564786016,106.23235607797541,108.91946411132812,6205100
2022-10-26,107.88666684887453,110.35442073729105,106.16837952438144,107.95064544677734,7342300
2022-10-27,109.05656211934621,110.22646043265581,104.54147927909447,104.83395385742188,8937200
2022-10-28,104.34954429586782,109.17537836207376,102.66781720079655,108.95602416992188,9418700
2022-10-31,107.9689190061163,108.19741498833176,105.47374678528413,107.53935241699219,6870800
2022-11-01,109.44043727773175,110.25388244323821,106.70762719331272,107.23773956298828,5749100
2022-11-02,108.49905211732413,108.57217251917761,102.59471564398872,102.82321166992188,13936300
2022-11-03,95.40165604281928,97.33930480849433,93.16239782944062,94.94466400146484,24706100
2022-11-04,97.43982669504531,98.25327182955007,95.35594446403789,97.51294708251953,11977900
2022-11-07,98.23501419938013,100.7941654971393,97.11995248095955,100.6205062866211,7570800
2022-11-08,101.97316821524103,105.00759403114935,100.46509361083051,102.85973358154297,9383600
2022-11-09,101.87265391270557,103.74632386719247,100.78501074148342,100.9312515258789,9581300
2022-11-10,105.93988305896994,110.59205802031879,104.6785807443557,110.2995834350586,11673200
2022-11-11,108.75493877064919,111.65227293898624,108.75493877064919,110.98506164550781,9433800
2022-11-14,110.35443508347947,112.6119768607598,109.91572663315448,110.4092788696289,6971000
2022-11-15,114.84209009006597,117.10877346039584,112.80390271793631,115.18025970458984,12470200
2022-11-16,112.60282575512922,113.18777495594979,109.64151955433196,110.34529113769531,9561700
2022-11-17,108.71838789535475,112.52970626055871,108.49903370017385,112.29206848144531,7273700
2022-11-18,113.37057386067941,113.78186386294661,111.62486110954194,113.19691467285156,6436600
2022-11-21,110.67431553645513,111.96303628075512,109.7694733589931,109.86087036132812,8204200
2022-11-22,110.44582224993164,113.14207921031014,109.70549744779267,113.01412200927734,7010200
2022-11-23,112.91357895936837,116.11252281098783,112.68508296996697,114.38509368896484,5481500
2022-11-25,114.12004250005505,114.57703449886253,112.78562670031455,112.8313217163086,3153800
2022-11-28,111.65227736937825,112.83131047244136,108.62698589701087,109.25763702392578,7087500
2022-11-29,109.80603192810855,110.93023526229608,108.14258140693072,108.19741821289062,6277600
2022-11-30,109.22762248302809,116.44814180785878,108.60215034305264,116.34696197509766,12776700
2022-12-01,116.55851671852446,117.9198338357115,115.60191189740668,116.64129638671875,7924800
2022-12-02,113.7898672852094,115.73066989777485,113.24718192845427,115.58350372314453,6122200
2022-12-05,114.5901077321876,115.4087393298954,112.61251178698174,113.41275024414062,6091600
2022-12-06,112.97125388399746,113.13682024310621,109.0620548105568,110.1750259399414,5968000
2022-12-07,108.99767271517187,110.67172951751924,108.31701410787164,108.73092651367188,5427100
2022-12-08,109.43918554250772,112.53894609471428,108.70333346698503,111.987060546875,7347600
2022-12-09,110.75449942404363,111.66511078936136,109.31958879835014,109.50355529785156,6036000
2022-12-12,106.75331097805685,111.52713448537338,106.75331097805685,111.49034118652344,9008400
2022-12-13,116.79767956669154,117.68989092016697,112.05144836211426,113.58753204345703,9712700
2022-12-14,114.26817746031423,116.4297329253077,110.4693517490627,111.95024871826172,9444100
2022-12-15,110.6073318750009,110.85567789000947,106.77171963890376,107.28681182861328,10207800
2022-12-16,106.7717189102031,107.30521125596395,104.26063046729747,105.34600830078125,12733900
2022-12-19,104.86770106461861,105.92548559211666,102.56817253423336,103.57996368408203,7720200
2022-12-20,102.46699752028833,103.73633480221947,102.19105127666637,103.1108627319336,6260200
2022-12-21,103.71795709005322,105.7415397856296,103.6535705593105,105.40120697021484,5843800
2022-12-22,103.54317638465346,103.5615695262164,98.7693526333506,101.80473327636719,12051400
2022-12-23,100.90333483979455,102.0255061716283,99.53281745108897,101.95191955566406,5356700
2022-12-27,100.94930995311191,101.81393499014337,100.15827151872243,100.68256378173828,6158100
2022-12-28,100.13987801179597,101.42760846531252,98.25426167719657,98.3922348022461,5395600
2022-12-29,99.66157962393005,101.78634906755282,99.44082681777886,101.03209686279297,6668600
2022-12-30,99.31204709612872,101.23444973012565,98.62218848281036,101.12407684326172,5642300
2023-01-03,102.42100149821125,102.77972739510264,98.53939613430512,98.6037826538086,8110400
2023-01-04,100.99531587011452,103.23045832516543,100.084697339001,102.58658599853516,7614200
2023-01-05,101.11487934748003,102.02549077540164,100.37902733409383,100.62738037109375,7546000
2023-01-06,102.0622849123905,106.679742649816,101.22526008248417,106.09105682373047,10259300
2023-01-09,107.36960443673985,109.31960041544485,104.43540337072335,105.41960144042969,10291800
2023-01-10,104.8769171180951,107.59036558937797,104.60097784451754,107.5351791381836,6384800
2023-01-11,108.02267381356937,108.99767183924024,105.93469760459578,108.89649200439453,7374400
2023-01-12,109.67832617923582,112.56653385644431,108.21582919755862,111.83988189697266,9527600
2023-01-13,110.21181774173564,111.68351479286245,110.11983799184117,110.59813690185547,8040400
2023-01-17,110.13822679131695,111.59153064219376,109.475961390026,110.63492584228516,6179500
2023-01-18,111.86748788504612,114.04743685784814,111.30640225482652,112.2538070678711,10960400
2023-01-19,111.3523837381345,111.38917704216148,108.00427026533744,108.15144348144531,8716200
2023-01-20,108.9240792273341,113.10002439758789,107.93068109500481,113.04483795166016,8895000
2023-01-23,116.3929442768738,121.47030050444216,115.7306788955378,120.52289581298828,13419500
2023-01-24,120.08140186116061,122.3073441502097,119.71346881635256,120.21936798095703,7952400
2023-01-25,118.14978396891446,120.99199812586474,117.45992534624442,120.65167236328125,6880300
2023-01-26,123.63185360701945,124.03657286853677,120.64246655787615,123.21794128417969,7413600
2023-01-27,120.9460059766667,124.07335912098007,120.88161244179982,122.70283508300781,6581900
2023-01-30,120.54128341445794,121.78302034869394,119.7134447564262,121.07477569580078,9854300
2023-01-31,120.78965584433443,122.92361127774352,120.78965584433443,122.5280990600586,7125100
2023-02-01,122.04062213324048,128.7184647425279,122.04062213324048,127.35714721679688,10500600
2023-02-02,127.35712214093682,128.0009874631435,123.99060826812726,124.95641326904297,17673200
2023-02-03,120.6424671757268,127.30189276139029,118.26015900665887,124.19293975830078,13187300
2023-02-06,121.66348098657586,124.0641897593552,121.28635487227773,122.27054595947266,6830500
2023-02-07,122.47291916052322,126.36373265901612,121.71868088380414,125.67387390136719,7664200
2023-02-08,124.45968723967881,125.35190548466504,121.19435372778992,121.57147979736328,7151700
2023-02-09,123.15356316195127,124.38610722340083,119.5019103251772,120.06299591064453,5717500
2023-02-10,118.9224395241464,119.52032550505965,117.38636280314215,118.6465072631836,5319200
2023-02-13,119.07879143986733,120.89080700708963,118.0945864932278,120.3481216430664,5550400
2023-02-14,118.83963683924577,122.2245502822784,118.06699858770457,121.72784423828125,5579900
2023-02-15,120.12739447960642,122.63847609035143,119.85144820656389,122.39933013916016,3501100
2023-02-16,120.26534927632125,121.95779900667358,119.52949729588701,119.72266387939453,5788400
2023-02-17,119.11559595892982,119.40073529435612,116.77927377522892,117.47833251953125,6022500
2023-02-21,115.3995557105753,117.38635201823992,113.64271930699897,113.78068542480469,8164400
2023-02-22,114.35095286120922,114.94883167417537,113.06321549888308,114.0106201171875,5517800
2023-02-23,116.45734156016752,117.02762725070438,113.75309334236458,116.08021545410156,6440200
2023-02-24,114.27736688176212,114.70967936451072,113.30236903903827,114.36934661865234,7357200
2023-02-27,116.35615339546388,116.44813314087214,113.17360648462542,113.52313232421875,7787200
2023-02-28,113.70710003856095,115.06841712729221,113.06322777866497,113.62431335449219,6491800
2023-03-01,114.54975596898312,116.11373536112423,113.80941600039569,114.45721435546875,5530600
2023-03-02,113.05055884692226,114.99396089309222,111.84749673904587,114.54975128173828,5258900
2023-03-03,114.74408829399096,114.94768406726358,112.59709051665871,114.38317108154297,7052100
2023-03-06,115.01245596035726,115.836088215041,112.93023815819622,113.28190612792969,7031300
2023-03-07,113.34669096496962,113.36519646186596,109.45987999285107,110.3020248413086,8879700
2023-03-08,110.63517815170817,112.67112167398992,110.4500878839278,112.1621322631836,7633900
2023-03-09,112.23616401723042,112.8284387302128,108.2198006785393,108.47891998291016,8055500
2023-03-10,108.77507092455869,109.41362004755916,105.98952393373601,106.60031127929688,6884500
2023-03-13,105.27692856372832,107.57199122321934,104.83271901582648,105.89696502685547,7673700
2023-03-14,107.72931944246324,108.33084334854665,105.42499345029877,107.85887908935547,8312100
2023-03-15,106.65582842086592,107.51647877210394,104.7031701730084,106.8779296875,8596900
2023-03-16,108.27532085588751,111.81971980576857,107.26660544377769,111.5235824584961,11207800
2023-03-17,111.77344775025453,113.70760035495894,110.26499921010435,111.72718048095703,12304100
2023-03-20,111.76419639473241,112.92098408519092,110.87578429571687,112.73590087890625,5945000
2023-03-21,113.81865693885325,115.7435534259906,113.0412989693201,114.5682601928711,6900600
2023-03-22,114.75333980698639,116.82630138785791,112.78217610852333,112.87471771240234,7072700
2023-03-23,114.69781140084643,117.5296253103916,112.9950163075814,114.89215087890625,7353800
2023-03-24,114.41092447306822,115.61398646670835,113.1338334349587,115.4566650390625,6987200
2023-03-27,116.36359114078599,116.65972852178105,114.1240517557313,114.38317108154297,4818000
2023-03-28,114.38316105314462,114.45719715702039,111.24595352124156,112.29168701171875,5272100
2023-03-29,114.2165953099871,116.56718890065189,114.05927386813059,115.7620620727539,6410100
2023-03-30,117.60367340466486,118.6309015080474,117.00214235288205,117.89981079101562,8156400
2023-03-31,117.20574059085875,118.42730821776452,116.87258514165968,118.06639099121094,6222400
2023-04-03,117.52036621995413,118.05711737154412,114.39241502910332,115.43814849853516,6367800
2023-04-04,115.61397801032656,115.88235357575401,112.72663367306293,113.18009948730469,6962700
2023-04-05,112.36572977895263,114.03150691258166,112.20840834424096,113.86492919921875,6920900
2023-04-06,113.2171316616771,114.61453329470355,112.02333287067988,113.82791900634766,5260600
2023-04-10,112.98575521273399,115.29008119821758,112.60633255092714,115.0217056274414,5243700
2023-04-11,115.91013070856312,115.91013070856312,113.98523422863019,114.35540771484375,5001400
2023-04-12,115.13276265190251,115.21604797225379,111.19042843110064,111.30147552490234,5288300
2023-04-13,111.09789188222076,112.58783498253065,110.23724156378383,112.09735107421875,6077100
2023-04-14,111.85673099196879,112.82842829347655,109.9040730511907,111.19967651367188,4833100
2023-04-17,110.24648671026137,110.90354124258124,109.35807464992162,110.47784423828125,6370200
2023-04-18,111.36626039412964,111.7919644745564,108.65475684407339,109.5339126586914,4829900
2023-04-19,108.50667954966363,109.83930115700181,107.7663326432599,109.70048522949219,4241900
2023-04-20,108.54372315259948,110.95909685425158,108.38640169260788,109.79305267333984,5125000
2023-04-21,109.08045083218222,109.37658818828828,107.85888335568579,108.97865295410156,4980700
2023-04-24,109.03418887026581,109.04344514945173,107.87740108855765,108.59923553466797,4097900
2023-04-25,108.03472107505029,108.12726268424416,105.20290688297887,105.54531860351562,7045200
2023-04-26,105.76741336384734,106.51700953076671,104.76794710097364,105.64710998535156,4671100
2023-04-27,105.38799262449409,105.78592790797984,103.7870022717408,105.42501068115234,6945700
2023-04-28,106.51702008019674,108.18279734996457,105.24918515976412,108.09025573730469,8652500
2023-05-01,108.46967760312788,108.81208933376104,106.89644901902699,107.20183563232422,6208500
2023-05-02,107.47020380013554,108.33085414625863,105.90623160377241,107.45169830322266,7081200
2023-05-03,107.96068961393622,108.10875477324669,104.20343823238379,104.41629028320312,11491700
2023-05-04,96.2725048464925,99.13208790336881,95.78202795860227,98.63235473632812,22117500
2023-05-05,100.14079428883952,101.12174797481954,97.8827424949532,100.66828918457031,10745600
2023-05-08,100.29812486482466,100.71457270078479,98.90073031389377,100.23334503173828,6694400
2023-05-09,99.0210183081671,99.41895352397391,97.44779000035665,97.88273620605469,7804100
2023-05-10,99.02101910394387,99.46522865139134,97.29971858085071,98.52128601074219,7980100
2023-05-11,98.36397486303099,98.56757063268647,95.94860152388549,96.30026245117188,10630500
2023-05-12,96.67968824572539,96.92955127792644,94.95838761353959,95.89307403564453,7635900
2023-05-15,96.02264005906837,98.46577523571902,95.21751323885334,98.35472106933594,7444900
2023-05-16,97.79020598688074,98.53980923810039,95.98561994972083,96.05039978027344,7027000
2023-05-17,96.42057677220834,97.58661376455083,95.85606377380839,96.99433898925781,9504700
2023-05-18,96.99433253854176,99.13208100327417,96.99433253854176,98.9840087890625,9142000
2023-05-19,98.97474938625294,99.13207787400445,97.65138402051541,97.96603393554688,5783200
2023-05-22,95.93934757783897,97.9752982634246,95.55066858657638,97.42929077148438,7912400
2023-05-23,96.30951867157313,97.76244377358557,95.75426197496765,95.8375473022461,7452500
2023-05-24,94.46791476029249,95.44886849476714,94.00519966886527,95.33781433105469,8193700
2023-05-25,94.32910640955929,96.34654465290399,93.9034093384555,96.26325225830078,11677400
2023-05-26,97.11464237143772,102.98186614374758,97.00358821147226,102.1212158203125,15969900
2023-05-30,105.96175404252678,107.98844836609727,104.2126915930381,107.34989929199219,18291800
2023-05-31,105.8216423212546,106.23166153555536,103.99520408132743,105.68186950683594,14924000
2023-06-01,106.75350392273063,108.61721736892078,104.65682629576672,107.93696594238281,8616500
2023-06-02,109.25088298147134,109.3999834734897,106.87465254332673,107.74127960205078,7873400
2023-06-05,107.56422823170489,108.02083606253056,104.96434696642699,105.0482177734375,7769300
2023-06-06,104.90843732897004,108.83155349458544,104.59160232885107,108.43085479736328,7594500
2023-06-07,108.68245012399231,109.1763401731607,106.68827724902017,107.33126068115234,7555400
2023-06-08,107.72263153300571,108.69176334006556,106.32484650331402,108.42152404785156,5793400
2023-06-09,109.48385859184273,112.61489815589805,109.3813537702603,110.99346923828125,13807000
2023-06-12,112.79194505199584,113.97540002966834,111.60848296482034,113.81698608398438,9675100
2023-06-13,115.81115542975849,116.85483754627116,114.38541574375192,115.95093536376953,8873200
2023-06-14,115.87638810320051,115.9509383511942,113.22059772657647,114.99112701416016,7324600
2023-06-15,113.29515279495544,116.1932280461123,112.79194926384265,115.18682098388672,8132600
2023-06-16,116.10004093655886,116.46347164694778,113.77971938255887,114.32019805908203,12905700
2023-06-20,113.63062169948466,114.03132041221079,110.62072107465772,111.65508270263672,8667400
2023-06-21,110.52752481775816,110.90958237148789,107.7878638183935,107.87173461914062,7925400
2023-06-22,108.10470843889526,108.72905078330254,107.07966738951706,108.46813201904297,7283000
2023-06-23,106.31552985642143,107.42444162914032,105.32776400748013,105.70050811767578,11958500
2023-06-26,106.75349867384195,109.59566438333847,106.51122105659147,108.68244171142578,9377000
2023-06-27,108.78496247460157,111.76690854507346,107.7692419599134,111.62712860107422,7308900
2023-06-28,109.04588699283003,110.0522941112686,108.63587480752457,109.53045654296875,6384800
2023-06-29,109.54907863816001,110.0988778245434,108.91541575577907,110.01500701904297,5138500
2023-06-30,111.45005246902991,111.69233718554031,110.31318623329108,110.92821502685547,6565100
2023-07-03,111.1425473939264,112.2701002766972,110.3877457289747,111.90666961669922,2662000
2023-07-05,110.90958511964591,110.93754679358945,109.12042190040287,109.14837646484375,6249200
2023-07-06,107.31262114639397,108.28174585949333,105.87756097308953,107.3685302734375,7544600
2023-07-07,107.50831642115013,109.70749893247498,106.93988323164226,108.03947448730469,6108400
2023-07-10,108.53335268772643,110.22001106612319,108.53335268772643,109.1390609741211,6037000
2023-07-11,109.77272444598037,109.83795413199205,107.06101797856054,108.90609741210938,5784000
2023-07-12,109.54908362796834,111.10528989422264,109.1204303511718,110.59276580810547,8371300
2023-07-13,111.82281363661292,115.00976211897566,111.71098826355522,114.73020935058594,9823000
2023-07-14,114.61838565843121,114.7861201657261,112.87581089428434,114.20836639404297,7892200
2023-07-17,113.99404055312927,115.9788929168161,112.53102570639231,114.99112701416016,6125000
2023-07-18,113.98471916242855,114.83271223078292,112.99695326698537,114.48792266845703,7481200
2023-07-19,116.79892641184716,118.43899634961956,115.82980160855307,115.94161987304688,8866700
2023-07-20,115.10293062931103,116.10933752064732,112.03712849786399,112.49373626708984,9148600
2023-07-21,113.6212874773722,118.02897278732028,113.10876344964485,116.2211685180664,23704100
2023-07-24,116.22117108336154,117.04120243632308,114.77679032570505,115.64341735839844,5859300
2023-07-25,115.73662234320466,117.39533357149118,115.73662234320466,116.5473403930664,5592100
2023-07-26,114.80474829687091,116.70573691240548,114.00335092631704,115.5688705444336,5291800
2023-07-27,117.935787357603,119.06333316577351,116.40754286475185,117.274169921875,7917900
2023-07-28,119.5572228156098,121.06682618722978,118.86764370784236,120.65680694580078,11762200
2023-07-31,121.13207215776791,123.90900147728459,120.30272016352606,123.16351318359375,11029600
2023-08-01,122.93054275452364,123.3685165716725,121.36503021416621,123.07964324951172,7128700
2023-08-02,121.32775588721324,122.61372285702505,120.05111658582467,120.46113586425781,13711100
2023-08-03,108.99928102549748,110.99345382563762,107.06101735318292,110.61138916015625,29239600
2023-08-04,109.73546141710126,113.68653235415863,109.73546141710126,113.2206039428711,12658700
2023-08-07,113.88221030963469,114.37609323983597,109.88454407814312,111.20777893066406,7706500
2023-08-08,109.02723647076125,109.84726782667596,108.05810462676973,109.64226531982422,8934600
2023-08-09,109.2415700056789,110.06160138682087,108.57994545636221,108.62654113769531,5642500
2023-08-10,109.66089961715619,110.32251703837237,107.22875299759258,107.7319564819336,6224500
2023-08-11,106.35282306248313,107.59219441808615,105.97076543895737,106.80011749267578,5712500
2023-08-14,106.11983817746545,106.71622589524905,105.12275179528014,106.25029754638672,8537500
2023-08-15,105.6166339645995,105.77505500532011,103.8088368181921,104.06975555419922,6843600
2023-08-16,103.76225302363288,104.29341111405252,102.55084345207214,102.64402770996094,6426700
2023-08-17,102.68128592757994,103.55722633890664,102.1874030435389,102.57878112792969,6250500
2023-08-18,101.40465939923074,102.98881315772803,101.10646549964878,102.5974349975586,6384700
2023-08-21,102.35514554157801,103.39882769703549,101.57238925711218,103.13790893554688,6539800
2023-08-22,103.874066470143,104.21884889568787,101.70283867410726,102.0103530883789,4587000
2023-08-23,101.88920588101202,103.92997428329734,101.43259809891015,103.5945053100586,6873900
2023-08-24,104.51707033052763,104.89912795167027,100.78964283701957,101.11579132080078,8698100
2023-08-25,101.46987385536127,102.98879769240769,100.41687836078947,102.80242919921875,6669900
2023-08-28,103.71565257097562,104.54500445735636,103.0819897366002,104.06975555419922,4316400
2023-08-29,102.98880218828249,106.22234616373387,102.98880218828249,106.02665710449219,6971400
2023-08-30,105.63251814309258,106.47712928002625,104.79729356319295,106.29882049560547,6490300
2023-08-31,105.51053038376602,108.07251652054153,105.51053038376602,107.48128509521484,7962500
2023-09-01,108.57924885900701,108.57924885900701,107.36864811798779,108.288330078125,5310700
2023-09-05,107.83787217212819,109.85554478191845,107.83787217212819,109.37693786621094,7294800
2023-09-06,108.86079262277201,109.53648144669533,106.63665143733178,107.62203216552734,7411900
2023-09-07,103.79313207002862,103.88697614755526,99.54193163545858,99.85162353515625,17947800
2023-09-08,99.63578800879469,100.4803991304542,99.01641129280773,99.60763549804688,9819300
2023-09-11,104.42189692313984,104.95681604936293,102.12268476793489,103.49282836914062,18771700
2023-09-12,102.83590144330505,105.80141554397561,102.7702098791718,104.38435363769531,9250100
2023-09-13,104.71282046402348,106.608496591934,104.66589484567389,105.70758056640625,8131500
2023-09-14,106.76802883518916,107.67833138733845,106.045421590611,107.02141571044922,7138100
2023-09-15,106.95573068266086,108.10064706939805,105.53866145318743,106.17681121826172,12247400
2023-09-18,105.9421970467331,106.82434714337845,105.5386610620809,105.8108139038086,5065100
2023-09-19,105.29464822219016,105.42603134951015,103.14559257109454,103.9057388305664,5658800
2023-09-20,104.86297352473976,104.91928570085983,102.44176474690791,102.4980697631836,7073800
2023-09-21,101.3343859046772,102.84529204437077,101.2123821581051,101.31561279296875,7007200
2023-09-22,102.07576917884342,103.02361093769092,100.75255106704384,101.0528564453125,6965500
2023-09-25,100.2645481330554,103.68053158003404,100.14255153703091,103.63360595703125,6782500
2023-09-26,103.08929700724556,103.83067743644948,102.61068287500615,102.96730041503906,6559800
2023-09-27,103.91513904773947,103.99021001618995,100.81823427409843,102.46991729736328,7225000
2023-09-28,103.00484076598181,105.02252079977868,102.46053505270736,104.26236724853516,4851300
2023-09-29,104.99434822183213,105.32281321659833,103.83066596674547,104.22481536865234,4869300
2023-10-02,103.6054514979244,104.90990360259768,102.85468450307381,104.26236724853516,5751500
2023-10-03,103.99021623051827,105.35098053776368,102.64822503639064,103.40837860107422,7750700
2023-10-04,103.98083879694906,104.23421855006414,102.10392840104633,103.08930206298828,7189400
2023-10-05,102.94853766350177,103.66176565550417,102.24469622871982,103.04238891601562,5089700
2023-10-06,104.04652117766838,104.47820967138736,101.40007803976026,104.05590057373047,7930600
2023-10-09,103.53036433450791,105.0882032069718,102.742065502546,104.91928100585938,4714500
2023-10-10,104.6377418567709,106.03603792705124,103.63359520337323,105.39788818359375,6253000
2023-10-11,105.36975519373257,105.70759965930743,102.83592886176646,104.2811508178711,6378600
2023-10-12,105.08821279371942,105.30405347270414,103.53037377914056,104.60021209716797,5371700
2023-10-13,104.84421232687164,105.0788261184517,101.85992461157952,101.97254180908203,6035600
2023-10-16,102.37605240041772,104.24358300344626,102.24466927335003,103.70866394042969,6254700
2023-10-17,102.1133001651205,105.36035404813839,101.37191975497461,105.29466247558594,7334000
2023-10-18,104.22482072209488,105.21020143731931,103.25821311831245,104.14974975585938,7174500
2023-10-19,105.47296777386342,107.35926452349716,104.01835950964717,104.43128204345703,10511500
2023-10-20,104.65650872804551,104.74097340945943,101.94437408447266,101.94437408447266,7756500
2023-10-23,101.29685294375632,103.76498745363443,101.05285259575653,101.97254180908203,6679200
2023-10-24,102.57314288254277,103.53975046724368,101.7660709427287,102.65760040283203,8578600
2023-10-25,102.11329452695985,102.56375611376482,98.00286387168207,98.3313217163086,8571600
2023-10-26,98.30316283613813,99.91730660775757,97.9090134481409,99.11962127685547,8705200
2023-10-27,100.32085099938445,101.24991953786234,99.32608373086384,99.90792846679688,7292000
2023-10-30,100.14255399738839,102.60130921033895,99.64517388465619,101.1936264038086,6634000
2023-10-31,101.63469736649667,102.48868784464545,100.12378397608101,102.2822265625,6485500
2023-11-01,102.4511408228636,104.34682412094715,102.01006578341314,104.0652847290039,12809900
2023-11-02,110.70954311277043,111.7512287884111,107.4061773356515,110.1370849609375,22106100
2023-11-03,110.69078731334396,112.70846741323288,110.13710218538452,112.1641616821289,10670100
2023-11-06,112.61461124790188,113.14014380924196,111.09431141851131,112.54891967773438,7756400
2023-11-07,112.47383996434688,113.62814286367676,111.83569022322226,113.29029846191406,7898400
2023-11-08,113.92843950182208,114.5478160845198,111.81691573199366,112.67090606689453,7681900
2023-11-09,113.66569386835194,114.8950678618033,112.47385178140055,112.70846557617188,9002700
2023-11-10,114.39766952511087,117.12856993776774,113.5249060613043,116.56549835205078,12191600
2023-11-13,116.36843846651448,116.88459166236024,115.08275233494523,116.22766876220703,7959200
2023-11-14,119.50287910857851,120.3287242487547,118.32043073761776,119.52165222167969,11255400
2023-11-15,120.04718628869281,121.74578789288931,119.70934184721746,120.98564147949219,7789100
2023-11-16,121.14517173998668,122.3463931850552,120.41317786938832,120.7791748046875,11655700
2023-11-17,121.34225724599291,121.80209111810625,120.51641210795978,121.50179290771484,6543300
2023-11-20,121.47362985956875,122.11177245109457,121.07948043779895,121.53931427001953,7148600
2023-11-21,119.08057908582373,119.62488481712681,118.01074073662521,119.20257568359375,14641800
2023-11-22,120.01902732745945,121.53932007253718,119.33395908451182,119.65303039550781,6647400
2023-11-24,120.3380886979926,120.3380886979926,119.70932552425478,119.88763427734375,3708200
2023-11-27,119.43718817429662,121.07949190692453,118.98673369527496,120.30995178222656,8586400
2023-11-28,119.37149233350311,119.47472297289224,117.93565709816563,118.79903411865234,8817900
2023-11-29,122.05730113870547,123.3417177047144,120.52733243953553,120.80121612548828,10608300
2023-11-30,122.08564299752882,122.20840826640325,120.40456293438606,121.87786865234375,11731800
2023-12-01,121.88728006354624,123.03003870295302,121.36784431836135,122.46337890625,8866500
2023-12-04,122.14231380928571,122.82229999808257,120.91456016780462,122.72785186767578,7485000
2023-12-05,121.91563657613874,123.5778313010867,121.78341785126881,123.48338317871094,6231600
2023-12-06,124.64501460111512,124.7961258258876,122.45395948495243,122.73728942871094,6912400
2023-12-07,124.03113626454189,125.91998320789452,123.14337589544478,125.5516586303711,7815700
2023-12-08,123.92725307331993,126.52441770356884,123.88946806321854,125.57999420166016,7678600
2023-12-11,127.0344120564631,129.00826831412505,126.61887778139989,128.5360565185547,11010700
2023-12-12,128.42270768013876,129.60323709361086,127.9693884203781,129.08380126953125,7380400
2023-12-13,128.8004951529182,131.26544132484096,128.51716519082444,131.08599853515625,7507700
2023-12-14,131.84152640669538,134.82589371547814,131.84152640669538,133.63592529296875,11468900
2023-12-15,134.1553747902032,135.5153470751406,133.52261270972048,135.17535400390625,25053500
2023-12-18,134.58980805811277,135.16590705626837,133.43761006180156,133.77760314941406,7832100
2023-12-19,134.1364549290875,135.4586419305011,133.57924857926017,135.26976013183594,5658400
2023-12-20,134.0797933317209,135.03365579265176,132.55927105769277,132.63482666015625,7264800
2023-12-21,133.91925119505072,134.75978750859556,133.1542704885475,134.523681640625,8361600
2023-12-22,135.28865301872304,136.37473417219687,134.81644131534182,135.51531982421875,4659200
2023-12-26,136.15754005535769,137.93306092229872,135.95921918194978,137.3758544921875,4381200
2023-12-27,137.744193869402,138.093626005294,136.9791986147903,137.6214141845703,4470300
2023-12-28,138.0558090760264,138.72635604718235,137.6308214177693,137.75360107421875,4928800
2023-12-29,137.32861384114145,137.52693469058846,135.7986380916181,136.5919647216797,4839300
2024-01-02,134.28758464665682,134.29702369412632,131.06709693613988,132.43650817871094,8495800
2024-01-03,131.17098249873447,131.17098249873447,129.37658356980748,129.9526824951172,8133300
2024-01-04,127.91273241206252,129.69769240784848,127.44052062047089,128.60215759277344,6770300
2024-01-05,128.59268290447974,130.3965349069924,128.29991398055748,129.13099670410156,6827300
2024-01-08,129.37657462617437,131.41651834212516,129.04602065175786,131.30319213867188,7729400
2024-01-09,129.8960012427392,133.11648882128387,129.51823760880671,132.1154022216797,5856900
2024-01-10,132.11540959923573,132.2476283195713,130.13211438344212,131.56764221191406,5652500
2024-01-11,131.27486058780855,132.17205999024983,128.46992176627313,131.30319213867188,7374900
2024-01-12,134.2214794766975,134.73147629853605,131.4259936478993,132.40818786621094,6546600
2024-01-16,132.21930401235235,133.38094100544794,130.3115643051612,133.2770538330078,7483000
2024-01-17,131.86041821207647,131.86987167094824,129.71658701921356,131.5771026611328,6584700
2024-01-18,135.19423554176154,137.5552945935615,134.4198156663668,137.21530151367188,12893000
2024-01-19,139.0758006435424,144.27958339712973,138.58471079497593,143.5146026611328,16193900
2024-01-22,144.26071246978586,145.97957042914445,143.42961504673235,144.37403869628906,10456100
2024-01-23,144.37401797414944,145.19567623064802,142.99516771373064,144.96900939941406,6232300
2024-01-24,146.1873208505332,147.63230219811962,145.3467844336163,145.79066467285156,8331900
2024-01-25,148.84118266372133,149.2000538746935,145.1295899847525,145.8851318359375,7740900
2024-01-26,143.7507482396167,144.4779441660954,142.02245101282202,142.3435516357422,7744700
2024-01-29,142.04130411362038,142.83463089224423,140.1713494148681,141.32354736328125,10770700
2024-01-30,139.77469840163187,140.53024019406317,137.47975587882445,137.86695861816406,9132800
2024-01-31,137.2625115549016,141.81463985891756,136.31808803065857,140.25633239746094,21184200
2024-02-01,133.04092656829394,135.91198192153283,132.3042774313825,133.26759338378906,22810600
2024-02-02,132.8331601376826,134.24035634719795,131.52041204291666,133.81536865234375,10442700
2024-02-05,133.9759020548473,136.61083695988307,133.36203261852302,136.02529907226562,8032600
2024-02-06,136.46920959687785,136.76197860586228,134.5142458363527,136.09144592285156,7286300
2024-02-07,137.09252674395057,137.8386150118925,135.64755985722323,137.78195190429688,7361900
2024-02-08,138.68858589673684,140.35076593891566,138.15969667304745,139.9446563720703,9448700
2024-02-09,140.71909377748602,144.87455118513537,140.1052243004781,142.60794067382812,11981500
2024-02-12,142.02242940335688,146.1589950834156,141.8996497206077,144.5912628173828,11806300
2024-02-13,141.66353860120913,142.84406808955254,140.16190855061882,141.70130920410156,8976300
2024-02-14,142.90069865393517,145.80952438002558,142.6551537641558,145.38453674316406,8715100
2024-02-15,146.38565665962813,148.4350541235717,145.90400581591211,147.31118774414062,9372400
2024-02-16,148.71838414296386,148.99226064383168,144.1190458626703,144.20404052734375,8429100
2024-02-20,143.44848609838783,144.40234865389178,141.54074657662085,143.5146026611328,8745500
2024-02-21,141.50296196860526,143.59958310231937,140.62464069924835,143.56179809570312,9760300
2024-02-22,146.1684286377614,146.8672928025221,143.85459395270547,146.1495361328125,11407500
2024-02-23,147.0467474617642,148.1895063260448,145.75289177795267,146.3006591796875,5953300
2024-02-26,147.33007084361486,148.72781363455445,147.13173556136044,148.30282592773438,6307600
2024-02-27,148.98279202868537,150.35220308277218,148.7372471314395,149.50222778320312,6021400
2024-02-28,148.0784277250375,148.59100052499022,147.09124457981224,147.93605041503906,5211000
2024-02-29,148.90421521587297,150.16668021908106,148.2492507533709,149.77749633789062,8321400
2024-03-01,151.29626689564657,155.67217432649974,150.04330326809068,154.80838012695312,10405700
2024-03-04,156.7352929390085,159.30768700832277,156.35561051172402,158.1021728515625,11865100
2024-03-05,156.3651056220614,157.18143591867042,152.093612915517,153.2516632080078,9608800
2024-03-06,156.4505247141233,160.65556444114105,155.98540146990746,159.3646240234375,12230500
2024-03-07,160.98781748421865,168.57208071099686,160.826437238411,166.7970428466797,14495100
2024-03-08,165.94274136260668,166.55972891856496,161.8800641357763,161.90855407714844,11318000
2024-03-11,160.41829039495227,163.24696388605332,159.58297158524817,162.43063354492188,7256300
2024-03-12,164.12974140988862,165.06946055698785,161.9180556200781,164.29110717773438,7642200
2024-03-13,162.52554426161763,162.79132485777095,160.03859104734448,160.65557861328125,8730500
2024-03-14,160.9878067515752,161.3200252447825,158.24456001508085,159.8961944580078,8151000
2024-03-15,158.6147576571031,160.1999542171258,157.4282319848745,158.7096710205078,16414600
2024-03-18,162.2312886644011,162.753362866871,157.90284524748017,158.4438934326172,6653700
2024-03-19,157.6560293690206,158.00725080311062,155.3209550500331,155.76708984375,7404400
2024-03-20,155.76711260538062,159.6304330732597,155.51081897742168,159.15582275390625,5995800
2024-03-21,162.06991682846186,164.139210610139,161.01628147171226,162.17433166503906,8497500
2024-03-22,160.9403738342626,163.171033806247,160.70306865741586,161.4624481201172,5645500
2024-03-25,159.3551935803339,160.19999951849672,158.49139917053816,159.0134735107422,5682500
2024-03-26,159.5165359086373,160.81696358692895,158.51985131197998,158.5863037109375,5289900
2024-03-27,160.84543007641057,160.87390553610174,158.49136701020984,160.54168701171875,6309700
2024-03-28,160.51320748493788,161.26308537773417,159.45007057556154,160.7030487060547,5324000
2024-04-01,159.7253296634197,164.02529715629805,159.668378753679,163.00013732910156,6679100
2024-04-02,161.81362711514527,162.69639526778846,160.68405235160358,162.35467529296875,7436300
2024-04-03,161.3674931558748,165.1264128987994,160.73151712680578,165.07894897460938,6943200
2024-04-04,166.1136156922485,167.01537242350054,160.8074756728574,161.1396942138672,9031200
2024-04-05,161.538340212954,163.49374663943922,161.09221989635705,162.81979370117188,5863300
2024-04-08,164.14871587067321,165.53458435731096,163.60766764561387,164.80368041992188,4812000
2024-04-09,166.3698787843048,167.05331869354745,164.5663511689319,166.65464782714844,5028500
2024-04-10,163.6646043621723,164.8891069742277,161.43394477545752,162.18382263183594,6177400
2024-04-11,162.95269003666013,166.71160978659128,161.84210373153314,166.23699951171875,6262600
2024-04-12,163.53175957056231,164.58539524633062,162.27879563622056,162.59202575683594,8216700
2024-04-15,165.42069236131368,165.52510721572588,160.01962436154818,161.21563720703125,6570600
2024-04-16,160.89290408387572,160.95935648328987,158.94699880730863,160.01962280273438,6390100
2024-04-17,160.6271120642558,161.54785721055288,155.45386265969285,155.97593688964844,8082000
2024-04-18,154.1154534338217,155.76710245173396,151.7424019917414,153.24217224121094,9209400
2024-04-19,153.099777096108,153.19470494528542,148.40113824095064,149.62564086914062,10292200
2024-04-22,150.0148111560155,153.43201097075874,149.17950691104426,152.046142578125,7848700
2024-04-23,152.78657329778954,154.020548645279,151.5715574522704,153.15676879882812,6616700
2024-04-24,155.5487722981127,157.504164381619,153.7737344428057,155.3209686279297,6130500
2024-04-25,155.74811182822683,156.27018603504726,153.51743770997427,155.00772094726562,6230700
2024-04-26,154.62803605783142,158.06422461473173,154.25784058855837,157.24789428710938,7141300
2024-04-29,156.811226453905,160.67456090897207,156.811226453905,160.6081085205078,6623900
2024-04-30,160.63656246499053,160.6460639386162,157.3902304708656,157.42820739746094,6914200
2024-05-01,156.15626322665608,161.02576915081568,155.4728232904949,155.77658081054688,13113600
2024-05-02,166.55972474673626,172.46387750240652,166.388857522563,170.95462036132812,25894800
2024-05-03,172.98600045566457,173.88775730140648,168.77145786786232,170.5180206298828,10043900
2024-05-06,172.6727193500389,173.13782816495407,171.239387003128,172.6157684326172,6980100
2024-05-07,173.1852853431415,174.95083613420857,170.119307041757,171.0020751953125,8011100
2024-05-08,167.7557304770628,171.60956328780424,167.65131564546343,171.3817596435547,6242600
2024-05-09,171.80893179260184,172.48288480406646,170.32814994651864,171.37228393554688,5513500
2024-05-10,172.75815179930603,174.22944664823441,172.03674934667634,172.83409118652344,4702500
2024-05-13,173.87821600725317,175.34951077863397,173.61243540797932,174.85592651367188,6384800
2024-05-14,175.14067656303354,179.6779495840108,175.12170258068815,179.37420654296875,7713400
2024-05-15,180.36139335207213,186.12316910231556,180.35190636069845,184.72781372070312,11349100
2024-05-16,185.09801918389834,185.6960328038203,182.99074826831895,183.45587158203125,8173400
2024-05-17,183.10464154113927,185.5156698918137,182.1269455160571,184.01589965820312,5799700
2024-05-20,184.14880066578198,189.8346374057181,183.46536065923362,187.71786499023438,8879700
2024-05-21,186.0567166836606,191.72356458351464,185.81941154374695,190.6509552001953,11498800
2024-05-22,192.6253204345703,194.4383351722825,191.4577832064539,192.6253204345703,11170100
2024-05-23,195.42555421939045,197.39043345497527,189.29358237959443,191.51475524902344,14475100
2024-05-24,193.53659609775676,200.57032453039008,193.22335154785466,199.6780548095703,13809900
2024-05-28,206.19920884648943,206.3890500899196,200.57033704121068,202.25994873046875,12485400
2024-05-29,198.0549031537335,199.9628461257636,196.2039255930738,197.68470764160156,12552500
2024-05-30,198.2469874881657,199.55274424228068,194.26299250885688,195.19703674316406,12245300
2024-05-31,198.24700752380554,199.24777657621829,189.39261632720903,194.4822235107422,15064900
2024-06-03,199.73388377407733,201.0872992757941,192.91914781996724,196.25503540039062,12419500
2024-06-04,196.25499933766298,196.5599871550204,192.20427944862948,194.78720092773438,6629100
2024-06-05,197.22718072997156,202.53601405565664,195.74033043606977,201.96414184570312,11626300
2024-06-06,201.96415100782008,202.2882196979295,198.99997615649707,199.6195068359375,7597200
2024-06-07,199.89587611971567,199.9626008405214,195.282824443332,196.93170166015625,5714400
2024-06-10,195.66406547592254,200.7060286117443,194.9682988214258,199.53370666503906,6465100
2024-06-11,197.4368585696406,199.62901589824074,195.1779910603482,198.7426300048828,8197500
2024-06-12,202.5360077031417,205.5097081976756,200.9919731453359,205.29049682617188,9502800
2024-06-13,206.2150382477747,208.1212597089139,203.02211148304022,207.5970458984375,10102800
2024-06-14,207.43499003999028,207.8257688757031,203.63207351703903,205.23330688476562,6438200
2024-06-17,206.910799870905,212.2291593606146,203.39381903550714,211.80026245117188,12109100
2024-06-18,216.18454988567848,219.81589888785348,215.40299222513318,216.44187927246094,22037500
2024-06-20,213.68741245346115,215.30769770766886,202.8600745010161,205.36676025390625,18701200
2024-06-21,201.8306912351921,205.36673788692565,199.59089009762536,202.56459045410156,22286500
2024-06-24,197.20811781735304,197.32248643553964,190.8508718579409,191.4227294921875,16087700
2024-06-25,193.61490243170655,193.62442830288757,189.83105187883825,192.6903839111328,11974900
2024-06-26,190.91758179765046,191.71819121057828,186.52374135363286,188.0773162841797,10023800
2024-06-27,187.63890915254814,189.25920906612043,184.75098473652736,185.9995574951172,11936600
2024-06-28,186.80969122362959,194.37739226645596,186.43797864425395,189.840576171875,15547500
2024-07-01,190.11697145356592,191.26070125833442,186.88592711985532,190.6507110595703,6800600
2024-07-02,188.95419800031803,191.07963080859687,187.84858608782721,190.77464294433594,5632900
2024-07-03,193.1764744910959,195.25426343120387,191.0415157778141,194.2534942626953,4996200
2024-07-05,196.19781015730288,197.05560382458302,194.41548356094836,196.1024932861328,6375200
2024-07-08,197.52266526332772,200.57261657242552,196.48376355498354,198.14218139648438,6920400
2024-07-09,196.79827395374195,198.77121988994492,195.06362021247256,197.40826416015625,5272600
2024-07-10,198.95230665922753,199.42886194672306,196.87451804322413,199.00949096679688,5159400
2024-07-11,200.17232148241766,200.27716424544317,190.40293640739876,190.47918701171875,8602200
2024-07-12,192.2043018981386,196.4170493295858,190.86041235817987,192.9381866455078,7217200
2024-07-15,193.48144288427918,199.42885798981223,193.28128326844464,198.41854858398438,7463700
2024-07-16,200.1532400507258,201.19212718726024,196.93172134271535,199.81011962890625,5998500
2024-07-17,190.36479253204277,190.62213648843033,181.62476931924604,182.6160125732422,16156200
2024-07-18,184.69378364489899,184.8081522709279,178.18403605265237,182.48257446289062,9960600
2024-07-19,182.7017869135791,184.03613603611086,177.0498330700871,177.47874450683594,9195700
2024-07-22,182.04413716428041,186.3331351602975,180.18557427466928,185.82798767089844,7590000
2024-07-23,185.09408613573999,187.03844001455107,183.14020638598015,184.28395080566406,5796700
2024-07-24,180.46197253745538,180.71931649300763,172.21757097841652,172.5797576904297,13295300
2024-07-25,171.19773064568938,171.78866913933936,165.14548673192664,167.16607666015625,12700100
2024-07-26,170.6163312482853,172.79896276859895,169.2438641364933,171.60757446289062,6567800
2024-07-29,172.9895686906457,174.0761141601933,169.5107209227321,170.263671875,6051600
2024-07-30,170.9308717063489,170.98805602217416,158.95027761155671,159.1123046875,15338900
2024-07-31,167.34717801579453,172.58928685215562,165.2789295473735,172.4653778076172,19222200
2024-08-01,163.70625176112077,168.67196378985238,153.76531637770623,156.31011962890625,24795000
2024-08-02,152.9933122994799,156.55793651263104,150.14350646832412,151.8400421142578,16618900
2024-08-05,146.0832872177788,155.18549769505265,144.2914343724007,150.54383850097656,12733900
2024-08-06,150.99178911287262,155.95750205384837,149.16181838964786,151.27772521972656,9301000
2024-08-07,155.90983302669355,156.6151401032713,148.20869766641778,148.79962158203125,9266900
2024-08-08,153.20300392673198,157.82558163630446,150.46756660015308,157.21559143066406,9590900
2024-08-09,156.3768748378004,158.11152869722932,154.38486248164998,156.76763916015625,4824600
2024-08-12,153.0314326072006,155.7287372974878,150.03866596363935,155.25218200683594,8548000
2024-08-13,156.596085963943,161.60944285172633,155.62390900857457,161.52366638183594,11102100
2024-08-14,162.6388159386937,163.22973994307614,156.99640210840562,159.3124542236328,7208200
2024-08-15,163.69676146851984,166.45125078864473,162.6102158605924,165.2122039794922,10752100
2024-08-16,164.21142539349594,165.25032704165463,162.62927278760898,164.10658264160156,5435700
2024-08-19,163.52520998197258,166.14626441021323,160.82790495243984,166.0890655517578,6708100
2024-08-20,165.70783023332493,167.2042065000486,163.1248937850552,164.03988647460938,6222400
2024-08-21,164.87864214630844,166.67048055670944,164.01130782991817,166.05096435546875,6309500
2024-08-22,166.12720391224,166.4035996261532,160.48479010986946,161.07571411132812,6743500
2024-08-23,163.70628252529247,166.43217960793407,162.62927736368792,165.3647003173828,6823600
2024-08-26,163.90645036261066,164.29722924506103,160.6277471852699,161.54273986816406,7437600
2024-08-27,161.23771962086278,166.26061659125352,160.37992589199533,165.77452087402344,6498800
2024-08-28,166.20343722510978,167.48060198592137,161.6761617077716,163.7920684814453,6534600
2024-08-29,165.28845798682403,168.0906058080005,161.0089856528752,161.54273986816406,12514200
2024-08-30,164.21143451979032,167.23280820776037,162.79130889821198,167.08030700683594,11110800
2024-09-03,163.83020213469442,164.0875461028809,154.40393763488964,155.58580017089844,11620300
2024-09-04,155.35703969343243,160.35134485536676,155.00439339829578,157.57778930664062,6737000
2024-09-05,156.23652767183412,158.84238701212314,155.05814737158752,156.83050537109375,5600000
2024-09-06,155.91079430958027,156.34190761466292,150.536211406092,151.55172729492188,10703000
2024-09-09,154.3300319682269,155.55631700776362,151.91579151952882,154.02346801757812,7494900
2024-09-10,153.28580030313728,155.25935264308447,151.0631491818747,154.89529418945312,7918100
2024-09-11,155.54676165386556,159.89623967144092,152.56726841745763,159.5705108642578,8275400
2024-09-12,158.91903448230906,159.33098299242573,156.06407635140891,158.05679321289062,6039200
2024-09-13,158.8519634330682,161.23747858518357,158.49749475390962,160.69139099121094,4049900
2024-09-16,158.00888471753396,160.31775519425588,156.91672416374604,159.61839294433594,6510000
2024-09-17,161.79315113162627,162.38712887200825,159.11064696402858,161.62069702148438,5828000
2024-09-18,162.40630844082114,165.18460770556138,160.6626754570315,161.2375030517578,5877600
2024-09-19,167.1006611345428,169.3807918167837,165.2516584084019,166.62164306640625,10900000
2024-09-20,165.44328269680554,165.80734115047687,157.40535912726594,161.83148193359375,27546400
2024-09-23,161.35242695926348,162.84696083211824,158.41126393890846,158.99566650390625,9810000
2024-09-24,160.3944157480123,162.25300827902566,159.0148413077355,159.9441375732422,9666800
2024-09-25,159.30224311387207,161.51530418780183,158.80406024377368,161.208740234375,5095500
2024-09-26,167.57010153726904,168.37484837097892,159.7812631907605,165.41452026367188,8475000
2024-09-27,165.74026668125606,166.17138005817753,162.70329360668907,162.99070739746094,5880700
2024-09-30,164.1786627116299,165.00257444741627,160.71057626536455,162.9140625,8099700
2024-10-01,162.6745518561039,163.14398024455053,157.19458354944481,158.8232421875,8277600
2024-10-02,159.17771657084592,162.6266529069841,158.2196803239712,161.2566680908203,4484600
2024-10-03,158.98611309567642,162.41588463205255,158.7082890147246,161.83148193359375,6260200
2024-10-04,165.30914239210304,165.54865143219055,159.49385588191154,161.8123016357422,6586500
2024-10-07,160.60517742593333,161.63985820813562,158.78491461297662,159.93455505371094,4359300
2024-10-08,157.94183657651155,160.6818204861107,156.79219614711755,159.35972595214844,7843500
2024-10-09,158.98610097824204,163.1535642041992,157.7598158386238,163.07691955566406,5486500
2024-10-10,160.2123977580558,161.66861694908073,158.39213473312944,161.44827270507812,5048000
2024-10-11,160.95010749286635,163.27812881652034,159.8675217347941,162.84701538085938,3801400
2024-10-14,164.14990189718438,171.3639125620962,163.72836367414786,170.56874084472656,9933600
2024-10-15,169.78315777466915,172.28363256513842,165.5007352643428,166.7845001220703,12910400
2024-10-16,167.29229095926527,167.34019569708127,163.0769371639816,164.2840576171875,6495700
2024-10-17,168.25031122806053,168.25031122806053,163.84335351942926,163.9199981689453,6093200
2024-10-18,164.8875933714703,165.33787150689858,162.31047392952092,163.74752807617188,6432700
2024-10-21,162.52126158015298,163.0290196004146,159.10107992257056,161.91769409179688,7297700
2024-10-22,161.91769521095566,166.20011825557114,161.17042813376514,165.91270446777344,7313000
2024-10-23,162.23385084322467,165.39537330961716,157.4053547010503,159.6088409423828,9788200
2024-10-24,159.61841917152276,161.85064537389513,158.5837382739549,161.0458984375,4933400
2024-10-25,163.13440725292187,165.9127064585335,162.68412905761292,163.1248321533203,5496600
2024-10-28,162.3104618996177,165.88393218626442,162.26255717458574,164.9929656982422,5024600
2024-10-29,164.9738242823104,169.16045225359267,164.07326795047663,168.61436462402344,6427700
2024-10-30,162.7895153172026,164.53314828198614,160.49980930000714,160.58602905273438,8819700
2024-10-31,160.58604255524347,160.73933187418496,155.2785277985421,155.9395751953125,10261200
2024-11-01,156.2365239137131,159.11063212120936,155.93953507122706,158.33462524414062,6498100
2024-11-04,158.13345341942235,160.47106409504605,156.77304376459446,158.2484130859375,4949800
2024-11-05,158.07596800096533,160.55727817206238,157.3574408736882,158.94778442382812,5373200
2024-11-06,162.14760690435705,170.9615359364685,161.591944222492,165.7306671142578,17661900
2024-11-07,172.70518426354175,174.45839220687347,164.42775234885204,165.65403747558594,23586300
2024-11-08,164.86845181217967,166.20971130933026,161.66861430271058,163.73797607421875,10736600
2024-11-11,162.86613818974303,163.62298028214465,159.12021350294592,161.22789001464844,7829500
2024-11-12,160.03997074866987,160.30821974974563,155.0677598912368,156.55271911621094,8483300
2024-11-13,155.95869710630038,156.10241129866688,153.0462736670793,153.6881561279297,7921700
2024-11-14,156.1119714986412,157.98972858966815,155.0772908099288,157.08917236328125,7012600
2024-11-15,156.15989138404157,157.43408120906042,152.90257434366484,153.76480102539062,9737000
2024-11-18,155.77669141949423,158.2100969268077,155.20186385412708,157.59695434570312,7814200
2024-11-19,157.14665409687026,159.25433050979737,155.8245596532611,157.79812622070312,6176800
2024-11-20,157.11795378922298,157.30955812624677,146.5316497108275,147.7962646484375,14483000
2024-11-21,148.64888080965517,150.35418385257879,147.14475715600852,148.93629455566406,10685800
2024-11-22,148.294422523311,150.2967293663878,147.27890645220938,150.2104949951172,5709300
2024-11-25,152.27027888215696,152.9504764108348,150.62245541713173,152.1553192138672,9189800
2024-11-26,153.04627342491136,154.69409675583412,149.5398576427056,150.3446044921875,9489900
2024-11-27,150.3445804133654,151.0343674934385,147.9782449746193,149.83682250976562,6337900
2024-11-29,151.47509848912662,154.74200531710926,151.13020488531507,151.87747192382812,6112000
2024-12-02,151.733766991968,156.51435792625338,151.733766991968,156.18862915039062,9812700
2024-12-03,154.72284176313062,156.98380771357222,154.55040226905368,155.7575225830078,6961400
2024-12-04,157.57780224706275,158.07598520269227,155.43181034922495,156.4856414794922,6721600
2024-12-05,156.5819284058286,158.3731977887223,154.02021789250725,154.46322631835938,7279800
2024-12-06,154.4632092757074,154.4632092757074,151.4296151096034,153.61572265625,9918400
2024-12-09,151.66074805426885,156.90935509318402,151.65112286742422,154.80029296875,9481200
2024-12-10,154.8291848270695,155.52258035554777,150.27395856735535,150.67845153808594,8683600
2024-12-11,151.477755210331,154.5306291280397,151.16958761019492,153.9239044189453,7081800
2024-12-12,152.80677312521567,153.56758901910837,151.1214396906971,152.39266967773438,5796100
2024-12-13,152.39267392564307,153.77945027523796,150.83252665306844,152.6719512939453,8886700
2024-12-16,152.31563002479587,152.84530920666427,148.3286130752784,152.05560302734375,9951100
2024-12-17,150.70733678573254,154.06836378533762,150.70733678573254,152.08448791503906,7187400
2024-12-18,152.40230010911952,155.20477247203536,146.69143424233096,147.3944549560547,10295200
2024-12-19,148.33824476768694,149.7250358883274,144.51494399853942,144.84237670898438,8414800
2024-12-20,144.05268596394444,148.85829958518912,143.90821998271838,147.24037170410156,17347100
2024-12-23,149.90800490802258,152.82603819333661,148.8390213989017,152.39266967773438,8863200
2024-12-24,152.77788743532645,153.5097984014357,151.718529081143,153.47128295898438,2839600
2024-12-26,151.58370268636884,153.66388925317383,151.53556205713664,152.6719512939453,3846900
2024-12-27,151.38147114059254,151.92077550434595,149.7731832362058,151.42962646484375,7232500
2024-12-30,149.49389506862974,150.36064684291574,148.11674386779242,148.867919921875,5356000
2024-12-31,149.0027482901128,150.08135706219,147.54855148526283,147.94338989257812,4423300
2025-01-02,149.2820325119709,151.6896519849428,147.14406524437638,147.96266174316406,5009100
2025-01-03,149.67685451811295,152.58526235145916,148.7812273139194,151.997802734375,5885800
2025-01-06,153.44240257458603,159.54812189436328,153.44240257458603,153.9431915283203,9599800
2025-01-07,156.0137157992627,157.4101319214408,153.3653348211888,154.58840942382812,7666000
2025-01-08,154.13580243362998,154.27062853704905,151.14072320523036,153.20164489746094,7731900
2025-01-10,151.8726252830068,152.431194734217,149.80207852510998,151.17922973632812,6236800
2025-01-13,149.48426012072386,151.5548067278139,149.07978186377824,151.3236846923828,5714700
2025-01-14,154.2224541767265,155.06030095208436,150.77474173482102,153.63499450683594,6476500
2025-01-15,156.11003325302863,159.33623413197026,156.10039337156203,158.3346710205078,9284000
2025-01-16,159.23994261964515,159.71182658653908,155.32033143823168,155.46478271484375,7188900
2025-01-17,159.2688628078815,159.49035970529528,157.07311482105996,158.47915649414062,8097500
2025-01-21,159.86591459183356,162.44687531600937,159.23993947893848,161.0889892578125,7380500
2025-01-22,162.1001843204683,165.73086330936127,161.97498342604416,163.94923400878906,7281700
2025-01-23,164.08408148920063,167.93627251600702,163.121033732499,167.91700744628906,7172300
2025-01-24,168.62965519180096,168.72595114314782,165.58642098636463,165.75013732910156,5825800
2025-01-27,165.74050897056,165.83680492006397,161.0986121731983,164.8544921875,15632600
2025-01-28,163.92997552428608,167.07914551902599,163.5351224528934,165.21083068847656,8720200
2025-01-29,165.210838038414,167.07915295208144,163.92998281724053,165.36492919921875,5118900
2025-01-30,165.97163530610166,167.12728959468365,164.65226467367353,165.5767822265625,6010600
2025-01-31,166.13536240579904,170.2572056087254,165.9234907247656,166.5398406982422,7800500
2025-02-03,162.63948864269426,166.2027619387793,161.84978253162004,163.94923400878906,7447100
2025-02-04,162.2735371283547,167.36805298548242,162.2735371283547,166.64576721191406,5457900
2025-02-05,166.6072552045043,170.45944607628473,163.62180140089765,169.361572265625,15197800
2025-02-06,161.6379264687909,163.22696403035042,159.28808767104866,163.06324768066406,16293500
2025-02-07,163.55438871594782,164.97006997645306,159.92369485979248,161.7534942626953,7841700
2025-02-10,163.4580900185026,165.45160590878908,162.7550692776269,165.02786254882812,6237700
2025-02-11,163.38103968839093,166.31833817101284,162.86100038578442,165.63458251953125,6588100
2025-02-12,163.28476002728294,164.6137560198694,162.02316974039863,163.99740600585938,5505700
2025-02-13,163.90110039372254,165.99091226657302,163.20770483190807,165.78866577148438,6362200
2025-02-14,166.2220603437847,166.43393204071552,164.71969339419974,165.86572265625,4691300
2025-02-18,166.85765469137883,167.30066314025154,164.9123087372651,167.22361755371094,7292600
2025-02-19,167.56069456038247,169.9779392849635,166.94434454680697,168.7452392578125,6849600
2025-02-20,169.49638458052343,169.87197257219398,166.5109310195947,167.2813720703125,6316400
2025-02-21,168.51407911836498,168.94744763585643,159.10511385470687,159.3169708251953,12531900
2025-02-24,159.77924492820765,160.43411030036634,155.04105208190262,155.14698791503906,9827800
2025-02-25,155.6862860402061,157.29457384626397,153.54831908965232,155.26254272460938,8244900
2025-02-26,155.85000414587248,158.07464188306804,154.98325243732884,156.1100311279297,9161900
2025-02-27,156.34116442461973,157.21754138269682,148.4056605614291,148.73309326171875,10807200
2025-02-28,149.36871193323194,151.49703923199525,147.73151900194634,151.36221313476562,10149500
2025-03-03,153.1149662760707,154.16468479139172,146.88404618998587,147.94338989257812,9601900
2025-03-04,149.53243145529802,151.39110659897915,145.75728595794794,148.7523651123047,8956800
2025-03-05,149.3109266540565,153.26905375838226,147.37520583761292,152.63345336914062,6786900
2025-03-06,149.21553159812052,152.86580211537765,149.1961626529666,151.084228515625,7808100
2025-03-07,150.29028856241789,156.68068164327286,150.29028856241789,156.0997314453125,8727600
2025-03-10,152.35263162164628,154.20195954236618,147.76316684393586,150.05789184570312,10139900
2025-03-11,149.93203054857725,151.26819224254248,146.06874606739902,148.23760986328125,8692900
2025-03-12,149.3123661335121,150.90995696461206,147.09508723187326,147.9471435546875,7117400
2025-03-13,147.75349841886475,150.68726579723767,145.64272655759004,147.1144561767578,5861700
2025-03-14,148.682995987173,151.96533040799306,148.66362704207452,151.60708618164062,5309400
2025-03-17,150.65823729474536,153.67914311920254,150.5033152590864,152.93359375,5781000
2025-03-18,152.93357664358967,154.65704346852604,150.9680497053288,151.3262939453125,6898400
2025-03-19,151.4618522670147,155.41227522628157,150.13536752776105,153.23373413085938,5871000
2025-03-20,152.98200873291572,154.06643343417144,151.54901683851662,152.93359375,5089300
2025-03-21,150.05790384656777,152.42041295633456,148.6830041525937,151.8394775390625,10949300
2025-03-24,154.9184801491335,155.88672065006557,153.7565945028505,154.99594116210938,6033400
2025-03-25,154.8023063877677,156.3418053415861,154.35690922686132,155.063720703125,3978200
2025-03-26,154.3859671140844,155.70277497563,151.86855031425108,153.35963439941406,5960300
2025-03-27,153.18535548035655,154.19231922773548,150.80347704690612,152.95297241210938,6102000
2025-03-28,151.93631275398113,152.6334471659649,146.74654256153494,147.8697052001953,8918000
2025-03-31,146.02035358480927,148.96381310219218,143.18341589205284,148.73143005371094,8613600
2025-04-01,147.55018191232165,148.4506533374503,145.48782474195693,148.18922424316406,5708900
2025-04-02,146.00095857715655,150.52265409659068,145.59429939553362,149.1864776611328,5377200
2025-04-03,142.3313611021701,142.71865141318492,134.15940848182322,134.99209594726562,16465000
2025-04-04,130.0734339561612,131.54516375172966,122.65671506955539,123.41194152832031,19018600
2025-04-07,120.63308020462232,132.84259348595668,116.96345521465838,125.60015869140625,17938300
2025-04-08,126.9653840419311,130.99325337442718,117.87359876826577,120.70086669921875,14965900
2025-04-09,121.1849827632867,140.2593173810338,120.24578831001214,139.02964782714844,21242600
2025-04-10,132.6586393192955,134.64353550461013,125.1838207035581,130.13153076171875,14898800
2025-04-11,129.7442510800045,136.1830456903475,126.9460361066343,134.8275146484375,10955300
2025-04-14,138.21632764398336,138.56489480554123,132.484345811614,134.76939392089844,6930300
2025-04-15,135.03080741968745,136.36696907314982,133.64621601910216,134.1981201171875,6346800
2025-04-16,129.4343975306805,132.9491156693911,127.60442337047981,131.42898559570312,10417200
2025-04-17,133.01686691517165,133.76240136354426,131.3999072682662,132.31973266601562,7135900
2025-04-21,130.45106128963113,132.2132664000608,129.12457629990294,131.8162841796875,8128300
2025-04-22,132.40689051318867,134.6822616346038,132.15515329782738,134.3336944580078,8228000
2025-04-23,138.0517498666665,139.31046563200803,135.34067316612615,135.99908447265625,9073500
2025-04-24,138.2453999481965,143.12534113738275,137.48049632912142,142.5347137451172,8810600
2025-04-25,141.44057973344133,144.46148548788454,141.44057973344133,143.84181213378906,5145600
2025-04-28,143.47385287566604,144.55829215117387,140.82088368145355,142.931640625,5743500
2025-04-29,142.0021653363336,143.5513413815827,140.89837167909943,142.21517944335938,6692000
2025-04-30,140.58850662045012,144.12259303281954,139.31043694324654,143.74497985839844,10851900
2025-05-01,134.38212124998532,134.54673517148632,130.58661945070997,130.91583251953125,22836600
2025-05-02,133.47196204804604,136.91889594716355,132.92973494468262,135.3697052001953,13185600
2025-05-05,133.90766575792668,136.29922100438466,133.8979738973334,135.01145935058594,7165300
2025-05-06,133.44292078531691,136.328273511174,133.0943535934955,135.45684814453125,6957900
2025-05-07,135.92160120097904,140.10439232710058,135.7957252127956,139.71710205078125,10196400
2025-05-08,141.0145425760507,142.81547045547327,139.32012174013832,140.49169921875,8489100
2025-05-09,141.0339189231062,142.31198873811732,140.0075863267938,140.56915283203125,6217100
2025-05-12,149.18649997097592,149.45760613259998,145.0714777919662,147.2887420654297,11414600
2025-05-13,147.18224296521123,148.42158970646236,146.16560219131605,146.5335235595703,10160900
2025-05-14,147.10475879649277,148.4022121777664,145.6523981775752,148.1214141845703,6971200
2025-05-15,146.89178822046762,148.51842534011544,145.41036650725957,147.76319885253906,6941200
2025-05-16,148.01492150577366,148.19888956588312,146.49479159309118,147.65667724609375,6668000
2025-05-19,145.76860615910178,148.93475664245358,145.34257798713062,148.8185577392578,7241100
2025-05-20,148.17952745457993,149.00253783276887,147.10477985178392,148.9347686767578,5269500
2025-05-21,148.70238094398331,151.1713972266367,146.03971951202294,146.5044708251953,9684500
2025-05-22,146.58190552663035,146.7658735564099,142.5443450529472,142.6895751953125,9539100
2025-05-23,138.865059384004,141.83756499570242,137.2674683691956,140.7628173828125,8994600
2025-05-27,142.86389015149743,144.60672602367617,141.77945073426525,143.9095916748047,9788800
2025-05-28,144.09356236449892,144.74228174488906,142.67992469400158,142.9123077392578,7032300
2025-05-29,145.10051379402705,145.72018708835265,142.56372855384677,143.6287841796875,5980700
2025-05-30,143.29959256300057,143.31896150957604,138.92314141011764,140.58851623535156,13755600
2025-06-02,140.20123206622736,142.53469529544483,139.89138800420997,141.97311401367188,6419500
2025-06-03,142.05056003282084,145.02305047133015,140.8886596970962,144.20973205566406,6164100
2025-06-04,145.23604849684295,145.28446346784355,142.69926357750072,144.31622314453125,7143800
2025-06-05,144.93964724301125,146.1864386928625,143.1863421219934,143.7318115234375,5605500
2025-06-06,145.91369446347935,146.68319270535292,145.18315194933936,145.36822509765625,5794700
2025-06-09,147.8715335234338,152.06971518947017,147.2481378793831,151.37814331054688,10589400
2025-06-10,152.13793384038058,155.37179468490177,151.04699498144726,155.0016632080078,9068400
2025-06-11,155.84907346483308,157.9335542279082,153.60874006119093,155.34255981445312,8859900
2025-06-12,154.875014169906,155.46918934708745,153.85225166978375,154.58279418945312,5689400
2025-06-13,152.28402179451984,153.09249064376206,150.4333199989515,150.7060546875,8446400
2025-06-16,152.95613035715877,154.33928915945484,151.60219206834648,152.80027770996094,8686300
2025-06-17,152.58597625561012,153.49185671619696,150.3846134621602,150.4528045654297,7146900
2025-06-18,150.97880117946474,152.0502695846188,149.1767901879584,149.64434814453125,6708700
2025-06-20,150.22875009323553,151.0956599006301,146.72215513808962,147.39425659179688,15501900
2025-06-23,147.3066012241133,149.53719955154017,145.796810257427,149.16705322265625,6860700
2025-06-24,150.71579334403768,152.2450695410218,150.1508386583132,151.67037963867188,7692700
2025-06-25,152.05026153699387,152.46909879679626,150.57942636204558,151.88465881347656,5280100
2025-06-26,152.43987088049354,154.310057928192,151.86518100465963,154.08602905273438,6278200
2025-06-27,154.53410301764055,156.92055403158056,153.48213476906272,154.4269561767578,22100300
2025-06-30,154.28085597966333,155.71272066490334,153.70616603468324,155.12828063964844,7988200
2025-07-01,154.11525339844746,157.45626076985732,153.88147443807188,155.26463317871094,8942300
2025-07-02,155.53737783735508,158.56669498536382,154.6802179868872,158.10890197753906,8916400
2025-07-03,158.8101934613476,159.70633868008002,157.88484259437806,158.00173950195312,4280800
2025-07-07,156.9302722779913,157.30041857245354,153.48211817116677,153.98861694335938,7187400
2025-07-08,155.33282452919215,157.63159895629695,154.4951351651728,155.31333923339844,6879100
2025-07-09,155.26463332787742,157.29067306430142,154.144474058719,155.2159423828125,4190100
2025-07-10,154.86528024960418,156.13154207062053,153.69640031801106,154.96267700195312,5674400
2025-07-11,154.87502561947278,155.040613485955,153.07301465923277,153.37498474121094,5907700
2025-07-14,152.36194644416358,152.43987276331254,149.49821738287415,150.28720092773438,7382600
2025-07-15,152.2353146083709,152.64443150041546,150.121613359794,150.2969512939453,6467300
2025-07-16,150.29695063059336,150.49175899651505,147.6085446469269,150.0729217529297,7106700
2025-07-17,149.0306841538661,149.54693304719504,147.86181901544072,148.6508026123047,7018600
2025-07-18,149.0696169201293,151.39761162141056,148.7676617493698,150.78396606445312,7433900
2025-07-21,150.90086207295928,155.78088078582988,150.89112685661948,154.84579467773438,7662300
2025-07-22,154.83607161307518,154.9139830757596,152.11844488549067,153.8912353515625,6951600
2025-07-23,154.4756515023888,155.88803077238362,152.85871378171223,155.73219299316406,7296200
2025-07-24,154.24189893037374,154.96269144404957,152.72235785027078,154.71917724609375,5014800
2025-07-25,154.7776014631263,155.06982144151686,153.32626651323147,154.2905731201172,4808200
2025-07-28,155.61529990897188,157.75823663388468,155.03087478093542,156.87184143066406,9627300
2025-07-29,157.83615147651906,159.35569251300228,156.9595063342139,157.8751220703125,9460900
2025-07-30,158.77124219936846,159.03424167015226,153.90095869632034,154.93345642089844,14382500
2025-07-31,149.13784252797086,152.73211462542045,141.80319575306473,142.95257568359375,24440100
2025-08-01,142.66034512231556,145.30003035062006,142.00771408001395,144.345458984375,12706700
2025-08-04,144.6571622162207,146.87801041141978,143.2545329847211,143.68310546875,8150200
2025-08-05,144.66690993498696,144.79352720330175,141.89084230483064,142.90386962890625,7794500
2025-08-06,142.84539521535206,142.90385109652368,140.3712979776932,142.05641174316406,8475700
2025-08-07,144.47208297174805,144.47208297174805,141.05313477157347,142.11485290527344,6753500
2025-08-08,142.55321118023,144.1798841677246,141.91033015870235,143.7318115234375,5028700
2025-08-11,144.71560448944354,147.14099605016435,143.87791517092097,144.13116455078125,6215900
2025-08-12,144.92988734358588,149.90731758890956,144.71560854718817,149.74172973632812,9304100
2025-08-13,149.97551819879862,153.03405578321681,149.64434247264043,152.5275421142578,7103300
2025-08-14,150.88137375671155,154.5340863059824,150.88137375671155,153.98861694335938,6294800
2025-08-15,153.93992585571095,155.1282763077316,152.6249581299984,153.75486755371094,7583700
2025-08-18,153.68666440532414,155.60555728672026,153.16068032883098,154.77760314941406,4774400
2025-08-19,154.94319695842265,155.29384308063985,152.00154174211622,152.19635009765625,6396500
2025-08-20,152.33273006312263,152.57624424346926,149.4787510036646,151.40737915039062,7151700
2025-08-21,150.80346441157627,151.17359584829157,149.07937990257983,150.13136291503906,4997300
2025-08-22,150.81319720643563,155.7419216180065,150.55019774181207,153.9106903076172,7711500
2025-08-25,153.52106826103335,153.94965556247715,151.36839653802681,152.3619384765625,4653000
2025-08-26,153.56978336677366,155.81011675632726,153.32626919101622,155.0406036376953,9173000
2025-08-27,154.25162223882748,155.81985414710647,153.70615285558713,155.6250457763672,4549900
2025-08-28,155.76141651386195,157.03742846235403,154.90424182843313,156.62832641601562,8156300
2025-08-29,155.39126977803593,157.4075743541125,155.26463764632302,156.5601348876953,9949100
2025-09-02,153.72563472134172,154.81657346347944,150.58917097477007,154.6607208251953,7520300
2025-09-03,155.2646261063202,155.4302288183716,152.01128041964571,153.1996307373047,6336400
2025-09-04,153.0135140556568,156.5988535738227,151.31881027368593,156.45191955566406,7781200
2025-09-05,156.8143635220912,160.15480297589653,155.90332778582194,156.57925415039062,7954200
2025-09-08,157.02006789253562,157.02006789253562,154.7865812239011,156.97109985351562,7019700
2025-09-09,157.09841662941963,158.30333515702662,154.35554912146927,155.42330932617188,6126000
2025-09-10,155.38412770782386,155.96210299536466,153.41513733614042,155.7073974609375,8256900
2025-09-11,155.9425304162001,158.76378327221474,154.73762657040643,158.21519470214844,8360200
2025-09-12,158.03887126010372,159.01847126919318,156.32457124419716,158.52867126464844,5430600
2025-09-15,158.10742738517789,159.36131413675108,156.94171599001135,157.9311065673828,5604800
2025-09-16,158.51887032343413,161.63399097468746,158.2053911661335,160.79153442382812,7997500
2025-09-17,161.32051735231934,162.97604370828105,159.90010037239975,161.88868713378906,6057800
2025-09-18,163.4756495602739,165.41525333673178,162.83890060432157,164.7001495361328,10421200
2025-09-19,165.71892266884845,166.12056223798288,162.89767001396532,163.44625854492188,19444400
2025-09-22,163.44625859862987,166.74750566635979,162.53522286706237,166.25770568847656,6196600
2025-09-23,166.35567133671222,167.36465809337156,164.86667522156574,166.0715789794922,5468400
2025-09-24,165.6013676685752,170.88141058218153,165.22911491981174,170.0095672607422,9213700
2025-09-25,167.71730747613634,168.4617980280011,164.51401157924886,166.218505859375,8093700
2025-09-26,166.21851005865463,167.4430099793396,164.7001421150123,165.74830627441406,4846000
2025-09-29,165.74828984004014,166.37523313936742,161.39886416142264,161.9278564453125,7523100
2025-09-30,162.26093440191482,163.43645134721004,161.51644382431326,162.96624755859375,5593300
2025-10-01,162.41768626566264,163.36789948063037,161.134412631379,163.09361267089844,6153000
2025-10-02,164.32789062543773,166.08136794850122,163.7695114824874,165.40545654296875,5499500
2025-10-03,165.40545915639996,168.24629306021802,165.29770256294427,165.7287139892578,5137900
2025-10-06,167.0609600151975,167.39403534059818,164.29849607575375,165.1801300048828,8265800
2025-10-07,166.4340210915591,168.47159072697156,161.7711308348995,162.08460998535156,7147500
2025-10-08,162.8487016700898,165.1115751713394,160.54663580009054,164.3474884033203,7302200
2025-10-09,163.95564039662807,164.1907497679516,159.9000971632295,162.28053283691406,6928400
2025-10-10,161.45767507463913,161.72215630571569,150.22166216417327,150.45675659179688,15818600
2025-10-13,152.76860591409323,159.07723184746538,152.6020757198904,158.47967529296875,10311000
2025-10-14,156.05027964113083,160.9188927324658,156.01108727136634,158.4405059814453,8675200
2025-10-15,160.88952784664428,160.88952784664428,157.03969163208754,159.6454315185547,7334100
2025-10-16,161.13439712521298,161.82011408355538,158.9009104908929,160.73275756835938,5686700
2025-10-17,159.53765543633693,160.44867625489928,158.3719290532228,160.11561584472656,4833100
2025-10-20,160.0078382283503,164.22991125138043,158.75395159799587,163.63235473632812,8194100
2025-10-21,163.39729259549495,165.78751912761598,162.80952658193675,165.38587951660156,6176100
2025-10-22,164.07320774444437,166.316485145163,162.63319456300798,165.81689453125,10083800
2025-10-23,164.89606910485716,167.7564992992067,164.4552520962006,166.56138610839844,6546400
2025-10-24,168.18752175185594,168.90262554682582,165.03320864307238,165.49362182617188,6256000
2025-10-27,165.5034285267604,201.74863104881848,165.37609068220644,183.85133361816406,81799300
2025-10-28,180.1778089311204,182.11742756528744,175.7500279856185,177.33697509765625,20323100
2025-10-29,178.2872010382843,179.7468104278881,174.56471802710388,175.02513122558594,11614600
2025-10-30,175.03492058525134,176.21045254164767,173.57532615365844,173.64389038085938,7862900
2025-10-31,174.87818752391894,178.43412518349348,173.22266121431244,177.20962524414062,9452800
2025-11-03,179.21782915807782,179.707629191277,175.43657230387973,177.0333251953125,8535100
2025-11-04,173.85939969076887,175.68145624545025,168.7752734197623,169.31405639648438,12323600
2025-11-05,171.19488842292148,179.68801852027605,170.7638769843584,176.0537109375,18845500
2025-11-06,174.1728835220795,174.86839115360073,166.5907741177918,169.66671752929688,16184700
2025-11-07,169.20629947772645,170.69529562486434,164.81769577551464,167.40383911132812,10614700
2025-11-10,170.21528822050425,171.2340805767546,166.04219766040805,168.06997680664062,10129300
2025-11-11,167.511597618408,172.39000136374668,167.511597618408,170.43080139160156,8419100
2025-11-12,171.43000299268152,173.80063324036482,171.3124557738326,173.06593322753906,8785800
2025-11-13,173.0267535987014,175.1818706193568,169.5001876030763,170.94020080566406,9526100
2025-11-14,168.27568441174384,172.10592394468983,167.9034316338332,170.43080139160156,7949900
2025-11-17,169.2748800041196,171.27325739197133,161.8005273527364,163.34829711914062,10211100
2025-11-18,161.52623408553293,163.38746799917612,158.0976342832889,161.69276428222656,11073200
2025-11-19,161.33031389558556,164.0927779089108,160.7621441458926,162.72134399414062,8176500
2025-11-20,163.72057445168673,165.43487467857506,155.6094865739818,156.33438110351562,12075400
2025-11-21,157.47069086151794,161.8984867898628,155.8543569343224,159.9686737060547,10815000
2025-11-24,161.0168379296113,163.5344169592062,160.380103945341,161.69276428222656,12070100
2025-11-25,160.64460005843029,161.60460381741575,158.56783801464417,159.9686737060547,7758100
2025-11-26,160.7719221346451,162.85847459232357,159.82170908708778,161.7711181640625,7967700
2025-11-28,161.66339127453264,164.75893094753317,160.7817572291575,164.6609649658203,5068800
2025-12-01,162.52543126528843,165.58177832558505,162.12379169845204,164.61196899414062,6818300
2025-12-02,165.3075105289669,167.6781408862588,164.22015386180925,167.2177276611328,9159100
2025-12-03,167.41363573693903,171.51816217061085,166.87486768942463,171.4985809326172,7624300
2025-12-04,171.6462582754895,172.23701249114464,170.56318634429294,171.66595458984375,7245000
2025-12-05,172.04995140185963,174.5213055242386,171.813640699462,172.11886596679688,8400100
2025-12-08,172.049943045228,172.79823769731283,171.04564138867542,172.6111602783203,6690200
2025-12-09,171.81364969773725,173.63517577572068,169.66721704478417,173.29055786132812,7719100
2025-12-10,173.10348427582767,180.61602877612683,172.5521076196382,179.40496826171875,11100100
2025-12-11,178.5778826813701,178.84373035512587,175.34837806112762,178.47943115234375,6319200
2025-12-12,178.45971113396968,180.29107759814815,175.1317404028352,175.54527282714844,8865800
2025-12-15,176.95329132498995,177.5342049303222,173.6745533986545,176.5003662109375,6954700
2025-12-16,176.4314370765877,176.4314370765877,172.11886078690452,173.40869140625,7136000
2025-12-17,173.4086968282184,174.7477607622693,169.40136069527256,169.6868896484375,8501900
2025-12-18,173.00502731705188,174.353931953196,170.85857965977135,171.5084228515625,8967500
2025-12-19,171.75456554882663,174.46223035419675,171.5182548481227,172.55209350585938,25223500
2025-12-22,174.82652693549602,175.57483663130705,171.22286767881786,171.53794860839844,6422100
2025-12-23,170.93733444387553,172.57178292132764,170.83886789988048,172.05978393554688,4690400
2025-12-24,172.34533094468034,172.78841541522854,171.73488037478631,172.07949829101562,1645300
2025-12-26,172.30594339487592,172.79824609028987,171.66595590039222,172.11886596679688,2442800
2025-12-29,171.3311742331861,172.49301637683644,170.12995448542742,170.76010131835938,3978400
2025-12-30,171.38040689201043,171.7151691093308,170.67148982951704,170.97671508789062,3429300
2025-12-31,170.93733533792485,171.10471644448367,168.37735541951685,168.416748046875,4682600
2026-01-02,171.12441547125573,171.9908579763628,169.54904087743012,170.31703186035156,6532200
2026-01-05,172.75887382520415,176.0966856023281,171.33118394526457,173.5957794189453,8972200
2026-01-06,174.48191315546356,181.610445966595,173.9009846058766,179.6412353515625,11033900
2026-01-07,179.58217497766591,181.23631983143795,174.3834597639009,177.41604614257812,9853000
2026-01-08,176.04744447485626,181.4726146954528,173.48746448419342,179.07017517089844,8353500
2026-01-09,175.37789880741434,176.67758507104563,172.1090168825677,175.0431365966797,9662200
2026-01-12,173.17241195975816,173.17241195975816,166.634632349831,166.66416931152344,13657600
2026-01-13,164.4094079177214,165.758327551921,162.43035644304067,162.74542236328125,9993300
2026-01-14,161.17005247294247,162.2038910973211,159.850684906993,162.0069580078125,7959900
2026-01-15,163.88755720097407,163.9367904731605,158.55099801666597,158.90545654296875,9241600
2026-01-16,158.90546361913636,159.21068888684462,156.75903107597125,156.96578979492188,11990800
2026-01-20,152.5645931102386,155.29195408516517,150.89076705147562,151.69815063476562,11971400
2026-01-21,153.92336043252803,155.1048838804829,152.2396786268752,153.96273803710938,9181900
2026-01-22,156.03041132198823,156.97562404646357,154.39596283205475,155.3707275390625,7450300
2026-01-23,154.62243900251445,155.54797056372465,152.46616560696268,153.42123413085938,7106700
2026-01-26,152.41690838379625,153.79534983891037,151.92460571784335,152.14122009277344,8004200
2026-01-27,153.9233659582105,154.32705778311862,150.30986589675067,150.6840057373047,8354600
2026-01-28,149.6600071927155,151.62921781367228,148.0846326863962,150.34922790527344,8539000
2026-01-29,150.73323456650067,150.87107871924638,147.42495987671705,149.8766326904297,9142900
2026-01-30,147.6514206802426,150.71354383225741,147.5234171807545,149.25631713867188,9577200
2026-02-02,148.64586923627638,151.27476368863807,148.49818444497495,150.2704620361328,9099100
2026-02-03,148.39972660589868,148.39972660589868,142.0785617613818,144.91421508789062,11966400
2026-02-04,146.42066338613833,151.1073792891664,145.88896810127576,146.59788513183594,19249300
2026-02-05,130.87375007803405,137.18507439966032,130.68667264519198,134.20172119140625,30229600
2026-02-06,134.76294224744544,137.00784145676852,133.19742319797555,135.2257080078125,15036800
2026-02-09,134.98939942076188,137.7856750075008,134.3986302015307,136.7912139892578,11022700
2026-02-10,136.02322801620642,138.24844580303315,134.68416409078455,137.93336486816406,9762900
2026-02-11,137.87428266653862,140.19795183801133,136.96844756903366,138.8687286376953,9379300
2026-02-12,138.69152429577088,139.3216711828509,134.63495464918608,136.33831787109375,12416600
2026-02-13,135.00909207265505,139.30197235854416,134.63495222461472,138.5339813232422,13134400
2026-02-17,138.82935361704858,141.290866979053,137.85458891709615,140.43426513671875,10670700
2026-02-18,141.29087358481502,142.2557826611452,138.55367180020474,141.03488159179688,9944500
2026-02-19,139.69580943898313,140.12903818927916,137.74628006265104,139.09519958496094,8219400
2026-02-20,138.14997691223257,141.85210271473602,137.943218198131,140.680419921875,10265100
2026-02-23,139.7844255768504,141.84224719435954,137.49029326194912,138.24844360351562,8260100
2026-02-24,140.36535264495285,144.11669706166848,139.87304991259884,142.55117797851562,11085700
2026-02-25,143.35856564356175,143.78193879365222,141.80288716334817,143.57518005371094,7358300
2026-02-26,143.6736154263287,144.67791712187213,142.29517390215995,143.34869384765625,8642100
2026-02-27,140.66072921777666,141.69456790117397,139.17398045997925,140.16842651367188,12439900
2026-03-02,135.70816762023566,139.82381108798805,134.78263611630263,138.85890197753906,8963900
2026-03-03,136.1413994595735,137.0570753144648,134.20172552570202,136.00355529785156,10372400
2026-03-04,136.09217023268198,137.73645957640346,135.30448284630552,137.3623046875,9309800
2026-03-05,136.3416471058999,138.3928733259528,134.56789436634378,135.7570037841797,8981000
2026-03-06,132.9526643960397,135.93534901229324,132.2094691984705,134.45887756347656,9197000
2026-03-09,132.2788555243695,137.32267051045758,131.2582018865669,136.85693359375,12304600
2026-03-10,133.47786413575432,135.5092675137778,130.96091620380716,133.97332763671875,10447300
2026-03-11,135.21198363006465,136.94610584805463,132.7445851226316,132.9031219482422,7830500
2026-03-12,132.25902560693746,133.64631733475053,129.4249738312515,129.96006774902344,9162800
2026-03-13,129.96007048793092,132.20947902004093,128.04758862854408,128.64215087890625,7786700
2026-03-16,129.88081448533086,130.67354402163193,127.77013505007992,128.21604919433594,10132900
2026-03-17,132.30856924421047,132.83375931271027,129.98978871346864,130.3960723876953,10544300
2026-03-18,129.54387518620038,131.5356480211345,128.75113060674298,129.28623962402344,9894300
2026-03-19,127.96831449150783,131.4761894820507,127.73048656387839,130.08889770507812,9846700
2026-03-20,130.11863108505298,131.54556848447913,128.60251387824948,128.72142028808594,78568000
2026-03-23,131.94192331894823,132.75449071250858,126.25401204540955,127.18548583984375,11431600
2026-03-24,127.17556339220934,128.00793841610587,126.15490982521455,127.50257110595703,8409200
2026-03-25,128.9790645865427,130.73299452576194,128.7709632593347,129.16734313964844,6669400
2026-03-26,127.62146874601947,131.13926226365425,127.14582806790986,129.3555908203125,11912500
2026-03-27,128.7115018042886,128.86013479965928,125.53062718041978,125.95672607421875,8964900
2026-03-30,126.29364855354379,127.43322372472596,125.19371893145922,125.91709899902344,11555900
2026-03-31,127.23502279047543,128.11694722979215,124.63879884738836,127.61157989501953,12219800
2026-04-01,126.83865173108374,129.04841463301446,125.82790955157769,126.12518310546875,10210700
2026-04-02,124.09378871004867,125.84772613362391,122.88485658795628,125.64954376220703,8575300
2026-04-06,125.4117199591423,126.2738291794551,122.58757949283911,124.5892562866211,8038600
2026-04-07,123.93524005303787,124.27215916559317,120.8831830671342,122.9443130493164,8840400
2026-04-08,127.4827522504809,127.72058017333651,124.48025221620219,126.35310363769531,12535800
2026-04-09,126.10537499984828,127.42330219403799,125.64954947672034,126.59092712402344,9352700
2026-04-10,127.6314008607194,129.4249763147896,126.69001567287009,126.89810943603516,8427400
2026-04-13,126.8386615656768,130.11862766034625,125.31263301149394,130.0492706298828,8615000
2026-04-14,131.00054245123573,131.73383385259137,129.86098248351468,131.63473510742188,7608300
2026-04-15,132.22929538054404,133.12112359248653,131.07981648311278,131.84283447265625,9691500
2026-04-16,130.59426201452555,134.4687901937526,130.59426201452555,133.2499542236328,8163700
2026-04-17,135.44980830997702,135.72726664859286,133.19049605533627,134.96424865722656,9667600
2026-04-20,135.17234831728322,137.24338200530352,134.8453406106992,136.27227783203125,7953800
2026-04-21,136.86683358896494,137.00556276535474,133.82469553515088,134.33006286621094,11874600
2026-04-22,135.4002697674122,136.2425637972282,134.32016292567386,134.83544921875,9432700
2026-04-23,134.76606823429893,135.74709138021126,130.85190971773952,132.7346649169922,10164900
2026-04-24,144.2888873959824,150.165077505647,142.2773067074845,147.49949645996094,29449600
2026-04-27,154.89179399908247,159.53924395977472,145.71581559726712,148.8966827392578,41744000
2026-04-28,143.76367945116013,150.12542846679688,142.6934765625,148.6390380859375,22921300
2026-04-29,150.07588917004296,155.8628991457398,149.62997504992362,154.58460998535156,37571200
2026-04-30,170.48898940816187,185.19434211720355,162.07601393053955,177.95066833496094,61132700
2026-05-01,177.5047673273186,178.35696519523958,169.5971585806751,175.40399169921875,21111500
2026-05-04,175.61208606871907,178.8524216278264,165.316355031021,166.852294921875,23117400
2026-05-05,166.1289075326416,185.52135641746338,163.29485567318397,184.85743713378906,34274900
2026-05-06,193.40911983208667,195.70807767315242,186.5122765495808,190.82281494140625,30145000
2026-05-07,188.94004752519683,221.63073439567125,185.93753995264007,200.71226501464844,51092200
2026-05-08,211.0674464396228,225.9809004914681,206.7371003816961,217.10218811035156,37850000
2026-05-11,229.90495691558823,245.6507855934912,229.1023085029366,235.3748779296875,45474000
2026-05-12,227.7546586172258,227.91321056650295,200.16725449753739,208.40185546875,38590100
2026-05-13,214.66451485614874,217.49856660185,205.27051627173313,211.23590087890625,26226300
2026-05-14,206.6181864328955,207.62893622178765,197.84849142326286,198.26467895507812,24883900
2026-05-15,199.82041731679385,205.51824739042817,197.35301884018904,199.66188049316406,25876800
2026-05-18,204.89398000546126,208.88741460547814,191.82365045736915,201.79237365722656,21082500
2026-05-19,195.0738943745928,199.67179515701747,189.28688418850334,193.83523559570312,19605200
2026-05-20,195.21262031714863,201.74282566232654,192.23983929709055,200.67262268066406,19037500
2026-05-21,200.94016603144522,212.06827146397424,195.80717168003474,211.47372436523438,28163700
2026-05-22,212.4844676203962,240.79525903741748,212.22683204582063,235.99917602539062,30375700
2026-05-26,238.53595453620554,255.65917230914374,233.6605953903332,246.56246948242188,30646400
2026-05-27,243.20319886625185,246.01744295109026,222.14600076440863,231.2823486328125,25694700
2026-05-28,233.85876026929577,247.19664367319993,229.41941176567704,241.08261108398438,21118400
2026-05-29,247.9200214748091,257.5617517963296,245.26432932800984,248.74249267578125,28781800
2026-06-01,231.21300367642826,235.86045382522002,224.75215526435665,226.91238403320312,21185200
2026-06-02,229.89505546548367,242.96538452952225,223.99904305843367,238.65484619140625,18508500
2026-06-03,232.88766741244552,252.77556440901583,230.90581341551976,247.7416534423828,19467000
2026-06-04,238.15383647780888,245.36459169380217,234.0462027918192,241.2569580078125,14185600
2026-06-05,236.3635765375564,237.14930870658102,213.83618876805028,214.77110290527344,24189200
2026-06-08,219.8335497373455,220.72867191125303,213.4681994033107,216.59120178222656,17180600
2026-06-09,215.28829259077702,218.45107172958163,191.62706113231883,204.30804443359375,29906300
2026-06-10,198.38032180983052,203.79086212670256,189.07098725292627,190.16502380371094,18426600
2026-06-11,189.8865385334884,202.73660009691392,189.7174605732556,201.8613739013672,18933100
2026-06-12,200.7573760396061,213.84612838379647,199.01684892815712,210.57394409179688,14123700
2026-06-15,218.5803823239997,225.23417157168143,215.10926834038744,219.61474609375,13993800
2026-06-16,224.6075769097506,229.93856366777442,212.64269689320372,212.91123962402344,19629600
2026-06-17,217.85431935716332,220.1219915705346,211.52874573340353,211.8171844482422,11955800
2026-06-18,219.51528410695397,228.17812761503896,213.56764344411653,224.88604736328125,47081500
2026-06-22,221.72326062071284,232.1763791375156,214.33348689538852,220.69883728027344,18203400
2026-06-23,206.2176552948954,208.0476916470358,197.36583747928714,203.02503967285156,23781900
2026-06-24,201.47348776088225,201.8713164743837,189.98600533826468,196.34141540527344,25519600
2026-06-25,218.24221042298095,218.24221042298095,198.73837461047745,203.79086303710938,34793200
2026-06-26,200.6081853487293,207.72943157321288,185.17219159161564,188.3648223876953,37128900
2026-06-29,191.98512326000917,193.53667651839348,182.58627934772517,187.69845581054688,21599500
2026-06-30,187.96699602286355,192.45257777263618,182.50670812030356,183.7897186279297,22056100
2026-07-01,182.59621535103128,189.9561679207184,180.61699702415888,180.9352569580078,23313200
2026-07-02,181.18389694447504,184.794252311474,171.18829538810547,175.2959442138672,18661200
2026-07-06,177.16577406571878,187.6487135930245,176.14135074556603,185.47056579589844,15510500
2026-07-07,178.0310572271719,184.87382003731275,178.0310572271719,181.9795684814453,16253600
2026-07-08,179.54284183450622,186.10710664892216,179.532886252167,185.55014038085938,10306800
2026-07-09,191.42815462836023,195.02855459018213,186.42538340169213,190.0755157470703,12895200
2026-07-10,186.49498512284367,189.16048592028824,184.71468124013433,188.1360626220703,7064000
2026-07-13,184.0582560544413,187.14148162830176,180.82584851057146,182.98410034179688,13007300
2026-07-14,188.3051476680881,188.9615786925059,176.489449933337,177.1359405517578,13090400
2026-07-15,179.02565625097253,179.73181968370957,173.81401501668142,177.01658630371094,9440900
2026-07-16,172.14310860574568,173.01834996530752,168.07525168211419,169.6864776611328,15951600
2026-07-17,165.73796716526678,171.45684207339696,163.87809444283036,170.8501434326172,16291100
2026-07-20,174.5997415116818,175.29594933906654,168.98031615765015,169.39805603027344,9649600
2026-07-21,174.54007029701265,174.54007029701265,169.21902401421772,172.5608367919922,13243200
2026-07-22,169.78594019341074,177.68294760893903,169.6765350249036,174.67930603027344,7777600
2026-07-23,170.2533900516715,173.0084002048575,167.39893030731113,170.18377685546875,10827500
2026-07-24,168.77145497406073,170.17382615768497,164.87267611290184,166.06617736816406,9998000
2026-07-27,168.85102507169492,170.26333667205012,164.3952647587015,169.1195526123047,12487100
2026-07-28,164.00737617416897,167.01103290609115,161.28221774047742,161.99832153320312,16147500
2026-07-29,161.6999548784095,163.66923287199208,154.16098366266627,154.83729553222656,19240700
2026-07-30,145.75672127043683,153.3255286039933,145.20969541002358,150.77938842773438,24336800
2026-07-31,152.13202015024638,152.8978411426743,145.35887055765033,146.81097412109375,13811200
2026-08-03,145.40861503417887,150.8589474949707,142.11653452249445,150.7495574951172,13700700
2026-08-04,156.1302569886044,162.5950722392516,154.469298583812,161.78945922851562,16351500
2026-08-05,160.42687355666803,161.91875393969434,156.24961151943276,156.67727661132812,9725700
2026-08-06,154.57870631434395,161.7198487086846,154.37979195396358,159.5218048095703,7232800
2026-08-07,162.18730530628412,167.08067140239626,161.42146908616016,166.9513702392578,9723300
2026-08-10,167.24974118678307,167.955889405864,161.2026508530892,161.2921600341797,9260000
2026-08-11,162.86360798810964,163.7189533455071,160.55615905143114,161.7993927001953,6326700
2026-08-12,165.98661590283592,166.03634828570156,160.19812773065638,162.1873016357422,7731700
2026-08-13,162.45583166834388,165.86727285931184,161.63032266397664,163.89797973632812,7716600
2026-08-14,164.7334404889826,166.06618335244832,162.29669033378082,164.89256286621094,5807700
2026-08-17,165.35008504860647,165.43959423431642,160.57606452023518,161.30210876464844,8967700
2026-08-18,157.03533813920734,160.93411729143375,155.8816135966382,159.32289123535156,11069500
2026-08-19,162.14750181249968,165.59871958491118,159.32287864625027,161.0335693359375,8099500
2026-08-20,162.2668464564742,164.21624345549915,158.54710116800615,159.86990356445312,8509900
2026-08-21,162.0381041563914,162.44588844838782,158.30840309196864,159.87985229492188,8517400
2026-08-24,158.53714548617393,159.37261001448104,155.38430684034967,157.67185974121094,10514800
2026-08-25,159.47206185760658,160.9142098450378,158.21888781168138,159.6908721923828,11420600
2026-08-26,159.2333709801459,162.982952718556,159.02450105070994,162.83377075195312,10480300
2026-08-27,164.26597889078542,166.04628279508958,161.0435118155548,163.88803100585938,15065100
2026-08-28,163.69906773602125,164.59420512559677,161.0236263260718,163.30123901367188,7752100
2026-08-31,163.8979726525799,170.45231202061046,163.30122960344315,169.5571746826172,12734600
2026-09-01,164.57430138371788,166.38444171418476,161.33195343835413,165.7081298828125,8900900
2026-09-02,165.141214257181,169.67654360035436,164.18641926212868,169.04000854492188,7525300
2026-09-03,168.5,170.02999877929688,164.8800048828125,168.57000732421875,6992000
2026-09-04,169.97999572753906,170.6300048828125,167.0399932861328,168.74000549316406,8531400
2026-09-08,180.39999389648438,183.49000549316406,172.0399932861328,174.08999633789062,26129200
2026-09-09,174.72000122070312,180.86000061035156,173.32000732421875,176.39999389648438,14802000
2026-09-10,172.1300048828125,182.39999389648438,171.0,176.8800048828125,15597700
2026-09-11,178.25,185.4600067138672,175.74000549316406,181.97000122070312,11546600
