Date,open,high,low,adj_close,volume
2016-09-12,43.464763982510604,44.16607083207394,43.464763982510604,44.10158157348633,11002500
2016-09-13,43.843637632440974,43.97261309502422,43.32773578210799,43.51313781738281,10050200
2016-09-14,43.73884667639324,43.81139557054482,43.36804258407084,43.44865417480469,6688400
2016-09-15,43.49701932852979,43.63405749928315,43.15845986258238,43.61793518066406,8076800
2016-09-16,43.48089246485988,43.60180830435484,43.053661828674734,43.31967544555664,10207800
2016-09-19,43.49700559600556,43.505068290278544,42.64254450408215,42.7312126159668,9231600
2016-09-20,43.045596467718674,43.07783802226949,42.763460571524895,42.96498489379883,8731500
2016-09-21,43.0697848569415,43.553442072874276,42.94886901544952,43.51313781738281,9213600
2016-09-22,43.690481966821736,44.0129190985773,43.505079924183306,43.8436393737793,9096700
2016-09-23,43.52925907127716,43.980674716800415,43.52925907127716,43.87588119506836,6945100
2016-09-26,43.754966018581236,43.803332969731905,43.416406585579224,43.56150436401367,7755600
2016-09-27,43.5292614178524,43.698541140917584,43.38416363379148,43.68241882324219,6463700
2016-09-28,43.43252930639988,43.59374940338333,43.15039336792444,43.51313781738281,8593500
2016-09-29,43.432521422365475,43.52925223298958,42.650606092693366,43.085899353027344,11993500
2016-09-30,43.24712294788052,43.843633249565656,43.17457406524127,43.64210891723633,13767800
2016-10-03,43.60986011665928,43.65016743928531,43.263238052190886,43.40027618408203,5478600
2016-10-04,43.63405088520572,43.63405088520572,43.05365980296582,43.150390625,6176400
2016-10-05,43.12620681365729,43.335790764790836,42.948864418455415,43.00529098510742,7451400
2016-10-06,42.9649777717286,43.11007550571514,42.74733117074879,42.836002349853516,6130300
2016-10-07,43.02140331366997,43.214867979435766,42.723148234171894,43.09395217895508,7279700
2016-10-10,43.15038690128879,43.20681346552412,42.94080295913144,42.96498489379883,7224300
2016-10-11,42.827943631893596,43.045590237450085,42.513566226650894,42.658660888671875,9720400
2016-10-12,42.7312264807916,43.1020336622411,42.54582442757579,42.852142333984375,6320500
2016-10-13,42.626438561308184,42.827962945292214,42.45715574174786,42.682865142822266,6958100
2016-10-14,42.81989643826419,43.02142080431873,42.69092096698999,42.787654876708984,6430100
2016-10-17,42.67477988518704,42.844062615255076,42.473255607739965,42.52968215942383,5223500
2016-10-18,42.91661744031287,42.98110361904611,42.39265301615232,42.408775329589844,6550400
2016-10-19,42.65060953737714,43.319671796188565,42.64254991709796,42.84407424926758,9095300
2016-10-20,43.01335135154108,43.319669178936884,42.6506069605483,43.198753356933594,9286800
2016-10-21,43.06171622316957,43.287425557830986,42.924681158390456,43.23099899291992,6767200
2016-10-24,43.44864448484339,43.90005699220739,43.44058179005928,43.67435073852539,6919700
2016-10-25,43.60985521028576,43.666281765593496,43.12619814335756,43.26323318481445,6052800
2016-10-26,43.20681398294578,43.40027868765312,43.013352353255605,43.23099899291992,5817800
2016-10-27,43.206812976725836,43.39221805713544,42.82794934614857,43.198753356933594,7900000
2016-10-28,43.24712452205158,43.40028191319049,42.81183121037165,43.150390625,6620300
2016-10-31,43.28742899149218,43.28742899149218,42.77152717137294,42.77958679199219,9142500
2016-11-01,42.83601212628918,42.89243869404918,41.989610534871744,42.32011032104492,15425800
2016-11-02,42.191129510289585,43.09395755478281,42.16694757718345,42.70703125,10851700
2016-11-03,42.7150986572612,42.72315827751351,41.38503683936944,41.731658935546875,21847300
2016-11-04,41.4575961015697,43.31968249783076,40.981998437157635,42.521644592285156,21956800
2016-11-07,43.126202488941125,44.07739748142754,42.876311236672,43.92424011230469,14916800
2016-11-08,43.85170574391438,44.16608328059577,43.625996350257054,44.02904510498047,9352000
2016-11-09,42.88438786617113,44.190264962814446,42.56194763427548,43.996803283691406,13727800
2016-11-10,44.04515242701334,44.19025017531013,43.13426169048723,43.1826286315918,13621700
2016-11-11,43.069771700154305,43.52118721880779,42.92467396469485,43.47282028198242,8436400
2016-11-14,43.472835009248165,43.9081283630906,43.12621286544968,43.70660400390625,10489800
2016-11-15,43.80377877441707,44.289676359021364,43.64991192678673,44.20869445800781,9588000
2016-11-16,43.9981424846289,44.96184076126926,43.94145144316846,44.89705276489258,10779200
2016-11-17,44.71888489622346,45.269570421473894,44.5893120131799,45.22907638549805,8744500
2016-11-18,45.123804246494316,45.44773493606687,44.880852367738065,45.1642951965332,8741000
2016-11-21,44.953737006747964,45.480128621445786,44.953737006747964,45.43153762817383,8004000
2016-11-22,45.60969257822954,46.28185395178954,45.25336796516524,46.2575569152832,10268700
2016-11-23,46.087505614869535,46.678682175963814,46.07940866001035,46.63819122314453,8183600
2016-11-25,46.72727224913856,46.72727224913856,46.37094445714516,46.50861740112305,3228800
2016-11-28,46.160390565648925,46.856846075482686,45.96602966715,46.63819122314453,8750900
2016-11-29,46.67866630931273,47.14026981092359,46.56529044425191,47.10787582397461,10582900
2016-11-30,47.124087471359594,47.17267846689314,46.85684471907906,46.945926666259766,9528000
2016-12-01,46.43571968104989,47.39132071434048,46.322343810873164,47.38322067260742,12381600
2016-12-02,45.876937042903194,46.767750094717314,45.812149066420325,46.330440521240234,16870000
2016-12-05,46.12799789988152,46.84065042927699,46.12799789988152,46.5653076171875,7701200
2016-12-06,46.694876076417174,46.72727007222771,46.27376339866463,46.5167121887207,7035700
2016-12-07,46.59769364672829,47.658570670399676,46.52480870630908,47.58568572998047,9094800
2016-12-08,47.780052301351844,47.982510150086384,47.30225165476786,47.496612548828125,7972500
2016-12-09,47.715260786519565,47.73955782727299,47.31844516226308,47.57759094238281,7091300
2016-12-12,47.40751591047492,47.6099736964719,47.24554906382521,47.59377670288086,7736200
2016-12-13,47.77194404478429,48.21735058877362,47.50469826483417,48.031089782714844,8878100
2016-12-14,47.80434272767223,47.98250660997756,47.456115006399834,47.57759094238281,9022900
2016-12-15,46.9459247038713,47.14028249935795,46.581499975757005,46.73536682128906,11837800
2016-12-16,46.978313536244585,47.02690452760175,46.61389191348051,46.69487380981445,10611500
2016-12-19,46.5167006868019,46.954010254328665,46.5167006868019,46.686767578125,6433800
2016-12-20,46.81634633733964,47.01880415270552,46.41952765994763,46.727264404296875,4888300
2016-12-21,46.5653031824365,46.864939920530276,46.492418236493535,46.5167121887207,5380500
2016-12-22,46.4114404760156,46.48432542845973,45.93363980760671,46.249473571777344,6777700
2016-12-23,46.39523477856021,46.45192272102657,46.07130103081428,46.168479919433594,4298500
2016-12-27,46.152283625669256,46.47621426740231,46.00651375564803,46.04700469970703,4186200
2016-12-28,45.998427469584946,46.07941247118337,45.553020773210385,45.634002685546875,5548700
2016-12-29,45.633997016795554,45.73117900664151,45.46393316845746,45.609703063964844,3780900
2016-12-30,45.57730824685818,45.714981185364095,44.86465886971972,44.96183776855469,8344500
2017-01-03,45.27767587939858,45.31006987855918,44.57312338859537,44.82416915893555,7809300
2017-01-04,44.99422910402612,45.512520652847456,44.848459219762454,45.34245681762695,7796300
2017-01-05,45.41533460943086,45.77975617345307,45.19667981746103,45.72306823730469,7602300
2017-01-06,45.860758839917324,46.37905050710373,45.41535213150788,46.26567459106445,8587800
2017-01-09,46.37094716912015,47.24556661233373,46.362850213947496,47.1321907043457,12640500
2017-01-10,47.1483820272514,47.18077293330395,46.83254829609372,46.87303924560547,6671800
2017-01-11,46.80825587110545,47.06740168065078,46.6381920128279,47.051204681396484,6028000
2017-01-12,46.97022051225147,47.07549945770321,46.678680718238404,46.99451446533203,4733000
2017-01-13,46.99452098534587,47.05120894323978,46.68678723942521,46.848751068115234,4745600
2017-01-17,46.66247808840126,47.17267266635237,46.492414258837954,46.97021484375,5734700
2017-01-18,47.22936156804671,47.43991943781267,46.99450974763902,47.33464050292969,7375700
2017-01-19,47.2212686321315,47.33464453045468,46.74346799686838,46.88113784790039,7850500
2017-01-20,47.08359247288777,47.13218346424494,46.49241597971826,46.69487380981445,7651600
2017-01-23,46.50051324372905,46.88923499865584,46.281861504317085,46.775856018066406,6814400
2017-01-24,46.91353684365936,47.37514052988653,46.7758638886948,47.3265495300293,10704100
2017-01-25,47.51280851670401,47.72336641849701,47.33464770279656,47.537105560302734,7117600
2017-01-26,47.53709615455195,47.780044917636864,47.18076841871703,47.342735290527344,12382400
2017-01-27,45.148101885590215,45.82836040528437,45.06711997889922,45.44773864746094,28884900
2017-01-30,45.350543645526606,45.54490447756782,45.010416051030255,45.269561767578125,13322000
2017-01-31,45.18858789721502,45.245275843551795,44.44354455149665,44.71888732910156,14308000
2017-02-01,44.93754584013022,44.94564279487219,43.577028838117485,43.6499137878418,18796900
2017-02-02,43.7632909295638,44.04673069248697,43.609420981752606,43.62561798095703,15289700
2017-02-03,43.90095503282398,44.62170441198027,43.73898815127776,44.58931350708008,14161700
2017-02-06,44.54881369567142,45.14809015294041,44.45973485716497,45.131893157958984,13029800
2017-02-07,45.384085944961136,45.42475935658868,44.887862254830864,44.93667221069336,9910500
2017-02-08,44.89599980979387,45.14817995008425,44.82278642088264,44.920406341552734,11681900
2017-02-09,44.92853602516738,45.6525333087382,44.91226603974998,45.40035629272461,11106800
2017-02-10,45.335257114928396,45.880290534010484,45.19696695233182,45.733863830566406,11179000
2017-02-13,45.961662360883544,46.09181915671626,45.57932541548248,45.644405364990234,8027900
2017-02-14,45.571171818814065,46.05112537302691,45.571171818814065,46.0267219543457,8865900
2017-02-15,46.01046540457549,46.27077895709845,45.807095247718046,46.25450897216797,6967200
2017-02-16,46.335858115874274,46.360264646084346,45.98606118029393,46.14875793457031,8524500
2017-02-17,46.20570435738721,46.83208488528108,46.13249096832994,46.65311813354492,11008400
2017-02-21,46.70190203081206,47.02729537906886,46.693768593537065,46.807655334472656,8289200
2017-02-22,46.791411240525385,47.059858263631305,46.65311790490266,46.83208465576172,7876600
2017-02-23,46.85647142116637,47.01103468855437,46.685641276014806,46.88901138305664,7178600
2017-02-24,46.864611058588274,46.94595786550525,46.49041078167933,46.75885772705078,7806200
2017-02-27,46.56362600240585,46.61243284722584,46.09180581460001,46.189422607421875,7702400
2017-02-28,46.13247372000662,46.41719372796861,46.00231697736677,46.262630462646484,8750700
2017-03-01,46.588041724261515,46.69379508792733,46.319591594152,46.4822883605957,7198000
2017-03-02,46.4253223925285,46.52293916367446,46.24635572610992,46.46599578857422,6595400
2017-03-03,46.12433961909585,46.579886660204984,46.12433961909585,46.449729919433594,7735900
2017-03-06,46.189409531266044,46.213816049948484,45.823345886020654,46.108062744140625,9160000
2017-03-07,46.026740577067045,46.16503080978895,45.571190257216756,45.71761703491211,10890300
2017-03-08,45.676933574608896,45.83962720010724,45.180709948565756,45.343406677246094,13061600
2017-03-09,45.35153096267299,45.39220436083732,44.586860526366934,44.89598083496094,17844200
2017-03-10,45.05868259623179,45.066819138688174,44.26960554977514,44.35908889770508,13886400
2017-03-13,44.391638804859774,44.64381892340668,44.253348583941495,44.44044876098633,9090200
2017-03-14,44.43229991510079,44.52991980032668,44.08250308432858,44.1475830078125,7892900
2017-03-15,44.245206139217515,44.45671281771076,44.00116259749469,44.36722946166992,8712000
2017-03-16,44.61940494192,44.733294820528016,44.46484476143911,44.578731536865234,8074300
2017-03-17,44.7739608574455,45.66065459572289,44.700747499122365,45.37593460083008,15822100
2017-03-20,45.44916314579438,45.59558991136852,45.156309614646084,45.40035629272461,7948400
2017-03-21,45.59558354797185,45.920977004542465,45.14003643259136,45.18070983886719,8030600
2017-03-22,45.2945896273837,45.587443072464694,45.15629634357034,45.46541976928711,8452100
2017-03-23,45.676927011155044,45.90470053666887,45.375937020232875,45.43288040161133,7357200
2017-03-24,45.644395828732605,46.67751653745244,45.47356565173965,46.21383285522461,15763000
2017-03-27,46.091801173536375,46.734451459866385,45.92910446642754,46.555484771728516,8861800
2017-03-28,46.4497479531839,46.791411469845414,46.39280455093743,46.65311813354492,8331600
2017-03-29,46.50666540122178,47.05983223134977,46.47412854894086,46.807655334472656,7001600
2017-03-30,46.73445278426035,47.4259099300909,46.710046260434346,47.3120231628418,8677900
2017-03-31,47.271360477584,47.71877420885926,47.2306870662285,47.4991340637207,9156700
2017-04-03,47.409657199262746,47.564220528067985,47.092400202721386,47.53981399536133,8989000
2017-04-04,47.48285785426603,47.51539782035789,47.19000436580323,47.44218444824219,6474800
2017-04-05,47.14934075279901,48.215001589782695,47.02732050938362,47.36084747314453,13656200
2017-04-06,47.28762786959837,47.47472803411935,46.962234390233576,47.11679458618164,9112500
2017-04-07,47.019172486865834,47.385239334117706,46.815802360968334,47.19813919067383,6773800
2017-04-10,47.18186679235309,47.35269694459628,46.96222669524827,47.14119338989258,5266300
2017-04-11,46.97036082679468,47.31202111374461,46.67750737901958,47.08424758911133,5855100
2017-04-12,47.084249662405114,47.10051964390699,46.75885623873082,46.840206146240234,5450300
2017-04-13,46.86461025416137,47.011036986643944,46.73445350341927,46.783260345458984,4871700
2017-04-17,46.921554805648526,47.3852384356484,46.921554805648526,47.2469482421875,5626000
2017-04-18,46.84834323729428,47.572340403065404,46.84834323729428,47.46658706665039,5449300
2017-04-19,47.669959633528215,48.39395993949421,47.5886128187007,48.02789306640625,12000600
2017-04-20,48.57293035665,49.085424050761176,48.450910117316624,48.87392044067383,12445900
2017-04-21,48.97152682932454,49.37013053742737,48.930853424870634,49.3050537109375,8800000
2017-04-24,49.622304836194616,49.931428259802715,49.532821494899,49.711788177490234,10721300
2017-04-25,49.337605683943636,49.79315288979293,48.74376204229135,49.58978271484375,11031500
2017-04-26,49.80941172552502,50.232421967103505,49.606041596103545,50.07786178588867,8525400
2017-04-27,50.13480596057219,50.38698293897548,49.776872541137394,49.866355895996094,15285300
2017-04-28,48.32887197992467,48.955252280266734,47.98721169056439,48.857635498046875,25046100
2017-05-01,48.80881926562831,49.29690621701213,48.61358262316609,48.95524597167969,10910300
2017-05-02,48.93085161863137,49.23183852429781,48.84136827022688,49.21556854248047,9152100
2017-05-03,49.231840639882826,49.353860853983704,49.020333970350315,49.28878402709961,7706400
2017-05-04,49.337589691701645,49.50028329637955,49.12608304052982,49.48401641845703,6874300
2017-05-05,49.581634521484375,49.614174484558625,49.28064762100176,49.581634521484375,6443300
2017-05-08,49.67925874584592,49.67925874584592,49.37827180029747,49.57350540161133,5588400
2017-05-09,49.48365212343979,49.892067859885614,49.47548206377059,49.81038284301758,5806600
2017-05-10,49.72868840342189,49.8103702837297,49.18140983427472,49.54898452758789,7198400
2017-05-11,49.37746816171453,49.426476060835355,49.0343972880433,49.230438232421875,5516900
2017-05-12,49.238598959989474,49.28760996888716,48.87102729913327,48.95270919799805,5647500
2017-05-15,49.35296104363145,49.41014211915335,49.116082260881186,49.37746810913086,5904100
2017-05-16,49.56534741439685,49.58168442218389,48.911882682743304,48.99356460571289,6303500
2017-05-17,48.985389547307356,49.27127934632017,48.64231867252687,48.78934860229492,7581200
2017-05-18,48.78933524445233,48.96086907689644,48.08685979810303,48.862850189208984,8602400
2017-05-19,48.96087115080026,50.5781968879897,48.96087115080026,50.12077331542969,12531000
2017-05-22,49.851235704328566,50.414851549504924,49.851235704328566,50.01460266113281,6391600
2017-05-23,50.15345331962859,50.23513521994178,49.71236357962195,49.94924545288086,5622500
2017-05-24,50.153468953546735,50.64356674012943,49.77772399346988,50.553714752197266,7249300
2017-05-25,50.651717637047504,51.55023411570359,50.56186879355017,51.378700256347656,8931800
2017-05-26,51.46854721378613,51.80344797662211,51.43587632460466,51.70542907714844,6098000
2017-05-30,51.517574554158195,51.79529745401749,51.468563530901044,51.67277145385742,7094600
2017-05-31,51.68092966018779,51.95865249633789,51.5257327960905,51.95865249633789,7314600
2017-06-01,51.8769647544638,52.13018362930355,51.746271845248216,52.07300567626953,6058300
2017-06-02,52.179204234650065,52.832668900901965,52.03217429524773,52.74281692504883,7840400
2017-06-05,52.971520716406786,52.98786083603692,52.42424511546126,52.49775695800781,6808900
2017-06-06,52.45691346836167,52.563099306792836,52.3180536261219,52.40790557861328,5448400
2017-06-07,52.38341428468089,52.52228040890732,51.738119614653854,51.868812561035156,8365000
2017-06-08,51.819795026082566,51.93415406626601,50.659895662194835,50.839599609375,11289300
2017-06-09,50.94578558176578,51.035637555548156,50.537369785275196,50.79875564575195,11240500
2017-06-12,50.48018898014196,50.63538896828572,49.52449756583914,50.06360626220703,11071600
2017-06-13,49.924746184038604,50.039102108715696,49.491826436056684,49.76137924194336,9384900
2017-06-14,49.557168985099366,49.67969496483162,48.89553741924752,49.230438232421875,9703300
2017-06-15,48.94454537080324,49.23860522970358,48.609644557270094,49.08340835571289,7516000
2017-06-16,48.92002922233977,49.14057406151916,48.57696154981471,49.124237060546875,11522400
2017-06-19,49.29577350357615,49.82671515737662,49.09973571347085,49.745033264160156,6778000
2017-06-20,49.81039270303958,49.82672970964712,48.76484920788051,48.89554214477539,6985700
2017-06-21,49.00989263751965,49.263111537894254,48.77301074194002,48.97721862792969,6027600
2017-06-22,49.083413506361104,49.09158045175864,48.51980079496856,48.609649658203125,5602000
2017-06-23,48.81383505162286,49.14873574581438,48.66680829053068,48.854679107666016,6469500
2017-06-26,49.02622477022265,49.13241373285472,48.46261218264887,48.71582794189453,5674600
2017-06-27,48.634148903791626,48.75667176084004,48.037862274787514,48.16038513183594,5652400
2017-06-28,48.24206898416711,48.3972658457225,48.02969105154936,48.340087890625,5419200
2017-06-29,48.331919624032814,48.340089684186935,47.34355423100194,47.6702880859375,7421200
2017-06-30,47.93167473255125,48.15221962096064,47.613110932392686,47.62944793701172,8117100
2017-07-03,48.111386162896395,48.18490113715277,47.5804443359375,47.5804443359375,4575300
2017-07-05,47.72746976445315,47.784647726130274,47.212864993393794,47.32722091674805,7773600
2017-07-06,47.21286262904577,47.31088154187432,46.88613188096225,47.049495697021484,8886600
2017-07-07,47.20469713697492,47.670290882191765,47.00048924465296,47.408905029296875,7278300
2017-07-10,47.52326181734145,47.662121690990126,47.172023986863344,47.22103500366211,4832100
2017-07-11,47.302707348438815,47.441570309966835,46.99231053675668,47.29454040527344,5422300
2017-07-12,47.5477658583846,47.9561816512571,47.39256897884053,47.81732177734375,7141900
2017-07-13,48.029690345168376,48.08686829942496,47.47424469013463,47.686622619628906,8460200
2017-07-14,47.70295639687974,48.127705995212004,47.60493438252805,47.997013092041016,5441400
2017-07-17,47.972509357387786,48.08686525866969,47.60493459186408,47.64577865600586,6774500
2017-07-18,47.474245051452684,47.8499899028104,47.12300726350917,47.547760009765625,7857500
2017-07-19,47.49875372026078,47.711128542584575,47.2945458420412,47.46607971191406,8203600
2017-07-20,47.71113848922276,48.062376362262384,47.37623762376237,47.40074157714844,10546700
2017-07-21,47.31088659389502,47.58860947320301,47.237374738397556,47.35989761352539,6717200
2017-07-24,47.376222049305056,47.580429902965854,47.319044099557196,47.39255905151367,7442600
2017-07-25,47.555928652986665,48.06236328629882,47.359887731336784,47.82548141479492,7933100
2017-07-26,48.02969657845585,48.06237058968998,47.196527987776726,47.32722091674805,8775900
2017-07-27,47.58043911076393,48.73217150365626,47.31905325677171,48.601478576660156,23286700
2017-07-28,45.11360437088943,45.709891005188524,43.62697125721995,44.10890197753906,53454800
2017-07-31,44.50096782565672,44.664334705088784,44.0680482437312,44.092552185058594,20299400
2017-08-01,44.574488225464954,44.754192126448295,44.08439064310151,44.70518112182617,18120900
2017-08-02,44.721520477209474,45.29330309737128,44.65617246760716,45.2769660949707,14764900
2017-08-03,45.44850046382088,45.84057917800613,45.33414456167909,45.48117446899414,13331500
2017-08-04,45.718063840945085,45.78340874605873,44.999251188904076,45.28514099121094,9179800
2017-08-07,45.41583488305469,45.685390801788415,45.26880494846633,45.44034194946289,7253900
2017-08-08,45.57981344038909,45.604431129961775,44.60339730817197,44.73468017578125,11095300
2017-08-09,44.66083761972654,44.66083761972654,43.733650518307165,44.09468078613281,16717700
2017-08-10,43.91416741233507,44.10288636443032,43.47929344142126,43.5449333190918,13235300
2017-08-11,43.52852073837864,43.81570418996042,43.52852073837864,43.635189056396484,9235000
2017-08-14,43.97981712195442,43.97981712195442,43.635200644573565,43.66802215576172,7426500
2017-08-15,43.823921646161786,43.8321254593188,43.39725137126742,43.61058807373047,6674600
2017-08-16,43.70083258263321,44.2423748985416,43.69262877134519,43.89775848388672,7667100
2017-08-17,43.75006517050376,44.127503093220106,43.47929557552239,43.520320892333984,7451700
2017-08-18,43.421852641660195,43.56134246286071,43.142879259320694,43.24134063720703,10370500
2017-08-21,43.60238113054173,43.91417924104756,43.3234045327274,43.61058807373047,12753200
2017-08-22,43.8895526006805,44.91520111496979,43.80749884151884,44.677249908447266,14547600
2017-08-23,44.27520794404461,44.390080112204224,44.02084903741457,44.37367248535156,11838500
2017-08-24,44.521347189732545,44.67724775962599,44.11929474428577,44.25878143310547,8716700
2017-08-25,44.81674235460891,44.87417842837652,44.46391897001861,44.60340881347656,8601100
2017-08-28,44.75109879215008,44.783920297329615,44.32442861490921,44.636226654052734,6643700
2017-08-29,44.34083892695005,44.545968637237536,44.30801742209662,44.39006805419922,6212400
2017-08-30,44.340831572953405,44.81673079427563,44.340831572953405,44.73468017578125,5596600
2017-08-31,44.8659668012236,45.12032874790947,44.77570923530181,45.0136604309082,8245300
2017-09-01,45.04649520287369,45.25982876968934,45.030084446959926,45.071109771728516,7696300
2017-09-05,45.08751675785766,45.29264649458128,44.80033324842576,45.23521041870117,9160500
2017-09-06,45.227000037615475,45.35828293393534,44.414688094771016,44.562381744384766,11372300
2017-09-07,44.652644263677566,44.86598096502866,43.692638497692776,43.87315368652344,13801900
2017-09-08,43.80749550246365,44.12749731372609,43.528519002639634,43.889549255371094,11774500
2017-09-11,44.13570959885463,44.41468613246264,43.988015955766215,44.32442855834961,9314100
2017-09-12,44.2915996155614,44.34903567489186,43.758264331774264,43.930572509765625,10339400
2017-09-13,43.938789328713426,44.89879813181103,43.88956019472936,44.54597473144531,12787900
2017-09-14,44.61980965744591,44.8905792122085,44.390062283370646,44.74288558959961,8260800
2017-09-15,44.66904243428393,44.956225892875224,44.43929817143555,44.85776138305664,10744800
2017-09-18,44.964433602201126,45.103923438189476,44.77571463706603,44.874176025390625,6348400
2017-09-19,44.99725710499041,45.03007861256537,44.76751281202818,44.816741943359375,5187100
2017-09-20,44.783921920984405,45.276231996402174,44.783921920984405,45.251617431640625,7080000
2017-09-21,45.16955932670296,45.268020706322034,45.01366188147019,45.13673782348633,7178500
2017-09-22,45.16956344252316,45.292642525785006,45.01366598308512,45.20238494873047,6950000
2017-09-25,45.112127534699574,45.30905344262394,44.882383250480416,45.0875129699707,10242700
2017-09-26,45.17777434282107,45.30905724912293,44.96443766381093,45.23521041870117,8021900
2017-09-27,45.33366432427104,45.62084465621335,45.095713117786914,45.120330810546875,8671300
2017-09-28,44.972642782269475,45.19418326455036,44.677255472561626,44.71828079223633,7607500
2017-09-29,44.56237770881673,44.69366059324763,43.78288421311979,44.070064544677734,11944400
2017-10-02,44.1931478159593,44.34084146622677,44.10289023745905,44.152122497558594,5956000
2017-10-03,44.30802757406388,44.58700416917592,44.225976923161625,44.29982376098633,6137100
2017-10-04,44.406488766047964,44.47213179047715,44.053665334820295,44.25059127807617,5569100
2017-10-05,44.35724573037666,45.103917684147774,44.24237047361667,44.800323486328125,7994300
2017-10-06,44.72648588597004,45.49777569009623,44.51315233952895,45.268028259277344,10576300
2017-10-09,45.43211587773209,45.530580367411204,45.0957033630706,45.144935607910156,5822900
2017-10-10,45.21057879950207,45.82596782016697,45.19417118004445,45.47314453125,6573900
2017-10-11,45.505973809341356,45.78495033826756,45.34186941643813,45.65366744995117,8881900
2017-10-12,45.67827274275659,46.17058582154903,45.382888651517504,45.92443084716797,7234300
2017-10-13,45.94905886792494,46.301882248920435,45.62905699447118,45.71931457519531,6231100
2017-10-16,45.67828041517676,45.784948736336375,45.038276748280765,45.0546875,7256900
2017-10-17,45.01366971412568,45.317260846629196,44.54597416701465,44.72648620605469,11227300
2017-10-18,44.68544942107935,45.48135359322013,44.488526678094985,45.300838470458984,8299500
2017-10-19,45.19417936838514,45.571617284903674,45.04648572626381,45.45674514770508,5720200
2017-10-20,45.38289635412638,45.45674317197737,44.45570922555961,44.77571105957031,11741100
2017-10-23,44.93981952999494,45.079306237480424,44.45571326455103,44.52956008911133,10111100
2017-10-24,44.61160850912426,44.767509092135356,44.324428166784315,44.53776168823242,7818500
2017-10-25,44.50493208615322,44.62800800323726,44.02902977601038,44.43928909301758,8281200
2017-10-26,44.71827491483277,45.743923422053705,44.71827491483277,45.0546875,12211400
2017-10-27,44.98904975701366,45.22699784315151,44.86597067829709,45.03007507324219,9922600
2017-10-30,44.95623331678893,45.31726052231668,44.636231432111614,45.268028259277344,6430900
2017-10-31,45.25981536003501,45.38289442790635,44.88237747594128,44.997249603271484,8857800
2017-11-01,45.210592721873,45.6126483830651,45.079309815571136,45.23521041870117,7189800
2017-11-02,45.25162857464515,45.44855140129115,44.939830447418444,45.021881103515625,16879000
2017-11-03,44.439301559828806,46.72034300069271,44.34904398396192,45.973670959472656,28773800
2017-11-06,45.94085254831967,46.51521324879158,45.645465256630644,46.416751861572266,10835700
2017-11-07,46.2198309977176,47.00752838809525,46.2198309977176,46.95009231567383,11167400
2017-11-08,46.79419308315215,47.59830125047435,46.76957851712157,47.51625061035156,13533700
2017-11-09,46.933692808670266,47.311130840749755,46.597280105289514,47.06497573852539,14778900
2017-11-10,47.06495680633755,47.08957136764903,46.392131670224366,46.802391052246094,7930300
2017-11-13,46.61368725049974,46.884456902953964,46.400350549747486,46.47419738769531,7648200
2017-11-14,46.33470498767046,46.76957901904454,46.28547272504967,46.71214294433594,7758200
2017-11-15,46.868857551900234,47.06682665680507,46.61314811360903,46.769874572753906,8880500
2017-11-16,46.951345458258054,47.363778232051374,46.81111982554225,47.21530532836914,8310200
2017-11-17,47.21531184377559,47.3720351866634,46.88536432056537,46.95960235595703,6310800
2017-11-20,46.745123341555775,47.05857309226891,46.670888472120204,46.8606071472168,6360100
2017-11-21,46.98434483800808,47.47926609669048,46.918357224817996,47.23180389404297,6284300
2017-11-22,47.07508740886677,47.165823143491245,46.85237328204662,47.13282775878906,7308500
2017-11-24,47.17405681327779,47.17405681327779,46.77812175086237,46.852359771728516,3479000
2017-11-27,46.87710679103789,46.95134166357305,45.98625056127086,46.118228912353516,10580300
2017-11-28,46.21721508612443,46.78637432116277,46.11823210261824,46.736881256103516,9734400
2017-11-29,46.778130716358156,47.578251411643116,46.76988344428665,47.43802261352539,10017900
2017-11-30,47.545253338849975,47.95768614456049,47.40502769528244,47.693729400634766,11509200
2017-12-01,47.42977183558149,47.60299285579399,46.57191085936831,47.28129577636719,12756400
2017-12-04,47.4627633309802,48.82378956692765,47.42976795460744,48.46909713745117,13302100
2017-12-05,48.87328318534293,49.227975618838954,48.59282877622077,48.9475212097168,11295600
2017-12-06,48.98052923465199,49.3517194523734,48.85679811320714,48.898040771484375,8458200
2017-12-07,48.76605693567215,48.89803531540094,48.46910479462918,48.782554626464844,6033800
2017-12-08,48.271133219656825,48.543337219745794,47.924688046274376,48.34537124633789,9950500
2017-12-11,48.16389891407578,48.95576908611664,48.08141361780116,48.72480773925781,10286600
2017-12-12,48.65880921278017,48.964008516445986,48.559823103527755,48.8897705078125,6042900
2017-12-13,49.03001655692357,49.40120675489298,48.91453586124708,49.07126235961914,7726300
2017-12-14,49.26924036219691,49.53319720132221,49.03002849342282,49.2444953918457,8945900
2017-12-15,48.87328343534,48.97226641947404,47.97417986737389,48.08141326904297,22595000
2017-12-18,48.20513424263117,48.49383902897944,47.751458888783176,47.866939544677734,8751600
2017-12-19,47.94945385173834,48.32064412215531,47.78448004859596,47.850467681884766,7945700
2017-12-20,48.02367326593899,48.08141360263548,47.586492385306784,47.61948776245117,7188700
2017-12-21,47.7927108386375,47.965935002827884,47.42152384285987,47.49576187133789,5974500
2017-12-22,47.48751512805872,47.76796957438749,47.11632495694523,47.264801025390625,7148700
2017-12-26,47.24006118576463,47.495770697286964,47.05858971651568,47.13282775878906,5546200
2017-12-27,47.174068132715945,47.553508745196645,47.16582086024618,47.24005889892578,4812200
2017-12-28,47.4050275920098,47.84220535819452,47.26479880213517,47.685482025146484,5044500
2017-12-29,47.627749307615346,47.81746805060221,47.363789375402,47.372039794921875,5365600
2018-01-02,47.80096312382603,48.01542679968871,47.413275277006335,47.53700637817383,7216000
2018-01-03,47.78446607714803,48.63407666698982,47.67723266446686,48.427860260009766,7478400
2018-01-04,48.65882611014335,49.00526817299802,48.44435927889858,48.60933303833008,5775900
2018-01-05,48.87328637797922,49.23622610606472,48.72481031953231,49.17023849487305,6047700
2018-01-08,49.063004722626395,49.21972805132945,48.30412989318529,48.92277908325195,6335800
2018-01-09,48.832049449196546,49.05476356296182,48.55159498889357,48.8155517578125,5233400
2018-01-10,49.49194379551794,49.59917722145988,48.55159736686119,49.343467712402344,8656500
2018-01-11,49.096004405913845,49.50843723545283,49.03826406150741,49.491939544677734,5806300
2018-01-12,49.82188415527344,49.912616729314706,49.20323494711994,49.82188415527344,6989100
2018-01-16,49.76415012898584,50.39929396093327,49.73940201782276,49.9538688659668,8040700
2018-01-17,50.31680086129399,50.589008015671716,49.920865756700266,50.036346435546875,8433800
2018-01-18,50.67147989467726,50.679727163862246,50.10232392256353,50.39102554321289,9170900
2018-01-19,50.49002641970572,50.69624283522154,50.275562732078896,50.53126907348633,8361900
2018-01-22,50.34979558211956,50.70448803200683,50.127081498705756,50.65499496459961,11945800
2018-01-23,50.58076401475365,51.06743489921609,50.432287938367615,50.885963439941406,10806800
2018-01-24,50.73747269147864,51.092165088430725,49.68164591726515,50.17656707763672,11911900
2018-01-25,50.341548990598554,50.48177778560461,49.82188590308033,49.945613861083984,16225600
2018-01-26,47.79271568611323,47.982434412219135,46.64615291069206,47.833961486816406,51851700
2018-01-29,47.47100642064217,48.13089815691441,46.94309303162438,47.03382873535156,18899900
2018-01-30,46.98434211800251,47.462765659037466,46.80287383227583,47.1740608215332,14341200
2018-01-31,47.20704912436397,47.388520529505044,46.76987144464626,46.8606071472168,13118400
2018-02-01,46.42344339768585,46.53892409921432,46.10174625868135,46.192481994628906,14690100
2018-02-02,46.10997997171766,46.45642195078023,45.94500625218748,46.00274658203125,15358900
2018-02-05,45.804787587076056,46.40693912148711,45.01291733469544,45.111900329589844,16060000
2018-02-06,44.28702615482381,46.24195959325881,44.179795908792244,45.87076950073242,17415100
2018-02-07,45.68002533415723,45.97029292009173,45.14924534838079,45.16583251953125,13927000
2018-02-08,45.19901503197869,45.43952431161553,44.57701023796063,44.593597412109375,17736700
2018-02-09,44.950211817947974,45.66344445733384,44.49407562131371,45.26536178588867,19382000
2018-02-12,45.49757220964941,46.21909679560204,45.24047578767568,45.928829193115234,10969000
2018-02-13,45.82101708110073,46.210807741046,45.63026933533682,46.16933822631836,10416400
2018-02-14,46.003473512321854,47.02356094906627,45.854192115366104,46.434730529785156,14190300
2018-02-15,46.74158220179128,47.13137284150966,46.36008673005989,46.92403793334961,10294900
2018-02-16,46.982095810529124,47.31382979613446,46.724999361649054,46.84110641479492,10151300
2018-02-20,46.68353267815015,46.89086760406447,46.30203717375099,46.41814422607422,9450900
2018-02-21,46.384961365620576,47.056727541218585,46.326907850113514,46.52594757080078,7851000
2018-02-22,46.40155164797555,46.55912503439311,45.82930529434638,45.94541549682617,10172400
2018-02-23,46.15275692901324,46.56742679121936,45.44781626505485,46.55913162231445,11394400
2018-02-26,46.791344376333505,47.5626305507724,46.70841167176842,47.41334915161133,8713800
2018-02-27,47.51287035503313,47.80313797345915,46.90745277683044,46.91574478149414,8821400
2018-02-28,47.139662557229585,48.03534767188292,47.131370553324786,47.355289459228516,11541100
2018-03-01,47.27234908752873,47.736780322751684,46.30202344061378,46.5839958190918,11127600
2018-03-02,46.210805674281936,47.43822795974481,46.17763132945546,47.21430587768555,11555100
2018-03-05,47.13137438449623,47.62068174664046,47.00697217005567,47.264068603515625,7835400
2018-03-06,47.47970461279383,47.47970461279383,46.89087410089662,47.29724884033203,8046800
2018-03-07,46.95721964126797,47.41335590874215,46.95721964126797,47.29724884033203,7044100
2018-03-08,47.5128699445748,47.93583177972448,47.380175725343555,47.66215133666992,7434700
2018-03-09,47.82801716118302,48.6241856472956,47.82801716118302,48.48319625854492,9539600
2018-03-12,48.65735470556175,49.49498950579519,48.49978131435885,49.26277542114258,10550300
2018-03-13,49.51158339102768,50.34092313572268,48.83981705889991,48.972511291503906,10411400
2018-03-14,49.16326232972498,49.52817386646627,48.690538896837644,48.790061950683594,6488500
2018-03-15,48.87298764493178,49.818434374899375,48.78175977385073,49.23789596557617,7377000
2018-03-16,49.24619552487472,49.470117638307876,48.88128400801472,48.93104553222656,13030900
2018-03-19,48.682239146849184,48.80663819884775,47.935832180138746,48.350502014160156,9350600
2018-03-20,48.47490254539757,48.91445154180897,48.47490254539757,48.64906311035156,5888400
2018-03-21,48.72369582960367,49.38716679965393,48.42513310216127,48.49148178100586,6569100
2018-03-22,48.1265881094687,48.6988346025004,47.89437397529949,47.91096115112305,6846500
2018-03-23,47.91924229559297,48.043644504231914,46.70011520385742,46.70011520385742,9476800
2018-03-26,47.239187518006794,48.10170154639778,46.89915837500187,47.93583297729492,8444900
2018-03-27,48.184638941384655,48.516376111895305,47.38847352857525,47.65386199951172,7562900
2018-03-28,47.687034964367825,48.184637542002264,47.45482084996243,48.01877212524414,9301900
2018-03-29,47.48798648397805,48.21780625438532,47.131373348690495,48.01047134399414,12015200
2018-04-02,47.70361687668738,47.87777744328012,45.92883053823638,46.64206314086914,16778300
2018-04-03,46.899149261978515,48.14315854300543,46.81621657538174,48.10169219970703,10908200
2018-04-04,47.479703548167635,48.906169016490274,47.446529196885656,48.790061950683594,7893100
2018-04-05,48.931034994332784,49.154957059541594,48.814927959856966,49.047142028808594,6305100
2018-04-06,48.74859061041902,49.04715343345383,48.17634730872241,48.38368225097656,8264500
2018-04-09,48.54953389818156,49.23788402118061,48.45001088277426,48.682228088378906,8023800
2018-04-10,49.02227490113296,49.337424903357906,48.823231961917145,49.27107620239258,6545000
2018-04-11,49.08862158005684,49.51987865532055,48.931048157119825,49.27936935424805,5508000
2018-04-12,49.4783872957227,49.859882651328256,49.27934445245794,49.28763961791992,6088200
2018-04-13,48.93104207236192,49.387178272503895,48.89786772523308,49.13008499145508,6689800
2018-04-16,49.03883843659798,49.50326646475129,48.79832925705934,49.28763961791992,6119200
2018-04-17,49.553036085772604,49.76037096479257,49.26276852061632,49.619384765625,6139600
2018-04-18,49.53646998868756,49.61940587378408,49.29596066742841,49.34572219848633,5914200
2018-04-19,49.27934496106521,49.33740162886224,48.70710192175081,49.11347961425781,6280100
2018-04-20,48.95591089363483,49.080313087209205,47.935823662834274,48.10169219970703,12037600
2018-04-23,48.1099842503946,48.70710971825441,47.84459585660784,48.2343864440918,8444400
2018-04-24,48.49978217404117,48.649063563586694,47.81143191218545,47.94412612915039,7793600
2018-04-25,48.32562214225515,48.32562214225515,47.512869658890686,47.86119079589844,8367400
2018-04-26,48.19293111936507,49.909664068288826,47.97730102281314,49.246192932128906,14516600
2018-04-27,48.159755470977764,48.91445446116737,47.687032101500755,48.400264739990234,11975200
2018-04-30,48.42514497643966,48.524664855430586,47.653858795980234,47.745086669921875,7854600
2018-05-01,47.82801219098179,48.309030667264885,47.63726446670107,48.209510803222656,7257500
2018-05-02,48.15145811307584,48.176337288594105,46.882566379092914,47.023555755615234,7299100
2018-05-03,46.874288131228674,46.91575449048798,46.06153546776071,46.550846099853516,7152400
2018-05-04,46.890860904730964,48.04364242192698,46.84939455820841,47.836307525634766,9279200
2018-05-07,48.92274889365804,48.964215244734284,47.49628363814067,47.645565032958984,10630600
2018-05-08,47.64556180865492,47.861188717867215,47.272358346864806,47.8280143737793,7234000
2018-05-09,47.87803934690515,48.03643672940718,47.34448692140008,47.55290603637695,7015300
2018-05-10,47.669614422778785,48.10312651072851,47.536226332657556,48.06144332885742,6565800
2018-05-11,48.11980299711759,48.23651718469773,47.57791206309765,47.74464797973633,5843400
2018-05-14,47.81968252214117,47.94473208370724,47.51122312067687,47.62793731689453,5871800
2018-05-15,47.5195722124086,47.602938610866985,46.977681081756344,47.21944808959961,7415800
2018-05-16,47.37782376362147,47.79466189697634,47.344475949699664,47.64459991455078,4843900
2018-05-17,47.6862907409668,47.8113402928983,47.502880915199555,47.6862907409668,6110100
2018-05-18,47.744643747807444,47.84468401683417,47.40283658009521,47.65293884277344,7786000
2018-05-21,47.853034585094136,48.20317720477952,47.73631719830873,47.80301284790039,5379300
2018-05-22,47.93639206516168,48.03643234074826,47.44452287154501,47.4862060546875,5355600
2018-05-23,47.35281986105507,47.99475108392774,47.319472041113414,47.92805862426758,5339900
2018-05-24,47.88637255815236,48.13647802905286,47.61959635740011,48.086456298828125,5681600
2018-05-25,48.08644901088706,48.6700230541703,48.003082653370605,48.286529541015625,6783800
2018-05-29,48.103128821138554,48.25319082726033,47.52789007093071,47.711299896240234,6475900
2018-05-30,47.87804032294173,48.06978553100255,47.64461192708044,47.91972351074219,5762400
2018-05-31,47.66961105027395,47.91137794033394,47.14439409123186,47.24443435668945,9433000
2018-06-01,47.38616957524415,47.54456695596417,47.19442437324941,47.44452667236328,4967700
2018-06-04,47.60292065101017,47.686290198238744,47.352818369770546,47.577911376953125,7484100
2018-06-05,47.261125122557374,47.26946366944981,46.08564124840652,46.41911315917969,18278800
2018-06-06,46.55249355007545,47.66962013119987,46.36908371161189,47.66128158569336,13709800
2018-06-07,47.76133282097115,48.30322069879455,47.594596866170164,47.63628005981445,7919800
2018-06-08,47.45284944216352,47.56956678564477,47.11938085859866,47.186073303222656,8433500
2018-06-11,47.19443078467258,47.3028096284272,46.91098062577693,47.08605194091797,7181700
2018-06-12,47.18609223810946,47.43619775142376,46.93598990501887,47.08605194091797,8249700
2018-06-13,47.11104508802478,47.26944561624624,46.835933569898096,46.86094284057617,8283200
2018-06-14,47.06936825625354,47.57791136342255,46.944318705780816,47.53622817993164,11049700
2018-06-15,47.5529099872196,47.69463347067151,47.069376073792576,47.61126708984375,12408300
2018-06-18,47.327798411344254,47.78631968680841,46.77757224474279,47.70295333862305,9676900
2018-06-19,47.22776991664622,47.9363935933279,46.96932908456708,47.87803649902344,9965500
2018-06-20,45.71048803992385,45.86054689730996,43.00103917673575,43.53459167480469,62091100
2018-06-21,43.59294010662673,43.87639021235443,41.98394438591111,42.20069885253906,30723000
2018-06-22,42.51749895531348,43.11774701705993,42.36743693987686,42.71758270263672,24429600
2018-06-25,42.65088899469157,42.884317393637204,41.8588956951245,42.23405075073242,15578600
2018-06-26,42.108993623347345,42.209037081247295,41.77552497101677,42.00061798095703,12930600
2018-06-27,42.11734208259761,42.125677449273184,41.55044174194336,41.55044174194336,14576900
2018-06-28,41.225289516445784,41.25029878525414,39.491241460692635,40.466644287109375,33210100
2018-06-29,40.08317327441353,41.06690875673002,40.08317327441353,40.725101470947266,17413000
2018-07-02,40.55001225010563,40.933502561463925,40.4749812604727,40.9001579284668,9870900
2018-07-03,40.975184058034905,41.10023357244266,40.650047688041624,40.65838623046875,7517500
2018-07-05,40.783442957524116,40.875147859107976,40.34993408131027,40.52500534057617,9630500
2018-07-06,40.76678835847472,41.00855216348921,40.50001209208193,40.83348083496094,10712000
2018-07-09,41.0252174504193,41.72550579749178,41.0252174504193,41.60045623779297,12811700
2018-07-10,41.75051911784583,42.108997073914864,41.650475651747946,42.033966064453125,9038000
2018-07-11,41.867232752544666,42.08398723239948,41.7004968248438,41.800537109375,9542400
2018-07-12,41.9839511748174,42.23405350143737,41.850563055271834,41.89224624633789,9339200
2018-07-13,41.90057012690534,43.059382874325536,41.90057012690534,43.03437042236328,21718400
2018-07-16,42.97603059969174,42.97603059969174,42.25906817305311,42.46748733520508,16974900
2018-07-17,42.23405223590978,42.76760469810433,42.18403049999521,42.75093078613281,11421300
2018-07-18,42.80094114401103,43.03436948911157,42.517491076293496,42.64254379272461,13549500
2018-07-19,42.60920769229559,42.92600566218911,42.517502765729816,42.80095291137695,11415600
2018-07-20,42.56752329781137,42.71758532245109,42.309082437548845,42.44247055053711,11024100
2018-07-23,42.31742213368063,42.74259897374345,42.31742213368063,42.6759033203125,8406800
2018-07-24,42.767615773729226,43.117761655362166,42.5675351387027,42.659236907958984,9921500
2018-07-25,42.525827362174994,43.11773996186622,42.525827362174994,43.03437042236328,11368000
2018-07-26,43.084384295741366,43.217772354418926,42.800934273523765,42.89263916015625,11114800
2018-07-27,42.934343392966476,43.85138634868792,41.85889985346177,43.476234436035156,15770300
2018-07-30,43.517920804355995,44.05980870674656,43.15110105111884,43.267818450927734,14448400
2018-07-31,43.37617986596955,43.926406134747616,43.226117867191626,43.67630386352539,9228200
2018-08-01,43.55125699370998,43.55125699370998,42.725915949724445,43.292816162109375,11952400
2018-08-02,43.434542767512646,43.64296188478521,42.87598105972939,43.08440017700195,13636400
2018-08-03,43.101071672749065,43.72632898952911,43.00103139252674,43.54291915893555,8246100
2018-08-06,43.43453991440688,43.57626655855869,43.18443762615306,43.40953063964844,6505800
2018-08-07,43.41786918471668,43.526244828818676,43.18443762615306,43.40953063964844,5869400
2018-08-08,43.51027568030225,43.59422244902514,43.11571882210398,43.27521896362305,7257200
2018-08-09,43.25843377080885,43.6697806688813,43.08214361550536,43.58583068847656,7175400
2018-08-10,43.308798159233774,43.34237814705378,42.9814012838984,43.24163818359375,10539300
2018-08-13,43.333981157547754,43.61940464671227,43.2080610079058,43.49348449707031,7911300
2018-08-14,43.52704905354624,44.27418915525143,43.47668228878526,44.14826583862305,9385400
2018-08-15,43.91322631920799,44.44209673105142,43.90482972084376,44.282596588134766,9566000
2018-08-16,44.47566914901581,44.7946725829115,44.42529917449645,44.526039123535156,8721200
2018-08-17,44.450497961317595,45.00455502362449,44.450497961317595,44.962581634521484,8166900
2018-08-20,45.08850323474238,45.46627015340349,45.08010983760077,45.264793395996094,9791200
2018-08-21,45.474649822141075,45.70130990491102,45.2899663195001,45.331939697265625,7990000
2018-08-22,44.95417854384644,45.02973191426758,44.207041437661736,44.34135818481445,10369600
2018-08-23,44.290970352855844,44.65194706578509,44.12307688835509,44.20702362060547,8567600
2018-08-24,44.34135996722848,44.425306736686935,44.0055664846667,44.282596588134766,9849800
2018-08-27,44.48407133516877,44.64357147097535,44.33296459498828,44.467281341552734,6443200
2018-08-28,44.509251884581445,44.88701871092995,44.47567189949188,44.5344352722168,7171900
2018-08-29,44.55121721035337,44.861824010368196,44.257400399847874,44.70232391357422,6604900
2018-08-30,44.5931945625409,44.836644628607516,44.467274433528175,44.5764045715332,5576400
2018-08-31,44.03913332442741,45.08848364116861,44.030739930933215,44.87022018432617,10892800
2018-09-04,44.86183219368979,45.07170229729449,44.66875208265711,44.93738555908203,8235200
2018-09-05,44.887025207057484,45.31515887063694,44.73591845464965,45.15565872192383,7966300
2018-09-06,45.04652230909523,45.625762685906196,45.03812891335763,45.508235931396484,7803400
2018-09-07,45.49983335285727,46.13783697816085,45.466253371956235,46.053890228271484,10231700
2018-09-10,46.1210650817283,46.2637784553648,45.81045814244579,46.1462516784668,8621000
2018-09-11,46.028708895244044,46.5072124361391,45.978338921647534,46.27215576171875,7873900
2018-09-12,46.3393318408513,46.3393318408513,45.60898458272479,46.1462516784668,7297300
2018-09-13,46.27216261284297,46.64992946484109,45.95316233992354,46.07908248901367,8566600
2018-09-14,46.17142942942441,46.17142942942441,45.844032533121286,45.9615592956543,6827700
2018-09-17,45.91956957618394,46.053886285926964,45.56698621163164,45.8104362487793,9277200
2018-09-18,45.73488911279563,46.406472752749956,45.41588568293105,46.23018264770508,7569600
2018-09-19,46.35611191097879,46.834615515802845,46.08747842063419,46.53240203857422,7451600
2018-09-20,46.67511306195105,47.62372689399914,46.67511306195105,47.371883392333984,10582600
2018-09-21,47.47261577635065,48.32888616496955,47.44743238921478,48.2281494140625,25800500
2018-09-24,47.80002288465443,48.15260639209937,47.4978125670271,47.590152740478516,10616000
2018-09-25,47.83359047932226,48.093830543505455,47.707670346869826,47.76643371582031,9445500
2018-09-26,47.657305218424916,48.555549037848486,47.64051522525131,48.07704544067383,7757300
2018-09-27,47.934337926538014,48.513581553164265,47.934337926538014,48.13581466674805,6606200
2018-09-28,48.177789571892035,48.177789571892035,47.66570590998588,47.7160758972168,8975900
2018-10-01,47.77483644047898,47.80841642996962,46.61635242196444,46.658329010009766,12726900
2018-10-02,46.63314897917248,47.01930930556516,46.41488542149625,46.66672897338867,12680800
2018-10-03,46.84300587181436,47.10324594973352,46.55758240654818,46.56597900390625,7383500
2018-10-04,46.82622047694975,47.078067184601224,46.59116696566322,46.91856384277344,9722000
2018-10-05,46.968921022963066,46.968921022963066,46.43165417082294,46.809417724609375,9734000
2018-10-08,46.859795049614824,47.64051206743769,46.54918820240081,47.4642219543457,9623900
2018-10-09,47.707670716746485,50.116978469486206,47.690880725149974,48.4464111328125,24855700
2018-10-10,48.412824187860885,48.580720877319074,46.960523748419085,47.019287109375,14190500
2018-10-11,46.75905381537714,47.237557334945635,45.92796690107421,46.053890228271484,15316900
2018-10-12,46.767451170471396,47.66569492029149,46.40647435111975,47.388668060302734,13980500
2018-10-15,47.32150712475593,48.009880765632005,47.27114035253206,47.64051055908203,10175100
2018-10-16,47.80000719316029,48.69825085917411,47.65729707910352,48.530357360839844,11731400
2018-10-17,48.60592620305422,49.86514705595859,48.50518622911962,49.61330032348633,14631000
2018-10-18,49.529340512735914,49.97426407224658,48.8157834981588,49.22712707519531,12184700
2018-10-19,49.01725168951057,49.588098520409055,49.01725168951057,49.24391174316406,10180500
2018-10-22,49.47057599373065,49.83155279102174,49.17675915982548,49.44539260864258,8680200
2018-10-23,48.992083287090765,49.78119381704009,48.866159929102544,49.369850158691406,12834200
2018-10-24,49.16836413227903,49.764394415714754,48.647887208881876,48.740230560302734,12189700
2018-10-25,48.933304017594516,49.92389095818658,48.43801054729848,49.49575424194336,9569600
2018-10-26,48.723447134396466,48.9920806279845,48.1777835492161,48.74863052368164,13367600
2018-10-29,49.26070161022034,50.100181865060684,48.43801134476037,49.00046157836914,14412800
2018-10-30,49.05083723293048,49.420207435030306,48.429620363291775,49.18515396118164,14230100
2018-10-31,49.512557152538776,49.63008390457486,48.866156813976495,48.916526794433594,11560400
2018-11-01,48.94170468337545,49.588104949294795,48.7486245835341,49.21873474121094,18772400
2018-11-02,52.03940003968725,55.13708207681984,51.9638466630565,53.99538803100586,45573000
2018-11-05,53.66798291919551,54.675356850275165,53.575639561628364,54.12969970703125,23242600
2018-11-06,53.978589992426116,55.47286401629116,53.93661341231565,55.414100646972656,16065400
2018-11-07,55.64915958477099,57.26096050542958,55.43928947307917,57.218990325927734,16465000
2018-11-08,56.89997714953585,57.907357413280025,56.77405381597698,57.689090728759766,14081700
2018-11-09,57.49601646728767,57.890573318916466,57.1518327998362,57.58835983276367,8637200
2018-11-12,57.45404071439682,57.873780915046176,56.916773769943816,57.009117126464844,12789600
2018-11-13,57.034298111427844,57.31971836157828,56.32913127358085,56.58937454223633,16637000
2018-11-14,56.80037886730306,57.34896576043223,56.31930610129793,56.58094024658203,13350500
2018-11-15,56.302414178233626,57.18860376779754,56.00701979475053,57.0704460144043,15246500
2018-11-16,56.80038077129462,57.83848214578571,56.62313766919534,57.52621078491211,9287900
2018-11-19,57.47556937198287,57.78784718410472,56.741304088112145,57.315216064453125,10855400
2018-11-20,56.87632567930319,57.28987781366038,56.34461579227253,56.69908905029297,11208900
2018-11-21,56.94383771664412,57.374273145059945,56.33616568573086,56.35304260253906,10978100
2018-11-23,55.90573960352741,55.90573960352741,55.07863532026573,55.44998550415039,7779800
2018-11-26,55.6863007384658,55.80445847897076,55.03642672657463,55.44154357910156,13066800
2018-11-27,55.24743528783239,56.16738524946249,55.120835842217105,55.77070999145508,13169100
2018-11-28,55.85510822514391,56.53873622588023,55.264319389830476,56.395259857177734,12867600
2018-11-29,56.277104984355745,56.78349636054092,55.80447389179834,56.445899963378906,9605500
2018-11-30,56.42902126429186,56.86789205940238,56.25178461016365,56.31086349487305,27308900
2018-12-03,56.85946114873858,57.44180835976645,56.2602305755847,56.96917724609375,13834300
2018-12-04,56.9438511196992,57.51776301296589,56.08298006024159,56.25178146362305,13555100
2018-12-06,55.8129167385741,56.268670970977674,55.35716250617054,56.167396545410156,17222200
2018-12-07,55.846663436216545,56.24333867746715,55.02799435348488,55.25587463378906,11057500
2018-12-10,55.255877747789704,55.534395244250945,54.39500665674866,55.27275466918945,12148300
2018-12-11,55.88887626743301,56.4796651847799,55.298080910969865,55.635677337646484,10903100
2018-12-12,55.70318446764579,56.488093233618116,55.70318446764579,55.81290054321289,11115800
2018-12-13,55.947947214826065,56.732856058771475,55.81290608768411,56.471221923828125,10016200
2018-12-14,54.38656872769725,55.568146340744946,53.66073880018792,55.14615249633789,16834000
2018-12-17,54.85919288178806,55.390902740868874,54.08272585100248,54.41188049316406,15143100
2018-12-18,54.6650837466697,55.196800150324066,54.479411850484695,54.791683197021484,10523500
2018-12-19,54.99424091351793,55.61879000051091,53.74513630041689,54.06584930419922,14390100
2018-12-20,53.68606746168364,53.84642399356938,51.86305384098385,52.4538459777832,20264600
2018-12-21,52.58887886627041,53.34846592404794,51.80396998620982,51.812408447265625,23524900
2018-12-24,51.888363657209425,52.17531960536078,50.99373553190048,51.11189651489258,6323300
2018-12-26,51.44105190744227,53.3653428686662,51.2047331577856,53.238746643066406,16646200
2018-12-27,52.85051619099292,53.37379095553479,52.00652837412181,53.340030670166016,11308100
2018-12-28,53.432864125774,54.11649534330559,53.31470313963109,53.50038146972656,7711900
2018-12-31,53.82110052368789,54.53005037985559,53.728261353781974,54.352813720703125,7689800
2019-01-02,53.74514191675155,54.32749554361342,53.3484666311567,54.28529357910156,10094000
2019-01-03,53.55946148455549,53.7789001010421,51.820848791685535,51.930564880371094,14390100
2019-01-04,52.664830162915095,54.22620601321589,52.394754374966396,53.65229415893555,12694400
2019-01-07,53.466615847386805,54.21776433384148,52.951786090055265,53.65229415893555,10337600
2019-01-08,53.96457962688871,54.259977293297815,53.21343098813188,53.69450378417969,10809700
2019-01-09,53.719823626123855,54.04897834606038,53.1290315346583,53.9139404296875,13080300
2019-01-10,53.686057040038186,54.34436640263356,53.373782498750316,54.17557144165039,10397600
2019-01-11,52.5720007993902,53.88018124460013,52.048726045659876,53.7873420715332,13805700
2019-01-14,53.466625106908616,54.06585566397415,53.15435052667922,53.48350524902344,9929600
2019-01-15,53.66074687577705,54.54693021892758,53.55102755824307,54.082740783691406,7930400
2019-01-16,54.184010092235354,54.70728480679801,53.8042181865646,53.82109832763672,8091300
2019-01-17,53.74513456956838,54.34436503684826,53.67761401122604,54.25152587890625,6767100
2019-01-18,54.698841971775146,54.698841971775146,53.89705621490039,54.60600280761719,9835200
2019-01-22,54.77480989957673,55.880431864967136,54.6482104408481,55.18836212158203,16414300
2019-01-23,55.601916630253854,56.29398640210079,55.54283773896629,56.06611251831055,12372400
2019-01-24,56.218030073672054,56.34462953645072,53.112154590534104,54.6397705078125,29719800
2019-01-25,56.572512654094226,57.12954780561452,55.787603583662936,56.62314987182617,21885800
2019-01-28,55.86354571348219,56.51341338356191,55.62723019708956,56.46277618408203,11537700
2019-01-29,56.54717996346221,56.96917384378656,55.87198717929702,56.58094024658203,10703400
2019-01-30,56.64000952094911,57.56839461230072,56.58937232441987,57.517757415771484,11702500
2019-01-31,57.54308721877923,58.64870915238349,56.614701946653184,57.50932693481445,24233300
2019-02-01,57.889115480051174,58.505229357972595,57.39116580866316,57.484004974365234,10309200
2019-02-04,57.41647780387356,57.483998360090574,56.61469212591917,57.036685943603516,13562400
2019-02-05,57.1886029939915,58.581183856271544,57.087322161404295,58.522098541259766,12781600
2019-02-06,58.7342050631918,58.86994447297228,58.11487580154354,58.41181182861328,10283400
2019-02-07,58.1997156983931,58.71723556556481,58.09791275581515,58.6578483581543,10109200
2019-02-08,58.34394187165264,59.23475647114691,58.19971671865879,59.17536926269531,8862000
2019-02-11,59.38746446510465,59.78620990500554,59.260204318135436,59.37897872924805,9229700
2019-02-12,59.59107972185652,59.77772708348162,59.141432790334356,59.17536926269531,8848900
2019-02-13,59.22626614213674,59.89649685567147,59.21778687924423,59.82014465332031,10264000
2019-02-14,59.497743774349495,60.69397990574318,59.36200438561144,60.100101470947266,9441100
2019-02-15,60.363124770432044,60.54977214710315,59.54866878627516,59.989830017089844,13924600
2019-02-19,59.77772800241605,59.896502421145115,59.200820908851874,59.55714416503906,9208400
2019-02-20,59.582602406231324,59.89650345857199,59.42989151197462,59.71834182739258,9671800
2019-02-21,59.50623327187662,60.17646394158638,59.50623327187662,59.98133087158203,10933500
2019-02-22,60.0322466711879,60.566731540854036,60.023760935019176,60.490379333496094,11311600
2019-02-25,60.999425986678645,61.143651167546246,60.218906389690034,60.27829360961914,12071200
2019-02-26,60.23585510885239,60.61762906622904,60.1679821693615,60.35462951660156,12302300
2019-02-27,60.09162408582205,60.346137874924025,59.31958403829204,59.51471710205078,13274800
2019-02-28,59.50625711551286,59.803193234308445,59.20083525825971,59.60806655883789,18956700
2019-03-01,59.92196846307576,60.32919976896333,59.76925753245817,60.10861587524414,8067700
2019-03-04,60.2273721402499,60.53279390927105,59.701373016829066,60.19343566894531,9219700
2019-03-05,60.39705185706533,60.99092389713961,60.28675671196598,60.72792434692383,10496100
2019-03-06,60.92305653408637,61.23696405412759,60.371606648991786,60.46492385864258,7666100
2019-03-07,60.405547279447234,60.541293195046904,59.77773860160257,59.904998779296875,7814700
2019-03-08,59.51472459864817,59.61652753802462,58.56452283724167,58.8444938659668,12363900
2019-03-11,58.86147314413088,59.395964596399025,58.65786074326382,59.11599349975586,11518300
2019-03-12,59.16689502929749,59.8795481419867,59.12447928514028,59.429901123046875,12751700
2019-03-13,59.46382337573524,60.151025657780814,59.37050616166851,59.47230911254883,13798600
2019-03-14,59.54867348615901,60.14254566541957,59.54867348615901,60.01528549194336,9249200
2019-03-15,60.066181990737064,60.41401949433896,59.84559816362363,59.95588684082031,13096900
2019-03-18,60.04920000926037,60.33765672849699,59.76074976274267,60.100101470947266,5682400
2019-03-19,60.193426249917934,60.829720423691775,60.12555979064854,60.55823516845703,7810700
2019-03-20,60.91457540422186,61.42360953710234,60.5243092138693,60.77034378051758,9512400
2019-03-21,60.50735288079385,61.457554811596935,60.50735288079385,61.30484390258789,8044400
2019-03-22,61.1266554408174,61.432077124861415,60.821233756773395,61.050296783447266,8022800
2019-03-25,61.08424771746042,61.491478883573535,60.855184636516654,61.338768005371094,6453800
2019-03-26,61.69509978327897,62.09384526901594,61.364227246756954,61.898712158203125,7624000
2019-03-27,61.88173372781483,62.15321899303678,61.61024846259289,61.71205139160156,7662700
2019-03-28,61.90718287951202,62.764060855534,61.83930994675958,62.74708938598633,6709600
2019-03-29,62.78952774768623,63.18827323933564,62.38229651907895,63.06949234008789,9099500
2019-04-01,63.425805768072486,63.57003089563208,62.55196279522196,62.74708938598633,8108400
2019-04-02,62.78952015121008,63.16280838682429,62.64528853125912,63.01009750366211,5520900
2019-04-03,63.256158039056785,63.44280546986774,62.67077147382196,63.061031341552734,6755600
2019-04-04,63.20523256416516,63.34945771589228,62.76407137278801,63.077972412109375,5449800
2019-04-05,63.07798477507385,63.69731418434664,63.07798477507385,63.65489196777344,5346200
2019-04-08,63.179761097761705,63.883928098394996,63.179761097761705,63.7990837097168,5140400
2019-04-09,63.51914502118015,63.82456682080308,63.45975780862685,63.73124313354492,4905800
2019-04-10,63.80758967500791,64.32510954099143,63.80758967500791,64.03665924072266,6066300
2019-04-11,64.26571379182705,64.53719905652731,64.18087586024308,64.36752319335938,6042600
2019-04-12,64.56264803728945,65.28378014526939,64.5371973057766,65.02926635742188,5194800
2019-04-15,65.04625433037651,65.07170507087929,64.54570583989842,64.61357879638672,7632200
2019-04-16,64.88501774496831,64.95288418019831,63.934816451863895,64.2232666015625,8336600
2019-04-17,64.14695362141806,64.4438896841846,63.45975780862685,63.73124313354492,9439000
2019-04-18,64.03666956281162,64.69841468559642,63.80759996017309,64.52873229980469,6607800
2019-04-22,64.23177622811716,64.52871221995154,63.80758010471969,63.96877670288086,4883100
2019-04-23,64.03666199437022,64.5287246732068,63.97727478454234,64.4693374633789,5273900
2019-04-24,64.52022744099888,65.2243880263624,64.40145305442101,64.80867767333984,9347300
2019-04-25,64.57113291942346,65.52133454391053,64.43538705618859,65.41952514648438,11084500
2019-04-26,65.28381148970084,65.767395038783,63.68034990733782,65.7080078125,12550500
2019-04-29,65.58073518948643,65.89463623533025,64.97837088875407,65.24986267089844,5426800
2019-04-30,65.32619216900798,65.99642270954605,65.06319268738956,65.9030990600586,7384400
2019-05-01,65.89462463424842,66.30185576304952,65.64011084237704,65.76736450195312,6678000
2019-05-02,65.88614165836205,65.97097958420387,65.11410164594804,65.72494506835938,6247500
2019-05-03,65.82678233165399,66.51398477673486,65.61468417003985,66.21704864501953,4967900
2019-05-06,65.49588410570115,66.24247348517717,65.34317323014649,66.22550201416016,5607500
2019-05-07,65.80980584916726,66.80242351895062,65.68254567984914,66.14067840576172,8115800
2019-05-08,66.12364317169875,67.02710925410437,65.73157286230101,66.52423858642578,7799900
2019-05-09,66.12360996646936,66.67762448516484,65.92757165883984,66.39635467529297,7326600
2019-05-10,66.16623665442114,67.16346560301022,65.76564785770807,66.8395767211914,6448600
2019-05-13,65.84235606905497,66.29408899258415,64.84513359604733,65.35652923583984,9778500
2019-05-14,65.41620781556547,66.26001115098325,65.35654508483391,65.68042755126953,6870900
2019-05-15,65.36505524086259,66.43046554794277,65.22867960023707,66.27704620361328,5415500
2019-05-16,66.19181024055932,67.53848383630755,66.11509732216497,67.24869537353516,6941800
2019-05-17,66.92478826297626,67.88792301528822,66.79694427173685,67.2572021484375,7379900
2019-05-20,66.73729515144248,66.8395703652401,65.2627646259667,65.3394775390625,11475000
2019-05-21,65.67189498815821,66.35375369403206,65.41619390923766,66.08100891113281,5808500
2019-05-22,65.79974243391763,66.24295679330946,65.55257294830356,65.84236145019531,5602300
2019-05-23,65.52699261827854,65.57813673444448,64.51272643658957,65.12640380859375,9213200
2019-05-24,65.48436851579359,65.68040033435771,64.75136584040766,64.90478515625,5627600
2019-05-28,65.08375686335093,65.35650152243704,64.19733509563466,64.5212173461914,16205200
2019-05-29,64.20588805618516,64.34225719353049,63.35355981384445,64.16326904296875,10511600
2019-05-30,64.47862905419818,65.14344400381594,64.46157884881166,64.92183685302734,7178400
2019-05-31,64.4360166248166,65.04969402645035,64.24850336290088,64.82808685302734,7625700
2019-06-03,64.87923075316661,65.22868196512921,64.47863542274096,64.96446228027344,8122200
2019-06-04,65.43322293866073,67.12936047646437,65.33947283368012,66.92479705810547,11685000
2019-06-05,67.15496078564273,68.16070863816635,67.04416042577367,68.15218353271484,7437100
2019-06-06,68.21181712859762,69.57554079456644,68.10101681605705,69.37950897216797,10457200
2019-06-07,69.54998058333909,71.02451124674347,69.4732741658157,70.30003356933594,11278800
2019-06-10,70.61540118795696,70.62392629206873,69.36247749624245,69.83126068115234,8102800
2019-06-11,70.146620849162,70.62392261055352,69.76306921711627,70.20628356933594,6226400
2019-06-12,70.39377592118623,71.31429184636802,70.16365019126451,70.6835708618164,6088800
2019-06-13,71.02451360846695,71.638190980053,70.76028743291005,71.04155731201172,7156800
2019-06-14,71.20348285636905,72.11547356850437,71.0756323541031,71.80010986328125,9226500
2019-06-17,72.14958355396335,72.18367746235144,70.64948409862792,70.76028442382812,9313700
2019-06-18,71.2120274131938,71.68932914912784,70.64948765062998,70.67505645751953,10582600
2019-06-19,70.81143588687337,71.52738852908331,69.95910759695747,71.43363189697266,5401400
2019-06-20,71.94502681667376,72.30300310167289,71.45067489772366,72.18367767333984,5215800
2019-06-21,71.9621054250609,72.25189403364769,71.43365934129808,71.44218444824219,12610000
2019-06-24,71.66375019359324,72.07286405138632,71.26315493505803,71.29724884033203,6692500
2019-06-25,71.76602814685504,72.61835630300651,71.56147121014806,71.80864715576172,7312300
2019-06-26,71.85127801758462,71.85127801758462,70.89666798422891,71.06713104248047,7576400
2019-06-27,71.21201667914013,71.50180511720536,70.92222173832745,71.22053527832031,6084200
2019-06-28,71.22053609949339,71.56146865030797,71.01597917010366,71.45066833496094,6735300
2019-07-01,72.12399375131037,72.41378213412251,71.62111687742086,72.0643310546875,7935100
2019-07-02,72.22627972520607,72.95075729312582,72.03876650704508,72.88257598876953,6205800
2019-07-03,73.33430035994377,74.85144312763676,73.28316276189682,74.82587432861328,7818600
2019-07-05,74.57869843347562,74.91110582627368,74.05025274358684,74.82587432861328,5733100
2019-07-08,74.66396467919208,74.96227831120964,74.305988320771,74.52759552001953,6359500
2019-07-09,74.3997322786552,74.70657096291902,74.05879968472335,74.34859466552734,5355400
2019-07-10,74.51051646385062,75.4651262194752,74.51051646385062,75.32875061035156,5293000
2019-07-11,75.56744173047625,76.10440630042436,75.23502766022281,75.9168930053711,6191400
2019-07-12,76.09584983170558,76.55610777456837,75.72934849772672,76.51348876953125,5628000
2019-07-15,76.5987559894075,76.99934487687808,76.419767804942,76.84593200683594,6061300
2019-07-16,76.89705064657898,77.11865779762549,76.36007972299504,76.77772521972656,5591900
2019-07-17,76.77773605739192,77.03343064984799,76.47942244815201,76.9226303100586,4635900
2019-07-18,76.99082212080248,78.02213865341147,76.66693318307863,77.98804473876953,6470200
2019-07-19,77.91132531815887,78.08178836019893,76.90557776352678,76.96524047851562,10804800
2019-07-22,77.15273506941946,77.71527472447889,76.75214633345716,77.49366760253906,5636600
2019-07-23,77.77496808456054,77.86872473069069,76.0021234157813,76.80331420898438,7609200
2019-07-24,76.62430367806749,77.3487813210206,76.43679044048596,77.2635498046875,5388100
2019-07-25,77.97949772182764,78.03064183079348,77.110125902378,77.54481506347656,8106300
2019-07-26,82.1644495077306,84.99417920662314,81.15017674877477,84.47425842285156,20846500
2019-07-29,83.57078710167485,84.32935872021594,82.85482799377463,83.54521179199219,11184500
2019-07-30,83.10200302981289,83.76681801361165,82.26671849712446,82.37752532958984,7248300
2019-07-31,82.37749399505563,82.37749399505563,79.69265977171602,80.7069320678711,9912100
2019-08-01,80.97119203573737,83.17020070642036,80.61321569476549,81.29507446289062,8342300
2019-08-02,80.97117932575516,81.8576014376511,80.80071628616862,81.40586853027344,6381700
2019-08-05,80.55355722051677,81.41440420453802,79.29210835368191,79.86316680908203,8917400
2019-08-06,80.38307402485461,81.57633485830672,79.94839130556186,81.26097106933594,7438000
2019-08-07,80.93586737663382,81.87698082327219,80.56797680334655,81.46631622314453,6414000
2019-08-08,81.47487145935452,82.48443115479893,80.79897919035906,82.3646469116211,7423600
2019-08-09,82.26195422126209,82.85228517017362,81.63739362036313,82.39028930664062,5209200
2019-08-12,81.94540452331425,82.1507367668095,80.67918140646681,81.2010726928711,5513800
2019-08-13,80.86740849238875,82.70686107202722,80.60218737418336,82.67263793945312,8915600
2019-08-14,82.0566330047855,83.00629709819083,81.16685122820756,81.20962524414062,9989500
2019-08-15,81.70585588981598,82.36463321708327,80.94440916863651,81.73152160644531,5559400
2019-08-16,82.38175449674834,82.84375701443467,82.00530655032347,82.57852935791016,4852200
2019-08-19,83.18598674661193,83.33998759494854,82.32187051275677,82.69831848144531,5324900
2019-08-20,82.43309633011044,83.0918803194368,81.78286975720809,81.81709289550781,6809100
2019-08-21,82.3646367495497,82.6897532471845,81.90264077561791,82.40741729736328,4740500
2019-08-22,82.63841100911843,82.86085809692966,81.87696429467455,82.5528564453125,5146200
2019-08-23,82.48442700186051,83.07475813495029,80.75619457134215,81.02141571044922,8076600
2019-08-26,81.60320358971192,82.56143188476562,81.27809356531331,82.56143188476562,5802600
2019-08-27,82.73253900890286,83.07476385779412,82.15931614026276,82.21064758300781,6539800
2019-08-28,82.33042887160349,83.16887286750944,82.13364746915447,83.0490951538086,4948800
2019-08-29,83.71642410988564,83.90464808315372,83.04053190014812,83.58808898925781,4514300
2019-08-30,83.9645237705092,83.9645237705092,82.22774078886638,82.61273956298828,5209500
2019-09-03,82.49297516909272,83.16886738176387,82.17642260121822,82.79241943359375,5150700
2019-09-04,80.83319426102287,82.41597665653441,79.59263014651196,82.22775268554688,12937000
2019-09-05,82.59565269893945,82.9549858516991,81.42353471696123,81.7572021484375,5514400
2019-09-06,81.9197512629262,82.42452779813286,81.71441898821462,81.91119384765625,3991800
2019-09-09,81.96253359929533,82.07375389064886,80.20007807678358,80.55941772460938,6523300
2019-09-10,80.25996075646161,80.31984960525992,76.4013956615801,77.29972839355469,12490900
2019-09-11,77.15428788087323,78.24084461490845,76.66661965734636,77.83873748779297,8406600
2019-09-12,78.84831746620252,79.84076247284958,78.51464346414527,78.76275634765625,6862200
2019-09-13,78.83971554891181,78.83971554891181,77.2740419577527,77.41093444824219,6972300
2019-09-16,77.01740044273106,77.38529098848981,76.469843331936,76.50406646728516,6339200
2019-09-17,76.71794000764817,78.24939072310742,76.70083170727514,77.6419448852539,6493200
2019-09-18,77.83875484870603,78.16386489443707,77.05163566697317,77.82164001464844,4510700
2019-09-19,77.84728510506609,78.79695579425777,77.25695403447837,78.33495330810547,4843600
2019-09-20,78.37773423624643,78.77984787582236,77.05161561986561,77.06017303466797,10913800
2019-09-23,77.27406873598785,77.9927415053171,76.94040133403354,77.69329071044922,4532400
2019-09-24,78.36919345229848,78.5146368978284,76.5810784954514,76.93185424804688,5662600
2019-09-25,76.94895271556317,77.52217548654623,76.1618337389919,77.29972839355469,4764000
2019-09-26,77.71894548874242,77.98417311179153,76.57250001826637,76.82917022705078,5026400
2019-09-27,77.25696457354555,77.25696457354555,75.10951009331554,75.6057357788086,5987700
2019-09-30,75.63995527642992,75.76828387219807,74.95550563782072,75.64850616455078,6588300
2019-10-01,75.82816158801664,76.05060866699986,73.9630434505294,74.0143814086914,6719400
2019-10-02,73.53525946987466,73.58659742478947,72.00381531142548,72.14070129394531,9858200
2019-10-03,72.12361767353003,72.64550912322079,71.53327994546102,72.44017028808594,5989000
2019-10-04,72.63693082574875,73.55237832185777,72.50859572253086,73.50959777832031,5869000
2019-10-07,73.3299521961799,73.71495761583509,73.14172819466799,73.4497299194336,4382900
2019-10-08,73.1417116402813,73.86038434454044,72.45726859480033,72.64549255371094,6100400
2019-10-09,73.03906530467704,73.72350850507009,72.96206160978745,73.4497299194336,4427200
2019-10-10,73.50106447460111,73.63795049735704,73.04761279776966,73.54383850097656,3986000
2019-10-11,74.45071269199944,74.64749405841911,73.80049280164451,73.88604736328125,5611000
2019-10-14,74.00583584365538,75.01539548389007,73.92028126954645,74.10850524902344,4881000
2019-10-15,74.43361076266237,74.64750044876197,73.37271974727899,73.96305084228516,4695100
2019-10-16,74.0315154841091,74.288185782096,73.62085084020624,74.18551635742188,3698700
2019-10-17,74.33093308604484,74.45071077473067,73.71493634168681,73.82615661621094,4359400
2019-10-18,73.87751548575136,74.21974037798803,73.16739997665472,73.6037368774414,4631200
2019-10-21,73.57803360062286,73.78336582021022,72.79092131937671,73.02191925048828,4861200
2019-10-22,72.91928828957181,73.02195118055977,71.3450565113267,71.40494537353516,5767500
2019-10-23,72.13216762017557,72.21772873072851,70.2670489868167,70.7889404296875,7136200
2019-10-24,70.84025719682644,71.46481134157841,70.72047951078102,71.16536712646484,4591100
2019-10-25,71.19102816659672,71.49902977546,70.69480262705099,71.33647155761719,5235300
2019-10-28,72.26905008596793,72.70538688476695,71.31937933249705,71.52471160888672,6653400
2019-10-29,71.70439369862457,72.40595177836703,71.55895024331868,71.9781723022461,5699100
2019-10-30,72.38882069014518,72.465817838465,71.28514920579813,72.02948760986328,8731300
2019-10-31,74.18547561178409,74.6218122677495,71.25090974078068,72.34602355957031,14008800
2019-11-01,72.54283215239478,72.98771986073854,70.6777136888617,71.19104766845703,10658500
2019-11-04,71.26803611582662,71.38781380120628,70.07025273463567,70.47236633300781,8271200
2019-11-05,70.44672071779603,70.44672071779603,69.32594058352753,70.06172180175781,7054400
2019-11-06,70.22427530914763,71.32794706134257,70.15582903132244,71.0028305053711,6365300
2019-11-07,71.06270784620445,71.25948923120133,70.01892512447152,70.113037109375,7221400
2019-11-08,70.31840043088302,70.70339939254782,69.68528203395316,69.95906066894531,7054800
2019-11-11,69.94193191299918,70.6092667327399,69.61682191880118,70.52371215820312,5828200
2019-11-12,71.09977045203509,72.20895857960711,71.03098206582405,71.64146423339844,8551400
2019-11-13,71.61568912962645,72.47552450413026,71.53830053470898,72.1745834350586,7407900
2019-11-14,72.31216458890434,72.67329392625096,72.05421787366716,72.55291748046875,5285100
2019-11-15,72.81086196904604,73.034421009959,71.85644414979004,72.40673828125,7533000
2019-11-18,72.15737258439302,72.32074338105217,71.58128454146765,72.24335479736328,6432200
2019-11-19,72.27778215910642,72.46694705045245,71.85646453021552,71.93385314941406,6008400
2019-11-20,71.83065989298129,72.64750101029891,71.34915410256453,71.88224792480469,6248700
2019-11-21,72.01120867403723,72.26056170620083,70.30013820921579,70.76445007324219,8300500
2019-11-22,71.09981177328446,71.70169410237447,71.07401775346993,71.38355255126953,6080400
2019-11-25,71.5039230451794,72.2261817135028,71.30615799455319,72.01122283935547,5450400
2019-11-26,72.3379426713815,72.78506070868329,72.22616644206748,72.70767211914062,7651500
2019-11-27,72.95703796777036,73.78247922781067,72.58730845504172,73.74808502197266,7502400
2019-11-29,73.868473452088,74.57353832353274,73.30097885408334,73.45574951171875,3857000
2019-12-02,73.41273493471013,73.74807017408686,72.07139397720321,72.71627044677734,6425800
2019-12-03,72.25197309176771,73.08601454262265,72.07140843127705,72.93124389648438,6049800
2019-12-04,73.19777244958007,73.55030805078816,72.82804302978683,73.429931640625,5940300
2019-12-05,73.46432449060003,73.49871868716197,72.50130666693258,72.61308288574219,5170800
2019-12-06,73.11180456523111,74.40155769262441,73.11180456523111,74.22099304199219,8499800
2019-12-09,74.21240137674722,74.48754847979991,73.91146025778716,74.18660736083984,7164700
2019-12-10,74.37576337172416,75.20980477358889,73.86846362586131,73.98023986816406,7944800
2019-12-11,74.16942237814429,74.6939226308644,73.81688662532167,74.45316314697266,4921900
2019-12-12,75.66552754785756,76.43078065393733,75.2700039865149,75.8460922241211,10282100
2019-12-13,75.68271331232512,76.34479028147389,75.30439017569255,76.24160766601562,6714100
2019-12-16,76.6457458737078,76.78332272034082,76.03526337683023,76.3362045288086,6705600
2019-12-17,76.41358094770773,76.4995631831161,75.20980997191829,75.77729797363281,7296900
2019-12-18,76.00084922363794,76.39637271389053,75.51074331614849,75.65691375732422,5859200
2019-12-19,75.51935073927922,76.17282097183221,75.30439187224951,76.11263275146484,6022100
2019-12-20,76.34480537301599,76.52537006574337,75.57095200416636,76.0610580444336,14271500
2019-12-23,76.19863186195066,76.39639037277678,75.820302105553,75.86329650878906,4349700
2019-12-24,75.8374856640678,76.18142116332011,75.66552119445365,76.11263275146484,1847800
2019-12-26,76.29320836329033,76.31900237921451,75.48496087753607,75.73431396484375,4177700
2019-12-27,75.76010415056076,76.0610452545021,75.39897482583116,75.77729797363281,4129300
2019-12-30,75.67412698679462,75.83749127701189,74.85727929561017,75.18402099609375,4655600
2019-12-31,75.1840309159664,75.65693658481413,75.07224808367347,75.59674835205078,4115600
2020-01-02,75.76870757008165,76.82630157470703,75.70851934672918,76.82630157470703,6473800
2020-01-03,76.23301046317002,76.61133358207786,75.75149817361454,76.37918090820312,4874100
2020-01-06,75.76010415056076,76.01805741680995,75.20980997191829,75.77729797363281,5409800
2020-01-07,75.63114063655348,75.69132886778212,74.91747549482459,75.54515838623047,6514700
2020-01-08,75.61393923172456,76.82630392782188,75.47636239697688,76.42218017578125,7296300
2020-01-09,77.60015895906504,78.38261246414005,77.4453882965241,77.84091186523438,9443500
2020-01-10,78.07308331856271,78.15046538189254,77.06707057509486,77.52278900146484,7097900
2020-01-13,77.91830392841587,78.86412177027853,77.56576818588957,78.31382751464844,7382500
2020-01-14,78.40838304421753,78.62334186904758,78.12463582103639,78.23641204833984,5855200
2020-01-15,78.2450385807826,79.15646220570243,78.2450385807826,78.7093505859375,6145300
2020-01-16,79.09625511374644,79.62935541327575,78.78671385079696,79.60356140136719,5180300
2020-01-17,79.90450656064442,80.60957134897585,79.8013239477092,80.49779510498047,6962800
2020-01-21,79.81851535711758,80.4805856756271,79.26822127003818,79.56056213378906,7094600
2020-01-22,80.0850622105402,80.60956228729135,79.50897411313254,79.56056213378906,6157400
2020-01-23,79.03608039825038,80.69556323470734,78.02147420974262,80.60958099365234,6100600
2020-01-24,80.82453022394259,80.93630646796291,78.5373648368792,79.13065338134766,7815500
2020-01-27,76.20720122335584,76.91226591570693,75.27858407344614,76.2931900024414,11066500
2020-01-28,76.56836459642042,76.68874105843635,75.42478164724396,76.18143463134766,11922400
2020-01-29,75.79449101883255,76.04384406939303,73.6019081480573,74.56492614746094,17678700
2020-01-30,73.47293800820628,74.45314991547839,72.81946777670755,73.80827331542969,12224900
2020-01-31,73.76528346242486,73.93724792706254,72.67328877590171,72.9398422241211,11693900
2020-02-03,73.14620505284132,74.62512314890361,73.14620505284132,73.95445251464844,9090600
2020-02-04,74.92607706764483,76.52537188120002,74.47896542171637,75.99227142333984,9997100
2020-02-05,76.7783490647014,77.05477850922264,74.83470267930579,75.63807678222656,9982700
2020-02-06,75.7158234156973,75.75901160172528,74.42005920410156,74.42005920410156,8901400
2020-02-07,74.08316457112184,74.82606994846469,73.70307160859352,74.6532974243164,8073900
2020-02-10,74.6619414943613,75.68991664586781,74.43734049684764,75.61216735839844,7289300
2020-02-11,75.8972304476906,76.21685466267503,75.456668765544,75.59488677978516,5098500
2020-02-12,75.76766127734103,76.96840240184115,75.49123180818845,76.51056671142578,7747800
2020-02-13,76.45009113618423,78.18641708532257,76.24277070050434,77.68538665771484,8576600
2020-02-14,77.90134596646651,78.10003271542746,76.87337089909886,77.12388610839844,5686900
2020-02-18,77.20165649505806,77.28803948277059,76.26870441032395,77.08071899414062,5288800
2020-02-19,77.3053067726996,78.12596156164565,77.14118108738953,77.86680603027344,5210800
2020-02-20,77.51263051246823,77.96182594491904,75.78494461895203,76.53648376464844,5969200
2020-02-21,76.01816801959748,76.35506619152743,75.15432520119296,75.4653091430664,5800500
2020-02-24,73.02065657280014,74.3337017824464,72.78742183443659,73.01201629638672,8313600
2020-02-25,73.44392279527575,73.72899254309087,70.55005030630635,70.99925231933594,9404000
2020-02-26,71.35344344769148,71.90630254090496,69.66031165090018,69.68622589111328,10541500
2020-02-27,68.09675562279423,69.8589964015356,66.82690516527471,67.63027954101562,17120800
2020-02-28,65.79891845669603,68.07946340537671,65.41019175044778,67.75120544433594,19108600
2020-03-02,67.31063008824664,71.18928904546684,67.08603570316123,71.16336822509766,14258700
2020-03-03,71.09428695776582,71.37071647522188,67.47478240275701,67.89806365966797,12395900
2020-03-04,68.4941068656014,69.2802005065694,67.27608516805724,68.8223648071289,10999600
2020-03-05,67.29335539371209,67.29335539371209,65.03008488659053,65.8161849975586,12545300
2020-03-06,63.457887193327586,65.40153336763262,62.23987235120692,65.0819091796875,18080100
2020-03-09,60.97004387678804,63.95029975454519,60.53812235302038,61.186004638671875,15930300
2020-03-10,62.680444445455905,64.74502863795895,60.49492276314423,64.6759262084961,18414000
2020-03-11,62.91366812281725,64.1575971825973,58.223001796883445,59.00046157836914,17138000
2020-03-12,54.37890643922927,57.69606301577277,53.091779181316,53.64463806152344,25170600
2020-03-13,56.71129913195789,60.62450720307788,54.862672185359,60.399906158447266,19247200
2020-03-16,52.37480074027634,55.24275916697742,50.197916037726216,50.6125602722168,23354300
2020-03-17,51.441837761151085,51.50230649315128,46.310612747357,50.94944763183594,25045200
2020-03-18,47.986463484412454,49.80053521318998,43.20941419303218,48.66026306152344,28770600
2020-03-19,48.57388868377716,54.7330898400514,46.25878931411923,53.0485954284668,25167400
2020-03-20,53.817416987389514,56.73720718206371,50.02514683296948,50.128807067871094,28420600
2020-03-23,49.437720805572546,49.619126994470435,46.647509083600426,48.85030746459961,24905800
2020-03-24,54.08521043555995,56.28801270869775,52.694422686584154,56.0461311340332,28286200
2020-03-25,57.73062606527273,60.15802265145871,54.845390473712335,56.84950256347656,22977200
2020-03-26,57.626975288302546,61.833893768032674,57.22960823332806,60.38263702392578,20997500
2020-03-27,57.601033410665345,58.957266231037494,55.99428540811019,57.30732345581055,18950500
2020-03-30,57.497370757482386,58.93135287166529,55.786965820277786,58.62036895751953,14199700
2020-03-31,58.03296400380531,59.017744343836526,56.41757547170596,56.78902816772461,20109800
2020-04-01,54.422091264349206,55.942456294244195,53.19543618584841,54.09383010864258,12880400
2020-04-02,56.79766621222863,59.34599993075871,54.34435243718124,56.149784088134766,18175000
2020-04-03,55.6919525090389,55.933827465203514,52.6080336367435,54.465293884277344,14676500
2020-04-06,57.24686867702407,59.03502329742241,55.64012687357214,58.559913635253906,18010800
2020-04-07,61.82522407233508,62.611324122027085,59.026375465718075,59.35463333129883,13799400
2020-04-08,60.1061842983345,62.127573310139724,59.207786985110744,61.82522964477539,10417600
2020-04-09,61.505624765307836,64.1489890762518,60.589953207928374,63.82072448730469,19748100
2020-04-13,63.50970375013946,63.578812738465714,60.77132434602141,61.98934555053711,11191800
2020-04-14,63.65657421635066,64.20943304788577,62.76681724030501,63.6392936706543,10912000
2020-04-15,62.2053493003894,63.216044240272495,61.08235052900788,62.67182540893555,10642500
2020-04-16,63.15555633241156,63.71705554785523,61.63519094967444,63.501094818115234,11946800
2020-04-17,66.1876615486552,66.85281784437399,64.7623190971436,66.60230255126953,14268400
2020-04-20,65.66932352447236,66.49861837138762,64.85731581403854,65.06463623046875,9684700
2020-04-21,63.40607420905172,63.88982415481383,61.97209174040157,62.818660736083984,10345800
2020-04-22,64.39949333350012,67.43157728508183,64.29582980885685,66.90463256835938,11347000
2020-04-23,66.80096315142298,67.09466653046428,64.14896610457336,64.91778564453125,15513400
2020-04-24,65.43609731142081,65.67797226018847,64.10577850260069,65.28924560546875,8456000
2020-04-27,66.23946486736399,67.41429157955031,66.11852740498576,67.15513610839844,8258500
2020-04-28,67.95851138444564,68.77052572412477,66.48134098970424,67.97579193115234,12801400
2020-04-29,67.5352384950894,68.02762868672174,66.27402864618197,66.39496612548828,24575500
2020-04-30,66.36904440051275,67.06875496473775,64.95234272519929,66.28266143798828,15186000
2020-05-01,64.70183954828222,65.54840196523126,63.24194282501858,63.74297332763672,11216700
2020-05-04,62.69773076020379,62.73228527341162,61.55745818674363,62.10167694091797,12921800
2020-05-05,64.75365811282511,64.85732162562766,62.96550370821726,62.974143981933594,12976000
2020-05-06,63.72569259537428,64.65864457883761,62.93959892474041,63.02598190307617,12740900
2020-05-07,64.12056965502838,66.04913959968039,63.73833528401309,66.02307891845703,13360500
2020-05-08,67.10897897012877,67.699711995109,65.8145811020997,67.64759063720703,11917200
2020-05-11,66.56169217768911,67.04817591273489,65.84933815372474,65.91014862060547,9004500
2020-05-12,66.02305729290606,66.65722904894344,64.58097154435498,64.58966064453125,8549900
2020-05-13,64.68523854659091,65.8058941733999,63.34740175089281,63.95551300048828,11532700
2020-05-14,62.826180994239145,64.53757001211858,61.37541208294288,64.45069885253906,11932300
2020-05-15,63.25182305115336,64.84159033425219,63.13020216228866,64.42460632324219,9489100
2020-05-18,66.77017929304859,67.32616255683888,66.19681782410296,66.22288513183594,8903200
2020-05-19,66.37057089114383,67.08292490670772,65.81458759254974,65.90145874023438,6484900
2020-05-20,67.09163218636056,67.6215483191553,66.47483162665493,67.55205535888672,7790500
2020-05-21,68.28176497938998,68.95936923341164,67.66497119360503,67.80397033691406,10312600
2020-05-22,67.67366180022486,67.80397184301061,66.47481736000894,67.430419921875,7653300
2020-05-26,69.1505061184376,69.42849784304843,67.39568459955278,67.55205535888672,8422200
2020-05-27,68.6118808024507,68.6118808024507,67.2306050612258,68.2817611694336,8245300
2020-05-28,68.31650828840637,69.55009574302483,67.69971456109712,68.2296371459961,8331400
2020-05-29,68.29913949648949,68.31651107454267,67.11767335356505,67.75183868408203,10043600
2020-06-01,67.46515080557062,68.32518624243464,66.69197986909992,68.03850555419922,7922000
2020-06-02,67.73447206031969,67.98640304150118,66.70937655626992,67.56941223144531,9521000
2020-06-03,68.15143941752373,69.45452626396084,68.02113603515397,69.13310241699219,9956700
2020-06-04,68.89855416389847,69.64565793968055,68.16882859379142,68.40338134765625,7667600
2020-06-05,69.7846509496887,71.5221002054837,69.47190955341816,71.35704040527344,12030800
2020-06-08,72.1736454575474,72.6427575635302,71.39179194757605,72.59062957763672,10229600
2020-06-09,71.77403541795711,72.295268900173,71.02693166323844,71.55685424804688,7999800
2020-06-10,69.39374883005817,69.52405890227742,67.93429060246288,68.6379623413086,19683800
2020-06-11,65.80589896913285,66.70937349289521,62.67849123478243,63.04335403442383,26422200
2020-06-12,65.1543648918385,66.64857272047982,64.12058018131101,66.35320281982422,18529800
2020-06-15,64.54624392023389,67.68234042598542,64.35512343744789,66.85704803466797,14644700
2020-06-16,68.44681335882959,68.57712337692922,66.36187295276385,67.62152099609375,10890100
2020-06-17,67.82134762232069,68.0124681465293,66.61382063156023,66.97868347167969,6906700
2020-06-18,66.6485539329305,66.70936439124057,65.84932887290009,66.29237365722656,8486000
2020-06-19,66.91786524483067,67.22191757636759,65.0501057398985,65.50184631347656,12538600
2020-06-22,65.06748394618275,65.71902749712346,64.2161307900356,65.50184631347656,8238600
2020-06-23,66.30976461656786,66.34451440340706,65.21516952858735,65.58003234863281,8076600
2020-06-24,65.06748008831377,65.08485166572432,62.54817718181104,63.97288513183594,12306400
2020-06-25,63.60802502656869,64.38118949674876,62.695861419894236,64.15531921386719,8624800
2020-06-26,63.96417257868985,64.08579345950508,61.89661097698997,62.17460250854492,17627800
2020-06-29,62.035625573491,63.85125676825798,61.73156666755857,63.833885192871094,8653000
2020-06-30,63.92077614170024,64.18138962035232,63.251854294686154,63.92945861816406,11324000
2020-07-01,64.28562297619563,64.88504509512666,63.747011316587816,64.31168365478516,6750000
2020-07-02,65.18911577315224,65.23254804043374,63.972899615907686,64.09452056884766,6544400
2020-07-06,65.09355429870092,65.57135562484847,64.42463906993909,65.53660583496094,7235300
2020-07-07,65.26728295107131,65.35416072151726,64.28562644675925,64.5028076171875,7515100
2020-07-08,64.3464237417324,64.71997554354034,63.70356946461245,64.40723419189453,7346200
2020-07-09,64.05108182018215,64.4767551123978,62.48737454369421,63.91208267211914,9618200
2020-07-10,63.41690383789658,64.77211226475539,63.19103355747226,64.53755950927734,7524200
2020-07-13,64.77213830909301,65.01538026527389,62.97387770121721,63.112876892089844,9464500
2020-07-14,62.54817821333288,63.39084223027301,62.39180750268581,63.182350158691406,8780900
2020-07-15,64.68523807100001,65.85801504880983,64.2508757364154,65.68427276611328,10300700
2020-07-16,65.0674638703586,65.27595588653556,64.00761896070975,64.6244125366211,6649300
2020-07-17,64.65915900095514,64.76340831762832,63.59931414555592,64.42460632324219,6087500
2020-07-20,64.42461510359617,65.3454609955988,63.96418552975259,65.11959075927734,8832700
2020-07-21,65.8319691072378,66.71807217975783,65.38891757097778,65.53660583496094,10637500
2020-07-22,65.60609588994177,67.17849233065789,65.25861126209976,67.10030364990234,9213100
2020-07-23,66.78755305920353,66.95261287437195,65.06748185168105,65.46709442138672,7795100
2020-07-24,65.39760019665334,66.02308309697446,65.24991857514532,65.83196258544922,5673400
2020-07-27,65.927526092079,66.63988017971646,65.62347373049796,66.42269897460938,6771100
2020-07-28,66.28372340998108,66.36190548245894,64.7721370636149,64.84163665771484,12273400
2020-07-29,67.37828138156381,68.18619556696248,66.80492656203353,67.25666046142578,15261100
2020-07-30,66.5703819407466,66.87444093628035,65.50185410174672,66.57907104492188,7889800
2020-07-31,66.23157427166532,66.49219435247551,65.57134822187575,66.48350524902344,7423800
2020-08-03,66.44005226175955,66.54429495929037,65.5365779920549,65.58869934082031,7138300
2020-08-04,65.47577926669268,65.5800219828893,64.94585669988294,65.26728057861328,12792400
2020-08-05,65.458410665971,66.01439399340221,65.44103908667056,65.83196258544922,7780800
2020-08-06,65.683473030696,66.3123584386924,65.45638070528487,66.08526611328125,6764800
2020-08-07,65.92803167235256,66.32108164236753,65.692196359226,66.19879913330078,6569300
2020-08-10,66.22501180732759,67.84089378154725,66.21627543707399,67.66620635986328,6604300
2020-08-11,68.36496249474355,69.85856860018914,68.12913380982465,68.8890380859375,10238500
2020-08-12,69.51791338199793,69.605263752167,68.71434062206443,69.2558822631836,5378000
2020-08-13,68.93270633860475,69.56159171444978,68.86282870486687,69.02005004882812,4383400
2020-08-14,68.60078597405189,68.94143105104978,68.14658809545685,68.45230102539062,3771300
2020-08-17,68.6531941708737,68.96763682079609,68.23394174690858,68.95890045166016,5360400
2020-08-18,69.13359833692607,69.31702211553848,68.43483537315713,68.99384307861328,5272700
2020-08-19,69.15981258324727,69.34323639315895,67.63127417008474,67.80596160888672,6840600
2020-08-20,67.2818725182087,67.82341407886732,66.7840061361455,67.44783020019531,5099500
2020-08-21,67.20327209075819,67.49150564182195,66.98490950316295,67.31681823730469,5594100
2020-08-24,67.87582040021661,69.12485456608832,67.47403407143297,68.72306823730469,5867400
2020-08-25,69.92841984094703,72.55750676978965,69.69259122256398,72.25180053710938,17659500
2020-08-26,71.98977828972593,72.2780185127375,71.51811428767904,71.98104858398438,7934300
2020-08-27,72.27801936408116,73.0553896736767,72.05965676781506,72.85449981689453,9099200
2020-08-28,73.18640439733109,74.49657990033259,72.87196174349896,74.24327850341797,9303900
2020-08-31,73.9201059615197,74.55772769433402,73.39603704714914,73.78035736083984,6401600
2020-09-01,73.98124467346253,75.19534017106194,73.57072859168737,75.16040802001953,8166100
2020-09-02,75.5621964925696,77.51872353621191,75.37003633701676,77.16934204101562,11378900
2020-09-03,77.38769829811068,77.71961369008997,74.84596129013305,75.5359878540039,11036600
2020-09-04,76.06878329952038,76.67146613794685,74.51404283437657,75.35255432128906,10349400
2020-09-08,74.47912071212856,76.49679588528471,74.04239546500622,74.60140991210938,11083100
2020-09-09,75.05560232850065,75.84170911753255,73.77162901706498,74.99446105957031,6928700
2020-09-10,74.94204529579108,76.05132434666443,73.83275958102016,74.13846588134766,7552000
2020-09-11,74.19959166215156,74.98569817321142,73.5008355020176,74.47909545898438,7103300
2020-09-14,74.89837347609159,76.04259139324986,74.80229339682967,75.66700744628906,5535800
2020-09-15,76.14739347612502,77.08198498215734,76.13865710768641,76.61032104492188,8361900
2020-09-16,76.86364023648534,78.11267465688415,76.64527762217713,77.19554901123047,7146400
2020-09-17,76.03385784654672,76.2696865157973,74.55772457962658,75.77182006835938,7386600
2020-09-18,75.82424169798091,76.19982570888757,73.89391674179984,74.19962310791016,10113400
2020-09-21,72.37410503462745,73.32616282927825,71.40457449914193,73.27375793457031,7188800
2020-09-22,73.41351462367005,73.7104845846153,72.65361031623652,73.32616424560547,4465000
2020-09-23,73.70175131008759,74.15594930506971,72.33917065293826,72.48765563964844,6414700
2020-09-24,72.17319322670079,73.49210499692215,71.55304433625282,72.53131103515625,4881500
2020-09-25,72.08587055722624,73.9725268845375,71.81510302769308,73.63188171386719,5981500
2020-09-28,74.69747892447192,75.32636430941336,74.23455125608393,75.1778793334961,5976200
2020-09-29,75.33509628871356,75.33509628871356,73.92010425507021,74.06859588623047,4064000
2020-09-30,75.66700105766687,76.12993533861469,74.65380212176524,75.0468521118164,10134400
2020-10-01,76.02512984805604,76.38324107618648,75.29142798668182,75.76309204101562,7241200
2020-10-02,74.37431817059891,76.10374658607182,74.32190660438219,75.61461639404297,5602300
2020-10-05,76.22601775529785,77.45758608711036,76.16487649042122,77.27416229248047,7004800
2020-10-06,77.43138243641563,77.98165381175293,75.815500463592,75.9989242553711,7951100
2020-10-07,76.7064195849482,77.71962532322016,76.37451080718576,77.2566909790039,5179300
2020-10-08,77.26543563442823,78.26990510986245,77.22176710482609,78.20002746582031,4958800
2020-10-09,78.4358465451463,78.89877417888017,78.24368639592149,78.61927032470703,6197700
2020-10-12,79.0123052810894,79.5713128829731,78.54937773551973,79.29180908203125,5909100
2020-10-13,79.11716813912821,79.35299690237252,78.40966852159492,78.75032043457031,5732000
2020-10-14,78.75902620340558,79.13461016692479,77.35277043282659,78.00785827636719,4760700
2020-10-15,77.00338999359175,77.62353897414629,76.57539450219262,77.5886001586914,5002200
2020-10-16,78.07772955299986,78.28735577996754,77.24795435099199,77.31782531738281,4721300
2020-10-19,77.47503034071826,78.23493441633264,76.30461026736577,76.51423645019531,5426600
2020-10-20,77.45758990375069,78.36597921517631,76.89858212193468,77.3091049194336,4939700
2020-10-21,77.19554449428944,77.87684140874073,77.02959344857622,77.0994644165039,4119200
2020-10-22,76.88109440464945,78.06898737559352,76.60159056818597,78.05152130126953,4257800
2020-10-23,78.43584529098479,79.44904424720015,78.12140262708064,79.30929565429688,7811500
2020-10-26,78.6367328459317,79.59752688473252,77.43137377877038,78.31356048583984,7756400
2020-10-27,78.1563313168332,78.9162287695825,77.88555720783255,78.6541976928711,8027500
2020-10-28,77.43136591701888,77.6933969934161,75.6495266091522,76.13865661621094,12738800
2020-10-29,76.13868325380231,77.8331794623666,75.64955307561836,77.12568664550781,8440000
2020-10-30,76.64525718982269,77.20426480031766,74.79354031512285,75.95523071289062,11400700
2020-11-02,76.46186276593419,76.6627526628033,74.63634763164693,75.09054565429688,8904900
2020-11-03,75.7980139308582,77.78947949511809,75.27394509772088,77.20426940917969,6910400
2020-11-04,77.649723368423,79.73726879329993,77.50996813909254,78.42709350585938,10509400
2020-11-05,79.21322561720824,79.62374840620005,78.52319894310047,79.15208435058594,6169700
2020-11-06,78.74154329693138,79.65866208353356,78.41836429752105,79.17826843261719,6626100
2020-11-09,85.00419252032401,85.29243275118094,83.53679558420421,83.74642181396484,16225800
2020-11-10,82.26334006174962,83.60601995020315,81.73679984798851,82.42130279541016,10474700
2020-11-11,82.58804276268647,84.09746294594038,82.50905804851422,83.40418243408203,8296500
2020-11-12,83.07068249661495,83.15843805516649,81.31554454430433,82.07902526855469,7058400
2020-11-13,82.82497984152127,83.88683778490108,82.22823250938069,83.86051177978516,5516100
2020-11-16,84.93991662963377,85.83503419348399,84.2641846522741,85.80870819091797,9371300
2020-11-17,85.3084996808268,86.68628303363215,84.95747066771963,86.5283203125,8722300
2020-11-18,86.55465000224338,87.16895247516791,85.92280578613281,85.92280578613281,6039500
2020-11-19,85.33484364997443,85.9315910892885,85.00136969974592,85.79118347167969,4252300
2020-11-20,85.49279551973281,85.59810624102386,85.08033689716217,85.13299560546875,4609700
2020-11-23,85.66831169848189,85.87892644158686,84.61522459231308,85.01890563964844,4803200
2020-11-24,85.57177234199546,86.63363024295069,85.4752391968794,86.26505279541016,6319900
2020-11-25,86.44055765281904,86.47566122078662,85.94912109191486,86.17728424072266,4027100
2020-11-27,86.42301567355894,86.86180026295587,86.24749782060728,86.58097839355469,2169700
2020-11-30,86.1773032581893,86.25628797737683,85.08911919233952,86.01934051513672,5197300
2020-12-01,86.87936014069832,87.10753003191972,86.22118316993546,86.72139739990234,4970000
2020-12-02,86.44934025787857,86.91445084374917,86.18606683043566,86.80036926269531,3377900
2020-12-03,86.89689311824833,88.63448295781816,86.85301867853123,87.85344696044922,6264100
2020-12-04,88.94163475059794,90.3369732236063,88.6959164522874,89.75777435302734,6952700
2020-12-07,89.52082570406948,89.70511441150413,88.36243476067968,88.9942855834961,4514800
2020-12-08,88.08163163470412,89.13471209963853,87.76570615615935,88.81878662109375,3911300
2020-12-09,89.45938242442368,89.69632309900598,87.84465204744107,88.10792541503906,6629900
2020-12-10,90.83716465277081,93.10128747436012,90.17021037047483,92.48699188232422,12939200
2020-12-11,91.62699357316224,91.95168985738374,89.8016482257664,90.38961791992188,6262600
2020-12-14,91.1180027970685,91.89026120778124,90.60901110360463,90.67044067382812,5156200
2020-12-15,91.47780001312029,92.02189525891585,91.07411903539615,91.4251480102539,5195200
2020-12-16,91.35494034338473,91.96924271963304,90.14389741727581,90.62655639648438,6409300
2020-12-17,90.8722905747124,91.30229759494587,90.0473734092951,90.57391357421875,4535700
2020-12-18,90.67922659689722,91.36372949827921,90.34574601753148,90.63534545898438,10215000
2020-12-21,88.82756251255636,90.52127147017084,87.77447537217034,90.33698272705078,7175900
2020-12-22,89.61736844929759,90.53881208526688,89.41552458885387,89.87186431884766,4302700
2020-12-23,89.7665487445336,90.11757774198514,89.4857268856366,89.56470489501953,3817300
2020-12-24,89.77533939873084,89.82799141266209,89.231244038593,89.52084350585938,1949200
2020-12-28,90.31942036080764,91.60067058800273,89.78410261375275,91.56556701660156,5055200
2020-12-29,92.04822492913144,92.8292609142764,91.6796475037347,92.69762420654297,4780900
2020-12-30,93.01356589567199,93.56643882578935,92.82927715074028,92.99601745605469,3654100
2020-12-31,93.02234910462305,94.02277760653752,92.68887516909244,93.88236999511719,3566300
2021-01-04,94.47909875826916,94.5580767687301,89.6349132570248,90.47737884521484,8041500
2021-01-05,90.31942471046187,91.49537097540701,90.21412068650874,90.77576446533203,5721900
2021-01-06,90.38086509881185,92.32907011880779,90.31066463955466,91.43395233154297,5017200
2021-01-07,91.69720571667199,91.82884243843999,90.34574831747591,90.69677734375,5057000
2021-01-08,91.14432159170079,92.8117041170401,90.75818906921872,92.73271942138672,5869700
2021-01-11,92.23251626415923,92.70640440828038,91.50413226326998,91.79373168945312,4257400
2021-01-12,91.27598379268385,91.5480281302747,89.7841119814265,90.23167419433594,4332600
2021-01-13,89.79286148998962,90.7230825048686,89.06447759950275,90.29307556152344,4804500
2021-01-14,91.09166986118893,91.43392125428578,89.25754706928898,89.35408020019531,4528300
2021-01-15,88.96795630730196,90.11757642453225,88.81877116154543,89.80165100097656,5522900
2021-01-19,90.21412417091582,90.9161755738998,88.93286713720863,89.98595428466797,6519600
2021-01-20,89.87187203200801,92.89070576387589,89.68757659367557,92.54845428466797,5844300
2021-01-21,92.54844253017929,92.57476853364824,91.66209580657073,91.77618408203125,5731500
2021-01-22,91.40760181143162,91.67964609332675,90.44227043311794,91.1882095336914,5231600
2021-01-25,91.04779642503303,91.22330757133841,89.66123560512897,90.7845230102539,5009000
2021-01-26,90.74063870430895,92.3290365002116,90.60022444627629,91.8727035522461,7195300
2021-01-27,89.05572839750596,89.3189951492867,84.88727455541954,85.88770294189453,18139500
2021-01-28,86.82670335948279,88.2220352471533,86.08954171112474,86.1334228515625,8868200
2021-01-29,85.46645783251446,85.81748682685395,84.17643012812655,84.95746612548828,8203000
2021-02-01,85.1154266994585,87.42343775990481,85.05399712914172,86.5107650756836,7206300
2021-02-02,86.92321683504184,89.93327893585025,86.6862694428318,89.20489501953125,6917700
2021-02-03,88.85388243829175,90.08248067033,88.46774984371127,88.65203857421875,3934800
2021-02-04,88.95041435887553,91.47781123635532,88.73102205958773,90.9512710571289,6926800
2021-02-05,92.22374562899297,94.37379422383121,91.95170131473267,93.44357299804688,8072100
2021-02-08,93.39091876905525,93.48745192299856,92.4431423641512,93.2505111694336,4836600
2021-02-09,93.02234962939042,93.75073378525272,92.33784661846352,93.21541595458984,4095200
2021-02-10,93.7068410462625,93.81215176388406,92.08333931436414,92.90825653076172,4293200
2021-02-11,93.12764496201311,93.2241781086517,92.17109106222735,92.89947509765625,2976000
2021-02-12,92.79418413994148,92.96970203270675,91.89906632046915,92.4080581665039,3169800
2021-02-16,92.03945975295485,93.54010235435214,91.88149702147503,93.15397644042969,4928100
2021-02-17,92.63400629866862,92.94246182780944,91.78795396567114,92.04353332519531,5733800
2021-02-18,91.46184201057724,92.83667581207322,91.13576342750794,92.5105972290039,4098700
2021-02-19,92.31673144185072,92.78382218144841,90.96833539015898,91.10053253173828,4128900
2021-02-22,90.76563329872262,90.76563329872262,89.67281658128779,89.72569274902344,5211800
2021-02-23,91.07410249984707,91.07410249984707,88.06885439443687,89.33793640136719,8740300
2021-02-24,89.15284150188316,92.10521271761036,88.65930599419663,91.99063873291016,7542700
2021-02-25,91.65575039706475,93.21565780591607,90.87138922484209,91.18865966796875,7534000
2021-02-26,91.78795049597652,96.48530946904143,91.37373591943397,95.20741271972656,15122900
2021-03-01,95.70975109434589,97.35779437183967,93.89426438754865,94.18509674072266,7930300
2021-03-02,94.57286574782552,95.40129484778147,93.2597227868644,94.47592163085938,5016800
2021-03-03,94.2468075441743,95.14573615012281,93.52413733976016,93.61226654052734,5313400
2021-03-04,93.64749989367513,94.44948419316397,91.523550965067,92.44010925292969,7211800
2021-03-05,93.4712332997655,93.4712332997655,90.55411505402873,92.71331024169922,5559900
2021-03-08,92.36079537367957,94.20272016828403,91.85845163662147,92.56349182128906,5119500
2021-03-09,93.66511999132646,95.15452800109384,93.26853532217943,93.903076171875,5510900
2021-03-10,94.49355462244006,96.12396807026268,94.26441336351326,94.9870834350586,6077000
2021-03-11,95.54230652828684,95.68331187359239,94.52880413384017,94.58168029785156,4670700
2021-03-12,94.66982597229327,95.17216978939518,93.92953265185959,95.01353454589844,3356000
2021-03-15,95.08402378830249,96.0182052105571,94.35253881013212,95.9741439819336,7107300
2021-03-16,97.44592486814173,99.00583226050094,96.84663700677463,98.12452697753906,11376200
2021-03-17,98.09807655739905,98.23027367798248,96.000572668323,97.34896850585938,10128400
2021-03-18,96.30904023854212,97.18153058593325,94.74031791080783,94.84607696533203,7813400
2021-03-19,95.48942785396328,95.9300805037036,93.2685414577554,93.71800231933594,21452000
2021-03-22,93.77086136980842,95.55109466368096,93.41833799487425,94.80198669433594,7605100
2021-03-23,94.95183787060299,95.13691118986401,93.1275360392286,93.6386947631836,5657800
2021-03-24,93.97356019555039,94.54640985411514,92.48415915187118,92.5105972290039,5731300
2021-03-25,92.54585765306959,94.91656398480521,91.70861370846255,94.60810852050781,8149000
2021-03-26,94.51999310924758,96.94358267615137,94.4583020074067,96.85545349121094,6167600
2021-03-29,96.07107416463171,97.16389064385086,93.9383106385784,96.17682647705078,5167100
2021-03-30,95.5511128293482,97.34016139677009,95.4277306332381,97.18152618408203,4552900
2021-03-31,97.2344278733872,98.3713126635236,96.22974024002512,96.30023956298828,6478400
2021-04-01,96.99642818446249,96.99642818446249,95.357200312147,96.39714050292969,5793000
2021-04-05,96.86426376199003,98.13333875643193,96.82901074494643,97.8425064086914,6913100
2021-04-06,98.15976687840276,100.31015363309287,97.91300250796124,99.71968078613281,6745200
2021-04-07,99.50817945235879,100.25728757346194,99.27903820365736,99.75494384765625,5629600
2021-04-08,100.16034608554155,100.43354856981387,99.30547889095642,99.62274932861328,5011300
2021-04-09,99.50817481857199,99.82543850930512,98.67974576680031,99.74612426757812,4114300
2021-04-12,99.60510631193218,100.37184422238046,99.38478002173926,100.30133819580078,4707800
2021-04-13,100.27490223073954,101.87887738820528,100.18677305756944,101.66736602783203,4607400
2021-04-14,101.54398791663064,102.44291627716886,101.10333530926725,101.4911117553711,3994600
2021-04-15,101.43822393491192,103.01576099937839,101.15620654887363,102.81306457519531,5079100
2021-04-16,103.83538724034679,104.4346750963506,103.0598410188583,104.29366302490234,5777900
2021-04-19,104.14383846820188,104.85770028391973,103.14796596881143,103.64149475097656,4889700
2021-04-20,103.07744778757582,103.34184201761806,101.65854598225332,102.46934509277344,5662400
2021-04-21,102.31071808170375,103.3418502822725,102.10802164977558,102.8835678100586,4397400
2021-04-22,102.99814026844273,103.00694847921375,101.55280029064323,102.16089630126953,5744900
2021-04-23,102.24903600516505,103.97640027731829,102.0904007852255,103.60624694824219,4555800
2021-04-26,103.06863957373598,103.33303382101698,101.40297329781066,102.16089630126953,5924900
2021-04-27,101.94057982233291,102.57512069786799,101.58805636661056,102.36360931396484,7260900
2021-04-28,99.97525872768337,100.60098457957795,98.362468683657,99.05870056152344,14793500
2021-04-29,99.7725579708618,101.48229216054581,99.37597333197576,101.02400970458984,8936600
2021-04-30,100.4688122753755,101.30604968813975,100.01934465357743,100.90065002441406,6478700
2021-05-03,101.50874399276736,102.88357809925347,101.46467603855403,101.98464965820312,5049800
2021-05-04,101.48230845734527,101.70263478629138,100.06340636102621,100.56575012207031,6265100
2021-05-05,100.65387766915258,101.24435060739067,99.72851113694942,100.01052856445312,4677700
2021-05-06,100.16035965435901,101.18267041788235,99.67563899676612,101.12097930908203,4113300
2021-05-07,101.44704138165808,102.0903904076977,100.68030344258516,100.7684326171875,4867500
2021-05-10,100.97115719693994,102.31073841710828,100.65388672198468,100.73320770263672,5759500
2021-05-11,99.86950905651177,100.19559441434994,98.85600669052994,100.07221221923828,7775400
2021-05-12,98.98388059547005,99.443979678009,96.9399611167094,97.14347076416016,7965300
2021-05-13,97.4708575481162,98.37336248811994,96.5860458713929,97.7628402709961,7999400
2021-05-14,98.22295785661615,98.73614355998039,97.55049901181499,98.39106750488281,6836300
2021-05-17,98.40875641707643,98.45299295085918,97.17886871833097,98.19640350341797,4521200
2021-05-18,98.5414929942332,99.28473166895766,98.22296020490033,98.27604675292969,5177300
2021-05-19,96.97537118375747,97.27621070374354,96.33830561256653,97.03730773925781,5997400
2021-05-20,97.3115927905699,98.82461997279685,97.21426296446957,98.57687377929688,5345500
2021-05-21,98.77154906827427,99.29359159482641,97.83365062299157,98.1433334350586,5146500
2021-05-24,98.92196216910557,100.01027690529973,98.67420919404657,99.55902099609375,5476100
2021-05-25,99.91295305957657,100.11646275650791,99.25819417695266,99.65635681152344,5391800
2021-05-26,100.2491748957019,100.75351732780956,99.65634588731942,99.85100555419922,3841600
2021-05-27,100.39958902020503,100.94816797755506,99.77137349611134,100.43498229980469,7378400
2021-05-28,101.17826052597671,101.17826052597671,100.02800886632133,100.76239776611328,4239800
2021-06-01,101.36404029086061,101.41713359063826,100.07221583924596,100.2845687866211,4306900
2021-06-02,100.61194202605073,100.61194202605073,99.76252356672708,99.98372650146484,5045000
2021-06-03,99.10776388299364,99.31126680080732,97.46201352322893,98.32028198242188,5723900
2021-06-04,98.76270418695846,99.16086683156239,98.25836168685666,99.09008026123047,4477500
2021-06-07,99.08120953845457,99.34664897775347,98.20524116221023,98.5060806274414,4009000
2021-06-08,98.55032886216644,99.09006456192131,98.0902297290625,98.67420196533203,4669800
2021-06-09,98.86887928539066,99.26704868860186,98.50610991863809,98.55919647216797,3669400
2021-06-10,98.9219748875154,99.47940396426564,98.60344205777835,99.28474426269531,3833200
2021-06-11,99.34665231330732,99.83330142756004,99.26702250401719,99.59439849853516,3231200
2021-06-14,99.78908274120762,100.18725213753461,98.65652461495813,99.4970932006836,4222400
2021-06-15,99.50594468186452,99.54133796765583,98.70961262800746,99.00160217285156,3487300
2021-06-16,99.4705445611971,99.60326768615003,97.50626121351367,98.53264617919922,4822000
2021-06-17,98.21412037306568,99.05468897332428,97.95752411337287,98.55919647216797,4008500
2021-06-18,97.98405547203711,97.99290548007531,96.6745378066678,97.06385040283203,7024400
2021-06-21,97.32929255706061,98.54148708547933,97.04615306691774,98.18756103515625,5628500
2021-06-22,98.27604205909977,99.32897021524813,97.8601794511898,98.96619415283203,3583500
2021-06-23,98.46184091128633,99.07236311976412,98.33796781834552,98.70958709716797,3552100
2021-06-24,98.90427057704338,99.90411231888966,98.90427057704338,99.09008026123047,3840000
2021-06-25,99.76253065948164,100.1783932864474,99.29358148458947,100.01912689208984,12171200
2021-06-28,99.92177092310509,100.02795074176895,98.61224682855705,99.31124877929688,4546600
2021-06-29,99.16085467749362,99.70944040445787,98.68305551218504,99.33781433105469,3789500
2021-06-30,99.3997582130261,99.62096117157449,98.45300982046214,98.9308090209961,6759100
2021-07-01,99.05467311072076,100.41728402127127,98.93080000526871,100.34650421142578,4810600
2021-07-02,100.84198733921917,102.01878848313275,100.61193441433458,101.72679901123047,4722000
2021-07-06,101.82414768997897,102.50544983333037,101.1516888045695,102.39927673339844,5294700
2021-07-07,102.5319783140703,104.20427190249049,102.32847540151161,103.64684295654297,5382300
2021-07-08,102.15151905781697,103.31062709994725,101.96570939089034,102.62931823730469,4486100
2021-07-09,102.69125490059318,104.17773898814265,102.63816835300942,103.9388427734375,3533600
2021-07-12,104.18660368219082,105.09795888059205,103.86807085063205,104.8148193359375,5683400
2021-07-13,104.88558174489253,106.16855603433156,104.80594518006089,105.77924346923828,5529300
2021-07-14,106.12433851559938,106.91182054480701,105.89428553779007,106.0004653930664,5701800
2021-07-15,105.54919937863929,105.80579560814773,104.56705775039525,105.26605987548828,6467500
2021-07-16,105.89425639957923,106.60210840548889,104.85017840367983,105.0536880493164,5024800
2021-07-19,104.00077457172674,104.00962457944527,101.16052964608977,102.03649139404297,7731300
2021-07-20,102.31079349589501,104.46973660617702,102.04535398680416,103.89460754394531,5117800
2021-07-21,104.00078863543096,105.86774223240694,103.94770208309689,105.53150939941406,4377500
2021-07-22,105.59343170882065,108.76105941508112,105.35453550498197,108.50446319580078,7172300
2021-07-23,110.20330859249549,111.7694224542709,109.64587285733526,111.4597396850586,7934200
2021-07-26,111.25622057417515,111.57475332423535,109.93785303955664,111.53936004638672,4827500
2021-07-27,111.55706830043009,111.6278548613558,110.433353585113,111.51282501220703,6110900
2021-07-28,108.44253082116113,109.12383967977831,107.40730264700996,108.309814453125,11747000
2021-07-29,108.76991334367484,109.24771251915358,108.07091122124733,108.28326416015625,6618400
2021-07-30,108.11514678913952,108.81414886164336,107.15069849902437,107.44268798828125,5712300
2021-08-02,107.97359843736096,108.81417381886956,106.23936786945613,106.50481414794922,5996800
2021-08-03,106.68176211631166,106.84102851579934,103.98308333348655,105.40763092041016,6030500
2021-08-04,105.4076220886078,105.47840864924433,104.02731790908526,104.62899017333984,6675500
2021-08-05,105.0448404916874,105.3722164828265,104.50510484347855,105.31912994384766,4281900
2021-08-06,105.41646758292795,105.47840413318862,104.4785693216729,105.33683776855469,6832600
2021-08-09,105.28374645251175,105.31028972446803,104.1865817913254,104.35469818115234,4557900
2021-08-10,104.75286170608582,104.85019153785495,102.62046891591179,102.98323822021484,9839700
2021-08-11,103.33854449025951,104.1823823224951,102.94772082782359,103.48066711425781,6472300
2021-08-12,103.40073698046004,103.72938371693301,102.60131409469555,102.81449127197266,4358300
2021-08-13,102.98323225786557,103.7737705701262,102.50357865658746,103.71159362792969,4361700
2021-08-16,103.64942646993676,104.57320311032842,103.40071867767344,104.40443420410156,5976000
2021-08-17,103.58725406233498,103.87149251977745,102.64570866592352,103.54283905029297,4719800
2021-08-18,103.28524268667549,103.69383502907466,102.68123514208993,102.7522964477539,4520500
2021-08-19,101.71305755410505,102.21047317583948,100.91363475004644,101.5442886352539,5317100
2021-08-20,101.24227143650829,102.14827927964085,100.95803301740999,101.81962585449219,3486300
2021-08-23,101.89070186362062,102.5568863898836,101.89070186362062,102.28153228759766,4235100
2021-08-24,102.4947068174123,102.90329916985782,102.094998822588,102.21935272216797,3447300
2021-08-25,102.67234872966311,103.02764847409242,102.1482868586336,102.65458679199219,3881500
2021-08-26,102.69901121631408,102.83224270300752,101.13569626357497,101.5442886352539,5188200
2021-08-27,101.80186785562856,102.49469860542928,101.41992182986934,102.25487518310547,4204700
2021-08-30,102.69011688232422,102.87664772235388,101.81963285207355,102.69011688232422,3078200
2021-08-31,102.83223173473584,104.45772346681387,102.72564655674965,104.36001586914062,6995500
2021-09-01,104.82191579271445,105.10615425095833,104.17349320968155,104.32449340820312,4402700
2021-09-02,105.07061790361585,105.13279485121346,103.83595653219271,104.25343322753906,3801900
2021-09-03,103.78265250553888,104.43995938123525,103.33852953498771,104.09354400634766,2921300
2021-09-07,104.0047141330662,104.04024478397234,102.56576004365074,102.8499984741211,4264900
2021-09-08,103.12534964106428,104.98178713210814,102.6012878027217,104.84854888916016,5548400
2021-09-09,104.79525534299951,106.65168604026402,104.63537080828183,105.51473236083984,4711200
2021-09-10,106.01214973760271,107.26457974404731,105.60355742553118,106.00326538085938,6517900
2021-09-13,106.49181413539668,106.722759996663,105.31044530969424,105.86116027832031,4381100
2021-09-14,106.3408116538524,106.46516555106639,105.13279655796289,105.57691955566406,4722800
2021-09-15,103.88925997804729,103.94255257390557,100.47839830752227,101.82852935791016,11556200
2021-09-16,101.96176316745031,102.38811746923956,100.54057086685378,101.85517120361328,7997000
2021-09-17,101.73968495857729,102.01503901565046,100.47837742238477,100.73596954345703,9261000
2021-09-20,98.90618512364046,99.72336977077148,98.04458546832193,99.32366180419922,7795200
2021-09-21,99.41247099083226,100.904724246151,99.26147082718627,99.67894744873047,5468400
2021-09-22,100.42509086220443,101.2866905688122,99.76779071793034,100.43397521972656,4578200
2021-09-23,100.71822248336241,101.89070703805774,100.46063030691225,101.38440704345703,3842000
2021-09-24,101.37551950762206,102.02394210757296,101.04687280541562,101.35775756835938,3955000
2021-09-27,100.91363024000341,101.85516884671556,100.29186074062356,100.9758071899414,3988800
2021-09-28,100.08753639459148,100.37177477775828,98.66634447875751,99.22593688964844,5917700
2021-09-29,99.39473617522754,99.94544439919954,99.10161334691875,99.63455963134766,4389100
2021-09-30,99.05719109408312,99.62567476961446,97.98241424560547,97.98241424560547,5974500
2021-10-01,98.49761218432569,100.78040445277134,98.18672739616775,100.30075073242188,5636900
2021-10-04,99.8654983272731,100.44285958422576,98.6130682109552,99.00389862060547,4497700
2021-10-05,98.71077444334195,99.02166596131022,97.7337052095564,98.46206665039062,5884000
2021-10-06,97.86694190073554,99.50131124362116,97.24517242828536,99.16378021240234,5734500
2021-10-07,99.82110520757428,100.35405834735022,99.52798911283433,99.67010498046875,5549500
2021-10-08,99.99871769716097,100.06977899036382,98.71075717077653,98.79070281982422,3787000
2021-10-11,100.27409209427486,100.86921529791603,98.52424636038664,98.5420150756836,5987300
2021-10-12,99.234859961106,99.36809823761782,98.29332122017486,98.59532165527344,3866800
2021-10-13,98.94171070498061,99.02165636026585,97.18298761004652,98.38211822509766,4806500
2021-10-14,98.66637257785082,100.02538794617394,98.60419562560008,99.36808776855469,5194900
2021-10-15,99.88325634355564,100.30073303260244,98.55088739218702,98.99501037597656,5860900
2021-10-18,98.98614710498893,100.87810884979336,98.5597859971336,100.7004623413086,4958400
2021-10-19,101.02909885508187,101.73969837080556,100.15862156393855,100.80703735351562,5799300
2021-10-20,100.4250968560929,102.24600398039539,100.11421209205531,101.13569641113281,7645200
2021-10-21,101.1978715287079,101.75746409382732,100.91363306720255,101.65087890625,3684300
2021-10-22,101.62422703607713,102.13052697964139,101.32221987535193,101.74858093261719,3396400
2021-10-25,101.91733232778262,102.04168621122462,100.69155542952073,101.89068603515625,4290600
2021-10-26,102.07721710205078,102.39698616788128,101.48209397605783,102.07721710205078,5948000
2021-10-27,102.65458305248823,102.65458305248823,100.44285255857274,100.82479858398438,5853900
2021-10-28,101.02911509846103,101.79300732880924,99.89216111192798,100.5494613647461,7697600
2021-10-29,95.48643180474274,95.92167038709901,92.39533317011842,94.21623992919922,27419600
2021-11-01,95.2466194183609,97.84029605356601,95.21996634646618,97.52941131591797,14184600
2021-11-02,97.92911792559325,99.32366382362123,97.52052559372034,98.99501037597656,11538900
2021-11-03,98.88844428076548,100.30075238891337,97.80478290690647,100.02539825439453,6422600
2021-11-04,99.12824903461673,99.85661045995934,98.53312586031535,99.62567138671875,8212600
2021-11-05,100.58497309928461,104.21790268941284,100.49614985644475,103.84484100341797,10256800
2021-11-08,103.49841351212513,104.3422512176466,101.76633664711466,102.2904052734375,8753300
2021-11-09,101.83739520947148,102.681226115519,100.70044152591245,101.37550354003906,6754700
2021-11-10,100.72429298136433,102.1070065406438,100.44774482470925,101.02759552001953,6563700
2021-11-11,101.02760394159816,101.02760394159816,98.6100788715037,99.41294860839844,7191900
2021-11-12,99.68055824976,100.12659619568554,99.10070755885701,99.6627197265625,7350400
2021-11-15,100.01956594132227,101.38444116471938,99.53784407318211,99.79654693603516,6566100
2021-11-16,100.16229838859336,100.90272314784717,99.4754028207315,100.1176986694336,7965000
2021-11-17,100.10876983333937,100.90271692905273,99.60920945113763,100.37638854980469,5768600
2021-11-18,100.01954449052171,101.00974920611114,99.32371962621684,100.71536254882812,5632100
2021-11-19,100.56372516539328,100.71537644394692,97.92317435552097,98.82417297363281,6921800
2021-11-22,99.11855719169193,100.438825757597,98.72604160431513,99.42185974121094,5967300
2021-11-23,99.91250176830259,101.79478248002465,99.71624397944072,101.32198333740234,7911000
2021-11-24,101.17033862351663,101.92860183381079,100.87595192114377,101.6698989868164,4464300
2021-11-26,98.13728181220225,98.86878385360055,97.45930215241856,98.71713256835938,6703200
2021-11-29,99.34158459635188,99.6359713118421,97.78937425122132,98.77957916259766,7114100
2021-11-30,97.72692163273511,99.10071258660423,97.28088366418041,97.80720520019531,9483300
2021-12-01,98.98475415656941,101.11681529545426,96.83485449196164,96.9329833984375,7618500
2021-12-02,97.38791008579547,99.98385384093112,97.38791008579547,99.39508056640625,7709400
2021-12-03,99.77869446634287,100.6707704236745,98.19972301650563,99.23452758789062,7014100
2021-12-06,99.92141614747621,101.8482964112521,99.65379067467471,101.12571716308594,8280200
2021-12-07,102.64226560804826,104.54239190360762,102.40140807511818,103.71276092529297,8786900
2021-12-08,103.28456532516546,104.06067394893316,102.72255985650624,103.70384216308594,5807000
2021-12-09,103.30240110379086,103.84656799553032,102.80283392740735,102.90096282958984,5664700
2021-12-10,103.32023430630838,104.45316774678145,103.2845504522621,104.13202667236328,6110800
2021-12-13,103.62355366868418,104.22124296817472,102.78500003262289,103.08830261230469,6479400
2021-12-14,102.20514225896449,102.85636070309171,101.72342042481547,102.33003234863281,6854600
2021-12-15,102.41924349197625,102.76715258786957,100.59049177361383,102.30327606201172,6902400
2021-12-16,102.58871698552196,102.94554866667124,101.00082315070576,101.33088684082031,7544400
2021-12-17,99.26129972503581,99.7341057516062,96.54047183869783,96.90621948242188,13696900
2021-12-20,95.51458491144567,96.45126751096235,95.1042307343813,96.42449951171875,6313700
2021-12-21,97.23627336333524,98.93121893912529,97.1203059461808,98.45841979980469,4682200
2021-12-22,98.30677462306366,99.71625636726436,98.12836214156985,99.68057250976562,3643300
2021-12-23,100.11768651104026,100.72429842714686,99.90358338347367,100.2425765991211,3359600
2021-12-27,100.44775588271705,102.0267342084795,100.26042074010111,101.8929214477539,3716700
2021-12-28,101.69664729798163,103.73057915498147,101.52715070789876,103.09720611572266,4561600
2021-12-29,102.94557823633292,104.33721470594499,102.8652878521629,103.81980895996094,4215300
2021-12-30,103.81980587114411,104.67619804281088,103.55218714587323,103.69491577148438,4068700
2021-12-31,103.18642130895874,104.801083372205,103.12397626602652,104.34612274169922,3674900
2022-01-03,103.90009009354954,105.08655277598149,102.39247951503074,104.0874252319336,5475700
2022-01-04,104.28369217437103,104.4175049438001,101.84832154996228,101.9107666015625,8367600
2022-01-05,102.05348620658646,102.55304654189591,98.48518254066386,98.52086639404297,8662300
2022-01-06,98.12835107461609,99.80545135191348,98.11942840974773,99.14531707763672,6099900
2022-01-07,96.54046016332575,97.86965141991543,95.88032586760998,95.96060943603516,11266400
2022-01-10,95.11313557478495,95.46104463374344,93.15056449743037,94.58680725097656,8499400
2022-01-11,94.59574418366037,94.71171161880497,92.51720537514518,92.81159210205078,13073200
2022-01-12,93.16841036542696,93.9534347173068,92.49043076707673,92.65992736816406,11810500
2022-01-13,92.90969681276184,93.37357323852405,91.07201601924643,91.34856414794922,9818500
2022-01-14,90.91146057873429,90.91146057873429,88.39579994214485,89.31464385986328,13703200
2022-01-18,88.46717142578173,88.63666803630468,86.98632886952676,87.18258666992188,11396000
2022-01-19,87.36991090163222,87.77134231161659,86.3350996490524,86.41539001464844,10856800
2022-01-20,86.96846700589319,88.26198098714087,85.2735216408779,85.38949584960938,20311500
2022-01-21,85.55008491935122,87.78919745830487,85.1664919888213,85.91583251953125,13438300
2022-01-24,84.52419645792327,87.73566852414844,84.22089390110172,87.51264953613281,17201400
2022-01-25,86.23697386417949,87.5037199829547,84.8631761894237,86.540283203125,12368500
2022-01-26,87.15581451121929,87.99436805249216,84.65800602312856,85.26461791992188,11863000
2022-01-27,86.19238585236884,86.68302357037543,84.80074265973252,85.03268432617188,7322200
2022-01-28,84.80073952700694,86.72762688901233,83.66780603979045,86.71870422363281,8345400
2022-01-31,86.55812174708603,87.78026815566449,86.01395491455101,87.70890045166016,8807700
2022-02-01,87.79812340349602,88.34229033969042,86.35296455511099,88.10143280029297,11601900
2022-02-02,85.46087979281856,88.44933290120011,84.5152746460057,87.18258666992188,15578800
2022-02-03,86.38864027229374,86.95065253219903,85.34491294104114,85.58577728271484,8901100
2022-02-04,85.11298500210978,85.5857842518948,83.70350311354268,84.74723052978516,8267600
2022-02-07,85.05944615170885,85.73742582466527,84.64016933824897,84.91671752929688,6849000
2022-02-08,85.00589749806164,85.66603163545282,84.16734413029599,84.67582702636719,7161000
2022-02-09,85.86231444244504,87.39668624144142,85.8177079203348,86.6473388671875,9353700
2022-02-10,85.58934810383543,86.79975550431058,85.15898437235937,85.4548568725586,9098800
2022-02-11,85.70590659528253,86.5128471713647,83.70649438841562,84.03823852539062,6924800
2022-02-14,84.05615022469034,84.7196315217886,82.86367199844773,83.96649169921875,7948500
2022-02-15,85.31140219868925,85.58934571921152,84.60308811817339,84.73757934570312,7722200
2022-02-16,84.58516337329623,85.67005440094336,83.52718290759037,85.33831024169922,6545800
2022-02-17,84.6568948764699,84.84517988772934,83.18647273476935,83.42855834960938,6578200
2022-02-18,82.98921425077287,84.32515189520447,82.96231737104085,83.68856048583984,6210600
2022-02-22,83.92166957007551,84.31617534037134,82.80988866529657,83.48233795166016,8622500
2022-02-23,84.17272210436482,84.17272210436482,80.19182670182818,80.38011169433594,9674800
2022-02-24,78.45240782797154,81.76982119420863,78.22825809132019,81.59947204589844,9260500
2022-02-25,81.85948790783459,83.19541844491022,80.94495313656934,83.00713348388672,7039400
2022-02-28,81.85054377292225,82.76507196926649,81.24982393608295,82.29884338378906,8591500
2022-03-01,82.02985791590348,82.04779373037496,80.38011869099175,80.81945037841797,7100700
2022-03-02,81.38429961274888,83.63476533312217,81.22291149653668,83.17749786376953,10721100
2022-03-03,83.81410764580899,83.83203662242789,81.66226790451098,82.06573486328125,6587400
2022-03-04,81.56363063555172,81.73398667317684,80.20079601556877,80.7208251953125,7179800
2022-03-07,80.72980186312355,80.73876977147411,75.62814965272025,75.72677612304688,14608700
2022-03-08,75.99574064781648,77.93239112168833,75.09914155942013,75.31432342529297,10692000
2022-03-09,77.555810981573,79.01726484153332,77.40339079824427,78.54206848144531,8811600
2022-03-10,77.1882153773049,78.32690009658472,76.74888372145703,78.1475830078125,9114300
2022-03-11,79.21453445385458,79.62696924678075,74.00529552085285,74.17565155029297,15351700
2022-03-14,73.80804896556187,73.82597794048975,70.75961018962205,71.09135437011719,18199300
2022-03-15,72.17622978318367,74.81223340770613,71.9789768805992,74.52532196044922,12542300
2022-03-16,78.90970810205617,80.77462948966065,76.76683627358688,78.37174987792969,21207900
2022-03-17,78.41656229283694,78.85589396914452,77.11649623742301,78.59588623046875,8554200
2022-03-18,77.21512020347164,80.4697726108308,76.19299773370567,80.33528137207031,23784200
2022-03-21,80.3442486847321,80.44287513639331,77.0806283947842,77.87860107421875,11925300
2022-03-22,78.3627618669177,79.8869775843527,78.13861209432382,78.80209350585938,8447400
2022-03-23,78.32689379624418,78.64070209660815,77.19717707442595,77.30477142333984,7670500
2022-03-24,77.85168745237067,78.13859883899923,76.7130029700741,78.11170196533203,6163400
2022-03-25,78.35379901350856,78.60484568052175,77.30477965184265,78.4075927734375,7048100
2022-03-28,78.43449840926776,79.27729697760606,77.77997800527842,79.2414321899414,5981000
2022-03-29,80.42493532253195,82.39745741712913,80.38907737871928,81.79673767089844,8963200
2022-03-30,81.3663697240008,82.07468384604044,81.05256140170688,81.61741638183594,8122100
2022-03-31,81.87740686280307,83.05194916955627,81.5635986328125,81.5635986328125,11306100
2022-04-01,82.03882172758884,82.38849484672804,81.12429360995753,82.02985382080078,6516300
2022-04-04,78.80209770349818,79.31315893861513,77.26891399814731,78.98141479492188,16243100
2022-04-05,77.60962583815933,77.66342644258941,75.15294590513874,75.42192840576172,17525800
2022-04-06,75.00050065138127,75.21568247576424,73.58387272313742,74.74048614501953,10567000
2022-04-07,74.40875969591741,74.8660271664079,73.02799621833462,74.52532196044922,10869100
2022-04-08,74.58807726232011,74.58807726232011,72.92936354510418,73.09075164794922,9286800
2022-04-11,72.51691775473613,73.28799336858022,71.9879276785328,72.33760070800781,8623200
2022-04-12,72.47211393887362,72.86661292967254,71.41412662441893,71.5396499633789,8472500
2022-04-13,71.62033908388345,72.90247616786243,71.37826031832492,72.55280303955078,8604400
2022-04-14,72.40037375875988,72.69625308890768,71.05547517500582,71.27962493896484,9567200
2022-04-18,70.86719228636706,71.70102970653242,70.72373314975411,71.3692855834961,7797300
2022-04-19,71.3872202041093,73.10868877167815,71.19893522082909,72.82177734375,8622100
2022-04-20,72.90245515656423,73.09074010673478,71.72791277385454,71.88033294677734,8368800
2022-04-21,72.6693513920971,72.79487470434849,70.58924199413597,70.79545593261719,8152500
2022-04-22,70.73270116810029,71.26169818456434,69.73747563792101,69.86299896240234,10315500
2022-04-25,69.37883651542256,70.0064599953363,68.79605256762112,69.91680145263672,10259000
2022-04-26,69.4774509048255,69.5581483676037,67.80977630615234,67.80977630615234,8800500
2022-04-27,67.58564853027404,68.52708047240112,66.95803179586224,67.01182556152344,8467300
2022-04-28,67.80081821798936,69.12778089508093,67.11940106892459,68.66155242919922,8818500
2022-04-29,68.15947714260815,68.83192663108913,66.77872021257593,66.92217254638672,9199300
2022-05-02,67.46908106238986,67.89048372629739,65.87313578755483,67.57667541503906,12379000
2022-05-03,67.89046743697628,67.95322908416921,65.79242252701486,66.64419555664062,15570100
2022-05-04,71.10927148220598,74.30116888711632,69.86299929709354,73.19834899902344,30199700
2022-05-05,72.11346272273266,72.82177680151727,69.1546830863421,69.46849822998047,19114700
2022-05-06,69.06504036816878,69.21746060167239,67.43322997760608,68.60777282714844,11165800
2022-05-09,67.46011596705989,68.63466546743534,65.74761520254815,65.89106750488281,12863600
2022-05-10,67.11042467826493,67.28974855824387,64.20544622767189,64.42959594726562,14085900
2022-05-11,64.15168032643018,64.51031456102591,62.72608393402685,62.81574249267578,12118100
2022-05-12,62.43651902363191,63.2310810488144,61.750302294930954,63.113704681396484,15460600
2022-05-13,64.90144386156136,68.3776676309231,64.90144386156136,68.26028442382812,18156300
2022-05-16,67.66438549708026,68.11584255134167,65.28971698290495,65.3890380859375,11435300
2022-05-17,66.82467397767894,67.13166146284783,65.76825925305647,66.56282806396484,12454500
2022-05-18,66.04815457294234,66.40029045036594,63.908246104325706,64.35970306396484,10576500
2022-05-19,64.1971967051237,65.38904314503857,63.50195581879357,64.94661712646484,11193700
2022-05-20,65.80436638648756,66.30097181589926,64.52223022706232,66.26485443115234,15941800
2022-05-23,66.57186210627198,67.05942967640645,65.52447840464824,66.29195404052734,10741900
2022-05-24,65.88564062631389,66.2106902418009,64.35068257791683,65.659912109375,9227700
2022-05-25,65.65991951777718,66.36419146789945,64.94661649712586,65.44322204589844,8344400
2022-05-26,65.86759077835376,67.51089441276602,65.79536287485801,67.2580795288086,8940900
2022-05-27,67.92623365754717,69.27157379482536,67.85399887319565,69.26254272460938,8498400
2022-05-31,69.49730373412714,71.92614501970671,69.11808144164888,70.8787612915039,23361800
2022-06-01,71.10448164924549,71.22185799616751,68.66661646246065,68.87428283691406,7579000
2022-06-02,69.10904444138096,71.78166928889084,68.48603152241806,71.70943450927734,10241500
2022-06-03,71.33019487432105,72.14281872531002,70.71621317453895,71.3753433227539,10415700
2022-06-06,71.962241325828,73.40690920227425,70.90583362434344,71.31214904785156,7239400
2022-06-07,70.94194610517997,72.00738480161654,70.66204499559724,71.75457000732422,5517100
2022-06-08,71.23992264339837,72.02545348813788,70.66205818042467,70.85166931152344,5178300
2022-06-09,70.40022085504074,72.47691936940427,70.18352337716989,71.24896240234375,13248100
2022-06-10,69.54244189003064,70.237689614084,68.31448503504203,68.3235092163086,8694300
2022-06-13,65.9940082788056,66.82469473816055,64.928575930794,65.33488464355469,9282800
2022-06-14,65.77729308545938,66.67117614658642,64.58544670772729,65.28971862792969,7635600
2022-06-15,66.13845643542852,67.96233984808599,66.01204901517937,66.98719787597656,7682300
2022-06-16,65.39806821167953,65.56059302441473,63.52000523978124,64.06175231933594,10147000
2022-06-17,64.17913780883264,65.40710157280817,63.89922974511815,64.89244079589844,9824300
2022-06-21,65.96689983162052,66.06622093053869,65.03689944055732,65.8766098022461,7872500
2022-06-22,65.34388352049744,66.65310596204957,65.20844505341252,66.18359375,6702200
2022-06-23,66.6892302906384,68.0436013251539,66.37321176032225,67.89913177490234,6586400
2022-06-24,68.31448222898821,70.56273634716625,68.21516112963168,70.52661895751953,18012000
2022-06-27,70.42728361046362,70.82456792751765,69.7681534379591,70.13835144042969,6672200
2022-06-28,70.77943583010527,72.13380698167818,68.7930275632735,68.92845916748047,7206400
2022-06-29,68.8110776590939,69.65981905487384,68.29641693560099,69.00971984863281,8983900
2022-06-30,68.63052021730792,69.41605127639251,67.6011984312256,68.97362518310547,6781100
2022-07-01,69.28059301730266,71.75457540441462,69.10903715597777,71.5649642944336,7539200
2022-07-05,70.44534971671581,71.82681397160644,69.84943003795775,71.79972076416016,8087800
2022-07-06,72.0796472115092,72.65751178827657,70.58983730100087,71.20381927490234,4652800
2022-07-07,71.1586597987018,71.917111243814,70.76138226906025,71.54691314697266,5395600
2022-07-08,71.05031467370576,71.89904926657623,70.67108550594651,71.5830307006836,3927100
2022-07-11,71.19476348168347,71.37535040464674,69.91262732773458,70.33699798583984,5351500
2022-07-12,70.7523565730135,71.72750555278769,69.86749763462095,70.21060943603516,5393400
2022-07-13,68.61241759779699,70.91485053872857,68.37766497011378,70.35504150390625,3897500
2022-07-14,69.6056444397827,70.76138027058367,69.35282959478143,70.60787963867188,4504500
2022-07-15,70.97806205347997,72.42272291214795,70.97806205347997,71.89000701904297,5584100
2022-07-18,72.2602089586255,73.74098742164693,72.23312263982555,72.4407958984375,6768800
2022-07-19,73.23536211876318,74.64390588954721,73.05478205690956,74.53556060791016,5949200
2022-07-20,74.47235005625011,75.36623299108133,73.93962721194941,75.1856460571289,6850600
2022-07-21,74.89672046801255,75.4926470696701,74.62585037618547,75.429443359375,7695300
2022-07-22,75.98923877530589,76.23302250256043,74.79738578837012,75.47457122802734,6283600
2022-07-25,75.47457309914867,75.57389418385563,73.1721466804456,73.58748626708984,5861100
2022-07-26,73.33467844842599,73.51525849853154,72.23312223219504,72.51302337646484,6587000
2022-07-27,73.3437015888219,75.31205423241077,73.2443805053946,74.9057388305664,6372600
2022-07-28,75.11344348939885,76.6483950575741,74.77936271549953,76.44975280761719,5594600
2022-07-29,76.38654741817123,76.72965925651215,75.78159649825031,76.549072265625,5802700
2022-08-01,76.01633602393635,77.28041018215582,75.87186646946125,76.66643524169922,7313700
2022-08-02,76.47682990558829,76.8741143575586,75.50168780599817,75.58294677734375,7254700
2022-08-03,77.65964307801336,79.42935387388441,75.76352486020065,78.79730987548828,12915700
2022-08-04,78.74313082125147,79.70924854665853,78.1652663998129,78.4451675415039,7086700
2022-08-05,77.43391615514771,77.78605210764717,76.67546471913415,77.40682983398438,4835100
2022-08-08,77.78604229610575,78.4271104079664,77.1269120466225,77.39778900146484,4878400
2022-08-09,77.41584203115812,77.49710787075607,76.26011324917742,76.60321807861328,3498400
2022-08-10,78.10207153635933,78.46323856282,77.73187343984793,78.0930404663086,5072300
2022-08-11,78.94663036100589,79.50054675568127,78.54708229194469,79.24628448486328,5595700
2022-08-12,79.2825923604274,80.27237981462498,79.17362976476551,80.1906509399414,5154000
2022-08-15,80.00902976259539,81.04421583073629,79.91822530411456,80.96249389648438,5601000
2022-08-16,80.61743638959395,81.66170510028577,80.3995042789597,81.18043518066406,4580800
2022-08-17,80.27238018766626,80.81721395231918,79.78202772109748,80.22697448730469,3831300
2022-08-18,79.93639786999246,80.61744182357474,79.61857874390822,80.4085922241211,3428300
2022-08-19,79.70031536746126,79.88193127861831,78.59248948512705,78.928466796875,4597700
2022-08-22,77.53004527071386,77.68442050690004,76.58566344058688,77.13957977294922,5915200
2022-08-23,77.04878158233231,77.73890815451354,76.80360877439253,76.90349578857422,4560400
2022-08-24,76.96705411743169,78.52891612426757,76.71279880058637,78.1384506225586,4386000
2022-08-25,78.41085810032807,79.57317199060705,78.36545932745179,79.35523986816406,4236300
2022-08-26,79.46419616101393,79.90006033332003,76.24058592229028,76.33139038085938,6674900
2022-08-29,75.5504755669956,76.87624726903414,75.40518978810358,76.38589477539062,5035500
2022-08-30,76.44037487936637,77.20314079446351,75.08736947590839,75.74117279052734,6812500
2022-08-31,76.15889089662492,76.96706264092667,75.95911686042655,76.34049987792969,6570100
2022-09-01,76.00449880379485,77.61176633681707,75.30529675993986,77.54820251464844,7556800
2022-09-02,77.61176380763074,77.88417721036028,74.96023455795053,75.31437683105469,10336800
2022-09-06,75.4324327027741,76.83992639869739,74.16114919160752,76.74911499023438,11062800
2022-09-07,77.28486625667146,80.47215381058801,77.11233290962392,80.1906509399414,9946800
2022-09-08,79.27351383034299,81.25308173757487,79.14638618814858,81.23491668701172,7721100
2022-09-09,81.27123838773323,81.67986195482086,80.49030749815248,80.53571319580078,7094600
2022-09-12,81.51641367083165,82.07032994522552,80.39950552458217,80.88077545166016,9078900
2022-09-13,78.74685649495842,81.08964975011223,78.15661691747476,79.76387786865234,16033600
2022-09-14,81.33481144472745,84.88532402359749,81.28033014371155,84.17703247070312,24320600
2022-09-15,83.62311310930839,84.58565993585361,83.29621838716427,83.74116516113281,11052400
2022-09-16,82.76955490348143,83.63220792870763,82.31552553695433,82.91484069824219,11987600
2022-09-19,82.53344482703355,84.04082541433039,82.47896352848358,83.66851806640625,6287000
2022-09-20,83.2326634008874,83.55955815774486,81.81608712412753,82.4426498413086,6560000
2022-09-21,82.89668258975412,83.10553221875618,80.42676172684372,80.4540023803711,8806800
2022-09-22,79.90915561605426,79.92731373949282,76.62198103870008,76.91255950927734,9953000
2022-09-23,76.18611690243657,76.6764693712038,75.57771931131207,76.43128967285156,7153200
2022-09-26,76.55842185110613,78.12028382302105,76.53118120033002,77.012451171875,7583500
2022-09-27,78.06581822405937,78.54708829240967,75.52325074515258,76.53119659423828,8628800
2022-09-28,76.89441489472556,79.43698215491018,76.50394935679589,79.10099792480469,7850800
2022-09-29,78.82858127848561,79.30985132832178,77.73891350255236,78.61064910888672,6881500
2022-09-30,78.61063662971995,78.72868175952618,76.41313637126815,76.51302337646484,7737500
2022-10-03,76.95797230267898,78.29281965639905,76.09531933712792,77.74798583984375,6739900
2022-10-04,79.08282019870828,80.77180975001365,78.87397060022082,80.37226867675781,5982400
2022-10-05,79.66397684100103,82.30642352613818,79.50052603062598,81.83423614501953,7980800
2022-10-06,81.89782856611166,82.5425495077705,81.05333357223249,81.13505554199219,6893800
2022-10-07,80.39950594023283,80.72640757690733,78.3654567004314,79.02833557128906,6606400
2022-10-10,79.01019661558145,79.51870731690822,78.21110045299515,79.05559539794922,5092400
2022-10-11,78.73776651804214,79.182713326936,77.76614401735027,78.28373718261719,5531300
2022-10-12,79.0011017699018,79.9636417124571,78.46535049710216,78.883056640625,5261900
2022-10-13,77.26670894261659,81.69803968826048,76.92164914190573,81.15320587158203,7616600
2022-10-14,81.7343723928933,82.36092823752904,78.31098692666755,78.42903900146484,6315200
2022-10-17,79.81835886708414,81.01699604020071,79.73662998385866,80.7264175415039,6255300
2022-10-18,81.82516791164379,82.15206958949071,79.98180990641349,80.78089904785156,5484400
2022-10-19,80.26330300423433,80.93526446109996,79.01018456933288,79.4732894897461,6473400
2022-10-20,79.30076203880014,80.11801619363631,78.51983106061641,78.81040954589844,4540700
2022-10-21,79.00109132801059,80.78996772287334,78.60154336182572,80.46306610107422,9088800
2022-10-24,78.91028602047354,79.46420226662194,74.85126336634266,76.0589828491211,16499300
2022-10-25,76.36773333066493,78.09304620211314,76.36773333066493,77.37567901611328,10674000
2022-10-26,77.73890112107887,80.11801726406915,77.62085599133441,77.99315643310547,9987000
2022-10-27,78.2110879582847,78.45626767006875,76.34957190806593,77.43923950195312,9524600
2022-10-28,77.33934282864011,79.71845865564701,76.5584119437423,79.0918960571289,8284900
2022-10-31,78.63788196529124,79.51870001198711,78.04764242522243,78.62879943847656,7401100
2022-11-01,79.96363140884203,80.70823912142636,78.61970867292725,79.0918960571289,6219600
2022-11-02,79.24629298627985,80.43585479370677,76.75821367097817,76.80361938476562,7653200
2022-11-03,76.34049283151568,77.61177636712213,75.34162967065986,76.8944091796875,8855100
2022-11-04,83.52324566552899,84.99429638537667,82.19747381311409,83.41427612304688,20194300
2022-11-07,83.24173618352985,83.86829887951328,81.07147652774522,82.13390350341797,10190200
2022-11-08,82.56068609986139,85.15773424539574,82.56068609986139,84.2224349975586,9675500
2022-11-09,83.66535415359799,84.56949694730761,83.41876532128795,83.6836166381836,6271200
2022-11-10,85.74761649089177,88.05820725092848,85.23618336486891,87.9120864868164,10408400
2022-11-11,88.36871666590156,90.11307274818378,88.19519174300191,88.93494415283203,8294400
2022-11-14,88.70662243833554,90.01260926779022,88.30478516079381,88.97147369384766,8521100
2022-11-15,90.33225786916623,90.89848531563088,88.85274618748721,89.34591674804688,6410000
2022-11-16,88.14953483432772,89.46465656852824,87.91208771835008,88.65184020996094,5348900
2022-11-17,86.95313858690263,88.59704065938853,86.85267751759774,88.56050872802734,5245600
2022-11-18,89.27285270508973,89.82081767085435,88.70661829207317,89.45550537109375,5964800
2022-11-21,88.57876599647757,89.94868198700415,88.31391473551207,89.79342651367188,4499200
2022-11-22,89.95781951703445,90.16787637461155,89.06280464283019,89.89389038085938,5398600
2022-11-23,89.94868396780502,91.40079857297245,89.74776183659604,90.88935852050781,5944900
2022-11-25,90.99894428410971,91.21812887229969,89.9760712596358,90.9258804321289,2320000
2022-11-28,90.4053190883095,91.47385883794819,90.01260956576778,90.10394287109375,5257300
2022-11-29,90.37792188381289,90.71583699736136,89.68382917630248,90.10394287109375,4423900
2022-11-30,90.46011903981714,93.66571733496882,89.97607621957576,93.3369369506836,15000800
2022-12-01,93.45567773129231,94.57900502794905,93.10862786098082,94.40548706054688,7452300
2022-12-02,93.17255999234878,96.38730043579969,92.98990729413731,95.9397964477539,7916900
2022-12-05,94.4237422782801,95.20002661265623,94.06756467818103,94.56986999511719,9285800
2022-12-06,94.81644887647347,95.15436398539828,92.64285141386335,93.22734832763672,8383000
2022-12-07,92.50586569017621,94.04017195126167,92.29580882915857,93.03556823730469,4194300
2022-12-08,93.83010045751027,94.89864010980483,93.51958954449891,94.74337768554688,5465100
2022-12-09,94.46028356242132,94.52421270293054,92.9259772224462,92.96250915527344,7999600
2022-12-12,92.35972645791747,93.93056445421789,92.07661273803282,93.79357147216797,5796000
2022-12-13,95.72973395744857,96.07677685079119,92.23187994665993,93.25475311279297,7066000
2022-12-14,93.44652809974012,94.3415428720688,91.96701644384054,93.32780456542969,5624000
2022-12-15,92.43280303699868,92.74332097024791,90.82543289299632,91.318603515625,7244400
2022-12-16,90.67018072922332,90.90763480831137,89.51944923430062,90.25920867919922,13862300
2022-12-19,89.89390056322526,90.24094348923505,89.25460912906141,89.77517700195312,5771100
2022-12-20,89.67469984252119,90.03087743021766,88.83447943547175,89.50117492675781,4533500
2022-12-21,88.33217223782506,90.47837227251094,87.99425716413754,90.1130599975586,5566300
2022-12-22,89.91216201140662,90.01262308815488,87.82989054381355,89.2820053100586,4756900
2022-12-23,89.12673569360942,89.77516876156886,88.4783095934034,89.74776458740234,3944500
2022-12-27,90.02174473307313,90.8345609866551,89.6929643419891,90.59710693359375,4402500
2022-12-28,90.78890797778494,91.24554666923079,89.85736114529348,90.04914855957031,3491500
2022-12-29,90.41446287630707,91.92137198446291,90.11307966112517,91.11768341064453,3976100
2022-12-30,90.58797917721854,90.64277358648157,89.72036154662061,90.59710693359375,3988900
2023-01-03,91.8391808326545,92.3962806508945,90.84371172751516,92.08576965332031,6607700
2023-01-04,93.78445728779226,95.64754399711917,93.6565990107775,95.40095520019531,8166600
2023-01-05,95.42834482433331,95.98544454466804,94.51506750808004,95.37355041503906,5575100
2023-01-06,96.24117052475668,97.72068243069687,95.90326234393811,97.43756866455078,9644100
2023-01-09,97.28229445858348,97.42842217039644,95.37354825535807,95.65666198730469,10124800
2023-01-10,95.30962168744585,97.2001054614298,95.1360967669379,96.8073959350586,4183600
2023-01-11,96.63387184397203,97.20924101996192,95.76626116949146,97.08138275146484,5634400
2023-01-12,97.07223911455829,97.20923209472807,96.0493660927434,96.67039489746094,4882000
2023-01-13,95.9580353667763,97.99464659371252,95.9580353667763,97.93071746826172,5529700
2023-01-17,97.67501566995838,98.26864737671237,97.09051868822469,97.49236297607422,7477200
2023-01-18,97.84853996847025,98.14992318239196,95.81193527070405,95.89412689208984,5725800
2023-01-19,95.89413084726013,96.53342226580698,95.2000380444422,95.21830749511719,5115800
2023-01-20,95.3461594697521,96.0767771900671,94.88038605691463,95.93065643310547,6543500
2023-01-23,95.93066594966955,97.620227869714,95.34616892833259,96.99919891357422,6320500
2023-01-24,97.17271448896577,97.60195597180298,96.26857183500758,97.39189910888672,5517200
2023-01-25,96.8622025597213,97.84854386212135,96.71608179330308,97.70242309570312,5416900
2023-01-26,97.99465705509,99.3645730047823,97.77546548635719,99.32804107666016,6324100
2023-01-27,99.30976657716705,100.24131327751475,98.94445428228076,99.56548309326172,6851100
2023-01-30,98.87140168513847,99.42850139125481,98.10424513583366,98.99925994873047,6880700
2023-01-31,98.87139786733621,99.68421406925061,98.1773052005292,99.67507934570312,5816300
2023-02-01,99.51983044086298,101.172860156489,98.61568784716314,100.45137023925781,5841200
2023-02-02,100.49703560540914,101.21852551340181,98.63394906472291,99.68421936035156,9852900
2023-02-03,95.51053829737647,97.20923457216821,94.10409046944392,95.25482177734375,15200500
2023-02-06,94.9808366486427,96.962646664147,94.34154534291635,95.9123764038086,6392200
2023-02-07,95.73886733778637,98.06772042554124,95.49227854860145,97.56542205810547,6207500
2023-02-08,97.09964523221312,97.3005673592094,96.48775109472669,97.08138275146484,5557500
2023-02-09,97.04468124159585,97.85239003039754,96.92535577094588,97.33839416503906,5608400
2023-02-10,96.85191588438028,98.4489863072721,96.80602740261969,98.2929458618164,6298600
2023-02-13,98.62337324056641,99.98179974232296,98.46733979857216,99.60547637939453,5192400
2023-02-14,99.06394490941373,99.55958672165849,97.93498183663387,99.1098403930664,5109400
2023-02-15,98.66925545788686,100.04603576660156,98.4489725692392,100.04603576660156,4059100
2023-02-16,98.90789966386194,100.13782004907571,98.58665232463946,98.70597076416016,4596800
2023-02-17,97.97169615087462,98.6325518960004,97.50359583363351,98.3021240234375,6876400
2023-02-21,96.8335546862599,97.24658600470786,96.10844950279153,96.17269897460938,5438000
2023-02-22,96.75094589701652,97.23740715723626,95.81473135616581,96.16351318359375,7523700
2023-02-23,96.84274162164982,96.84274162164982,94.19931859929801,95.00703430175781,6857900
2023-02-24,94.21768597687884,94.281935457321,92.5380119847459,93.25393676757812,6019700
2023-02-27,93.92396839669989,94.81428758332999,93.7587544548235,94.02493286132812,5235100
2023-02-28,93.61189035336086,94.49302900339809,93.52928688742027,93.70367431640625,5186500
2023-03-01,93.79544809859142,93.92394702384719,92.62059678044375,93.0978775024414,5382200
2023-03-02,92.96022849168118,94.6949715527837,92.64816157187876,94.5481185913086,4777600
2023-03-03,94.90607571192879,96.09010784684955,94.54811332261184,95.96160888671875,4882100
2023-03-06,95.86981380133575,97.23742082255366,95.86064030648278,96.3654556274414,5237100
2023-03-07,96.36545792919004,96.99877922256363,94.6490759931989,94.85099792480469,3976300
2023-03-08,94.44713704298057,94.55727499350962,93.37325000931884,94.07999420166016,4225500
2023-03-09,94.30028827266982,94.3094687705235,91.74865607745626,92.06072998046875,5732300
2023-03-10,92.35444462895511,92.92350945858671,90.89505356010082,91.21630096435547,6641900
2023-03-13,90.7848998015686,91.96892474232519,90.289258034368,90.94093322753906,6408200
2023-03-14,91.88632487115731,92.13414226310283,90.3810455205731,91.28971862792969,6248800
2023-03-15,90.31678788162051,91.20710691756196,89.28878941697334,91.1795654296875,6603300
2023-03-16,90.99601398478697,92.43704399352079,90.89504951898599,92.18004608154297,8188600
2023-03-17,90.93174852326875,91.13367741937668,89.802785605332,90.5921401977539,10189700
2023-03-20,90.95929954978259,91.98729820660938,90.80326610265746,91.64768981933594,4864000
2023-03-21,92.25347899770397,92.87761980497346,91.91387060166957,92.28101348876953,4743700
2023-03-22,92.41869115961264,93.14379642187956,90.92258514907826,90.9776611328125,5917700
2023-03-23,91.17958302351342,91.90468828545616,89.50908957279343,90.33515930175781,6879200
2023-03-24,90.15158080082074,90.34432921455162,89.20619272280719,90.26171875,4685400
2023-03-27,90.7940797127628,91.52836542036762,90.4820128387646,90.5554428100586,6022200
2023-03-28,90.07814740737841,90.7848985668487,90.02307843488298,90.61050415039062,4709800
2023-03-29,91.17041423888733,92.41869589322357,90.62887688754947,92.35444641113281,4946600
2023-03-30,93.10707794407082,93.34571485485942,92.38197270897999,92.99693298339844,4082600
2023-03-31,93.47420247499805,95.7137673851417,93.47420247499805,95.57608795166016,6900100
2023-04-03,95.5118560839436,96.3195718411252,95.15389369252654,96.2369613647461,3855400
2023-04-04,96.23695368096602,96.38381362606184,94.86017320769707,95.45677947998047,3854400
2023-04-05,95.4384133452035,97.01711553811379,95.3925178675336,96.2828369140625,5170900
2023-04-06,96.28285392094138,96.52149784217751,95.47513818834773,96.08092498779297,3155700
2023-04-10,95.04373773794723,96.20940866324256,94.60316495354154,96.13597869873047,3761600
2023-04-11,96.42970747056334,97.65963506981572,96.30120851279088,97.05384826660156,4010600
2023-04-12,97.51277216445008,97.82484605435548,96.69588295648367,96.92534637451172,4606000
2023-04-13,97.64127293498662,98.42145417293177,97.52195447635248,98.20116424560547,4367600
2023-04-14,98.12772787788165,99.28421832647606,98.0726519022341,98.6417236328125,3963300
2023-04-17,99.09147997651749,99.72480124074664,98.72433711315759,99.41272735595703,4780700
2023-04-18,99.92672425062894,100.25715210782663,98.88037170372537,99.04558563232422,5300500
2023-04-19,98.84367727151823,98.9997107357864,98.28378589722074,98.35721588134766,4617800
2023-04-20,97.46687097065653,98.74268684828503,97.46687097065653,98.2562255859375,4297200
2023-04-21,98.4857153550494,99.84413505498914,97.89828948437241,99.30260467529297,4522800
2023-04-24,99.30257263124943,100.31221008300781,99.16489320540364,100.31221008300781,5940700
2023-04-25,99.96344579737823,101.98272105488624,99.89001582369887,100.35811614990234,8747100
2023-04-26,100.05523679853195,103.10251089381688,100.05523679853195,102.31315612792969,8081600
2023-04-27,102.23971743909478,103.60731741585542,102.04696901305476,103.48799896240234,7618500
2023-04-28,103.18511550623118,104.91985851018056,103.06579704129696,104.90150451660156,5979300
2023-05-01,104.86479009041793,105.9937532749724,104.86479009041793,105.14932250976562,6495900
2023-05-02,105.08506012323498,105.14930959721929,103.5797807304592,105.05752563476562,9626400
2023-05-03,100.11946414150137,100.70688983701733,95.27319865216137,95.42005157470703,24388600
2023-05-04,95.70459928035397,96.98959582144703,95.27321393683566,96.11763763427734,8858100
2023-05-05,96.87945797504699,98.65091584383946,96.72341752862746,98.40309143066406,7813800
2023-05-08,98.6417453444192,99.23835169280436,98.14610347049933,98.36638641357422,6090700
2023-05-09,98.20116600797866,98.37556045290812,97.65963568291902,97.94416809082031,3682400
2023-05-10,98.35721000296927,99.22916825368998,96.99878338848336,98.18281555175781,4565000
2023-05-11,98.18280660603196,98.47798198587293,96.96520728449595,97.43563842773438,4791700
2023-05-12,97.5555534814673,97.97986763029733,96.69769897431165,97.88762664794922,5175600
2023-05-15,97.8784107199421,98.47798772449032,97.41719872221833,98.36729431152344,4217000
2023-05-16,98.15515196569584,98.2935099508163,97.03901261044989,97.11280822753906,3676600
2023-05-17,97.74003340656047,98.27504094556542,96.8083833179533,97.49098205566406,4757300
2023-05-18,97.24192530561257,98.8284955307527,97.03899092274081,98.7823715209961,5377500
2023-05-19,98.6993608619661,98.83772585946673,97.14968837253845,97.324951171875,4985200
2023-05-22,97.33414986757865,97.50018642214236,94.79748458468195,94.91740417480469,7504300
2023-05-23,94.19792777913005,94.21637315994413,92.31618224699301,92.5560073852539,6766300
2023-05-24,92.98033133929901,92.98955051121413,91.42143270627524,91.88264465332031,6134800
2023-05-25,91.043253843577,91.22774288202353,90.14850839787591,90.80342864990234,8177000
2023-05-26,90.97866981863874,91.88264836790843,90.70194686174597,90.88642883300781,7276500
2023-05-30,91.21850921292467,91.28307861171763,89.76107759727046,90.16694641113281,6505400
2023-05-31,90.42521258768258,90.47133659708314,89.45667172809272,90.06546783447266,10377100
2023-06-01,90.0193499736629,90.60970777666304,89.0323566278839,89.95478057861328,6752200
2023-06-02,90.68348706499603,91.92876490108651,90.5728007062577,91.78117370605469,6221400
2023-06-05,92.27927785000695,93.04489129345927,91.78116815321394,92.17781066894531,6536500
2023-06-06,92.00256814426156,92.54680196587923,89.96401194090505,90.6004867553711,8657100
2023-06-07,90.90488496143628,91.19083413981927,90.01935175814992,90.3237533569336,6285600
2023-06-08,90.07469995409029,91.48600746890654,89.40132737535208,91.45833587646484,6877800
2023-06-09,91.13548888478824,91.28307305696134,90.06547372700427,90.36064910888672,5550800
2023-06-12,90.36064170146639,90.86797764633246,89.95477294557352,90.82185363769531,6705800
2023-06-13,90.86799640595635,91.75352266182777,90.86799640595635,91.559814453125,5137900
2023-06-14,91.83653188077338,93.49689790831329,91.49523950222222,92.85120391845703,9279500
2023-06-15,93.47844490784827,94.07802191616291,92.85120334303886,93.51534271240234,6448200
2023-06-16,94.09645444369706,94.55766634681041,93.60757095240251,93.96731567382812,11709200
2023-06-20,93.95809788973133,94.53922240624632,93.07257180085982,93.41386413574219,5506400
2023-06-21,92.79583349890052,94.51154234148501,92.57445375591594,93.96731567382812,5508800
2023-06-22,93.55224013730717,93.75517454276273,91.91032654776537,93.02645874023438,6125500
2023-06-23,91.91955425313041,91.99334986313923,89.95478660248196,90.71117401123047,18770100
2023-06-26,90.71117085667223,91.1078134497551,89.91789270804294,90.60971069335938,6069000
2023-06-27,90.75728209508684,91.37530438596367,90.14848601322568,91.06168365478516,5034100
2023-06-28,90.98789955931808,90.98789955931808,89.7518548213186,90.9602279663086,6581900
2023-06-29,90.96022613732397,91.16316053202819,90.37910158320065,91.02479553222656,5113500
2023-06-30,91.68894060278707,91.74428378690948,90.89565545519726,91.37531280517578,6229900
2023-07-03,91.07091950720867,91.84575224572102,90.62815291553287,91.45833587646484,3287000
2023-07-05,91.45832836170263,91.62436494024647,90.66504326838603,90.82185363769531,6365400
2023-07-06,90.26840977709118,90.46211796523508,88.4696858603719,88.7371826171875,7153300
2023-07-07,88.54348094925767,89.16151039984055,88.13761916029897,88.59883117675781,7889500
2023-07-10,88.82943344574538,91.80885900563104,88.76486404766065,91.43988800048828,9294600
2023-07-11,91.72583142369496,92.45454712183589,91.44910144907186,92.32540130615234,5268000
2023-07-12,93.5522381591215,93.93043536811645,92.94344199316456,93.29396057128906,6971900
2023-07-13,93.63525457293339,94.27172229549353,93.44154639323806,93.71826934814453,4511700
2023-07-14,93.87508509240642,94.1610413109524,93.15559551597185,93.72750091552734,3939800
2023-07-17,93.00800163412954,93.91197309672175,92.27928592344807,93.1002426147461,5244500
2023-07-18,92.9249832496206,93.55223179347749,92.11325273773237,92.94343566894531,5989000
2023-07-19,92.81429547528542,94.06879254396122,92.81429547528542,93.93042755126953,5556200
2023-07-20,93.88429816649804,94.5299990829155,92.88807872119257,93.05411529541016,5466100
2023-07-21,93.90275862029584,95.51700049317641,93.72749582208583,94.8436279296875,20370300
2023-07-24,94.89897316495737,95.38786376855806,94.38241800647961,94.80673217773438,4746600
2023-07-25,94.48387397024554,95.71991853465673,94.39163299398932,94.93585968017578,5627500
2023-07-26,94.28096304130437,94.70527726760973,93.44156079987381,93.83820343017578,6568300
2023-07-27,94.1149134698937,94.48388445339191,92.74050376983742,92.96188354492188,5373400
2023-07-28,93.62604517053674,93.93044680936124,92.98957029618323,93.39543914794922,5320700
2023-07-31,93.4507577339362,93.93042207563411,93.03566981759438,93.69058990478516,6377400
2023-08-01,93.59837129569178,93.81975110147708,92.6113778245416,93.4046630859375,7784300
2023-08-02,92.703604849794,96.35640276355021,91.58747274038538,94.2071533203125,14463100
2023-08-03,94.05956654129665,94.91742105282869,93.57990217058203,94.39163970947266,5547500
2023-08-04,94.97277746073486,95.14804027877226,92.72206057134171,92.8696517944336,5199200
2023-08-07,93.55222151165536,93.95809024176062,93.10946202202709,93.84739685058594,5222700
2023-08-08,93.36774878320574,93.55223074917775,92.1409233006378,92.8880844116211,4058400
2023-08-09,93.16481386094252,93.69982141172683,91.75350642053992,92.16859436035156,4494300
2023-08-10,93.23504751094134,94.93208656116819,93.10522008278822,94.27367401123047,6844200
2023-08-11,94.03255767924894,94.03255767924894,92.86410381565773,93.65234375,3180600
2023-08-14,93.17940029494827,93.86563193171133,92.91973838841025,93.67089080810547,3239300
2023-08-15,92.85482738588887,93.33704957987416,92.53025883708938,92.77136993408203,3203700
2023-08-16,92.37261451534047,92.81773508593878,91.70492658437914,91.78839111328125,3679500
2023-08-17,91.80693286567312,91.89966572628227,89.42366226519304,89.5534896850586,5291100
2023-08-18,89.03417573284125,90.40663898414495,88.83015920425365,90.16553497314453,4126000
2023-08-21,90.24900774304777,90.48084346033623,89.17329369386293,89.45149230957031,3753200
2023-08-22,89.4793031325824,89.71113882828558,88.65396862188419,89.0898208618164,3639800
2023-08-23,89.41438358544546,89.54421100056136,87.17949130375311,88.26448059082031,9704500
2023-08-24,87.86572177385551,88.68178081164528,86.90128450643303,87.93991088867188,7824500
2023-08-25,88.59833239604957,88.98781467594665,87.64317043936971,88.54269409179688,5360400
2023-08-28,88.96927366392563,90.13772053948406,88.86726538628832,89.98934936523438,5098900
2023-08-29,90.28609288098498,92.02022641228297,90.26754206350242,91.94603729248047,5512300
2023-08-30,91.82547108375809,92.47461521909854,91.8069273427773,92.02948760986328,4212200
2023-08-31,91.80692762160209,92.11295241168929,90.21189704000452,90.36027526855469,5624500
2023-09-01,91.25052376384478,91.57509229621108,89.98933711659569,90.87958526611328,4747100
2023-09-05,90.43446452633124,90.70339478074717,89.57203546046769,89.80387115478516,5414300
2023-09-06,89.41438309287575,89.53494217415029,88.44067748487052,88.97853088378906,5428400
2023-09-07,88.55195545771018,88.85798025714736,88.11610324185665,88.19029235839844,6404100
2023-09-08,88.32941198490776,88.8858163146816,87.86574053091876,88.35723114013672,4754700
2023-09-11,88.7003283298296,89.23818877965442,88.3015706963475,88.7188720703125,5577500
2023-09-12,88.56123536579594,89.49785355330027,88.28302970216055,89.24746704101562,5007600
2023-09-13,89.210380954571,90.2304637680848,89.06200977491919,89.88734436035156,5830200
2023-09-14,89.73895390653296,90.67557205567888,89.2567387943861,90.10062408447266,6039700
2023-09-15,90.18409154353436,90.38810810114444,89.07128296119775,89.23820495605469,8767600
2023-09-18,89.30312130948975,89.9244393350593,89.10837308051816,89.72969818115234,4477500
2023-09-19,88.29229648264192,88.5334075625592,87.4205920918309,88.36648559570312,6803000
2023-09-20,88.51486433866104,89.5998607538171,88.14393289166681,88.24594116210938,4572100
2023-09-21,88.245924733939,88.39429587010265,86.27068047860027,86.3355941772461,6108800
2023-09-22,86.64162320213362,87.48550132612361,86.58598490771269,86.87345886230469,5118900
2023-09-25,86.14088049745709,86.67874107174357,85.54738161378398,86.00177764892578,4818800
2023-09-26,85.3155288696289,85.76992481411244,84.55510813444562,85.3155288696289,6086600
2023-09-27,85.74211040709851,85.99249691336034,83.81323577578556,84.54583740234375,4731500
2023-09-28,84.54582927018919,84.74984578898227,83.65558115868917,84.46237182617188,4736300
2023-09-29,85.88120795973876,86.29850934445462,84.23980741972134,84.63856506347656,7700200
2023-10-02,84.43456886497833,85.0744306169671,84.19345774426685,84.50875091552734,6430500
2023-10-03,83.92450881511364,84.4530938362505,82.72823596200115,82.97862243652344,6666600
2023-10-04,83.35885158386442,84.7869604794936,83.28466245485556,84.52730560302734,6166100
2023-10-05,84.51801102403357,86.28923893330696,84.51801102403357,85.65864562988281,7548600
2023-10-06,85.31553508268465,86.55817100198874,85.01878567844308,86.10377502441406,6979300
2023-10-09,85.7328368935019,86.0481371166779,84.7869503741017,85.94612884521484,4120700
2023-10-10,86.20577352020617,87.1423915953816,86.12231607616297,86.4097900390625,4974800
2023-10-11,86.511808032338,86.82710117872702,85.17643217689302,85.2691650390625,4499200
2023-10-12,85.16715406776571,85.54736798818821,84.17489761637952,84.77767181396484,5485200
2023-10-13,84.64783259123028,85.37115869743374,84.4345477522537,84.83330535888672,4780100
2023-10-16,85.47317933989682,87.04039084720755,85.17642994369646,86.84564971923828,4595900
2023-10-17,86.01104249138534,87.34641835311571,85.89975881121984,87.33714294433594,6086700
2023-10-18,87.1145824007392,87.66171124103666,86.70654931640625,86.93838500976562,4110700
2023-10-19,87.51333712013961,88.70961010647183,87.327864326679,87.55970001220703,5610800
2023-10-20,87.7451779736827,88.18102314509233,87.30005031822377,87.34642028808594,4699000
2023-10-23,87.10530294886858,88.12537853728877,86.51180416742179,87.35568237304688,4481000
2023-10-24,87.42986278788113,88.07900687958754,87.22584627548949,87.74516296386719,3600200
2023-10-25,87.4669688215208,88.43140614072252,87.14240027060286,87.17021942138672,5497300
2023-10-26,86.99404484705893,87.61537003611632,85.87196066244132,85.93687438964844,6201700
2023-10-27,85.90903865507029,86.91984601233096,85.10224785111348,85.3340835571289,8293600
2023-10-30,86.35416174475962,86.90129058591393,85.98322321979093,86.3819808959961,7852700
2023-10-31,86.40051490398281,86.53961771955676,85.31552567761953,85.5380859375,9308300
2023-11-01,85.15788856950167,85.18570772069023,83.97089095169699,84.71276092529297,14292500
2023-11-02,93.65234512156302,94.51477418766686,92.49316664965266,92.7435531616211,23396300
2023-11-03,93.30923714967513,96.23036137432213,93.1979534641873,95.19174194335938,15995700
2023-11-06,95.39575968761729,96.52711199975451,94.56114972369284,96.47147369384766,7532000
2023-11-07,96.65693003368627,96.80530118250823,95.82232021199042,96.14688873291016,6239500
2023-11-08,96.20253839369288,97.20407029803836,96.11908093919607,96.72185516357422,7453000
2023-11-09,97.25334393144325,97.40253040068585,95.13670443215258,95.32319641113281,7607000
2023-11-10,95.66819679257833,97.29996430599833,95.09008942646085,97.28131866455078,7338500
2023-11-13,96.8990121084841,97.18807289556892,96.00387195693001,96.51671600341797,7120800
2023-11-14,97.42118090492737,98.67064512249259,97.19739053532109,98.46550750732422,8323000
2023-11-15,98.52147258439722,99.34201604712713,98.52147258439722,98.86647033691406,7980200
2023-11-16,99.09955257954626,100.38632213181452,99.02495579977466,99.96672058105469,8037200
2023-11-17,99.93877253813284,100.23715261484725,98.35362971445166,98.43754577636719,6341800
2023-11-20,98.10186473512529,98.34430076422215,96.84307404171867,97.25334930419922,9799500
2023-11-21,97.39320322621165,97.60766722179841,96.19968302627198,96.68455505371094,6149000
2023-11-22,97.12280343192154,97.6076683510284,96.30225294951387,96.45144653320312,4828700
2023-11-24,96.45144956326813,96.60063603770253,95.54698299707724,95.8360366821289,3206400
2023-11-27,95.37914944052824,96.12509608495479,95.1740118012797,95.44441986083984,7853600
2023-11-28,95.07144007865435,95.15536325303083,94.07373104781784,94.3441390991211,6848100
2023-11-29,94.65185558179587,94.81969483439791,92.80562380317333,93.10400390625,8428500
2023-11-30,93.29981190898721,93.35576306718698,91.77061304512104,92.5911636352539,11442600
2023-12-01,91.84519777283201,92.57249870833544,90.93140485774971,92.4979019165039,12506500
2023-12-04,91.7426239770393,92.199516852781,90.23207103727495,91.00599670410156,11477400
2023-12-05,90.80086575095308,90.8941152994817,88.44179729759115,89.0851821899414,16027300
2023-12-06,89.46747808585116,90.605054281261,89.01991155535852,90.4651870727539,12115000
2023-12-07,90.67965040222825,91.09924491069788,89.76585747883752,89.92437744140625,7858300
2023-12-08,89.58870205369736,90.31600302069306,89.33693964884996,90.08289337158203,7125200
2023-12-11,90.65167154715198,92.32073730549442,90.65167154715198,91.4908676147461,7639100
2023-12-12,91.78926028812236,91.9384467684932,90.84749528736263,91.51885223388672,6313800
2023-12-13,91.84520261093105,91.97574344654188,90.27870546965902,91.48155212402344,7741900
2023-12-14,92.0503248634962,92.11559527039692,90.58639678248792,91.22977447509766,9764800
2023-12-15,91.22978694610616,91.60276379964185,90.03626670594537,90.21343231201172,12466000
2023-12-18,90.67032099950178,90.74491778952269,89.43950241992272,90.03626251220703,6146400
2023-12-19,90.39058852812373,91.4255958100443,90.39058852812373,91.11788940429688,5992900
2023-12-20,89.8497892394765,90.33465420926493,88.2553199953256,88.31126403808594,10057400
2023-12-21,88.65624890964774,88.99192731840151,88.08746089003391,88.88935852050781,7097200
2023-12-22,88.47910765490437,89.35560230917801,87.9662635244373,88.84275817871094,6361000
2023-12-26,88.89868396577742,89.2250431348323,88.54435989364568,89.20639038085938,3709500
2023-12-27,89.22504286501585,89.30895891581649,88.38584678730338,88.85206604003906,4959300
2023-12-28,89.04788838831287,89.48613567882117,88.68423789490006,89.44883728027344,4518300
2023-12-29,89.40220068347232,89.84044791603864,88.90800941745196,89.52342224121094,6135700
2024-01-02,89.00126179154763,89.46748109294693,87.29490455502213,87.34152221679688,8859700
2024-01-03,87.61192001306814,87.87300165306965,86.77272394596247,86.93124389648438,7161700
2024-01-04,86.81003549189919,88.19004780177316,86.71679305119171,87.2296371459961,7118600
2024-01-05,87.02449895862264,87.2576086158906,86.23192754669999,86.70746612548828,7191000
2024-01-08,86.73543456981419,88.18071723085987,86.6701641530281,87.8263931274414,7536900
2024-01-09,87.28557700681658,87.3974721986713,86.58624806409384,86.80070495605469,6348500
2024-01-10,86.72612096868048,87.36017953626373,86.60489939106131,87.18301391601562,5847700
2024-01-11,87.02448570696103,87.31353936149614,85.69109838587227,86.66083526611328,6483600
2024-01-12,86.93125721907268,87.0897700799462,85.56989054938757,85.76570892333984,5641200
2024-01-16,86.39975858436817,86.46502899765076,85.5325904570758,86.43704986572266,7493400
2024-01-17,85.46732355505563,85.74705086035529,85.2248875326425,85.56988525390625,6672900
2024-01-18,85.74705079963499,87.11773664785223,85.61650996779923,87.0338134765625,7549500
2024-01-19,86.88462587767278,87.873008481322,86.38110819828307,87.51868438720703,9565900
2024-01-22,87.46273432294025,87.57462239024478,86.53961508403061,86.78205108642578,9421000
2024-01-23,86.74474536711365,87.32285975048326,85.56987096204534,85.75636291503906,10227100
2024-01-24,86.29720098279118,86.56760193440506,85.77503049477721,85.8216552734375,7661400
2024-01-25,85.98948369211793,86.39043255071779,85.52326441997585,86.35313415527344,11991500
2024-01-26,86.64219967216009,87.17368943050295,86.16666107160347,86.53031158447266,9229400
2024-01-29,86.73542999903822,87.58395248648381,86.00812907490857,87.46273803710938,12728100
2024-01-30,86.71679571274747,88.28329295211608,86.33449244598815,87.72383117675781,17625200
2024-01-31,91.64006107459065,91.71465786717297,86.73543222839882,86.74475860595703,26751800
2024-02-01,86.81005089457548,87.27627029477614,85.66315515389019,87.06181335449219,15001500
2024-02-02,86.42773880513202,87.28558063653202,85.47664741967111,86.70746612548828,11366600
2024-02-05,86.51164296037803,86.595566124694,85.69109964074612,86.2598876953125,7335800
2024-02-06,86.25056201692263,89.2343623978775,86.11069481789072,89.20639038085938,11531500
2024-02-07,89.73788808461595,90.12951769977515,88.05017650988762,88.87071990966797,9078000
2024-02-08,89.20841922784253,90.69992020327216,88.11090409823416,90.60610961914062,9888100
2024-02-09,90.35284208417133,91.91938154967839,90.3247017708707,91.27213287353516,9385600
2024-02-12,90.9156560053877,91.12202781389048,89.47106050261016,89.55548858642578,9224400
2024-02-13,88.97391781297144,89.63993153153139,87.60436756902149,88.05463409423828,8138500
2024-02-14,88.25161576644238,88.61745415520228,87.95144049472292,88.24223327636719,5510600
2024-02-15,88.20470227428453,88.40169160709586,87.23851343189182,87.44488525390625,8878000
2024-02-16,87.33231685369591,88.34541098536185,87.00400129901038,87.44488525390625,5737500
2024-02-20,87.57620238627156,88.28912120012532,87.30416748155446,87.67000579833984,8844500
2024-02-21,88.04523685695186,89.83690585335788,87.96080876653895,89.13336944580078,8284600
2024-02-22,89.01141281941402,90.12769271454992,88.3078765137552,89.84627532958984,8124700
2024-02-23,89.94009260988128,90.92504645240331,89.65868233826248,89.69620513916016,6845200
2024-02-26,89.45231077071269,89.649300108439,88.41107630220041,88.43921661376953,7043800
2024-02-27,88.47673920560273,88.79567943503118,87.8013431025707,88.29850769042969,5356100
2024-02-28,87.96081201738355,88.14842602704472,87.0227634393058,87.23851776123047,5622400
2024-02-29,88.6455845221535,89.20841219888223,88.15780244411987,89.02080535888672,11221100
2024-03-01,88.59868723353674,88.71125564174339,87.15409869030368,87.38861083984375,7995400
2024-03-04,87.29480714207108,87.53870180072369,86.3380006454238,86.73197937011719,7321000
2024-03-05,86.39427444026082,86.45993755584793,85.42808552944655,85.56879425048828,7137300
2024-03-06,85.6907428812146,86.32861625048973,85.47499569915077,85.97216033935547,4826900
2024-03-07,85.94400389913514,86.07533011316181,84.71515552968285,85.31550598144531,8792400
2024-03-08,85.00596466438475,85.85958514835242,84.98719968505998,85.418701171875,7673300
2024-03-11,85.60631000255437,87.20098962503972,85.5218819141858,86.36612701416016,6702300
2024-03-12,86.30045364346105,86.97584964314068,85.55939454140933,86.67567443847656,9444900
2024-03-13,86.76010382241786,87.11656683298467,85.24046983165901,85.93462371826172,8254500
2024-03-14,85.45621720747975,86.0284273669531,84.80896860687677,85.98152923583984,8544800
2024-03-15,85.92524167940249,86.31922033412624,84.51816892103867,84.53693389892578,18136300
2024-03-18,85.12790864896344,85.76578196973779,84.92153681625076,85.3718032836914,7413900
2024-03-19,85.36242540952499,86.20667060866012,85.2310991737421,85.9158706665039,5676500
2024-03-20,86.10347945411397,86.89143682092626,85.85020233139383,86.86329650878906,5804400
2024-03-21,86.8914302722518,87.3979773227729,85.96276425800085,85.98152923583984,6287300
2024-03-22,86.05656660881141,86.09408940728154,84.48064485677615,85.09037780761719,6495000
2024-03-25,85.03410625184362,85.47499023493276,84.86525721910189,85.05286407470703,6903000
2024-03-26,85.34366239433893,85.36242021684839,84.6401259639803,84.76206970214844,6216100
2024-03-27,85.03410393689171,86.14100153101073,84.98719864589597,85.8314437866211,5863700
2024-03-28,86.10348473890605,86.52560376035788,85.64384291338733,85.72826385498047,6784300
2024-04-01,86.13162358032382,86.36613573417536,85.38118182530171,85.85958862304688,4990200
2024-04-02,85.46561171094247,85.58755545707001,83.70208285349668,83.76774597167969,8276800
2024-04-03,84.04915547321927,84.27428513961131,83.1580121410578,83.20491027832031,6316400
2024-04-04,83.6082586635419,83.80524798604547,82.182428119198,82.19181060791016,8057600
2024-04-05,82.4544744747251,82.48261478802281,81.45076274556351,81.46952056884766,7161400
2024-04-08,81.58209555076148,81.9479339665883,81.0098852784696,81.78846740722656,6322900
2024-04-09,81.78845788630078,82.17305408215228,80.96297055653476,81.73217010498047,6240700
2024-04-10,80.97233989366511,81.48826939096512,80.29694388146932,80.62525939941406,7413900
2024-04-11,80.67217256109178,80.96296531156146,79.97801866154695,80.578369140625,6841600
2024-04-12,80.1280971022695,80.21252518450794,79.06810492727448,79.65907287597656,8594800
2024-04-15,80.1093471487203,81.01925538215801,79.65908069829767,79.89359283447266,9676900
2024-04-16,79.56527746674763,80.85040655250802,79.19005661661575,80.12810516357422,8866800
2024-04-17,80.67218179003952,81.06616049511672,80.05306626199557,80.86917114257812,6870100
2024-04-18,81.08493232340253,82.20120541539575,80.71909390111364,81.75094604492188,11403300
2024-04-19,81.75093260760937,82.62331804584605,81.7227922961731,82.18243408203125,11900000
2024-04-22,82.62331389058612,83.12047845227025,81.92915284527044,82.71711730957031,8669000
2024-04-23,83.27057626302519,83.30809906817301,81.91040857094737,82.42633819580078,5670500
2024-04-24,81.666511323261,83.43004732550659,81.56332540156608,83.25181579589844,7183900
2024-04-25,84.00224735874512,84.17109637767018,82.24809405973156,82.39817810058594,7284600
2024-04-26,81.98544368206223,83.72083204663846,81.95730337099087,82.78278350830078,7185300
2024-04-29,82.7733981458843,83.120478669449,82.41694229011617,82.85782623291016,8522800
2024-04-30,82.18242400592904,83.47692827048,81.77906289239813,83.00790405273438,14538400
2024-05-01,71.1228430877182,72.22035820929231,68.1679886277748,69.82833862304688,66610700
2024-05-02,70.25984644049977,70.49435860675194,68.80586814703895,70.2879867553711,23883400
2024-05-03,70.60690766841074,70.83204446197412,68.46815822675346,68.58072662353516,22153800
2024-05-06,68.76833948452318,69.59382681973854,68.19612927506444,68.38374328613281,18632200
2024-05-07,68.33683760526414,68.33683760526414,67.35189089054595,68.0085220336914,21901300
2024-05-08,67.81151840766198,69.85646416711603,67.77399561356525,68.9465560913086,24482600
2024-05-09,69.01222563998145,71.0665540790921,68.54320140506063,70.99150848388672,18591500
2024-05-10,70.64443288204261,71.58248141706055,70.40992074828813,71.3948745727539,15761900
2024-05-13,71.49805593991479,72.07964141434674,71.10407729786569,71.46053314208984,10953600
2024-05-14,71.50744546169325,71.97646974552329,70.84142468072112,70.94461059570312,10961100
2024-05-15,71.19789081016265,71.31983455282935,70.65382089966276,71.0102767944336,8826500
2024-05-16,71.06699240391373,71.40725254237024,70.37701845342131,71.15205383300781,10758500
2024-05-17,71.14260969538762,73.72291488937377,70.81180318616916,73.58113861083984,14436500
2024-05-20,73.42046958967317,74.02537504204817,72.5036577353118,73.28814697265625,11183800
2024-05-21,73.30702964993104,73.93084230529844,73.2503220307304,73.45825958251953,8916600
2024-05-22,73.43935828801523,76.57730753744326,73.1936204438663,76.29376220703125,22072200
2024-05-23,75.70774657791004,76.27484437180786,73.38264057520122,74.01589965820312,15841300
2024-05-24,74.19547515107158,74.87599531259285,73.8268612654207,74.5451889038086,10746200
2024-05-28,74.46959461780818,74.47904829240825,73.16526875359217,73.23143005371094,8833300
2024-05-29,72.87224416317444,74.02534699837476,72.6170527016159,72.664306640625,9268100
2024-05-30,72.87224524102535,74.55463836866187,72.83443776263542,74.44122314453125,9294200
2024-05-31,74.7436865702764,75.92514339943084,74.29945764874789,75.82117462158203,12669700
2024-06-03,75.3107794514948,77.61698533781579,75.25407183495895,77.57917785644531,12443400
2024-06-04,77.4752088029554,78.85514941826764,77.40904751355822,78.250244140625,12370000
2024-06-05,77.93832815258166,77.97613562912045,76.52058023205221,76.7096176147461,11275300
2024-06-06,76.70017187915205,78.38256509849428,76.48278066931994,77.00262451171875,9237800
2024-06-07,77.14440460013564,78.09901648763069,76.18978550160067,76.9648208618164,10852600
2024-06-10,77.0215423770199,77.36180256836631,76.40718329758656,77.1255111694336,8698600
2024-06-11,76.48278900620143,76.53005016467642,75.3769471238739,75.50926971435547,9024300
2024-06-12,75.60376542276968,75.78334912565084,74.83818388697274,75.02721405029297,8873400
2024-06-13,75.14065978670973,76.4638929735895,74.83820710494071,75.84008026123047,13947300
2024-06-14,75.61323903472116,75.99130667210285,74.77204232734313,75.28243255615234,7192400
2024-06-17,75.21626091655097,77.26726801265956,74.92325475207872,76.87030029296875,9845900
2024-06-18,76.56785022153149,77.22946310975738,75.22570988806808,75.80226135253906,9664500
2024-06-20,75.44310213416868,76.3504600551845,75.301325881595,75.34858703613281,10183900
2024-06-21,75.6132291460998,75.84952048718135,74.81929370136469,75.52816772460938,25648400
2024-06-24,75.61323133886826,75.67939262784819,74.82874233307798,75.35803985595703,7396600
2024-06-25,75.61323665327481,76.32211074689926,74.54520228152177,74.9327163696289,15821600
2024-06-26,74.66807632941594,74.93272152213345,74.08207110908386,74.80985260009766,10708100
2024-06-27,74.7153285658887,75.08394249900898,74.3656147681162,74.89490509033203,10289600
2024-06-28,74.4034352575038,74.5546579998432,73.35430089181018,73.58113861083984,13207500
2024-07-01,73.71345477828598,73.93084601452877,72.56980539710709,72.9006118774414,6767600
2024-07-02,72.89117194191634,72.97623338260227,72.09722910697539,72.61707305908203,8854100
2024-07-03,72.62650618884426,72.81554359628578,71.89873200055378,72.07831573486328,4906700
2024-07-05,72.05940592386574,72.0877597312522,71.2843706074644,71.87982940673828,9663100
2024-07-08,72.15391941746186,72.25788818293113,70.38646482656318,70.4809799194336,8871200
2024-07-09,70.5376807989399,70.54713447063624,68.74187257272412,68.76077270507812,11816900
2024-07-10,68.98761083696992,69.1577408735152,68.38270564281754,68.533935546875,11132500
2024-07-11,68.37326681972259,69.46966222912788,68.12752898882025,69.28063201904297,12316100
2024-07-12,69.75321111457795,70.94411435582711,69.356236156455,70.72673034667969,10559300
2024-07-15,70.78342578577397,70.7928794574703,68.54338152229441,68.76077270507812,9064400
2024-07-16,68.25038960689447,71.36943817138672,67.62658422061966,71.36943817138672,14968700
2024-07-17,71.0953407761184,71.9554375190173,70.46208170449489,70.98191833496094,11567800
2024-07-18,70.37701766734698,70.99137664442252,69.76265869027144,70.121826171875,10701000
2024-07-19,70.56605737216063,75.02723232827101,70.12182844799364,74.92326354980469,32965900
2024-07-22,74.03481031408188,74.16713289820571,71.84202679154987,72.3524169921875,18851500
2024-07-23,72.91005869448665,72.91005869448665,71.86092451906548,72.07831573486328,9592100
2024-07-24,72.18229296513086,72.29570821184697,69.96114823639897,70.5849609375,10478200
2024-07-25,70.94412369235516,71.6151903657982,69.24283003337085,69.2995376586914,18973600
2024-07-26,69.79101847776795,70.90631407888698,69.66814955624423,69.98950958251953,12387100
2024-07-29,70.31084965018266,71.44504518319506,69.67759059776806,71.07643127441406,10864700
2024-07-30,71.12370476615114,71.8798400600414,70.745637119206,71.77587127685547,16163600
2024-07-31,75.18791440927515,76.78523911578688,73.53387487227322,73.67564392089844,18901100
2024-08-01,73.61892971619082,73.85522105748326,69.78156064113416,70.99137115478516,17307200
2024-08-02,70.99136500385453,72.46582053823496,70.81178129249938,71.7191390991211,15185700
2024-08-05,69.80045233425992,70.88739381496374,68.73241819675502,69.80990600585938,12372900
2024-08-06,69.86661988915287,71.82311184574635,69.79100493164219,71.23711395263672,10525500
2024-08-07,71.17095269588991,72.61705450642052,71.0386301257132,71.1614990234375,7297000
2024-08-08,70.9535550416398,71.97433524247008,70.69836359695154,71.59626770019531,8988300
2024-08-09,71.50177840844626,71.70026231725099,70.6511279342537,70.97248077392578,4683600
2024-08-12,72.33350101768445,74.12931657364841,72.10666335924833,72.80608367919922,13123000
2024-08-13,86.02894595403848,90.74532618601323,85.33897929498212,90.641357421875,157215500
2024-08-14,90.1593321054193,90.6035610226901,86.41647777185621,88.75103759765625,45737800
2024-08-15,88.95897134753984,89.75290683387475,87.88148335263398,89.67729187011719,21109800
2024-08-16,88.77396277346392,90.95147407056305,88.71691242001191,90.1527328491211,16336300
2024-08-19,89.71532461764949,90.22879953247582,87.60437460823759,87.76602935791016,14479000
2024-08-20,87.75652880955113,89.21137094436526,87.60438485197996,88.441162109375,11536200
2024-08-21,87.94670240079334,88.79298322321901,87.68996853804693,88.22245788574219,6769200
2024-08-22,88.1178494629986,88.2699934026756,87.26205793887141,87.88964080810547,10010300
2024-08-23,88.28900965632855,89.78188763688556,88.26999529077337,89.40153503417969,11483700
2024-08-26,89.57269367792755,91.21771560757307,89.55367931230121,90.93244934082031,13882800
2024-08-27,90.71374746125785,93.87066160245983,90.57111433421653,93.75655364990234,17456300
2024-08-28,93.39522935488202,93.86115749885879,89.74385441300655,90.61866760253906,14866300
2024-08-29,90.78031534203548,91.12263197043364,89.64876830624027,90.20027923583984,8781300
2024-08-30,90.32389703868093,91.2177246588842,89.8009185039037,89.92453002929688,7117200
2024-09-03,89.50612951867367,90.15272674765204,88.46967614312048,88.60279846191406,11234000
2024-09-04,88.78346952151063,89.3635056038083,87.45223904976805,87.7945556640625,7193500
2024-09-05,87.64240634701574,88.45065103773076,86.72005370699357,87.06237030029297,8370100
2024-09-06,87.00532165953683,87.63290451110294,85.75016321102676,86.67251586914062,9257000
2024-09-09,86.7390833481262,87.8230835756233,85.96887456927895,87.68045043945312,10089700
2024-09-10,87.59487884937705,88.92610216783235,86.66301527183536,88.75494384765625,7327000
2024-09-11,89.45858589014817,93.51883093702179,89.05921895202066,93.3761978149414,19302900
2024-09-12,93.62344047978047,94.43168527248564,92.55845458239233,94.40316009521484,14653500
2024-09-13,94.26052427941676,94.62186252692095,93.66147380986051,93.72803497314453,9899900
2024-09-16,93.68048744355934,93.75655941660997,91.26526396349402,91.57904815673828,9263400
2024-09-17,91.75020677867836,91.79775357565126,90.52357341392874,91.70266723632812,6281700
2024-09-18,90.85639916316052,92.80569478250234,90.64720483468145,91.39839935302734,8793800
2024-09-19,93.15751480960033,93.85165165712334,91.59807553711592,92.14007568359375,8752600
2024-09-20,92.09251553113027,92.2921990030251,90.63767362545221,91.33181762695312,19541000
2024-09-23,91.33182555439002,91.33182555439002,89.71532876528825,90.78982543945312,8382800
2024-09-24,90.78030901025187,91.11311480503109,89.56318652956087,89.81040954589844,8606800
2024-09-25,89.62974865194411,91.24623810374578,89.59171266718589,90.92294311523438,8632900
2024-09-26,93.66147092407802,94.27954299531369,92.2351541079753,92.68206787109375,9876800
2024-09-27,92.85322432155468,93.32866325074377,92.41582137725538,92.57746887207031,6319900
2024-09-30,92.6059863658447,92.89125260154559,91.67413020451573,92.7010726928711,6436400
2024-10-01,92.70109332674004,93.31916547191767,91.6170929971893,92.64404296875,7171600
2024-10-02,92.07351896077168,92.23516648050418,91.16067694657099,91.75972747802734,6346000
2024-10-03,90.94197011240728,91.6551286027835,90.62817863553214,90.86589813232422,5556400
2024-10-04,91.44592910662223,91.97842568242703,90.47603680666623,91.8357925415039,6818900
2024-10-07,91.4649590231355,91.77874325607702,90.67572852578951,91.36986541748047,7478900
2024-10-08,91.33181870252253,92.12104178989007,90.59963870899693,91.48395538330078,6595200
2024-10-09,91.7407062087722,91.7407062087722,90.77080665409099,91.17017364501953,3344800
2024-10-10,90.73277023954006,90.78982784842077,89.15431664988277,89.26841735839844,5459500
2024-10-11,89.5156429851883,91.24624043548901,89.392031472532,90.85638427734375,4834800
2024-10-14,90.72326619319978,90.8373669010987,89.70581985028214,90.10519409179688,4124700
2024-10-15,90.01960203611527,91.2557461116241,89.92451570445046,90.37142944335938,6264100
2024-10-16,90.76128691979864,91.13212869700291,89.46809247711937,90.77079772949219,7537100
2024-10-17,90.64719890791095,91.46495454506722,90.12421312090756,90.59014129638672,5577300
2024-10-18,90.9800008133074,92.09252625250782,90.37143951726839,92.08301544189453,6178300
2024-10-21,92.18760475804761,92.42532422081166,91.17967655740719,91.71216583251953,3994300
2024-10-22,91.61709678505555,92.41583810305634,91.22724056496631,92.06401062011719,6670900
2024-10-23,89.25891584447193,92.91979450376687,89.08775752315985,92.85323333740234,18858800
2024-10-24,92.89126731119751,94.53628206765069,92.09252607752467,92.37779235839844,9828600
2024-10-25,92.44435458227741,93.14800222730409,91.69316013835284,92.5299301147461,9665600
2024-10-28,92.85323503159451,94.27004117270349,92.75814868571354,93.2050552368164,6790900
2024-10-29,92.93879332498271,93.23357037353834,91.61707377495318,92.60598754882812,7664200
2024-10-30,92.58698313687411,93.32866673334578,92.04498302755844,92.53943634033203,9187200
2024-10-31,92.53944108818511,94.13691632201638,90.66621038043158,92.90077209472656,12011500
2024-11-01,92.80567907183449,94.89761474786687,92.58698122335508,94.01329803466797,8860200
2024-11-04,93.74704667521266,93.95624096948137,91.94988806299148,92.26367950439453,7049100
2024-11-05,92.10204187292717,92.68207802204017,91.42691937658422,92.32073974609375,6348300
2024-11-06,92.20663232414765,93.40474052503977,90.12420737455798,91.3603515625,9708800
2024-11-07,91.34134173777252,91.94039954289417,91.05608267999317,91.39839935302734,6195200
2024-11-08,91.38888160514728,92.84372372781107,91.31280962699702,92.75814819335938,6118700
2024-11-11,93.18603508167735,96.42853223357501,93.13848828437841,95.38256072998047,10313300
2024-11-12,95.21139355513687,95.601256943761,93.5853933526342,93.94673156738281,8438400
2024-11-13,92.56796585291627,95.03074348579219,91.50298720486005,94.89762115478516,8816300
2024-11-14,94.54578637959175,95.10680083755956,94.27003092826739,94.3556137084961,6441500
2024-11-15,94.81484988318307,95.88642298026703,93.7528464234332,94.16425323486328,8119900
2024-11-18,94.18340705036361,96.25957340322378,93.69545766391637,96.05865478515625,7041500
2024-11-19,95.47501049471703,95.96295977683147,93.95375942676988,94.09727478027344,9176200
2024-11-20,93.76243280313469,94.48000244193418,92.91091741571894,94.01119232177734,7527700
2024-11-21,95.19756968017846,95.99168181230412,94.2312405471038,95.73335266113281,6760600
2024-11-22,95.67594202553353,98.12524380554876,95.45588414709697,98.06784057617188,6563300
2024-11-25,98.47924235985143,98.85237793062294,97.37896762318137,97.43637084960938,8839600
2024-11-26,97.57989058234068,97.67556506383417,96.12561948495268,96.3265380859375,6558300
2024-11-27,96.39351203848685,97.61816293418313,96.36481042366508,97.12065124511719,4857800
2024-11-29,96.98671479360526,98.06785041918855,96.89103300238013,98.02957916259766,3419300
2024-12-02,97.58946131936138,97.79037992260888,95.55156637256943,97.12065124511719,6103200
2024-12-03,96.71881466569364,97.70428308547397,95.57070618175919,97.17806243896484,7101500
2024-12-04,96.52744394912833,97.57987770566719,96.02993233131701,96.34565734863281,6151100
2024-12-05,96.63270821199767,96.91973897797017,94.90097587591829,94.93924713134766,7194800
2024-12-06,94.65221252373355,96.26913832739439,94.1834024378686,95.78118896484375,6297000
2024-12-09,95.74290911788873,96.22128879916117,94.25992918614627,95.0157699584961,7271600
2024-12-10,94.85312456235596,94.958368678352,93.70501622357432,93.9155044555664,8192500
2024-12-11,94.24079573454668,95.0923109699145,93.74328408559367,94.16425323486328,8007300
2024-12-12,93.97291520432837,94.69048479837548,93.20750471754664,93.5902099609375,6375900
2024-12-13,93.13095414111997,93.83896133488244,92.74825623037725,93.2074966430664,5910900
2024-12-16,92.7578280610976,92.80566895458372,89.0743055470261,89.09344482421875,12395900
2024-12-17,88.988195402499,89.87798195212352,88.06970723828901,88.10797119140625,8536100
2024-12-18,87.80180784945229,88.26105557805901,85.76391293384214,86.0126724243164,10886600
2024-12-19,86.33796637976637,87.62002777399286,84.83585441082982,84.92196655273438,14628400
2024-12-20,84.06087832250195,85.30466841575878,83.30503754884522,84.16612243652344,26477500
2024-12-23,83.71645321987663,84.08001918889889,82.56834478123078,83.65904998779297,11203700
2024-12-24,83.62077900471914,86.03180965350116,83.4007211151916,86.02224731445312,5422000
2024-12-26,85.50559519323669,88.06971082677767,85.50559519323669,87.88792419433594,7538700
2024-12-27,86.969438775305,89.16998121436927,86.95029949785909,88.26106262207031,8200400
2024-12-30,87.34257503680296,87.37127665368841,85.95526939154252,86.66327667236328,8404500
2024-12-31,86.80677912078337,87.80180242218536,86.67282609611954,87.30429077148438,4220700
2025-01-02,87.59133071839204,88.65333429368361,87.45738497912062,88.18451690673828,8640900
2025-01-03,88.40458809555392,89.0934561723226,87.83053379807883,88.5768051147461,4964900
2025-01-06,88.060140164619,90.41376752260126,87.9644656800497,89.1030044555664,8768100
2025-01-07,88.76813540745223,89.60051870805088,87.8879185168505,88.8255386352539,6638300
2025-01-08,88.9499203449464,88.9881915959216,88.03143222002586,88.59591674804688,6243700
2025-01-10,88.20365938872382,88.77771362067556,87.95489987839635,88.26106262207031,6550300
2025-01-13,88.28018868327771,89.54311082872582,87.42867338139578,89.4665756225586,6912100
2025-01-14,89.94494939513388,90.7868950033452,88.51937269440253,89.04559326171875,6406200
2025-01-15,90.03105954394503,90.38506315551906,88.93078475615633,89.05516815185547,4554700
2025-01-16,88.85425173922368,90.67208883396226,88.85425173922368,90.34679412841797,6548200
2025-01-17,91.44706374197426,91.71495520177247,90.98781602553818,91.01651763916016,8361900
2025-01-21,91.28441484786781,94.31734029398542,91.28441484786781,93.7432861328125,8803100
2025-01-22,93.74329447766331,94.27907743585314,93.24577547406247,93.50410461425781,7678900
2025-01-23,93.7624230316002,93.7911246462417,92.82479558950638,93.75285339355469,7901800
2025-01-24,93.56150031027856,94.7287479176076,93.39885296814116,94.53739166259766,6957100
2025-01-27,94.25992931361685,95.99166872582138,93.8580921326833,95.695068359375,9654900
2025-01-28,94.66177693704466,96.32653624153963,94.32690530898682,96.0682144165039,14736500
2025-01-29,98.25919817341565,105.32008798694217,98.24006619510746,103.88494873046875,40769300
2025-01-30,104.28677368164062,105.56882776259316,103.358715903894,104.28677368164062,15023000
2025-01-31,104.28677928950981,104.63121327295771,102.85164012497526,103.02385711669922,19136900
2025-02-03,101.1486130611405,103.75100000610821,100.95725678607197,103.48310852050781,8894100
2025-02-04,103.97103536498827,106.26725923291588,103.45438444724248,105.81758117675781,11123700
2025-02-05,105.41576359030337,107.55890285873575,105.10960083767017,107.39625549316406,12826000
2025-02-06,107.20489727556229,107.45364947224614,106.24813784356081,106.87002563476562,11967300
2025-02-07,106.61170238954658,107.75024843440505,105.30093935722627,107.34840393066406,11502400
2025-02-10,107.71197932385427,107.71197932385427,106.20029765934687,106.6308364868164,8348400
2025-02-11,106.08548090525048,107.23359657859542,105.8271590759575,106.22899627685547,4683100
2025-02-12,105.77931780709261,108.29559972167742,105.62624009755804,108.15208435058594,7269400
2025-02-13,108.22862142923884,108.4965128821153,106.70737025112663,108.11380767822266,10046300
2025-02-14,108.52745459607397,109.1527250381766,107.76751142356318,108.26773071289062,9115000
2025-02-18,107.54626451203495,109.04690767388695,107.37311281342794,108.72946166992188,7574100
2025-02-19,108.16192113076491,109.02767234684515,108.06572002754376,108.21001434326172,8268900
2025-02-20,107.90217426599638,109.18157242674529,107.70016518889592,109.02765655517578,6343800
2025-02-21,109.01804759523932,110.3166816332466,107.38272440665239,107.49816131591797,9664700
2025-02-24,108.06571179479019,109.57598386658576,107.63283621972776,108.88337707519531,13120500
2025-02-25,108.7775599555795,110.85537295653337,108.38315601841171,110.2301025390625,11001800
2025-02-26,110.24934331479017,110.42249500605976,107.98875709035201,108.70059967041016,7466800
2025-02-27,108.70060433415455,111.29787247552002,108.5082168196509,110.1339111328125,9013700
2025-02-28,110.6822223437124,111.67303197627677,109.92227919370836,111.4036865234375,11466000
2025-03-03,111.6249328765526,112.9909032233534,109.75874328163901,111.01890563964844,9225500
2025-03-04,110.61488413934343,110.88422958769951,107.73864904566526,107.7963638305664,12482400
2025-03-05,107.32501565992328,108.23886739090703,106.01675997109353,107.4404525756836,11926800
2025-03-06,105.82436379212429,106.22838195555869,100.91840902997157,101.45709991455078,16321700
2025-03-07,100.7452639559498,102.79421963858928,99.5043446532425,102.42868041992188,11637400
2025-03-10,101.70722067661656,101.96694457036881,96.00284320095497,97.28223419189453,15823300
2025-03-11,98.0133058918802,99.08107338637696,95.23326471117785,95.79119873046875,10663500
2025-03-12,96.48380211891553,96.48380211891553,93.28049974655858,94.93505859375,9461200
2025-03-13,94.95430551607386,95.10822139852283,92.28007944098526,92.38589477539062,9274300
2025-03-14,92.84762833021475,94.51180895890454,92.50133227074649,94.37713623046875,8240900
2025-03-17,93.99234927462793,95.66614406002283,93.30936408828352,95.31022644042969,10131700
2025-03-18,95.4545237014187,95.58919642746217,93.96349479850625,94.54066467285156,7423400
2025-03-19,94.53103693514046,95.74309872965729,94.22321253294236,95.4160385131836,4982700
2025-03-20,95.08897712699167,95.89702082213316,94.91582543082656,95.50261688232422,5952800
2025-03-21,94.21360242535242,94.28093878693777,92.62637980042568,93.37670135498047,11366000
2025-03-24,94.30017115504742,94.46370126447525,91.99148445219139,92.07806396484375,8265000
2025-03-25,92.53018955912661,93.28051114216422,91.16421178222113,92.23197937011719,6984800
2025-03-26,92.34741507051875,94.64648033774948,92.34741507051875,94.24246215820312,9561600
2025-03-27,94.17513745203826,96.11827798879452,93.82883401552898,95.0889892578125,9141000
2025-03-28,94.27132055813786,94.74267510597683,93.36708309406397,94.0115966796875,8066200
2025-03-31,92.9438312215807,95.06012328567554,90.98144770476434,94.35789489746094,11302900
2025-04-01,94.12703003218549,95.13708287151009,93.43442320969015,94.4925765991211,5868400
2025-04-02,93.70377339289128,95.95473816388623,93.70377339289128,95.62767791748047,6043300
2025-04-03,89.79824237543502,89.83672134668814,84.31511740635011,84.90190887451172,20490100
2025-04-04,81.4388830239663,82.17958304559407,78.20672279681827,78.97628021240234,19700100
2025-04-07,75.63830708749519,80.10176519482411,73.25266948139542,76.95618438720703,26099400
2025-04-08,79.90937008274872,80.30377401306222,75.6960220296536,76.65797424316406,20534600
2025-04-09,76.20584949401461,85.73879135867577,74.96493035615771,85.30591583251953,26668100
2025-04-10,82.83370683884081,83.28582555970561,78.56263660323138,81.38115692138672,16209300
2025-04-11,81.21763598234133,82.55474914159858,78.9570494616692,82.1795883178711,10059700
2025-04-14,83.03571919923108,83.46859478272104,80.22682034756265,82.23729705810547,8880500
2025-04-15,82.24691208205003,82.78560295886668,80.28452873764442,80.52501678466797,7088600
2025-04-16,80.13062301287441,80.34224633681887,76.85036241370938,77.68726348876953,13080800
2025-04-17,78.15861321665759,79.40915396376913,78.11051267287922,78.39910125732422,9787500
2025-04-21,77.30248136777837,77.74497851046831,75.15732467738337,77.61030578613281,10595600
2025-04-22,78.79351091176123,80.31338986186582,78.51454388355447,78.63959503173828,10408600
2025-04-23,80.80398913882274,82.47778400174664,79.5053550669143,79.65926361083984,9114400
2025-04-24,79.2552481205774,80.93866461819225,78.47606911876915,80.66931915283203,6798100
2025-04-25,80.44805650853235,80.79435987330359,79.32257424258208,80.62120819091797,5799400
2025-04-28,81.12143394511898,81.82365496855043,80.10175958283041,80.70779418945312,7091400
2025-04-29,80.45768930050166,81.8332813747849,80.03442794253341,81.62165069580078,16356900
2025-04-30,73.46429553781375,77.22552499661326,72.62739444320862,77.00428009033203,41297000
2025-05-01,77.63917606664617,79.56308083550603,77.21591466898043,78.88971710205078,18326700
2025-05-02,79.44763721157875,81.60241565526293,78.92818942618533,81.46774291992188,13512900
2025-05-05,80.80398903519836,80.88094697661906,78.48568058891415,78.55302429199219,13361900
2025-05-06,77.91813534203246,80.1979649070839,77.54297453677397,79.63040924072266,10709500
2025-05-07,79.81318185236199,80.06329150013414,79.0147596985097,79.56307220458984,8224800
2025-05-08,80.16909780902323,80.41920745152316,78.58188245164258,79.06285858154297,8759800
2025-05-09,79.27448600756628,79.52458830071406,77.14856514201918,77.24476623535156,8210700
2025-05-12,80.46729843303861,83.2473395462022,80.45767685663283,82.41043853759766,17241500
2025-05-13,82.60285052970552,83.82452677897777,81.86214311395018,83.57441711425781,11533700
2025-05-14,83.41088272907669,84.29587708025994,82.4777878274344,83.24735260009766,12741500
2025-05-15,83.24734229381718,84.44016093856835,82.55473555198984,83.93994903564453,13721900
2025-05-16,83.9108935380484,84.1918244451963,81.6440750486525,82.89373016357422,13109500
2025-05-19,81.80875333155926,82.47717537498188,81.47939066080423,81.96375274658203,9568100
2025-05-20,81.87656659209627,83.45559177706696,81.80875619334643,82.91310119628906,9310600
2025-05-21,81.77001873096975,82.83561394398473,79.92944114988228,80.3847427368164,10875400
2025-05-22,80.61722973254177,81.83782430343821,80.13286762878055,81.3437728881836,8440400
2025-05-23,79.99725231722329,82.17688193362837,79.9875630050654,81.76033020019531,7088200
2025-05-27,82.75811025062731,84.36618860952082,82.55467905171315,84.2886962890625,10922300
2025-05-28,84.69556348156699,84.8602448341851,81.89595092394049,83.31028747558594,12328500
2025-05-29,82.24468637282662,83.01966130132422,81.08221289391149,81.42127227783203,10308700
2025-05-30,81.31471230536465,81.6343856767011,80.58816915007235,81.32439422607422,7394100
2025-06-02,80.67535268022897,82.63217976338291,80.58817104711564,82.52561950683594,8258900
2025-06-03,82.40937073566299,84.75368162081247,81.76032726916597,83.89151763916016,8287700
2025-06-04,83.92057868861474,85.7708455442479,83.32965630786755,85.35429382324219,8740900
2025-06-05,85.42210954480983,85.6449193869924,84.1433937573279,84.26932525634766,8476100
2025-06-06,85.63523256523241,87.07862975282465,85.48023312428768,86.8364486694336,8772900
2025-06-09,86.29396046112399,88.2895301088261,86.29396046112399,87.834228515625,8097300
2025-06-10,87.08831055549982,89.01606972149776,86.72987992642527,88.5704574584961,6911100
2025-06-11,89.22917938799182,92.91033400457434,89.1226191434059,92.4065933227539,14835500
2025-06-12,91.71881273410038,92.09661460218533,91.03101940013087,91.37007141113281,7183300
2025-06-13,90.57571531707676,91.65099980140815,90.2463526271342,90.34322357177734,7119900
2025-06-16,91.04069751702617,91.4766204217414,90.03322352909329,90.55633544921875,5871000
2025-06-17,90.24634498327612,90.29477675610585,87.95046609671971,88.7254409790039,6183000
2025-06-18,89.00638393301452,89.68449536155708,88.37671906542603,89.39387512207031,7319300
2025-06-20,90.16885359828312,90.86633623024527,89.5101208226277,90.20760345458984,9197000
2025-06-23,90.28509161546567,90.29478092679065,87.90203099327577,89.45198822021484,7533000
2025-06-24,90.0041644892762,90.90507085528225,87.48547578203018,88.63825988769531,11373900
2025-06-25,88.89013975444888,89.12263150635154,87.78579469443689,88.25077819824219,6929600
2025-06-26,89.21949119367098,89.31636212883971,87.59203435418893,88.96762084960938,6571600
2025-06-27,88.89981693919044,89.82010936735496,87.50485911131635,89.22918701171875,21491600
2025-06-30,89.52949902499704,91.21508464704985,88.231411996177,88.76420593261719,10083300
2025-07-01,88.67700900031903,92.86189700543072,88.67700900031903,91.9512939453125,9828400
2025-07-02,92.30004650402623,92.31942512810346,90.43040838267041,91.23445129394531,7942300
2025-07-03,91.25382896435,91.68975934748366,90.82759528471858,91.486328125,3557300
2025-07-07,91.21508262717795,91.98036831183131,90.06229835787259,90.71134185791016,5311200
2025-07-08,91.11819818917863,92.75534449359273,90.84695658884999,91.9706802368164,6985700
2025-07-09,94.49905728384867,94.82841999430987,91.69944468180935,92.27098846435547,8322400
2025-07-10,91.91255073605979,92.74565415111213,90.62415314881859,92.17411041259766,6913600
2025-07-11,91.41850772449617,92.33879278143681,91.19569790092376,91.9706802368164,6339800
2025-07-14,90.75008508791677,91.02132668658167,89.38418039220949,90.49821472167969,6048300
2025-07-15,90.69196867093729,91.35070146909972,89.26794281382296,89.5876235961914,8567900
2025-07-16,89.76199407808639,90.36259839319483,88.6963914723528,89.61668395996094,7136900
2025-07-17,87.8923527902004,90.37228445819345,87.73735336556116,90.2754135131836,8589000
2025-07-18,91.09882474662847,91.50568713725119,90.33353174096433,90.8663330078125,5172800
2025-07-21,91.35070060208464,92.30973554930809,89.7135542389296,89.76199340820312,7217300
2025-07-22,90.04291924574505,94.12125498546405,89.94604829549642,93.90813446044922,9992400
2025-07-23,94.30530466562256,95.10934757037354,92.55191613061818,92.92002868652344,11275300
2025-07-24,92.5131614795196,92.59066118962451,90.49821336146663,90.76945495605469,7897600
2025-07-25,90.47883880430261,91.52506267993364,89.42292561756976,91.46693420410156,7224100
2025-07-28,91.9609891611295,92.74565340285416,90.53696339594096,90.74039459228516,10333600
2025-07-29,90.3335355924472,91.43788063738205,88.90950977377345,90.05260467529297,20923600
2025-07-30,94.77029550053484,95.79714084426953,87.2529932234138,89.8588638305664,44794700
2025-07-31,88.7351343295109,90.15916007139438,85.66428042087097,86.37145233154297,16565400
2025-08-01,85.6255337237092,85.7320939798052,82.81623199084785,84.14338684082031,16221300
2025-08-04,84.35650866335646,87.2917419304803,84.22088786090568,86.97206115722656,12500400
2025-08-05,86.84612762334747,87.7276628185374,86.51675754601659,87.37892150878906,6994400
2025-08-06,87.3886089240503,87.5339190317554,86.0420828814892,86.2067642211914,7869100
2025-08-07,86.92363101827968,88.50264889988287,86.69113187474163,88.17327880859375,9891800
2025-08-08,87.93109275460925,89.32605797356884,87.91172152246999,89.23887634277344,8035300
2025-08-11,89.16137062520787,89.54886175889733,87.65984525370315,88.8707504272461,9504400
2025-08-12,90.51760136026071,91.88349878613957,90.16886001944485,90.44979095458984,9669300
2025-08-13,90.26572703191182,91.72850273700067,89.83948599156761,91.23445129394531,6493400
2025-08-14,90.68226870964008,90.68226870964008,89.20012193552418,90.14946746826172,9803500
2025-08-15,90.24699314594089,90.42251433202212,88.12123986542156,88.34551239013672,8059700
2025-08-18,88.06273150328026,91.25136527634035,87.66293777586982,90.23724365234375,7376200
2025-08-19,90.23722693954679,90.65652707719904,88.47226952827616,88.66728973388672,6815800
2025-08-20,88.69655382755347,89.04759619601641,87.22412652869757,87.28263854980469,5814000
2025-08-21,86.81457554281013,86.97059767244933,85.91747061601862,86.35626983642578,5669200
2025-08-22,86.9120926679624,87.61417742890855,86.11249778789491,86.18075561523438,7625500
2025-08-25,86.02473874661632,86.12224886328258,83.57719538870485,83.6747055053711,11013500
2025-08-26,83.7527052472373,85.03010471375454,83.44066845238027,84.47428894042969,9315200
2025-08-27,84.47430006945976,86.11249531816853,84.34753766219208,85.47867584228516,7677900
2025-08-28,86.02473194211895,86.25875769151567,85.4201573633376,85.82970428466797,7905600
2025-08-29,85.8102089756766,86.36602480441454,85.22514085693321,85.9954833984375,6315200
2025-09-02,85.65419373138394,87.75069481173479,85.01062098087237,87.5459213256836,10466200
2025-09-03,87.17537360998767,87.25338467701944,84.14276219491732,85.07887268066406,10201000
2025-09-04,85.0008633304824,85.58593146594824,84.24027401042233,84.8448486328125,6799200
2025-09-05,84.69856950722509,85.17637422552173,82.9433578733173,83.30415344238281,9047200
2025-09-08,83.37242187280475,83.37242187280475,81.5977109679479,82.07551574707031,9213700
2025-09-09,82.10475903731569,82.57281796114631,81.19790091702355,81.7244644165039,8635800
2025-09-10,81.78298189430289,81.90974429652572,80.71034833878406,80.81761169433594,8108000
2025-09-11,81.21741268366142,81.84148632965749,80.08627455057812,80.31055450439453,12046600
2025-09-12,80.3203128815871,80.48608082700035,79.179421432487,79.86200714111328,9996200
2025-09-15,80.03751344020264,81.7829717630397,79.94000333983811,80.6225814819336,9685900
2025-09-16,80.96387904165637,82.62158067983056,80.93462675243443,82.27053833007812,10244300
2025-09-17,82.37781065035145,82.74835208673682,80.89563002571923,81.14916229248047,6632200
2025-09-18,81.07114594866208,81.51969842866338,80.57383469145731,81.34417724609375,7163700
2025-09-19,82.03651034911773,83.09939070882362,81.30517331392795,82.455810546875,15315900
2025-09-22,82.13402015449698,83.27490403623753,81.60745664610648,83.16764068603516,7881700
2025-09-23,83.03112994201507,84.03549824443868,82.73859216248334,83.55769348144531,8765500
2025-09-24,83.4504341350665,83.51869196163133,82.03651138544453,82.17302703857422,9664000
2025-09-25,82.436311911746,82.56307432024352,80.82736893837033,81.74398040771484,8670500
2025-09-26,81.76347863403689,82.51432215252434,80.8371213699521,81.31492614746094,6955500
2025-09-29,81.56845525532786,83.70395424605667,81.47094514279758,83.5089340209961,11222800
2025-09-30,83.10913216607027,83.12863121084355,82.0852574861895,82.49480438232422,7574200
2025-10-01,82.35829400630847,83.0213731640768,81.87073602087717,82.29978942871094,8155200
2025-10-02,82.15352728845762,85.08862868474398,81.93900056693207,84.56206512451172,9461500
2025-10-03,84.34754232318865,84.73759024958646,83.8209787384834,84.26953125,7634500
2025-10-06,84.142757491182,84.142757491182,80.01801368688214,80.0667724609375,14996700
2025-10-07,80.11554271501238,80.40807308262893,78.77963097363919,79.2671890258789,10070100
2025-10-08,79.11115931933456,79.11115931933456,77.94102308158061,78.04828643798828,12397700
2025-10-09,78.12630500194074,78.45784090662116,77.4534725089128,77.79476165771484,9075700
2025-10-10,77.67775026243923,79.1891757180161,76.4588551662263,76.50760650634766,11129800
2025-10-13,76.88789883843042,78.43833722213498,76.5563629533441,78.03853607177734,8052000
2025-10-14,77.2779466643752,79.45245872088613,77.06341994387559,79.13066864013672,7510300
2025-10-15,79.6669728504375,81.24666342143405,79.54021045085942,80.79811096191406,11094300
2025-10-16,81.12965548709309,82.77760405527549,80.97364078168953,82.24128723144531,11552100
2025-10-17,82.15352154293957,83.80146993436614,81.9292415935177,83.23590087890625,8527600
2025-10-20,83.55768218182943,84.191501552528,82.32903408931055,82.42654418945312,7679700
2025-10-21,82.04626017647107,84.3572877896819,81.56845541644755,83.76246643066406,8262500
2025-10-22,83.6259458650534,83.85997160972907,82.78734555379256,83.3724136352539,5286300
2025-10-23,83.35292460277184,83.7624715650388,82.86536656972685,83.31391906738281,4565500
2025-10-24,83.9574918912048,84.67907569780165,83.72346611816842,83.94773864746094,5844600
2025-10-27,84.13300258325782,85.26414065096321,83.96723465802164,85.04961395263672,7164600
2025-10-28,84.73757503681682,85.36164863119646,83.1871368536076,83.30415344238281,11545600
2025-10-29,82.04626345603864,82.77760049001061,81.20766306192051,82.07551574707031,13881700
2025-10-30,80.18379710743618,83.90874016928547,79.22818009261158,81.08090209960938,18337500
2025-10-31,80.71034999104609,80.72010323435357,78.223808594868,78.85763549804688,13598000
2025-11-03,78.91613650489249,79.88149924135836,78.59434644622236,78.94538879394531,9525100
2025-11-04,79.15992502536051,79.17942407389395,76.04930229632443,77.6192398071289,17774600
2025-11-05,77.61923239308447,81.04189164854753,77.07316981176194,80.81761169433594,17996200
2025-11-06,80.51533087306908,81.76347821003306,79.82299937958264,80.17404174804688,10382800
2025-11-07,80.29104595000376,83.81121522103271,79.72548433757505,83.440673828125,15009900
2025-11-10,83.91847271618107,84.00623701652079,81.93898861198596,82.49480438232422,10507600
2025-11-11,82.86536913033144,84.87410590789388,82.7873580571428,84.26953125,9575800
2025-11-12,85.44941120049435,86.84382735847308,84.96185320734857,85.088623046875,11975800
2025-11-13,84.60107647196216,85.11788682412117,84.04526058234174,84.2890396118164,10507700
2025-11-14,84.08276555309472,84.95688784591898,82.50148646308895,83.26757049560547,13434600
2025-11-17,83.67027012313594,85.30065294365663,81.9613051571012,82.19702911376953,8547200
2025-11-18,82.11844859405777,82.34434133644379,80.8711004323427,81.84344482421875,7189400
2025-11-19,81.77469678421356,82.88453560711024,81.54879654051886,82.18720245361328,6195100
2025-11-20,82.53095306820148,83.70955027059682,81.06753588918349,81.14611053466797,8966300
2025-11-21,81.0478914700454,85.03546870259422,81.0478914700454,83.82740783691406,10227700
2025-11-24,83.7390179720964,84.06312528726342,81.35236732549919,81.85326385498047,10805800
2025-11-25,81.35236950730528,84.48545692655325,81.34254580255464,84.37742614746094,9265300
2025-11-26,83.97473812344343,85.73280663949177,83.97473812344343,85.15332794189453,7602600
2025-11-28,85.47744036408069,85.72298052713656,84.85868185076473,85.55601501464844,3677600
2025-12-01,84.67206800993199,84.95689549518012,83.25775428822847,83.395263671875,8752100
2025-12-02,83.5131187167131,84.46581574438447,82.71757098953192,83.68008422851562,9001900
2025-12-03,83.51311905963378,85.93905706955229,83.45419181835354,85.55601501464844,9303900
2025-12-04,85.74263039922944,86.30246168734533,83.2381176668055,83.48365783691406,10555100
2025-12-05,83.3952638875661,84.96671941947271,83.2872256172515,83.60151672363281,9402900
2025-12-08,83.61132991089065,83.97473203365018,81.65683239793647,81.9220199584961,10277600
2025-12-09,81.83362757200105,81.84345127692431,80.55681569046402,80.81217956542969,10322900
2025-12-10,80.74342135245104,82.50148971096286,80.5077049085411,82.35416412353516,10539600
2025-12-11,82.71757411326087,83.48365824885315,82.24613368727798,83.2282943725586,6894000
2025-12-12,83.59169138505851,84.3970627977483,83.34615122883247,83.82740783691406,9071500
2025-12-15,84.46582080446514,85.99798910957657,83.14972905382666,83.87652587890625,11718600
2025-12-16,84.11224055755031,84.99618667369238,83.20865452473458,83.5622329711914,7481400
2025-12-17,83.0613210790032,84.29884552473257,82.99257013720106,83.68990325927734,7947000
2025-12-18,86.1256724331027,88.96411619903877,85.7426303673391,87.8248062133789,16466100
2025-12-19,87.62837963347131,87.66766696101624,86.67568254705859,86.75425720214844,16986700
2025-12-22,86.58729488984959,87.03908793342694,84.50511141253101,84.6327896118164,7161600
2025-12-23,84.48546166750948,84.60332365125754,81.89255797138536,82.36399841308594,9511300
2025-12-24,82.3443445085783,83.11043610258707,81.9809498672738,83.06132507324219,3462700
2025-12-26,83.07115262814486,83.64080762446878,82.9140033215901,83.5622329711914,5046200
2025-12-29,83.60151824823818,85.24172475541211,83.46401635501948,84.04348754882812,5352400
2025-12-30,83.71937093658228,84.22027496158903,83.5327655102394,83.72919464111328,4540500
2025-12-31,83.59168679623856,83.66043773647608,82.61934992908193,82.7077407836914,5293400
2026-01-02,82.717578453246,83.44437530036531,81.53898107309638,82.47203826904297,11334900
2026-01-05,82.01041417671286,85.69351660979878,81.91219961048878,85.01582336425781,9894300
2026-01-06,85.01582261081799,89.02303982089197,84.81939348011068,87.86408996582031,11351100
2026-01-07,87.43192968995736,87.78550809076098,84.92742475977047,85.14350128173828,9547000
2026-01-08,84.32831356798904,87.69712487962428,84.08277340677158,86.60692596435547,8140100
2026-01-09,86.7738972456762,87.51051777831061,85.2417289356499,87.29444122314453,7593200
2026-01-12,86.82300298696687,88.62035877544275,86.03727146939424,88.35517120361328,7289500
2026-01-13,88.08999067153408,88.98375296221249,87.87391413064955,88.94446563720703,5561900
2026-01-14,88.64981869718933,89.88733566978892,88.54178043069862,89.52394104003906,8373200
2026-01-15,90.42753042559411,92.49006628463313,90.0052010478578,91.6159439086914,10001700
2026-01-16,91.6945255164232,91.99899294209449,90.57486289389281,91.33112335205078,8958200
2026-01-20,90.12305960351966,92.1364843565215,89.16053890940012,91.98916625976562,13555200
2026-01-21,92.14631496223001,94.79814580852141,92.05792409755625,94.70975494384766,17118100
2026-01-22,94.74904275098253,96.05531826414632,93.1677634441614,94.1204605102539,14150800
2026-01-23,95.36779704906837,96.143704857148,94.05170538267657,95.87852478027344,11759800
2026-01-26,95.47582506571013,96.22226917322679,94.08115889917677,94.61152648925781,14106700
2026-01-27,94.06152419188635,94.92583037832328,93.54098023503207,94.01242065429688,16403600
2026-01-28,100.47502813198507,102.95006944236022,93.40346761480247,93.46240234375,25961600
2026-01-29,95.03386578599765,95.171367676368,90.95789762441379,92.20523834228516,16602900
2026-01-30,91.06592970415421,91.54718628773651,89.37661231639046,90.30966186523438,10748000
2026-02-02,90.21144782665347,90.95789196600767,89.00339450879565,90.05430603027344,8675100
2026-02-03,89.98555983567293,92.71596519474556,89.66144502859974,91.3802261352539,8361300
2026-02-04,92.04809780466825,95.37762182634734,91.85166117765272,95.24011993408203,9077100
2026-02-05,95.13208613699176,95.7115573540374,93.65884508489293,94.3561782836914,6776700
2026-02-06,94.58207277655112,97.80355848183939,94.28742158677602,97.67587280273438,8067100
2026-02-09,97.2633750855275,98.19643226725661,96.50711462675405,97.21427154541016,7150600
2026-02-10,97.21426036470072,97.89194608939513,95.71154833873908,95.79012298583984,8543500
2026-02-11,95.99638197076098,97.54819763071048,95.59369999180444,97.35176849365234,6949100
2026-02-12,98.21606529992012,99.39465508620272,94.71957577309612,95.03386688232422,9537300
2026-02-13,94.7570904485393,95.80489228345867,92.52309060008157,92.71090698242188,8949000
2026-02-17,93.80813550349438,94.41111779003808,92.54286366996502,94.29249572753906,8660000
2026-02-18,93.94652398140207,95.54788788518589,93.17549943048894,94.65824127197266,6068100
2026-02-19,94.282603369835,94.83616542209494,93.66974160208181,94.6977767944336,5676700
2026-02-20,94.11456553385534,96.65499623468882,93.80813463558675,96.36833190917969,8788300
2026-02-23,95.03386737900422,96.06190263704178,92.4736700620724,93.68951416015625,7696700
2026-02-24,93.72905420127098,95.62696195303867,92.92837601822228,95.39961242675781,6537300
2026-02-25,96.15086600885117,97.0701662845495,94.79663323932772,96.80327606201172,6294100
2026-02-26,97.23821003521722,98.65175752065672,96.71430159718338,96.95154571533203,6246100
2026-02-27,95.29087091607654,97.29751353615826,95.00420660726279,96.89222717285156,7286900
2026-03-02,94.6088138359486,95.9927077341715,94.40123088245741,95.64673614501953,7250600
2026-03-03,93.82789738636136,95.9729286700957,93.31388355778915,95.5676498413086,7197200
2026-03-04,96.22994534899867,97.0503976560749,94.74720348679033,96.0322494506836,6233400
2026-03-05,96.00259117699312,97.79176385754215,95.82466186046895,97.55452728271484,9608100
2026-03-06,95.95316647671848,98.07843128547954,94.46053758196791,97.85107421875,10826700
2026-03-09,97.11958487512439,99.2250754505657,95.70603743481932,98.6220932006836,9376800
2026-03-10,98.22670179831063,99.97633375601404,97.1294722930745,99.61058807373047,8005800
2026-03-11,99.83794817427028,100.52001181768847,98.51336911549765,100.27288818359375,8815800
2026-03-12,99.85771367867515,101.26138163694776,98.74071757949497,99.02738189697266,12248300
2026-03-13,99.4820862665023,100.05541488873642,97.72256725626575,98.00923156738281,9400400
2026-03-16,98.08831520440336,98.75060472731597,96.25959429668578,96.69453430175781,6871000
2026-03-17,97.31728305124453,97.64348805475572,96.30902195320918,96.4474105834961,5382700
2026-03-18,95.08329483286401,95.81477870094425,91.49505472727252,91.59391021728516,7598400
2026-03-19,91.08977209307865,95.1524851988858,90.53621003013643,94.72743225097656,10524500
2026-03-20,93.87732332306466,95.24144301011188,91.15896346395002,91.48516845703125,13961900
2026-03-23,92.73066839120347,93.92674585390472,92.51319839041875,92.75044250488281,7438300
2026-03-24,92.2364220326626,92.51319929395918,90.73391366778921,90.9217300415039,6262800
2026-03-25,91.26769996808535,92.45389036408673,90.81299339823101,91.63343811035156,7007500
2026-03-26,91.24792659668198,91.69275365501119,89.68611098895481,90.17047119140625,6134000
2026-03-27,89.70588162529573,89.90357752132256,84.61513311564741,85.81121063232422,12433600
2026-03-30,85.40593392554253,86.8491351192656,85.22800459800871,85.72225189208984,7422100
2026-03-31,86.98751671245383,89.06335367113265,86.4537287730882,88.55921936035156,9564200
2026-04-01,89.21162757519484,89.98265206946341,88.45049013746198,89.38955688476562,8044500
2026-04-02,88.7668120193143,90.17047244522641,87.14568158963262,89.33025360107422,7340000
2026-04-06,88.96451132109432,93.72905484795943,88.78658199678753,93.68951416015625,7236700
2026-04-07,93.45227346533639,94.25295161869914,92.76032277163219,94.11456298828125,6205600
2026-04-08,96.37821705419664,97.0009658955655,94.89547525336285,96.091552734375,8232300
2026-04-09,95.88397487054354,96.7835085640466,95.07340961144685,95.80489349365234,5320500
2026-04-10,95.88397049177608,96.16074775664036,94.95478320977615,95.48857116699219,5356400
2026-04-13,95.48857181451537,96.54626067905612,94.35180157615859,96.35845184326172,5249200
2026-04-14,96.75384331799697,97.86095992301648,96.43752536536495,97.3370590209961,4995500
2026-04-15,97.35682518891993,98.0388888352288,96.6747690842259,97.20854949951172,5211600
2026-04-16,97.21843783294908,98.00923649243204,96.64510918190467,97.22832489013672,5645500
2026-04-17,97.93015653732466,100.26300432082965,97.7720013281051,98.84945678710938,8133400
2026-04-20,97.86095881021228,98.58256313793142,97.16901565345265,97.81153106689453,6581800
2026-04-21,97.86095694135243,98.01911968365691,95.7356922267274,96.67476654052734,4564200
2026-04-22,96.95154252839406,98.51336565093337,96.4474082209183,98.37496948242188,5730100
2026-04-23,98.81979781592366,99.65012958808411,98.05865281649528,98.39474487304688,4515300
2026-04-24,98.24647683393647,98.36509889988356,96.87246995524738,97.53475952148438,6092500
2026-04-27,97.6039517868211,98.35520977210953,96.71430516498152,96.76373291015625,5311600
2026-04-28,97.34694163785467,97.54463752112669,95.34029146873239,96.1607437133789,10383500
2026-04-29,100.82644016934796,106.03580292645384,98.92853251732421,104.28617095947266,25449200
2026-04-30,104.3356035542166,104.73099534389979,102.63539170876501,104.11813354492188,9485900
2026-05-01,104.4838685299995,106.28292826821091,104.21697832591079,104.68157196044922,6362300
2026-05-04,104.58272030502657,105.45259274329466,103.48549081521251,103.76226806640625,5487700
2026-05-05,103.55469091902386,104.84961636307304,103.14940453452958,103.73262023925781,6458500
2026-05-06,103.54480434230378,106.31259210509246,103.19883275735891,105.21536254882812,8665700
2026-05-07,104.7309984156399,104.87927411192747,101.75563514044775,103.0604476928711,9179300
2026-05-08,103.2185982161151,104.21697981470811,103.05055595404332,103.72273254394531,4538300
2026-05-11,103.7425029898608,106.79695515885756,103.7425029898608,104.5234146118164,6499500
2026-05-12,104.35537051782742,105.92708079167895,103.1395188893153,105.35375213623047,6366000
2026-05-13,105.54156041237488,106.80683977885039,104.25652201470743,104.73099517822266,8638900
2026-05-14,106.88591070888798,107.62728160565948,105.12639165387532,105.17581939697266,9941400
2026-05-15,105.14598882545822,107.26382019572907,104.40027259265355,106.20987701416016,6463900
2026-05-18,106.1800518540421,107.49251214847195,105.23547338742299,105.99113464355469,6587800
2026-05-19,104.93719369752951,106.94565283305177,104.50964940225947,105.77239227294922,5265800
2026-05-20,105.77239104214412,106.84622427160379,104.80793772293735,105.89170837402344,6632500
2026-05-21,105.25536230706942,105.55365183780751,103.02815859123014,103.53524017333984,8342800
2026-05-22,103.44576085673924,103.70427795179941,101.80518356187832,102.52107238769531,9095700
2026-05-26,102.49124340791361,103.37615941933215,100.22426721750128,100.8407211303711,9099100
2026-05-27,101.19866610812218,102.18300944143874,99.55808882871592,101.51683807373047,8901400
2026-05-28,101.1588885718506,101.66597772413685,99.79671846851406,100.17454528808594,6261500
2026-05-29,99.92597829515815,100.3336401562614,98.01694650056339,98.59363555908203,8206600
2026-06-01,97.6888303563728,97.7783126666516,95.04401970502285,95.95877075195312,8191500
2026-06-02,95.25282205600244,97.34082596624515,94.85510521933294,94.9644775390625,9546600
2026-06-03,94.93465377081897,97.63911167583618,94.67613667912555,95.3423080444336,8541800
2026-06-04,97.23145646409057,97.67888317717322,93.2741855825727,93.60230255126953,7524400
2026-06-05,93.75144684588217,95.44173395993228,93.10515791904493,94.74573516845703,7623300
2026-06-08,94.29830192354228,95.22299037728293,93.93042009500995,94.2784194946289,7306400
2026-06-09,94.6065363114621,97.87774583419579,94.42756410826087,96.85363006591797,10619700
2026-06-10,97.02265471768419,98.9913413154577,96.34653836618814,98.19591522216797,8724700
2026-06-11,98.39477148340725,101.97420792721113,98.3251716042656,101.69580841064453,10434800
2026-06-12,102.19295233411157,103.09775834666566,101.21855402839563,102.45146942138672,5305500
2026-06-15,102.89889975830386,103.0182170918255,100.83078574465569,101.00975036621094,7054400
2026-06-16,101.1787804199623,101.97420651545224,99.8862025842917,101.09923553466797,6646100
2026-06-17,99.96575149574453,101.22849436092386,98.1263195676816,99.24986267089844,6932300
2026-06-18,99.98562912683434,100.94014498555097,98.96151339047643,100.07511901855469,10603900
2026-06-22,100.07512421786107,101.21855734064619,99.3890628270264,99.5779800415039,5731000
2026-06-23,99.88620529278825,100.75123887573015,98.68311731690548,100.47283935546875,6001600
2026-06-24,100.66174616210228,104.06221794015043,100.66174616210228,102.93866729736328,6989500
2026-06-25,102.51112306560857,103.69432857991312,102.15317866776547,102.57078552246094,6853500
2026-06-26,102.84918535065916,104.32072780335845,102.12335154563391,104.00255584716797,17150800
2026-06-29,104.21135342580763,104.36049818672643,102.62049367624822,103.46563720703125,6788800
2026-06-30,103.38610019963662,103.98267165917173,101.54666078616162,101.6063232421875,7140000
2026-07-01,101.85489812266495,103.16735840413723,100.82083735759316,102.79946899414062,7464100
2026-07-02,103.40598397131986,105.14598850929879,102.59066786267101,103.6744384765625,7950200
2026-07-06,103.26678370417393,103.85341016145448,99.5183125557034,101.52677917480469,7404200
2026-07-07,102.97843892244994,105.14598771977494,102.30232257505084,103.0182113647461,5556600
2026-07-08,103.69433268384259,103.70427769134787,101.26826668818204,103.2767333984375,7084100
2026-07-09,103.05798533303941,106.83627637730683,102.6204960471215,105.8022232055664,7012700
2026-07-10,105.69285503091335,106.94565289476586,104.94713876565051,105.40451049804688,4686900
2026-07-13,105.73261749161969,107.6217668379383,105.34484564934279,106.7269058227539,6278500
2026-07-14,106.99536863730886,107.86040222208761,105.54370857442193,105.56359100341797,5153200
2026-07-15,105.7425589195302,106.796509673212,104.1119267185331,104.5096435546875,4786100
2026-07-16,105.39456387525078,108.08908436214062,104.93719214986389,107.75102996826172,6233800
2026-07-17,108.32771077983858,108.60611788499558,104.479819788403,104.8874740600586,7633400
2026-07-20,105.11616313538622,106.04085158285164,102.63044231809394,104.21135711669922,6163000
2026-07-21,104.45992527699262,104.88746954494955,103.32643723372404,103.85340881347656,5996000
2026-07-22,103.43581063255102,105.11616028696854,102.32221259150363,103.38610076904297,5599800
2026-07-23,102.19295436760999,102.84918831317785,101.3478107958055,102.62049865722656,6981400
2026-07-24,103.29661461908582,104.55936505385058,102.5310159381338,102.66027069091797,6397200
2026-07-27,103.21706558117364,105.02666997647628,102.95855608600019,103.0579833984375,5517500
2026-07-28,105.22553409223262,105.46416116356595,102.07364195741846,102.51112365722656,7055200
2026-07-29,103.07787216223039,104.31079518685061,102.5409555390864,103.5451889038086,12546300
2026-07-30,106.60759243184711,107.84050779625748,103.03809350053065,105.24541473388672,23417700
2026-07-31,105.97125482161236,107.5422322449635,103.9926155310372,104.64884948730469,12393200
2026-08-03,107.0848494700767,107.74108340516814,102.70998691273866,102.77958679199219,8830000
2026-08-04,102.47135093567887,105.05650661372731,101.21855312522281,104.37044525146484,9530900
2026-08-05,105.3846167603635,105.81216104077791,103.69432965313516,105.39456176757812,7857400
2026-08-06,105.53376263320975,105.68290739972336,103.09775926148657,104.55936431884766,6029500
2026-08-07,103.43581686575152,106.239709737212,103.07787244932523,104.97696685791016,6378200
2026-08-10,104.87753775660822,105.30508204752772,103.6843871935264,104.05227661132812,4947400
2026-08-11,103.96278495521112,106.27947857574647,103.53524067153214,106.05079650878906,5013300
2026-08-12,106.29936864897284,107.94988332667393,105.27524530038205,107.8703384399414,3924100
2026-08-13,108.54645420942255,109.87880450451249,107.83056540439725,107.93000030517578,5190000
2026-08-14,107.62000274658203,108.81999969482422,107.47000122070312,107.69000244140625,3499100
2026-08-17,106.45999908447266,108.33000183105469,106.41000366210938,107.91999816894531,5935300
2026-08-18,109.06999969482422,109.2300033569336,105.91999816894531,106.01000213623047,5351000
2026-08-19,106.66999816894531,108.23999786376953,104.58999633789062,104.9800033569336,6815500
2026-08-20,104.37999725341797,105.73999786376953,102.97000122070312,103.98999786376953,7583100
2026-08-21,104.51000213623047,107.41000366210938,103.37000274658203,107.08000183105469,5550000
2026-08-24,107.22000122070312,107.80999755859375,105.68000030517578,107.48999786376953,6781200
2026-08-25,106.8499984741211,107.13999938964844,105.36000061035156,105.76000213623047,5785200
2026-08-26,106.12999725341797,108.58000183105469,105.41999816894531,108.48999786376953,6049100
2026-08-27,108.56999969482422,108.73999786376953,106.7699966430664,107.26000213623047,6418200
2026-08-28,107.79000091552734,108.69999694824219,107.26000213623047,107.8499984741211,4832200
2026-08-31,107.5199966430664,107.7300033569336,106.01000213623047,106.25,7211300
2026-09-01,106.12000274658203,107.18000030517578,105.38999938964844,106.1500015258789,4628400
2026-09-02,106.18000030517578,107.9000015258789,105.62999725341797,106.72000122070312,5204200
2026-09-03,107.31999969482422,107.56999969482422,105.22000122070312,105.81999969482422,4217700
2026-09-04,105.5999984741211,106.30000305175781,104.36000061035156,104.47000122070312,4600800
2026-09-08,104.68000030517578,104.76000213623047,101.75,102.01000213623047,6257600
2026-09-09,100.63999938964844,101.08000183105469,99.69000244140625,100.04000091552734,5929100
2026-09-10,100.37000274658203,101.66999816894531,98.77999877929688,99.22000122070312,6980100
2026-09-11,100.27999877929688,100.41000366210938,98.45999908447266,98.73999786376953,5570200
