Date,open,high,low,adj_close,volume
2016-09-12,180.91659072552463,184.68160321216067,180.84844411519546,184.28125,168110900
2016-09-13,183.0035302588737,183.26759025031527,181.01029064834364,181.63211059570312,182828800
2016-09-14,181.68327923819794,182.88433928383373,181.01035235311795,181.56402587890625,134185500
2016-09-15,181.40214184170566,183.76165500904514,181.22325535365334,183.3783416748047,134427900
2016-09-16,182.76363739250482,182.94342749776695,181.9845817718176,182.66946411132812,155236400
2016-09-19,183.32012466255208,183.9622116674637,182.37839183003095,182.70372009277344,80250500
2016-09-20,183.55985516954945,183.71394979635636,182.67805663625666,182.71229553222656,69665300
2016-09-21,183.4143028791124,184.94674482420382,182.72940744279296,184.7669677734375,110284400
2016-09-22,185.7772407825473,186.23098138547766,185.52897279847716,185.93133544921875,76678700
2016-09-23,185.5374977686876,185.67447949134535,184.81836331967855,184.91253662109375,73630900
2016-09-26,184.0820454836398,184.26182250818067,183.2173600593985,183.41427612304688,89827300
2016-09-27,183.25160245667985,184.6470624255257,182.88346584394623,184.5529022216797,78494800
2016-09-28,184.77552697769812,185.62308656236328,183.8166811905737,185.46897888183594,87411000
2016-09-29,185.26352112161058,185.6658967386846,183.24308657792002,183.79100036621094,128070600
2016-09-30,184.62141895723138,185.87991058216204,184.37315105327025,185.1779022216797,117202900
2016-10-03,184.76699427111006,184.9553278063955,184.09921165404296,184.7327423095703,83512100
2016-10-04,184.84403258789584,185.0666180738813,183.20029122302313,183.79100036621094,119948100
2016-10-05,184.4159167752435,185.0323212269306,184.34742594024593,184.60426330566406,72816000
2016-10-06,184.38173155191478,184.9553278063955,183.84238725897382,184.7327423095703,62927400
2016-10-07,185.00667607802794,185.1778966683796,183.37149135408836,184.09918212890625,89788300
2016-10-10,185.05807495117188,185.52037193639262,184.9125367694673,185.05807495117188,51855000
2016-10-11,184.62995779564466,184.69844863511594,181.99311926081322,182.72080993652344,130367400
2016-10-12,182.85776747661632,183.48274140555534,182.36121875346717,182.96051025390625,73866100
2016-10-13,181.63359151521533,182.85783124494432,180.82028384808063,182.3612823486328,101357000
2016-10-14,183.33725813528716,183.79956814610816,182.37841228068805,182.45545959472656,93346200
2016-10-17,182.42978031832754,182.686617766202,181.642155057929,181.8219451904297,58275700
2016-10-18,183.41425057512544,183.47417188719524,182.5838172181869,182.96051025390625,76869700
2016-10-19,183.22600761241864,183.75679551912685,182.8664403469101,183.44859313964844,66519200
2016-10-20,183.097540097914,183.6625798404998,182.44689658612387,183.10610961914062,73639800
2016-10-21,183.10613816081155,183.27735878920382,182.14727912788103,183.19174194335938,89089100
2016-10-24,184.06496797457876,184.33893140659717,183.6197839291966,183.97079467773438,60146600
2016-10-25,183.79098459336805,184.0478220171836,183.1917059799945,183.3543701171875,66542300
2016-10-26,182.53252658412072,183.56841979028252,182.29280204849215,182.98626708984375,75705500
2016-10-27,183.70540264784358,183.73964154554864,182.42122843952794,182.49827575683594,77220200
2016-10-28,182.4725676586778,183.1488935654366,181.24832802261642,181.95889282226562,140623200
2016-10-31,182.292783476287,182.51538200884306,181.80480412278754,181.96746826171875,61272500
2016-11-01,182.2927583487816,182.34413627764692,179.44190380314225,180.64901733398438,122781800
2016-11-02,180.34085382978796,180.7261165309572,179.12517051792338,179.56179809570312,103330800
2016-11-03,179.77578944949215,179.98981843271363,178.46593311724016,178.73988342285156,88939300
2016-11-04,178.85123212874828,179.69022231724475,178.3974916039178,178.54302978515625,109122100
2016-11-07,178.54301394389404,182.51539209591,178.54301394389404,182.48114013671875,109794900
2016-11-08,182.08731064527544,183.86803345879056,181.82191678048162,183.30299377441406,106772100
2016-11-09,181.8133801094974,185.8628188492065,181.78769767041217,185.2464141845703,258429000
2016-11-10,186.03402274157074,186.8986952607369,184.2532997663908,185.7086944580078,172113300
2016-11-11,184.98957855253008,185.52036638324668,184.33893498380345,185.28065490722656,100552700
2016-11-14,185.80284056294064,186.00831309038577,184.68133077679926,185.4261474609375,94580000
2016-11-15,185.81139737428916,186.87298583984375,185.60593790974423,186.87298583984375,91652600
2016-11-16,186.25659404633944,186.75314289173917,186.13673832940114,186.52198791503906,65617700
2016-11-17,186.67612946469208,187.5408020750015,186.56483018473205,187.4808807373047,69797200
2016-11-18,187.54936330481615,187.72058391490273,186.88158071787657,187.06137084960938,86265800
2016-11-21,187.63491755839485,188.49958990227336,187.4893794250663,188.47390747070312,72402600
2016-11-22,188.78212188802365,189.0218333070001,188.11435249754751,188.84205627441406,67429000
2016-11-23,188.3283587340298,188.99612804384225,188.13145574864689,188.94476318359375,56620200
2016-11-25,189.28725291578274,189.68105896052663,189.2101925476429,189.64682006835938,37872300
2016-11-28,189.33862014822847,189.61257047886514,188.6537247266964,188.75645446777344,76572500
2016-11-29,188.79068806458108,189.57831315059707,188.49104226452081,189.12457275390625,69886700
2016-11-30,189.74102837676915,189.90369253700135,188.61094877723767,188.67088317871094,113291800
2016-12-01,188.97053241172634,188.97053241172634,187.6178671962816,187.97744750976562,79040500
2016-12-02,188.06300726316525,188.55955612953525,187.71199655470292,188.07156372070312,74840300
2016-12-05,188.90198382342916,189.54407080184095,188.7050808077716,189.20162963867188,67837800
2016-12-06,189.3899865481813,189.8351705352663,188.91056366822536,189.80091857910156,59877400
2016-12-07,189.6468220127813,192.34358221640227,189.5269662940269,192.28366088867188,110738100
2016-12-08,192.2579960253395,193.22539832109896,191.99258906506745,192.75453186035156,99714400
2016-12-09,192.9771338845785,193.93597973954576,192.94288192501824,193.91885375976562,88005800
2016-12-12,193.82464019077423,194.3040760819301,193.276726521317,193.69622802734375,102016100
2016-12-13,194.35545044058355,195.48551672384679,194.33832446352554,194.9889678955078,110477500
2016-12-14,194.68935787987144,195.39136626171157,192.9428737882111,193.37950134277344,142501800
2016-12-15,193.61921946002988,195.0318057935021,193.38806445632346,194.17568969726562,124972600
2016-12-16,194.6312573112015,194.6915449704416,193.47730315707153,193.79592895507812,156420200
2016-12-19,193.97680164061245,194.63990026889914,193.8304056313038,194.21792602539062,90341100
2016-12-20,194.75176579127523,195.11346536640215,194.51926153049286,194.96705627441406,89838800
2016-12-21,194.8379452358374,195.0101750455565,194.42459106445312,194.42459106445312,67909000
2016-12-22,194.27815603553404,194.39871819214375,193.69255903179445,194.0886993408203,56219100
2016-12-23,194.13180254089076,194.38154695559655,193.94235893219806,194.37294006347656,36697800
2016-12-27,194.63984255262181,195.25126022547312,194.62261563301922,194.85513305664062,42672500
2016-12-28,195.11348411321208,195.13069789250957,193.13280884997076,193.2447509765625,64095000
2016-12-29,193.3136327930532,193.66671234975908,192.7624896651442,193.20169067382812,48696100
2016-12-30,193.52898224710808,193.6151037253256,191.80665780509864,192.49559020996094,108998300
2017-01-03,193.79592722132304,194.47625268810015,192.79698909968164,193.96817016601562,91366500
2017-01-04,194.2953794720281,195.26849680321703,194.28677258194588,195.12210083007812,78744400
2017-01-05,194.8551141585779,195.12207225522394,194.17478887329776,194.96705627441406,78379000
2017-01-06,195.0790604986911,196.12967937135483,194.53652414010315,195.66465759277344,71559900
2017-01-09,195.4062733251903,195.54406239938967,194.98429921306328,195.0187530517578,46939700
2017-01-10,195.0359668308157,195.87129502525147,194.63121963803593,195.0187530517578,63771900
2017-01-11,194.9326358857143,195.5699005126953,194.2695374492885,195.5699005126953,74650000
2017-01-12,195.0531914599818,195.268481958282,193.7270077721798,195.0790252685547,72113200
2017-01-13,195.25124681761267,195.8282237519275,195.2168061210621,195.52682495117188,62717900
2017-01-17,194.8895735022401,195.29432070049256,194.4503856051168,194.83790588378906,61240800
2017-01-18,195.08765908587074,195.31156964479436,194.53651585975967,195.2685089111328,54793300
2017-01-19,195.34596398850047,195.4837530474012,194.11450876783078,194.5450897216797,66608800
2017-01-20,195.2254643669878,195.75077382452264,194.59681965232878,195.25991821289062,129168600
2017-01-23,195.25986555738928,195.32014006102685,193.9939564378257,194.75177001953125,75061600
2017-01-24,194.967083306671,196.41384238690753,194.855141175314,196.00048828125,95555300
2017-01-25,196.94778620019798,197.69700622558594,196.78416328499497,197.69700622558594,84437700
2017-01-26,197.55056992098218,197.8175411955517,197.21471724555164,197.49029541015625,59970700
2017-01-27,197.56778761210302,197.71418357760163,196.99941752937463,197.18026733398438,59711100
2017-01-30,196.49135954736528,196.51719335976878,194.97571894509807,195.9574432373047,79737300
2017-01-31,195.4665894924151,196.00051898366206,194.89823243571473,195.9402313232422,75880800
2017-02-01,195.94019876504385,196.853028428981,195.4321163128962,196.0177001953125,79117700
2017-02-02,196.01768366488298,196.43105087203583,195.32876460020597,196.14686584472656,69657600
2017-02-03,197.05110656225563,197.6797511793912,196.74108769868505,197.4989013671875,80563200
2017-02-06,197.09417587961693,197.49031624796152,196.809990794992,197.14584350585938,57790100
2017-02-07,197.53334759389273,197.77447190734355,196.96497750920597,197.15443420410156,57931200
2017-02-08,197.15441429595157,197.54193453627462,196.61187807532636,197.4127655029297,51566200
2017-02-09,197.41281856891618,198.88539850604153,197.41281856891618,198.58399963378906,65955200
2017-02-10,198.92848774660087,199.59158638503843,198.60124187355234,199.36767578125,66015900
2017-02-13,199.85853946667524,200.71109483709353,199.83270565002255,200.45274353027344,55182100
2017-02-14,200.27187670372177,201.26222110590146,199.92741708401107,201.25360107421875,71109000
2017-02-15,201.0383505321089,202.4937170245354,200.98668289289998,202.30426025390625,86785800
2017-02-16,202.3300216006002,202.51087141334727,201.38275122705335,202.1319580078125,84722400
2017-02-17,201.46886778666237,202.45059204101562,201.4516408656272,202.45059204101562,77204100
2017-02-21,202.82093682495986,203.82849508075225,202.81231679267117,203.65626525878906,88946100
2017-02-22,203.25147490734517,203.69926972156108,203.08785201202807,203.47537231445312,62115200
2017-02-23,203.99211844936434,204.00933223339248,202.8553779694354,203.6132049560547,74615900
2017-02-24,202.76921937918132,203.91455332700036,202.72615864919575,203.8715057373047,82381600
2017-02-27,203.78539254474492,204.36236955714747,203.535661325161,204.1901397705078,56515400
2017-02-28,203.81123736430177,204.05236170667933,203.2514872424162,203.63900756835938,96961900
2017-03-01,205.29242616150023,206.95447579618843,205.27519924075014,206.48944091796875,149158200
2017-03-02,206.29999552679604,206.30861555778915,205.13743454805757,205.18910217285156,70246000
2017-03-03,205.102992538464,205.4819059958703,204.72407908105768,205.3182830810547,81974300
2017-03-06,204.52596783156446,205.05988404795863,204.10399373585008,204.70681762695312,55391500
2017-03-07,204.40541680082913,204.75849638133062,203.8887143347153,204.09539794921875,65103700
2017-03-08,204.38818173543348,204.64653295819397,203.57868736958557,203.7164764404297,78168800
2017-03-09,203.83706442731702,204.30209931528373,203.01035617805067,203.974853515625,90683900
2017-03-10,204.93074530765566,204.97380604057082,203.74233740870923,204.6896209716797,81991700
2017-03-13,204.62933059248675,204.83601422355267,204.30209793532902,204.79295349121094,57256800
2017-03-14,204.25040165819996,204.3020824172589,203.39785966792678,204.00927734375,59880800
2017-03-15,204.57767388337365,206.196662895698,204.34515642855678,205.77468872070312,96081800
2017-03-16,205.91247041032932,205.98997184571738,205.0427014191847,205.36993408203125,78344000
2017-03-17,205.6320431803841,205.82232414995448,205.00930786132812,205.00930786132812,89002100
2017-03-20,205.00923422284296,205.29465557467637,204.3951566577249,204.78436279296875,52537000
2017-03-21,205.38982235241298,205.51090901439778,202.02532881856098,202.15505981445312,131809300
2017-03-22,202.18966922638143,202.91618921870486,201.56693403368797,202.63076782226562,97569200
2017-03-23,202.63077792289533,203.54757889187846,202.04264643239952,202.41455078125,100410300
2017-03-24,202.71724265249742,203.2880721879376,201.4890742619211,202.26748657226562,112504900
2017-03-27,200.5982540724432,202.31942701311294,200.3214901709673,202.05995178222656,87454500
2017-03-28,201.75720838274196,203.9540701538015,201.6447660551732,203.5302734375,93483900
2017-03-29,203.24489184712067,203.95411008941994,203.02000714794914,203.7205810546875,61950400
2017-03-30,203.66002924668305,204.56818591683856,203.4870501660482,204.36924743652344,56737900
2017-03-31,204.0318994928165,204.55949417887837,203.84161857669875,203.89352416992188,73733100
2017-04-03,203.94541794497783,204.14434319591695,202.3107414799695,203.53890991210938,85546500
2017-04-04,203.25351822724852,203.75516679210006,202.8729563368468,203.66867065429688,56466200
2017-04-05,204.34330876146382,205.3206597393664,202.85566485778097,203.06324768066406,108800600
2017-04-06,203.20163991419298,204.15303150871202,202.76052805724942,203.63409423828125,69135800
2017-04-07,203.38323508840378,204.11841261621606,202.94213649019045,203.42648315429688,74412300
2017-04-10,203.56487877074764,204.343291194087,203.01998215593574,203.54757690429688,67615300
2017-04-11,203.16700087724368,203.4091742008586,201.8177457321159,203.30538940429688,88045300
2017-04-12,203.02864167040403,203.21892261084852,202.18967930502347,202.41455078125,81864400
2017-04-13,202.07717359496428,202.8123509249832,201.09982299804688,201.09982299804688,92880400
2017-04-17,201.6188347524172,202.88160705566406,201.4199094790997,202.88160705566406,68405400
2017-04-18,202.1463768170068,202.81235992927202,201.59283601131273,202.27610778808594,83225800
2017-04-19,202.83836923217876,203.21027359661804,201.67938167431168,201.90426635742188,68699900
2017-04-20,202.51833360852208,203.9886887153188,202.19832166519814,203.54757690429688,92572200
2017-04-21,203.46975338052528,203.521645786266,202.50105994680993,202.89891052246094,110389800
2017-04-24,205.13898490980165,205.3379233603899,202.87292893794245,205.13034057617188,119209900
2017-04-25,205.77038791146632,206.669886959925,205.68389178100873,206.3239288330078,76698300
2017-04-26,206.28929328187664,207.17150352612882,206.150917970928,206.19415283203125,84702500
2017-04-27,206.5142356410269,206.66991285841107,205.83095043817428,206.36720275878906,57410300
2017-04-28,206.6266069257036,206.65255312133522,205.78764474040307,205.91738891601562,63532800
2017-05-01,206.43638610839844,206.86019608948664,206.0212336600102,206.43638610839844,66882500
2017-05-02,206.57478845463555,206.69587514339725,206.10774356868606,206.51425170898438,57375700
2017-05-03,206.5142280989218,206.60936857189026,205.588769571187,206.26339721679688,73137700
2017-05-04,206.5661041306076,206.64394273028756,205.65794754197145,206.50555419921875,61462700
2017-05-05,206.87748962303496,207.33589012408044,206.43637779177612,207.31858825683594,62001300
2017-05-08,207.3618046589795,207.50883751445906,206.8601561651609,207.28396606445312,48385700
2017-05-09,207.54342977867722,207.74235501951878,206.74770242040077,207.0936737060547,51363200
2017-05-10,207.0504238301856,207.465576171875,206.84284106061338,207.465576171875,54293800
2017-05-11,207.0158476249322,207.20612854417598,205.9606582354735,207.0417938232422,62358300
2017-05-12,206.79100229411748,207.0850680625128,206.42774225125416,206.69586181640625,53912700
2017-05-15,207.11963353742098,207.95859581385963,207.10233167263556,207.83750915527344,61918900
2017-05-16,208.13156340453983,208.15750960156078,207.25801064410544,207.647216796875,51241800
2017-05-17,207.64722812837044,207.64722812837044,203.90217285033032,203.9627227783203,172174100
2017-05-18,203.88485067856263,205.631969318215,203.62537552258183,204.78436279296875,107047700
2017-05-19,205.26877200035327,206.78236214162976,205.21687959281718,206.1163787841797,115011400
2017-05-22,206.62665054837157,207.32723757069516,206.5574694770516,207.16290283203125,61010600
2017-05-23,207.5347502262916,207.78558103145653,207.15418845118182,207.62124633789062,48341700
2017-05-24,207.85480369589155,208.2094061280343,207.51747673301352,208.10562133789062,46927700
2017-05-25,208.61594932157783,209.37707310415792,208.40837970629798,209.1002960205078,64071700
2017-05-26,208.90999129615258,209.2213588810894,208.83215269928246,209.05703735351562,46629900
2017-05-30,208.73703870247456,209.12624493362787,208.5813614889964,208.87542724609375,35201900
2017-05-31,209.16947497747938,209.20407870913107,208.13158738469383,208.82351684570312,91796000
2017-06-01,209.28189341336648,210.50141746443626,208.9964720483849,210.48411560058594,68962000
2017-06-02,210.5360110522851,211.34038276481593,210.2419453498353,211.1846923828125,88666100
2017-06-05,211.01176612473392,211.2971875652669,210.83012949986428,211.02906799316406,44698800
2017-06-06,210.4667992308275,211.02034005878886,210.27651833395444,210.3543701171875,50375400
2017-06-07,210.6917141693969,210.96847802447388,210.025730934513,210.7436065673828,54144300
2017-06-08,210.8387677746789,211.3231144668124,210.31981734884585,210.847412109375,65950700
2017-06-09,211.11549039214944,211.91120454476018,209.26458692472863,210.52735900878906,132256400
2017-06-12,210.2851903574007,210.53600799468163,209.63650903629403,210.48411560058594,86108100
2017-06-13,211.0203777650746,211.56527435779938,210.67441963482645,211.5133819580078,60067000
2017-06-14,211.78149355764182,211.79013789146447,210.42358089248344,211.24525451660156,78602300
2017-06-15,209.89598483832128,210.95983177720848,209.61922098575457,210.8387451171875,66464900
2017-06-16,210.99777153370127,211.04991698387204,210.00696819501678,210.88478088378906,84553100
2017-06-19,211.71048558799038,212.7012891020136,211.61488115848746,212.6404571533203,65123800
2017-06-20,212.28408116010755,212.29276764813338,211.18898688722953,211.20635986328125,56906400
2017-06-21,211.59751403942832,211.7104914506489,210.684928689232,211.1542510986328,55977600
2017-06-22,211.16295897267005,211.6583541315483,210.88483215505542,211.05865478515625,44148100
2017-06-23,211.11949059974816,211.64095846683273,210.7370728734632,211.31069946289062,66986800
2017-06-26,211.9798898399386,212.39707999389566,211.2411404748748,211.44972229003906,56700500
2017-06-27,211.23247558101465,211.52798863761825,209.72889061406468,209.74627685546875,82247700
2017-06-28,210.7631562637456,211.82349155414153,210.5284884176897,211.62359619140625,70042600
2017-06-29,211.77136723698678,211.82351270535796,208.55560182319115,209.76368713378906,106949700
2017-06-30,210.57190099630944,210.94563216967157,209.96351529040868,210.15472412109375,86820700
2017-07-03,211.09342148732742,211.52798468158704,210.5111083984375,210.5111083984375,39153800
2017-07-05,210.8761255787128,211.20638456590143,210.06783119610182,210.997802734375,54427600
2017-07-06,210.23295488728553,210.35463203575168,208.88580650381542,209.06832885742188,65400800
2017-07-07,209.64195547243426,210.5719136942868,209.07701543431983,210.42416381835938,57972300
2017-07-10,210.42416316812717,211.0238624203301,210.119963666866,210.65013122558594,36663300
2017-07-11,210.65013448651465,210.80658411472686,209.3290720753313,210.4936981201172,50354600
2017-07-12,211.45844346560077,212.24065187535012,211.45844346560077,212.0755157470703,59610400
2017-07-13,212.0841937898011,212.54482964689768,211.85821247452137,212.4318389892578,39471600
2017-07-14,212.4318497416446,213.77899816590127,212.3362453176828,213.4226531982422,60262700
2017-07-17,213.3444457275283,213.72686344258008,213.2227685692678,213.39659118652344,33531900
2017-07-18,212.98807096128579,213.5616974536571,212.64911226339612,213.50955200195312,42742500
2017-07-19,213.82248890102755,214.6742290926207,213.81378914912898,214.66554260253906,51034300
2017-07-20,214.9175294927569,215.03920663244577,214.21353938014167,214.76109313964844,47135200
2017-07-21,214.18749805873117,214.59598850082523,213.96151672202305,214.56991577148438,82340800
2017-07-24,214.4916752404168,214.65681136046095,214.04842559857326,214.51776123046875,46622300
2017-07-25,215.26519841336034,215.36950258874876,214.81326227999904,215.0392303466797,54915600
2017-07-26,215.32603937745765,215.36079859402545,214.7871853188609,215.04791259765625,47575400
2017-07-27,215.50861286514385,215.54337208995847,213.5269922434443,214.8480682373047,70766600
2017-07-28,214.3700269432227,214.72637195951367,213.91809075173916,214.59600830078125,50088400
2017-07-31,214.9957720304814,215.09137645548512,214.26570910962465,214.47430419921875,65838700
2017-08-01,215.07402396682556,215.10878318749505,214.430865659001,214.9523468017578,55050400
2017-08-02,215.08271335630772,215.19570403318554,214.1266690023028,215.056640625,47211200
2017-08-03,214.94366690067366,214.96973963403775,214.36135375251345,214.6394805908203,40856000
2017-08-04,215.12615252230128,215.36080708246598,214.6481303893106,215.03054809570312,60191800
2017-08-07,215.1000846337351,215.4303436279297,214.9957804539439,215.4303436279297,31995000
2017-08-08,215.11742804149972,216.33421271848638,214.52642857179112,214.900146484375,61719400
2017-08-09,214.2135620334,214.94362494873806,213.85721706455107,214.8914794921875,62632600
2017-08-10,214.05708832253737,214.18746521106263,211.80605462255747,211.8582000732422,120479500
2017-08-11,212.08416162840126,212.76207894780944,211.8494938603562,212.1710662841797,74869900
2017-08-14,213.44871624550768,214.49166511117897,213.41395703010485,214.27438354492188,73291900
2017-08-15,214.65681195914163,214.6741981986198,213.94413528231837,214.24832153320312,55242700
2017-08-16,214.76980493632897,215.16960887774223,214.19617838370715,214.62205505371094,56715500
2017-08-17,214.01364977380297,214.32653575018128,211.27589416503906,211.27589416503906,128490400
2017-08-18,211.11083213186902,212.23201279971101,210.5024462037238,210.94570922851562,136748000
2017-08-21,210.8848412235054,211.3715499134438,210.18085092114322,211.11080932617188,65469700
2017-08-22,211.69308230910568,213.47478047201594,211.6756960711894,213.31834411621094,63140100
2017-08-23,212.35367822775106,212.97945036542944,212.2059283149406,212.55357360839844,50203800
2017-08-24,212.93597944081628,213.09241583554956,211.84957138244476,212.05816650390625,50741700
2017-08-25,212.84907343401937,213.46615908099753,212.40582369558797,212.55357360839844,64445900
2017-08-28,213.08370846040347,213.10978119030355,212.14505039855294,212.56224060058594,40565600
2017-08-29,211.2498139126445,213.06628450382465,211.13682326186802,212.80555725097656,51135700
2017-08-30,212.7882037622832,214.0832067852587,212.6056813953853,213.8137664794922,62030800
2017-08-31,214.4308209805419,215.34340615931342,213.84850800748916,215.1000518798828,103803900
2017-09-01,215.47378279149711,215.83012774424623,215.25650122447658,215.4042510986328,62007000
2017-09-05,214.9002184582473,215.126199840903,212.89253831989768,213.85726928710938,91398800
2017-09-06,214.5351500718967,214.91756779673688,214.00498245551665,214.58729553222656,57916900
2017-09-07,214.8915363660705,214.9089226101272,214.15277350457401,214.56126403808594,58034700
2017-09-08,214.27440110391774,214.76980948125174,214.06581927077957,214.30917358398438,63832800
2017-09-11,215.57811163769642,216.67321941576003,215.56073865778382,216.59500122070312,71364800
2017-09-12,216.96004172163705,217.3598324652706,216.7775193304532,217.3250732421875,56896000
2017-09-13,217.03824757556816,217.46412428956327,216.92525689879432,217.42935180664062,59228000
2017-09-14,217.10774620268882,217.55969557911206,216.93392360000743,217.3597869873047,95446300
2017-09-15,217.21573069228893,217.73978653879072,217.1109221885151,217.65245056152344,95432400
2017-09-18,218.01924704393736,218.46469641738005,217.7310103925462,218.11532592773438,46235200
2017-09-19,218.35989657938688,218.42104374769173,218.01052607591205,218.3336944580078,47108100
2017-09-20,218.42103540568147,218.52584388719498,217.41657192320085,218.41229248046875,59574100
2017-09-21,218.25509286573282,218.34242882969582,217.65241740557613,217.8271026611328,48211400
2017-09-22,217.53010193880021,218.03669842901505,217.50389982099844,217.87074279785156,51214000
2017-09-25,217.6175118181515,217.96689572024886,216.68293820126146,217.42535400390625,57064400
2017-09-26,217.8532711530073,218.0978331385597,217.32047254284774,217.55630493164062,54082000
2017-09-27,218.25512707261586,218.7879258485287,217.37294440320042,218.4036102294922,81001400
2017-09-28,218.12412292065795,218.7442710581649,218.03678693507663,218.66566467285156,44778800
2017-09-29,218.65684347170293,219.51282378636614,218.47342863829596,219.4342041015625,85578000
2017-10-02,219.66131981077575,220.3862762451172,219.48662123661734,220.3862762451172,59023000
2017-10-03,220.38635005263825,220.88420383835725,220.30773033688516,220.85800170898438,66810200
2017-10-04,220.70946216621985,221.3645418885094,220.5959107495144,221.11997985839844,55953600
2017-10-05,221.4518382143416,222.44755868087944,221.1548719920263,222.4300994873047,63522800
2017-10-06,221.9846458307206,222.465040226087,221.7226246401837,222.1768035888672,80646000
2017-10-09,222.4039128546295,222.46504669165515,221.5479325152339,221.80996704101562,35803100
2017-10-10,222.37771292417833,222.77075805290576,221.83617134486326,222.39517211914062,43057400
2017-10-11,222.29907469416852,222.74453735351562,222.1331323900897,222.74453735351562,47674300
2017-10-12,222.4301464750898,222.77951700719035,222.17684151083012,222.4126739501953,47065100
2017-10-13,222.84935102131928,222.9629024198992,222.41263127617069,222.6833953857422,54800400
2017-10-16,222.91054426948924,223.17256550864792,222.56990333095123,222.98040771484375,38221700
2017-10-17,222.92800395792347,223.18130892651027,222.70964403972255,223.13763427734375,31561000
2017-10-18,223.51318501846194,223.55685966334508,223.1638145146575,223.35597229003906,40888300
2017-10-19,222.5786044856064,223.45204404486665,222.15935722889787,223.41709899902344,61903800
2017-10-20,224.21198153918792,224.5962971394155,223.39967568822829,224.570068359375,89176400
2017-10-23,224.89322883296725,224.9194309537116,223.61798787604818,223.69659423828125,63915300
2017-10-24,224.12459043068006,224.32546446473933,223.73153197709217,224.0896453857422,66935900
2017-10-25,223.75776848882185,223.8713199108784,221.85367640356625,222.98040771484375,103715300
2017-10-26,223.59179742215292,223.86254822529017,223.1463347175475,223.26861572265625,69798000
2017-10-27,224.01108998639089,225.25138613887677,223.27740380734522,225.09414672851562,85562500
2017-10-30,224.01103797268954,224.99802890928333,223.95863373315882,224.25559997558594,54285700
2017-10-31,224.63118258968325,224.858285407945,224.30801421308635,224.60498046875,60304800
2017-11-01,225.38235477957573,225.72298235215794,224.5351173279343,224.90194702148438,54202700
2017-11-02,224.83206036171993,225.12902658710306,223.76646312698873,224.98927307128906,56449500
2017-11-03,225.14651932111855,225.7841398341459,224.7360016370278,225.740478515625,59589700
2017-11-06,225.6094359811802,226.22085435776503,225.53957254212585,226.08984375,49652600
2017-11-07,226.1946689399576,226.52658027431363,225.4260377772938,225.93264770507812,57502200
2017-11-08,225.75789189463578,226.41297147107142,225.47838487809508,226.31687927246094,50469600
2017-11-09,225.11156462700185,225.68803787692877,223.91493016041056,225.49588012695312,95085500
2017-11-10,225.11158468854057,225.6007087038398,224.79713258998552,225.42601013183594,59984700
2017-11-13,224.74475179722094,225.86275347101255,224.7098067481224,225.63565063476562,50228600
2017-11-14,224.8321261873201,225.2164418045128,224.0547520258686,225.11163330078125,61315200
2017-11-15,224.14206074959475,224.6661298286348,223.27736409509808,223.98484802246094,80811500
2017-11-16,224.9281424421125,226.25578761229633,224.8844811268868,225.88893127441406,67777000
2017-11-17,225.53961085872515,225.86277929786854,225.1465523133929,225.22515869140625,75756800
2017-11-20,225.46967865833645,225.80156326810715,225.22509001652006,225.60940551757812,48075500
2017-11-21,226.3780568662347,227.26898226933415,225.57450740471495,227.08554077148438,69176800
2017-11-22,227.0942910420056,227.22530164809308,226.7187184194679,226.88467407226562,45033400
2017-11-24,227.37378827509912,227.51354180063734,227.2340347495609,227.40870666503906,27856500
2017-11-27,227.4523939944793,227.749360239689,227.09428058415776,227.29518127441406,52274900
2017-11-28,227.75811423402223,229.62726108124528,227.66202201913927,229.60105895996094,98971700
2017-11-29,229.7320525704751,230.264864537519,229.01585242326902,229.46128845214844,77512100
2017-11-30,230.3783850742734,232.37854211196768,230.29977872676736,231.47018432617188,127894400
2017-12-01,231.25183970097865,231.7322207413393,227.75808186488112,230.9897918701172,164390900
2017-12-04,232.60573751269956,233.03371446018812,230.6579572757892,230.71038818359375,94040600
2017-12-05,229.880615234375,231.59254972036592,229.74960459990797,229.880615234375,77994500
2017-12-06,229.97664435778418,230.35224365740348,229.4613181737277,229.9242401123047,75898600
2017-12-07,230.6492462158203,230.96367173815798,229.66225501192756,230.6492462158203,77218600
2017-12-08,231.60127319694897,231.91569869326315,230.61428207474475,231.906982421875,76563900
2017-12-11,232.60574340820312,232.66689058947009,231.88080012619886,232.60574340820312,83077500
2017-12-12,233.3917468808904,233.48783908067503,232.64060175192208,233.01617431640625,85195800
2017-12-13,233.2608154572358,233.69753532840642,232.90270196424402,232.99005126953125,102905400
2017-12-14,233.2870067611082,233.40055818718739,231.98559013507742,232.03799438476562,100666700
2017-12-15,233.03960830620332,234.43547233615615,232.98693621386562,233.97018432617188,144610300
2017-12-18,235.36609217204557,235.80504421757664,235.26074796775922,235.45388793945312,83653600
2017-12-19,235.69970433667532,235.74358882543072,234.47940476779215,234.54965209960938,82382900
2017-12-20,235.515304459944,235.5679765584184,234.12822788094283,234.4267120361328,76751500
2017-12-21,235.05007482828026,235.6207340227915,234.66379481577025,234.90960693359375,67032300
2017-12-22,234.92710689692217,234.96223055721842,234.312563403501,234.8480987548828,78720900
2017-12-26,234.44432602491867,234.78672155224467,234.3038849173879,234.56724548339844,45244400
2017-12-27,234.73409912630459,235.04137104603342,234.40927876229793,234.68142700195312,57751000
2017-12-28,235.18175980019154,235.20809585350116,234.7954798239778,235.1641845703125,45116100
2017-12-29,235.74356204218506,235.76111047739207,234.0843373997339,234.27745056152344,96007400
2018-01-02,235.13788587052997,235.98945411816476,234.75160583295255,235.95433044433594,86655700
2018-01-03,236.12108775526218,237.59598705803205,236.12108775526218,237.4467315673828,90070400
2018-01-04,238.08757744045107,238.93035778564,237.50815758078866,238.44749450683594,80636400
2018-01-05,239.23757283380624,240.159361106138,238.74594884969625,240.03646850585938,83524000
2018-01-08,239.93994374624884,240.6334954184191,239.65024721010417,240.47547912597656,57319200
2018-01-09,240.89691697282984,241.6431409316476,240.61598118737896,241.01983642578125,57254000
2018-01-10,240.26473637048736,240.9144034840324,239.59754761513196,240.65101623535156,69574300
2018-01-11,241.20415128096022,242.40687561035156,241.03734735877387,242.40687561035156,62361500
2018-01-12,242.67026541950014,244.1538987144319,242.3717544461334,243.98712158203125,90816100
2018-01-16,245.24243045514825,245.8920706900726,242.45946363715237,243.15301513671875,106555100
2018-01-17,244.08365705963055,245.85701356015943,243.15308092859505,245.47073364257812,113258800
2018-01-18,245.35663540941204,245.7780122100609,244.5665003251841,245.0581512451172,100728000
2018-01-19,245.6376059390425,246.1731414794922,245.05821269286884,246.1731414794922,140920100
2018-01-22,245.96243468466326,248.17474365234375,245.9097357837922,248.17474365234375,91322400
2018-01-23,248.21864414608123,248.9912041885166,247.89382385358272,248.70150756835938,97084700
2018-01-24,249.34230987749274,249.939305019952,247.42848539217053,248.60487365722656,134816100
2018-01-25,249.4652317930512,249.56178838394288,247.92011200672914,248.71022033691406,84587300
2018-01-26,249.5442625102855,251.63367873984512,249.28966279713086,251.5897674560547,107743100
2018-01-29,251.0191178174703,251.45806987609902,249.76372135975387,249.92173767089844,90118300
2018-01-30,248.0957279260588,249.97442894951632,246.88421586467027,247.35829162597656,131796400
2018-01-31,248.20989200178946,248.71027709046913,246.41017211465257,247.48121643066406,108364800
2018-02-01,246.75251295523756,248.4995335490144,246.41011749473475,247.20022583007812,90102500
2018-02-02,245.88336854660707,246.01507559481632,241.78357140273644,241.81869506835938,173174800
2018-02-05,240.06292679944846,242.1698916316703,231.1609648845585,231.70526123046875,294681800
2018-02-06,228.20235475111994,236.77070587057335,227.11376242714104,236.27029418945312,355026800
2018-02-07,235.7172502975997,239.10594725573497,234.9095667392294,234.9886016845703,167376100
2018-02-08,235.28711910488605,235.4275869953834,226.13934532363862,226.17446899414062,246449500
2018-02-09,228.95741676009237,231.4243255493233,222.0395404071036,229.57196044921875,283565300
2018-02-12,231.61744087262778,234.4091964404118,229.71240386406902,232.94308471679688,143736000
2018-02-13,231.74039262423426,234.0668335954932,231.1609725875507,233.5225372314453,81223600
2018-02-14,232.03881626808786,237.03409243343134,232.03002865434567,236.6741485595703,120735700
2018-02-15,238.41246589270904,239.70298622426654,235.95431789418856,239.69419860839844,111200300
2018-02-16,239.07080319233245,241.70451496630102,239.02689192119868,239.7643280029297,160420100
2018-02-20,238.81623691260538,240.25601241008334,237.47304479191206,238.26315307617188,86369700
2018-02-21,238.70211558804763,241.17781154014494,236.98143108137657,237.07798767089844,98883700
2018-02-22,237.99981276687265,239.711709729396,236.7180802507282,237.38526916503906,110511300
2018-02-23,238.60554160702387,241.16900634765625,238.13146593359008,241.16900634765625,92766400
2018-02-26,242.24013191492972,244.06618789870637,241.6519510254108,243.9696044921875,86491400
2018-02-27,244.15386753203052,244.86499441716154,240.86172754616226,240.92318725585938,99099200
2018-02-28,242.02061880237406,242.46835850910344,238.1666333695874,238.482666015625,121907800
2018-03-01,238.2719705350681,239.8170904251165,233.52250582934735,235.01495361328125,176855100
2018-03-02,233.34691584624574,236.78831195402194,232.48658691293335,236.2264404296875,139083200
2018-03-05,235.0412811759298,239.57126967870028,234.93591017599843,238.95672607421875,97307400
2018-03-06,239.93120475708733,240.01023971083006,238.0700521582396,239.5625,79213200
2018-03-07,237.40285992477092,239.82585724110842,237.2097199336888,239.47470092773438,87063500
2018-03-08,240.15071199663336,240.75646811060744,239.15870263652198,240.63357543945312,66901200
2018-03-09,242.0381801182192,244.8211212158203,241.72212069884188,244.8211212158203,113625300
2018-03-12,245.11081957380026,245.73412394284,244.1275445405689,244.51382446289062,71924800
2018-03-13,245.6726344877052,246.1730461616999,242.32782263142832,242.93357849121094,91968900
2018-03-14,243.89060599288945,244.07495840526627,241.13400025798666,241.6870574951172,105895100
2018-03-15,242.19617435500027,242.8370271669328,240.9232027619332,241.42361450195312,83433000
2018-03-16,241.9498859263665,242.73436294881552,241.63258751199234,241.6854705810547,100343700
2018-03-19,240.93620460870457,241.86168501139227,236.7670775944114,238.4153289794922,109208400
2018-03-20,238.81197797211732,239.45542436621005,238.14209004943496,238.82080078125,59757300
2018-03-21,238.77672584368344,240.86568740550535,238.15092503585717,238.36245727539062,78709600
2018-03-22,236.14129640944108,236.98745229628895,232.13081823448522,232.40408325195312,148785900
2018-03-23,232.844799765795,233.1709209551684,227.25657169813346,227.4504852294922,183534800
2018-03-26,231.04672437365164,233.95540081601212,228.64925990705333,233.67333984375,141956100
2018-03-27,234.60765289876343,235.13648355929,228.14682704159767,229.69813537597656,129941400
2018-03-28,229.8303276361625,231.49622480159888,227.91763387941825,229.0194091796875,146452300
2018-03-29,230.15641224241278,233.8055043683826,229.0281955901973,231.94569396972656,111601600
2018-04-02,231.41688855818825,231.92812739453532,224.47130575320918,226.9392852783203,186286300
2018-04-03,228.1732379441203,230.32390533759397,226.38395605270182,229.84793090820312,119956900
2018-04-04,226.30464403356794,233.01223907187764,226.17243637884116,232.30711364746094,123715300
2018-04-05,234.06112092397936,235.02189260297175,232.97699130445676,234.14047241210938,82652600
2018-04-06,232.18375127749687,233.67332686335382,227.4064413333874,228.9224853515625,179521200
2018-04-09,230.37681089226027,233.43534029483922,229.11638636610888,230.05068969726562,105442900
2018-04-10,232.93287264449012,234.49300338650028,231.79586011923547,233.70852661132812,103529000
2018-04-11,232.22777905016653,234.1404727021837,232.15727727028641,232.4833984375,91140200
2018-04-12,233.80556634497947,235.33922911812886,233.62927151869874,234.39610290527344,68890500
2018-04-13,235.70054458081614,235.8151334939362,232.70372171705588,233.70852661132812,85079200
2018-04-16,235.33917858817293,236.39689352112617,234.51946430947865,235.63003540039062,63405300
2018-04-17,237.39282848651607,238.75022277084807,236.8816167398159,238.15086364746094,64682000
2018-04-18,238.59162476057676,239.12927814561803,237.8688537751826,238.32720947265625,57303900
2018-04-19,237.67495751316204,237.87769384781993,235.97382294019738,237.00509643554688,77655900
2018-04-20,236.93457291245892,237.15492797278438,234.1140173807684,234.9954376220703,99953100
2018-04-23,235.56835661263662,236.12365560791923,233.88484090745573,234.96017456054688,65558000
2018-04-24,235.98264446982625,236.2029995241592,230.2974733085117,231.7958984375,112885500
2018-04-25,231.73413567863452,232.80946915575038,229.9184126285739,232.36875915527344,103840900
2018-04-26,233.39131452250984,235.5596011681044,232.95060432387913,234.73106384277344,67731900
2018-04-27,235.33916671761327,235.6388463237789,234.0170365675143,234.9513397216797,57053600
2018-04-30,235.568391229111,236.12369030599413,233.07395678832052,233.1444854736328,82182300
2018-05-01,232.58038626773487,233.6645429949395,231.0290778253246,233.55877685546875,74203400
2018-05-02,233.36485118585458,234.17574281224557,231.60201055601448,231.98983764648438,86368900
2018-05-03,231.1612782885642,232.1308190231915,228.3318999811481,231.47857666015625,136311500
2018-05-04,230.50905674946347,235.1541595417253,230.18293550042833,234.47544860839844,91222100
2018-05-07,235.24221997236103,236.23820207584941,234.55468648152564,235.26866149902344,55304900
2018-05-08,234.89845322694333,235.6300200638076,233.70853072952212,235.26866149902344,67499200
2018-05-09,235.9385486756778,237.86886103281918,235.41851399436158,237.54273986816406,59666100
2018-05-10,238.28304553015303,240.08997241129103,238.17727944907173,239.76382446289062,72063900
2018-05-11,239.88731658829252,240.75991394858534,239.37607782658708,240.49549865722656,59871500
2018-05-14,240.92746691331217,241.57970945043496,240.06366517318418,240.61016845703125,54790600
2018-05-15,239.38492075905984,239.40253948036187,238.00990733079024,238.95303344726562,87036100
2018-05-16,238.98825361961775,240.41614984670522,238.9617851943398,239.95779418945312,53942600
2018-05-17,239.69345159062675,240.83049137123183,238.97950326064117,239.75515747070312,56536400
2018-05-18,239.4113811412176,239.7727666974474,238.8031989732715,239.15576171875,64368000
2018-05-21,240.6364980780093,241.49147660821697,240.24867110149415,240.95379638671875,58025900
2018-05-22,241.47384280155237,241.7294621619401,239.95779915524992,240.28392028808594,52966400
2018-05-23,239.01479756100912,240.9715520547834,238.8561214353816,240.94508361816406,64694200
2018-05-24,240.54847781313586,240.82171602296654,238.67104779804026,240.45150756835938,76043800
2018-05-25,239.8784942626953,240.50429505271225,239.37607830929167,239.8784942626953,56374800
2018-05-29,238.25668371463993,239.0147190473101,236.00907304336295,237.11964416503906,115908600
2018-05-30,238.4241367905371,240.72463033760636,238.3536350180888,240.28392028808594,69678400
2018-05-31,239.8784920671197,240.17817169479065,238.21262194583,238.81198120117188,93519900
2018-06-01,240.1077086367524,241.45628062814544,240.0371799489807,241.15660095214844,71258400
2018-06-04,241.97635371471327,242.558094436331,241.73837987811308,242.30247497558594,45385200
2018-06-05,242.43458106982055,242.8576723897408,241.66774990774505,242.47866821289062,51135000
2018-06-06,243.0868621885617,244.61170177943262,242.4698573456426,244.5059356689453,62732200
2018-06-07,244.9907462065433,245.28160302621228,243.57164575012257,244.47950744628906,72969400
2018-06-08,244.02121630582116,245.2551993504634,243.85374429631833,245.2023162841797,72139700
2018-06-11,245.42261523927425,246.2423294780415,245.30802632225817,245.52838134765625,58892500
2018-06-12,245.9427227474188,246.2071380967235,245.2023328705508,245.8457794189453,72329000
2018-06-13,246.08369940431285,246.33931878526906,244.85851245663383,245.06124877929688,79070600
2018-06-14,245.9250802932143,246.2071143389862,245.08772026985903,245.67828369140625,77097600
2018-06-15,244.89555787415404,245.7012550888403,243.78883538468264,245.36480712890625,120041600
2018-06-18,243.91276179336904,244.9840885625564,243.43467715644596,244.86012268066406,52917600
2018-06-19,242.5936397822496,244.14305171516543,242.17751092519677,243.9217071533203,97531500
2018-06-20,244.60334059698366,245.0017714563841,244.00129011487593,244.33773803710938,53785500
2018-06-21,244.32892742841975,244.34665228256307,242.31026648649697,242.8060760498047,71061400
2018-06-22,244.06332375690923,244.17842722996417,243.02741951900938,243.24876403808594,54898500
2018-06-25,242.0978250397967,242.2571866362737,238.2552867692335,239.9375,137854200
2018-06-26,240.50411165309322,241.31864434566987,239.7515348904601,240.46868896484375,68547400
2018-06-27,241.05307733908927,242.47852327145034,238.32609735255744,238.47662353515625,105110700
2018-06-28,238.423447181038,240.60146947724132,237.71512857523751,239.84005737304688,76650500
2018-06-29,240.92909341827357,242.29258330965268,240.07027554780439,240.1853790283203,97592500
2018-07-02,238.61828121441778,240.85828692224064,238.3792118140002,240.6988983154297,63554800
2018-07-03,241.59319552216886,241.69060119468486,239.4240346913066,239.8489990234375,42187100
2018-07-05,240.97335725440993,241.86757071714234,239.9020303531457,241.8055877685547,56925900
2018-07-06,241.8322449032129,244.22275013181675,241.45151169447968,243.8509063720703,66493700
2018-07-09,244.85131916394857,246.0997056110018,244.80706106381928,246.0465850830078,50550400
2018-07-10,246.4981496435699,247.0293819712378,246.2059597045332,246.93197631835938,51966800
2018-07-11,245.38251487407948,246.1705142878191,244.82472239371876,245.12574768066406,77054700
2018-07-12,246.3830245781455,247.40120402224898,245.7809739353221,247.34808349609375,60124700
2018-07-13,247.17097255653775,247.84384142076897,246.71942115875308,247.54281616210938,48216000
2018-07-16,247.58713231385073,247.72876902543337,246.87881365796778,247.32150268554688,48201000
2018-07-17,246.551204508345,248.7115289177783,246.4980839916861,248.32196044921875,52315500
2018-07-18,248.4016865443658,248.95061666305273,247.95899747838,248.84437561035156,44593500
2018-07-19,248.18033358029288,248.56103967940436,247.42775678976406,247.90586853027344,61412100
2018-07-20,247.70228517731056,248.33092324450678,247.4632427557304,247.6226043701172,82337700
2018-07-23,247.41885235103558,248.2865053562712,247.07354201823443,248.0828857421875,47047600
2018-07-24,249.49065687437772,250.17238816002202,248.46361522328874,249.33126831054688,68026900
2018-07-25,249.08343422718482,251.77499148944142,249.03917612553772,251.45626831054688,78882900
2018-07-26,250.73915922587406,251.54482974615317,250.64175355729782,250.86309814453125,57919500
2018-07-27,251.19062823019235,251.2880338772159,248.24233086923053,249.1631317138672,76768700
2018-07-30,249.24283644941406,249.40219804756535,247.33925162185292,247.8616485595703,63742500
2018-07-31,248.62303289486857,249.6943328768987,248.24232678004086,249.0834197998047,68570500
2018-08-01,249.28707288390544,249.79174492044822,248.0209885982045,248.66729736328125,53853300
2018-08-02,247.36577756551435,250.19010858658837,247.16213089419983,250.02191162109375,63426400
2018-08-03,250.14591576581194,251.14639751094435,249.9688293080611,251.09327697753906,53935400
2018-08-06,251.128751207428,252.3239904739229,250.73918253611225,252.01412963867188,39400900
2018-08-07,252.67807071803176,253.22700082078438,252.5452423864147,252.8462677001953,43196600
2018-08-08,252.67804956580417,253.1384364154706,252.2796186434976,252.74000549316406,42114600
2018-08-09,252.80199595567012,253.19156446296677,252.26192830940533,252.3947296142578,35717000
2018-08-10,250.9604873626219,251.50055515066057,249.99540124829505,250.70372009277344,77076000
2018-08-13,250.9781002435462,251.589013219035,249.47294685068562,249.76513671875,65732900
2018-08-14,250.49117247783963,251.59789505219464,250.10160397009915,251.35882568359375,43842000
2018-08-15,250.01312018325515,250.1547839487945,248.0475793432479,249.4818878173828,102925400
2018-08-16,250.91622686228928,252.36826037127776,250.88080416168853,251.50057983398438,69967900
2018-08-17,251.2969003032694,252.82861442412454,250.88963386809417,252.38592529296875,65618500
2018-08-20,252.8374516517211,253.19159751742657,252.38590013667803,252.92599487304688,39807500
2018-08-21,253.43943848945128,254.37793695600215,252.96132683039625,253.5191192626953,67272000
2018-08-22,253.11190038315056,253.89103744915988,252.84627073632237,253.36866760253906,44993300
2018-08-23,253.19157287482844,254.05039070086602,252.71346114188097,253.03221130371094,49204900
2018-08-24,253.60770790763118,254.69673270963204,253.5545873826161,254.55506896972656,57487400
2018-08-27,255.7504422635916,256.671243547293,255.5910806047615,256.56500244140625,57072400
2018-08-28,257.0253248860289,257.13159298478024,256.2284897728139,256.68890380859375,46943500
2018-08-29,256.90124103853924,258.30012615749564,256.662198745309,258.0699462890625,61485500
2018-08-30,257.59186237570543,257.9637059829279,256.432019425289,257.02520751953125,61229500
2018-08-31,256.6179593889367,257.47677714013287,256.13101229086976,257.0340881347656,66140800
2018-09-04,256.617960406128,256.94554594826343,255.59091866725385,256.5914001464844,57594400
2018-09-05,256.23734224900784,256.44098898920004,254.89157693273464,255.90089416503906,72452400
2018-09-06,256.00714641996956,256.3081718188765,254.10358835710352,255.13063049316406,65909900
2018-09-07,254.08586593769624,255.6087176445946,253.84679651198275,254.63479614257812,73524800
2018-09-10,255.6440357081322,255.90966532054676,254.882623595647,255.07740783691406,50210900
2018-09-11,254.43116525715587,256.3612835234171,254.08588176015792,255.91859436035156,50530500
2018-09-12,255.9274092570225,256.5825804504032,255.19255727144122,255.98052978515625,59810800
2018-09-13,257.0430128319784,257.6804862349242,256.75968531520266,257.4945373535156,51034200
2018-09-14,257.698179952664,257.88410181150124,256.75968121049704,257.538818359375,55079900
2018-09-17,257.48563159353705,257.52102725876375,255.9007974379103,256.1752624511719,68244000
2018-09-18,256.3878005462383,258.1585568998184,256.3612402817185,257.56536865234375,61930400
2018-09-19,257.61852968857704,258.2560031568843,257.4945637549275,257.8398742675781,49080600
2018-09-20,259.0970602153132,260.2480409377501,257.85750925934076,259.9292907714844,100360600
2018-09-21,260.6701329824998,260.78575750232153,259.5317200165653,259.6918029785156,105479700
2018-09-24,259.1137115939335,259.25601660965026,258.2510060962114,258.8291015625,53409600
2018-09-25,259.2826786788656,259.38940064759277,258.3488343105982,258.5889587402344,44370000
2018-09-26,258.7312519258059,259.91412321436593,257.3971730938539,257.815185546875,79739700
2018-09-27,258.2866480000463,259.6207272917874,258.01094045110614,258.5356750488281,59249500
2018-09-28,257.913024857578,259.0603403412746,257.87746896148747,258.5622863769531,70091400
2018-10-01,259.7985762633335,260.52787942324136,258.79359270911283,259.46063232421875,62078900
2018-10-02,259.309326171875,260.02082396744885,258.9357993288641,259.309326171875,47258200
2018-10-03,260.35885464256023,260.77686715736866,259.09594169443756,259.4516906738281,64694600
2018-10-04,258.9713814326385,259.02474241561276,255.84075281656695,257.4238586425781,111545900
2018-10-05,257.6462407924696,258.16207274661025,254.56007018759942,255.98309326171875,105951700
2018-10-08,255.29824864888656,256.3388422447717,253.9197111613411,255.98309326171875,87742200
2018-10-09,255.60071321754165,256.9080848761821,255.049270973965,255.60958862304688,74339000
2018-10-10,255.10257478593394,255.1737408654989,247.14258636020767,247.51611328125,214731000
2018-10-11,246.43103946135153,248.04972835434208,240.45436497653625,242.06417846679688,274840500
2018-10-12,246.1553164318959,246.43992642315365,242.24202404876104,245.42604064941406,183186500
2018-10-15,245.07035032111582,246.39555418191674,243.95861759938708,244.0475616455078,102263700
2018-10-16,246.0041788161168,249.75738891009476,245.53280531070305,249.3838348388672,118255800
2018-10-17,249.4194726965644,250.0509293104676,246.85803605064686,249.42837524414062,110626000
2018-10-18,248.4944520427115,249.09035262690333,244.55447843294348,245.8262939453125,134557500
2018-10-19,246.47559630970608,248.4055491200804,244.99921199445404,245.69293212890625,139901600
2018-10-22,246.35988075496186,246.68004663324515,244.05637465763868,244.5900115966797,82415800
2018-10-23,240.9791968267312,244.46557546007915,238.89800927633917,243.34494018554688,146352700
2018-10-24,243.0958722305184,243.47832885220126,235.42049357209595,235.97190856933594,177806700
2018-10-25,237.8040873548617,241.74406172098753,236.78129864956196,240.20541381835938,138061500
2018-10-26,236.50553554729737,241.02360445591398,233.27706004527508,235.98077392578125,201574600
2018-10-29,239.06695479413133,240.35657539863922,231.10696608457545,234.6733856201172,160749100
2018-10-30,234.50438797777792,238.4621388764539,234.0152094564338,238.15084838867188,157116000
2018-10-31,240.71232751034958,243.0069587045786,240.2409539924511,240.69454956054688,128296300
2018-11-01,241.55729632981314,243.45169327053114,240.47224408471195,243.2560272216797,99495000
2018-11-02,244.3588166152821,244.78573168928202,239.76958135193883,241.815185546875,122634100
2018-11-05,242.3043642949538,243.7007070611563,241.3349366508133,243.1492919921875,65622500
2018-11-06,243.08698230542691,244.84794917310734,243.02471877283662,244.6878662109375,60085900
2018-11-07,246.85793847591884,250.00637203721428,246.43102348970677,249.92633056640625,102752100
2018-11-08,249.12590474479975,250.11313733964522,248.33436530171073,249.4727783203125,65584900
2018-11-09,248.165399233387,248.35216271227114,245.6306434523214,247.035888671875,98812600
2018-11-12,246.528911435274,246.76903588800957,241.9040933048996,242.41995239257812,99673600
2018-11-13,242.88246681934416,244.87468316220532,241.24599951743505,241.96640014648438,98176600
2018-11-14,243.83415705612947,244.23436461548494,238.75576876225338,240.31219482421875,125335900
2018-11-15,239.04912683050932,243.2826121469212,237.4749236526706,242.8201141357422,135101400
2018-11-16,241.72617324563439,244.3587476037074,241.2103142841677,243.4515838623047,126668000
2018-11-19,242.846798094472,243.14031062759022,238.4176738847104,239.333740234375,103061700
2018-11-20,236.00749321474495,237.4660995132809,234.04195744397686,234.9046630859375,136021300
2018-11-21,236.4521591402249,237.5994747294918,235.6962027211134,235.705078125,75563700
2018-11-23,234.06862635176773,235.52723257807557,233.97080690927402,234.13088989257812,42807900
2018-11-26,236.38102152128923,238.13311311240508,235.98968949085364,237.9107666015625,79981400
2018-11-27,236.87909419467337,238.7112274169922,236.27431815159747,238.7112274169922,75502400
2018-11-28,239.77847091805359,244.2075958251953,238.64893332775299,244.2075958251953,127629600
2018-11-29,243.43392058983642,245.07038815180763,242.29550719272964,243.674072265625,82346400
2018-11-30,243.52278892831978,245.71957352817088,243.20262298270973,245.1592559814453,98204200
2018-12-03,249.27720225624412,249.38392427432314,246.81361186586318,248.4055938720703,103176300
2018-12-04,247.57837738663264,248.00529243928708,240.04527685328782,240.3565673828125,177986000
2018-12-06,236.50551991524597,240.10752209732985,233.41044708855944,239.9918975830078,204185400
2018-12-07,239.65393555098828,241.21926354147223,233.5794413265767,234.41546630859375,161018900
2018-12-10,234.23758739782187,235.82959594381217,230.01300388121976,234.86016845703125,151445900
2018-12-11,238.05312178650135,238.23988529522845,233.44610762514162,234.91358947753906,121504400
2018-12-12,237.8841103617398,239.24487006116965,236.01639405183923,236.096435546875,97976700
2018-12-13,237.03913056400617,237.90183601004946,234.90460973993248,236.01634216308594,96662700
2018-12-14,233.87293341160515,234.8245829393611,231.10695599803614,231.6583709716797,116961100
2018-12-17,230.7067150296598,231.81844749138895,225.48602373208445,227.1136016845703,165492300
2018-12-18,228.75007037429378,229.41710981689934,225.26366561183747,226.86456298828125,134515100
2018-12-19,226.9446507542669,230.70675017805107,221.7684306807493,223.46714782714844,214992800
2018-12-20,222.2220409411879,223.78735579910423,217.5883327748361,219.82958984375,252053400
2018-12-21,220.72861735508985,223.38552036390047,214.68124937399995,215.32534790039062,255345600
2018-12-24,213.84032507460728,215.45057126158082,209.57318974188104,209.63580322265625,147311600
2018-12-26,211.09399387368785,220.22764587402344,209.11696653417636,220.22764587402344,218485400
2018-12-27,216.998207573705,222.1151909748024,213.76877426318353,221.91839599609375,186267300
2018-12-28,223.26922375327266,224.89735185930846,220.46918466599615,221.63214111328125,153100200
2018-12-31,223.25126929890155,223.81485878090328,221.3816013239506,223.5733184814453,144299400
2019-01-02,220.04876678962827,224.7274296395637,220.02193048381426,223.80599975585938,126925200
2019-01-03,222.06154839494693,222.36571591269447,217.98226653551384,218.46534729003906,144140700
2019-01-04,221.48897390263343,226.42705742914634,221.11325208488387,225.782958984375,142628800
2019-01-07,226.05135993790628,228.967685018204,225.1567801850317,227.56320190429688,103139100
2019-01-08,229.74594775444223,230.1842830382069,227.22322663887434,229.70120239257812,102512600
2019-01-09,230.40796876553281,231.61565694335764,229.18239882003667,230.77474975585938,95006600
2019-01-10,229.2449965104731,231.8392721108213,228.56510722057578,231.5887908935547,96823900
2019-01-11,230.51531358491874,231.7051199930724,229.9338421818793,231.67828369140625,73858100
2019-01-14,229.78172036067835,231.06991726630778,229.37917589042223,230.26480102539062,70908200
2019-01-15,230.6405685877629,233.2169627574834,230.6316140537097,232.9038543701172,85208300
2019-01-16,233.3332441885954,234.3530782952415,233.1275083007143,233.4674530029297,77636700
2019-01-17,232.59965398203775,236.09746354596547,232.55490862113237,235.2386474609375,96118400
2019-01-18,237.04575985726618,238.83491941669797,235.2744820652817,238.36972045898438,127900300
2019-01-22,236.9025962600359,237.11728664606434,233.53896794342953,235.14920043945312,115531200
2019-01-23,236.17798861637877,236.87575967051836,233.181141246526,235.6412353515625,86030300
2019-01-24,235.46232565671974,236.34797816335373,234.4514461827318,235.7664794921875,59204100
2019-01-25,237.60929250091039,238.5844083633359,235.86487852864417,237.76138305664062,96883400
2019-01-28,235.62341653832786,236.01700658391746,234.19208321653988,235.95440673828125,85613700
2019-01-29,236.0974797217171,236.6610419843488,234.8092828063201,235.6412353515625,66136300
2019-01-30,237.15308758964215,240.21253492262588,236.3926893728271,239.3716278076172,92473700
2019-01-31,239.30905486704737,241.957003473344,239.09433714733026,241.4739227294922,104012100
2019-02-01,241.67076465563014,242.61008997025334,240.8030210242383,241.5902557373047,85782500
2019-02-04,241.63495404193895,243.3525593935762,240.96401914371378,243.28993225097656,60744800
2019-02-05,243.71929701903028,244.61387672404788,243.21833456825289,244.30972290039062,79552800
2019-02-06,244.03237048116657,244.52437832841062,243.25409061715408,243.9876251220703,58347800
2019-02-07,242.3773806107919,242.92306102117962,240.0067503108111,241.66172790527344,95482000
2019-02-08,240.41833753894525,242.05540667168086,239.59531205500326,241.95701599121094,75788900
2019-02-11,242.60998164980816,242.86939005956518,241.56331157806798,242.0911102294922,68021400
2019-02-12,243.70147325190771,245.5800692392094,243.62989157024313,245.20436096191406,72270200
2019-02-13,246.03626385603758,246.84138015886657,245.61581028783473,246.00047302246094,65277200
2019-02-14,244.9180349153441,246.581967392561,244.10396409321197,245.4547882080078,83234400
2019-02-15,247.22604336493276,248.16536847036366,247.0203074973905,248.12957763671875,97088700
2019-02-19,247.33340539822623,249.21200092876802,247.32445086509222,248.55897521972656,59120800
2019-02-20,248.52319847147984,249.51619619142238,248.02223599489156,249.05995178222656,76610800
2019-02-21,248.42476708591184,248.78259346762562,247.2170791597752,248.17428588867188,64214700
2019-02-22,248.7915085043155,249.90973295511063,248.1563646603763,249.71295166015625,78114600
2019-02-25,251.13539394000878,251.6542382053372,249.97242383431418,250.0529327392578,69030700
2019-02-26,249.70400535498007,250.7506481871813,249.49824222111025,249.8739776611328,56844100
2019-02-27,249.15835809796695,250.1155650438643,248.22801475468106,249.76669311523438,56921600
2019-02-28,249.55191857492036,249.9902811449562,248.9794018248287,249.3014373779297,69268300
2019-03-01,250.87589873116676,251.26951592903697,249.42668418464558,250.85801696777344,78880500
2019-03-04,251.91370436866936,252.15523111262803,247.6554953242816,249.94561767578125,106494600
2019-03-05,250.07089669638566,250.26770538513796,249.06001694508592,249.60569763183594,59114600
2019-03-06,249.72193751100994,249.7308920448468,247.77176016313658,248.0937957763672,75039800
2019-03-07,247.646501244507,247.78963728117097,245.17747968817417,246.0183868408203,94885100
2019-03-08,244.16666122630866,245.6963853436138,243.7014894661894,245.5264129638672,85795800
2019-03-11,246.24203489111082,249.24780979781647,246.21519859017263,249.0867919921875,65098900
2019-03-12,249.64136883696645,250.54490292510243,249.45351477422585,250.02603149414062,79667500
2019-03-13,250.91168968232336,252.6113854192015,250.75064461009535,251.68101501464844,80639200
2019-03-14,251.70787361502687,252.1283271456543,251.0816842356358,251.52001953125,67518400
2019-03-15,252.07087511860678,253.57138855973614,251.88216612584606,252.76272583007812,81309000
2019-03-18,252.97835455068642,253.9757262440812,252.75372449783706,253.67919921875,62199800
2019-03-19,254.7394829347921,255.50320320501433,252.85258493986163,253.7421112060547,90268100
2019-03-20,253.52644405949383,254.73045774743304,251.87317030498068,252.97833251953125,84609200
2019-03-21,252.1607336052429,256.2399957566535,252.1157911407943,255.83567810058594,79550400
2019-03-22,254.47883818093473,254.99996772134344,250.8488096648639,250.91171264648438,122659300
2019-03-25,250.57027724900775,251.75633027368409,249.46511515748892,250.72303771972656,85575200
2019-03-26,252.47513747029075,253.54437851241264,251.19026039300329,252.59194946289062,68125900
2019-03-27,252.58301106957472,253.16707116109836,249.7257232922533,251.27117919921875,72224700
2019-03-28,251.90017865734248,252.67289297510604,250.75007373789757,252.2236328125,56238500
2019-03-29,253.7331470879282,254.1374647488732,252.60999677308874,253.8140106201172,82186800
2019-04-01,255.8087003800633,257.12053213515975,255.53912787981554,256.8240051269531,77617900
2019-04-02,257.01270157304134,257.1834225886773,256.1590964948618,256.9497985839844,40070400
2019-04-03,258.162880381585,258.5582315397109,256.752196813757,257.3542175292969,68243200
2019-04-04,257.67764571070825,258.2886329223049,256.98579496410593,258.03704833984375,48997500
2019-04-05,258.70191713096256,259.3398587189356,258.41438412036786,259.28594970703125,58621700
2019-04-08,258.8636614791043,259.59146060914446,258.2077318961907,259.483642578125,53566300
2019-04-09,258.522205126451,258.8456592016085,257.60572449284734,258.15380859375,66142300
2019-04-10,258.5671757249507,259.12428134186337,258.1538640665501,259.034423828125,52601500
2019-04-11,259.5195720218468,259.52856599827516,258.39642179469354,258.9624938964844,55093100
2019-04-12,260.5708025998839,260.99310810092373,259.0073865588941,260.7145690917969,69727800
2019-04-15,260.78653593400213,260.88538743061287,259.74424904421835,260.5439453125,49596700
2019-04-16,261.4244075766626,261.4783165835482,260.12154259540137,260.7145690917969,52153200
2019-04-17,261.8287886640842,261.8557431740678,259.6633516265314,260.0766906738281,58268300
2019-04-18,260.66070312049783,260.858378651933,259.36683190031505,260.58880615234375,68708500
2019-04-22,259.8250957710666,260.96620654252615,259.73523826780877,260.8134460449219,40160100
2019-04-23,261.1817838739017,263.39216279015545,260.94818732275957,263.1585388183594,52246600
2019-04-24,263.07769295982763,263.4101409908237,262.4307574273886,262.57452392578125,50392900
2019-04-25,262.4758058484175,263.0688326729098,261.2268766037163,262.41290283203125,57770900
2019-04-26,262.45776734051964,263.70669621419734,261.68502567610466,263.63482666015625,50916400
2019-04-29,263.72467211131345,264.56928329115584,263.634814607374,264.0481262207031,57197700
2019-04-30,263.706646787458,264.47039433172,262.29599111609195,264.182861328125,81111700
2019-05-01,264.8119019337827,265.018571472677,262.18821061229863,262.19720458984375,71671900
2019-05-02,262.0803024726753,262.9968104059952,260.13949601586444,261.63104248046875,65030200
2019-05-03,263.10466237001356,264.4704030511326,261.7388942682371,264.1918640136719,56543700
2019-05-06,259.89701208717844,263.5450025264516,259.5825244795173,263.104736328125,107198100
2019-05-07,260.70559211160116,261.29861864665406,256.80601830897126,258.71087646484375,144729900
2019-05-08,258.3514709472656,260.0586535717971,257.7584444190409,258.3514709472656,91568300
2019-05-09,256.28485571593546,258.1717256781386,254.5506913693155,257.5697326660156,103471100
2019-05-10,256.6352472217009,259.6183398447477,253.65215459865416,258.86358642578125,112429300
2019-05-13,253.76006930266527,254.7214650101081,251.52273551419995,252.3583526611328,127290500
2019-05-14,253.37361710141252,256.1680282411555,253.24783857451106,254.64053344726562,77003200
2019-05-15,253.0143053717125,256.7701133090534,252.8076358497461,256.1321716308594,73956400
2019-05-16,256.83298031022184,259.8609886388919,256.76111076781007,258.5042419433594,76749600
2019-05-17,256.2040905747572,259.3129631236966,256.18610261959776,256.8330383300781,100353000
2019-05-20,255.23365072213795,256.94083365080587,254.38903952425764,255.13482666015625,62877600
2019-05-21,256.82398306292055,257.8123606375981,256.57239853669876,257.43499755859375,46847100
2019-05-22,256.48265157584416,257.5968080643364,256.16816396099586,256.6443786621094,49482500
2019-05-23,254.4249032965787,254.46981832422244,252.09773999920623,253.5084228515625,98733800
2019-05-24,254.9461135870853,255.35945262328002,253.4635607364856,254.0835418701172,55268100
2019-05-28,254.36203379085782,255.31446283570273,251.70242216113928,251.7203826904297,70029400
2019-05-29,250.60623972127644,251.01055730636347,248.62948456977267,250.0311737060547,104972900
2019-05-30,250.7859350955703,251.6215796387543,249.6178699191781,250.7140655517578,62523800
2019-05-31,248.171261594784,248.99788472790675,247.30866255936388,247.3356170654297,86862800
2019-06-03,247.371622323553,248.48577872420248,245.3769061548867,246.70672607421875,96428000
2019-06-04,248.99794731783476,252.196677471433,248.54868715670395,252.06190490722656,77231900
2019-06-05,253.67907585986103,254.27210220148618,251.8730697592249,254.24514770507812,71169700
2019-06-06,254.54178226538465,256.5724191686605,253.89484665726926,255.89852905273438,69430400
2019-06-07,256.91383395209493,259.53752459010883,256.74311294719047,258.45928955078125,74272200
2019-06-10,260.0047577816279,261.3076228990596,259.5554977301904,259.6453552246094,60799100
2019-06-11,261.4603007892035,261.8286972441243,258.93546202655364,259.5823974609375,58641300
2019-06-12,259.3488670961745,259.9059451972257,258.61207399835774,259.1242370605469,47096300
2019-06-13,260.0318153787915,260.55297260064253,259.3309705175219,260.19354248046875,48945200
2019-06-14,259.90594482421875,260.50793796326803,259.1421972200491,259.90594482421875,52324700
2019-06-17,260.13956380841864,260.76853892968074,259.8340702245848,260.0047912597656,39205700
2019-06-18,261.81977777473696,263.7785449569694,261.4603478082686,262.7272644042969,85434800
2019-06-19,262.8619975207617,263.8503749390502,261.8916080504937,263.32025146484375,78674400
2019-06-20,265.9978750491621,266.24046558371964,263.3831784940885,265.83612060546875,116570000
2019-06-21,265.5671176917623,266.82212083031214,265.2330527028107,265.4497375488281,83309500
2019-06-24,265.6574273212025,265.97341688825486,264.9712218644644,265.1247253417969,47582700
2019-06-25,265.17894479355795,265.2060304057759,262.4161021312064,262.5244445800781,82028700
2019-06-26,263.4182718416797,263.92388825683076,262.154230803802,262.2625732421875,51584900
2019-06-27,263.020892537568,263.6980600603321,262.6416941550696,263.19244384765625,40355200
2019-06-28,264.16764892571615,265.0434536754882,263.6530223625105,264.546875,59350900
2019-07-01,267.86945491993043,268.08616730223594,265.7476574629136,266.9485168457031,78705600
2019-07-02,266.9033916424673,267.69793952489164,266.0637102660974,267.6437683105469,61504500
2019-07-03,268.32086133027957,269.80161425412496,268.17639561424454,269.7835388183594,40898900
2019-07-05,268.5556549615941,269.6391341895929,267.2645286286108,269.4765930175781,51677300
2019-07-08,268.16743147205943,269.2960442403786,267.4541404873554,267.9958801269531,45841800
2019-07-09,266.8401623023329,268.6278671624564,266.7859910977244,268.3299255371094,41101300
2019-07-10,269.39537569112645,270.56011189882554,268.8626737180611,269.612060546875,58448500
2019-07-11,270.2530867910683,270.48781949375126,269.2418542299152,270.2440490722656,50826100
2019-07-12,270.73164779402924,271.5261956250817,270.42466841458145,271.4539489746094,40326000
2019-07-15,271.88741431405714,271.88741431405714,271.03869505958664,271.5443115234375,33900000
2019-07-16,271.45393658906914,271.6616112571717,270.3614471482306,270.6684265136719,36650100
2019-07-17,270.6414177790369,270.80393145030723,268.82659912109375,268.82659912109375,36036300
2019-07-18,268.3299433311183,270.18989495674094,267.8875359461371,269.8106689453125,51392600
2019-07-19,270.90314927048956,270.93023487092404,268.14030781010166,268.3118591308594,58678600
2019-07-22,268.7091014293009,269.51268682028854,268.194475028688,268.970947265625,43638100
2019-07-23,270.0905461773964,270.89410400390625,269.2598751971888,270.89410400390625,44564500
2019-07-24,270.1357635765845,272.1672668457031,270.04546903159616,272.1672668457031,47213200
2019-07-25,271.7157538258222,271.76992502848304,270.0634494826073,270.8670349121094,55394100
2019-07-26,271.55327198811625,272.88052171662747,271.4268541311043,272.681884765625,45084100
2019-07-29,272.56462046528964,272.6820006526796,271.634644243553,272.1853942871094,38126500
2019-07-30,270.78572069130223,271.9233708139945,270.4064947990668,271.5170593261719,45849000
2019-07-31,271.7609487131754,271.9505755193534,266.5332335970876,268.5466613769531,104245200
2019-08-01,268.70014633011544,271.65258755474997,265.4136125645929,266.2081604003906,142646600
2019-08-02,265.314361548389,265.55813204796215,262.6508237263318,264.20379638671875,116749700
2019-08-05,260.1136939331715,260.22203637331984,254.36228645172406,256.25836181640625,178745400
2019-08-06,258.14535837183905,260.0685190404571,256.6736428346704,259.851806640625,120711700
2019-08-07,256.7819550684586,260.77274168505596,254.65114752446226,260.0052795410156,140572300
2019-08-08,261.4950674503696,265.10662841796875,260.94431762874206,265.10662841796875,87713900
2019-08-09,264.1675479475779,264.7634586627928,261.5220868217728,263.30078125,93730000
2019-08-12,261.8021213220913,263.29188513433445,259.14762105124436,260.0956726074219,65527600
2019-08-13,259.79769355061575,265.5852247370545,259.4545907653121,264.1405944824219,94299800
2019-08-14,260.09563131231886,260.7005524202266,256.20417608457865,256.33056640625,135622100
2019-08-15,257.2154567222614,257.9016623373555,254.9672681362208,257.0077819824219,99556600
2019-08-16,258.6600201444486,261.23323542718947,257.06188669690755,260.79986572265625,83018300
2019-08-19,263.8154737214388,264.6190316225491,263.13830611256157,263.9418640136719,53571800
2019-08-20,263.43622123692984,263.9689230625115,261.79298227907464,261.91937255859375,51596400
2019-08-21,264.077348056287,264.4204232030708,263.39114265467236,264.0502624511719,49524700
2019-08-22,264.7544094112218,265.38641579476507,262.1992156207738,263.9688720703125,51666400
2019-08-23,262.6688438924776,264.33015864750445,255.94230050225514,257.18829345703125,149161500
2019-08-26,259.37325938101276,260.0323791503906,257.8473727295932,260.0323791503906,72423800
2019-08-27,261.42287531434596,261.7930636581838,258.2537214211673,259.01214599609375,66668900
2019-08-28,258.3530803749549,260.99854271685837,257.54949466784865,260.8360290527344,59696700
2019-08-29,263.39106933739487,264.69123312905583,262.38884711906564,264.16754150390625,57899400
2019-08-30,265.64836826101157,265.66641614641384,263.12028660352104,264.0502624511719,62901200
2019-09-03,262.3528412178477,263.2647416845759,261.17906729483354,262.5063171386719,69101400
2019-09-04,264.6732441815311,265.50388772814705,263.9238298917129,265.48583984375,46887300
2019-09-05,267.9688581886312,269.81073482523794,265.4497861761174,268.8988342285156,83258100
2019-09-06,269.2147542351201,269.74745608960535,268.537586657619,269.10638427734375,49584300
2019-09-09,270.0906013596085,270.18086834097136,268.3028687534425,269.24188232421875,51260300
2019-09-10,268.48343727792104,269.24188935174453,267.2284341315708,269.1786804199219,57947100
2019-09-11,269.48563003768334,271.17403024628595,268.8355480133743,271.0927734375,68821100
2019-09-12,271.9956759928493,273.08816543274827,271.23725152228974,272.03179931640625,72908700
2019-09-13,272.4742232943265,272.8263637238987,271.4810384912023,271.8512268066406,62104800
2019-09-16,270.7226346420475,271.896408609539,270.3705217396185,271.0115661621094,58191200
2019-09-17,270.8129115165538,271.7880208906066,270.64136015983695,271.69775390625,41475500
2019-09-18,271.3095435402211,271.9686634906912,269.2780400199562,271.8603210449219,73375800
2019-09-19,272.24856637784467,273.2417514204653,271.50818956843375,271.8422546386719,76560500
2019-09-20,272.44438033573425,272.72559424976635,269.76857139785557,270.5577087402344,89565000
2019-09-23,269.89556952748023,271.2108170035137,269.64159394991134,270.4942321777344,43476800
2019-09-24,271.582733535712,271.9727625422939,267.4102536031992,268.3717346191406,94869400
2019-09-25,268.45338400504926,270.40355684518136,266.9748722488337,269.9591064453125,71854000
2019-09-26,269.96814996825674,270.17675595776956,267.99076670726214,269.3966979980469,56179700
2019-09-27,270.1496138053091,270.2584842358922,266.394400547626,267.9454650878906,84746600
2019-09-30,268.4624127579998,269.8955546492936,268.41707085357206,269.18804931640625,51662400
2019-10-01,270.06794415591315,270.72102824217234,265.76849006877796,265.9861755371094,88242400
2019-10-02,264.4079776780748,264.4170571356595,259.9996795705218,261.2876892089844,122539500
2019-10-03,261.0608737824399,263.4555248952082,258.3487738908161,263.4283142089844,85278800
2019-10-04,264.08144832542007,267.2470787072425,264.0269992614025,266.99310302734375,65091200
2019-10-07,266.19483104942367,267.81847578384463,265.55987813972894,265.841064453125,59610500
2019-10-08,263.9906876592985,264.7254038708757,261.67766859806807,261.7139587402344,95708100
2019-10-09,263.7275882237998,265.13351958206624,263.10171486269707,264.1992492675781,62359400
2019-10-10,264.1176347838915,266.86602454663546,263.954370682643,265.9861755371094,55296300
2019-10-11,268.7346644381994,270.97510381384257,268.61676988687105,268.7437438964844,98720400
2019-10-14,268.42617702704035,269.09742004492904,268.0996488139588,268.4443359375,40394800
2019-10-15,269.4874550292948,271.8458158960156,269.36953283376874,271.1020202636719,46754500
2019-10-16,270.63950683463116,271.3560920358637,270.2313464146453,270.6667175292969,48928200
2019-10-17,271.82763155922663,272.3355827530061,270.77543903460804,271.4648132324219,45736600
2019-10-18,270.92975667791666,271.57376153444164,269.42403373913845,270.27667236328125,64304000
2019-10-21,271.5919140803774,272.30847154115486,271.15651532040795,272.1089172363281,39048600
2019-10-22,272.64394157592534,272.93420726927076,271.12916766106264,271.2198791503906,48594700
2019-10-23,270.9659810160959,272.0635156111766,270.7573472991516,272.00909423828125,34352200
2019-10-24,272.9434028694703,273.08853577790205,271.62815491768134,272.4535827636719,35453100
2019-10-25,271.8821290723367,274.11351638561285,271.8277076921369,273.56927490234375,45205400
2019-10-28,274.78476928175763,275.610197235554,274.75755858795225,275.1112976074219,42147000
2019-10-29,274.8391577345471,275.95485140942054,274.7121560578241,275.0296325683594,44284900
2019-10-30,275.22916703094626,276.24506964645207,273.92299861636155,275.8731994628906,49643900
2019-10-31,275.86418395301934,275.86418395301934,273.6872453178426,275.1385192871094,69053800
2019-11-01,276.58064197385863,277.73259776958525,276.41735019832123,277.687255859375,71141500
2019-11-04,279.2383466387265,279.37440006354313,278.4310501827038,278.8029479980469,60606900
2019-11-05,279.00245799553085,279.30180316391466,278.2042411215235,278.4945068359375,42933200
2019-11-06,278.4946046311865,278.8302123707764,277.61475540627197,278.55810546875,46487100
2019-11-07,279.89139471405895,280.8710069278483,279.0659671347833,279.5376281738281,54272300
2019-11-08,279.1930197495144,280.2815026770793,278.4945936077772,280.2270812988281,49032100
2019-11-11,278.8483051362286,279.8642075711623,278.71222403622494,279.6918640136719,35797300
2019-11-12,280.054668191953,281.1794133049867,279.5104268632624,280.28143310546875,46484600
2019-11-13,279.2927585959564,280.77127035209,279.0659936684823,280.3721618652344,53917700
2019-11-14,280.09095744342886,280.8619636831978,279.4560046150865,280.7803039550781,51219900
2019-11-15,282.1138323591222,282.85762831105296,281.4244854819012,282.8122863769531,62023600
2019-11-18,282.5763015670428,283.25659632840035,282.1227717261377,283.020751953125,49228000
2019-11-19,283.6194121870548,283.62849164179835,282.2951128139359,282.9391174316406,67804700
2019-11-20,282.34957224467774,282.86660297199927,280.3358983899287,281.886962890625,79406200
2019-11-21,281.9958415043259,282.10468425402297,280.6352517705745,281.4334411621094,54664700
2019-11-22,282.1772178522817,282.31327128023827,281.05247260615073,282.0592956542969,44850200
2019-11-25,282.984501675249,284.24530029296875,282.984501675249,284.24530029296875,48647200
2019-11-26,284.28156776356354,285.07070522877143,283.96409135032974,284.8892822265625,37569000
2019-11-27,285.3700145636202,286.1591796875,285.1523291122122,286.1591796875,44444600
2019-11-29,285.59686381058185,285.8417876970087,284.87122697075444,285.0979919433594,36592700
2019-12-02,285.3519574335292,285.41545826710006,282.24982822038623,282.6761474609375,75767800
2019-12-03,279.9639558052549,280.8619636831978,278.5852351006926,280.7803039550781,73941700
2019-12-04,281.8235621366424,283.1115718765543,281.47887489655255,282.5129089355469,49080000
2019-12-05,283.21125441681573,283.2293856451966,281.7145837968173,283.020751953125,40709000
2019-12-06,284.9256011908763,286.00500449632267,284.9165217354681,285.60589599609375,48927000
2019-12-09,285.21589807283027,285.88711349587976,284.63536648869166,284.70794677734375,34838500
2019-12-10,284.6535275182076,285.31566348978197,283.73738821573176,284.3904724121094,52649800
2019-12-11,284.8439568182491,285.4516989977195,284.3087949163725,285.1977233886719,53429100
2019-12-12,285.20672044084057,288.43585014256996,284.9709037870693,287.6557922363281,96389600
2019-12-13,287.4199981041912,289.05272214678655,286.64899183529326,287.82818603515625,81503900
2019-12-16,289.5516883749544,290.3952475141658,287.7647791043134,289.8056640625,82749700
2019-12-17,290.1865254751517,290.4858429696505,289.78741702831144,289.8690490722656,61097700
2019-12-18,290.25913538779594,290.4859003373177,289.8328161754444,289.8872375488281,48133000
2019-12-19,290.07772911648044,291.14808077783215,289.823753465592,291.07550048828125,85310500
2019-12-20,292.1054650052227,293.48186803995895,291.13016050237536,292.3515930175781,147142100
2019-12-23,293.13553655427705,293.1902254958816,292.6524323585263,292.79827880859375,52990000
2019-12-24,293.0261593313642,293.0717241770153,292.5065865675843,292.8074035644531,20270000
2019-12-26,293.1901906102919,294.3751824445798,293.1810943326841,294.3660583496094,30911200
2019-12-27,295.0952628094436,295.149951744562,293.7644523592922,294.2931213378906,42528800
2019-12-30,294.37518834855865,294.511910689044,292.18751963133974,292.6706237792969,49729100
2019-12-31,292.16925296260575,293.6276892705335,291.82287121002,293.3815612792969,57077300
2020-01-02,294.91290542669935,296.1434618086508,293.99226220909725,296.1252136230469,59151200
2020-01-03,292.74359626818324,295.0041745676097,292.68890732538284,293.88299560546875,77709700
2020-01-06,292.13287226263657,295.08621432416686,292.01437027823323,295.0041809082031,55653900
2020-01-07,294.4389421396399,294.9129499592201,293.72795822762987,294.17462158203125,40496400
2020-01-08,294.3661197989049,296.9548319309042,294.1200195395933,295.7425231933594,68296000
2020-01-09,297.30119760730037,297.82077038824355,296.71781178644477,297.7478332519531,48473300
2020-01-10,298.33117684890317,298.4861195611985,296.42610473911026,296.8909606933594,53029300
2020-01-13,297.5108322451486,298.9418965712198,297.0824170116794,298.93280029296875,47086800
2020-01-14,298.49517959741576,299.54342106499274,297.92091807745555,298.4769592285156,62832800
2020-01-15,298.38584690535674,299.9080685509151,298.3038135068561,299.1515197753906,72056600
2020-01-16,300.52792945323296,301.6399841308594,300.30004962435345,301.6399841308594,54050300
2020-01-17,302.3510690696179,302.7885806840839,301.5762718291727,302.5789489746094,95846000
2020-01-21,301.62169549358066,302.7884389482875,301.5487861977557,301.9862976074219,77742400
2020-01-22,302.8432196250379,303.4904184768439,301.8679149339362,302.0228576660156,48914900
2020-01-23,301.3755576490368,302.77930482006144,300.2635032595623,302.3691101074219,51963000
2020-01-24,303.02552540689584,303.1075588185603,298.3949910655985,299.68023681640625,87578400
2020-01-27,294.4480801750021,296.3531521856209,294.1108224827082,294.8764953613281,84062500
2020-01-28,296.298487210109,298.84163406721996,294.9676767051918,297.9665832519531,63834000
2020-01-29,299.32471133178075,299.55259115613137,297.5198931086739,297.7204284667969,53888900
2020-01-30,295.6604550917531,298.8963660446492,294.91303023429634,298.68670654296875,75491800
2020-01-31,298.06685040639036,298.2218209474655,292.35163365596884,293.2631530761719,113845600
2020-02-03,294.73976005288546,297.30112696346464,294.6212580975968,295.4416198730469,69083000
2020-02-04,299.04215432222543,300.81050405404096,298.7231169921296,299.9445495605469,62573200
2020-02-05,302.8705625667215,303.6180152040548,301.4121536768775,303.4083557128906,65951100
2020-02-06,304.3654472195234,304.62067153969036,303.35364621707834,304.42926025390625,50359700
2020-02-07,303.37183913632214,304.4383010658972,302.2597845544811,302.80670166015625,64139400
2020-02-10,301.92256617332515,305.1311042908256,301.886097610239,305.0672912597656,42070000
2020-02-11,306.41633961218275,307.2002328793031,305.0672809970112,305.5959777832031,54864500
2020-02-12,307.02705945948134,307.77451202465284,306.66245727222037,307.56488037109375,43992700
2020-02-13,306.14282963542433,308.2028719590965,305.86938499837,307.2366638183594,54501900
2020-02-14,307.64693997585454,307.84747536853007,306.4528517159032,307.7289733886719,64582200
2020-02-18,306.7354692141623,307.7928352872699,305.5504770448348,306.9360046386719,57226200
2020-02-19,307.90211788539574,309.07795777585227,307.61954912250815,308.4034423828125,48814700
2020-02-20,307.8565243216202,308.67691395841035,304.15575813081296,307.1364440917969,74163400
2020-02-21,305.78739481387316,306.09730805211063,303.1530905628107,303.9734802246094,113788200
2020-02-24,294.54847666522704,304.0464959569677,292.81656705509187,293.8921813964844,161088400
2020-02-25,295.2776038121276,295.8883062471929,284.11149089171784,284.9865417480469,218913200
2020-02-26,286.3810972156628,289.9633610159589,283.2090281846531,283.938232421875,194773800
2020-02-27,278.4326260777627,283.99289834255785,271.1860656738281,271.1860656738281,284353500
2020-02-28,263.15566832306206,271.5325340386913,260.27526361074985,270.0467529296875,384975800
2020-03-02,271.8241810091955,281.80532914475464,268.40598340350584,281.74151611328125,238703600
2020-03-03,282.1151127881911,286.0711016617431,271.24069847707534,273.6744384765625,300139100
2020-03-04,279.0342265229959,285.39663994831454,276.4910804079347,285.1778564453125,176613400
2020-03-05,277.995197331708,281.17639114422417,273.46494478951723,275.6981506347656,186366800
2020-03-06,267.21185726562237,272.343714991951,264.5502366862195,271.1405029296875,228667200
2020-03-09,250.94126219037892,259.04468244351574,249.25497367188592,249.96595764160156,309417300
2020-03-10,259.4549092564181,262.9915813511426,249.30056924454237,262.90045166015625,276444100
2020-03-11,255.86345261585788,256.99372753135424,246.91232732401264,250.0843963623047,255316300
2020-03-12,233.3489613279396,243.06576125881952,225.76511340861424,226.15707397460938,392220700
2020-03-13,239.8116265596918,247.45928738947632,226.53079663529957,245.4904022216797,329566100
2020-03-16,219.84023822786799,234.16932404862888,216.35824141554718,218.6279296875,297240000
2020-03-17,223.35871400097514,233.5039435706242,216.0939169725968,230.43211364746094,262070500
2020-03-18,215.34645080566406,226.39406110097966,207.8446502974257,218.7646484375,327597100
2020-03-19,218.08099810602204,225.49165465544974,211.6730183757266,219.22950744628906,289322000
2020-03-20,222.37069869163514,224.14944647760103,209.50688536174633,209.78195190429688,347158800
2020-03-23,209.22268050674896,210.58882164978553,200.11806218300114,204.41822814941406,326025200
2020-03-24,214.93482673177368,223.81022492489032,214.3663660879373,222.93917846679688,235494500
2020-03-25,224.51625036542322,235.04203577073906,219.82183239457268,226.2766571044922,299430300
2020-03-26,228.77971920189324,240.95586078896224,228.34878482606823,239.48887634277344,257632800
2020-03-27,232.21803399813555,239.13129805518238,230.18256074726233,232.35556030273438,224341200
2020-03-30,234.44605962945386,240.61665407010992,232.45643301160396,239.9014892578125,171369500
2020-03-31,238.90205096760556,241.4417963725967,234.9227984498402,236.32562255859375,194881100
2020-04-01,227.36771002403904,236.2431083425227,223.62684104588152,225.6898193359375,189554600
2020-04-02,224.8096570813122,231.67707467324524,224.25952385795503,230.89773559570312,177660400
2020-04-03,229.91664470662855,232.26386743063676,224.83713961830722,227.56027221679688,135561200
2020-04-06,236.40819703837275,244.80681626495058,227.5419743229143,242.8446807861328,188061200
2020-04-07,251.41744466183374,252.16929234238347,242.87215154323118,243.09219360351562,201427200
2020-04-08,245.68699208459705,253.05871017209918,243.20225678677284,251.25245666503906,153774500
2020-04-09,254.50737795290667,257.8265049685233,252.5727758010134,255.07586669921875,189999200
2020-04-13,254.10401636703236,254.44325732952132,248.85028638040373,252.7470245361328,114839100
2020-04-14,257.6247434043118,261.2188944182337,252.60941275513804,260.201171875,134143400
2020-04-15,254.49818449986756,260.338700945521,252.56355469912342,254.67239379882812,121775000
2020-04-16,255.9468184845768,256.7536766430272,252.83861260251467,255.90098571777344,131798300
2020-04-17,261.6590540286196,263.41944685021514,258.92674327686353,262.8143310546875,146684800
2020-04-20,259.1192277447229,262.95180422099605,257.9639789331066,258.18402099609375,100109300
2020-04-21,253.72798241574282,254.92909188820968,249.4094613850949,250.34469604492188,126385700
2020-04-22,255.21332633013031,257.64305057028287,253.893018067381,255.90098571777344,92951600
2020-04-23,257.175570419743,260.33881648266646,255.58020874328437,255.8827667236328,104709700
2020-04-24,257.3956309371255,260.11876458215687,255.35097927054392,259.4494323730469,85063200
2020-04-27,261.4206455682229,264.3088100325091,260.9622058760842,263.1902160644531,77896600
2020-04-28,266.8302216256885,267.1786402598977,261.67736409264813,261.9799499511719,105270000
2020-04-29,267.2978148114988,270.36936598916276,266.27091449702925,268.8381652832031,118745600
2020-04-30,267.4628265283742,268.9390166066362,264.6021678699744,266.3350830078125,122901700
2020-05-01,261.5949198596324,266.5002313799912,258.11993829550914,259.2843933105469,125180000
2020-05-04,257.40472721224256,260.3020696248995,255.92856473218876,259.99951171875,80873200
2020-05-05,262.8142792143297,265.2073206037957,260.12780177122573,262.40167236328125,79569900
2020-05-06,264.09793589455825,264.4830095523587,260.192020908388,260.6229553222656,73632600
2020-05-07,263.8319800050877,265.6932435927499,263.26351939914133,263.7677917480469,75250400
2020-05-08,266.89437904014466,268.5997890049133,265.7666074831052,268.1321716308594,76452400
2020-05-11,266.20676247386785,269.56254444611375,265.7850057832069,268.1872253417969,79514200
2020-05-12,269.37000418111256,269.7825831185984,262.7042730991444,262.8418273925781,95870800
2020-05-13,262.2825114779081,263.31858964743844,255.7726623265701,258.1932373046875,144721100
2020-05-14,255.7635975330721,261.41155172990904,250.29897450243615,261.283203125,121977900
2020-05-15,258.89919065123917,262.53002466488874,257.95480613821377,262.48419189453125,111146300
2020-05-18,268.6915050760796,272.0839701507051,268.3706196611589,270.47943115234375,119703800
2020-05-19,269.8835330443974,271.58891577815547,267.6830274604417,267.70135498046875,95189300
2020-05-20,271.23127021904025,273.1108617924765,271.00205036955106,272.2489929199219,85861700
2020-05-21,272.1206276660374,272.92748596370774,269.278296110494,270.369384765625,78293900
2020-05-22,270.08513201578137,271.05702179895974,268.8473394108852,270.8828125,63958200
2020-05-26,276.83335693039163,277.07175449936034,270.90114681308035,274.2202453613281,88951400
2020-05-27,277.00752054474054,278.33700648648875,272.19390507286226,278.3003234863281,104817400
2020-05-28,279.32730748503195,281.3352756373356,277.1176247426951,277.7869567871094,90405200
2020-05-29,277.3193091660714,279.61150744849493,274.5778489741923,279.02471923828125,119090800
2020-06-01,278.3828651183529,280.75757894742645,277.8694149921172,280.1524353027344,55758300
2020-06-02,281.069313365472,282.5179982006775,279.73985528660774,282.4721374511719,74267200
2020-06-03,284.4526664557033,287.1849772402928,284.17761381806736,286.2314147949219,92567600
2020-06-04,285.2503028822557,286.98321817364206,283.3890390401753,285.4795227050781,75794400
2020-06-05,290.8616625425781,294.565835177491,290.7974742690629,292.7962646484375,150524700
2020-06-08,293.60310815038525,296.52795553104175,293.0621526886974,296.3354187011719,73641200
2020-06-09,293.67644251654445,296.40875303318035,292.814573695221,294.125732421875,77479200
2020-06-10,294.7033572907335,295.59273133209695,291.76933233464445,292.4844970703125,95000800
2020-06-11,285.5712235543959,286.20387252008595,275.0729721884442,275.6230773925781,209243600
2020-06-12,282.6188812960742,283.38905659074294,273.7801789307393,278.9238586425781,194678900
2020-06-15,273.2483818586524,282.65557322051234,272.0747773753375,281.5278015136719,135782700
2020-06-16,289.25711767246935,289.4038217313861,282.0962919334156,286.9465637207031,137627500
2020-06-17,287.96429064170104,288.25769873534205,285.0210879201945,285.7546081542969,83398900
2020-06-18,284.2418184413267,286.34145231822947,283.7833786982742,285.86468505859375,80828700
2020-06-19,289.32367329044104,289.5170574345226,282.28787417657315,284.23101806640625,135549600
2020-06-22,283.6323128106449,286.45030759053503,282.490388367676,286.0543212890625,74649400
2020-06-23,288.69736494870455,289.6274972240298,286.9660418676936,287.3712463378906,68471200
2020-06-24,285.3360276763805,285.95305250280444,278.20816137818287,280.040771484375,132813500
2020-06-25,279.46981736237365,283.3100417218154,277.45301313177083,283.04296875,89468000
2020-06-26,281.94708210428337,282.1589024781775,275.7401296700566,276.3202819824219,127961000
2020-06-29,277.572693256611,280.51960120631884,275.2888164097337,280.3814697265625,79773300
2020-06-30,279.9486629348006,285.667559621828,279.7921232790596,283.9730529785156,113394800
2020-07-01,285.08736775765794,287.2238950877985,284.62691073499315,285.96221923828125,72396500
2020-07-02,289.3880053272748,290.7325599973722,286.87392810290646,287.5369873046875,69344200
2020-07-06,291.3496151795207,292.55601050927066,290.6036769406393,291.975830078125,61713800
2020-07-07,290.43791531370204,292.408657022588,288.5868688394488,288.9644470214844,82910000
2020-07-08,289.7287492933504,291.2850962513282,287.96982822881216,291.1745910644531,54638600
2020-07-09,291.7824392568342,292.0218859318801,286.109604655345,289.5169982910156,83354200
2020-07-10,289.45257720821917,292.74024807034215,288.0251712561306,292.4731750488281,57550400
2020-07-13,294.8122255722936,297.18817150586733,289.28674115516975,289.9405822753906,102997500
2020-07-14,288.5223162049318,294.4714402869831,287.3251393658656,293.6978759765625,93657000
2020-07-15,296.91194993690715,297.4921303782736,294.0202658653574,296.396240234375,87196500
2020-07-16,294.49928195150153,295.8714356849305,293.8546305026773,295.4201965332031,54622500
2020-07-17,296.4238694209868,297.0593024720893,294.45309952821765,296.2765197753906,62774900
2020-07-20,296.0094731698983,299.4168672808463,295.26353484413016,298.6709289550781,56308800
2020-07-21,300.632423503006,301.0744442907489,298.3209200855165,299.3063049316406,57292200
2020-07-22,298.94711028029644,301.323084234717,298.8366050924752,301.00994873046875,57792900
2020-07-23,300.6507824803938,301.35068608523807,296.055430800531,297.4183654785156,75738000
2020-07-24,295.56736989715625,296.52510025578465,294.001804800679,295.5028991699219,73766600
2020-07-27,296.193647698937,297.8328739008944,295.40164684860423,297.65789794921875,48293000
2020-07-28,296.9303522871835,298.04467867981947,295.47532024869815,295.77001953125,57495000
2020-07-29,296.6449108985429,299.96942614775605,296.60806645726814,299.40765380859375,48454200
2020-07-30,296.44227447076116,298.7537780991364,294.36102749576685,298.33935546875,61861700
2020-07-31,300.1259370973195,300.79821459184643,295.9173523890963,300.6968994140625,84986800
2020-08-03,302.3545227663099,303.5516998495723,301.8111868221174,302.787353515625,53077900
2020-08-04,301.9308868941844,303.9569091796875,301.9308868941844,303.9569091796875,41917900
2020-08-05,305.2554171505095,306.10267054186585,304.98834417548517,305.84478759765625,42697700
2020-08-06,305.26466855525786,308.00897505925286,304.9423429439364,307.8892517089844,43679400
2020-08-07,306.92221206378724,308.3956800618827,306.0197062402385,308.1101989746094,57308300
2020-08-10,308.5615137232704,309.21535494485994,306.6275882566364,309.03118896484375,44282100
2020-08-11,310.2099129722672,310.8453459347755,305.7526922046899,306.4801940917969,69601100
2020-08-12,308.91146746286313,311.52686046889016,308.88384116049235,310.7532958984375,53774400
2020-08-13,309.9889565628064,311.4992695414481,309.2706445155212,310.1915588378906,41816100
2020-08-14,309.80475825655594,310.73489061846544,309.07722814860483,310.20074462890625,47260400
2020-08-17,311.2137530113555,311.58211307766084,310.2099598864431,311.1861267089844,35481000
2020-08-18,311.5821378053685,312.2820416597443,309.98894596467176,311.8584289550781,38733900
2020-08-19,312.23588712741235,312.75159673010216,309.9980728045905,310.5598449707031,68054200
2020-08-20,308.83768286772437,312.00562904338244,308.7087695313061,311.5267639160156,42207800
2020-08-21,311.19524299382766,312.85287680171285,310.85448123734926,312.6318664550781,55106600
2020-08-24,315.06320894225934,315.8736180566661,312.60438339712664,315.7999572753906,48588700
2020-08-25,316.3616932240013,316.9879082126617,315.20133219483836,316.905029296875,38463400
2020-08-26,317.4944472238556,320.34925928785856,316.9511111179945,320.08221435546875,50790200
2020-08-27,320.9477683119042,322.22782424225835,319.12434835411756,320.781982421875,58034100
2020-08-28,321.80420702373715,322.9829758804368,320.61622003326073,322.8540344238281,48588900
2020-08-31,322.64223722364346,323.517088692937,321.4542502514148,321.6844787597656,66099200
2020-09-01,322.51332671022755,324.8156120146118,321.6200388879637,324.7143249511719,54908700
2020-09-02,326.6206116646277,330.3779287745175,325.47865908576307,329.4109802246094,69540000
2020-09-03,327.7256853866652,328.1953605553692,315.4959476689743,318.07452392578125,148011100
2020-09-04,318.75605256613443,320.3215899223895,308.38654915956926,315.47760009765625,139156300
2020-09-08,310.0810183653904,315.54206103531834,306.5539292774732,306.8578186035156,114465300
2020-09-09,310.8545223596372,315.3762136597868,309.9888609153848,312.9173889160156,91462300
2020-09-10,314.7869755047928,315.4408168774141,306.526371988214,307.484130859375,90569500
2020-09-11,309.26138178450964,310.32042738546795,304.8225690491499,307.64056396484375,84680200
2020-09-14,310.79933901286097,313.4607946662511,307.78795955439836,311.692626953125,65605700
2020-09-15,314.1422160421619,314.97103311859536,311.70179927663685,313.2673645019531,52920900
2020-09-16,314.50136995908423,315.9287755119788,311.7478178059842,312.02410888671875,82096000
2020-09-17,307.1801324619214,310.9927306673699,306.65520463292705,309.2798156738281,91523300
2020-09-18,310.0833240814501,310.1942716478776,303.2412847248806,305.7192077636719,105877900
2020-09-21,301.14247861932574,302.4646509332724,297.471812475892,302.31671142578125,99450800
2020-09-22,303.79605821576513,305.9503654275353,301.2903700074111,305.3955993652344,63612100
2020-09-23,305.95029107636867,306.2276881483939,297.8138181951708,298.3131103515625,93112200
2020-09-24,297.00024885781556,302.1595085374378,295.6873034004473,299.10833740234375,76681300
2020-09-25,298.25759348900306,304.72979648153216,297.38849504638966,303.94390869140625,71069400
2020-09-28,308.09538490645014,309.70418077413325,307.10605558287943,308.99224853515625,64584600
2020-09-29,308.78878394674337,309.5284529495285,306.61596745328694,307.3094177246094,51304000
2020-09-30,307.97519790754353,312.78313211808506,307.781039690102,309.6394958496094,104081100
2020-10-01,312.2283956676877,313.1992150632846,309.7504726983646,311.6274108886719,88698700
2020-10-02,306.69000965854815,311.59963625667905,306.2184543549931,308.66864013671875,89431100
2020-10-05,310.7212700191764,314.3272066536649,310.675051276602,314.1423034667969,45713100
2020-10-06,314.28100446334764,316.3706109226611,309.1679640929143,309.6764831542969,90128900
2020-10-07,312.6258749568608,315.87123130943417,312.59813807421335,315.06683349609375,56999600
2020-10-08,316.99928967685366,317.9238901844621,316.083915987055,317.8591613769531,45242500
2020-10-09,319.5049503113114,321.15999312657567,318.8854837702439,320.69769287109375,59528600
2020-10-12,323.23113221465513,327.32710625079835,322.7410950073578,325.85699462890625,80388500
2020-10-13,325.7182319216309,325.89390825718806,322.7687543508322,323.7303466796875,73255500
2020-10-14,324.30366960004284,325.39469156684834,320.96587488382295,321.6962890625,57727900
2020-10-15,317.79443172197927,321.7794576418191,317.2581758442864,321.2986755371094,60357700
2020-10-16,322.6486204375523,324.30366342738694,320.9288768497177,321.10455322265625,89501900
2020-10-19,322.3620205940744,322.99074228284945,315.325822981665,316.2226867675781,68425600
2020-10-20,317.5633355204922,320.72548220032826,316.8051844221268,317.4893798828125,60051900
2020-10-21,317.443073902537,319.6066638803036,316.5832022185799,316.8883361816406,63575000
2020-10-22,317.10106236922707,319.2091509309516,314.96523691392366,318.62664794921875,55399300
2020-10-23,319.84705846131055,319.9025322364598,317.258188232449,319.7083740234375,49143900
2020-10-26,316.33359795190205,317.1195140807674,310.31443920384794,313.8002014160156,91473000
2020-10-27,314.1422458102279,314.47508841544396,312.5056850182194,312.7183532714844,65994100
2020-10-28,307.05985871686283,312.7461466489848,301.5399921174108,302.030029296875,127094300
2020-10-29,302.26117045534187,308.2618190207296,300.57839067530114,305.0997009277344,90597700
2020-10-30,303.52783260839107,304.8315226203362,298.2761088587803,301.9190368652344,120287300
2020-11-02,305.3031311035156,307.3002435800331,302.566292996373,305.3031311035156,86068300
2020-11-03,308.5300107397287,312.7461876866935,305.38637399387943,310.6935729980469,93294200
2020-11-04,315.15928696801785,321.70547377095147,313.9850545875487,317.6372375488281,126959700
2020-11-05,322.9074612913422,325.63504398286517,322.55610859572175,323.8320617675781,82039700
2020-11-06,323.5453884056445,325.00627273599883,321.4373007708258,323.758056640625,74973000
2020-11-09,336.52688050400957,336.90597013486416,327.3640851994297,327.8263854980469,172304200
2020-11-10,326.8370033607283,328.39958037530033,324.0817120840673,327.3455505371094,85552000
2020-11-11,329.5276530081711,330.6001931058199,328.28869157206935,329.7773132324219,58649000
2020-11-12,328.7694850499286,329.82354332955566,324.7752317067129,326.57818603515625,67546200
2020-11-13,328.48285175165734,331.8391565132532,327.965077662347,331.0994873046875,62892200
2020-11-16,333.762310414162,335.42658008620566,332.4771021299016,335.232421875,74541100
2020-11-17,332.82842818706325,334.6314103678308,331.32132492500256,333.4294128417969,66111000
2020-11-18,333.69759212727365,334.2431030727179,329.3796950886092,329.41668701171875,70591300
2020-11-19,328.7880270716397,331.17348455309883,327.4473447190055,330.80364990234375,59940900
2020-11-20,330.5447565683479,330.7481698548991,328.46440495358206,328.5383605957031,70417300
2020-11-23,330.34126910985094,331.7651617960009,328.1129784945893,330.5076904296875,63230600
2020-11-24,333.0503479254816,336.37891546594994,332.1997312419318,335.8334045410156,62415900
2020-11-25,335.75017614636334,335.77791303204526,334.22459100072433,335.31561279296875,45330900
2020-11-27,336.4066780190502,336.7210388362217,335.24167223686067,336.24951171875,28514100
2020-11-30,335.47282708749947,335.74096916518056,332.08881368370197,334.7608947753906,83872700
2020-12-01,338.00618794494244,339.9570813197066,337.4144301223281,338.4222412109375,74231400
2020-12-02,337.3127522431998,339.2913825881508,336.7395044630417,339.13421630859375,45927000
2020-12-03,339.03252352963375,340.4286793920205,337.94150165059074,339.0417785644531,62882000
2020-12-04,339.6242628374325,341.9635009765625,339.5317971440086,341.9635009765625,50749900
2020-12-07,341.1960744141505,341.75084037057263,339.99410502237635,341.26080322265625,48944300
2020-12-08,339.9941470862278,342.82342277579136,339.94792834104476,342.2594299316406,42458900
2020-12-09,342.9158052793327,343.0729715480787,338.35753202065183,339.1896667480469,74098300
2020-12-10,337.82132486772645,340.12357138803657,336.95219802540623,339.07879638671875,57735400
2020-12-11,337.38674768616795,339.08800937588853,335.8704174000004,338.6811828613281,57698600
2020-12-14,340.8447147774003,341.91722644158915,336.98911858351033,337.164794921875,69216200
2020-12-15,339.6982365511047,341.7231140136719,338.329845795208,341.7231140136719,63865300
2020-12-16,341.9358140656428,343.17477553221346,341.05743217458746,342.2594299316406,58420500
2020-12-17,343.8960014260122,344.37678365275156,343.0730932236162,344.1733703613281,64119500
2020-12-18,344.4612007715748,344.6283315180656,340.79344881476123,342.7991027832031,136542300
2020-12-21,338.8898629814059,351.41588135786776,336.15994813580005,341.5733337402344,96386700
2020-12-22,341.8984285375289,342.0098490392824,339.87421385740157,340.99774169921875,47949000
2020-12-23,341.9633643931626,343.20760697353194,340.979112376798,341.3041076660156,46201400
2020-12-24,341.7776869993081,342.6598131310871,341.19272941054123,342.6319580078125,26457900
2020-12-28,345.1760839492796,345.9653500649846,344.5539768762825,345.57537841796875,39000400
2020-12-29,347.09821664709926,347.27464186044676,344.3311518128284,344.9161376953125,53680500
2020-12-30,345.73319837345264,346.43889910302494,345.018231496331,345.408203125,49455300
2020-12-31,345.2132949330659,347.8875000497571,344.7026082398412,347.1632385253906,78520700
2021-01-04,348.49106429337866,348.62107376333165,338.75066866047587,342.4369812011719,110210800
2021-01-05,341.7962685644844,345.8818471316903,341.7498244688002,344.7954406738281,66426200
2021-01-06,343.2912744755458,350.0417933363491,342.74343806470597,346.85687255859375,107997700
2021-01-07,349.2245372676321,352.75298437501374,349.0481120785787,352.0101623535156,68766800
2021-01-08,353.3937336428552,354.22941562712896,350.1531317059406,354.015869140625,71677200
2021-01-11,350.8495752953006,353.384476638568,350.72886031003054,351.6295471191406,51034700
2021-01-12,351.8152146876118,352.71587302635754,349.4659767403623,351.7037658691406,52547700
2021-01-13,351.62953817301246,353.6444582491231,350.8495663690164,352.65093994140625,45303600
2021-01-14,353.3936919642144,353.8951124303812,351.0816321351394,351.4158935546875,49989100
2021-01-15,349.80025180486865,350.5987841141442,346.99606590019863,348.8531494140625,107160000
2021-01-19,351.3045309935299,352.1309468672761,349.82815280679114,351.5923767089844,51233300
2021-01-20,353.87654291716206,357.29359819142803,353.48657123958117,356.4579162597656,61836100
2021-01-21,357.0150334029827,357.44218304043847,355.86365062010475,356.78289794921875,47840100
2021-01-22,354.93512517961597,356.6807884063507,354.554419617458,355.5201110839844,52860500
2021-01-25,356.25368989697324,357.2750633365752,351.4159661050598,356.9222412109375,70402000
2021-01-26,357.8693456849632,358.2779063977357,356.1329768241054,356.3651123046875,42665300
2021-01-27,353.0500980152295,353.14295784515673,345.4267792034528,347.6552734375,123351100
2021-01-28,349.46593655582046,354.6379205656578,349.02954916525357,350.64520263671875,94198100
2021-01-29,348.78814770996314,349.75383907984985,341.9540655846165,343.6254577636719,126765100
2021-02-01,347.0146573120808,350.37597423640665,343.91333096928156,349.3453063964844,75817600
2021-02-02,352.52087154806475,355.8357724135965,349.42883997274356,354.28509521484375,64450700
2021-02-03,355.11155700905664,356.28152883956943,353.29162286803046,354.563720703125,52427100
2021-02-04,355.59436662167684,358.63998265068375,354.6751192898168,358.59356689453125,47142600
2021-02-05,360.45994861198795,360.7106447040377,358.54715471512554,360.00494384765625,48669800
2021-02-08,361.45341690524697,362.6512436310637,360.5991744109489,362.6048278808594,38365200
2021-02-09,361.769153490128,362.95771418565323,361.3606211720995,362.3634338378906,35551100
2021-02-10,364.09979957873327,364.24836966450124,359.8099410732521,362.20556640625,59154400
2021-02-11,363.2826227627068,363.7004778361302,360.36701674347415,362.7904968261719,42913300
2021-02-12,361.9921234211952,364.8241653355214,361.91782418864665,364.582763671875,50593300
2021-02-16,365.8082587527633,366.0032729008585,363.5519093548807,364.2668762207031,50972400
2021-02-17,362.5212660866274,364.60119044464864,361.5091306885375,364.3504943847656,52290600
2021-02-18,361.7506089186291,363.5426878534969,360.03280086210617,362.79986572265625,59712800
2021-02-19,364.05341301185115,364.34125872083973,361.71346939446187,362.1591796875,83241000
2021-02-22,359.4013902770424,361.7784550408201,359.1042500973584,359.37353515625,67414200
2021-02-23,357.1728812923066,361.15633342710237,353.0315929249602,359.8099365234375,107284100
2021-02-24,358.7235110381606,364.2019298681405,357.7392590796617,363.7747802734375,72433900
2021-02-25,362.5119712403062,363.8769286831077,353.5701100677541,355.00933837890625,146670500
2021-02-26,356.88507715052293,358.0271655270358,351.2024053803291,353.18017578125,152701600
2021-03-01,358.03642977075657,362.9855734404292,353.37516012939244,361.7413024902344,105348800
2021-03-02,361.96410294439573,362.1962383505726,358.41706713717036,358.9184875488281,79595300
2021-03-03,358.22212100889243,359.1877840030245,354.06224386816876,354.1643981933594,119940200
2021-03-04,353.9787065028338,356.5600515760826,345.306129482108,349.7817077636719,183433000
2021-03-05,353.27297148908974,357.26571784913307,346.01179684391315,356.2164611816406,152039600
2021-03-08,357.17290844727864,359.977094609663,354.16444194612137,354.4429931640625,123149200
2021-03-09,358.2778276525571,362.04770476168795,357.77640719038783,359.5035095214844,113633600
2021-03-10,361.84345682354007,363.431255369481,360.4320834867978,361.7413024902344,109899400
2021-03-11,364.201964598063,367.3775617218999,363.7469598417814,365.4090576171875,86245000
2021-03-12,364.0533645809201,366.04042915723414,363.2455378059453,365.9011535644531,64653600
2021-03-15,366.15192988889174,368.3433035974085,364.01629476654966,368.08331298828125,73427200
2021-03-16,368.6960999272851,369.40177242737843,366.84828247321997,367.6189880371094,73722500
2021-03-17,366.33762904443535,369.6710910137919,365.19551232371896,368.87255859375,97959300
2021-03-18,366.2912411031278,368.37116601733726,362.8277694050452,363.505615234375,115349100
2021-03-19,363.20554373191754,364.7799210991891,360.662312193328,362.8329162597656,113624500
2021-03-22,363.34534370663016,367.1089472702704,363.2894509967949,365.7301940917969,73778600
2021-03-23,365.09668084256,366.5406230570263,362.0690362260645,362.8515625,90686600
2021-03-24,364.2489379839986,365.87920816679144,360.9604512667513,361.00701904296875,97588600
2021-03-25,359.5724129695901,363.82972563036685,357.63470442840975,363.03790283203125,116128600
2021-03-26,364.18373344592686,369.28881849367565,363.5875351124933,368.88824462890625,114409100
2021-03-29,367.4163456691813,369.60557150137186,365.9351320456119,368.7019348144531,108107600
2021-03-30,367.4350274245717,368.3945569028789,366.1307883102693,367.72381591796875,76262200
2021-03-31,368.2920058783888,370.77001997622074,368.26405952663214,369.2142639160156,112734200
2021-04-01,371.14265609357545,373.25736766767085,370.93770669938243,373.2014465332031,99682900
2021-04-05,375.8564594894642,379.0983784802134,375.7819453604423,378.55804443359375,91684800
2021-04-06,377.9990859414913,379.3778104361055,377.66370131465686,378.3344421386719,62021000
2021-04-07,378.16681558663885,379.1170200378233,377.7103490017058,378.7723388671875,55836300
2021-04-08,380.0206514166771,380.626174688792,379.089068404298,380.5702819824219,57863100
2021-04-09,380.4491821914655,383.5047731912766,380.328071856803,383.3370666503906,61104600
2021-04-12,382.7408177148852,383.7469146788607,382.13529455131146,383.4767761230469,56704900
2021-04-13,383.3742885703342,385.2374542676468,382.99233619082685,384.61328125,56551000
2021-04-14,384.58536523914717,385.6380584899132,382.7594706720506,383.2998046875,61659900
2021-04-15,385.4332341695902,387.6876780817127,385.3866663802353,387.4175109863281,60229800
2021-04-16,388.7030468977185,389.31789515278274,387.2870508261419,388.7123718261719,82037300
2021-04-19,387.7807610260529,388.2279026853113,385.4797498055928,386.8025817871094,78498500
2021-04-20,385.5914957452918,386.6907567846418,382.4986335803177,383.9705505371094,81851800
2021-04-21,383.35574340510965,387.808709170284,383.2159832062883,387.603759765625,66793000
2021-04-22,387.43604432459205,388.2651383615414,383.0017004125384,384.0636901855469,97582800
2021-04-23,384.62268347334305,389.6346047551007,384.54816933952253,388.2279052734375,73209200
2021-04-26,388.8800074072831,389.60664100563645,388.2931055721406,389.0383605957031,52182400
2021-04-27,389.33648125494796,389.53213415675737,387.8179963971385,388.95452880859375,51303100
2021-04-28,389.2247870084733,390.3426982562141,388.37704285770826,388.84283447265625,51238900
2021-04-29,391.56296041556226,391.9355879172904,387.9484139465216,391.32073974609375,78544300
2021-04-30,389.05704160482367,389.9047856090629,387.85529148566474,388.7496032714844,85527000
2021-05-03,390.73390277771705,391.1158552700201,389.0943358120596,389.58807373046875,68128300
2021-05-04,387.60376353614816,388.09750141176715,383.5048038327527,387.1845397949219,101591200
2021-05-05,388.82417966319684,389.05707545067736,386.7467390041926,387.3056945800781,60162200
2021-05-06,387.38008968955535,390.5288443174939,385.3771922186021,390.3984375,74321400
2021-05-07,391.16239525650957,393.8919265936675,390.4823294392389,393.23980712890625,67733800
2021-05-10,393.59381081117,393.81738162988034,389.2246843410474,389.3457946777344,81852400
2021-05-11,384.8369586713548,386.8584779431412,382.0049382756216,385.8710021972656,116888000
2021-05-12,383.09482312490945,384.36176214635805,376.3594689289566,377.6730041503906,134811000
2021-05-13,379.2194656575238,384.1382223326197,379.17286945378146,382.2098388671875,106394000
2021-05-14,384.9394270681594,388.9266014154042,384.9114807136324,388.078857421875,82201600
2021-05-17,386.9703182241895,387.9019013257999,385.07917723544665,387.0914001464844,65129200
2021-05-18,387.3521523950896,387.5943730427938,383.5978745039429,383.7562561035156,59810200
2021-05-19,379.0797721892408,382.9271861523255,377.5985301803542,382.75018310546875,106467100
2021-05-20,383.6258484249689,388.12541000565056,383.50476652206805,386.8677673339844,78022200
2021-05-21,388.34894297284785,389.5879640994018,386.09452836834424,386.5509948730469,76578700
2021-05-24,388.78688623089147,391.563014094204,388.54466552821737,390.49169921875,51376700
2021-05-25,391.5722490957163,391.9262551656702,389.0476672600288,389.625244140625,57451400
2021-05-26,390.2121095554055,390.9014717770301,389.1780662229686,390.3984375,43088600
2021-05-27,391.4232216191229,391.9355808710809,390.3239321287522,390.6034240722656,56707700
2021-05-28,392.1684893742527,392.42933147222897,391.0692282777566,391.3021240234375,58520200
2021-06-01,393.65904356804924,393.7987753351119,390.5196133395258,390.95745849609375,54216600
2021-06-02,391.60950638441597,392.41068247668926,390.6034093428114,391.5722351074219,49097100
2021-06-03,389.2619476298755,391.2555203916502,387.79935555163786,390.1189880371094,58138800
2021-06-04,391.963516582505,393.98506404338684,390.18418978016194,393.68695068359375,55938800
2021-06-07,393.6776507018846,393.85465374362394,392.3734402072181,393.3050231933594,51555000
2021-06-08,394.1620869131879,394.2552509032389,391.5629906976117,393.3888854980469,47134300
2021-06-09,394.22723105049744,394.301773600504,392.57833960967673,392.8019104003906,48436300
2021-06-10,394.0223758472598,395.5781321168516,392.70884027859677,394.6278991699219,51020100
2021-06-11,395.17753829078254,395.3917841957337,393.8919491424424,395.2799987792969,45570800
2021-06-14,395.39171779317087,396.2674079810726,394.1527250628629,396.1649475097656,42358500
2021-06-15,396.31407535492747,396.3513182077345,394.5626946646038,395.4383850097656,51508500
2021-06-16,395.57816809841813,395.8017389628976,391.1904193050346,393.2305603027344,80386100
2021-06-17,392.82060361942723,394.0782178856841,390.63137795315737,393.1000671386719,90949700
2021-06-18,389.82519114669236,390.51680887211063,387.591438170524,387.79705810546875,118676300
2021-06-21,389.5541254102761,393.53566194360144,388.74100113745214,393.3487243652344,72822000
2021-06-22,393.339353041914,396.28343417143736,392.61966911686017,395.45159912109375,57700300
2021-06-23,395.5263432061953,396.33011186649463,394.89080121581947,394.97491455078125,49445400
2021-06-24,397.115289475811,397.7321206963649,396.86292090837077,397.3115539550781,45110300
2021-06-25,398.05916806103676,399.1713807602741,397.7320416454971,398.7227478027344,58129500
2021-06-28,399.2462335097463,399.69483801915226,398.04990728021846,399.526611328125,53159600
2021-06-29,399.9098038354574,400.5453458904214,399.20883078354126,399.7415771484375,35970500
2021-06-30,399.2836220683984,400.7509992918403,399.2555842848848,400.07806396484375,64827900
2021-07-01,400.83513000426785,402.452051650708,400.7696989990123,402.29315185546875,53441000
2021-07-02,403.4521211484216,405.72326732240344,402.3772728272661,405.36810302734375,57697700
2021-07-06,405.42411100289456,405.63908633581775,401.90056347036705,404.6296691894531,68710400
2021-07-07,405.3119686849688,406.34006819983387,403.3025183056718,406.0596618652344,63549500
2021-07-08,400.7509751205796,403.50814726468866,399.57333123869796,402.7510986328125,97595200
2021-07-09,404.2557870176814,407.3494121346729,402.55475241821676,407.0503234863281,76238600
2021-07-12,406.9662877159468,408.76079142536776,406.53636552867664,408.5084228515625,52889600
2021-07-13,407.72325737950405,409.21867209378087,406.8540577380294,407.1157531738281,52911300
2021-07-14,408.8074721795963,409.29349840963926,406.4802508086064,407.7232971191406,64130400
2021-07-15,406.38676403559714,407.0596992666777,404.43338933545084,406.3306884765625,55126400
2021-07-16,407.5083537824567,407.555073909898,402.75108678868395,403.14361572265625,75874700
2021-07-19,398.3302530154178,403.20902632092094,394.38611039278754,397.19000244140625,147987000
2021-07-20,397.85360950811923,404.1530401378472,397.0591676686946,402.8819274902344,99608200
2021-07-21,404.07833349107034,406.28407732114044,402.8352869021848,406.14385986328125,64724400
2021-07-22,406.3213274734552,407.23727579624176,405.33997668113454,406.9942626953125,47878500
2021-07-23,408.9195778381852,411.51784981607466,408.2373157413509,411.181396484375,63766600
2021-07-26,410.5926766830411,412.200242886932,410.54595654958047,412.1908874511719,43719200
2021-07-27,411.15338725210887,411.18142503169713,407.4896224241449,410.3122253417969,67397100
2021-07-28,410.93845431834467,411.51792083805464,408.7233839343774,410.1440124511719,52472400
2021-07-29,411.06927031045103,412.91982079238494,411.05991487644866,411.8450012207031,47435300
2021-07-30,409.2841865056366,411.29363706752343,409.15332449973266,409.844970703125,68951200
2021-08-02,411.55528082300833,412.1067095157106,408.62988215553224,408.98504638671875,58783300
2021-08-03,409.7795060797524,412.43385397257424,407.5924735593852,412.3123474121094,58053900
2021-08-04,411.0318422374195,412.28424381294224,410.0504915209961,410.2841491699219,46732200
2021-08-05,411.4431070974712,412.96655962509095,411.1253360982536,412.8824462890625,38969700
2021-08-06,413.2002671340216,413.9853535543252,412.9198607907698,413.56475830078125,46930000
2021-08-09,413.5366870620658,413.85445807390835,412.46186747322616,413.228271484375,41222600
2021-08-10,413.67690908891893,414.4526685963435,412.9946468851688,413.7423400878906,43339300
2021-08-11,414.8078705152535,414.86394608441594,413.6863020866646,414.7704772949219,44034300
2021-08-12,414.6208372172166,416.15364514758056,413.72359979508303,416.013427734375,38909400
2021-08-13,416.46212471839107,416.7892511950456,415.9761269822574,416.77056884765625,39470300
2021-08-16,415.4713908619817,417.8827255582406,413.9199004513762,417.75189208984375,73740000
2021-08-17,415.2003978250957,415.87333317500145,412.032014089514,415.01348876953125,92673900
2021-08-18,414.00400272308775,415.56484852636714,410.2281152693712,410.4710998535156,89351900
2021-08-19,407.7513077712783,412.30298304453,407.6111188768107,411.10662841796875,92812200
2021-08-20,411.4524378088694,414.70493403052956,410.96641164413415,414.3778076171875,72008700
2021-08-23,416.06015823361497,418.9294809997778,414.4525924726287,418.02288818359375,54973000
2021-08-24,418.68658447265625,419.2193309044513,418.1725489124351,418.68658447265625,38744700
2021-08-25,418.87347636542324,420.0791294982954,418.49960124676494,419.5650939941406,40529700
2021-08-26,419.2847079423929,419.5183656415265,416.99487960448477,417.0883483886719,57829600
2021-08-27,417.89204539342893,421.1912903975135,417.83596983708355,420.81744384765625,77235100
2021-08-30,421.49038603704406,423.45311610967644,421.2473729404078,422.66802978515625,48357400
2021-08-31,422.5746165039233,422.9110698917558,421.4437212534849,422.0418701171875,59300200
2021-09-01,422.9765334042328,423.4905689604895,422.03254712247315,422.2662048339844,48721400
2021-09-02,423.6867836507604,424.3690457877398,422.3689509787344,423.5652770996094,42501000
2021-09-03,422.43439243098885,423.9765273755303,422.0324795543075,423.46246337890625,47170500
2021-09-07,423.1166526229062,423.21012139664674,421.27542901861193,421.9483642578125,51671500
2021-09-08,421.41564382630884,422.1446546206983,419.51831615140816,421.434326171875,56181900
2021-09-09,421.23808970978325,422.9858446456514,419.38751055980504,419.6305236816406,57970400
2021-09-10,421.55580611377326,421.9763727824504,416.2003623513121,416.3218688964844,89948200
2021-09-13,419.31278639177305,419.57448188147487,415.07888137909265,417.3874206542969,83738600
2021-09-14,418.8267538323482,419.032373751366,414.24706856986353,415.1349792480469,78197100
2021-09-15,415.5555116773011,419.0977701394543,414.4526542585058,418.6024169921875,78792200
2021-09-16,418.07903168064803,419.0510271190857,414.99473310868217,417.9388427734375,77786700
2021-09-17,417.16807262421446,417.5899866501967,413.51131271479295,413.86761474609375,118425000
2021-09-20,407.7543067769337,409.32950968626983,402.10978676408575,406.9667053222656,166445500
2021-09-21,409.30141250201683,410.59533949300106,406.0572382327374,406.5823059082031,92526100
2021-09-22,408.8513325900805,412.58309005146594,406.69480673198865,410.5484313964844,102350100
2021-09-23,412.41434258074156,417.1399803704705,412.17993634176355,415.53662109375,76396000
2021-09-24,413.9051347076099,416.9336734105124,413.68947068134617,416.2210693359375,62094800
2021-09-27,415.1897757538297,416.3524217423701,414.3365334637065,415.0303955078125,61371100
2021-09-28,412.2643708805607,412.5925453791143,405.93540163406385,406.666748046875,130436300
2021-09-29,408.045029638689,409.77964162679973,406.7886155612909,407.3511962890625,82329200
2021-09-30,408.82317995272075,409.52639859565073,402.034785142796,402.3723449707031,140506000
2021-10-01,404.0976283486504,408.8326231008619,400.58153463739126,407.1542663574219,129240100
2021-10-04,405.9915954205408,406.8917073430287,399.7657521393978,401.903564453125,128570000
2021-10-05,403.4037658375677,408.3262970264828,402.6068074886927,406.08538818359375,90682500
2021-10-06,402.4942986652522,407.9794109817039,400.8722256266175,407.77313232421875,113032200
2021-10-07,411.0454355366307,414.13020116989895,410.86728449835147,411.298583984375,72437500
2021-10-08,412.0674077940218,412.4518374427157,409.9202387275282,410.5484313964844,74557400
2021-10-11,409.8921372238028,412.7987803671197,407.5105617770027,407.5762023925781,65233300
2021-10-12,408.49511604042164,408.89828794249456,405.785365924999,406.5729675292969,71181200
2021-10-13,407.5949901170963,408.85140428938456,404.62273464026305,408.0356750488281,72974000
2021-10-14,411.69235787459854,415.0490712799511,411.2235453911505,414.8990478515625,70236800
2021-10-15,417.00870250976914,418.42452536112467,416.3898666001841,418.058837890625,66260200
2021-10-18,416.2774158643815,419.6341011247243,415.6210668502245,419.29656982421875,62213200
2021-10-19,420.91862541650084,422.59695355572194,420.3091462784129,422.5313415527344,46996800
2021-10-20,422.99078957769177,424.49099536699856,422.8782791509517,424.1909484863281,49571600
2021-10-21,423.59087874148474,425.5223841474882,423.1595792098458,425.29736328125,41305400
2021-10-22,424.86601382430814,426.30996431243693,422.91573783259383,424.85662841796875,58845100
2021-10-25,425.9442668817109,427.4632147429343,424.17217058163135,427.1350402832031,45214500
2021-10-26,428.68217522735085,429.89169091412384,427.1444564431734,427.5195007324219,56075100
2021-10-27,427.9789668380812,428.6446726137015,425.5504927707311,425.6255187988281,72438000
2021-10-28,427.050677407055,429.80729721502064,427.0413206145411,429.7322998046875,51437900
2021-10-29,427.43510150597126,430.8949400235168,427.14444004690756,430.6042785644531,70162400
2021-11-01,431.5887642564896,431.96383713747196,429.61977470154915,431.3450012207031,48433600
2021-11-02,431.51378609797507,433.398421537022,431.38250486096626,433.0889892578125,48908400
2021-11-03,432.5264031559585,436.1362651463071,432.08571825925554,435.73309326171875,52509800
2021-11-04,436.3331934985726,437.8709123645309,435.9862767972165,437.7865295410156,52847100
2021-11-05,440.0086692059953,441.2932109079652,437.7958878886841,439.3054504394531,66390600
2021-11-08,440.4024705143944,440.89941061596096,438.9960330253521,439.68048095703125,50405200
2021-11-09,440.04610633464074,440.2805125497324,436.8206745258563,438.22711181640625,51149100
2021-11-10,436.53942763125457,438.2271697715408,433.220255788708,434.7016906738281,69429700
2021-11-11,436.19252851233256,436.2675545379645,434.8236039920207,434.84234619140625,34848500
2021-11-12,436.1081050332003,438.67718819768925,435.161094692695,438.1239929199219,53466700
2021-11-15,439.40859470618256,439.56797493267015,437.14891501750157,438.2740478515625,46980500
2021-11-16,438.01152112700873,441.1431852512349,437.9365237158013,440.0086669921875,48857500
2021-11-17,439.7461325975495,439.9242836397509,438.3209528739824,438.9397888183594,47858300
2021-11-18,439.97114731825366,440.69313688366196,437.25204053194824,440.43060302734375,50625600
2021-11-19,440.31803734544474,441.5650945480242,439.2772873896782,439.6429748535156,57315600
2021-11-22,441.5183178536928,444.00301876282515,438.1991168315422,438.4053955078125,72762000
2021-11-23,438.07713594296996,439.83987544998917,435.4799250989726,438.98663330078125,73206500
2021-11-24,436.9894233688114,440.2804956589333,436.1736943498332,440.1585998535156,61858800
2021-11-26,433.50149668510204,434.96418925297854,429.2165439866492,430.3417053222656,112669600
2021-11-29,435.1236348523177,437.4583119148909,432.92959581507233,435.6205749511719,86268800
2021-11-30,433.18271599479897,435.0860934508205,426.9006175423312,427.1444091796875,148559600
2021-12-01,432.8451797070104,435.68618205628803,422.2031311937479,422.4000244140625,131939200
2021-12-02,422.61574691393747,430.43553635703284,422.22193180478286,428.86968994140625,127637800
2021-12-03,430.52934500421367,431.5888373689355,420.9186873888559,425.13800048828125,137331600
2021-12-06,427.6789180869,432.0482542479885,425.2692148441158,430.1730041503906,98977500
2021-12-07,435.4424103932935,439.633595102183,430.0416814760553,439.0710144042969,95484700
2021-12-08,439.46484235390875,440.68374339000826,437.7114595944113,440.2336730957031,72238800
2021-12-09,438.9491577219033,440.3368530852221,437.06455084489505,437.2614440917969,61272600
2021-12-10,439.9617996675269,441.52761743144606,437.41145846142433,441.3775939941406,77159800
2021-12-13,440.86191039613635,441.2088270752524,437.18640772794674,437.46771240234375,87724700
2021-12-14,434.20476780499797,436.6894683893485,431.5419161774256,434.4579162597656,97264100
2021-12-15,434.51416709666717,441.49007040259744,432.00131048296834,441.2463073730469,116899300
2021-12-16,443.09342361388826,443.37469964954175,435.8080595359977,437.35516357421875,116568600
2021-12-17,434.28117656754216,437.2827106378424,430.99737826772844,432.700439453125,135511600
2021-12-20,427.62893618734074,428.4945657060667,424.4862697414786,428.0993957519531,107134800
2021-12-21,431.5148641473523,435.8430974441347,429.3507618562461,435.70196533203125,69806300
2021-12-22,435.44791327448115,440.17131633051764,435.25029960943573,440.05841064453125,58890200
2021-12-23,441.0558028110541,444.2925666264492,440.9523154989883,442.7965087890625,56439700
2021-12-27,444.17025861450196,449.11008378457836,444.12322414632985,449.06304931640625,56808600
2021-12-28,449.4958012534843,450.52139946166386,447.9338723531307,448.6960144042969,47274600
2021-12-29,448.79965148280036,450.28629118812887,447.8022794254561,449.2701110839844,54503000
2021-12-30,449.693492768275,450.70028317333333,447.5670349664784,448.028076171875,55329000
2021-12-31,447.53874202831184,448.68663568101795,446.6260494189647,446.8988952636719,65237400
2022-01-03,448.15978126090016,449.6182231773568,445.8545465639054,449.4864807128906,72668200
2022-01-04,450.9072238974489,451.62233155714586,447.4822648058163,449.33587646484375,71178700
2022-01-05,448.9689713732978,449.7405319442751,440.61360498167255,440.70770263671875,104538900
2022-01-06,440.2466667010779,443.0035528678846,437.9319849605687,440.293701171875,86858900
2022-01-07,440.3030723284207,441.479221117935,437.1980222953608,438.5529479980469,85111600
2022-01-10,435.36322212037476,438.2235951358121,429.62361061806894,438.0072021484375,119362000
2022-01-11,437.74376052174716,442.0908017452963,434.7516162526011,441.9967041015625,74303100
2022-01-12,443.7280116585806,445.2429062617321,441.2345819172256,443.1916809082031,67605400
2022-01-13,444.29258772329274,444.9418241930247,436.05954567988096,437.08514404296875,91173100
2022-01-14,433.9424425259686,437.6120209390258,432.7286489573756,437.2638854980469,95890900
2022-01-18,432.578128611285,432.7851319574491,428.4098639787604,429.5201416015625,109709100
2022-01-19,431.0632487949444,432.455790611051,424.7873060995941,425.0601806640625,109357600
2022-01-20,426.9420552480534,431.6372325182061,418.2385532953383,420.3556213378906,122379700
2022-01-21,419.2359139440063,421.58821170548157,412.0755333410702,412.103759765625,202271200
2022-01-24,406.5052754832323,414.36195566976323,395.90112761933347,413.8538513183594,251783900
2022-01-25,407.4744480032651,413.7409730372485,401.9136123373261,408.8011474609375,167997300
2022-01-26,414.6818552495206,417.80571346524874,403.5225401054795,407.7755126953125,186391100
2022-01-27,412.36717163695266,415.5004192840026,404.0776775137982,405.76190185546875,149878300
2022-01-28,407.1168346707988,415.88620682845203,402.54398201671927,415.83917236328125,164457400
2022-01-31,415.1711072435179,423.67702338927,413.82559991033423,423.3288879394531,152251400
2022-02-01,424.053395889453,426.8291186076498,420.5343677869096,426.1893005371094,123155400
2022-02-02,428.58857887911375,431.05378191741363,426.28331598109395,430.32928466796875,117361000
2022-02-03,424.30745056905977,426.2080966836343,419.3770152968473,420.2144470214844,118024400
2022-02-04,419.97926396514714,426.0293671450485,417.6081293545503,422.1904296875,118454400
2022-02-07,422.95248633834746,424.3450280068108,419.50871953612705,420.8354187011719,84472900
2022-02-08,420.3368340105605,425.2202068332441,418.9160368655322,424.298095703125,81012000
2022-02-09,428.32514818742595,430.82799617234946,428.1275632375704,430.5080871582031,92589900
2022-02-10,424.6744807309833,430.66813161634667,420.77909006037453,422.7738342285156,140103700
2022-02-11,422.85846290665194,424.92846773085336,413.00703862428105,414.4372253417969,153214600
2022-02-14,413.9291560964369,415.50989334254666,409.61973040303707,413.0823059082031,123006300
2022-02-15,417.5140448697904,419.9133771021189,416.99652213320917,419.7440185546875,88482700
2022-02-16,417.7021805621434,421.58818077331404,415.82976087005267,420.2144470214844,84863600
2022-02-17,417.03419417418587,420.18627912524965,410.63595532705654,411.2381286621094,102259100
2022-02-18,411.49214366579196,412.74358216810356,406.3076988713617,408.5753173828125,132642900
2022-02-22,406.373613297068,409.77031787811296,400.69984286814764,404.190673828125,124391800
2022-02-23,407.0980794779474,407.6626367061376,396.45628627766916,397.0208435058594,132578000
2022-02-24,386.7365552102814,403.42847944353576,386.3790300752348,402.9956359863281,213942900
2022-02-25,404.2282938735101,411.97206942109483,402.5816852321868,411.88739013671875,121804500
2022-02-28,406.5052324542038,412.31071529051957,405.2538228246702,410.8334655761719,145615000
2022-03-01,409.3374953713261,411.3416578546236,401.8759843184385,404.5764465332031,137785900
2022-03-02,406.8252420057272,413.7410040742673,406.07251810917666,412.0191345214844,117726500
2022-03-03,414.446680076633,415.04885343146157,408.17073639481583,409.9678955078125,105501700
2022-03-04,406.2417947777143,407.76607902539786,402.600442693899,406.6369934082031,113978200
2022-03-07,406.05359214668294,406.7592814126414,394.5837869801388,394.649658203125,137896600
2022-03-08,394.82845492231417,401.9700272063481,390.5943191141427,391.6575622558594,164772700
2022-03-09,400.0222969242245,404.13410814898197,397.83935806469975,402.1581726074219,116990800
2022-03-10,397.557052917586,401.2360493514207,395.599954192604,400.3421936035156,93972700
2022-03-11,402.82621713239433,403.4378087082755,394.743726780533,395.2518310546875,95636300
2022-03-14,396.0234704863825,399.46720926881693,391.22477713105775,392.36328125,95729200
2022-03-15,394.9695806826798,401.62188528128036,393.69936293232934,400.9914855957031,106219100
2022-03-16,404.4917305799787,409.9396315604553,399.7024270341616,409.8831787109375,144954800
2022-03-17,407.9731146505722,415.0111999511719,407.5967527483876,415.0111999511719,102676900
2022-03-18,413.40286121868064,419.8776045343294,412.6666654946888,419.55670166015625,106345500
2022-03-21,419.3867810928451,421.38772166865976,415.93231566706595,419.4339904785156,88349800
2022-03-22,420.8214384644653,425.27637447242336,420.8214384644653,424.34197998046875,74650400
2022-03-23,421.8125310374547,423.3037890750717,418.79222440449075,418.8771667480469,79426100
2022-03-24,420.897026967389,425.2009454427064,419.78329999434203,425.1914978027344,64736900
2022-03-25,425.8238364518409,427.5416361124458,423.2471369609336,427.2679138183594,77101300
2022-03-28,426.6733304386402,430.30712890625,424.7856459155993,430.30712890625,68529800
2022-03-29,434.18629362949696,436.1211874892994,431.50578514438973,435.63037109375,86581500
2022-03-30,434.4882852945164,435.30000450918726,430.83562083793777,432.9403991699219,79666900
2022-03-31,432.1758685328461,432.9970065427643,425.8238008960685,426.27685546875,121699900
2022-04-01,427.853038256275,427.99460880330986,423.91723302983837,427.4849548339844,89048800
2022-04-04,427.6832403411355,431.2509628688752,426.8621021980193,431.1471252441406,59601000
2022-04-05,429.65578083151576,432.11919476582733,424.55903950236103,425.7010803222656,74214500
2022-04-06,421.793612229182,423.71902938512,418.5656595556562,421.4443664550781,106898000
2022-04-07,420.5666732140926,425.3802745470558,418.62236044413095,423.5680847167969,78097200
2022-04-08,422.8130169818533,425.3236408416978,420.8970183524694,422.43548583984375,79272700
2022-04-11,419.16972953989875,420.0097628914947,414.7148221783834,415.2150573730469,89770500
2022-04-12,418.19758861647455,420.71765996000386,412.12869019333453,413.6766052246094,84363600
2022-04-13,413.4311873130841,419.16973507105604,413.25185499529334,418.4146728515625,74070400
2022-04-14,418.6412237561914,419.754979516138,413.10087428728497,413.2047119140625,97869500
2022-04-18,412.2797123367979,415.05461073103595,411.1470901663332,413.37457275390625,66002500
2022-04-19,413.2707073837323,420.76481631207815,413.10082271070314,420.0475158691406,77821000
2022-04-20,421.8219654514646,422.4354571159878,418.5751460041488,419.7360534667969,65224400
2022-04-21,423.3510108398269,424.73846009934624,412.55345319655066,413.45953369140625,85417300
2022-04-22,412.3740611145033,413.47834025677906,401.5481909244776,402.114501953125,132471800
2022-04-25,399.87760832355883,404.6156854519276,395.31883470061024,404.44580078125,119647700
2022-04-26,401.9163552608038,402.11458288317993,392.7044739689954,392.7327880859375,103996300
2022-04-27,393.80869150273776,399.169736833569,391.70394193167726,393.8370056152344,122030000
2022-04-28,398.57509707971343,405.51234242525084,394.14847523083597,403.78509521484375,105449100
2022-04-29,399.8021034252902,401.9540624319965,388.11733269096055,388.86297607421875,145491100
2022-05-02,388.92904179526005,392.56283983474725,382.2749373532382,391.2037048339844,158312500
2022-05-03,391.7039501067172,395.4037953011167,390.1465874755705,392.99700927734375,100028200
2022-05-04,393.65772495141096,405.5312769483244,390.4769810805958,404.9649658203125,144247900
2022-05-05,400.7081751004019,401.1329155913623,386.4467339742489,390.5713195800781,172929100
2022-05-06,388.01350785652954,391.50570647733946,382.9450801949944,388.2400207519531,151770800
2022-05-09,382.3505124543199,383.5869435337957,374.23346310540126,375.8096923828125,155586100
2022-05-10,381.7746896823651,383.27539519585025,372.6477525173204,376.6779479980469,132497200
2022-05-11,375.7152782695393,381.35001745771194,369.94838734516037,370.69403076171875,142361000
2022-05-12,367.5038249274551,373.5727232304534,363.5208097766853,370.3070373535156,125090800
2022-05-13,374.43168009743755,380.5383410827449,373.3934477808123,379.16033935546875,104174400
2022-05-16,377.51804786382434,381.2839693671578,375.27169861489534,377.6218566894531,78622400
2022-05-17,383.70016285890136,385.62560898408395,379.9719747013643,385.3896484375,83029700
2022-05-18,380.8403727574415,381.1235139294289,368.6176032998475,369.8540344238281,117674500
2022-05-19,366.79598209392395,372.00600991179766,365.3707710345012,367.58880615234375,98510700
2022-05-20,371.1659411793916,374.7336635050742,359.1697150107811,367.7492370605469,131432200
2022-05-23,370.7695426186861,375.39439273940906,368.45714636210454,374.6298828125,76414900
2022-05-24,370.5146932699092,372.95924112163084,365.22917116715337,371.77001953125,91448800
2022-05-25,370.278726265349,377.01777330975807,369.8823286767236,375.0545654296875,91472900
2022-05-26,376.2816083941698,384.1815635422074,376.07396194375553,382.5487060546875,82168300
2022-05-27,385.0026651402334,392.0531673410909,384.80446634850006,391.9399108886719,84768700
2022-05-31,390.3259612932842,393.07254576990726,387.0036468547426,389.74078369140625,95937000
2022-06-01,391.85503527070944,392.86492467925166,384.0777548362929,386.58837890625,86585800
2022-06-02,386.4278638148007,393.9974674509903,384.1815149003103,393.9502868652344,79609600
2022-06-03,389.240487364167,390.7884022780611,386.51279859544996,387.4849548339844,71874300
2022-06-06,391.48681245747764,393.21403077110097,387.49435013390536,388.66473388671875,57508900
2022-06-07,385.18200495505744,392.84599895820924,384.7195026936411,392.3929443359375,59272400
2022-06-08,390.6846048993001,392.4684805286195,387.33397652533813,388.1268005371094,64350000
2022-06-09,386.352312221375,388.6175274447086,378.8959655761719,378.8959655761719,86289800
2022-06-10,372.70437142833873,373.55382355387263,367.862456867888,367.9096374511719,132893900
2022-06-13,358.5184359528124,360.3683584476511,352.3362527688543,353.9407958984375,170004900
2022-06-14,355.6869276147928,356.7157121238985,349.7784664118968,352.874267578125,104011800
2022-06-15,356.1682732930812,362.34100925128496,351.2225494582893,357.90496826171875,125666800
2022-06-16,349.70287610671124,350.1087212160529,343.63395072039566,346.05963134765625,134473300
2022-06-17,346.474006989018,350.14245020385545,343.30795986691686,346.8057556152344,111113900
2022-06-21,352.5216653163301,356.91999511391333,352.4458155848116,355.5360412597656,76811900
2022-06-22,351.3178358414842,358.99598772773135,350.90074904768903,354.8915100097656,90059400
2022-06-23,357.02430174493765,359.1002181811548,353.4696047412398,358.3703308105469,79292100
2022-06-24,361.53644062032527,369.7738622299875,361.5080041964566,369.7643737792969,98050300
2022-06-27,370.68380190795756,370.9776545538821,367.2618273862305,368.3519287109375,66009600
2022-06-28,369.90658420443964,372.68398100101825,360.71175479299797,360.82550048828125,86548900
2022-06-29,361.3753394353569,362.3611548271313,358.7116881165058,360.53167724609375,65676000
2022-06-30,356.64510092174794,360.8349164010324,353.1567653026987,357.6025085449219,112508300
2022-07-01,356.94850998659183,361.8208293565842,354.33224330989844,361.384765625,74839700
2022-07-05,356.3039239194396,362.08623764291843,353.4791138897527,362.0672607421875,81438000
2022-07-06,362.2093668453206,365.7735520504945,359.83010948727616,363.2900085449219,70426200
2022-07-07,365.06257601057655,369.52726658852333,363.3089200011575,368.73101806640625,64525900
2022-07-08,367.10071569720793,370.2952282014979,365.5745794315864,368.4278259277344,72397800
2022-07-11,365.7546185718872,366.72148571389,363.527002730403,364.218994140625,58366900
2022-07-12,363.6692023712076,366.04848886653093,359.2518953418649,360.9960632324219,62219200
2022-07-13,355.56452982281553,362.02934629353234,355.14744302288534,359.1002502441406,84224600
2022-07-14,354.1521096552973,359.3087928722651,351.715979081912,358.2281799316406,89704800
2022-07-15,362.6265563284071,365.1859502897795,360.72125799807424,365.07220458984375,79060400
2022-07-18,368.1528836213448,368.825898190188,360.8349458407432,362.0577697753906,63203600
2022-07-19,365.97264856832055,372.4090283274704,365.31861090466685,371.84027099609375,78506000
2022-07-20,372.02988023942527,375.62250240338216,370.6648741646818,374.2100830078125,71843800
2022-07-21,373.6318507302927,378.068105826219,371.2336162126565,378.0207214355469,64903900
2022-07-22,378.144036431228,379.33839525665286,372.2953607472214,374.51348876953125,72197300
2022-07-25,375.139002292695,375.82150523542174,372.7312795602707,374.9683837890625,53631500
2022-07-26,373.3285099278068,373.53705331768873,369.6411191276845,370.53216552734375,52946400
2022-07-27,373.8214115297532,381.8977018374365,373.52755888438156,380.1535339355469,82342100
2022-07-28,380.95927437369363,385.61353235014826,377.4140367716771,384.92156982421875,73966600
2022-07-29,386.352936564959,391.51910833460266,385.585124244229,390.53326416015625,87003700
2022-08-01,387.8411455020427,391.8792906615118,387.13020608259814,389.37677001953125,69997500
2022-08-02,387.8127450392465,391.4906766053588,385.63254218875403,386.8079528808594,63435400
2022-08-03,388.93125481134643,394.0310649800449,388.6468906090099,392.8651428222656,67820600
2022-08-04,392.78932847212786,393.4718315474268,390.95985110646615,392.5997619628906,45656600
2022-08-05,388.3245873478551,392.5807353471059,388.26771450946586,391.9361572265625,56814900
2022-08-08,393.62353883393126,395.870103228986,390.3816416917654,391.4812316894531,53886100
2022-08-09,390.75119863096825,391.25359457893273,388.85536049854454,389.926513671875,44931800
2022-08-10,396.96966387104465,398.2588492285253,395.01695232609546,398.11663818359375,68665700
2022-08-11,400.9603962309802,402.81833898357877,397.37726224840134,398.11663818359375,59489700
2022-08-12,400.050395788599,404.9606110010774,399.10247645360926,404.8563537597656,61694500
2022-08-15,402.64767172710765,407.04603117644456,402.59079888321116,406.524658203125,54048300
2022-08-16,405.45355110579476,409.24522847882577,404.64781387838514,407.3209533691406,59289000
2022-08-17,403.7282670715911,407.13129350400095,402.4296224053403,404.4297180175781,63563400
2022-08-18,404.6288399076743,406.2876987703884,403.3396834770453,405.605224609375,49023200
2022-08-19,402.8467811218481,403.1121973862413,399.282595061536,400.1546936035156,68016900
2022-08-22,395.329701995395,395.5003494416631,390.92188337608326,391.8224182128906,77695600
2022-08-23,391.39585573923233,393.7846307828097,390.3247023494631,390.87451171875,49105200
2022-08-24,390.64698231789686,393.49074002484474,389.9645082393007,392.1257629394531,49177800
2022-08-25,393.614017515164,397.7090360070508,392.52391605971974,397.6616516113281,50942300
2022-08-26,397.5479234905298,398.0882155528186,384.1443295439162,384.2012023925781,103087000
2022-08-29,381.2531682301508,384.70357956798847,380.30524889484775,381.6607666015625,65370800
2022-08-30,382.81719520790887,383.0541750206006,375.3760233037477,377.4709167480469,85652400
2022-08-31,379.10134082789193,380.3431127380741,374.46603071215685,374.5987243652344,76029700
2022-09-01,372.42798580847113,376.1153764284115,369.7264103214383,375.7741394042969,78740100
2022-09-02,379.43310730382876,380.6464427581479,370.00129941700374,371.81182861328125,99632100
2022-09-06,372.65546883916255,373.59389956272736,368.19077763747265,370.4089050292969,76637400
2022-09-07,370.0961415467539,377.83116684452074,369.87813861226584,377.0633544921875,70964200
2022-09-08,374.79775538889095,379.9828452131677,373.5938795903689,379.5278625488281,80821700
2022-09-09,381.7650275183075,386.28662130528346,381.49961125899546,385.42401123046875,76706900
2022-09-12,387.49043025851944,390.2868036201907,387.1870891554379,389.5663757324219,69256300
2022-09-13,380.9023296148453,382.1062054187296,371.5084765344116,372.62701416015625,122947100
2022-09-14,373.9257160615463,375.5656268148488,370.7501807174359,374.0489501953125,85023700
2022-09-15,372.4943947202488,375.3381528851013,368.53209861998994,369.80230712890625,87633800
2022-09-16,365.6295510878898,367.6378630769438,363.69734233012485,366.9811096191406,103084800
2022-09-19,363.84011191988435,369.8269958496094,363.7639505998914,369.8269958496094,73278500
2022-09-20,366.5051690967704,367.51408871168167,362.83118428153335,365.5819091796875,77274900
2022-09-21,367.504555601014,370.55036925173334,359.1952455228189,359.20477294921875,106746600
2022-09-22,358.4337956869669,360.07091552367,355.44511739669144,356.1875305175781,89472600
2022-09-23,352.7229712221048,352.76105188849385,345.7842729569001,350.2197265625,122346900
2022-09-26,348.7538180681722,352.37069598680137,345.53668535839785,346.7550048828125,92581200
2022-09-27,350.2862710344236,352.5515910179344,343.4808127042095,345.869873046875,108294100
2022-09-28,346.8217084645166,354.3600529595543,345.127482081543,352.67535400390625,110802200
2022-09-29,349.13465941178436,349.42019180354833,342.367280303629,345.3083801269531,112952300
2022-09-30,344.36600021604005,348.2779675279083,339.8353891876637,339.9686279296875,153711200
2022-10-03,343.6807182327434,350.7907644280534,341.90083208876825,348.9442443847656,89756500
2022-10-04,354.45522944852485,359.78538917158465,348.9061712798272,359.7568359375,103602800
2022-10-05,355.3974984990643,361.1749817964111,353.0750722691506,358.919189453125,88065700
2022-10-06,357.5200770483229,360.47070383972516,354.72174385776447,355.2167053222656,82333500
2022-10-07,351.19057977360137,355.3024204972354,343.5475195856385,345.3083801269531,107789500
2022-10-10,346.4219606923115,346.6599140174196,340.4350759464563,342.67181396484375,76042800
2022-10-11,340.9775239932869,345.5367169870272,338.5694379532379,340.5016174316406,92482800
2022-10-12,340.9109745209168,342.4814606200205,339.1310592917608,339.3785400390625,76991800
2022-10-13,332.38265512986965,349.8008528442018,331.3356548770357,348.3350524902344,147254500
2022-10-14,350.7907254903841,352.4183468938871,339.7592145462475,340.3969421386719,123737000
2022-10-17,346.4695113964719,350.24821073516875,340.0637984886666,349.14410400390625,93168200
2022-10-18,357.0536513093477,357.35823847132036,349.81033854515664,353.24639892578125,97162900
2022-10-19,351.2095126771094,353.9317132956456,347.9352732315164,350.7431335449219,79746900
2022-10-20,350.2957474382865,354.71217382958656,347.04053410271376,347.802001953125,88283100
2022-10-21,347.5260706048134,356.7396164612049,346.02221835785116,356.25421142578125,131038400
2022-10-24,357.77704931693273,361.7460937798273,355.1309809456278,360.6134338378906,85436900
2022-10-25,360.53729867069814,366.68600327248134,360.4230857441992,366.3719177246094,78846300
2022-10-26,363.2310053236107,368.903804746197,362.9740261765085,363.6117248535156,104087300
2022-10-27,364.61102062179475,366.44801277950654,361.0512201742432,361.669921875,81971800
2022-10-28,361.5652682350303,370.75025961760167,361.3844214069697,370.27435302734375,100302000
2022-10-31,367.81868945232327,369.68423516133385,366.69555686556424,367.5997619628906,96631300
2022-11-01,371.34039469961164,371.5783479860967,364.8204688405162,365.9911804199219,85407600
2022-11-02,365.4010542504777,369.9031408055681,356.70149735976,356.8061828613281,126990400
2022-11-03,353.5700280593983,356.16848838692556,351.0191758170607,353.1322021484375,87100100
2022-11-04,358.8335469874606,360.61343287804317,352.170855133582,358.2148742675781,103505200
2022-11-07,359.50936758378657,362.23156853069116,357.43442171013305,361.6414489746094,68286900
2022-11-08,362.74552365571884,366.5623039769019,359.5188919325988,363.5926513671875,84641100
2022-11-09,361.62234147920316,362.77405623568103,355.60687575970667,356.1018371582031,78495500
2022-11-10,369.351119187772,376.0043135418382,367.0572748219786,375.6711730957031,141455800
2022-11-11,376.5277909851231,380.1066180137116,374.64319033872147,379.3070983886719,93839900
2022-11-14,377.5462448649226,380.89661702699635,375.80441036199727,376.0804443359375,71903500
2022-11-15,381.8198821687392,382.9239890323085,375.48080239259394,379.2880554199219,93194500
2022-11-16,377.6604299906343,378.61224316456577,375.76633106956126,376.39453125,68508500
2022-11-17,371.6449453937852,375.91860608551974,371.34038726892305,375.2427978515625,74496300
2022-11-18,378.5741867367159,378.6408206344442,374.1006819611119,376.94659423828125,92922500
2022-11-21,375.6235052961584,376.7466376918826,373.7389050539046,375.5758972167969,51243200
2022-11-22,377.5176474312929,380.79188693120494,376.1089535381112,380.63006591796875,60429000
2022-11-23,380.29695819857307,383.51409151080327,380.06853232216565,383.0286865234375,68261600
2022-11-25,382.46708656258517,383.49506108811516,382.1910816475926,382.9429931640625,30545400
2022-11-28,379.8591259436192,381.4962458070925,376.0708989562592,376.8323669433594,67881600
2022-11-29,376.9655537509073,378.1553200852392,374.34806781537714,376.1850891113281,52310000
2022-11-30,376.4325818837763,388.0351867675781,374.51945716113363,388.0351867675781,144566700
2022-12-01,389.0726695441886,390.24341023181614,385.2463909544575,387.7496643066406,76398200
2022-12-02,382.86685419503635,388.20651222768515,382.76216868711776,387.30230712890625,85342700
2022-12-05,384.48494250767516,385.4177008262784,378.98346353454565,380.33502197265625,77289800
2022-12-06,380.1732617355015,380.7157732131678,372.76815579992063,374.85260009765625,77972200
2022-12-07,374.0054437050733,376.5753507067164,373.0821838315825,374.21484375,65927900
2022-12-08,376.09948257287107,378.2124799961138,374.3195674856605,377.1464538574219,60737900
2022-12-09,375.90917628427945,378.46002915553373,374.2054222114992,374.32916259765625,81447700
2022-12-12,375.119059475854,379.7258605957031,374.4528077117335,379.7258605957031,75405800
2022-12-13,390.45276931962,390.70974839855415,379.84005911089247,382.6003112792969,123782500
2022-12-14,382.25764309363365,385.96020997530553,377.2130453095627,380.1541442871094,108111300
2022-12-15,375.2999009475401,376.2041350287874,369.19880442028864,370.8549499511719,117705900
2022-12-16,368.3028464297516,369.6414978313406,364.34426091502326,366.4765319824219,119858000
2022-12-19,366.6678648941245,367.0025351167428,361.70526779936387,363.3690185546875,79878100
2022-12-20,362.61364283927566,365.482194633709,361.2941043449694,363.8662414550781,74427200
2022-12-21,366.4575070608886,370.4352358837999,365.92204637130624,369.30694580078125,78167400
2022-12-22,366.26619498775557,369.2877393144812,358.34899424622876,364.0382995605469,100120900
2022-12-23,363.0152466207401,366.2758375341586,361.46623322301946,366.1324157714844,59857300
2022-12-27,366.0176778685383,366.36189009849295,363.01524613197586,364.6885681152344,51638200
2022-12-28,364.62164360006597,366.59140954936333,359.92680568793685,360.1562805175781,70911500
2022-12-29,362.9961017998292,367.5092910145083,362.47018314198056,366.63916015625,66970900
2022-12-30,363.9618527124626,365.8168226274327,361.8486652893112,365.67340087890625,84022200
2023-01-03,367.5283210498985,369.49805712111817,361.2748715332829,364.1338806152344,74850700
2023-01-04,366.3905568832152,368.9722652057651,363.34989894273167,366.9451599121094,85934100
2023-01-05,364.9945163658359,365.1092537639918,362.16422021646383,362.7570495605469,76970500
2023-01-06,365.845539153224,372.1946147969525,362.7857679206914,371.07586669921875,104189600
2023-01-09,373.26550947515705,376.44961824670435,370.6838304181261,370.865478515625,73978100
2023-01-10,370.2822289287242,373.5332484725184,369.34515816722075,373.46630859375,65358100
2023-01-11,375.04405606095594,378.26639143115705,374.231293835196,378.18988037109375,68881100
2023-01-12,379.289500125456,381.02973273660194,375.22571833967487,379.5667724609375,90157700
2023-01-13,376.37315440820146,381.6130534140989,376.10542404617286,381.0393371582031,63903900
2023-01-17,381.020250832517,382.69357300821775,379.66245657056226,380.3413391113281,62677300
2023-01-18,381.52688517922786,382.58823512888193,374.1355743302912,374.33636474609375,99632300
2023-01-19,372.2997830998825,373.94442072442195,370.2918200719056,371.6113586425781,86958900
2023-01-20,373.00734634342695,378.68708106087394,371.36270886328373,378.5340881347656,91806400
2023-01-23,379.3373361629709,385.00750055643533,378.38115211629884,383.0760192871094,84178800
2023-01-24,381.40268604904264,383.57321326654665,380.2170272035857,382.66485595703125,59524900
2023-01-25,378.6010544265812,383.14292828207675,376.3157607326886,382.8082580566406,84800300
2023-01-26,385.46642861189923,387.17800600043023,382.5022526217131,387.01544189453125,72287400
2023-01-27,385.97318218490153,390.2760095744735,385.762820567528,387.9046630859375,68346200
2023-01-30,385.1508473703547,387.37877210654403,382.7412745466371,383.0376892089844,74202000
2023-01-31,383.5540574493801,388.7174447402499,383.20981606709955,388.6696472167969,86811800
2023-02-01,387.4552290338302,395.5445649835094,384.7205573752073,392.80029296875,101459200
2023-02-02,396.68245506156615,399.9813013244029,394.78922953717114,398.5183410644531,101654500
2023-02-03,393.55573107794413,398.7000051703591,393.0776391240828,394.2824401855469,94736800
2023-02-06,391.8346069060138,393.26888274999055,390.21865378736663,391.8728332519531,60295300
2023-02-07,390.95495684586416,398.2410744328294,389.71192928803475,396.998046875,90990700
2023-02-08,395.0282373142556,396.36688886374986,391.96843733219856,392.6568908691406,76227500
2023-02-09,396.2522033663381,396.4051963035193,388.0290153704697,389.2529296875,78694900
2023-02-10,388.0767216192933,390.5436920280194,387.26398877852967,390.1612243652344,70769700
2023-02-13,390.8114317189332,394.8752127422372,390.35245300429375,394.7413330078125,64913500
2023-02-14,393.2210725630297,396.86413102531327,390.61070909281807,394.55975341796875,88389300
2023-02-15,392.3701118499811,395.9175463340548,391.52866525765285,395.841064453125,61555700
2023-02-16,390.87841017898984,394.8178830322616,390.25689650308516,390.3907470703125,76431500
2023-02-17,388.2680643786122,389.6545428210452,386.34612524209655,389.4154968261719,89257800
2023-02-21,385.39947527197734,386.4512833840668,381.3452649276504,381.6034240722656,82655900
2023-02-22,382.01461731866567,383.5540887169433,379.62415734279705,381.07757568359375,83742300
2023-02-23,383.965204449082,384.577176151522,378.88787027584414,383.1046447753906,96242400
2023-02-24,378.0942481460913,379.84405183245593,376.3922419822525,379.0121765136719,108194400
2023-02-27,382.3492579579314,383.7070519585176,379.365968807818,380.30303955078125,80444700
2023-02-28,379.82492994288907,381.78509520813367,378.7922350201957,378.8974304199219,96438600
2023-03-01,378.08465625730815,379.3085704071732,376.14360422634064,377.4440002441406,99706800
2023-03-02,375.4742885040699,381.2209631061389,375.13961830151106,380.3795166015625,85127800
2023-03-03,382.19620564898895,386.7285365509488,381.54600769019737,386.47991943359375,90120000
2023-03-06,387.3023155770407,389.5971805098177,386.30790523195174,386.74774169921875,72795900
2023-03-07,386.6998590400402,386.93890498621045,380.20736297154104,380.8193054199219,108310600
2023-03-08,380.9340806833584,382.196221130841,379.2129323233864,381.44085693359375,74746600
2023-03-09,382.22489666616246,383.8886762938207,373.41845218171284,374.4033203125,111945300
2023-03-10,373.8583475978051,375.93327957719293,367.4806170891498,369.0009460449219,189253000
2023-03-13,365.0805650006383,373.2846390345943,363.9713881978472,368.4750061035156,157790000
2023-03-14,373.3898317252391,376.21058604424246,370.0909854321958,374.5659484863281,149752400
2023-03-15,368.9818486133687,372.42408758364206,366.8973453679593,372.2232971191406,172996900
2023-03-16,369.8711000150825,379.09826973239205,369.364323664859,378.7540283203125,143254200
2023-03-17,377.4256197444262,378.55821591341066,372.94318572096427,374.3253479003906,140553400
2023-03-20,375.1028011958168,378.33746367070916,374.40214170963634,377.9247131347656,93055800
2023-03-21,381.28415054635593,383.3670015855469,379.69082383763816,382.8870849609375,91524200
2023-03-22,382.7142575848104,386.32321007597335,376.3217657060295,376.3601379394531,111746600
2023-03-23,379.22048781510506,383.25179889041164,374.6708879123496,377.37762451171875,119351300
2023-03-24,376.1010222149094,379.9403548581303,373.75902695920195,379.8539733886719,107682400
2023-03-27,382.1288028794633,382.8966870426311,379.6716321408978,380.56427001953125,74010400
2023-03-28,379.8731772141997,380.5642582938647,377.8767370350477,379.71002197265625,62871700
2023-03-29,383.8660584843338,385.46899270747423,382.6662670661032,385.2290344238281,77497900
2023-03-30,387.8590304445402,388.10859647318574,385.62263176835995,387.4847106933594,69840000
2023-03-31,388.4060846284512,393.2436518891425,388.3004877505952,392.94610595703125,112062600
2023-04-03,392.42779542260035,394.84656445369103,392.03426030988214,394.4434509277344,67391100
2023-04-04,395.08655642138893,395.37452397054454,390.88248211307797,392.25506591796875,66601500
2023-04-05,391.5255732993779,392.28384974684195,389.57711302940226,391.22802734375,65200200
2023-04-06,390.4313714897771,393.0325407601975,389.3851567329968,392.7541809082031,63743300
2023-04-10,390.27775752337686,393.23406013832266,389.66347951634174,393.1572570800781,63681000
2023-04-11,393.78116601430696,394.6641961280183,392.4949930804865,393.2628479003906,59297900
2023-04-12,395.3264818376402,395.61444936283374,391.0744279375137,391.659912109375,86420400
2023-04-13,392.7444905245143,397.21731616818573,391.60228682213693,396.8621826171875,85814800
2023-04-14,396.2288003118919,398.41721916409074,393.5892586164342,395.8928527832031,78161500
2023-04-17,395.8064701519047,397.3326016491202,394.5778846470639,397.31341552734375,66436400
2023-04-18,398.8875072085601,399.0218979297028,396.1999857035815,397.5725402832031,63560000
2023-04-19,395.6624782963843,398.4075874340768,395.60489064257166,397.50537109375,55227300
2023-04-20,394.6929889766768,397.0829934844094,393.7907434550367,395.3360900878906,75840400
2023-04-21,395.6336418065236,396.10395069254025,393.6947893230702,395.64324951171875,73457400
2023-04-24,395.44166194381876,396.4782981802782,394.1075090570705,396.05596923828125,64332100
2023-04-25,394.088292257947,394.6450119030647,389.7114553215701,389.76904296875,97766700
2023-04-26,390.3833857943013,391.4583943618871,387.56147365849546,388.1181640625,80447000
2023-04-27,390.65211692803183,396.11357024267807,390.40255091976803,395.8448181152344,92968400
2023-04-28,394.9617875942257,399.23305741321724,394.90419994068407,399.22344970703125,89433100
2023-05-01,398.78184994003936,400.8454851986158,398.5898716077984,398.82025146484375,62122300
2023-05-02,398.11008990283216,398.1580991480429,391.43926532897416,394.33795166015625,103998500
2023-05-03,394.83697342513307,397.24616414474065,391.39117573178515,391.6311340332031,91531800
2023-05-04,390.58495750937874,390.91129731617235,387.5230869408355,388.8572692871094,94901900
2023-05-05,392.48538864162396,397.1021838881152,392.22624422840113,396.05596923828125,87891800
2023-05-08,396.3823017131118,396.64144612156804,394.76018132750204,396.1615295410156,50046800
2023-05-09,394.6162947953608,395.53772662115546,394.19396577274875,394.42431640625,49220100
2023-05-10,397.2557473304781,397.8892407221348,392.44697389350114,396.2671203613281,96142900
2023-05-11,395.40322585528116,395.863926959948,393.5027459231928,395.57598876953125,70157100
2023-05-12,396.8142503993596,397.0254148728848,392.63897016343816,395.0577392578125,70481500
2023-05-15,395.66240845072787,396.8237983199805,393.75234992228525,396.4206848144531,54289400
2023-05-16,395.31689334176326,396.2383543170176,393.761968222226,393.7715759277344,57705500
2023-05-17,395.78721992832476,399.1562144912637,394.14591338269895,398.5515441894531,87287000
2023-05-18,398.234744921799,402.81316752783374,398.01400205687503,402.3908386230469,97177200
2023-05-19,403.29308725192675,403.82098374117817,400.58635087495577,401.8053283691406,103793300
2023-05-22,401.8245672616326,403.50427528786696,400.586374286309,401.9685363769531,60745400
2023-05-23,400.3271976557855,401.90133808318683,397.06377080135275,397.4573059082031,86383500
2023-05-24,395.8543837451471,396.2383111304324,393.41639944632345,394.5777893066406,89213700
2023-05-25,398.0812545290906,399.44423070710803,395.84485582251955,397.994873046875,90961600
2023-05-26,398.6474287188291,403.8689226046634,398.5706549668809,403.1490478515625,93830000
2023-05-30,405.07840112218025,405.6062976614237,401.9205417166639,403.3027038574219,72216000
2023-05-31,401.4790054006544,402.38125089733444,399.5017514717894,401.0662841796875,110811800
2023-06-01,401.29664281865877,405.93265339027886,400.04887142591303,404.8768310546875,88865000
2023-06-02,407.44919955900986,411.5188830151562,406.92130300774403,410.7318420410156,91426200
2023-06-05,411.0773899248413,412.3635629860605,409.2441048720611,409.9447937011719,65460200
2023-06-06,409.53201283462573,411.36526832885664,408.87930404707026,410.8373718261719,64022200
2023-06-07,411.2309077542299,412.36350381538136,408.99448016231673,409.41680908203125,85373300
2023-06-08,409.4840283285931,412.344341762355,408.71617349799953,411.8932189941406,61952800
2023-06-09,412.689850828952,414.63831094166113,411.6436362158996,412.63226318359375,85742800
2023-06-12,413.61134578902306,416.4524439304632,412.89147087099775,416.3756408691406,76104300
2023-06-13,417.8346155400201,419.76386044542505,417.1723282571571,419.12078857421875,95899700
2023-06-14,419.45674831132544,421.42439480568777,416.1741056268984,419.6199035644531,100612100
2023-06-15,418.80397116276845,426.069914890404,418.70801128446885,424.8221435546875,110303100
2023-06-16,426.80484934957235,427.3732510116979,422.9030966686289,423.3751525878906,114165800
2023-06-20,421.4387253030806,422.32503554227975,419.1072877770987,421.1785888671875,76160400
2023-06-21,420.1958856547502,420.9954934589653,418.43284996744785,419.0205383300781,76982300
2023-06-22,418.06687430704443,420.6391323512952,417.72967888460175,420.5331726074219,70637200
2023-06-23,417.0841314152319,419.13617505158805,416.6409763099136,417.3538818359375,92074500
2023-06-26,416.7854848977608,418.70263864501453,415.4078319979814,415.648681640625,72823600
2023-06-27,416.5253768197751,420.82212620155866,416.0725783167209,420.20556640625,72813700
2023-06-28,419.1265310456325,421.4290677123489,418.509971256602,420.4175109863281,75636000
2023-06-29,420.0032229268465,422.2383146152685,419.59861200085055,422.07452392578125,67882300
2023-06-30,425.28267848094407,428.0379843526411,424.96474047999936,427.0553283691406,104964000
2023-07-03,426.70857023719304,427.82608687001783,426.42917637868914,427.5467224121094,32793400
2023-07-05,425.7355105986345,427.6430505530816,425.725867203726,426.9108581542969,58418400
2023-07-06,423.3366648166022,423.9917688689175,421.063028622468,423.56787109375,80658300
2023-07-07,422.57550143257924,426.43873894163033,422.25756345371417,422.4984130859375,86134200
2023-07-10,422.14203044995077,423.74127580161087,421.5736287515659,423.56787109375,62443500
2023-07-11,424.3289694634643,426.75672360489915,423.35592736761294,426.265380859375,64463800
2023-07-12,430.0515811101132,431.10168221706397,428.6257403792626,429.6950988769531,91924500
2023-07-13,431.50622355890425,433.89546265173254,431.07271183277675,433.10546875,72425200
2023-07-14,433.9918445617416,434.83961069702235,432.07466121110787,432.83575439453125,69815800
2023-07-17,432.6911588627437,435.3886628143162,432.64297129896573,434.33856201171875,52680200
2023-07-18,434.0110663595222,438.2114701147798,433.5775252322227,437.5660095214844,80668200
2023-07-19,438.35604491544507,439.72405458332963,437.48896257877516,438.5390930175781,65891700
2023-07-20,437.5467608684042,438.44271452207744,434.91667207150675,435.62957763671875,70591600
2023-07-21,437.3444259913096,437.5467608684042,435.61996364299455,435.62957763671875,71275600
2023-07-24,436.77604624077406,438.3849349409323,435.7452026173443,437.57568359375,54023400
2023-07-25,437.3059387900186,440.0227007047043,437.2577512159894,438.7702941894531,55191200
2023-07-26,437.8357951870991,440.26354925381463,436.78569416377627,438.8377380371094,71052900
2023-07-27,442.2191833737535,442.62382369326946,435.0225951669556,435.9281921386719,92194400
2023-07-28,439.1941631701477,441.0246146496096,435.92822776892785,440.19610595703125,80011800
2023-07-31,440.6681140687776,441.39066294813205,439.3578768125751,441.0342102050781,62040400
2023-08-01,439.5698514127993,440.51399258801536,438.8184017102693,439.7721862792969,55291500
2023-08-02,436.6604008783812,436.9205079074881,432.90315234388123,433.65460205078125,93933400
2023-08-03,431.64112757810364,434.2904737931767,430.9956375639887,432.4118347167969,64276100
2023-08-04,434.2230384704291,436.3232404604835,429.9359027397443,430.4561462402344,100128900
2023-08-07,432.28661207007076,434.36755674020003,431.5929638466943,434.2134094238281,58357500
2023-08-08,431.67964426037906,434.2037733620173,428.9724964679823,432.32513427734375,71361300
2023-08-09,432.5948520910791,432.7586427817327,428.67381291504086,429.4349060058594,78789600
2023-08-10,431.7855978075418,435.1671361209915,428.4233462814403,429.58905029296875,93005500
2023-08-11,427.7200594884635,430.3501481391964,427.1227570858758,429.33856201171875,68690900
2023-08-14,428.4233330175674,431.70849609375,428.11503843544807,431.70849609375,47867400
2023-08-15,429.9358583347008,430.29234049304716,426.1111649328765,426.6795959472656,75707500
2023-08-16,426.26534575201464,427.9223925566891,423.44259484772283,423.548583984375,80107200
2023-08-17,425.0129750031002,425.2730820684876,419.8009844959738,420.32122802734375,95711300
2023-08-18,417.50808644271694,421.55437270930423,417.1612770258868,420.5235290527344,98852000
2023-08-21,421.5350602162778,424.00135836533855,419.3867000805202,423.2595520019531,68719000
2023-08-22,425.0321333206804,425.0321333206804,421.5542789285874,422.113037109375,64994200
2023-08-23,423.17286834168584,427.4311034249485,423.0283644204359,426.81451416015625,68441000
2023-08-24,428.4137593836846,428.9243595057039,420.87033128977225,420.8992614746094,88517300
2023-08-25,422.62372359066535,425.14782341445994,419.07842352366526,423.86651611328125,102325100
2023-08-28,426.0534571889985,427.171003275981,423.86655259327574,426.554443359375,61595400
2023-08-29,426.44835885508,432.9994865828607,426.26531078000176,432.7200927734375,83081900
2023-08-30,433.057282576268,435.13822692888783,432.35399106524045,434.50238037109375,69053900
2023-08-31,435.1190142078131,436.255817610441,433.6835595621321,433.8666076660156,66084600
2023-09-01,436.58338220970904,437.06508153807744,433.2211009052936,434.67584228515625,58944100
2023-09-05,434.23266409054196,434.55057269413254,432.72976461783867,432.79718017578125,55166200
2023-09-06,431.9879277285903,432.093916863234,427.56593166865076,429.8877258300781,70758500
2023-09-07,426.8915375451562,429.24223247025344,426.5447281630559,428.56787109375,70355400
2023-09-08,428.61604594030854,430.74514868706615,428.25959315019446,429.2133483886719,61659700
2023-09-11,431.83376742594476,432.34436749416994,430.12856253408137,432.0361022949219,60180100
2023-09-12,430.59102153155527,432.11317840274216,429.0881220484013,429.6661376953125,67565400
2023-09-13,429.88768993651144,431.32314432701645,428.78940150844926,430.1670837402344,60199300
2023-09-14,432.633457559199,434.569868937207,431.3328634452209,433.876220703125,83430800
2023-09-15,432.2935551441486,432.6222625307114,428.2136712808251,428.6487121582031,111848900
2023-09-18,428.3393267614431,430.1955896700722,427.86560575276553,428.90008544921875,55752200
2023-09-19,427.9815868766938,428.5713482483716,425.332573169419,428.0105895996094,66514600
2023-09-20,429.2675002876334,429.6832158729015,423.8727570723084,424.0758056640625,82562600
2023-09-21,421.233389771168,421.49441429318694,416.91180676973505,417.0664978027344,104095800
2023-09-22,418.0913502784636,419.68655933537104,415.7130085528767,416.1287536621094,100829700
2023-09-25,414.920205158679,417.9172517040119,414.485134786977,417.87860107421875,70874500
2023-09-26,414.8428197503268,415.54859200929735,410.90794984146544,411.7394104003906,96168400
2023-09-27,412.90925504168933,413.4700137261174,408.2686420542666,411.9037780761719,104705800
2023-09-28,411.35270706101295,415.964317107926,410.762945679416,414.291748046875,92258300
2023-09-29,417.3371969608053,417.5112133076614,411.7684378270295,413.28631591796875,115111300
2023-10-02,412.45494747860386,414.36921623468663,410.3666623367783,413.1220397949219,83798600
2023-10-03,410.9467055118216,413.1800040858978,406.2287317175528,407.5919189453125,103760600
2023-10-04,408.0559363281981,411.30435944495287,406.59606370497346,410.5599365234375,87453000
2023-10-05,410.26984669791165,411.2463208378169,407.18579226927517,410.40521240234375,70142700
2023-10-06,407.95929439211045,416.81515765208843,406.63478734252965,415.2779541015625,113273300
2023-10-09,413.3830108074734,418.5070521455923,412.8319589906931,417.9366455078125,80374400
2023-10-10,418.5650575162268,422.70294712015226,418.1686672417201,420.1119384765625,78607300
2023-10-11,421.17540990507433,422.08417183466213,418.797068320578,421.83282470703125,62451700
2023-10-12,422.4419089154139,422.8189443567332,416.91182957643576,419.2611389160156,81154200
2023-10-13,420.75965970754623,421.95850789546967,415.60664534568787,417.1728515625,95143100
2023-10-16,419.4158131019472,422.6255856986061,419.1741138914331,421.5621032714844,75433200
2023-10-17,418.4392848901998,423.5923279162561,418.0912522340032,421.5426940917969,75324700
2023-10-18,419.77349041439385,420.7306097718711,414.8428210042976,415.9256286621094,93559800
2023-10-19,416.64108906158174,418.44899434083845,411.5944086302288,412.2711486816406,121323000
2023-10-20,411.8361348739324,412.3775387523352,407.09880668145956,407.2051696777344,123919900
2023-10-23,405.67760643648245,410.35692908932583,403.92770652261123,406.4993896484375,92035100
2023-10-24,408.61667642933105,410.7146385432617,406.7700909338865,409.56414794921875,78564200
2023-10-25,407.8818980106432,407.9109007331841,403.17357302000806,403.68597412109375,94223200
2023-10-26,402.6225823087564,403.47333880031834,397.93361142540357,398.85205078125,115156800
2023-10-27,400.43762562519,400.83401590980566,395.6229662582375,397.0441589355469,107367700
2023-10-30,399.8284803456642,402.8448816266276,398.5329761803426,401.79107666015625,86562700
2023-10-31,402.36153498192397,404.63351364420447,400.4569438698378,404.3144836425781,79665200
2023-11-01,405.2812643437381,409.43847913059346,404.7495083565733,408.6263732910156,98068100
2023-11-02,412.416134207257,416.61205795996426,412.3968088942919,416.4573669433594,94938900
2023-11-03,418.75837375712325,421.8037777300333,418.6326854543438,420.25689697265625,100167800
2023-11-06,421.0109973746679,421.66841210779677,419.2804228673673,421.22369384765625,67831700
2023-11-07,421.22369728667144,423.0606052933152,420.0828841514639,422.4225158691406,64256100
2023-11-08,423.0219913930459,423.5440700044392,420.43098266202935,422.7319641113281,61746000
2023-11-09,423.8727750755541,423.91145521433583,419.00978765036695,419.4351806640625,83174400
2023-11-10,421.5040718428815,426.2896982135309,419.4254351571336,425.9803161621094,89462200
2023-11-13,424.64619358239656,426.6764433760795,423.86309048956497,425.5743103027344,52236100
2023-11-14,431.50082633241226,435.1166375219735,431.2784524100305,433.830810546875,97176900
2023-11-15,435.16492211328534,436.3927730128096,433.8984205823122,434.74920654296875,77327600
2023-11-16,434.30444014118734,435.59994425440004,433.24095780816333,435.2809143066406,66665800
2023-11-17,435.29057073108856,436.43141334936854,434.3721314970017,435.82232666015625,83133200
2023-11-20,435.5709613361329,440.01823251915994,435.56128392675316,439.1771240234375,69936200
2023-11-21,438.13296253247677,439.05143128536895,436.95346926763995,438.219970703125,49244600
2023-11-22,439.87321460582723,441.22672421241435,438.81940964411666,439.911865234375,59394900
2023-11-24,439.9602422808771,440.3759578384197,439.6315348978691,440.1825866699219,29737400
2023-11-27,439.55420100976517,440.3663068584605,439.0031197003399,439.3898620605469,50506000
2023-11-28,439.0030764411284,441.1203637861366,438.44234728096177,439.8248596191406,62115000
2023-11-29,441.97114450802434,443.10230972873876,439.1191116939092,439.5154724121094,63146000
2023-11-30,440.35662667945024,441.59412543023933,438.28766732031204,441.2460632324219,79752700
2023-12-01,440.6370255353667,444.38820233909854,440.0472935709732,443.8564758300781,89183400
2023-12-04,440.47265370720123,443.8757680204174,439.25448022667734,441.5264587402344,72430900
2023-12-05,440.14394887033336,442.3965725770802,439.76688393206007,441.439453125,69793500
2023-12-06,443.57609928018036,443.60510200805135,439.2255130737281,439.66058349609375,69124700
2023-12-07,441.73917136361564,443.6630877368815,441.13976201140014,443.0153503417969,66995400
2023-12-08,442.27087844484373,445.451648340426,442.02917923250493,444.919921875,83194400
2023-12-11,444.4268307846884,446.8244975103325,444.2141343049595,446.65045166015625,65002200
2023-12-12,446.3025009678023,448.78717632289664,445.30670124436216,448.69049072265625,68327600
2023-12-13,449.0674107718607,455.12924524748996,448.70970069679584,454.87786865234375,93278000
2023-12-14,456.8115200961749,458.00069086527446,453.66943027540754,456.3377990722656,119026000
2023-12-15,455.7417745258769,456.91636306344805,453.74210049149804,455.5864562988281,141553700
2023-12-18,457.1881393985243,459.12957270241793,456.13006180277284,458.1491394042969,70375300
2023-12-19,458.6927663957653,461.01279355520546,458.6151220933891,460.93511962890625,55761800
2023-12-20,460.0808576886502,461.96405036999886,454.1206728290634,454.54779052734375,102921000
2023-12-21,457.5278204873464,459.1295265010188,455.1107457468796,458.85772705078125,86667500
2023-12-22,459.98377994700513,461.4592882220052,457.8870580411275,459.7799377441406,67160400
2023-12-26,460.1876248035588,462.62410332069675,460.1099508863103,461.7213439941406,55387000
2023-12-27,461.5175089754055,462.7017844285322,460.98362668768385,462.5561828613281,68000300
2023-12-28,462.9153345190397,463.5656980482324,462.31349497002446,462.73089599609375,77158100
2023-12-29,462.5367654374911,463.06096072132885,459.4401769650659,461.3913269042969,122283100
2024-01-02,458.33359292378987,459.79938459581,456.7124830275094,458.8092346191406,123623700
2024-01-03,456.65418509885427,457.39193916554245,454.4603858132538,455.0622253417969,103585900
2024-01-04,454.5865863632777,457.16869615612853,453.37319057475315,453.5964660644531,84232200
2024-01-05,453.8003122508208,456.66393818647634,452.7713549830218,454.2177429199219,86118900
2024-01-08,454.71275316529835,460.8476889622242,454.5865552720958,460.70208740234375,74879100
2024-01-09,458.05208481523704,461.02247554943773,457.54732279548995,460.00323486328125,65931400
2024-01-10,460.275022232607,463.4686883884697,459.99350610212235,462.604736328125,67310600
2024-01-11,463.60455806414546,464.119036700077,458.4306513904914,462.40087890625,77940700
2024-01-12,463.84719564870727,464.58494971105563,461.31363965656635,462.7211608886719,58026400
2024-01-16,461.3427529504032,462.65319658217305,459.207164709733,461.02239990234375,85014900
2024-01-17,458.0035703058881,458.94516670999695,456.1106608508071,458.4598083496094,68843900
2024-01-18,460.12938495584103,463.09005873569527,458.58594911701266,462.5367431640625,91856200
2024-01-19,463.6628015298727,468.58434205067863,462.5853202688259,468.3028259277344,110834500
2024-01-22,469.83653714242234,471.0110958989677,468.6425450951434,469.2929382324219,75844900
2024-01-23,469.83653570981716,470.90430023582877,468.7493378931313,470.66162109375,49945300
2024-01-24,473.525295727068,474.45717543420074,470.68110299788805,471.1761779785156,81765000
2024-01-25,473.3020267275593,474.01066056996024,471.17618444820096,473.7388610839844,72525000
2024-01-26,473.3117458196852,474.7969411657135,472.2925051479898,473.13702392578125,76641600
2024-01-29,473.4476564539632,477.0296033689382,472.90405748370506,476.88397216796875,61322800
2024-01-30,476.1946921260682,477.22364926399433,475.757857843928,476.5150451660156,58618400
2024-01-31,474.31152767890586,474.7580490082776,468.7201907326481,468.7396240234375,126011100
2024-02-01,470.43842101293257,474.90372358641025,469.6327095934461,474.8746032714844,91891600
2024-02-02,475.31136898916844,481.523949196212,474.97161226030033,479.8737487792969,99228200
2024-02-05,479.2428126687566,479.90289286822576,475.87442477356564,478.12646484375,75757100
2024-02-06,479.06815840244417,479.84474963938254,477.64120347999204,479.51470947265625,55918600
2024-02-07,481.75701266267623,483.9314086511629,480.85422359252465,483.5140075683594,70556500
2024-02-08,483.51391920150996,484.1060420771884,482.6985208548494,483.72747802734375,52343600
2024-02-09,484.2322866772762,486.9599980744067,483.8925299274153,486.523193359375,63979400
2024-02-12,486.49406987855394,488.75582660767503,485.59128089218916,486.30963134765625,56502300
2024-02-13,480.04846760997253,482.5334996770295,476.35003982173856,479.61163330078125,113099200
2024-02-14,482.2423099561509,484.4555426281319,479.9222830533005,483.9701843261719,68387800
2024-02-15,484.66912826614583,487.49391729462275,484.1934569596569,487.3094787597656,61683000
2024-02-16,487.0085316428908,488.14425347916483,484.1449058140717,484.8826599121094,75532900
2024-02-20,483.14507545774694,483.8148722929186,479.970842787005,482.21319580078125,71736700
2024-02-21,480.9124629140013,482.8053426352379,479.1069145137689,482.6500244140625,59293400
2024-02-22,489.25091074641995,493.59970240133447,488.2898811137423,492.6387023925781,76402500
2024-02-23,494.3568250348437,495.1916567031526,492.25038663284334,492.9784240722656,61321800
2024-02-26,493.4152350521733,493.8520693709636,491.0466841824756,491.1728820800781,50386700
2024-02-27,491.86214231163,492.30866367947897,489.9692329795254,492.08538818359375,48854500
2024-02-28,490.5322390639573,492.01743437576624,490.17307863790023,491.4350280761719,56506600
2024-02-29,493.19197313484807,494.8130532117829,490.55162288856457,493.20166015625,83924800
2024-03-01,494.075392019808,498.2591489639279,493.6676779750869,497.83203125,76844800
2024-03-04,497.03607301464484,499.1425115484434,497.00692307628157,497.2981262207031,49799300
2024-03-05,495.2984545471132,495.745005535815,490.1245478315941,492.32806396484375,72855600
2024-03-06,495.5993152849811,497.074823378055,493.53171394872805,494.82275390625,68382400
2024-03-07,498.1135389799133,500.7830096761973,494.8810360564722,499.734619140625,58652100
2024-03-08,500.36560770630734,503.04473579557066,496.1623881738849,496.735107421875,86532500
2024-03-11,495.53145243574386,496.8904498381802,493.6094227797772,496.3080139160156,62557200
2024-03-12,498.41449998303995,502.2294094929587,495.9003176684613,501.6470031738281,73114400
2024-03-13,501.9673185575223,502.1420404607562,499.424045441815,500.8606872558594,55104100
2024-03-14,501.8313823905043,501.98673024081194,496.832226949847,499.8705749511719,110171800
2024-03-15,496.80816405826874,498.2590460217431,494.77306623402836,496.4381408691406,107646300
2024-03-18,500.4985887866016,501.93969410963876,498.97956820958467,499.3885192871094,88893300
2024-03-19,498.6971497497458,502.4459962981956,497.69417669493055,502.16363525390625,60755300
2024-03-20,502.2220766323413,506.94465591796825,501.5501987684062,506.8083190917969,69594600
2024-03-21,509.6419595938359,510.34301859328446,508.20079481953724,508.48321533203125,60256100
2024-03-22,508.3955498176283,508.88241615238655,507.2854803107173,507.51922607421875,79070800
2024-03-25,506.14624650613894,507.2660628859731,505.961234915521,506.1170654296875,48512100
2024-03-26,507.53866742888704,507.87950952715136,504.78304672651166,505.1822509765625,65463700
2024-03-27,508.00612262936903,509.46672172053235,505.8444050698442,509.427734375,82999800
2024-03-28,509.4666590943707,510.8298490860622,509.0479612048705,509.330322265625,96294900
2024-04-01,510.07045141241963,510.6059925472889,507.2855305336226,508.44427490234375,62477500
2024-04-02,504.62724203503336,505.3477947483364,502.9134629158643,505.2115173339844,74230300
2024-04-03,504.1208992573895,507.266096506351,504.07222450545925,505.7665100097656,59155800
2024-04-04,509.7686290685647,510.1094117855476,499.2912543314948,499.5931091308594,96858100
2024-04-05,500.9465048519071,506.7694068986325,500.5083132867227,504.81219482421875,74546500
2024-04-08,505.5133313161047,506.51624504555883,504.28641866242464,505.0945739746094,48401800
2024-04-09,506.8278303713481,507.0712635271461,500.8393509659492,505.6788330078125,68049200
2024-04-10,499.9922143304957,502.60181066009386,498.6387711363,500.61541748046875,82652800
2024-04-11,502.1344572387197,505.8346295064768,498.6290433917763,504.3935241699219,70099000
2024-04-12,500.85889444352966,502.27081877394835,495.70784003413945,497.4313659667969,92561100
2024-04-15,501.5989519571189,501.7644698822578,490.3523209615631,491.1994934082031,92101400
2024-04-16,491.6765860412786,493.19560665785394,489.01828510429004,490.3036193847656,73484000
2024-04-17,492.7574157801548,492.9229634124424,486.00945537176443,487.4018859863281,75910300
2024-04-18,488.794360179131,490.8878795783521,485.46418121059236,486.3989562988281,74548100
2024-04-19,486.32104754330464,487.3142441699,480.8876025986124,482.1534729003906,102212600
2024-04-22,484.7533503648902,489.18385210193054,482.41639776348796,486.5937194824219,67961000
2024-04-23,488.5995792337359,492.7963646750655,486.4086807205422,492.367919921875,64633600
2024-04-24,493.25400289949073,494.04272395926796,489.91410708182036,492.13421630859375,55928100
2024-04-25,486.0678932982719,491.0241892900092,484.4222826199273,490.2646789550781,69122400
2024-04-26,493.04956028124485,496.48683553540934,492.41663996726425,494.9093933105469,64306100
2024-04-29,496.69128964862307,497.33395677101214,493.9258924563797,496.6620788574219,46415400
2024-04-30,495.20149000874,496.1752226900087,488.7943420410156,488.7943420410156,77483600
2024-05-01,488.2100967940072,494.841213980312,486.7397509352648,487.2071533203125,80242800
2024-05-02,490.90736213065725,492.6016773299733,486.42818551774343,491.7642517089844,62550200
2024-05-03,497.73321224009646,499.08668524553275,495.20150126804214,497.85980224609375,72756700
2024-05-06,500.25513498697876,503.039996024656,499.81694342031363,503.0010681152344,47264700
2024-05-07,503.9650423598839,504.94852179554,502.88421343694205,503.55609130859375,52561300
2024-05-08,501.72543965182825,504.14027734043043,501.6085965012132,503.604736328125,42047200
2024-05-09,503.7898682306733,506.54554862676025,503.1374839119154,506.5065612792969,43643700
2024-05-10,508.103397108136,508.91161179352076,505.941739299708,507.1589050292969,52233200
2024-05-13,508.83376404779614,508.9408603825465,506.0878306657376,507.2270812988281,36716400
2024-05-14,507.42181386177714,510.0703976103099,506.88627278339663,509.5542907714844,57535900
2024-05-15,512.0179402902028,516.1563047340521,511.38499019072265,515.8641967773438,59504900
2024-05-16,515.9614786446474,517.558414507879,514.6566506998298,514.802734375,50244800
2024-05-17,514.9195824580145,515.6109540647997,513.4687302561026,515.5427856445312,59187600
2024-05-20,515.6595382886503,517.5972564963745,515.2700215074756,516.1366577148438,37764200
2024-05-21,515.3772666864285,517.5584184029028,515.1727614260365,517.402587890625,33437000
2024-05-22,516.7113097871478,517.4221156794935,513.7413773413039,515.912841796875,48390000
2024-05-23,518.9606609347318,519.0677572803991,510.9370526401655,512.14453125,57211200
2024-05-24,513.9847589456947,516.3412347653415,513.0402667962413,515.5330200195312,41291100
2024-05-28,516.3413100648252,516.5749964273494,513.2642811397658,515.8933715820312,36269600
2024-05-29,511.871810616093,513.4589997088932,511.56995584928654,512.28076171875,45190300
2024-05-30,510.7423397089747,511.40447087133504,507.6361297457073,508.8824768066406,46377600
2024-05-31,509.8367770177735,513.6440460717812,504.7441141188356,513.5174560546875,90785800
2024-06-03,515.1241421408643,515.4065032558699,508.87273480704334,513.9361572265625,46835700
2024-06-04,512.6312623824123,515.250605333056,511.17066354967966,514.5105590820312,34632700
2024-06-05,516.8280887412405,520.645104022442,514.8416361330836,520.6256103515625,47610400
2024-06-06,520.9275073614583,521.3559521321091,518.6879340097541,520.6159057617188,30808500
2024-06-07,519.6421291117942,522.787325920015,518.5515533208824,519.9829711914062,43224500
2024-06-10,519.1747616812378,521.9109480214009,518.5807990347079,521.589599609375,35686100
2024-06-11,520.0414093421914,522.9041857425336,518.0744503489441,522.8457641601562,36383400
2024-06-12,527.4029415427591,529.8275268910288,526.1078601787983,527.1400146484375,63251300
2024-06-13,528.8829186945259,529.0581834417079,525.4164327979901,528.2012939453125,44760900
2024-06-14,526.6724673865745,528.5517640797698,525.6694943308721,528.5225830078125,40089900
2024-06-17,527.8409678567655,534.1215548157255,527.3832826445532,532.7290649414062,55839500
2024-06-18,532.7876213507444,534.2092926573293,532.3689233717765,534.0827026367188,41376400
2024-06-20,535.0076850141029,535.669816103357,530.8595742964317,532.6317749023438,70328200
2024-06-21,531.810221745453,533.0313142277637,530.4621308750893,531.9176635742188,64338600
2024-06-24,531.7418545665156,534.3012597413704,530.0713785197397,530.1885986328125,45528700
2024-06-25,531.4096852385123,532.5917242597523,529.8955424418219,532.2302856445312,37936200
2024-06-26,531.1167351250136,533.6077524053179,530.4720243887124,532.8946533203125,38550600
2024-06-27,532.7578670304722,534.311123211826,532.0154331135317,533.7347412109375,35041500
2024-06-28,534.5063503169283,537.5542520433446,530.3937489459842,531.6343383789062,76144500
2024-07-01,533.0117265646933,533.2559450469041,529.9736629556671,532.7284545898438,40297800
2024-07-02,531.126400132376,536.3135986328125,531.0775683576217,536.3135986328125,40434800
2024-07-03,536.0010708200014,539.068469909586,535.9620173191718,538.70703125,32789900
2024-07-05,539.0097918869257,542.2139076372644,538.3747999305978,541.8134155273438,41488400
2024-07-08,542.5948722312855,543.3861377502993,541.3737797869028,542.4385986328125,36110500
2024-07-09,543.396013525926,544.2947210316149,542.6731362089374,542.9661865234375,27289700
2024-07-10,544.1872742397521,548.6808713510104,543.8942239279161,548.3389892578125,38701200
2024-07-11,548.4561564855596,549.3255886798729,542.9759074999535,543.61083984375,53054200
2024-07-12,544.7343860301963,550.6346849623752,544.2655054755963,547.039794921875,53084400
2024-07-15,549.0325654558818,551.7775792240066,546.6880438244344,548.5441284179688,40584300
2024-07-16,549.8530274778409,552.090047326324,549.1008154677004,551.7969970703125,36475300
2024-07-17,545.8772131422685,547.5476892504238,543.7378565645935,544.0602416992188,57119000
2024-07-18,545.5939606590898,546.5806130354061,537.7008012722223,539.8792114257812,56270400
2024-07-19,539.644738170822,541.2663824595259,535.2390267295067,536.2940673828125,65509100
2024-07-22,540.2113760766848,542.4288993582354,538.277184442637,541.8232421875,43346700
2024-07-23,541.7157629327536,543.8648979607326,540.4849516029554,540.973388671875,34439600
2024-07-24,536.1670544374522,536.4698829953903,527.7952370228695,528.7135009765625,74515300
2024-07-25,528.8307523766035,534.7994982405838,525.0209792890996,525.958740234375,61158300
2024-07-26,529.7392217162956,534.5356464631268,528.9674531548811,531.8492431640625,53763800
2024-07-29,533.3928583100442,534.3990077101311,530.1691258203317,532.1619873046875,39515800
2024-07-30,533.6273139750385,534.6823548134623,526.0663171509535,529.4658203125,46853600
2024-07-31,536.2843251839307,540.6998152024645,534.9167372159726,538.072021484375,65663400
2024-08-01,539.7912440920945,542.0380422456446,526.955106117804,530.4523315429688,76428700
2024-08-02,523.3603002519518,524.5716145988897,516.3756265717791,520.5762329101562,82789100
2024-08-05,499.8078827767836,511.47176200774925,498.4695402072865,505.4151306152344,146267400
2024-08-06,507.2124748611044,517.4989864003181,505.8937188490462,510.07476806640625,84826300
2024-08-07,516.248598311969,519.2965001883216,506.06958745039486,506.66546630859375,70698300
2024-08-08,511.79405372836936,519.0033889369354,509.77197692780607,518.3782348632812,63276600
2024-08-09,517.5575496711185,522.1488688468696,516.3364573171235,520.6640014648438,45619600
2024-08-12,521.8559471668351,523.3407552909962,518.6713279832952,520.9376831054688,42542100
2024-08-13,524.1222955084382,529.7393216479126,523.878076980635,529.5048217773438,52333100
2024-08-14,530.2959605592147,532.3572097547438,527.6291139531684,531.1751708984375,42446900
2024-08-15,536.7923373384469,540.5630571909627,536.1866801444643,540.27978515625,60846800
2024-08-16,538.6678476452682,542.1846298407453,538.5115740387317,541.4910278320312,44430700
2024-08-19,541.9013070349608,546.66845703125,541.0514314058853,546.66845703125,39121800
2024-08-20,546.2190851764095,547.8700045132335,544.4411674580102,545.7794799804688,33732300
2024-08-21,546.8247712917706,549.1106230342316,541.9012882335657,547.6550903320312,41514600
2024-08-22,549.5502187339081,550.155875826028,542.1454973391976,543.3568115234375,56121500
2024-08-23,546.5904001832064,550.0680696349215,544.4021520897437,549.1302490234375,50639400
2024-08-26,550.1559715338451,550.8690705771505,546.1214765619129,547.8212280273438,35788600
2024-08-27,546.5512887213379,549.0618623501647,545.4083627021253,548.5734252929688,32693900
2024-08-28,548.2315309438809,548.661357929549,542.204174863817,545.3887939453125,41066000
2024-08-29,547.3522554939839,550.6443160255352,544.294635177053,545.4375610351562,38715200
2024-08-30,547.8017316610252,551.1524028130747,544.2556737558524,550.6444091796875,62700100
2024-09-03,547.508549729637,547.8407131286382,536.8020487007664,539.3126220703125,60600100
2024-09-04,537.4762066412244,541.6083655035815,536.7533292597282,538.2088623046875,47224900
2024-09-05,538.1501466111926,540.9928237930679,534.4477558926965,536.8997192382812,44264300
2024-09-06,537.2221175565589,538.8437022454943,526.9649400293706,527.8636474609375,68493800
2024-09-09,532.054494369654,535.0437266855093,530.1300214174476,533.7737426757812,40445800
2024-09-10,535.678706144088,536.450474898389,530.8138918516801,536.0987548828125,36394600
2024-09-11,536.0108196239122,542.5167747623394,527.4729497044474,541.5985107421875,75248600
2024-09-12,542.1747991721596,546.4632899534062,539.957276313442,546.1604614257812,51819600
2024-09-13,546.7661412876428,550.0093699640063,546.5121445202687,549.012939453125,39310500
2024-09-16,548.7493161553681,550.0876290701726,546.9519009753941,549.8239135742188,36656100
2024-09-17,552.0314851715059,553.477299266029,547.8211605278194,550.0484619140625,49321000
2024-09-18,550.7030274298603,555.5385664291312,547.8603498689396,548.4171752929688,59044900
2024-09-19,557.8048475354702,559.6315971955383,554.9426137920285,557.7755126953125,75315500
2024-09-20,556.4095588022268,557.8499393877719,553.7932621282835,556.811279296875,77503100
2024-09-23,557.8793836152081,558.8494456443765,556.6642942041962,558.2026977539062,44116900
2024-09-24,558.9964868304339,559.8587776289324,556.1744550910837,559.7999877929688,46805700
2024-09-25,559.6431398003925,560.3780425284191,557.4579883539482,558.5652465820312,38428600
2024-09-26,562.817932214862,563.1413061737785,558.4281322177342,560.77978515625,48336000
2024-09-27,561.8478858705382,562.6611352170194,558.9376397719122,559.9664916992188,42100900
2024-09-30,558.9376557740085,562.8179640810873,556.6447925339722,562.21044921875,63557400
2024-10-01,561.8576367225866,562.5043247858904,554.6065728022052,557.173828125,72668800
2024-10-02,556.2823034605133,558.4282222492225,553.8914170466389,557.4091186523438,38097800
2024-10-03,555.9392527365582,558.3301388916863,554.106899883147,556.3900146484375,40846500
2024-10-04,560.8287218708198,561.818400406846,556.6642732473864,561.446044921875,42939100
2024-10-07,559.7999688939893,560.4467168743025,555.22399069742,556.3704223632812,49964700
2024-10-08,558.9376197622599,562.230029540932,558.0655806170524,561.6322631835938,37398700
2024-10-09,561.6224751598685,566.0809331902332,561.0247685875196,565.5223999023438,37912200
2024-10-10,564.1800978620382,565.9536612034724,562.9258348238808,564.5328369140625,44138100
2024-10-11,564.4543586951436,568.6482329129351,564.3171624790748,567.913330078125,42268000
2024-10-14,569.520288010914,573.4888112745962,569.0401610478535,572.5579223632812,36217200
2024-10-15,572.8224268603595,573.1261842726946,566.8941634738084,568.1092529296875,54203600
2024-10-16,568.1093193754714,571.097912292803,567.3058184280349,570.5785522460938,30725400
2024-10-17,574.1158386665669,574.3216329805343,570.4413246734956,570.6275024414062,34393700
2024-10-18,572.3128969974695,573.6063330690159,570.8528997080355,572.8224487304688,37416800
2024-10-21,572.0972566282711,573.0771269383695,568.9126781204517,571.8817138671875,36439000
2024-10-22,569.3536780068462,572.7342428128154,568.697181591541,571.5780029296875,34183800
2024-10-23,569.5593582450659,570.0003117934486,562.8570198066266,566.3551635742188,49314600
2024-10-24,568.3052948235324,568.3837012123148,564.9639626077603,567.5802001953125,34979900
2024-10-25,569.8044663478088,572.6950960929863,566.4435179318251,567.3841552734375,47268200
2024-10-28,570.8530181405971,570.9804061002756,568.8344871419546,569.1382446289062,30174700
2024-10-29,568.1778099310847,571.1762108700161,566.7864107519835,570.0592041015625,42899700
2024-10-30,569.5889199783458,571.578085865319,567.629178914475,568.334716796875,41435800
2024-10-31,563.9741674152153,564.0427655154251,556.9974954170759,557.1934814453125,60182500
2024-11-01,559.8195584319851,563.9643910438907,559.1336371976272,559.545166015625,45667500
2024-11-04,559.6823835212687,560.9758196621659,556.4586313456186,558.3399658203125,38217000
2024-11-05,559.251198693126,565.1304208425688,559.0356559214524,565.0912475585938,39478300
2024-11-06,577.3396500855225,580.0146771322202,573.6063462638446,579.142578125,68182000
2024-11-07,581.1415644099445,584.639708979933,581.063158030651,583.62060546875,47233200
2024-11-08,584.1693242787533,587.5695056932594,584.1693242787533,586.148681640625,46444900
2024-11-11,587.7360051791314,588.0887441353201,584.9825720146739,586.7071533203125,37586800
2024-11-12,586.6287817012992,587.2264882691159,582.4055428293386,584.8846435546875,43006100
2024-11-13,585.3451927424278,587.1677373847895,582.9837313260188,585.1688232421875,47388600
2024-11-14,585.2962448517161,585.7763718199695,580.7202664359244,581.4061279296875,38904100
2024-11-15,577.8491633593196,578.3195418358689,572.1071369723535,573.9591064453125,75988800
2024-11-18,574.4195885423085,577.6237838402152,573.5573576252949,576.310791015625,37001700
2024-11-19,572.9400989259979,579.1426361014928,572.2737941658764,578.4175415039062,49412000
2024-11-20,578.495884693383,578.8976052377521,572.8616299600318,578.6134643554688,50032600
2024-11-21,581.4550801704302,583.1404284379229,575.6248397212988,581.7196044921875,46750300
2024-11-22,581.7098478799927,584.1497754660484,581.2101642027249,583.5226440429688,38226400
2024-11-25,587.451946771504,588.7649396726674,583.2188992835091,585.5020141601562,42441400
2024-11-26,586.746407902425,589.2255088244219,586.0311216188419,588.5592041015625,45621300
2024-11-27,588.3729502321648,588.7550542016285,585.256969810655,586.7757568359375,34000200
2024-11-29,587.5891193661275,591.204843913549,587.3147867247623,590.4209594726562,30177400
2024-12-02,590.8324390421951,592.1552999944694,590.3425038316959,591.4791870117188,31746000
2024-12-03,591.2440480710218,591.9985076527607,590.2151960547985,591.7535400390625,26906600
2024-12-04,593.4389336760423,595.6730071584342,592.7726289600115,595.4280395507812,42787600
2024-12-05,595.4279293312596,596.231430112411,594.095320145877,594.4480590820312,28762200
2024-12-06,595.212525949607,596.8097196143469,594.8009970944031,595.5750732421875,31241500
2024-12-09,595.4574149257465,595.6239761392873,591.9200973185369,592.5079956054688,34742700
2024-12-10,593.184106485161,593.6054435570935,590.0093361336401,590.6658325195312,37234500
2024-12-11,593.5858806768452,596.1825011825678,593.3114882757061,595.2320556640625,28677700
2024-12-12,594.3698085144841,594.9380902901107,592.1651000976562,592.1651000976562,31543800
2024-12-13,594.1934038090473,594.9086900260288,590.6756429397628,592.0474853515625,35904700
2024-12-16,593.8014854078001,595.5456834945226,593.0274092921627,594.5755615234375,43695200
2024-12-17,592.0278913761272,592.9881452170704,590.7540718346318,592.1258544921875,55773500
2024-12-18,591.822113059209,594.2031909866316,574.0962907751041,574.4784545898438,108248700
2024-12-19,579.456129686489,581.0631314525076,574.057034359764,574.302001953125,85919500
2024-12-20,571.9778279294948,585.7225012446567,571.132257605004,581.199951171875,125716700
2024-12-23,580.9443313472664,585.2800771480029,577.7686569320756,584.6803588867188,57635800
2024-12-24,586.0272849416975,591.2184422848073,585.4471892507113,591.1790771484375,33160100
2024-12-26,589.4093887705021,592.3392110668057,588.0133066034633,591.2184448242188,41219100
2024-12-27,587.4823184826345,587.7183292627742,580.8164691334702,584.9949340820312,64969300
2024-12-30,577.9948115421023,581.7799853973963,574.5733451400716,578.3192138671875,56578800
2024-12-31,579.9807622286955,580.6985158642835,574.583178079053,576.2152709960938,57052700
2025-01-02,579.4695486945864,581.180251846637,570.7291685588775,574.7994995117188,50204000
2025-01-03,577.6408633877121,582.6254735449975,576.5593423217554,581.9864501953125,37888500
2025-01-06,586.2337670283534,589.6060270134918,583.608664526265,585.3390502929688,47679400
2025-01-07,587.3643167301589,587.6887790314382,576.903452910936,578.7222900390625,60393100
2025-01-08,578.7911287868388,580.6394897953063,575.3500401020275,579.5678100585938,47304700
2025-01-10,576.0186519228087,576.0874809051687,568.8120114375996,570.7193603515625,73105000
2025-01-13,566.0788468496604,571.9581742427216,565.6658729466735,571.604248046875,47910100
2025-01-14,574.5241441869972,575.1533862250869,568.6152938144415,572.3906860351562,48420600
2025-01-15,580.3937768602567,583.9430001285099,579.2827918470954,582.8025512695312,56900200
2025-01-16,584.1690862304802,584.34604932179,580.9836305712422,581.6817016601562,43319700
2025-01-17,586.9121689712896,589.2717368825727,585.5848557638515,587.521728515625,58070600
2025-01-21,590.5597127423754,592.9094994878243,588.5933760531964,592.899658203125,42532900
2025-01-22,595.7213992287225,597.5894432517595,595.1708273073808,596.232666015625,48196000
2025-01-23,595.6033506126263,599.4868774414062,595.3280946897063,599.4868774414062,41152100
2025-01-24,599.5458113037603,600.4995156835615,596.5864653530726,597.7367553710938,34604700
2025-01-27,584.7983708814467,589.5962372876534,584.6312490621345,589.2816162109375,70361100
2025-01-28,590.5105293609671,595.1805787054238,587.1972570477369,594.3449096679688,44433300
2025-01-29,593.5583671362218,593.9614997638901,589.1341095636221,591.6805419921875,37177400
2025-01-30,593.7943615542468,596.3898803192325,590.6088457833347,594.8561401367188,39281300
2025-01-31,597.2747575383468,599.6933732210748,590.9333098394596,591.6903686523438,66566900
2025-02-03,582.6943625959686,590.1861005375324,580.5510628181718,587.7085571289062,65857200
2025-02-04,587.7675957701897,592.1623298220667,587.2268651385132,591.651123046875,33457800
2025-02-05,590.5302274178379,594.1974260072697,588.5049031019603,594.0499267578125,30653100
2025-02-06,595.7901616750784,596.242440705887,592.4867305159943,596.1146240234375,35771500
2025-02-07,596.6750050236558,597.8941240756534,589.9501076619601,590.6580200195312,50788500
2025-02-10,593.863227291288,595.30845601079,592.5949016719809,594.6693725585938,26048700
2025-02-11,592.4080280097315,595.662312577201,592.2900526181724,595.12158203125,30056700
2025-02-12,589.1144530437037,594.3743794070193,588.4360645213627,593.2044067382812,45076100
2025-02-13,594.3055902381474,599.6737110792319,593.047165943141,599.4672241210938,40921300
2025-02-14,599.6736338799176,600.7059485220444,598.8182823186273,599.4376831054688,26910400
2025-02-18,600.5979135172886,601.1976318359375,598.1399925315113,601.1976318359375,26749000
2025-02-19,599.8113366176324,602.908280775238,599.3000698962699,602.6133422851562,31011100
2025-02-20,601.2467110134413,601.3843689751305,596.8028311734677,600.1062622070312,36554000
2025-02-21,599.8899930676969,600.0276510429451,589.3799206723878,589.842041015625,76519800
2025-02-24,591.8869960824046,592.8800056614799,586.4500466079941,587.157958984375,50737200
2025-02-25,587.098968367302,587.8265033006376,579.6366946428752,584.2379150390625,58266500
2025-02-26,585.8995163780398,589.4881049123491,581.8980139327481,584.5328979492188,43321600
2025-02-27,586.8039490929929,587.9542991571739,574.809344386224,575.2025756835938,74196700
2025-02-28,575.7039886670112,584.70978328648,572.636508577737,584.1788940429688,88744100
2025-03-03,586.1452445030724,587.2857532860544,570.1392964764723,573.9441528320312,74249200
2025-03-04,569.9525786591505,575.5369680083471,562.6181207422406,567.1505126953125,109648200
2025-03-05,566.9833769883293,575.0355284425119,563.4341535288585,573.2461547851562,71230500
2025-03-06,565.7935250982614,570.4045856114026,560.5237587997615,563.0701904296875,80094900
2025-03-07,561.2907933786839,567.6715458955733,556.1094773560538,566.2262573242188,81158800
2025-03-10,558.0364891964213,559.9536192631458,546.2384702857362,551.1444702148438,99326600
2025-03-11,549.9843938775969,554.5266268117218,542.728606721458,546.5629272460938,88102100
2025-03-12,552.7076387923001,553.6318192815521,544.3703918307585,549.4631958007812,69588200
2025-03-13,549.0896174558009,549.6991769603108,540.4279077137791,542.1386108398438,74079400
2025-03-14,546.7496748611676,554.3397648685512,542.2074423986709,553.3369140625,62660300
2025-03-17,553.3172833424321,560.1208513978755,552.8846868765244,557.6039428710938,49008700
2025-03-18,555.2934322950165,555.5097605205915,549.6500559715837,551.5770874023438,66041400
2025-03-19,553.3566169353411,561.3399385264869,552.1768030039566,557.584228515625,66556000
2025-03-20,553.848245552193,560.966374832501,553.1304918485869,555.9718627929688,62958200
2025-03-21,551.5205297947124,557.0526817242638,550.2878724028328,556.1552734375,83763000
2025-03-24,562.8805908120635,567.1702741261835,562.2889394113844,566.1151123046875,58766800
2025-03-25,567.3181993393742,568.4127846067184,565.73055113845,567.4760131835938,38355700
2025-03-26,567.2097618801449,568.3339598573967,559.3207546377017,560.7013549804688,51848300
2025-03-27,559.3108077400744,562.9792269072261,557.1018956425098,559.2122192382812,42164200
2025-03-28,557.6838014665011,558.4135249923543,547.3689030262066,547.95068359375,71662700
2025-03-31,542.201606334121,552.93066066187,539.2826520783074,551.6289672851562,95328200
2025-04-01,549.7159501655996,555.1297722698289,545.998235889195,553.1870727539062,54609600
2025-04-02,547.3491617248258,559.5475341360295,547.1125011420022,556.6878051757812,76014500
2025-04-03,537.5471385326381,540.3674444952709,529.2538452148438,529.2538452148438,125986000
2025-04-04,516.404523136506,518.5740121118964,498.05273494035157,498.2696838378906,217965100
2025-04-07,482.402887644306,515.9114234247066,475.1154034595348,497.38214111328125,256611400
2025-04-08,514.6196468974629,517.6963548854247,482.3733480760591,489.591796875,165816600
2025-04-09,486.59399925019795,541.0084228515625,486.20939567811143,541.0084228515625,241867300
2025-04-10,524.7866027854379,526.0981670837639,502.25365007002944,517.3019409179688,162331200
2025-04-11,515.7537548286505,528.9875485351057,512.8545420601603,526.5321044921875,97866300
2025-04-14,536.5017912856171,536.7286411738348,526.453165817952,531.6401977539062,68034000
2025-04-15,532.1824786951643,535.6930840370895,529.3621734315309,530.1510620117188,56892900
2025-04-16,524.3033791384568,530.4272422697393,513.0713913810127,518.3668823242188,83484800
2025-04-17,520.3194821276195,523.800475242003,516.6411916080497,519.1065063476562,79868100
2025-04-21,513.9293002870572,514.4618467446136,501.40552056556845,506.7503356933594,69368100
2025-04-22,512.9235950678715,521.956482797522,511.9867633247528,519.9349365234375,75948100
2025-04-23,532.9319549297188,537.8625838932508,526.4728430251603,527.991455078125,90590700
2025-04-24,529.2734571828396,539.8348871004667,528.0211182344198,539.1051635742188,64150400
2025-04-25,539.0657336001437,543.4046513367819,536.1467793425768,543.0003662109375,61119600
2025-04-28,543.7400050325934,545.8700106135369,537.4583875113086,543.2074584960938,47613800
2025-04-29,541.294298062473,547.7435994540236,540.9393072120234,546.6292724609375,47775100
2025-04-30,539.9729233205555,548.7987614609631,534.0068741379372,546.84619140625,93101500
2025-05-01,552.5954041380958,556.2440822591161,550.1202183270924,550.7217407226562,63186100
2025-05-02,556.8948640346016,560.4942476694231,554.5774922291787,558.896728515625,60717300
2025-05-05,554.7648727126054,558.788283367358,553.9069479669498,555.6918334960938,38659200
2025-05-06,550.1891944565425,555.533979770925,549.2326812616892,551.047119140625,48264700
2025-05-07,552.3784371058738,555.9975022415719,548.3254139860352,553.3645629882812,55588000
2025-05-08,557.3977713110521,562.3974366423718,553.9069074354913,557.2202758789062,65130800
2025-05-09,558.6205786168767,559.6264462916283,554.9522191721212,556.5103149414062,37603400
2025-05-12,573.4026196086874,574.9114211824733,569.0340889310521,574.9015502929688,78993600
2025-05-13,575.3155948085854,580.9069711222367,574.7535560992819,578.6980590820312,67947200
2025-05-14,579.6546018902411,580.8083522191259,577.4160770724685,579.4376831054688,66283500
2025-05-15,577.4358426248243,582.770756919371,576.9822030720642,582.2678833007812,71268100
2025-05-16,583.0469103495059,586.2518193704545,581.1042713102905,585.9559936523438,76052100
2025-05-19,579.9406951842692,587.2774752678645,579.9406951842692,586.5970458984375,68168500
2025-05-20,584.8614155899625,585.8080578995526,581.419785763877,584.6246948242188,60614500
2025-05-21,580.2759146876367,584.3584902721909,573.7477661832594,574.7733154296875,95197700
2025-05-22,574.5760959985981,578.4811762683786,573.3434386116112,575.0001831054688,70860400
2025-05-23,567.9887994120531,573.7379304924723,567.6140667399493,571.0753784179688,76029000
2025-05-27,577.9387671986972,583.1060568711622,570.4047514802384,582.9483032226562,72588500
2025-05-28,583.3526236048898,584.545857588394,578.8460211072919,579.5757446289062,68445500
2025-05-29,584.8318350718904,584.9699071457442,577.9388245287198,581.8635864257812,69973300
2025-05-30,580.7591899526665,582.928679235147,575.1481304892388,581.2128295898438,90601200
2025-06-02,579.605419698203,584.5656021144322,576.9428674958667,584.4867553710938,61630500
2025-06-03,584.121791379625,588.7960181097066,583.6385391723649,587.8197631835938,63606200
2025-06-04,588.6777869901737,589.6540420807372,587.2281505008873,587.6620483398438,57314200
2025-06-05,589.3383724752952,590.6893600195378,582.8496477946317,584.8218994140625,92278700
2025-06-06,590.3540722792903,592.4940086999786,588.5790577947733,590.8274536132812,66588700
2025-06-09,591.3994087206146,592.9082102708385,590.1864930975049,591.3599853515625,53016400
2025-06-10,591.8925244948556,595.0974340255312,590.7782574774766,594.712890625,66247000
2025-06-11,595.8074157747775,596.6653405011278,590.9556931519085,593.0166625976562,73658200
2025-06-12,591.6853124635808,595.3734130859375,591.2021204830944,595.3734130859375,64129000
2025-06-13,590.1963519379123,593.499849631983,587.218232455665,588.7171630859375,89506000
2025-06-16,592.0700235861916,596.0638215052488,591.8924679557008,594.318359375,79984100
2025-06-17,591.8826784891205,593.401290785268,588.480531921813,589.2398681640625,82209400
2025-06-18,590.1371267775953,592.8785252065284,588.1944276516227,589.1510009765625,76605000
2025-06-20,591.822378072595,592.8905592906415,586.3628522539952,587.767333984375,94051400
2025-06-23,588.5190130228361,593.9587392448562,585.4035696790836,593.5730590820312,87426000
2025-06-24,597.7072083922786,601.1885919192599,596.7972471416377,600.13037109375,67735300
2025-06-25,601.247995602986,601.940336500435,598.903972841808,600.4666748046875,62114800
2025-06-26,602.3161684365299,605.5997923429508,601.7029677445283,605.1646118164062,78548400
2025-06-27,606.1635425121184,609.6350865938839,604.1360202356653,608.1712646484375,86258400
2025-06-30,610.6142201701539,612.4340220516922,608.2998373553096,611.0790405273438,92502500
2025-07-01,609.6053849111585,612.0483479268365,608.7746241554748,610.8812866210938,70030100
2025-07-02,610.4757300098587,613.6901136433279,609.8526292762224,613.6505737304688,66510400
2025-07-03,615.628656191773,619.4167005776212,615.6088560521965,618.4869995117188,51065800
2025-07-07,616.5286747873084,617.1913758193931,611.0988485499288,613.8780517578125,74814500
2025-07-08,614.5406899285775,615.2923708557059,612.7307881009865,613.5418090820312,59024600
2025-07-09,615.945166968477,617.8737488887257,614.1055045789822,617.2210083007812,66113300
2025-07-10,617.3595500232223,620.000273214104,616.1825885407072,618.9617919921875,57529000
2025-07-11,615.9154666088177,618.0122289852302,614.7187654701638,616.7858276367188,63670200
2025-07-14,616.3307657158283,618.3088477245484,614.985684437804,617.9627075195312,51898500
2025-07-15,620.6430672331502,620.9793073894895,615.2428812967698,615.322021484375,74317300
2025-07-16,616.9044910111767,617.8836320494379,611.276844692317,617.3792114257812,88987500
2025-07-17,617.557284919235,621.5134493059918,617.3396644874989,621.1573486328125,68885700
2025-07-18,622.4035753929759,622.5716954836944,619.5947323692288,620.7024536132812,65621600
2025-07-21,621.87939453125,624.6189973413707,621.4541141003111,621.87939453125,63375000
2025-07-22,622.2058050575365,622.828905853138,619.3277216791315,621.9684448242188,60046300
2025-07-23,624.6289433239532,627.2598266601562,622.8288811376781,627.2598266601562,70511000
2025-07-24,627.6454884244192,629.1785504969665,627.0421878119985,627.4674682617188,71307100
2025-07-25,628.1301809903662,630.5928838363332,627.8829206987424,630.1181030273438,56865400
2025-07-28,630.4939604147171,631.0478210681617,628.5752180855901,629.9598999023438,54917100
2025-07-29,631.3543820995848,631.6708825055948,627.3883778702398,628.2982788085938,60556300
2025-07-30,628.9509803708415,630.6917023127537,624.6189756546709,627.5070190429688,80418900
2025-07-31,632.4523273568442,632.8380075585872,623.857556644127,625.1531982421875,103385200
2025-08-01,619.436379958757,619.475980234049,612.5031927364548,614.9065551757812,140103600
2025-08-04,618.813325728958,624.3024917393647,618.7243458354196,624.2530517578125,73218000
2025-08-05,624.8662177521945,625.6772386500149,620.168272806011,621.0880737304688,68051400
2025-08-06,622.1563552914652,626.4982606508958,621.2464542892866,625.8455200195312,64357500
2025-08-07,629.2674923107387,629.9993730574174,622.2156245224251,625.3212280273438,74205800
2025-08-08,627.1114011688534,630.6620853000642,626.7949007710238,630.1972045898438,64051600
2025-08-11,630.4742118551501,631.947873553624,627.70484826023,628.9510498046875,58742300
2025-08-12,631.2951060550639,635.8051316570012,629.8115442075018,635.6469116210938,64730800
2025-08-13,637.8425547169825,639.1085564704525,635.6370120856271,637.8228149414062,60092800
2025-08-14,635.7457174616427,638.5447207235369,635.300697252298,637.882080078125,59327500
2025-08-15,638.9107148606824,639.0096552004113,635.4787708739423,636.388671875,68592500
2025-08-18,635.814941575414,636.942462907598,635.1424008771667,636.2501220703125,43804900
2025-08-19,636.0720632428176,637.0512042052354,631.4828983695179,632.79833984375,69750700
2025-08-20,632.3929060531275,632.6500060324975,626.013578858981,631.1170043945312,88890300
2025-08-21,629.3071240874224,630.9785456585483,626.864161086776,628.5850830078125,54805800
2025-08-22,630.7709103705197,639.4151205943501,630.2664897119097,638.2381591796875,84083200
2025-08-25,636.9820009718095,638.2183023325629,635.3105191174199,635.42919921875,51274300
2025-08-26,635.1622594491828,638.4359833484747,634.5391586749303,638.0897827148438,51581600
2025-08-27,637.5062787617181,640.2755819843173,637.3578984386413,639.543701171875,48341100
2025-08-28,640.146950913372,642.3623933153343,638.267809046051,641.8085327148438,61519500
2025-08-29,640.374480883152,640.7404816664739,636.0919759234915,637.9810180664062,74522200
2025-09-02,630.5136938017484,633.4709169972102,627.9619508913343,633.2533569335938,81983500
2025-09-03,635.6270824559713,637.1502445176759,633.4413400681225,636.6853637695312,70820900
2025-09-04,637.3578424589464,642.0360478647699,636.4578416280056,642.00634765625,65219200
2025-09-05,644.3404973975818,645.0625384730564,636.2798483910566,640.14697265625,85178900
2025-09-08,641.5118230975241,642.718484610511,640.1370415028089,641.7195434570312,63133100
2025-09-09,641.8579832056892,643.7272854003053,640.1271612550325,643.203125,66133900
2025-09-10,646.4570825189741,647.3768835600082,643.4998590892842,645.0625610351562,78034500
2025-09-11,647.0109525903231,651.1154976382888,646.4274520986086,650.4231567382812,69934400
2025-09-12,650.3934256012134,651.8868873722256,649.7011451004063,650.2055053710938,72780100
2025-09-15,652.4111340519337,653.795755474802,652.1144337731963,653.6671752929688,63772400
2025-09-16,654.2210123755038,654.5276730798186,651.9858301119879,652.7671508789062,61169000
2025-09-17,652.7770367516476,654.4682584259048,647.1295902463727,651.9561157226562,101952200
2025-09-18,654.6364399867887,657.603563340362,653.0341982051615,655.0023803710938,90459200
2025-09-19,656.8877828567474,659.0895125014193,654.9438659954435,658.2465209960938,97945600
2025-09-22,656.7587687117981,661.8069106980723,656.7289861632065,661.3606567382812,69452200
2025-09-23,661.2417286303936,661.8566899635472,656.540685502851,657.7606201171875,81708900
2025-09-24,659.0497999269948,659.1489540239103,654.2495430702726,655.6677856445312,68082200
2025-09-25,652.5338627083877,653.9917550046746,649.0328388399253,652.6429443359375,89622100
2025-09-26,654.0909412604747,656.9274266555326,652.4743298182361,656.3819580078125,69179200
2025-09-29,658.9010899003678,659.8135740530697,656.4216318338509,658.2266845703125,73499000
2025-09-30,657.4828203674869,661.1722852976668,656.173659297658,660.7061157226562,86288000
2025-10-01,657.7208749627936,663.8699431635192,657.611793334362,662.95751953125,72545400
2025-10-02,664.9410037342527,665.0600128657511,661.3011766397112,663.7210693359375,56896000
2025-10-03,664.4848020775174,667.1527012490268,662.6698219114437,663.7112426757812,70494400
2025-10-06,666.1014192164715,666.9841207809839,663.9591941673339,666.0914916992188,54623300
2025-10-07,667.0138297258598,667.4601442579947,662.1838505424819,663.6219482421875,72020100
2025-10-08,664.7426772273783,667.6783772359653,663.919480237528,667.5791625976562,60702200
2025-10-09,667.9957845708525,668.4023890582872,663.7112737749407,665.6452026367188,66501900
2025-10-10,666.6071968358344,668.4122493878771,647.4757221413303,647.6542358398438,159422600
2025-10-13,655.2216030747315,659.664772492732,654.3488290056752,657.5919189453125,79560500
2025-10-14,651.7701536094826,660.3590300864076,647.8030207789583,656.78857421875,88779600
2025-10-15,661.3408732132422,664.7228272522149,653.5156893256119,659.7044067382812,81702600
2025-10-16,661.3409444600238,663.2154294168515,651.710706867285,655.2117309570312,110563300
2025-10-17,654.0810128478913,660.2895852935891,652.7322022395391,658.9308471679688,96500900
2025-10-20,661.8367798071084,666.6866142382812,661.7872027532737,665.7840576171875,60493400
2025-10-21,665.9229005771253,667.4601523988813,664.4748753427003,665.7741088867188,56249000
2025-10-22,666.4783066993808,666.4783066993808,657.8497808005621,662.3128051757812,80564000
2025-10-23,662.6301900162397,667.1825015615415,662.3128121266341,666.2402954101562,65604500
2025-10-24,670.9016937183009,672.8951271271609,670.0983517375236,671.6851806640625,74356500
2025-10-27,677.1201116013259,679.9070199177999,676.5151383891614,679.6094970703125,63339800
2025-10-28,681.4046232640447,683.2493254549719,679.2028936555786,681.41455078125,61738100
2025-10-29,683.0609104229828,684.0328991417463,677.2590027977353,681.7418823242188,85657100
2025-10-30,678.2805222142791,680.303738053287,674.2439575195312,674.2439575195312,76335800
2025-10-31,679.4111219213156,679.4508319897004,673.6587916341136,676.4556274414062,87164100
2025-11-03,680.0359699637585,680.1649066224819,674.3530715971103,677.7251586914062,57315000
2025-11-04,670.5545580097922,674.3729598389511,669.0371611161902,669.6917114257812,78427000
2025-11-05,669.433839434071,675.2655297930335,668.630497422053,672.0125122070312,74402400
2025-11-06,670.9115428502156,671.8140994484131,663.2252231578799,664.8021850585938,85035300
2025-11-07,662.4218719882706,665.5658682287408,655.7769731606511,665.4567260742188,100592400
2025-11-10,671.6752576501947,676.57466917413,669.4834554774103,675.8407592773438,75842900
2025-11-11,674.3629519753922,677.9532020666294,673.1529450781785,677.3878784179688,58953400
2025-11-12,679.1631581075335,679.3318048264125,675.3547447293747,677.7647705078125,62312500
2025-11-13,674.9084518036677,675.2654792192372,665.010475070097,666.5179443359375,103457800
2025-11-14,659.9127671356764,670.1082678298286,657.8201189320223,666.408935546875,96846700
2025-11-17,664.1971714004484,668.1742314199619,656.7290154076413,660.2002563476562,90456100
2025-11-18,656.6596108350068,659.6548153709225,650.4708935566339,654.65625,114467500
2025-11-19,655.3505280387882,661.856623370592,653.3371790986623,657.185302734375,94703000
2025-11-20,667.3808213360044,670.0090710879778,646.5335791707308,647.1683349609375,165293500
2025-11-21,649.6675301260088,659.0894699034471,645.5020288545189,653.6148681640625,123956200
2025-11-24,657.2448196444445,664.5542570793402,656.1538823239337,663.2351684570312,80437900
2025-11-25,663.135941149376,670.6536740212097,659.020017057554,669.4734497070312,81077100
2025-11-26,672.0620713400136,676.0986363282427,671.1595147067713,674.09521484375,71879600
2025-11-28,675.2654787466182,678.0523870500939,674.9084513312986,677.7747192382812,49212000
2025-12-01,673.2323336611282,677.3779800628074,673.1629015749381,674.6803588867188,61201200
2025-12-02,676.316803165018,678.2012155152329,673.7481184984898,675.9300537109375,62953800
2025-12-03,674.9779023816353,679.2822075879724,674.105128319461,678.2706298828125,57238500
2025-12-04,679.6690366334618,679.7384687237238,675.7416137771377,678.7665405273438,61970300
2025-12-05,679.8375623637357,682.7336127271673,678.9549213715281,680.0557861328125,79241000
2025-12-08,680.9484564225444,680.9980334759979,675.9696853695019,678.0127563476562,55231500
2025-12-09,677.5366934232544,679.7582780276033,676.9812972721672,677.4275512695312,58310100
2025-12-10,676.9515664343469,683.3088703732143,675.711837383319,681.92041015625,85671300
2025-12-11,679.51034738166,683.5865617528303,676.5647198382891,683.5072021484375,86173700
2025-12-12,682.5153843270051,683.2195721462687,673.5893360954813,676.1580810546875,113160300
2025-12-15,680.1053789946951,680.1252340287925,673.6687159286942,675.1365356445312,90811000
2025-12-16,673.6488975485244,675.4837328267965,669.4338188610296,673.2918701171875,122030600
2025-12-17,674.3034691132465,674.8489377460819,665.6848710067972,665.8832397460938,110625200
2025-12-18,672.0322187932205,675.1464323222394,669.3544527925658,670.9114990234375,108650100
2025-12-19,673.0134542661981,677.4896664833268,672.8940327515619,676.9923095703125,103599500
2025-12-22,680.3245290528953,681.7370055876305,676.9922622536055,681.2098388671875,69556700
2025-12-23,680.3046207584179,684.562024812114,680.2548972126992,684.3233032226562,64840000
2025-12-24,684.313382495532,687.1781631452748,684.164151137988,686.7305297851562,39445600
2025-12-26,686.989161229118,688.0037280321676,685.6264081645946,686.660888671875,41613300
2025-12-29,683.9055083361335,685.5567672531378,682.4433081832867,684.2138671875,62559500
2025-12-30,683.8159723723246,684.9200900521846,682.9505762759469,683.3782958984375,47160700
2025-12-31,683.5076844111845,683.726492314561,678.1063955310838,678.3152465820312,74144800
2026-01-02,682.0852055985325,683.2390468658663,676.2263268834449,679.55859375,89377200
2026-01-05,682.910839643419,685.7855773037328,682.7517121374489,684.0845947265625,71927200
2026-01-06,684.2934596862484,688.6602678554459,684.1442890432024,688.1529541015625,69273800
2026-01-07,688.5309418430683,690.2916046822218,685.6761181181482,685.9347534179688,75588300
2026-01-08,685.1787573638412,686.9692300361542,683.8557710289468,685.8651123046875,64019200
2026-01-09,686.9791831428475,691.6344363504869,685.5368360184962,690.4010009765625,80125500
2026-01-12,687.0289310253164,692.410366767912,686.979207477028,691.4852294921875,63976000
2026-01-13,691.813478661017,692.4103433578374,687.6953490317495,690.1026000976562,78309700
2026-01-14,687.347202661372,688.0633674208381,682.4134005947378,686.7105712890625,94676700
2026-01-15,690.8983886882239,691.7737417111902,687.5959315038539,688.5806884765625,77862000
2026-01-16,689.9931507530615,690.5800586110835,686.4519720383781,688.0037231445312,79289200
2026-01-20,677.8874730475171,681.1501633341576,672.9934983300664,673.9981689453125,111623300
2026-01-21,676.0572511802958,685.0991655259935,674.5452667925615,681.77685546875,127844500
2026-01-22,686.2033478813381,687.476610793547,683.2888434897402,685.3379516601562,77112200
2026-01-23,684.5123006998919,687.3074439470811,683.5274830754288,685.5865478515625,63059600
2026-01-26,686.8399658941375,690.4607389282814,686.2729717064406,689.068115234375,60473800
2026-01-27,690.5104039402848,692.8480177488461,689.9036431059924,691.8134765625,55506100
2026-01-28,693.3652237572153,694.1510864943795,690.271678492269,691.7438354492188,61172200
2026-01-29,692.7087686795362,693.375209936545,681.2098793986574,690.3711547851562,97486200
2026-01-30,688.1330925763239,690.540343876794,683.4877957603626,688.3121337890625,101835100
2026-02-02,685.9347490634862,693.2458711004026,685.7755608588325,691.73388671875,79286500
2026-02-03,692.529690413304,693.2757257351432,680.4140840721383,685.885009765625,107904600
2026-02-04,686.7006659106327,687.7948875474046,678.1561081391175,682.5626831054688,105204600
2026-02-05,677.3404209861714,680.0758839506523,672.2176206040476,674.0379638671875,113610800
2026-02-06,677.8576866055596,688.6503070282812,677.2508650473027,686.96923828125,89127600
2026-02-09,685.7755337993461,692.1914496038428,684.7012866666231,690.2816162109375,73885200
2026-02-10,691.276360737094,692.8579216647231,688.0037135108784,688.4613037109375,65185700
2026-02-11,692.7087599208829,693.4547952732178,685.5368515439336,688.3021850585938,76353900
2026-02-12,690.5701102294341,691.6742279947084,676.7734344520502,677.668701171875,118829000
2026-02-13,678.0864377658819,682.6522007204912,673.9384983110481,678.1461181640625,96267500
2026-02-17,676.5446598627462,681.31927396984,672.2077222570326,679.2402954101562,81354700
2026-02-18,680.4041503420104,685.507036973797,679.2204384959671,682.662109375,73570300
2026-02-19,680.2251236342836,682.5527199680946,677.9471901363287,680.8616943359375,58649400
2026-02-20,678.7131823752115,686.4122580979458,678.126274472082,685.7855834960938,100034000
2026-02-23,684.1940214696967,686.3525334522094,676.7734345413753,678.7827758789062,90558100
2026-02-24,678.295350173768,684.7112054782021,676.4053697086953,683.7164916992188,73798700
2026-02-25,686.53156929616,690.0130676270821,686.4519751919497,689.4859008789062,56369500
2026-02-26,689.615191050754,689.6350440416309,680.7323436648176,685.6561889648438,71671000
2026-02-27,679.4790749097389,683.2291046432514,678.0367277603054,682.3637084960938,83308900
2026-03-02,675.1122534180175,684.9797970984218,674.4358553343317,682.7516479492188,87477200
2026-03-03,671.4915420947397,679.0016196644848,666.1200629162043,676.7337036132812,105003100
2026-03-04,678.026802327329,683.4579617719511,676.027417786932,681.50830078125,79182200
2026-03-05,678.4743840881955,681.9061587313661,672.0385544367263,677.7084350585938,106606500
2026-03-06,669.8501461298736,672.5358853430707,666.2194774432897,668.8256225585938,100687000
2026-03-09,662.8673051642795,676.3257505242918,658.888450195908,674.6845092773438,102667700
2026-03-10,674.1374043547928,679.7476047325034,671.1930903760745,673.6002807617188,81505300
2026-03-11,673.9982140650914,676.4849986405864,669.7806371390539,672.7548217773438,68441700
2026-03-12,667.6120785283837,668.0995392824933,662.3500644519811,662.5390625,108882200
2026-03-13,665.7321452917186,668.7859240392634,657.863924887251,658.7890014648438,97200200
2026-03-16,664.8468199428278,668.5173163233716,663.5934708305671,665.493408203125,82023100
2026-03-17,668.8355969918504,670.8747480492216,666.1598145596139,667.2440185546875,87128000
2026-03-18,664.8268919718373,666.1796881508768,657.6948111200146,657.9335327148438,82062600
2026-03-19,653.497076818377,659.4753162945015,651.7066041735543,656.3121337890625,111272500
2026-03-20,654.8230422006715,655.0025723674255,643.063298812559,646.9034423828125,163617500
2026-03-23,656.3790129905765,660.9173090129275,652.2596206790361,653.6959228515625,134802700
2026-03-24,649.6463809650626,655.3417305137531,648.2100787416998,651.5015869140625,96457500
2026-03-25,656.9774239230809,659.1917509309695,652.5588148295345,655.1322021484375,90653800
2026-03-26,650.3844333840033,653.1672421520028,643.1630473705688,643.432373046875,96494400
2026-03-27,640.8489947137006,641.0085567819559,631.4831091918358,632.4606323242188,103649400
2026-03-30,638.4651675144013,638.7245091624994,627.6630399662237,630.3460693359375,99275900
2026-03-31,637.2981538716512,649.865752001465,636.3405988140365,648.6688842773438,152534100
2026-04-01,652.219751792706,656.8278752918841,651.3220400966815,653.5562744140625,97841500
2026-04-02,644.7589215344626,656.5086804928782,643.4522901873171,654.144775390625,68358700
2026-04-06,654.1746977251443,658.0247645183308,653.8356054757206,657.23681640625,39105800
2026-04-07,654.9626585699763,657.9150134208243,649.386996170508,657.5260009765625,69980400
2026-04-08,674.6519776493207,675.3402070755335,669.734652974974,674.27294921875,93606100
2026-04-09,673.1059235004034,679.4096297331154,672.0386657215836,678.162841796875,57134400
2026-04-10,679.5692561407437,680.2774536083281,676.7066358948267,677.7140502929688,42253500
2026-04-13,675.669302461078,684.536473353906,674.8414790590384,684.3369750976562,54185800
2026-04-14,685.9229138241225,692.7952238870419,685.8929616905456,692.675537109375,63480500
2026-04-15,693.4734516118131,698.480571570673,692.4161778504387,698.1414184570312,58240400
2026-04-16,699.2585607342904,700.9741726960574,696.7350934539525,699.8569946289062,49972400
2026-04-17,704.3255249385737,710.5594650064761,703.9464965121796,708.3152465820312,70661900
2026-04-20,706.9587079747221,708.0857482546458,704.3254772575062,706.8988037109375,43546800
2026-04-21,708.4548936431559,709.4523240430285,700.8345107773317,702.2708129882812,58941400
2026-04-22,707.3278031045794,709.6218808832724,706.4001392457644,709.3825073242188,42518500
2026-04-23,707.6768673789517,710.5295037064266,700.4754491270062,706.6295776367188,56174000
2026-04-24,708.9236633096505,712.6340752101273,707.1881441382454,712.10546875,45182000
2026-04-27,711.3374146094498,713.7911152864904,710.4696550399041,713.332275390625,33135900
2026-04-28,709.9908768700561,711.0481506026886,707.4274735730012,709.8612060546875,43117400
2026-04-29,709.1729992133655,710.3699278433978,706.5497524472755,709.7515258789062,41859200
2026-04-30,712.7936806635566,717.9403946619685,708.6244289610544,716.8132934570312,67240900
2026-05-01,719.3966516418469,723.0073446973263,718.6186267345964,718.7982177734375,43049800
2026-05-04,718.2196821209096,720.2644021704073,713.152718877996,716.1649780273438,51950600
2026-05-05,719.9153564929043,723.1769124909786,719.6360467603954,721.9102172851562,36933200
2026-05-06,726.288861980811,732.7023927493656,725.9497697512824,731.9443359375,53288900
2026-05-07,733.161188473549,734.238430329629,727.8748196364371,729.7001342773438,51724600
2026-05-08,733.0415191543954,736.1834492768152,732.6824588199246,735.724609375,47227100
2026-05-11,734.5576163199453,738.8864300819614,734.5576163199453,737.4002685546875,44024000
2026-05-12,734.9964788307154,736.9414802248905,729.9494836014034,736.2831420898438,54185300
2026-05-13,736.5723674930287,741.9983910774667,733.5800764180441,740.4025268554688,44200200
2026-05-14,741.7391534739264,747.6040491923611,741.649357949993,746.2474975585938,45307600
2026-05-15,739.8838927249178,741.5496453663399,736.0637780312098,737.2706298828125,60410800
2026-05-18,737.9289136337939,739.5147938000424,731.5054597381557,736.751953125,47843900
2026-05-19,732.8919551385734,735.7545755811656,729.650306265128,731.8446044921875,54255900
2026-05-20,733.8195334397973,739.9636778498481,732.0042028263388,739.3452758789062,45768000
2026-05-21,736.7419902854853,742.9559620700644,735.1361419849363,740.8114624023438,43332200
2026-05-22,744.3224328967863,747.015507083493,742.566945697205,743.7239990234375,41762000
2026-05-26,748.0827892360243,750.1973368284331,746.4469887578754,748.6613159179688,41123600
2026-05-27,748.9505199197505,749.4492351039673,746.2973210478585,748.5316162109375,42106300
2026-05-28,748.3221518516883,753.2095851254732,747.3047533704411,752.6609497070312,41562600
2026-05-29,753.9576670103595,756.1320579864754,752.7507543048832,754.5361328125,55075700
2026-06-01,753.4189990020213,758.3264003155792,752.7507376917755,756.5908203125,43634900
2026-06-02,755.0847737682097,758.4461093852723,754.805464031348,757.6182250976562,31581900
2026-06-03,756.2018667594974,756.8501599793441,751.6336185743088,752.3018798828125,51402500
2026-06-04,750.1673635570705,756.3614281257201,749.5389775481502,755.1445922851562,49923000
2026-06-05,750.3768677170906,750.8855669656407,733.6400171295905,735.65478515625,93989400
2026-06-08,741.4498108327123,743.4247643242134,736.2931129658897,737.3204345703125,49319100
2026-06-09,741.7191759970133,744.9807928982774,720.7332622187009,735.1560668945312,87683500
2026-06-10,731.5054857614351,736.4826536495077,723.4661992814284,723.56591796875,60341300
2026-06-11,726.8873842592473,738.0984921563339,722.5485255148498,735.8642578125,86330500
2026-06-12,738.8066884479139,742.5270843334097,733.1412911200548,739.843994140625,57079500
2026-06-15,749.9179969688896,754.7356026867302,749.8282623277308,752.890380859375,60176400
2026-06-16,752.6111046530555,753.4988323298886,747.9531216783239,748.4019775390625,67093100
2026-06-17,749.3594421826946,750.217278570044,737.3204502885575,739.0560302734375,85945200
2026-06-18,747.760009765625,748.22998046875,743.8599853515625,746.739990234375,80875700
2026-06-22,747.7000122070312,750.1799926757812,743.1300048828125,744.3900146484375,46628100
2026-06-23,733.8099975585938,739.6300048828125,732.2999877929688,733.5800170898438,66846800
2026-06-24,735.1699829101562,739.9500122070312,730.8400268554688,733.239990234375,57439500
2026-06-25,738.9099731445312,739.3699951171875,729.5999755859375,734.2999877929688,53934400
2026-06-26,728.9500122070312,736.530029296875,716.5800170898438,728.989990234375,71034000
2026-06-29,736.530029296875,741.5599975585938,732.0900268554688,741.0,58035200
2026-06-30,741.2899780273438,748.02001953125,740.8900146484375,746.77001953125,55626000
2026-07-01,745.0,749.4400024414062,742.3800048828125,745.760009765625,47100900
2026-07-02,747.4000244140625,751.3099975585938,740.030029296875,744.780029296875,57447800
2026-07-06,748.739990234375,752.4099731445312,747.4099731445312,751.280029296875,50673300
2026-07-07,750.219970703125,750.9600219726562,745.2100219726562,747.7100219726562,43721500
2026-07-08,743.1599731445312,746.1500244140625,739.510009765625,745.4000244140625,43767400
2026-07-09,747.3499755859375,751.969970703125,745.5900268554688,751.7100219726562,41441700
2026-07-10,752.0499877929688,755.4199829101562,748.0999755859375,754.9500122070312,42191300
2026-07-13,752.469970703125,753.9099731445312,748.0,749.1699829101562,44013600
2026-07-14,750.9099731445312,753.3400268554688,748.6599731445312,751.8300170898438,35143100
2026-07-15,754.239990234375,755.5800170898438,750.2000122070312,754.8099975585938,43844800
2026-07-16,752.760009765625,754.5700073242188,747.8800048828125,750.719970703125,46409800
2026-07-17,742.0800170898438,747.2899780273438,740.7999877929688,743.2899780273438,62651000
2026-07-20,747.0599975585938,748.72998046875,741.510009765625,742.0900268554688,50422300
2026-07-21,746.2899780273438,749.0399780273438,744.1799926757812,748.280029296875,34324300
2026-07-22,746.6199951171875,750.02001953125,746.3699951171875,747.4099731445312,32836200
2026-07-23,739.3699951171875,742.5599975585938,735.2100219726562,738.1799926757812,55437300
2026-07-24,738.510009765625,743.719970703125,737.2899780273438,738.9299926757812,44782000
2026-07-27,744.9099731445312,745.530029296875,735.8699951171875,739.0900268554688,41461200
2026-07-28,739.1900024414062,742.7899780273438,735.97998046875,740.8599853515625,47322200
2026-07-29,739.969970703125,742.6799926757812,729.0999755859375,729.4600219726562,70697200
2026-07-30,736.0499877929688,742.4500122070312,734.5900268554688,741.6900024414062,66811300
2026-07-31,744.6799926757812,748.9000244140625,737.6799926757812,747.030029296875,62445900
2026-08-03,749.4400024414062,758.5800170898438,748.7999877929688,757.6699829101562,59927500
2026-08-04,760.6300048828125,773.4099731445312,760.52001953125,771.3300170898438,69154800
2026-08-05,775.8499755859375,776.8499755859375,769.510009765625,769.7899780273438,44689100
2026-08-06,770.2100219726562,771.8200073242188,767.4600219726562,768.5599975585938,38416900
2026-08-07,771.02001953125,773.9199829101562,769.6099853515625,773.260009765625,43586300
2026-08-10,772.5999755859375,775.0499877929688,771.6199951171875,773.030029296875,39249500
2026-08-11,774.530029296875,774.6099853515625,769.2000122070312,770.5599975585938,36740600
2026-08-12,774.7100219726562,774.9000244140625,771.280029296875,772.489990234375,33179100
2026-08-13,774.8699951171875,779.3699951171875,774.1099853515625,777.8800048828125,35634500
2026-08-14,778.5399780273438,778.7999877929688,775.4299926757812,776.3400268554688,31367900
2026-08-17,776.1799926757812,776.780029296875,772.510009765625,772.6699829101562,34356600
2026-08-18,768.7000122070312,769.5,766.9199829101562,767.4500122070312,43920900
2026-08-19,770.3599853515625,772.469970703125,768.0999755859375,769.0599975585938,40306000
2026-08-20,765.9600219726562,768.1500244140625,762.0399780273438,762.5999755859375,45520300
2026-08-21,766.0499877929688,767.8499755859375,764.1699829101562,765.719970703125,39188700
2026-08-24,764.780029296875,765.219970703125,762.0800170898438,763.469970703125,32430900
2026-08-25,766.1599731445312,766.780029296875,763.0499877929688,765.9099731445312,27422300
2026-08-26,764.72998046875,767.3499755859375,763.9299926757812,766.0800170898438,28751600
2026-08-27,768.5,772.3599853515625,767.1599731445312,771.0999755859375,34557100
2026-08-28,771.760009765625,775.2999877929688,768.3099975585938,769.3499755859375,36744300
2026-08-31,767.3300170898438,768.0,764.719970703125,767.0499877929688,38810800
2026-09-01,762.010009765625,764.6699829101562,759.47998046875,761.780029296875,41126300
2026-09-02,762.4500122070312,766.4299926757812,761.72998046875,765.1599731445312,29566200
2026-09-03,767.9000244140625,774.030029296875,767.4500122070312,773.1699829101562,43531600
2026-09-04,772.010009765625,772.8699951171875,769.0,770.1900024414062,34054200
2026-09-08,769.0700073242188,769.7000122070312,765.1400146484375,765.9600219726562,44746100
2026-09-09,764.0800170898438,764.469970703125,760.9400024414062,762.4000244140625,32812400
2026-09-10,758.030029296875,760.1099853515625,756.6400146484375,757.8300170898438,42740400
2026-09-11,764.719970703125,766.3800048828125,763.5999755859375,764.2899780273438,45477300
