Date,open,high,low,adj_close,volume
2016-09-12,22.697869913356634,23.087431897678105,22.419613519389326,23.047679901123047,5844500
2016-09-13,22.82507937709675,22.8807321871654,22.507070901481725,22.650175094604492,6857800
2016-09-14,22.674018494939695,22.864823514637134,22.54681514847474,22.753520965576172,5088700
2016-09-15,22.745572140761215,23.27028636033281,22.745572140761215,23.198734283447266,6305100
2016-09-16,23.15898744903918,23.230539541872805,22.872780594088628,22.98408317565918,7329300
2016-09-19,23.779106902422477,23.946062303947336,23.74730681227454,23.795007705688477,7696400
2016-09-20,23.977852583019473,24.041454253675354,23.763196375912077,23.771146774291992,5763300
2016-09-21,23.922211955952484,24.295871747783732,23.89041034828134,24.248170852661133,8097200
2016-09-22,24.454868687509226,24.605923241357146,24.256113254271717,24.3753662109375,5329000
2016-09-23,24.36741887425199,24.383319674841545,23.866555786751462,23.94605827331543,7959800
2016-09-26,23.866553868065164,23.906304349959612,23.620096027891787,23.72344970703125,4363300
2016-09-27,23.691644020511344,24.192508497707898,23.572391079020925,24.168657302856445,5707200
2016-09-28,24.224314886049005,24.248166087114832,23.954007339504887,24.113012313842773,4125100
2016-09-29,24.09710523468551,24.36741271080162,23.985802691478906,24.168657302856445,5985800
2016-09-30,24.081211469622676,24.391269491784485,24.03350906899488,24.319717407226562,5725700
2016-10-03,24.35946921967133,24.49462299605238,24.303817932288045,24.423070907592773,4198500
2016-10-04,24.502572829104942,24.582075316261413,24.13686351112251,24.16071319580078,5104800
2016-10-05,24.383317177881317,24.41511725942015,24.248163419478058,24.272014617919922,6205000
2016-10-06,24.407168772217204,24.49462013515523,24.152760533861677,24.462820053100586,4099900
2016-10-07,24.550268982213478,24.81262607778577,24.367414358471716,24.788776397705078,5753400
2016-10-10,24.796728333322978,25.027283847898506,24.772877135380565,24.8682804107666,7810500
2016-10-11,24.637724673213867,24.637724673213867,24.256114584403576,24.431018829345703,10157600
2016-10-12,24.566170742757674,24.971632000240778,24.407167309247797,24.923931121826172,9587000
2016-10-13,24.59002301522651,24.59002301522651,23.469042466981005,24.272014617919922,17323000
2016-10-14,24.69337460084079,24.86032995327978,24.303814133661305,24.3753662109375,9822900
2016-10-17,24.26406535878718,24.454870406138475,24.152761277211138,24.303815841674805,7598400
2016-10-18,24.5741189908167,24.62977026349295,24.399214774350845,24.53436851501465,5487500
2016-10-19,24.60592631649295,24.677478402711394,24.37536925725934,24.629776000976562,6733000
2016-10-20,24.59002057621087,24.764924798285318,24.48666690959781,24.69337272644043,7329800
2016-10-21,24.58207094173197,24.75697516924388,24.454867591471753,24.709274291992188,3817100
2016-10-24,24.75697766726568,24.971633911132812,24.709276785200885,24.971633911132812,3768900
2016-10-25,24.963682375325167,25.138588128909177,24.947781576565962,25.082935333251953,3214700
2016-10-26,24.79673422837982,24.98753930812936,24.70133093031306,24.812633514404297,4121500
2016-10-27,24.8285293368392,24.85238053566794,24.446919253881426,24.462820053100586,6243200
2016-10-28,24.59797381369609,24.725177174682013,24.454869653491006,24.462820053100586,5210800
2016-10-31,24.590022104148233,24.74902553871851,24.51847002785735,24.725175857543945,3212300
2016-11-01,24.741077577023198,24.80467925649591,24.232262624857857,24.415117263793945,5815800
2016-11-02,24.38331985656214,24.431020742302497,24.04146022325798,24.16071319580078,5274700
2016-11-03,24.12891445753555,24.248167436734512,23.99376067674102,24.07326316833496,4890800
2016-11-04,24.017606930897536,24.208413490012394,23.866553886475163,24.041458129882812,4431900
2016-11-07,24.423066591130276,24.94778080284168,24.391266510981733,24.923931121826172,3981800
2016-11-08,24.804682532739513,25.043188483168528,24.653627955396416,24.915985107421875,4077100
2016-11-09,24.359467891365956,24.637725829493004,24.09711075344817,24.319717407226562,8996700
2016-11-10,24.287912436620616,24.287912436620616,23.34978810020456,23.405439376831055,10104300
2016-11-11,23.103337927458163,23.91426069741534,22.864831944004433,23.795007705688477,7506800
2016-11-14,23.278234212828956,23.532640895529255,22.90457307077738,22.93637466430664,8551400
2016-11-15,23.302087210894747,23.40544088820377,22.87277625177998,23.214635848999023,11135600
2016-11-16,23.12718226863005,23.771149445944623,23.12718226863005,23.739349365234375,8802600
2016-11-17,23.850652851084998,23.866553650251134,23.33388900925489,23.429290771484375,7065100
2016-11-18,23.39749068953577,23.50879325093139,23.206685648693128,23.429290771484375,5136600
2016-11-21,23.532646746644044,23.643949318903637,23.421342658000636,23.572397232055664,4477100
2016-11-22,23.826803209671958,23.969907378753245,23.66779975676902,23.779102325439453,8937500
2016-11-23,23.77115306772112,23.95400772971975,23.64394969273217,23.763202667236328,4017500
2016-11-25,23.651899146271777,23.699600030886884,23.5405965767086,23.580347061157227,2101800
2016-11-28,23.62009754560585,23.802953716667357,23.484945291927016,23.580347061157227,5435000
2016-11-29,23.516746327807347,23.651900103338924,23.16693628824612,23.492895126342773,9254600
2016-11-30,23.492896267302722,23.70755254175741,23.37364328695587,23.60420036315918,6403400
2016-12-01,23.453141520194983,23.469042319056,22.53091641562682,22.6978702545166,12499600
2016-12-02,22.674022675284363,22.95228061562189,22.57066898948687,22.9443302154541,5195800
2016-12-05,23.00792961712959,23.286187529853095,22.952278337861618,23.071531295776367,3953100
2016-12-06,23.302092722149247,23.54060021485311,23.214641339570107,23.461097717285156,4336200
2016-12-07,23.437247214123822,23.802958107321476,23.254392525717023,23.795007705688477,3911600
2016-12-08,24.065312399555612,24.065312399555612,23.73935355375018,23.882457733154297,4094600
2016-12-09,24.10506173005956,24.351518073662433,23.8188533849828,23.94605827331543,4387400
2016-12-12,23.82679804656796,23.82679804656796,23.556490567184596,23.771146774291992,3428000
2016-12-13,23.89835246807385,24.359465004815164,23.874502786969867,24.136859893798828,5857700
2016-12-14,24.05734944763038,24.160701569732343,23.73139077188477,23.747291564941406,6108400
2016-12-15,23.97785186767578,24.08120552714784,23.87449972458712,23.97785186767578,5073300
2016-12-16,23.890400806877356,23.91425200310497,23.36568662093798,23.437238693237305,6662100
2016-12-19,23.445190795955767,23.484942792557597,23.190784083238558,23.270286560058594,6157000
2016-12-20,23.33389320255804,23.500847074654533,23.166937814077603,23.302091598510742,5570800
2016-12-21,23.238487050970303,23.27823905114421,22.98408031539229,23.166934967041016,6267500
2016-12-22,23.047683919818393,23.055634320515672,22.658123383955058,22.848928451538086,7455900
2016-12-23,22.88072606719521,23.158982461192345,22.809173989772056,23.095380783081055,4853500
2016-12-27,23.055627461651312,23.238482074139284,23.055627461651312,23.135129928588867,3083000
2016-12-28,23.26233595823824,23.310036837361572,23.087431723863613,23.151033401489258,3663300
2016-12-29,23.047682567476095,23.182836338631798,22.90457839608961,23.158985137939453,5323900
2016-12-30,23.214638721151022,23.23848840626255,22.753526106927385,22.85687828063965,4862800
2017-01-03,23.254390708823735,23.46109658597935,23.103336122366947,23.302091598510742,6280300
2017-01-04,23.365686211058815,23.421337484896835,23.2146331867509,23.29413414001465,4391800
2017-01-05,23.47699186464537,23.779099450099103,23.469041465504013,23.691646575927734,4775700
2017-01-06,23.64394663680101,23.73139951444675,23.421340001149883,23.556493759155273,4878700
2017-01-09,23.68370226540055,23.961958707148693,23.628049460667047,23.882457733154297,8371700
2017-01-10,23.882455629566287,24.089159963405667,23.771151546286916,23.90630531311035,7582000
2017-01-11,23.675747523869514,24.00965670913023,23.62804512855827,23.98580551147461,7467300
2017-01-12,23.310041626577572,23.739354176043744,23.039734062036036,23.286191940307617,13032200
2017-01-13,23.45314025445611,23.57239320671053,23.23053363156658,23.405439376831055,9811100
2017-01-17,23.54059734432525,23.572397429644337,23.421342854323136,23.548547744750977,7679800
2017-01-18,23.49289321971014,23.59624690128483,23.40544185420508,23.445192337036133,7692800
2017-01-19,23.44519119952153,23.604196155898574,23.36568872133301,23.556493759155273,8493200
2017-01-20,23.54854641249566,24.057359879885663,23.508794412615977,23.90630531311035,7399400
2017-01-23,24.097111513132223,24.240215686759555,24.017609025963278,24.113012313842773,6959800
2017-01-24,24.272017466840865,24.56617470023221,24.25611666601327,24.502573013305664,7213600
2017-01-25,24.725177957483993,24.908032605142502,24.5979745924708,24.892131805419922,8025800
2017-01-26,24.852380555465484,25.003435115400478,24.653625114218688,24.73312759399414,8308700
2017-01-27,24.780833045884847,24.923937232598078,24.645679260253903,24.84443473815918,5982200
2017-01-30,24.70132675954579,24.804680441365726,24.597974594109576,24.796730041503906,7253100
2017-01-31,24.67747706433801,24.772878829865988,24.43101921789267,24.57412338256836,6263100
2017-02-01,24.836477642252405,24.892128918443305,24.518469266601862,24.709274291992188,5036900
2017-02-02,24.415115183221737,24.558219328936406,24.343564626747924,24.470767974853516,5794800
2017-02-03,24.61387005120318,24.70927331833078,24.486666705955372,24.6218204498291,5249100
2017-02-06,24.605929575211857,24.605929575211857,24.407174090812354,24.542327880859375,3523700
2017-02-07,24.574118930489586,24.621819804611636,24.24816017728593,24.264060974121094,6209500
2017-02-08,24.39922066109744,24.40717106145272,24.081212228805487,24.113012313842773,7776600
2017-02-09,24.11301192893473,24.248165700049373,23.98580855804845,24.017608642578125,8547000
2017-02-10,24.200462543313325,24.494619742230746,24.12891046435857,24.415117263793945,6749400
2017-02-13,24.597977960968414,25.28169576244814,24.597977960968414,25.194244384765625,10203800
2017-02-14,25.019334023812736,25.019334023812736,24.73312722384158,24.908031463623047,5208600
2017-02-15,25.043187899852363,25.281693844726,25.043187899852363,25.241943359375,4577200
2017-02-16,25.21808372303156,25.830252213910413,25.146531660226454,25.695096969604492,13197100
2017-02-17,25.520197697286235,25.7428058559827,25.456597532492516,25.71100425720215,7518200
2017-02-21,25.750753791748842,25.81435698696955,25.575848037659174,25.703054428100586,5475400
2017-02-22,25.599701104640882,25.599701104640882,25.36914406794302,25.496347427368164,5296200
2017-02-23,25.559953307718274,25.559953307718274,25.226042558681073,25.241943359375,5291200
2017-02-24,25.130639840214783,25.37709617614746,25.019335755935703,25.37709617614746,3687100
2017-02-27,25.2975911880661,25.2975911880661,25.02728367874681,25.067035675048828,5841900
2017-02-28,25.114738073603704,25.186290154892443,24.963683511284845,25.01933479309082,6040800
2017-03-01,24.97958526728831,25.122689435345546,24.852381899322715,25.106788635253906,4910300
2017-03-02,24.796734658269298,24.836485148595596,24.478726186506897,24.542327880859375,8561100
2017-03-03,24.54232520891197,24.582075694910593,24.279968058723075,24.526424407958984,6120700
2017-03-06,24.48667240557652,24.597976495863577,24.415120317671928,24.526424407958984,5467400
2017-03-07,24.653625875116106,24.96368388778781,24.613873875809656,24.892131805419922,7014000
2017-03-08,25.01933881987841,25.059090824983286,24.804684057847854,24.82058334350586,4528500
2017-03-09,24.55822391475812,24.69337768690587,24.423070142610367,24.629776000976562,6120700
2017-03-10,24.54231970044211,24.709273523824514,24.502567706981893,24.69337272644043,5655300
2017-03-13,24.860329647994526,25.098835558397234,24.836478450400815,25.043184280395508,3965700
2017-03-14,24.94778730210822,25.019339396562295,24.80468462958405,24.812633514404297,5967200
2017-03-15,24.9477804820181,25.464544287950993,24.9159804022785,25.369142532348633,4571400
2017-03-16,25.639457302520558,25.814363098015757,25.599706812481102,25.766660690307617,6489000
2017-03-17,25.917708404740925,26.04491176621721,25.790505043264634,25.909759521484375,6199800
2017-03-20,26.0767122274358,26.323170056382512,26.005160150178188,26.11646270751953,5126700
2017-03-21,26.42652194640863,26.657075928433414,25.790502176946127,25.822303771972656,9159900
2017-03-22,25.89386556113086,26.116470744315624,25.82231346185459,25.989267349243164,6713500
2017-03-23,25.81435414910873,25.96540717200122,25.734850163822994,25.885906219482422,5909900
2017-03-24,26.02105829590128,26.315215457852062,25.925656546873146,26.08466148376465,5899900
2017-03-27,26.116460089162175,26.44241884559671,26.06080881607093,26.370866775512695,5661500
2017-03-28,26.521930875421777,26.57758216539365,26.339076203690215,26.513978958129883,4527000
2017-03-29,26.195962136148466,26.211862931964898,26.052858006567277,26.18006134033203,4083900
2017-03-30,26.10851195563908,26.354969766943178,26.060809563293027,26.291366577148438,3890600
2017-03-31,25.99721792198016,26.188021488330453,25.89386422109241,26.1085205078125,4853500
2017-04-03,26.188008680045947,26.235711064686782,26.005154088072537,26.148258209228516,4283100
2017-04-04,26.076715856267917,26.195970345881783,26.052866171452205,26.124418258666992,3756600
2017-04-05,26.283419020965255,26.49807524820269,26.132362953964563,26.15621566772461,5112900
2017-04-06,26.140319059466684,26.18801842909811,26.02106456985282,26.124418258666992,3990800
2017-04-07,26.124421110233524,26.267525300283395,26.052869015208586,26.132369995117188,3366300
2017-04-10,26.132365222049458,26.132365222049458,25.774604812269597,25.854108810424805,4937100
2017-04-11,25.98925721040937,25.98925721040937,25.424792554530224,25.758703231811523,6293800
2017-04-12,25.814359461992602,25.949511715643787,25.456599036493042,25.66330337524414,6136500
2017-04-13,25.520192863062704,25.79845225053149,25.29758777930112,25.305538177490234,8781700
2017-04-17,25.472498119625847,25.496347802128835,25.257841878796896,25.46454620361328,6918900
2017-04-18,25.249891476896728,25.329393956794785,25.146537798114156,25.27374267578125,5468600
2017-04-19,25.377098293754234,25.400949495886547,25.03523864511049,25.13064193725586,4739200
2017-04-20,25.257841876524903,25.337344356422957,25.154488197742328,25.27374267578125,4237700
2017-04-21,25.512253770720083,25.552004260535156,25.400951186130698,25.504304885864258,4530400
2017-04-24,25.90180589615224,26.076708590681534,25.830253828873545,25.997207641601562,5717000
2017-04-25,26.04490876584434,26.3788194467327,26.036959883503506,26.291366577148438,5614300
2017-04-26,26.283418259459722,26.323168737551896,26.092611718743377,26.235715866088867,6027700
2017-04-27,26.32316759485865,26.4742206181585,26.243663609358503,26.251615524291992,5625600
2017-04-28,26.354969766943178,26.43447072141959,26.267516897358917,26.291366577148438,5250500
2017-05-01,26.362925333340648,26.561680802691157,26.347024531860473,26.55373191833496,4015100
2017-05-02,26.688881692443076,27.0227924268467,26.688881692443076,26.97509002685547,5989300
2017-05-03,26.93533276787725,27.26129150390625,26.903531175882534,27.26129150390625,6660700
2017-05-04,27.18179073098557,27.18179073098557,27.006888019912058,27.142040252685547,5697300
2017-05-05,27.15793880717827,27.38054389348377,27.054585145922065,27.364643096923828,5249800
2017-05-08,27.587255111751332,27.90526198955723,27.53160383231612,27.809860229492188,6906900
2017-05-09,27.92912249654256,28.191478168112056,27.92912249654256,28.1517276763916,7297900
2017-05-10,28.04042508646708,28.326633479283345,27.889372004822107,28.1517276763916,9936700
2017-05-11,28.31867829907482,28.461782478997897,28.1199228306003,28.270978927612305,6648900
2017-05-12,28.223266758217964,28.239167554126432,28.024511358512203,28.11991310119629,4905000
2017-05-15,28.111972434488848,28.13582211893753,27.73036231947192,27.87346649169922,9784700
2017-05-16,27.833708576956905,27.849609375,27.6667547466551,27.849609375,6046200
2017-05-17,27.666752166029042,27.674704080692436,27.34079341846734,27.364643096923828,8128100
2017-05-18,27.3805455051115,27.817809854330317,27.356695825251208,27.746257781982422,8303700
2017-05-19,27.889373750558494,28.00862523318441,27.778068120898677,27.98477554321289,7283300
2017-05-22,28.135822115932328,28.231223886484468,28.03246842871974,28.143774032592773,5914200
2017-05-23,28.135822115932328,28.21532611869878,28.064270029826318,28.143774032592773,6612800
2017-05-24,28.159667989803573,28.294823259833493,28.096067828964408,28.239171981811523,7812500
2017-05-25,28.350478936891257,28.45383262615499,28.215326678657473,28.278926849365234,4514900
2017-05-26,28.263021842366296,28.28687455650363,28.088119124373396,28.231220245361328,3109800
2017-05-30,28.366385623865177,28.469739334575102,28.20738061495029,28.445886611938477,4219300
2017-05-31,28.080163586540635,28.11196517944336,27.905257858342463,28.11196517944336,7663100
2017-06-01,28.382275975194137,28.557178691094556,28.24712070592358,28.533329010009766,6016100
2017-06-02,28.549240632687688,28.803647436607,28.501538219664692,28.763896942138672,5779200
2017-06-05,29.066002471335256,29.153452334963067,28.859295073896586,28.93084716796875,4819600
2017-06-06,28.922888379167176,29.081893315187255,28.81158583378319,28.96263885498047,5028000
2017-06-07,29.089842004929974,29.185243752804556,28.922888187957728,28.986488342285156,6537700
2017-06-08,29.217042190259647,29.3362966367959,29.050088391322138,29.2806453704834,7593900
2017-06-09,29.08189281541236,29.177294562278156,27.984762111771694,28.453824996948242,12040100
2017-06-12,28.45383051432667,28.45383051432667,27.833711457536825,28.016569137573242,11057000
2017-06-13,28.191474920561838,28.29482861334356,28.024521054907503,28.270978927612305,4969400
2017-06-14,28.199423227921653,28.437929153007047,28.119919231048264,28.342527389526367,7016400
2017-06-15,27.913217714823137,28.199426066846055,27.833713709945837,28.175573348999023,4623300
2017-06-16,28.51743507385254,28.581038282406396,28.398183606965915,28.51743507385254,7432400
2017-06-19,28.72414434216102,28.90699902952657,28.67644193263466,28.787744522094727,4523700
2017-06-20,29.034198202171854,29.209103978911962,28.716188250420323,28.724140167236328,4987400
2017-06-21,28.78773466889041,29.240896789598235,28.78773466889041,29.185245513916016,6329400
2017-06-22,29.193197429166087,29.352199340962674,29.121645355750793,29.185245513916016,6273400
2017-06-23,29.19319819677576,29.240897558462123,29.050094046182377,29.201147079467773,5558600
2017-06-26,29.91453057975305,29.98020613715462,29.487648851391636,29.660045623779297,10127200
2017-06-27,29.380934532719003,29.380934532719003,28.707775641012255,28.806285858154297,8081100
2017-06-28,28.954047654836938,29.052557854644895,28.527165946892072,29.01972007751465,8306200
2017-06-29,28.921212852957172,28.921212852957172,28.34656422039238,28.576425552368164,7332200
2017-06-30,28.60105186438778,28.80628329190733,28.48612276603012,28.699562072753906,5177500
2017-07-03,28.765234310459338,28.871952385704223,28.592840682833575,28.633886337280273,4470600
2017-07-05,28.79807146790713,28.79807146790713,28.428654322658552,28.58462905883789,9222200
2017-07-06,28.32193946838379,28.436868576767374,28.165964697232255,28.32193946838379,6493700
2017-07-07,28.36298958512409,28.46149981755335,28.305525021908366,28.428665161132812,7937800
2017-07-10,28.412242242778717,28.86375080334297,28.362985567748964,28.732402801513672,7779700
2017-07-11,29.085399145687713,29.085399145687713,28.773446488427794,29.044353485107422,9300800
2017-07-12,29.26600491833414,29.38914190473775,29.142864800347244,29.298839569091797,9211200
2017-07-13,29.110034592670115,29.684683406831695,29.110034592670115,29.676475524902344,9943900
2017-07-14,29.660046159667523,29.84064768261902,29.536906053106186,29.758556365966797,7196600
2017-07-17,29.57795089265924,29.6025807922395,29.257790382362,29.479440689086914,4649800
2017-07-18,29.454820509294606,29.58616852063082,29.32347249795839,29.446609497070312,6185300
2017-07-19,29.602583174530743,29.89811380903078,29.602583174530743,29.88990592956543,7033800
2017-07-20,29.889906044803705,29.889906044803705,29.619002179238432,29.635417938232422,6996600
2017-07-21,29.60258209631794,29.60258209631794,29.30704834099895,29.430185317993164,5023500
2017-07-24,29.64362445438122,29.73392677307129,29.56153001394357,29.73392677307129,6842100
2017-07-25,29.561534496426773,29.758558051769565,29.528699846855616,29.635417938232422,5276300
2017-07-26,29.63541344454611,29.758553539411235,29.504065471428568,29.73392677307129,4342200
2017-07-27,29.996639000615247,30.054103574320365,29.52050038239069,29.70110511779785,7243100
2017-07-28,29.59437504625506,29.61079393836828,29.307052263232407,29.438400268554688,3678400
2017-07-31,29.577943734746427,29.881688413927304,29.43017689935631,29.520479202270508,7757600
2017-08-01,29.512284153689762,29.545121938401792,29.315260577001098,29.421981811523438,5437300
2017-08-02,29.881699166257224,29.939163719410608,29.438398500574028,29.61079216003418,6064600
2017-08-03,29.643623981596136,29.643623981596136,29.26599895635377,29.38092803955078,3919800
2017-08-04,29.495863919509613,29.619004040786084,29.356304906624054,29.57795524597168,4071400
2017-08-07,29.766775151149528,30.226494834952973,29.766775151149528,30.201868057250977,4860200
2017-08-08,30.136181435551247,30.341412858781506,30.078716887573414,30.127973556518555,3301200
2017-08-09,29.717508967697448,29.939159267580557,29.577949979660165,29.93094825744629,3153700
2017-08-10,29.553329391983244,29.577956164369855,29.011518478393555,29.011518478393555,5605400
2017-08-11,29.159281785610908,29.71751152258683,29.08539834596459,29.668254852294922,4291100
2017-08-14,29.577958624215825,29.635423185619256,29.43019171444022,29.594377517700195,3875600
2017-08-15,29.709300710723515,29.955580932249404,29.627209391270284,29.898113250732422,3820400
2017-08-16,29.717506528127632,29.914526913016942,29.668249866114024,29.832435607910156,3232000
2017-08-17,29.79959871856599,29.83243649421732,29.364509151725112,29.38092803955078,3324000
2017-08-18,29.553329381763746,29.63542071074637,29.23316881451466,29.438400268554688,3692800
2017-08-21,29.479442645848156,29.56153396567693,29.249584445061096,29.536907196044922,3588100
2017-08-22,29.939167498076536,30.103350166903205,29.83244625807226,29.980213165283203,3202300
2017-08-23,29.93916048866792,30.045878572103497,29.857066041891006,30.029462814331055,2956400
2017-08-24,30.19363902472395,30.316779102914897,30.029456429245723,30.23468780517578,4544500
2017-08-25,30.316793280468914,30.42351452270344,30.169026370169956,30.251117706298828,2975200
2017-08-28,30.03767128062275,30.267529472927247,30.021252390946287,30.18543815612793,2199900
2017-08-29,29.980215370384016,30.349632665582707,29.963796475976977,30.27574920654297,2997700
2017-08-30,30.275738249658197,30.439924002725373,30.210062695798218,30.316783905029297,2838900
2017-08-31,30.333200024776833,30.357826789435087,30.12796863507142,30.349618911743164,4288600
2017-09-01,30.374262068258684,30.571285686598483,30.300378602829284,30.554866790771484,4100000
2017-09-05,30.579489313981792,30.702629449758838,30.086935034041083,30.251117706298828,7123000
2017-09-06,30.423502152486403,30.677987069962402,30.37424549188663,30.595895767211914,4187700
2017-09-07,30.571269798239772,30.81754684448242,30.522013136358222,30.817546844482422,3597500
2017-09-08,30.842178293581433,30.932480621620392,30.661573637503512,30.784713745117188,5581800
2017-09-11,30.694415990394972,31.09667102116172,30.66157820592759,31.063833236694336,6920100
2017-09-12,31.072034961397762,31.14591839602073,30.907852334753724,31.080245971679688,3524500
2017-09-13,30.924268616548307,31.022781952104708,30.776504876379548,30.80933952331543,4983400
2017-09-14,30.7847112948815,30.973523815033506,30.6779900855494,30.686201095581055,5799000
2017-09-15,30.801138563876794,30.924275563610333,30.702628337773238,30.907859802246094,7245600
2017-09-18,31.08844452478847,31.29367587811321,31.05560988825878,31.25263023376465,6179600
2017-09-19,31.342943725775683,31.548175152407747,31.30189806676588,31.44145393371582,6559400
2017-09-20,31.490715481436215,31.51534225434021,30.735462086017154,31.047414779663086,7961100
2017-09-21,31.02279269935712,31.466093468185218,30.924279329672647,31.392210006713867,8458000
2017-09-22,30.94889646488284,31.055617672203812,30.858594145732994,31.00636100769043,4529900
2017-09-25,30.784711378582415,30.784711378582415,30.259319472107855,30.431713104248047,5895000
2017-09-26,30.448139667384627,30.636952235641186,30.31679165765904,30.489185333251953,5995400
2017-09-27,30.61232654075646,30.66979110131162,30.38246516695214,30.57948875427246,4802700
2017-09-28,30.341407408165946,30.45633648347543,30.20185156859941,30.41529083251953,7618700
2017-09-29,30.587696357270143,30.86681127668155,30.587696357270143,30.82576560974121,3818500
2017-10-02,31.055619971316297,31.342942706625355,31.006363303156338,31.301897048950195,5096200
2017-10-03,31.490708801245333,31.581011124848676,31.400406477641994,31.556381225585938,3727100
2017-10-04,31.400407358727367,31.474290795422984,31.301897153660864,31.416826248168945,2717200
2017-10-05,31.736991190398605,31.89296596447648,31.515340849393162,31.572805404663086,4456400
2017-10-06,31.531759741125054,31.589224296394974,31.36757395538953,31.572805404663086,3086100
2017-10-09,31.68773248366537,31.860129270005974,31.60564116185228,31.82729148864746,1963500
2017-10-10,32.10640132940145,32.147446983867766,31.868332149281052,31.991472244262695,4112000
2017-10-11,32.67283921973418,33.15718546331834,32.574329021664624,33.12434768676758,9015400
2017-10-12,33.239287168252666,33.378843051715506,33.09972815320641,33.198238372802734,5524100
2017-10-13,33.41167503919242,33.543023019729105,33.35421049343155,33.51018524169922,3913100
2017-10-16,33.55945340387291,33.592288061566784,33.370640812901314,33.56766128540039,2707000
2017-10-17,33.51840613572858,33.86319351196289,33.28033687218558,33.86319351196289,7582200
2017-10-18,33.98632908348802,34.24902508672641,33.60049295866391,34.06842041015625,6653200
2017-10-19,33.67437791880545,33.89602826867188,33.24749611146087,33.715423583984375,5710500
2017-10-20,33.67435936794158,33.75645065307617,33.51838467355313,33.75645065307617,5251600
2017-10-23,33.96169313203624,34.05199545423952,33.748253841759876,33.830345153808594,5092400
2017-10-24,33.87139381163352,33.96990715272196,33.633327732960865,33.920650482177734,4251600
2017-10-25,33.904235754421606,33.99453809571421,33.41168151484088,33.789306640625,3360000
2017-10-26,33.805724662912844,33.93707266552668,33.71542232394395,33.8221435546875,3651500
2017-10-27,34.05199840423097,34.62664703310339,34.002741733784845,34.602020263671875,4822800
2017-10-30,34.77441434834064,35.02069144048922,34.544556146546384,34.585601806640625,5200800
2017-10-31,34.626650070524875,34.905764964370455,34.56097450416903,34.74979019165039,3704500
2017-11-01,34.87292294553025,34.889341835124974,34.36394989442578,34.560970306396484,4235700
2017-11-02,34.55276359322575,34.675903703549515,34.43783449376789,34.602020263671875,3255800
2017-11-03,34.39679487244131,34.66769877849363,34.14230672783635,34.63486099243164,6140900
2017-11-06,34.634843731420126,34.87291286434728,34.544544562127626,34.83186721801758,5650500
2017-11-07,35.00427754166137,35.061742100304244,34.692324843611786,34.89755630493164,2761600
2017-11-08,34.823656209802394,34.92216951889216,34.65126261626842,34.83186721801758,2378400
2017-11-09,34.59380864645164,34.659484205895325,33.896023051069214,34.183345794677734,4680100
2017-11-10,34.30648798971729,34.33111476021521,34.142302212703655,34.2490234375,5333900
2017-11-13,34.24901738859732,34.487083435058594,34.07662063081014,34.487083435058594,2222000
2017-11-14,34.29827707309885,34.38857940728459,34.076626743256554,34.36395263671875,2799400
2017-11-15,33.9781210066942,34.19156348500086,33.887818660609355,34.101261138916016,3417300
2017-11-16,34.2736475674463,34.675902533559544,34.2736475674463,34.560970306396484,3304500
2017-11-17,34.67591310324453,34.82367689147146,34.45426272352823,34.536354064941406,3702000
2017-11-20,34.536354133320586,34.70874782957994,34.446051778636935,34.651283264160156,4455300
2017-11-21,34.987859373726096,35.19309083929725,34.93039481389287,34.95502471923828,3668500
2017-11-22,34.96322325663056,35.08636335569959,34.71694619007532,34.81545639038086,2768600
2017-11-24,35.02889636704309,35.31622222664833,34.97964283171518,35.291595458984375,1499700
2017-11-27,34.207973519253414,34.216184530204764,33.70721145663056,33.73183822631836,8188400
2017-11-28,33.682593362952396,33.83857130987557,33.50199176929262,33.600502014160156,4864800
2017-11-29,33.55943797426598,33.58406473910974,32.21312054871024,32.35267639160156,11796100
2017-11-30,32.508663177490234,32.623595429743176,32.15566480310109,32.508663177490234,9357100
2017-12-01,32.79598307755648,32.82882085787358,32.016103018732274,32.59075164794922,7192200
2017-12-04,32.87808032525995,32.943755897736615,32.262385925417696,32.33626937866211,7109000
2017-12-05,32.18028259277344,32.442978521564854,31.958632315683964,32.18028259277344,4504000
2017-12-06,31.983268562297173,32.08998979362729,31.62206233601972,31.75341033935547,8622000
2017-12-07,31.81086796638881,32.040726139265274,31.695938879950578,32.02430725097656,11285400
2017-12-08,32.328062179224126,32.467618076302756,31.975063798681592,32.016109466552734,5071600
2017-12-11,32.17208401314822,32.4922477359164,32.16387613226972,32.31985092163086,5272500
2017-12-12,32.19671007338899,32.32805807284277,32.08178096531485,32.26238250732422,5488100
2017-12-13,32.40193633128992,32.418355220041185,32.1967049192733,32.25416946411133,4227100
2017-12-14,32.42656611228338,32.549706223570865,32.27879923137164,32.34447479248047,4737600
2017-12-15,32.34447195034996,32.525073464363416,32.22133184988287,32.42656326293945,7156400
2017-12-18,32.32805590220326,32.401939342659134,32.18028902129152,32.34447479248047,5746900
2017-12-19,32.188494393989984,32.35268015239312,32.11461095928772,32.29521560668945,4454900
2017-12-20,32.32805435495452,32.51686688673098,32.15565758108647,32.3773078918457,6330100
2017-12-21,32.47583261129335,32.557923955939614,32.18029876003231,32.204925537109375,3563100
2017-12-22,32.50866095915749,32.53329086303711,32.26238384144546,32.53329086303711,2523600
2017-12-26,32.270597138793256,32.270597138793256,31.860134203008172,31.97506332397461,2861500
2017-12-27,32.01610772439067,32.10641006774361,31.917597500543636,32.081783294677734,3092900
2017-12-28,32.43476531075569,32.74671787936506,32.344466135773494,32.62358093261719,4279500
2017-12-29,32.713884307415455,33.01762903786936,32.54970169067383,32.54970169067383,3870900
2018-01-02,33.255699753130465,33.69900039636074,33.18181631259208,33.674373626708984,4984000
2018-01-03,34.142296382835774,34.322901019870486,34.01915628820616,34.240806579589844,6963200
2018-01-04,34.41321408606973,34.478889664781995,34.02738102167902,34.060218811035156,4876600
2018-01-05,34.38857516049486,34.94680485599291,34.30648384769103,34.856502532958984,5330800
2018-01-08,34.80724942934892,34.872921854089434,34.63485265979144,34.840084075927734,3538200
2018-01-09,34.8811398986154,34.889347779019594,34.585606098727986,34.626651763916016,5729900
2018-01-10,33.94527386601737,34.02736830873644,33.4280929690097,33.90422821044922,7102700
2018-01-11,33.83855692112598,33.98632379138632,33.616906615735466,33.682579040527344,5701800
2018-01-12,33.69079732874349,33.90423666990283,33.46093596336009,33.813934326171875,5028000
2018-01-16,34.48709701410383,34.76621195615558,34.32291433302485,34.667701721191406,9081600
2018-01-17,35.02069236830948,35.521457576842394,34.88934437357817,35.40652847290039,7117700
2018-01-18,36.00581215856978,36.81852708388281,35.71027831969816,36.58866882324219,11866200
2018-01-19,36.99912119826931,37.38495728093798,36.59686935732723,36.67074966430664,6543700
2018-01-22,37.762590289597036,38.09096189257483,37.71333360967526,38.07454299926758,8335800
2018-01-23,38.15662120029665,38.23050462895599,37.811833954274796,37.992435455322266,5659600
2018-01-24,37.46703983593951,37.491666599173,37.146879387574906,37.212554931640625,7400600
2018-01-25,37.524511650584955,37.58197619699885,36.97449295445684,37.023746490478516,7655700
2018-01-26,37.35212541709692,37.549148994995946,36.96628927331908,37.53273010253906,7057300
2018-01-29,37.32749170777342,37.508093228071516,37.105841398169304,37.27002716064453,11604400
2018-01-30,36.58867054170207,36.96629573951442,36.449114628782574,36.84315872192383,10224600
2018-01-31,37.294665784262286,37.598407505866554,37.04017761494934,37.1961555480957,6333300
2018-02-01,37.212563097090566,37.70511725933402,37.1879331968703,37.311073303222656,6706500
2018-02-02,36.94986486343693,37.204352961142604,36.49014846962417,36.53940200805664,12051800
2018-02-05,36.161783364122996,36.78568876895021,35.14383705542287,35.258766174316406,11748300
2018-02-06,34.7005275636247,35.87445149237711,34.56096857485311,35.784149169921875,13414100
2018-02-07,35.29159917218551,35.29159917218551,34.38037109375,34.38037109375,15239500
2018-02-08,34.569180660620276,34.5773885394703,33.13256072998047,33.13256072998047,11356000
2018-02-09,33.44451728758464,34.21618638493499,32.80419305674431,34.043792724609375,10588400
2018-02-12,34.503500534894634,35.127405718705056,34.446035995804536,34.913963317871094,6573300
2018-02-13,34.9221805080676,35.020690716574094,34.38036966390728,34.79083251953125,5831900
2018-02-14,34.61843907249509,35.37369242796617,34.41320762492777,35.34085464477539,6860100
2018-02-15,35.726680755615234,35.91549325867092,35.09456769847272,35.726680755615234,6116500
2018-02-16,35.587137852479515,36.08790317139035,35.554303195246725,35.6938591003418,4792100
2018-02-20,35.36548057687743,36.25207870239147,35.29980501787038,35.907291412353516,9291700
2018-02-21,35.84161634583303,35.97296433406891,35.19308428385076,35.209503173828125,6612600
2018-02-22,35.02889995400225,35.08636763707428,34.62664809358034,34.799041748046875,7984000
2018-02-23,35.619968983107505,36.03864288330078,35.39011076752426,36.03864288330078,7204900
2018-02-26,36.21103643144735,36.457313537597656,35.95654831386148,36.457313537597656,3897600
2018-02-27,36.161782848767636,36.367014310033724,35.80057660430941,35.80878448486328,5999100
2018-02-28,35.84982365786263,36.046847202890945,35.53787414797706,35.587127685546875,6400100
2018-03-01,35.58713495812927,35.75953176960367,34.733374439420196,35.06995391845703,7792400
2018-03-02,34.799033325938,35.34084405997676,34.60201294896887,35.308006286621094,4819600
2018-03-05,35.34084382868487,35.92370020981243,35.193076981133885,35.70205307006836,5977200
2018-03-06,36.39984679616465,36.449103467067594,35.65280451117718,35.743106842041016,8632000
2018-03-07,35.55429256505761,36.35058835048669,35.447571349103335,36.284915924072266,4482900
2018-03-08,36.36700965342174,36.44089309528047,35.78415312963795,35.956546783447266,7092400
2018-03-09,36.161767684765046,36.6132760838991,35.72667817143725,36.60506820678711,8336200
2018-03-12,36.76927408213977,37.22899061030186,36.73643629253278,37.12227249145508,5176100
2018-03-13,37.352123380481316,37.55735482762682,36.867777039954596,36.93345260620117,5842300
2018-03-14,37.29466231736424,37.31108121046304,36.80210805073504,37.06480407714844,4300500
2018-03-15,37.02375872032425,37.47527049355431,36.85136502413675,37.1961555480957,3942200
2018-03-16,36.941649469284606,37.36853112783067,36.88418493174787,36.917022705078125,8125600
2018-03-19,36.711806053621444,36.83494305565798,36.27671321132471,36.6132926940918,5116500
2018-03-20,36.69537611232241,36.867769742220425,36.54760924910046,36.80209732055664,6404200
2018-03-21,36.58865613802017,36.81851431896937,36.325960179340264,36.695377349853516,7036400
2018-03-22,36.20282470557477,36.42447503621093,35.86624526977539,35.86624526977539,6318500
2018-03-23,35.81699624832038,35.874460808153614,34.95502471923828,34.95502471923828,5923500
2018-03-26,35.964755459403634,36.35058840265161,35.44757139997238,36.34238052368164,5395200
2018-03-27,36.71180413165645,36.81031435444513,35.406531936268244,35.537879943847656,6995000
2018-03-28,35.28338781895028,35.43936258169203,34.84008716915813,35.045318603515625,8563100
2018-03-29,35.29980017296898,36.055050208393794,35.26696239797245,35.923702239990234,7758900
2018-04-02,35.578932665259345,35.78416416352882,34.82367912320393,34.88935470581055,6361200
2018-04-03,36.342391337343834,36.35059921875605,35.32444180511381,35.6938591003418,6174500
2018-04-04,34.782619139622334,36.07147216796875,34.76620025072573,36.07147216796875,5497100
2018-04-05,36.14536423226377,36.3095500288479,35.41474072562717,35.56250762939453,6115100
2018-04-06,35.20129380927541,35.43935987494415,34.692317636202965,34.823665618896484,5133100
2018-04-09,35.37368817673153,36.15356821007748,35.22592130171512,35.357269287109375,6696400
2018-04-10,36.01401751090695,36.30134344811368,35.32443964582801,35.77595138549805,5682300
2018-04-11,35.50503796362355,35.94833861116551,35.50503796362355,35.611759185791016,4788000
2018-04-12,35.57071429133053,35.99759292602539,35.34085295159113,35.99759292602539,7574700
2018-04-13,35.86623811344023,35.907286898450906,34.93859444595232,35.01247787475586,5749900
2018-04-16,35.14383117784191,35.30801381646925,35.037109957467656,35.193084716796875,5206900
2018-04-17,34.552767056464354,34.77441739831339,34.29007105092108,34.73337173461914,9831100
2018-04-18,34.560974902231706,34.692322904872846,33.830351441816404,34.4132080078125,8947400
2018-04-19,32.779570177895934,32.9027103107975,32.106411216290326,32.45119857788086,27527000
2018-04-20,32.31985068687391,32.45940971346435,31.868342083827056,31.97506332397461,15313300
2018-04-23,31.983260935668145,32.08177426336634,31.630262673706298,31.810867309570312,11178300
2018-04-24,32.04893648746694,32.18849233766537,31.44145015965877,31.810867309570312,13004000
2018-04-25,31.49071185767845,31.59743308062083,31.21159698107903,31.334733963012695,12359200
2018-04-26,31.2608536528024,31.654897631839845,31.2608536528024,31.334733963012695,7685800
2018-04-27,31.802664515426784,31.802664515426784,31.18697021100893,31.334733963012695,8276100
2018-04-30,31.761622363108504,31.884762502368343,31.507137334961122,31.56460189819336,7968000
2018-05-01,31.47428907863307,31.9668432086818,31.408613524449088,31.958635330200195,5507000
2018-05-02,31.687733934821395,31.687733934821395,30.907856947132572,30.989948272705078,11522200
2018-05-03,30.82576083384541,31.351152805082485,30.620529399356982,31.27726936340332,7021400
2018-05-04,31.19517717089043,31.736988017542572,31.145920500619116,31.679523468017578,9474000
2018-05-07,31.56460189819336,31.72878770667853,31.392208208496648,31.56460189819336,4590100
2018-05-08,31.999682190381613,32.328053710497294,31.966844412053465,32.16386795043945,8116600
2018-05-09,32.319839908253584,32.39372333731823,32.14744628429696,32.30342102050781,5861400
2018-05-10,32.484034272818896,32.73031139118261,32.37731303994735,32.64822006225586,7957900
2018-05-11,32.869870494626575,32.9847996080594,32.54149891488982,32.76314926147461,4184400
2018-05-14,32.94375690122428,33.288544272478234,32.73852542835872,32.795989990234375,5014000
2018-05-15,32.311639181463136,32.34447696422241,31.983267617037022,32.26238250732422,5622800
2018-05-16,32.34447795652026,32.69747630305382,32.24596460522013,32.66463851928711,7671500
2018-05-17,32.073571077753684,32.213130093579366,31.745199501820792,31.98326873779297,7964200
2018-05-18,31.581017286853523,31.64668972400796,31.425039376892713,31.539968490600586,7783900
2018-05-21,32.295225775182594,32.590759607043616,32.11462107091556,32.401947021484375,7902200
2018-05-22,32.40193280563447,32.66462873390516,32.385513918669744,32.54148864746094,5752000
2018-05-23,32.13102787586771,32.54970169067383,32.0899822216823,32.54970169067383,4815400
2018-05-24,32.319857617997506,32.38553320496768,31.83551112463771,32.23776626586914,7930800
2018-05-25,32.098196725111166,32.41836040963912,31.958640845759227,32.26238250732422,5403000
2018-05-29,31.597433643777823,31.65489819602102,31.219805417001243,31.326526641845703,7198200
2018-05-30,31.441451163481887,31.52354560585139,31.25263864340619,31.474288940429688,8413400
2018-05-31,31.466087130002006,31.90117679792471,31.433249346721666,31.76982879638672,8129400
2018-06-01,32.00788897667579,32.18028259277344,31.851911115992923,32.18028259277344,5970000
2018-06-04,32.713891283616306,32.8370314040147,32.566124391771574,32.81240463256836,8927200
2018-06-05,32.590763473134466,32.722111510477916,32.344486294563524,32.459415435791016,6345900
2018-06-06,32.71388852634094,32.77956408677354,32.47582244873047,32.47582244873047,9829700
2018-06-07,32.475838589994495,32.78778826234651,32.393744098650835,32.44300079345703,8216900
2018-06-08,32.14744785110497,32.14744785110497,31.62205594396425,31.958635330200195,8081300
2018-06-11,32.016100070260904,32.13924016931811,31.819076538085938,31.819076538085938,4511600
2018-06-12,32.12281805407422,32.311630557169146,31.999677967385907,32.18028259277344,6582600
2018-06-13,32.61537382550477,32.74672179669772,32.05714416503906,32.05714416503906,9616600
2018-06-14,32.0407348767432,32.07357266227546,31.68773651123047,31.68773651123047,7636000
2018-06-15,31.868333148702014,31.96684334882708,31.64668284973352,31.761611938476562,11235700
2018-06-18,31.449670191162593,31.490715857019975,31.063834042619348,31.400413513183594,8921400
2018-06-19,30.948900122758314,31.1705504418915,30.661574243178368,30.83397102355957,9848900
2018-06-20,31.474290290147767,31.679521707498346,31.203383316085212,31.482498168945312,8668600
2018-06-21,31.08846551594639,31.20339465035612,30.825769456842988,30.88323402404785,9246700
2018-06-22,31.416829846909028,31.44966762955369,31.170552740240698,31.293689727783203,10338500
2018-06-25,30.88948138047997,31.11073017703026,30.67674390093656,31.068180084228516,10528100
2018-06-26,30.91501360801784,31.229864184336613,30.727803578041904,31.025634765625,8817000
2018-06-27,30.84694004543905,30.906506290665032,30.217235565185547,30.217235565185547,8798100
2018-06-28,30.208730153675837,30.583147048950195,30.081086333452866,30.583147048950195,7199000
2018-06-29,31.102229341745826,31.289439425592683,31.008624299822397,31.110740661621094,8088200
2018-07-02,30.81291382339195,31.1192564929196,30.668253810625128,31.09372901916504,7365500
2018-07-03,30.966075897216797,31.15328597174379,30.932037111645116,30.966075897216797,6512600
2018-07-05,30.974585447967947,31.144772873873855,30.838433559572977,31.13626480102539,9230900
2018-07-06,31.331971008383846,31.78297335833071,31.2809128523817,31.71489906311035,7251600
2018-07-09,32.225476115780914,32.36162798815307,31.97019176084771,32.19144058227539,7124100
2018-07-10,31.88510633465964,32.29356205780322,31.88510633465964,32.27654266357422,7211500
2018-07-11,31.765956234333082,31.782972373023775,31.400047576284194,31.459613800048828,7316200
2018-07-12,31.76597035062153,31.98721595919164,31.655345923277885,31.748950958251953,5275300
2018-07-13,31.944662755182126,32.16590831979947,31.893604588216643,32.140380859375,4947500
2018-07-16,32.233995317792306,32.24250339172048,32.038277156269324,32.15740966796875,5399200
2018-07-17,31.910622517664034,32.43821056771016,31.782978729146823,32.37013626098633,6238500
2018-07-18,32.37014311067742,32.73605191933082,32.233991222302926,32.684993743896484,10532200
2018-07-19,33.56147361381582,34.369876926408885,32.863694732491446,33.87632751464844,17762300
2018-07-20,34.029493730760464,34.76130804278512,33.90184992555279,34.65919494628906,14481000
2018-07-23,34.73577985008293,34.87193172458817,34.574100513519426,34.66770553588867,6832800
2018-07-24,34.974050703461664,35.06765574158033,34.36136878816025,34.369876861572266,7018300
2018-07-25,34.48901412748626,34.80386807119264,34.301807271521035,34.79535675048828,7725700
2018-07-26,34.633665717305675,34.837891899881825,34.41241689904543,34.73577880859375,8476600
2018-07-27,34.837898517101706,35.67182928760647,34.837898517101706,35.27188491821289,9468500
2018-07-30,35.27188056526475,35.331446809655574,34.79534736402135,34.965538024902344,5174300
2018-07-31,35.110200512770156,35.38250753751925,34.965540550548134,35.06765365600586,4908300
2018-08-01,35.26336522178345,35.51014148958722,35.16125213535712,35.49312210083008,6115000
2018-08-02,34.97404359269125,35.44206868812776,34.888949891402774,35.356971740722656,4669300
2018-08-03,35.433561695188075,35.69735739516666,35.36548737507178,35.47610855102539,4575200
2018-08-06,35.059145083304195,35.24635189962173,34.88895441255612,34.94852066040039,7245800
2018-08-07,34.94852601107694,35.101697313589284,34.75280784589285,35.09318923950195,7494900
2018-08-08,35.36548515250925,35.83350702954068,35.271880127879605,35.71437454223633,5089600
2018-08-09,35.68884202354469,35.69735334141583,35.467596450644834,35.6037483215332,4513300
2018-08-10,35.14423903686873,35.14423903686873,34.71025590729325,34.91448211669922,7053200
2018-08-13,34.62516200317945,34.88044965663599,34.43795516905997,34.642181396484375,6708600
2018-08-14,34.888948297004816,35.05062762051095,34.778323893491944,34.81236267089844,5339100
2018-08-15,34.42093276977539,34.50602648275144,34.14011767394371,34.42093276977539,6052800
2018-08-16,34.420933009948975,34.65919800483806,34.35285544219947,34.38689422607422,5544000
2018-08-17,34.19968698346928,34.22521769654101,33.85930885498074,34.14863204956055,7897200
2018-08-20,34.05502214853001,34.24223220245431,33.95290904916989,34.12309646606445,4156700
2018-08-21,34.35286221127622,34.923000592111705,34.344354136689596,34.79535675048828,6075100
2018-08-22,34.7613057995948,34.931496446850154,34.49751338015979,34.803855895996094,5512700
2018-08-23,35.144233897267505,35.18678074749514,34.61664581298828,34.61664581298828,4126100
2018-08-24,34.82939349714903,35.23784922180941,34.74429977180552,35.09318923950195,4232000
2018-08-27,35.25486828108036,35.493133306672014,35.20381009868893,35.339962005615234,5733000
2018-08-28,36.071769949693106,36.38662054051049,35.952637469173915,36.0377311706543,10683500
2018-08-29,36.75252281934298,37.76515521743272,36.66742913286709,37.55241775512695,12278200
2018-08-30,37.73963727785121,37.85877302377072,36.93974531766601,36.98229217529297,7826200
2018-08-31,36.692973261910986,37.10994030578025,36.55682135401608,37.1014289855957,8782900
2018-09-04,36.81210599690267,37.54392372353223,36.752539739722835,37.53541564941406,8174900
2018-09-05,37.51838484024169,37.92684044211143,37.45881860118463,37.62900924682617,7262400
2018-09-06,37.3907470793,37.50137150373912,37.08440776304235,37.484352111816406,10424900
2018-09-07,37.44182123570859,38.4970012624616,37.42480183652178,38.19065856933594,14256000
2018-09-10,38.29274895452756,38.34380712173556,37.88429335521325,37.96938705444336,6824900
2018-09-11,37.135471160025595,37.92685521123303,37.084416218733395,37.90983581542969,12509700
2018-09-12,37.37372386543297,37.69708578666252,37.2886301606384,37.390743255615234,10303700
2018-09-13,37.43328973244531,37.43328973244531,36.82060472962824,36.956756591796875,9624500
2018-09-14,37.45882515869591,37.918339008535206,37.39925890921124,37.79069519042969,5295400
2018-09-17,37.12694674674733,37.560929787337514,36.990794886354685,37.23756790161133,6210300
2018-09-18,37.01633607271675,37.51839685274312,36.88869223608792,37.0673942565918,8814200
2018-09-19,37.611991606605756,37.77367094211918,37.22055537571006,37.45882034301758,6393200
2018-09-20,37.65454149357883,37.80771276951326,37.356710260438,37.586463928222656,4728000
2018-09-21,37.65453822121347,37.79069009397658,37.4588201069988,37.49285888671875,6668600
2018-09-24,37.30564566432888,38.24168930401946,37.263098816364106,38.19914245605469,8229100
2018-09-25,38.12256339399314,38.2161684232994,37.55242839166154,37.586463928222656,6678200
2018-09-26,37.654546615867226,38.06300232521712,37.654546615867226,37.671566009521484,4564300
2018-09-27,37.95236818175823,38.48846758332848,37.935352038573924,38.08852005004883,6711700
2018-09-28,37.8672880119769,37.969401138152406,37.416285395760475,37.577964782714844,7727700
2018-10-01,37.90983199780314,38.25872146134297,37.79920755928051,38.00343704223633,5029800
2018-10-02,37.22907460969096,37.43330410441305,36.973790175876616,37.11845016479492,5440300
2018-10-03,37.47585346371796,37.64604417962932,37.07590576824394,37.40777587890625,5631100
2018-10-04,36.65040798663786,36.65891930254642,35.71436449588153,36.10580062866211,7885000
2018-10-05,35.637790162242815,35.79946950840033,35.03361314003959,35.425052642822266,7921400
2018-10-08,34.68472874426938,35.03361819663151,34.3783893988264,34.85491943359375,7761800
2018-10-09,34.88894959656547,35.14423394439019,34.531552158834174,34.803855895996094,5678700
2018-10-10,34.33583238404212,34.41241801652431,33.48488235473633,33.48488235473633,12853500
2018-10-11,32.761580873691095,33.697624743063955,32.61692090589158,33.1359977722168,10209000
2018-10-12,34.15713190361491,34.53155197480459,33.3487287680477,33.74867630004883,7578600
2018-10-15,33.58699685489579,33.689109943904015,32.94878436789037,32.97431182861328,8209000
2018-10-16,33.901845045661496,34.0890550673876,33.52742824832565,34.046504974365234,10748100
2018-10-17,34.038012778898526,34.11459843749576,33.340233776620536,33.67210388183594,8173600
2018-10-18,33.867819677945654,33.99546351531419,32.72754620040229,32.795623779296875,9555600
2018-10-19,33.3232099700845,33.4593618733345,32.62543106016352,32.71903610229492,11266200
2018-10-22,33.3487397360247,33.38277852571261,32.79562401112556,32.948795318603516,8165700
2018-10-23,31.84254895046347,32.489272798928525,31.70639707385769,32.33610153198242,12350000
2018-10-24,31.96169333194042,31.96169333194042,31.000118617261446,31.042665481567383,13312400
2018-10-25,31.29794977092946,31.95318186583223,31.05117666063224,31.81702995300293,9927300
2018-10-26,31.10222687350143,31.731931403484264,30.75333744700365,31.2043399810791,11973200
2018-10-29,31.62980718095399,31.834036591418485,30.608669866980573,30.91501235961914,8269300
2018-10-30,31.34899958056056,32.1659108392962,31.20433638588543,32.14889144897461,12106400
2018-10-31,32.9232527753046,33.178540360131926,32.36162593169414,32.42119216918945,12610900
2018-11-01,32.99984588295757,33.25513352566142,32.667975842783235,33.2296028137207,14348600
2018-11-02,33.340221079320045,33.60401674649491,32.702008582772756,32.999839782714844,9736200
2018-11-05,32.94878969887577,33.03388341246436,32.5999002793752,32.74456024169922,8591900
2018-11-06,32.76159151378083,33.0594228654588,32.6935139213297,32.95730972290039,8578100
2018-11-07,33.43382642481601,33.44233449656178,32.9487851823909,33.3402214050293,6568700
2018-11-08,33.008352141856264,33.23810903739575,32.92325519196197,32.931766510009766,7953700
2018-11-09,32.412675970155206,32.66796024485156,32.1744110799207,32.39565658569336,5975400
2018-11-12,32.21696847746683,32.26802340147048,31.49365900828662,31.536209106445312,11666700
2018-11-13,31.817023501789382,32.43821668100241,31.689382935333473,31.82553482055664,15057100
2018-11-14,32.506293720194805,32.62542621207096,31.800003595333376,32.199951171875,10404900
2018-11-15,32.3956705848234,32.82114564188293,32.2424993045926,32.77859878540039,10840400
2018-11-16,31.544725305063245,31.655349745765154,31.195835834650364,31.374534606933594,16382400
2018-11-19,31.178816683181402,31.212855472296088,30.60017025270212,30.676755905151367,15191700
2018-11-20,30.123635574722545,30.625696275838493,29.970464293289403,30.327861785888672,11673500
2018-11-21,30.991607195861206,31.246894873101276,30.75334215962931,30.77886962890625,7013100
2018-11-23,30.48953183639419,30.80438234257962,30.421454296615845,30.60015296936035,2320500
2018-11-26,31.23838031322546,31.391551605238813,31.034154087952537,31.3490047454834,7077300
2018-11-27,30.96607864139607,31.33198750342494,30.96607864139607,31.31496810913086,6870200
2018-11-28,31.714907120131553,32.35311962477196,31.544716469670778,32.344608306884766,8380200
2018-11-29,32.29356205780322,32.65095959825979,32.2254844808872,32.27654266357422,7056600
2018-11-30,31.689385689067922,31.995725022852486,31.553233792013465,31.98721694946289,8734400
2018-12-03,33.033895391348764,33.18706672824551,32.65947837122242,32.95730972290039,7457600
2018-12-04,32.78710329566201,32.9998408010761,31.851059570286708,31.859567642211914,13321200
2018-12-06,30.37892009536168,31.36602210998535,30.30233445430824,31.36602210998535,12075700
2018-12-07,31.187324640205222,31.434097719380123,30.753338241089068,31.07670021057129,10802700
2018-12-10,30.897997528985087,31.34049194516188,30.7022794067348,31.000110626220703,12439100
2018-12-11,31.689379812470843,31.782981586867628,30.889484725258836,31.22986602783203,8635800
2018-12-12,32.00422600522947,32.080811625468336,31.714902911673324,31.808507919311523,8405400
2018-12-13,31.902124037949108,32.046784012051816,31.646836384162786,31.765972137451172,5825900
2018-12-14,31.314963908447115,31.578759615442696,31.085206985473633,31.085206985473633,5969600
2018-12-17,31.170298586412954,31.434091001937542,30.73631228003936,30.821409225463867,10733100
2018-12-18,31.15327377987497,31.485143694028057,31.15327377987497,31.280914306640625,7100400
2018-12-19,31.16178595827329,31.72341278998905,30.719291599025045,30.82991600036621,11786400
2018-12-20,30.983082051362622,31.272405112863684,30.242756635154212,30.532079696655273,12540400
2018-12-21,31.178814119231262,31.425590450843007,30.336375257684043,30.38743019104004,16981000
2018-12-24,30.259791975322685,30.540603869068697,30.013015624433628,30.0300350189209,6288500
2018-12-26,30.064059036784627,31.28942562276126,30.064059036784627,31.280914306640625,10063400
2018-12-27,30.804391876207596,31.314960598097645,30.600162439781517,31.297941207885742,8688600
2018-12-28,31.595778121139354,32.063800026904495,31.50217309076292,31.604286193847656,7369000
2018-12-31,31.851059926991102,31.987211802136233,31.28943303625284,31.408565521240234,4600600
2019-01-02,30.804396419254864,31.27241835769764,30.634205738152787,31.07670021057129,5273100
2019-01-03,30.072584097591648,30.22575541314396,29.16206752520724,29.2386531829834,15998000
2019-01-04,29.323745929841888,29.808787330746746,29.1110083594058,29.757732391357422,14178200
2019-01-07,29.791761421515883,30.18320093257827,29.75772588473755,29.978971481323242,6850800
2019-01-08,29.87686193668408,29.936428190785957,29.476914305328012,29.73219871520996,11462600
2019-01-09,30.06407451762163,30.600170849097232,30.06407451762163,30.302339553833008,11770300
2019-01-10,30.174690604366177,31.042660119988867,30.12363567446415,30.991601943969727,7894600
2019-01-11,31.017130285992508,31.289434045062176,30.838431552749952,31.153282165527344,7232700
2019-01-14,30.744817835437615,30.79587274700704,30.395928539877456,30.429964065551758,6146200
2019-01-15,30.668243408203125,30.82992276400539,30.46401394908494,30.668243408203125,10165800
2019-01-16,30.54911063512192,30.659731813621445,30.327861785888672,30.327861785888672,8727400
2019-01-17,29.715171907044972,31.102221290993263,29.638589524695288,30.8809757232666,21916900
2019-01-18,30.83843593618377,31.493664717875276,30.770358363681247,31.3490047454834,12905900
2019-01-22,31.059677227515284,31.280922815091092,30.71929590465741,30.949052810668945,13381700
2019-01-23,31.08520588582206,31.263907872557855,30.838432825684333,31.051170349121094,13918600
2019-01-24,31.383041599693268,32.029762268066406,31.297944639303957,32.029762268066406,14094100
2019-01-25,32.33610584014758,32.55735145181491,32.233992730617835,32.455238342285156,16763700
2019-01-28,31.417073241416603,32.04677768573366,31.40005709756619,31.859567642211914,14086500
2019-01-29,31.731923509244414,31.731923509244414,30.889481654488357,30.91501235961914,10100800
2019-01-30,31.323466739837432,31.86807415215106,30.880972405803554,31.808507919311523,9281600
2019-01-31,31.7489524249427,32.421200600951934,31.7489524249427,32.01274490356445,7633400
2019-02-01,32.12336896814317,32.22548207979131,31.859573246425064,31.970197677612305,6438300
2019-02-04,31.910624977942824,32.34460804935153,31.808511886926063,32.28504180908203,7283800
2019-02-05,32.26802827489069,32.56586277639962,32.2339927357868,32.54884338378906,7314000
2019-02-06,32.69350941167781,33.0338908347456,32.5999076041461,32.965816497802734,8795200
2019-02-07,32.65095468979107,32.7275403292496,32.19144409915694,32.43821716308594,7916200
2019-02-08,32.08933209207337,32.26803085962251,31.91063332452423,32.15740966796875,7147200
2019-02-11,32.2680318135398,32.5828857421875,32.19144940756977,32.5828857421875,8860700
2019-02-12,32.88071060180664,32.991335021220266,32.71051993642805,32.88071060180664,8831200
2019-02-13,32.6509539559066,32.744558984931665,32.37865018753388,32.44672775268555,7155600
2019-02-14,32.26802931745695,32.51480564910744,32.1318774182907,32.38716506958008,7782800
2019-02-15,32.25952172905156,32.57437239196121,32.2254829422188,32.41269302368164,6257600
2019-02-19,32.5233166534862,32.89773356103469,32.421200295513366,32.727542877197266,8105700
2019-02-20,33.1274912413538,33.62104066483862,33.093452454598335,33.18705749511719,7178600
2019-02-21,33.24661813543089,33.34022316014522,33.016861232800316,33.1700325012207,4607300
2019-02-22,33.28916779116155,33.53594410507172,33.255132253404746,33.518924713134766,5117800
2019-02-25,33.92737990637994,33.969926762568235,33.59550988354738,33.680606842041016,5101500
2019-02-26,33.53594484873232,33.75719045658464,33.510417383319364,33.69762420654297,5587300
2019-02-27,33.621027906585255,33.68910545426264,33.23810306230646,33.56997299194336,8194900
2019-02-28,33.28916906472034,33.43383227866033,33.187055955309134,33.2296028137207,5705100
2019-03-01,33.493397248287884,33.62954913766641,33.35724535890936,33.518924713134766,5299200
2019-03-04,33.46786087678314,33.46786087678314,32.94026960549449,33.31468963623047,7081100
2019-03-05,33.144493378079794,33.382758269080924,32.89771717176252,33.20405960083008,7192400
2019-03-06,33.2381034142872,33.37425526496764,32.999835241009315,33.00834655761719,4433400
2019-03-07,32.99133632353693,33.084941355496014,32.650954979343354,32.8722038269043,4231300
2019-03-08,32.29355672691979,32.65946552714695,32.28504540815153,32.50629425048828,5066200
2019-03-11,32.53182119853315,32.92325745662205,32.50629373486729,32.88071060180664,6005400
2019-03-12,33.22960362155061,33.33171673344424,33.06792425720925,33.10196304321289,5580200
2019-03-13,33.37427212413006,33.56147898456143,33.204081413277876,33.365760803222656,6086400
2019-03-14,33.18705341657143,33.22960027172825,32.96580782208575,33.03388214111328,4935000
2019-03-15,33.53593630084956,34.09756311960319,33.53593630084956,33.74016571044922,8871300
2019-03-18,33.91886593168473,34.0209790179923,33.73165590169044,33.91035461425781,6290900
2019-03-19,34.02098079170778,34.10607773983111,33.69761888107246,33.833770751953125,8033600
2019-03-20,33.84228030542493,34.16564219920147,33.73165590169044,33.91035461425781,5394000
2019-03-21,34.25073761036735,35.0931795413733,34.22521014904242,34.92298889160156,6509600
2019-03-22,34.75280098943948,34.90597226173233,34.327325954429746,34.40391159057617,6759100
2019-03-25,34.038006312215785,34.42944260573813,33.84228816545461,33.96992874145508,4901800
2019-03-26,34.1316224898815,34.57411710590937,34.09758369339052,34.37839889526367,5573500
2019-03-27,34.1996834138247,34.25924966124581,33.86781339358794,34.208194732666016,7660300
2019-03-28,34.242237820560185,34.49752223390331,34.20819903314979,34.32733154296875,6632700
2019-03-29,34.735786924901916,34.93150508148385,34.54857684203337,34.85491943359375,6116300
2019-04-01,34.95703853506673,35.20381164550781,34.667715314371094,35.20381164550781,6834200
2019-04-02,35.04212392853148,35.19529519988649,34.88895265717648,35.118709564208984,5580200
2019-04-03,35.39952421493069,35.70586678202135,35.32293857315803,35.56120681762695,6821100
2019-04-04,35.51014156819693,35.893069700789,35.44206725913417,35.7739372253418,7610300
2019-04-05,36.02923202613407,36.02923202613407,35.79096700605932,35.93562698364258,4430600
2019-04-08,35.944136765365435,36.15687430879035,35.80798486741818,36.07177734375,6830300
2019-04-09,35.94413269942886,35.99518762656052,35.76543071611724,35.918601989746094,5049900
2019-04-10,35.96113971632159,36.165369111359176,35.89306541538647,36.054744720458984,4040200
2019-04-11,35.816485061971136,35.91009007986568,35.697352583238654,35.82499313354492,5172200
2019-04-12,36.139854435414705,36.29302572433409,35.97817182704577,36.23345947265625,6555700
2019-04-15,36.23346758432331,36.39514698277051,36.13135120477119,36.258995056152344,5274400
2019-04-16,36.44619339209382,36.65893091155423,36.378115827730355,36.599361419677734,6639100
2019-04-17,37.35671782974167,37.83324789932262,37.32267904016656,37.773681640625,15795700
2019-04-18,37.49285975643477,38.83735912539403,37.441801585670454,38.63313293457031,16569800
2019-04-22,38.11405615360038,38.42890678495501,37.94386548261081,38.4203987121582,10872000
2019-04-23,38.42040422271241,38.6501579284668,38.343818572088445,38.6501579284668,11437500
2019-04-24,38.36083925591415,38.79482245996194,38.241703492846845,38.64165115356445,10776800
2019-04-25,38.23318989894405,38.32679493335324,37.80771483062383,37.85026168823242,10149800
2019-04-26,37.14397021326427,37.44180142616204,36.86315514443201,37.390743255615234,12745000
2019-04-29,37.314169622437994,37.373735884173016,37.08441589638451,37.29715347290039,9272100
2019-04-30,36.93123397147705,37.39074453768713,36.81209823611619,37.288631439208984,11863900
2019-05-01,37.68857900691395,37.91833591307742,37.288631439208984,37.288631439208984,7319000
2019-05-02,37.32266324499345,37.84174320492438,37.22905823633492,37.78217697143555,10717200
2019-05-03,38.23317710823906,38.41187579808274,37.918326571926464,38.04596710205078,5479900
2019-05-06,36.86315109706065,37.28862606655222,36.76954608439387,37.23756790161133,10756400
2019-05-07,37.29713738376724,37.48434416298438,36.837623637648406,37.23756790161133,10225200
2019-05-08,37.0333445477617,37.441800159972864,36.982286378941566,37.18651580810547,8112600
2019-05-09,36.52278136980122,36.84614335775922,35.9781737560514,36.80359649658203,11229400
2019-05-10,36.47171734148926,36.66743545100066,35.901579156289436,36.446189880371094,8313900
2019-05-13,35.203798400979935,35.32293087418977,34.66770227153566,34.88043975830078,11046000
2019-05-14,35.391012615183946,35.80797956686598,35.22933327471617,35.71437454223633,7107800
2019-05-15,35.35697383420647,36.020717078799976,35.28038820006556,35.71437454223633,5347700
2019-05-16,35.42505897626762,35.4335670502741,35.07616951188663,35.339962005615234,9214700
2019-05-17,34.36988019669625,34.84641350694261,34.114595770039045,34.25074768066406,11271000
2019-05-20,33.399788612881935,33.44233546507627,32.77859548171776,32.897727966308594,13979700
2019-05-21,33.314700273691074,33.476379636514054,32.89773326435555,33.44234085083008,11806400
2019-05-22,33.35724744600562,33.51892681034698,33.09345172365333,33.10196304321289,12217600
2019-05-23,32.31907097867289,32.489261577175675,31.83402988291512,32.39565658569336,14708800
2019-05-24,32.69350106386899,32.96580808046429,32.50629425048828,32.50629425048828,10540700
2019-05-28,32.446728519882974,32.50629476774063,32.038272857666016,32.038272857666016,12484600
2019-05-29,31.87658566492049,32.12336193968406,31.638320707833785,32.072303771972656,13043000
2019-05-30,32.29355063709928,32.65094805116125,32.19994562500218,32.37013626098633,7351600
2019-05-31,32.56585208961576,33.16151765104326,32.548832702590275,32.63392639160156,9302700
2019-06-03,33.15301463399918,33.263639054300505,32.89773025694126,33.03388214111328,9618300
2019-06-04,32.8807126590521,33.27214894163197,32.693502590810795,33.23811340332031,6985600
2019-06-05,33.39128363057822,33.40829977613706,32.42119778175512,32.531822204589844,8219800
2019-06-06,32.48926851558167,32.83815785626912,32.26801971644346,32.710514068603516,6234000
2019-06-07,32.96580782208575,33.18705341657143,32.8126365466276,33.03388214111328,4456900
2019-06-10,33.60401279246909,34.14862020606274,33.56997401759043,33.71463394165039,8351800
2019-06-11,34.437945953611056,34.548567111315286,33.98694026701111,34.00395965576172,6100600
2019-06-12,34.03801279209358,34.19969218425359,33.569990765425864,33.57849884033203,6163200
2019-06-13,33.71463291158359,33.71463291158359,33.212572358869366,33.56997299194336,6646800
2019-06-14,32.87220251445269,32.93176876039077,32.19144309936254,32.199951171875,11281500
2019-06-17,32.26802906438157,32.37865349599819,32.046783447265625,32.046783447265625,6500700
2019-06-18,32.56586868217055,33.54445958886443,32.52332181598696,33.365760803222656,12303200
2019-06-19,33.98694589056653,34.00396528213321,33.442338344900996,33.527435302734375,10217600
2019-06-20,34.420937556237455,34.6506945085625,34.157141815541834,34.47199249267578,10400000
2019-06-21,34.480506896972656,34.63367821222326,34.395409918434645,34.480506896972656,12766200
2019-06-24,34.75815236650839,35.20624636931807,34.65271572330054,35.12717056274414,6571000
2019-06-25,34.722996676498646,34.722996676498646,34.187038960897496,34.195823669433594,6790500
2019-06-26,34.59999154228495,34.59999154228495,34.24854286181457,34.33640670776367,9133300
2019-06-27,34.77571541342541,34.93386363067447,34.52091529110457,34.78450012207031,11375200
2019-06-28,34.9075168228587,34.9075168228587,34.37155893679922,34.415489196777344,7040000
2019-07-01,36.49781378264803,36.814116983145546,36.15515309933027,36.357234954833984,11046800
2019-07-02,36.19029018204926,36.29572680176866,35.7949145889226,35.84762954711914,4445600
2019-07-03,35.45224654030045,35.46981930824024,35.1535161886496,35.43467712402344,3125000
2019-07-05,35.03050695126081,35.232588736536535,34.82842516598509,35.08322525024414,3149300
2019-07-08,34.76692630631731,34.87235956519651,34.47698400648378,34.547271728515625,6772300
2019-07-09,34.83720887732226,35.15350857676086,34.63512376560414,34.85477828979492,6577000
2019-07-10,35.873991309958846,36.146360872152755,35.627975875884786,35.7685546875,7945000
2019-07-11,36.14635616869371,36.190286413170284,35.873986641941244,35.935489654541016,6126600
2019-07-12,36.11999628486312,36.26057506881597,35.86519619155403,36.22542953491211,4695800
2019-07-15,36.68231336397375,36.84046492325684,36.603237584332206,36.74381637573242,5784300
2019-07-16,36.72624379815098,36.85803788212405,36.524161993944986,36.699886322021484,6529500
2019-07-17,36.620815473407845,36.82289730482661,36.48023666234856,36.57688522338867,5514600
2019-07-18,37.35886361001307,37.98268201722113,37.17435450675389,37.94753646850586,11257600
2019-07-19,37.85088568900478,38.676785852772525,37.84209762728207,38.509849548339844,11438800
2019-07-22,38.834933137359016,39.43239390498478,38.77343011877958,39.186378479003906,10035800
2019-07-23,39.13366920877712,39.16881475354853,38.870084326318796,39.02823257446289,6565800
2019-07-24,39.09852144940679,39.21274278761239,38.87008212465902,39.1336669921875,7130400
2019-07-25,38.84371375146985,38.87007457926999,38.3253288269043,38.3253288269043,6593900
2019-07-26,38.42197694081549,38.56255573139756,38.11446188381182,38.184749603271484,4399000
2019-07-29,38.23746541511296,38.61527151862172,38.13203216696198,38.606483459472656,4138600
2019-07-30,38.13203168339133,38.13203168339133,37.57850127220885,37.87723159790039,4938500
2019-07-31,37.80694688875245,37.92995292266019,36.94590129973522,37.455501556396484,7592300
2019-08-01,37.560931453979144,38.123246616673256,36.55051909174501,36.78774642944336,9662800
2019-08-02,36.15515031168629,36.708677518215104,36.03214091412762,36.594459533691406,9317000
2019-08-05,35.50496075882719,35.60160929554401,34.9514303632342,35.0305061340332,6668400
2019-08-06,36.181505180133826,36.47144750285812,35.926705045368465,36.251792907714844,8667700
2019-08-07,36.06728385219364,36.41873254508814,35.847629257050365,36.251792907714844,5484700
2019-08-08,36.77018763433165,37.06013338558555,36.682327113647204,36.81412124633789,7795900
2019-08-09,36.541738459651164,36.64717172650096,36.02335348278361,36.38358688354492,3480500
2019-08-12,36.067280737544074,36.26057783710987,35.89155640627179,35.98820495605469,3463500
2019-08-13,35.69825961760836,36.89318094648166,35.62796855042166,36.76138687133789,7697800
2019-08-14,35.89155529923862,36.10242516059389,35.364385673344536,35.52253723144531,9621800
2019-08-15,35.47861222996944,36.01456999476001,35.443466689273585,35.90034866333008,7690100
2019-08-16,36.18150719290125,36.66474665876632,36.15514971255,36.49781036376953,4845700
2019-08-19,37.04255131230456,37.086481561618946,36.594457406636714,36.708675384521484,3797600
2019-08-20,36.90196909876819,37.095266199912906,36.65595704397519,36.84925079345703,7540300
2019-08-21,37.26220843758831,37.46429027946983,37.15677516175087,37.41157531738281,3914600
2019-08-22,37.24463269459044,37.3324965438305,36.66474469625864,37.01619338989258,3145600
2019-08-23,36.84925775377086,37.03377018138032,35.90035154057486,35.979427337646484,7526900
2019-08-26,36.34843617988595,36.50658773352303,36.13756967614494,36.322078704833984,5519000
2019-08-27,36.50659210928932,36.62081343430975,36.26058004154968,36.330867767333984,4192800
2019-08-28,36.304513838369616,36.69989280850689,36.06728645628724,36.594459533691406,3586000
2019-08-29,37.20070185973889,37.402783682312695,37.10405330292901,37.14798355102539,5171600
2019-08-30,37.52578928220246,37.683940854844714,37.218274197433104,37.455501556396484,5382200
2019-09-03,37.033766256570026,37.04255096568543,36.53295404541326,36.65596008300781,4748000
2019-09-04,37.437921774749185,37.912376403808594,37.24462469957777,37.912376403808594,4460900
2019-09-05,38.448339263948434,39.10730305631613,38.448339263948434,38.870079040527344,7698300
2019-09-06,38.65920762862669,38.69435316723366,38.38683473191722,38.4044075012207,4325300
2019-09-09,38.58012308109445,38.729489910421535,38.25503530196459,38.52740478515625,4677000
2019-09-10,38.307757338636435,38.747066497802734,38.096890819167825,38.747066497802734,5001600
2019-09-11,38.58012804562419,38.896431158631025,38.518625034946496,38.852500915527344,4016800
2019-09-12,38.914011699354724,39.063375226075436,38.597708523165714,38.7207145690918,6577900
2019-09-13,39.03700673018217,39.38845534937111,38.82613688833632,39.30937957763672,6231100
2019-09-16,39.12487546042447,39.30938786782591,39.089733272424176,39.186378479003906,3716300
2019-09-17,38.90522609720663,39.66962660520281,38.84372307035594,39.65205383300781,6110900
2019-09-18,39.687193142164716,39.713553974373696,39.195168963108394,39.572975158691406,4044800
2019-09-19,39.64552753975103,40.01720612218005,39.61012893651082,39.73402404785156,6422700
2019-09-20,39.61898832423522,39.73403212023997,38.82253646850586,38.82253646850586,7249200
2019-09-23,39.09687147040629,39.194215963273514,38.804837991804604,38.99952697753906,4347000
2019-09-24,39.29156439316448,39.4243041347225,38.99068291951619,39.04377746582031,7592200
2019-09-25,39.11457179375573,39.911020311416095,38.93758210900983,39.83137512207031,6719500
2019-09-26,39.91101447090443,41.1587866708598,39.91101447090443,41.114540100097656,15832500
2019-09-27,40.707470210197286,41.13224340729497,39.99066354120896,40.27384567260742,9610400
2019-09-30,41.21188929691144,41.3623317056734,40.813663362891354,41.13224411010742,8396900
2019-10-01,41.55701451690545,42.344614991282086,41.55701451690545,41.76055145263672,11575200
2019-10-02,41.33578096119202,41.53931791014083,40.9995042850839,41.08799743652344,5785200
2019-10-03,41.10569187068775,41.71630264517296,40.91985424920924,41.707454681396484,6091600
2019-10-04,41.61896801184674,41.99064671854123,41.39773173132313,41.96409606933594,5704200
2019-10-07,42.23842411938979,42.61010277194,41.972941296595216,42.43311309814453,11059000
2019-10-08,42.70743814343936,42.83133326149637,42.12337466150063,42.35346221923828,13089700
2019-10-09,42.65434746311068,43.41540066377013,42.62779681894545,43.07912063598633,11033100
2019-10-10,43.28265470090184,43.707427845617055,42.91097946519985,43.30035400390625,9566500
2019-10-11,43.76053654983369,44.061418023538785,43.654344081407686,43.733985900878906,7499100
2019-10-14,43.733985580547255,44.36229917231012,43.62779311289906,44.16761016845703,7974000
2019-10-15,44.42424978011761,44.81362445339967,44.34460457696923,44.59238815307617,9323200
2019-10-16,44.548130880905255,45.24723823240052,44.30919532878166,44.3622932434082,13615700
2019-10-17,45.25608931466394,45.31803519809712,43.59239167552184,44.02601623535156,12410200
2019-10-18,43.93752427101481,44.32689888825752,43.477352427474756,43.61009216308594,9169200
2019-10-21,43.83132437674561,44.344594092526236,43.65433807897032,44.247249603271484,6538900
2019-10-22,44.51272866995712,44.981751771719956,44.406536225092516,44.8136100769043,10697300
2019-10-23,44.33574012892305,44.60122631147232,44.17644976971231,44.39768600463867,7118800
2019-10-24,44.68087018062763,45.17643717181802,44.45078261260613,45.08794403076172,7006600
2019-10-25,44.95521606313179,45.335742774090626,44.85787154975189,45.247249603271484,6303500
2019-10-28,45.4861736567178,45.55696750022371,45.176440885962435,45.40652847290039,7725500
2019-10-29,45.57467349393947,45.87555496854302,45.52157557166906,45.548126220703125,5303900
2019-10-30,45.831292309721405,46.070227812420256,45.63660337216015,45.93748474121094,5198100
2019-10-31,45.91979674525322,45.95519535639689,45.4419256222057,45.68971252441406,5140800
2019-11-01,45.91979514365585,46.10563278198242,45.75165681028379,46.10563278198242,5226600
2019-11-04,47.38880697560109,47.60119527395259,47.00828033224454,47.33571243286133,7233400
2019-11-05,47.459614072939765,47.76049558897903,47.33572227971151,47.388816833496094,5287100
2019-11-06,47.5215503724728,47.56579695029031,46.99058131127013,47.46845245361328,4545100
2019-11-07,47.69853926288131,48.114461138376235,47.362259200649234,47.494998931884766,7890900
2019-11-08,47.37110677480049,47.37110677480049,46.48616173734382,46.75164794921875,6558400
2019-11-11,46.36226570196186,46.680846426230495,46.15872876718959,46.54810333251953,4046500
2019-11-12,46.62774329802292,46.62774329802292,46.043679827460096,46.14987564086914,8625100
2019-11-13,46.53040799311995,46.848985345624286,46.149881387181765,46.79589080810547,5336200
2019-11-14,46.459609093837116,46.66314602381924,46.132180413065626,46.44190979003906,5308600
2019-11-15,46.91093881209662,47.247218899237154,46.79589837833086,47.15872573852539,5986400
2019-11-18,47.2472144786974,47.751632874315014,47.2472144786974,47.27376174926758,4774400
2019-11-19,47.83127704410563,47.91092222991891,47.50384833611652,47.574642181396484,4731100
2019-11-20,47.38880911005947,47.59234607659028,47.087927643057924,47.34456253051758,5264800
2019-11-21,47.34455979739623,47.35340776247478,46.848989358061644,46.8843879699707,6037000
2019-11-22,46.83127650623501,47.043664740459,46.67198955031259,46.71623611450195,4172300
2019-11-25,46.981730645962216,47.73393255302304,46.72509578325306,47.574642181396484,5021500
2019-11-26,47.34455855816254,47.601193424089736,47.238366101012346,47.45960235595703,5672800
2019-11-27,47.81357375760793,47.8401244011998,47.37995262990596,47.68968200683594,2786100
2019-11-29,46.955187956896914,47.043681116079576,46.72510034174579,46.98173522949219,3391700
2019-12-02,47.38880637438384,47.42420498629291,46.70739828622282,46.8843879699707,4475800
2019-12-03,46.38881292230182,46.84013673981361,46.17642802354094,46.707393646240234,5468100
2019-12-04,47.14101984814413,47.40650266900336,46.9994287852994,47.06137466430664,3905200
2019-12-05,47.45075087548822,48.2649020467002,47.33571045383007,48.14101028442383,7624300
2019-12-06,48.22949903941699,48.69851877550857,48.22949903941699,48.618873596191406,5429100
2019-12-09,48.71620549487204,48.840097213851,48.070196263198774,48.194087982177734,6541900
2019-12-10,48.38879107191355,48.72507110464046,48.079061683742154,48.24720001220703,4364800
2019-12-11,48.707383795550314,49.73392007518075,48.6985324532529,49.46843719482422,11028000
2019-12-12,50.663101005189965,51.8754747041084,50.459564061269155,51.86662673950195,15788700
2019-12-13,52.25599756791874,52.67192276628126,51.54804229736328,51.54804229736328,9886900
2019-12-16,51.583447424305504,51.94627475730906,51.583447424305504,51.804683685302734,5779400
2019-12-17,52.84006017279755,52.84006017279755,52.01706113009639,52.415287017822266,8407500
2019-12-18,52.74272353125435,52.778122143379676,51.963974319281796,52.30025100708008,10021200
2019-12-19,52.13093632654125,52.13093632654125,51.57843846601803,51.64972686767578,7228700
2019-12-20,51.48931923890458,51.95270570722973,51.07940161670997,51.622989654541016,8043800
2019-12-23,51.71210761547383,51.98835825675919,51.64081921089135,51.88142395019531,4022000
2019-12-24,51.67645496378295,51.765566301854946,51.284356917755,51.471492767333984,2692200
2019-12-26,51.50714944460421,51.99726870535901,51.47150354216159,51.90815734863281,2490400
2019-12-27,52.157665945500604,52.31806908890144,51.97944325228187,52.09528732299805,2847800
2019-12-30,52.273518623961294,52.30025135073168,51.346745569611315,51.55170440673828,3519900
2019-12-31,51.40020340556996,51.8012112180764,51.204154386260235,51.77447509765625,2950200
2020-01-02,53.111174902513056,53.57456141205576,53.111174902513056,53.503273010253906,8432600
2020-01-03,52.54975980787665,52.55866958206989,51.721011433337324,51.738834381103516,10546400
2020-01-06,51.32891288925594,51.409114453745204,50.910085518593945,51.14177703857422,8897200
2020-01-07,51.19524809164441,52.22004212727386,50.56254872190191,51.97052764892578,7444300
2020-01-08,51.85467406269906,52.55866514279339,51.78338567703526,52.35370635986328,5381500
2020-01-09,53.19136978603092,53.20919273408375,52.309155953384206,52.78145217895508,5112700
2020-01-10,53.20029101423952,53.20029101423952,52.371542500899515,52.451744079589844,4807700
2020-01-13,53.60130067190623,53.61021044788496,52.97751097260359,53.52109909057617,6613700
2020-01-14,53.61020833799031,54.037948955122914,53.39633632973388,53.75278854370117,6715200
2020-01-15,53.17354706380059,53.20028318568326,51.91705811546777,52.03290557861328,10075100
2020-01-16,52.754714152282794,53.191364437844506,51.95269856744377,52.35370635986328,11215700
2020-01-17,52.25569017936527,52.35371469972512,51.69427918054608,52.20222473144531,8125700
2020-01-21,51.67646063212667,52.57649748314482,51.213074144688605,51.89924240112305,9873700
2020-01-22,52.48738748596904,52.523029986396836,51.97053213689467,51.99726486206055,8124500
2020-01-23,51.560610270303755,51.74774612992001,50.45561126229285,51.221981048583984,9999200
2020-01-24,51.76556945922754,51.810125130981156,51.20415847686841,51.44476318359375,10402200
2020-01-27,49.564481487415186,49.89420091631552,49.065452556114614,49.243675231933594,9675500
2020-01-28,49.66251345484724,50.90117959440693,49.439731677246435,50.874446868896484,8124400
2020-01-29,51.25762410160516,51.25762410160516,50.660567259609856,50.96355056762695,7693400
2020-01-30,49.08327492912862,49.93875600081436,49.065451981879384,49.724884033203125,10295700
2020-01-31,49.395163362992406,49.439719027236194,47.76439953651122,48.0673828125,13467200
2020-02-03,48.4327583748475,48.958523519901156,48.24562249255219,48.80703353881836,9594300
2020-02-04,50.722951113735604,51.36456369093838,50.70513156381774,51.25762939453125,12746600
2020-02-05,51.77448166708392,51.819040740311536,50.94573321587435,51.614078521728516,6594400
2020-02-06,51.925975434874054,51.934885209959766,51.043758128666674,51.70319366455078,4236300
2020-02-07,50.918998991344196,50.918998991344196,49.95658354694502,50.08134078979492,6808400
2020-02-10,50.29520224870844,50.83879021497301,50.206090916269424,50.81205749511719,4281200
2020-02-11,51.64081439005148,52.487385786487735,51.5160571441434,52.27351379394531,6523200
2020-02-12,52.79927590163724,53.2448394113557,52.48738280458624,53.13790512084961,5962900
2020-02-13,52.6923488429477,53.20029104178942,52.34480980156972,52.870574951171875,6460100
2020-02-14,52.59431615224159,52.72798316313302,51.56951873850861,51.854679107666016,6932400
2020-02-18,49.99223053690208,50.40215159944104,49.5734030981878,50.06352233886719,10989000
2020-02-19,51.01702019129079,51.631896590780315,50.79423844373057,51.364559173583984,7866300
2020-02-20,50.74077395810518,50.829888704410166,49.7338028202087,50.33085632324219,7192900
2020-02-21,50.48235386618799,50.48235386618799,49.475379245654146,49.537757873535156,6816600
2020-02-24,47.71986005336203,48.73574449986063,47.390143946901006,48.22780227661133,9968800
2020-02-25,49.30604741755928,49.43080462551153,47.969357219135524,47.996089935302734,12670700
2020-02-26,48.55751316649663,49.377348399120024,48.45948864968735,49.038719177246094,10969300
2020-02-27,48.29909238250521,48.655541204151035,47.4703438580927,47.48816680908203,11878900
2020-02-28,45.759371328021835,48.16541497298035,45.447478229337136,47.97827911376953,13604500
2020-03-02,48.450565838051546,49.91201332680491,47.96935992302289,49.88528060913086,13797700
2020-03-03,50.17044701807458,50.23282563313765,48.15650159022489,48.90504837036133,14661800
2020-03-04,49.8763841260328,50.87444551122298,49.50210898197394,50.865535736083984,9878200
2020-03-05,50.00114682929402,50.25066135296814,49.234776907288754,49.66251754760742,10004200
2020-03-06,48.655536712062954,49.08328069755529,48.094129104941764,49.07436752319336,12971200
2020-03-09,45.93760442853552,48.24562390943384,45.500954023689545,46.1871223449707,13781100
2020-03-10,47.8624279426983,48.67335333586629,46.775255369051486,48.5753288269043,11698700
2020-03-11,47.32776225355696,47.72877014053798,46.41881217619339,46.55248260498047,14498000
2020-03-12,44.25337142111156,45.43857208968323,43.228573901660575,43.38897705078125,15942200
2020-03-13,46.2495012750663,46.74853031242194,43.92365882790976,46.54357147216797,14948700
2020-03-16,41.294833860208804,43.08599800508801,40.01161193847656,40.01161193847656,16628200
2020-03-17,40.76906104930107,43.27312919217148,40.127448508920374,43.255306243896484,13415700
2020-03-18,39.03136448914296,41.072046269310434,38.55015506161894,39.539306640625,15018500
2020-03-19,39.34769271499337,40.64308872092566,38.412127217115774,39.482627868652344,11182600
2020-03-20,43.19791006557581,43.43179977827314,40.013390287915485,40.05836868286133,14157700
2020-03-23,40.589116511510966,41.02991295851775,39.14978747734186,40.715057373046875,10508600
2020-03-24,43.17991984530142,44.007533328486474,42.73012901357953,43.962554931640625,12216200
2020-03-25,44.349368245969586,45.02405438591323,43.2248913460635,44.07949447631836,9796600
2020-03-26,44.16944727698534,45.39287858294052,44.00752234345416,44.862125396728516,10577500
2020-03-27,42.48722948450163,43.26087004437804,41.8395297726738,42.199363708496094,12158500
2020-03-30,42.442265987740946,43.323855664943544,42.073437618384425,43.01799774169922,8428300
2020-03-31,42.99999924981605,44.10648419202562,42.87405837646997,42.991004943847656,9595700
2020-04-01,42.12741168335603,42.78410589736432,41.65063105987907,41.839542388916016,8755200
2020-04-02,42.20836348837114,43.37782221569272,41.92949541198036,43.29685974121094,6174700
2020-04-03,42.99100661234992,43.31485654588373,42.082427250865464,42.334312438964844,5486200
2020-04-06,43.746644376217496,45.06902669869424,43.63869213760783,44.952083587646484,7370300
2020-04-07,46.139542433099166,46.166528783764065,44.67322342148199,44.72719955444336,6568700
2020-04-08,45.16799347052589,45.51882976222774,44.56527541691125,45.22196960449219,6325900
2020-04-09,45.230965263400314,45.57280725881127,42.92803838475406,43.476783752441406,12274000
2020-04-13,43.84560469376186,44.160456852384435,43.1439287762683,43.85459899902344,9873200
2020-04-14,44.97908471528518,46.12155387884925,44.93410631689626,45.54582214355469,11068800
2020-04-15,44.763182196792506,44.95209695472026,44.1154857306873,44.67322540283203,9398100
2020-04-16,46.60731219057117,47.80375363272806,46.49036565117429,47.138065338134766,18615900
2020-04-17,48.6943563356191,48.74832903910667,47.677828096478805,48.29853820800781,11288500
2020-04-20,47.67782259488923,48.41547919824192,47.282007944583086,47.30899429321289,9901700
2020-04-21,46.418409246359836,46.60732399063993,45.44686290157306,46.21150588989258,13102500
2020-04-22,47.21003859753567,47.776775926073036,47.1470681645461,47.632843017578125,8255500
2020-04-23,47.50689638628649,47.79476216834167,47.012123856225266,47.353965759277344,7619900
2020-04-24,47.3179899566338,47.57886943964536,46.77824237876219,47.4349365234375,5701800
2020-04-27,47.81276922040705,48.3525168733169,47.65084423820772,48.13661575317383,5812300
2020-04-28,48.13660012541344,48.33450913532323,47.38994933357057,47.4619140625,8561100
2020-04-29,48.35251071220637,49.198116175786005,48.06464487645026,49.00920486450195,8565500
2020-04-30,48.75731349960897,48.946224773633624,47.641831032339574,47.794761657714844,6337900
2020-05-01,47.210036085377446,47.282004251610914,45.95961836593478,45.96861267089844,10238700
2020-05-04,46.589335171739236,46.940171471409144,46.13054660168496,46.913185119628906,7514000
2020-05-05,46.967155309587476,47.3000029780116,46.4004213627429,46.517364501953125,7780700
2020-05-06,46.87720296151863,47.33598811884976,46.778248425403795,46.89519500732422,8206700
2020-05-07,47.63285107496913,47.65983742749208,46.868204581044886,47.075111389160156,5493400
2020-05-08,47.33598330277791,47.983683159353376,47.20104812041236,47.59686279296875,6086000
2020-05-11,47.32697660295471,47.524885603221655,47.120073298871354,47.138065338134766,6459300
2020-05-12,47.35396898621334,47.35396898621334,45.950624060971116,45.96861267089844,8584500
2020-05-13,46.697273558733045,46.79622806862158,45.410871793443995,45.80668640136719,8611000
2020-05-14,45.36589512858426,46.91317640019366,44.7901635200685,46.868194580078125,13695600
2020-05-15,45.48284389574491,45.923636928611614,44.42133740406207,44.79916000366211,17777200
2020-05-18,45.82468193182499,46.94915884503691,45.671754718811144,46.661293029785156,12726500
2020-05-19,46.193508367963936,46.29246288141571,45.69873923233612,45.70773696899414,12940300
2020-05-20,46.400418167382924,46.8592032496579,45.42886844261526,46.634307861328125,8406200
2020-05-21,46.86818868240566,46.96714318359817,45.599779069620375,45.65375518798828,7842600
2020-05-22,45.734725628811596,45.752717671406536,44.62824074645703,44.79916000366211,12462300
2020-05-26,46.148538439241754,46.238498664157554,45.689753302882124,45.716739654541016,8872000
2020-05-27,45.905640416488346,46.54434585571289,45.653758707945705,46.54434585571289,11405700
2020-05-28,46.292475195709414,46.436408135845774,45.069043488734394,45.2309684753418,8178700
2020-05-29,45.28493424676654,45.63577049354792,44.85313552521781,45.27593994140625,10918500
2020-06-01,45.79768322536173,46.13052734099655,45.46483910972691,45.90563201904297,6187300
2020-06-02,46.28347555806161,46.81422885712131,46.13954263450126,46.78723907470703,6063600
2020-06-03,47.35397402964176,47.90271934490736,47.15606498305249,47.7318000793457,8380200
2020-06-04,47.73180125669567,48.91025096448306,47.70481147500233,48.829288482666016,13269500
2020-06-05,49.92677225684053,50.68242083907416,49.53095764010139,49.656898498535156,9776100
2020-06-08,50.142669087846286,50.17864973605231,49.21609790601901,49.98973846435547,6302100
2020-06-09,49.73786094623858,50.943300268968585,49.432003105198696,50.92530822753906,9355100
2020-06-10,51.114229417442765,52.2117201358431,51.114229417442765,51.77092361450195,9194300
2020-06-11,50.24162883930575,50.74539574915491,49.485980190347654,49.512969970703125,9877100
2020-06-12,50.826350927352905,51.15919509646301,49.791830907506665,50.37656021118164,9838800
2020-06-15,49.21611235878857,50.48452237665318,49.045193076818066,50.39456558227539,7509700
2020-06-16,50.90731786155902,51.27614614392552,49.96275796102346,50.19664764404297,8827200
2020-06-17,50.5115080129893,51.114226035423755,50.27761487620022,50.916316986083984,8248700
2020-06-18,50.78943914191747,51.24259258867129,50.562862418540554,50.88913345336914,6831500
2020-06-19,51.18820780510493,51.20633435603449,50.09157740351196,50.127830505371094,6965100
2020-06-22,50.30002427101135,50.753177642822266,50.136888780576555,50.753177642822266,4480400
2020-06-23,51.333214980663705,51.80449491668194,51.23352068264059,51.44197082519531,7836500
2020-06-24,51.39666032657514,51.713869796551066,50.898192253511525,51.27884292602539,7080200
2020-06-25,51.260712905010045,51.74105439379884,50.7078652140643,51.69573974609375,4509600
2020-06-26,51.65949294121885,51.89513121237628,50.94350966544269,51.052268981933594,6229300
2020-06-29,51.061332836180156,51.12477404502236,50.44504384403876,51.10664749145508,5016600
2020-06-30,50.979754621633035,51.65042313697231,50.92537497208038,51.45103454589844,7158700
2020-07-01,51.632304379868266,52.08545782267621,51.44197730635127,51.49635696411133,6866500
2020-07-02,52.52048071274457,53.535543379283254,52.52048071274457,53.12770462036133,10021200
2020-07-06,54.9856338664053,56.308844469347754,54.8859430189541,56.08226776123047,12725600
2020-07-07,55.52034911677424,55.73786425458326,54.99469300777168,55.021881103515625,6672300
2020-07-08,55.86474643805961,56.86168591817977,55.73786404867551,56.725738525390625,8721900
2020-07-09,57.05200518888988,58.88274506500027,56.99762554442838,58.71054458618164,16903300
2020-07-10,58.429599925035966,58.51116421723547,57.2695248815432,57.8676872253418,10700000
2020-07-13,59.09119843292535,60.79505957993323,58.89181675245829,58.97338104248047,16667700
2020-07-14,59.816256011310095,60.74975102151856,59.20903204160189,60.686309814453125,10482700
2020-07-15,60.88569063980029,60.912878737262986,59.05495396006704,59.87062454223633,12432500
2020-07-16,59.25432201083963,60.387205241569305,58.29363924384342,60.3509521484375,15709400
2020-07-17,61.00351141930655,61.62886535394358,60.1515876883819,60.178775787353516,11716600
2020-07-20,60.45067466943471,60.70444643992363,59.63500389387124,60.62287521362305,6357300
2020-07-21,62.390148366560894,62.76173742336852,61.366024310125574,61.4566535949707,10619700
2020-07-22,61.71951009535525,62.44455851731732,61.65606887702663,62.109222412109375,7366100
2020-07-23,61.86450048262216,62.08201216580915,60.49597535865344,61.05788803100586,8559500
2020-07-24,64.71028509417762,69.68590581320785,64.66496700362192,66.9760513305664,41226800
2020-07-27,73.73711593270542,75.58598248730972,72.89425039920305,75.45003509521484,39899200
2020-07-28,71.91542963325337,72.12388320034907,69.32339212096684,69.71310424804688,31500100
2020-07-29,69.88531411879616,75.55879631581318,69.83999601542003,74.92437744140625,28304000
2020-07-30,72.51359200192658,73.6645983256401,71.24476139651297,72.44108581542969,16820300
2020-07-31,72.16919247858422,72.2960748501391,70.2478269009985,71.49852752685547,12021200
2020-08-03,70.48349775009738,71.73420593129042,70.15723356649724,71.55294036865234,10129800
2020-08-04,71.89731817346822,72.67674255371094,71.36259358024499,72.67674255371094,12569400
2020-08-05,73.392725283934,76.12976868718052,73.02113618920444,73.98181915283203,14436300
2020-08-06,74.35339714696418,74.4077733323882,72.70391934825044,72.9758071899414,9838700
2020-08-07,72.94862326854951,73.22051804035874,71.96981730209305,72.53172302246094,8705800
2020-08-10,73.00299988935463,73.27488772245032,71.79761044370882,72.38671112060547,7421400
2020-08-11,71.67978984356506,71.77948412852847,70.63754272460938,70.63754272460938,7056300
2020-08-12,70.8369447803289,72.09671071425696,70.44723256888965,71.95169830322266,8354400
2020-08-13,71.59824876658126,71.68887807830785,70.53787129877631,70.96383666992188,6551800
2020-08-14,71.0725651680022,71.80667824953647,70.73723613596755,71.06350708007812,5611200
2020-08-17,72.32328346436505,73.31115453085178,72.1964010689369,72.67674255371094,8663900
2020-08-18,72.70393203422958,73.24771472706608,71.82481333876738,71.9698257446289,6804800
2020-08-19,71.60730074285803,71.80668934112083,70.91850565283342,71.18133544921875,7976800
2020-08-20,69.16933779271636,69.87625602199867,68.86119678593072,69.6134262084961,11457100
2020-08-21,70.7100735709697,71.35355766650373,70.56506803737442,71.00009155273438,7942300
2020-08-24,72.25981966619386,72.42295511137418,71.13599463736507,71.50758361816406,6405600
2020-08-25,72.36859387437418,72.93957156221855,72.02419979257724,72.5407943725586,6113100
2020-08-26,73.63741521806162,74.47121567549526,73.41990355842046,74.09056854248047,7821600
2020-08-27,74.48031428391495,74.59813171217804,72.65863516172155,73.04834747314453,8018200
2020-08-28,72.55891930738848,73.30209059771094,72.42297882070977,72.9033203125,5699500
2020-08-31,71.598244748281,72.28703992497778,71.31729182332448,71.82482147216797,9812900
2020-09-01,72.61330560437777,73.95463583868748,72.49548129132097,73.9093246459961,10193300
2020-09-02,73.72805823926848,74.96063606454452,72.39578611087657,74.47122955322266,12567800
2020-09-03,73.51960604643457,74.14495300200187,71.03632057303787,73.57398223876953,20090100
2020-09-04,72.95772579854841,73.83684484307408,70.1572400154634,71.5167007446289,13638700
2020-09-08,70.7100497782196,71.73418083373411,69.98500852505924,70.07563781738281,11553500
2020-09-09,71.25384381917435,72.23264991790668,71.19040261912158,71.96076202392578,7867500
2020-09-10,73.17518424483418,73.6192794045066,71.38070126242046,71.50758361816406,11241800
2020-09-11,72.51361171510176,72.77644152667668,71.23571576033123,71.43510437011719,7853500
2020-09-14,72.95768737792969,73.5196000059867,72.45921594057498,72.95768737792969,7091100
2020-09-15,73.91837776780538,78.65836520572768,73.75524227302138,77.80643463134766,21048400
2020-09-16,78.38649314033027,78.38649314033027,75.25973665059713,75.34130096435547,14492600
2020-09-17,73.78988046692525,74.9650534713572,73.43459641329153,74.61888122558594,10090200
2020-09-18,75.03792672965159,75.46608435369006,72.979096220333,73.08841705322266,10528300
2020-09-21,72.69670122787434,73.47103810449391,72.04079005464781,73.41637420654297,8417100
2020-09-22,73.63502116956704,73.68967812115795,72.33231053788609,73.31617736816406,6375200
2020-09-23,72.60556233068574,72.81509211371639,70.95668032829106,70.9840087890625,9094700
2020-09-24,69.9819403156939,71.96788996228423,69.38979805886137,71.403076171875,9940900
2020-09-25,71.21178980242968,71.89502945450684,70.50122167631314,71.85858917236328,6057500
2020-09-28,73.16129830319879,73.21596220049187,72.39607324382591,72.66936492919922,5999300
2020-09-29,72.60560226137463,74.00852193811619,72.25031817541183,73.343505859375,6114600
2020-09-30,73.41637650815086,74.64621347164264,73.39815984177818,73.85365295410156,5878900
2020-10-01,74.7555214342839,75.35677563093793,74.46400614355636,75.26567840576172,6253800
2020-10-02,73.52568128857817,74.88304852058025,73.43458407607694,73.60767364501953,6145900
2020-10-05,74.2909091267197,77.09674065073736,74.2909091267197,77.01475524902344,10129100
2020-10-06,76.31330393367107,76.93277477100413,75.40231781702083,75.7211685180664,7795600
2020-10-07,77.23340492290235,79.2557952941767,77.23340492290235,79.18291473388672,11446400
2020-10-08,80.95023174057131,80.95023174057131,78.81852048551283,79.98458862304688,10920800
2020-10-09,80.47650612902801,80.89556583768287,79.83881865980915,80.8773422241211,7608800
2020-10-12,81.18706812512644,83.14568230334669,80.78623209410375,82.81773376464844,10022000
2020-10-13,82.44423805379286,82.58088735222371,81.4694832520517,81.6607894897461,8247000
2020-10-14,81.66990179200984,81.87942469397292,80.41273657914304,80.71336364746094,8159000
2020-10-15,79.51996491313002,81.52413123571387,79.42886770760735,80.30341339111328,10327900
2020-10-16,80.66782035168748,80.70425367873266,78.74563916239602,78.98249053955078,7457200
2020-10-19,80.47650582541668,81.64257382944535,79.51997462519705,79.76593780517578,7994500
2020-10-20,79.97548372689239,81.05955958855256,79.957260109738,80.40364837646484,7357600
2020-10-21,80.1667922852927,80.95935284748447,79.77506790861497,79.83883666992188,7387600
2020-10-22,80.56761550018525,81.02310856483982,80.05745854158678,80.35808563232422,5656200
2020-10-23,80.39453128509729,80.57672574302795,79.6475228871447,80.44918823242188,4165400
2020-10-26,79.44709609129418,79.96635788469065,78.13527389733581,79.00982666015625,5568000
2020-10-27,79.21933889909964,79.45619719672362,78.32657654310913,78.99159240722656,5315800
2020-10-28,77.57046167957829,77.80731999295065,76.37706525663154,76.38617706298828,8727300
2020-10-29,76.76879664281576,77.73444664825809,76.5410501146891,77.33361053466797,5845600
2020-10-30,76.91456133859042,77.20607663015649,75.75761197995175,76.40441131591797,4963600
2020-11-02,77.0694171283049,78.30835869124118,77.00564838390106,78.08061218261719,6597100
2020-11-03,78.51790482015222,80.38542240798724,78.39947216293346,79.88438415527344,6274700
2020-11-04,80.82268547515326,81.7792166812441,80.5858271501951,81.48770141601562,7620800
2020-11-05,82.37135846913723,82.86329177910541,81.7792161358271,82.3804702758789,6670100
2020-11-06,81.81567087026663,83.35523981887764,81.12332634154161,83.27325439453125,6403000
2020-11-09,83.99290350250898,84.2479854118772,81.02309424985692,81.1050796508789,8978000
2020-11-10,80.53116044177435,80.89555621667802,78.98248013600156,79.8570327758789,8350100
2020-11-11,81.53323958054112,83.06369619928167,81.40570210816865,82.79039764404297,7707300
2020-11-12,82.79041879048705,83.71051674784765,81.78833541577659,81.82477569580078,7474600
2020-11-13,83.39169229418542,85.45962827489522,83.09106512708254,84.92214965820312,9170900
2020-11-16,87.83728456381662,93.32142518191769,87.78262761787788,90.43359375,18436200
2020-11-17,89.25841772396683,89.35861979688575,87.17225880068341,87.19047546386719,10843700
2020-11-18,89.75035990443982,90.00544188588417,87.79174507925954,88.30189514160156,8526600
2020-11-19,88.15613779419535,88.23813017217671,87.1085091498037,88.01038360595703,5542800
2020-11-20,88.05592786779123,88.547854290834,86.81698610172327,86.84431457519531,5329800
2020-11-23,88.51140705690851,90.12384929094384,88.2289966580863,89.39505767822266,8802400
2020-11-24,89.72303529743196,89.81413253388095,87.47289811074643,88.03771209716797,7022800
2020-11-25,87.63686168188251,89.26752766546785,87.58220473894559,88.8120346069336,5194900
2020-11-27,89.76856545930951,90.43358137816243,89.32218424457395,89.95075988769531,4367100
2020-11-30,88.875798667739,89.23108267862797,87.63685705787464,88.38386535644531,13840500
2020-12-01,89.90521158613916,95.01584366025911,89.75033868217211,91.88204956054688,16157300
2020-12-02,92.92058278640293,92.95702306466559,90.66133418602543,90.67955780029297,8676300
2020-12-03,92.06424819978525,92.18268083473059,90.579343436982,90.64311218261719,7359000
2020-12-04,92.4741994397838,94.5148063242258,91.73629598470592,94.49658966064453,10824500
2020-12-07,96.5827552917964,98.0312269853232,95.62622393783836,96.9198226928711,11793000
2020-12-08,98.18607420432288,98.24073114259421,95.75374314744197,96.23656463623047,9876200
2020-12-09,96.57364711989615,97.11112563125641,94.2961816644245,95.12517547607422,8204100
2020-12-10,93.8315563254325,95.75373730714996,93.10276475833025,94.95207214355469,7135000
2020-12-11,94.75168079425286,95.76287607694982,94.03200083042427,94.7698974609375,7492600
2020-12-14,94.53302683266392,95.56244559881644,94.28706363781562,94.34172058105469,5878000
2020-12-15,96.27300478580783,96.91069223237828,95.12516043170915,95.73551940917969,7399900
2020-12-16,96.24569473088394,96.26391139701187,94.7061258078282,95.83574676513672,5986900
2020-12-17,95.96565691693935,96.3498837958761,95.00508273999931,95.05082702636719,7779300
2020-12-18,95.14228630744617,95.8741528401113,94.37383272978467,95.3984375,7417000
2020-12-21,94.73977355272466,96.02053669160163,94.52021635107641,95.901611328125,6116400
2020-12-22,96.12116511630853,96.25839097981459,94.14513641245213,95.08740997314453,5597100
2020-12-23,95.75522087108074,95.93819099472513,94.77635339327198,94.9227294921875,3320800
2020-12-24,95.83756823433646,97.28299396003041,95.75522992601117,96.94451141357422,3172100
2020-12-28,98.43567694421189,98.95712960790789,96.92620650311392,97.10917663574219,5157000
2020-12-29,97.88677684815511,98.02400269759988,96.25838111638855,96.56941986083984,4602400
2020-12-30,98.52715441242897,100.35681378483876,98.25270969432546,99.62495422363281,9571800
2020-12-31,100.32023345509468,100.32937672725924,99.20414004647547,99.75303649902344,4909500
2021-01-04,101.9760783462913,104.38207819403573,101.04294804699147,102.18648529052734,11262100
2021-01-05,102.83601196099701,105.15967330290701,102.47007867784059,103.16534423828125,10583600
2021-01-06,104.15336359864217,106.47703195561573,102.9640891347277,105.76346588134766,10609300
2021-01-07,109.17578588624617,112.46917877720786,107.57483372298329,111.08778381347656,13556100
2021-01-08,115.1862263050355,115.53385912494198,107.01679571065328,108.5811538696289,18976800
2021-01-11,109.5417280700625,113.07297197145684,108.68179272747291,112.15814208984375,12006800
2021-01-12,114.50009878834982,114.53668583755957,111.3164880781073,112.52406311035156,14163200
2021-01-13,113.80482542809563,114.17075873408639,107.94991347103527,109.07515716552734,20650500
2021-01-14,112.93573969759652,123.1818309995742,111.30734371727914,115.68022918701172,37125400
2021-01-15,117.52819478040885,117.59222561267119,112.71618769908069,114.56414794921875,17343100
2021-01-19,119.46762167453205,122.63293896280346,117.50074316445722,120.11715698242188,20443800
2021-01-20,123.67585305229393,124.5357953683875,119.01937233808937,119.51337432861328,17360700
2021-01-21,121.90107541419718,123.8679539741627,121.06857691482014,122.73357391357422,15460100
2021-01-22,118.96444678948217,120.07139685683595,117.8392101789408,118.14110565185547,19163200
2021-01-25,120.6020121251289,120.91305090154744,116.50357162092611,119.4035873413086,20469300
2021-01-26,118.05879027594546,118.30579823427375,115.49726400517967,115.86319732666016,17084600
2021-01-27,114.30797097843525,114.44519683266228,111.151811229198,111.37136840820312,16732700
2021-01-28,113.8963042335469,116.71398154752028,113.0546625360007,115.11302947998047,14148100
2021-01-29,113.43890133702129,113.76824064120628,110.28274114811266,111.17012023925781,15169200
2021-02-01,113.93291829962469,116.04617316698338,112.87171224943351,115.87236022949219,10179900
2021-02-02,118.44301361494763,119.15657973192337,116.59505353701813,117.50074005126953,9302400
2021-02-03,118.01303746840533,118.14111307473196,115.323435776352,116.64079284667969,9676600
2021-02-04,116.64080168836158,117.28117976853707,115.24111318483686,117.23543548583984,7445100
2021-02-05,117.8209305228731,117.90327581855993,115.90893948198077,116.89695739746094,6226800
2021-02-08,117.73859599203949,121.90107449846013,117.73859599203949,121.26069641113281,11160000
2021-02-09,122.56888195250315,122.96226599080518,120.52881558588555,121.37960052490234,7929100
2021-02-10,122.69697425863752,124.41685883297716,121.2240976508499,122.30360412597656,12196300
2021-02-11,123.86795486364683,127.37175482909929,122.64208622715202,127.30772399902344,12347900
2021-02-12,127.08813805897876,127.90233591958118,125.47804284003273,126.30138397216797,11114100
2021-02-16,129.5490808527182,130.0888272191525,127.54560085747377,128.1219482421875,11833600
2021-02-17,127.3534660541615,127.74683617841701,124.50834474062754,124.66386413574219,12311200
2021-02-18,123.36481502109692,124.30708868167336,122.0383005264559,123.1635513305664,11614600
2021-02-19,124.55406540385601,126.20076175263618,124.16069531011105,125.02063751220703,10771900
2021-02-22,122.21208079155257,123.75814502217551,121.83699731185993,122.19379425048828,10363800
2021-02-23,118.10453796386719,120.5196881838394,114.70136286169098,118.10453796386719,18444700
2021-02-24,118.47960699259465,121.10517811322676,116.80547369780884,121.03199005126953,12782900
2021-02-25,120.31842705078094,120.33671359735308,115.01241107292599,115.26856231689453,13581200
2021-02-26,114.74710366456561,116.5401692595687,112.36854754791243,115.21366882324219,17281000
2021-03-01,118.58939581285915,119.2023301263522,116.40294608902383,118.1319808959961,9714900
2021-03-02,117.4915921754492,117.57393747180726,115.26856231689453,115.26856231689453,8274500
2021-03-03,115.9272468723922,116.87867081273664,112.25877699291385,112.42344665527344,10660300
2021-03-04,111.56350463281125,112.66130471158769,103.82404443868987,105.74518585205078,24454200
2021-03-05,110.6029333127961,110.9688666588129,105.55306849287993,110.5114517211914,17448700
2021-03-08,110.27358014458191,110.69440099677004,104.01614095471281,104.22655487060547,17246900
2021-03-09,107.0991149889866,108.31584019109648,105.50731323125001,106.46788024902344,17717100
2021-03-10,107.76694597909054,107.9773529103555,103.75084398574323,104.13507080078125,15240300
2021-03-11,108.16945282557488,110.51142140996518,107.09910384022092,110.3101577758789,15091600
2021-03-12,108.86474328539133,108.86474328539133,107.29123495478288,108.224365234375,8171000
2021-03-15,108.54456538192323,108.9653862842245,106.7697932021152,108.93794250488281,8935000
2021-03-16,109.52342606608978,110.923114559883,108.04139925993354,109.1849365234375,10793400
2021-03-17,108.12707355099806,109.7524201090436,105.95994013634088,109.05453491210938,9890400
2021-03-18,108.35664560909353,108.6596785875507,104.77536524286825,105.1426773071289,10283800
2021-03-19,105.0324957330135,105.5008188531721,103.95811358020478,104.34378814697266,11536000
2021-03-22,105.40898737415553,108.65968786054995,105.40898737415553,107.60366821289062,9376400
2021-03-23,106.61193809331908,107.20881943137536,105.25289231419325,105.50082397460938,8977400
2021-03-24,103.27858857802535,105.31716411129837,99.95442417633824,100.05543518066406,24196100
2021-03-25,99.17387767078895,103.53569173501347,99.07286667935638,101.42365264892578,16772400
2021-03-26,102.84698534182255,107.16288281720178,102.11236121559442,107.0343246459961,12910900
2021-03-29,107.02515279909666,107.21799006649145,103.20511834243224,105.04167175292969,10863600
2021-03-30,105.85894445787658,106.60274639641017,104.94985242123599,105.66610717773438,8206200
2021-03-31,106.32725498688472,108.68722571585245,106.11604827311712,108.61376190185547,9806500
2021-04-01,112.77356118167215,114.67439370240342,111.69917910601869,114.60093688964844,17904000
2021-04-05,116.68543345237526,116.98846647975523,112.65419883470763,114.3254623413086,14113900
2021-04-06,113.86632458599132,113.875509315754,111.60736447120257,112.4338150024414,13042300
2021-04-07,112.43379421198831,112.58989955960752,110.04626933969436,110.0921859741211,11193200
2021-04-08,111.46041793212196,113.70101521362238,111.46041793212196,113.34288787841797,10226700
2021-04-09,112.71844951882005,113.3520625971053,111.75425631324637,112.76436614990234,8315200
2021-04-12,112.22260896751322,112.45217817176864,109.49532570001541,111.01966857910156,9868400
2021-04-13,112.39707030939172,112.85620866277495,110.5146002581624,111.35941314697266,8384800
2021-04-14,112.02056574449276,112.42460970939493,110.65233550774873,110.96454620361328,9521900
2021-04-15,111.75428844686445,112.02977430078226,107.0343460572868,108.67806243896484,18709100
2021-04-16,109.44939314603505,110.74415954386966,108.21889882580263,109.12799072265625,9512100
2021-04-19,108.35664166221893,109.16472256944222,105.78546431194401,105.96912384033203,12630300
2021-04-20,106.56600281457014,107.23634081293156,105.18858790704478,105.55589294433594,9299200
2021-04-21,105.14269797742415,107.88834376208321,104.4723528029213,107.80570220947266,8472200
2021-04-22,107.89751150214587,107.89751150214587,105.06003988164254,105.89566802978516,7411800
2021-04-23,107.05269586860582,109.01780738190837,106.45581463193469,108.94434356689453,8380300
2021-04-26,110.19320412542318,111.6073510857402,109.64223950597511,111.58898162841797,8444000
2021-04-27,111.57061987212286,111.70836277931689,110.09219381375728,111.35941314697266,5491800
2021-04-28,110.19320742898721,110.57888197357376,109.0269990662911,109.88099670410156,6476500
2021-04-29,110.85435565461962,110.95536664417259,107.99851478102899,109.36674499511719,8831800
2021-04-30,108.36583076166784,108.52193611267406,107.11697394182819,107.19961547851562,7950700
2021-05-03,107.8699662122196,107.94343003041239,106.27216669895056,106.46500396728516,10229500
2021-05-04,105.60182338295658,106.3548100172775,104.4447927477187,105.93240356445312,9638300
2021-05-05,106.52007860564447,106.97003214844902,105.46405918380626,105.95074462890625,7059000
2021-05-06,105.87730974215978,108.02607392693739,105.10595364610685,107.4383773803711,8581700
2021-05-07,108.7239510648077,109.66059011614065,106.56600245154802,107.28225708007812,9614300
2021-05-10,105.58344910851524,105.9507541526982,103.0581883973369,103.13164520263672,12281200
2021-05-11,100.76249164103677,103.75606823080844,100.21152009141052,103.62751007080078,10007700
2021-05-12,100.41355699753221,101.09307980236571,99.22897919903477,99.3667221069336,15058900
2021-05-13,100.42272862710229,102.3235608916537,99.08204564395007,99.86257934570312,10552000
2021-05-14,101.57058347511878,103.60915881241239,101.23081858360484,103.26939392089844,8425200
2021-05-17,100.15643716783325,101.03798193957789,99.05450795462619,100.8267822265625,10688600
2021-05-18,103.76526505332454,104.20604094322455,101.68995779060742,101.78178405761719,7476600
2021-05-19,99.63301418164596,103.2969359673205,99.17387586744483,103.21429443359375,7280500
2021-05-20,103.20512650114189,104.42643629708617,102.93882539486033,104.02239227294922,6442500
2021-05-21,104.68354778514615,104.68354778514615,102.56233076928106,102.7092514038086,5979400
2021-05-24,103.08575344024472,105.17942338086556,102.95719525132209,104.34378814697266,6653600
2021-05-25,105.46408366763897,105.54673221846433,104.31623772653299,104.94066619873047,5331700
2021-05-26,104.68353495104559,106.52008819580078,104.68353495104559,106.52008819580078,6605100
2021-05-27,106.52009037705764,107.00677587594069,105.6018137358761,106.30888366699219,6513700
2021-05-28,106.79558794038095,108.20972795844786,106.47418547583383,107.76895904541016,5386500
2021-06-01,109.92690330156252,110.22993629503944,107.8332335391679,108.8249740600586,7596100
2021-06-02,109.18308665143904,109.68813456638559,108.28317252136654,109.22899627685547,5383400
2021-06-03,108.4025777099576,108.59541499487987,106.94251397283766,107.2730941772461,4912200
2021-06-04,108.56785495641103,110.05545869420278,108.40256487377916,109.74324798583984,5352100
2021-06-07,108.48521385248834,109.04536322616386,107.96179638923857,108.55867767333984,6266000
2021-06-08,107.94342787600291,108.06280132376219,105.6569138701814,106.4466323852539,11564800
2021-06-09,106.52009674278322,108.03525469245875,106.4925495628447,107.55774688720703,6401600
2021-06-10,107.47509721762889,109.13717566988329,107.09860043789465,108.5770263671875,8566600
2021-06-11,108.62295169630934,108.74232514520091,107.58530154731125,108.58621978759766,6036600
2021-06-14,108.8617195101148,111.1114949104894,108.77907095347902,111.10231018066406,7610300
2021-06-15,110.51459892584064,112.02975687491816,109.52285841307406,109.68814849853516,8196900
2021-06-16,109.77998452335748,110.10137997372462,107.89751444765722,108.37501525878906,8059400
2021-06-17,108.47733251933842,110.83713627267045,108.39436693247632,109.80472564697266,7608100
2021-06-18,108.3206183180341,108.67089945752102,106.20047749452408,106.73512268066406,12532800
2021-06-21,106.35717068594025,106.37561060508762,104.18172438927596,105.21414184570312,11116200
2021-06-22,104.62422523242861,105.53680461109509,103.25074618313468,105.38932037353516,11792400
2021-06-23,107.1130720030797,108.23766823396622,106.75357085160223,106.97480773925781,8913700
2021-06-24,107.59239909852084,108.4681054875602,107.17758525678947,108.07173156738281,6772200
2021-06-25,108.2653281682703,108.70779493975253,107.41727447509766,107.41727447509766,6712800
2021-06-28,108.11781975306857,110.56980175804841,108.01642128713043,110.25639343261719,11026600
2021-06-29,110.0628088421768,110.8832094405076,109.1594426716538,110.8279037475586,7874900
2021-06-30,110.7634048461914,111.31648300756572,109.70333426777455,110.7634048461914,7936400
2021-07-01,110.70810042170442,110.80949891272833,108.79997605035501,109.15947723388672,8295600
2021-07-02,109.46366901171145,109.86004299975941,109.15026061932363,109.61116027832031,5144300
2021-07-06,110.47762326080013,111.50082084787525,108.97509322515617,110.6619873046875,7181500
2021-07-07,111.2058614963768,111.5838025664383,108.96588902670918,109.00276184082031,7391800
2021-07-08,106.80889006292557,109.03042277379728,106.35720333116588,108.6524887084961,7565400
2021-07-09,108.77231433409864,111.3441351525407,108.4220331417692,111.13211822509766,8374200
2021-07-12,111.7128437735307,113.1324153406703,110.17343381319978,113.04022979736328,10668700
2021-07-13,113.55645323907804,115.66737439118383,112.57934123991055,114.21092987060547,13460200
2021-07-14,115.36317466735073,115.94390564857233,114.36762981431086,114.66260528564453,10587700
2021-07-15,110.72652928446779,111.26116750863126,107.73068169916826,108.33906555175781,23734500
2021-07-16,109.46365096725681,109.68488079793097,106.16360826496873,106.68903350830078,12110000
2021-07-19,105.08510138298072,106.57841851337793,104.37531914349663,106.32952880859375,9230200
2021-07-20,106.81808481179138,107.7306710496187,105.4814788343555,107.29742431640625,7108000
2021-07-21,107.14073838174993,108.6524887084961,106.86419577180605,108.6524887084961,5564700
2021-07-22,108.85527519470382,108.85527519470382,107.12229505470498,107.4449234008789,5746500
2021-07-23,108.4496845733949,108.4496845733949,106.3111105670128,107.65693664550781,5773900
2021-07-26,106.7351304272012,107.0208859292912,105.88707684935554,106.6060791015625,6440600
2021-07-27,106.30188081665275,106.37562643868185,103.28760060210207,104.66107940673828,11127500
2021-07-28,105.02981100774782,106.47703557942016,104.97449826929906,106.07144165039062,6819700
2021-07-29,106.92870716807717,107.95190484239328,106.56920604280607,107.06697845458984,7162000
2021-07-30,106.46781849549961,108.23767145275468,106.18206296474284,107.51866912841797,6482600
2021-08-02,108.31139403648503,109.1225747110891,107.53708616974056,107.72144317626953,6028800
2021-08-03,108.13627604644134,109.36227083067416,107.70302924052667,109.15026092529297,5874700
2021-08-04,109.16868174855763,110.2010994052667,109.03041045920294,109.45443725585938,4254000
2021-08-05,109.75864794191442,109.91535214300504,108.99355279620715,109.89691925048828,4452300
2021-08-06,109.11338787314943,109.32539777807327,108.26532715514206,108.96589660644531,4338100
2021-08-09,109.15946995946733,109.50053822770712,108.14549214957094,108.97511291503906,4280200
2021-08-10,109.23322441317066,109.74021687545412,105.15887292039255,107.26057434082031,5132800
2021-08-11,107.38960655963501,108.11782876993745,106.1912647892093,106.91948699951172,4490400
2021-08-12,106.51390401541357,106.88261808180614,105.49070630580314,106.65216827392578,6338400
2021-08-13,106.07143763232789,106.48624447474378,105.53679238845447,106.46781158447266,4593200
2021-08-16,106.09910222109889,106.44939046993066,105.17730288462927,105.66585540771484,5435900
2021-08-17,104.8362207433071,104.94683214067166,102.0892561735198,102.42110443115234,13398800
2021-08-18,103.00183537420094,104.16330427601154,101.7481879636557,101.81271362304688,9167300
2021-08-19,100.4761188967862,102.29206455621906,99.25934416026438,101.87725067138672,12146900
2021-08-20,100.60517204395757,101.13059734800272,99.30543872669654,99.6649398803711,13042000
2021-08-23,101.4716561615496,102.62390514494446,100.72499403802635,102.2828369140625,9533500
2021-08-24,103.07560336909344,104.22785256032047,103.05717047645302,103.34292602539062,6719800
2021-08-25,106.66138391433257,109.86002824337126,106.56920540146879,107.87815856933594,22106800
2021-08-26,108.753882910329,109.19634262947575,107.25134557243497,108.86449432373047,9892100
2021-08-27,109.07652240895716,109.970668933503,108.48657136791539,109.22400665283203,6827700
2021-08-30,109.58349226698684,110.15501033356914,109.20555823166946,109.68489074707031,6434200
2021-08-31,110.6251071655166,111.35332926688663,109.4175456145712,109.70330810546875,8424900
2021-09-01,110.81870240923749,111.86955294846047,110.21031155349267,111.03993225097656,8603900
2021-09-02,111.48239512394085,111.89720194199766,111.03992842294657,111.34412384033203,6866400
2021-09-03,112.07235206323568,114.74557123659817,111.77737659096762,114.27545166015625,10361400
2021-09-07,114.8746180378352,115.48300184856886,114.20170153209084,114.94835662841797,9739900
2021-09-08,113.35366877907653,113.51037298290174,111.74973985683442,112.35812377929688,7983300
2021-09-09,112.63465455737398,113.83298938345168,112.34889200264452,113.08633422851562,5101300
2021-09-10,113.39972343115647,114.61649797518923,113.27989207863922,113.3536376953125,5163900
2021-09-13,113.32600367329879,114.39528716161747,112.64386715490608,113.95282745361328,6622800
2021-09-14,113.9620440073247,113.9620440073247,112.82823481582808,113.46427154541016,5110500
2021-09-15,112.8374444761758,112.92040302920243,111.42708577979461,111.99860382080078,5566500
2021-09-16,111.07023938006796,112.1161482587009,110.46860750442814,111.80145263671875,7301400
2021-09-17,111.2461169029323,111.50527969768741,108.93215329025233,108.98768615722656,10722700
2021-09-20,106.62742737036687,107.37715629085153,105.1002172226272,106.16463470458984,8991000
2021-09-21,107.04396018413419,107.24759011581332,106.0258175873952,106.40530395507812,8182200
2021-09-22,106.65520739836835,107.59004355613644,106.35902035658573,107.2475814819336,5345600
2021-09-23,108.26572531822981,108.26572531822981,106.98841294735544,107.54376983642578,5484700
2021-09-24,107.36791745897617,107.88624307663412,106.93289114630313,107.03470611572266,4455900
2021-09-27,107.09021152289533,107.8954732395283,106.45156249681895,107.50672912597656,5198800
2021-09-28,105.82217843738967,106.47934321132603,103.52672358249902,103.57300567626953,9792300
2021-09-29,103.94324879088181,104.45231655105101,102.75849348387426,103.31385040283203,6522400
2021-09-30,104.06356158606837,104.9150984165695,103.34160614013672,103.34160614013672,6433400
2021-10-01,103.66555294099625,103.94323135389321,102.09206076566115,103.25829315185547,5315200
2021-10-04,102.73997256301126,103.13797454099185,100.44451781663709,100.90731048583984,8514500
2021-10-05,101.62928782834996,102.13835560184796,101.09244655885162,101.12947082519531,8039600
2021-10-06,100.37048524075102,101.37011212785293,99.57448121433126,101.20350646972656,7553600
2021-10-07,102.73996651685067,103.39713122104631,102.26791604478004,102.5826187133789,7821900
2021-10-08,102.72147007106719,102.80476936688181,101.36085841284584,101.8514175415039,5143400
2021-10-11,101.8884556643835,103.3971575187206,101.72184998843498,102.05506134033203,5318500
2021-10-12,102.24941859693108,102.76774415273074,100.4815471222262,101.07392120361328,9294600
2021-10-13,101.18498585483138,101.86066623858098,100.8425167477726,101.7958755493164,7845100
2021-10-14,105.64632567275645,106.20167554606215,102.8880849086202,104.18389892578125,16930500
2021-10-15,106.23869561067112,106.39604344058075,104.55413039333101,106.312744140625,11558800
2021-10-18,104.97986672030235,106.76624635421574,104.97986672030235,106.75698852539062,6773800
2021-10-19,107.18279431290394,108.27498538946453,107.02543942486204,108.2564697265625,5406100
2021-10-20,108.18243236934367,108.32127160882028,106.95140900218226,106.9884262084961,8205800
2021-10-21,106.45158143971327,107.69186251650969,106.08134585830992,107.6363296508789,4640300
2021-10-22,107.59005119473214,108.43233734745975,105.72962951660156,105.72962951660156,6283000
2021-10-25,105.88697965244405,106.02581888589444,104.6929735434216,105.18353271484375,6667700
2021-10-26,106.38677350571912,106.71998476882933,105.25755834314063,105.6833267211914,4852300
2021-10-27,105.54449448968887,106.49784625369523,105.2483074653213,105.28533172607422,5394500
2021-10-28,105.20204989424293,107.38642514792306,105.09097709355132,107.3771743774414,5714300
2021-10-29,105.58152094167787,105.6925937262418,104.79477480390364,105.23905181884766,7118900
2021-11-01,105.12799825073976,105.83143811600816,104.91511048779233,105.62781524658203,4955700
2021-11-02,105.13722959797897,106.25719401203287,105.09095457051775,105.61853790283203,4479700
2021-11-03,104.99840236080372,105.60928500808964,104.34123762223835,105.52598571777344,6073000
2021-11-04,104.93361824883883,109.08023684318464,104.045057121479,109.02470397949219,14682800
2021-11-05,109.37642815279204,110.6352248977425,107.5993058287407,109.03396606445312,8668100
2021-11-08,109.58006487647943,113.1528254093472,108.33978371762052,111.91254425048828,15776300
2021-11-09,112.22722196877223,114.09690124001007,111.22758811128395,112.71778106689453,10874100
2021-11-10,110.70000329956241,111.81070992496943,108.92288117289792,109.40418243408203,9046100
2021-11-11,110.38531935593839,111.50527686866202,109.03396548781758,109.39494323730469,6994000
2021-11-12,109.58004862213112,109.97805060364657,108.54339049171381,109.85772705078125,6947200
2021-11-15,110.44083870546994,110.73702572166395,108.76553155715273,109.33013916015625,5157000
2021-11-16,108.93215121551484,109.57080035852427,108.44159206883499,109.29312896728516,5555100
2021-11-17,109.21907704958119,110.65373724226782,108.76554218146954,110.2001953125,6391400
2021-11-18,111.04246963256573,114.36531747181748,110.88512182627561,114.20796966552734,13229700
2021-11-19,112.94917107961477,115.51304627088892,112.93991324951105,115.01322937011719,9071800
2021-11-22,114.30980738943707,118.55824137569212,114.04138675140719,115.46678924560547,16076100
2021-11-23,113.58783718941596,114.03211421034973,110.62595978268185,112.32904052734375,10984000
2021-11-24,111.07024459633007,111.87550641184961,109.58930941404353,111.72740936279297,6992600
2021-11-26,108.75628631765233,110.18168870487392,107.84920950336355,108.37679290771484,6766900
2021-11-29,109.55227942058465,110.95916600474203,109.12651101930471,110.40381622314453,7634000
2021-11-30,109.31162285415783,111.22758414858943,107.14575663508535,108.43231964111328,10561800
2021-12-01,110.3482943255492,114.31905660399549,110.3482943255492,111.65336608886719,12924400
2021-12-02,111.39419139896104,114.21722943820109,111.08874654979955,112.64373016357422,8425500
2021-12-03,111.99582189478276,112.78256799162989,109.20055738106618,110.4500961303711,7809000
2021-12-06,110.04284224776673,110.60744987902729,107.90474233828695,110.27423858642578,5681200
2021-12-07,111.5700571940202,113.45825212593114,111.31089442993243,113.21759796142578,7459200
2021-12-08,112.57894273224602,113.12504175670298,111.17205611794768,112.73629760742188,5795700
2021-12-09,112.16242836951717,113.00470733121779,110.5981869328018,110.6074447631836,6103900
2021-12-10,111.07023058601474,111.80144378477128,109.44119856015644,110.26496887207031,5973900
2021-12-13,110.01506014721484,110.17240794029406,107.72886351702836,107.75662994384766,5854300
2021-12-14,106.84958345393201,108.27498585225828,106.67371996389274,107.6363296508789,6267300
2021-12-15,108.09911924869336,111.54229805175652,107.81219003565681,111.44048309326172,6700700
2021-12-16,111.84570839559511,112.22677164496278,107.94217134863928,108.3418197631836,9116100
2021-12-17,108.08159288687101,109.19688724239872,107.74700316203898,108.1094741821289,11725600
2021-12-20,107.7376957530778,108.38828996807486,105.86957825770622,106.82687377929688,6980800
2021-12-21,107.87710587746506,109.20616846669442,106.9569878051886,109.15040588378906,6122900
2021-12-22,108.66711416699223,112.86807061587169,108.58347028675507,112.73795318603516,9300100
2021-12-23,112.42194750350663,113.19336303744261,111.38100098454959,112.16171264648438,6512500
2021-12-27,112.663586904045,114.55959266313086,112.64499464974573,114.03911590576172,6309900
2021-12-28,114.67113199315655,114.9313739494279,113.26772152746594,113.44430541992188,6321000
2021-12-29,113.20265806162452,114.4573658762434,112.43124253521046,112.8401870727539,5847700
2021-12-30,112.45910582379659,112.97028641388785,111.70628267372294,111.9200439453125,4187800
2021-12-31,112.7844015904119,113.15616865509074,111.73416619174618,111.81781005859375,3888200
2022-01-03,115.36818723249996,120.44278813964995,115.24736593383017,119.70855712890625,18592000
2022-01-04,121.63243178098998,125.93562406391213,121.1026730616441,123.98384857177734,25554900
2022-01-05,121.48372437556124,121.64172307221581,117.92405954693383,118.09135437011719,17891200
2022-01-06,118.03560023802143,119.8944285882265,116.00018092546932,119.40184020996094,16249000
2022-01-07,117.61737777543563,118.16572878678585,114.60607045900589,114.78266143798828,21248100
2022-01-10,116.27899803579466,116.98535473369904,114.55958337758106,116.1860580444336,11857700
2022-01-11,117.6080724326642,120.4056111295114,116.64148082433138,120.05242919921875,12113100
2022-01-12,121.2885333767991,123.53771367324289,121.0282985776557,122.89641571044922,16389200
2022-01-13,130.81507274865172,134.7650838263197,129.1142427475179,129.3651885986328,52020000
2022-01-14,126.48397000512938,133.72411427472892,126.48397000512938,130.7313995361328,28255300
2022-01-18,127.09737900400687,127.4970202623814,123.88159995706876,124.38349151611328,15191400
2022-01-19,125.11774405368791,126.30739318060763,121.69750635922777,121.76255798339844,11155100
2022-01-20,122.60831431789877,123.37972977271146,119.15089250724336,119.27172088623047,11421900
2022-01-21,118.10995340742785,118.94642757139182,115.4982947904477,115.73994445800781,15573700
2022-01-24,115.03359607114243,117.17125163544937,111.65052884285807,117.06901550292969,17083400
2022-01-25,116.63218743333212,116.93889582498176,113.10970672031024,113.83465576171875,11370500
2022-01-26,116.52994413822701,117.72888924843329,113.28629072447238,114.39229583740234,13592100
2022-01-27,115.247352803914,115.3774702156168,107.83992100931724,108.16521453857422,18599800
2022-01-28,110.33075720186632,111.15793526038215,106.12980819988253,109.30840301513672,14005900
2022-01-31,111.08356647614356,114.10416220227647,110.42368333764621,113.97404479980469,10189100
2022-02-01,114.22500448419179,114.54100190272712,111.62264193600711,114.36441802978516,6956300
2022-02-02,117.3199553568384,117.54301277515727,113.89971088219022,115.38677215576172,8562900
2022-02-03,112.8773541653415,115.13583100322984,110.8326457180022,111.38099670410156,9926800
2022-02-04,111.93864445241843,113.23052957623874,110.96275674150732,112.47769927978516,5743200
2022-02-07,113.90900455602123,115.34030330600052,113.27700260266502,113.67665100097656,6562900
2022-02-08,113.38853156016772,115.11724252663312,113.02606059212184,114.97782897949219,7036200
2022-02-09,116.06522500863456,116.68793781654404,114.0948717438579,116.66004943847656,10979700
2022-02-10,115.9909004198461,119.57843996686158,115.58195588364705,115.9072494506836,10474900
2022-02-11,116.64148207842584,117.64525111604841,111.94793753294692,112.46841430664062,9845700
2022-02-14,111.48322806358716,112.9702964244003,109.67087324878891,111.31593322753906,8081800
2022-02-15,113.40710890351448,115.81429518493725,112.88663926033855,115.73064422607422,9248700
2022-02-16,114.44805020450009,115.51687782364417,112.98887037028778,114.87557983398438,5749500
2022-02-17,113.8439450877357,114.08559476881935,111.20441212358483,111.30664825439453,7976700
2022-02-18,112.01300287303516,112.17100868541725,110.08911564915624,110.88841247558594,8389000
2022-02-22,109.2061573147038,110.9348681169123,107.55180134268785,108.65780639648438,9793500
2022-02-23,110.1820576613466,110.99993961513782,107.58899115914136,107.71910858154297,8114700
2022-02-24,100.37671752588848,104.07578856950896,97.01223610795697,103.98284149169922,27539100
2022-02-25,104.36393053152524,105.02381382055552,101.64074640280886,103.37875366210938,14258900
2022-02-28,101.65003742434205,102.02179744560999,97.58849466509197,99.45661926269531,26390800
2022-03-01,102.23554175054528,103.26719187547917,99.49377323994533,100.42318725585938,20377900
2022-03-02,100.7485098475374,102.20768999041653,100.2466252830552,101.87310028076172,13342400
2022-03-03,102.15190827034787,102.23555213666174,100.00495685368847,101.1109619140625,10841700
2022-03-04,99.44732246443537,100.48826895322412,96.48248880599739,97.64425659179688,22372100
2022-03-07,95.99918097031106,96.74270797821264,92.06775630027558,92.28152465820312,29422900
2022-03-08,93.1365899976372,95.83189241831307,91.65882492057106,92.94141387939453,25650000
2022-03-09,97.13309285426078,98.25768333386338,95.50661778947817,97.54203033447266,14348400
2022-03-10,96.83567085862677,98.08108252277098,95.2835437060146,96.62190246582031,11811000
2022-03-11,97.92308306222955,97.92308306222955,94.14966358748096,94.25189971923828,18116400
2022-03-14,94.35414167869932,94.67014624490646,92.07707935786823,92.29084777832031,17959400
2022-03-15,91.11047634794768,94.93036942213357,90.7294201987426,94.88389587402344,13415600
2022-03-16,96.18201181426475,98.79692522518043,96.0139101360621,98.70353698730469,20347100
2022-03-17,98.75957912092092,99.48801742974543,97.82568239164507,99.4506607055664,8042000
2022-03-18,98.72219832937907,99.9642823865258,97.95640348306772,99.66543579101562,10218200
2022-03-21,99.6654421656888,100.13239044635634,98.18054292813208,99.85221862792969,10366100
2022-03-22,99.35726020938328,100.82347760859572,99.2078404561535,99.96429443359375,10401200
2022-03-23,99.45997634779032,101.03826369849429,98.38599395751953,98.38599395751953,12905300
2022-03-24,99.72147601881765,100.84215619375013,98.83427711476175,100.78611755371094,10834000
2022-03-25,100.57132163125429,100.84215248544365,98.84360731573382,99.6747817993164,7432100
2022-03-28,98.6381580468148,99.66544284628544,97.6949205184069,99.30122375488281,8151200
2022-03-29,100.78611411878869,102.50448747842788,99.73081358071221,102.0281982421875,14076200
2022-03-30,100.66470986113143,102.11224523689008,99.46932341854757,99.6747817993164,15456300
2022-03-31,99.88956728365783,100.06700989601163,97.30267715256717,97.36804962158203,13021600
2022-04-01,98.7782237837525,98.94632542873786,95.4535547218911,95.9952163696289,12085100
2022-04-04,97.14390993253922,98.59145234471404,96.45282852369272,97.8630142211914,9077200
2022-04-05,97.57352182071871,97.68558485487918,95.36018427019461,95.72440338134766,12291000
2022-04-06,93.78188249556189,95.3881855757594,93.12815781179067,94.49164581298828,14902600
2022-04-07,93.78187880980651,94.53833977137147,93.06278168591966,93.8752670288086,12431000
2022-04-08,93.9686694572396,94.04337576303479,92.56782469140454,92.7265853881836,11796200
2022-04-11,91.72732688982315,91.87674664355468,90.50392460119977,91.12029266357422,12480500
2022-04-12,93.3896669312108,93.52975285662085,90.99889373779297,90.99889373779297,13291500
2022-04-13,93.20287559142456,95.4629034609098,92.92270378526209,94.79049682617188,15776800
2022-04-14,97.1252305068428,97.59217873043339,91.83003936134097,91.8580551147461,17828500
2022-04-18,91.47515671493875,93.24022047957148,91.02689039776531,92.24095153808594,10277400
2022-04-19,91.93276161078175,92.87599182128906,91.25101412070025,92.87599182128906,10103000
2022-04-20,93.76320336339224,94.32353979856887,92.36235871291844,92.465087890625,8596900
2022-04-21,93.15619397676278,93.9967024151002,90.9708791621517,91.20435333251953,13038500
2022-04-22,90.61599129805383,91.32575475089907,89.05638559416091,89.35523223876953,11650100
2022-04-25,88.76687226695856,89.91556106369548,88.20652862213863,89.87820434570312,10654400
2022-04-26,88.66415744071024,88.7388637637348,86.6375961303711,86.6375961303711,14176000
2022-04-27,85.76906167317327,86.56287949571305,84.2561537174162,84.29351043701172,15846300
2022-04-28,86.0679149466187,89.84085097872466,85.71302967498701,88.9256362915039,15176200
2022-04-29,87.0204690399926,89.27115571593714,86.63756808626842,86.78699493408203,10629300
2022-05-02,86.38541473155004,88.03840818111483,85.20870330343212,87.56212615966797,8251900
2022-05-03,86.64692418945788,87.83297684481495,86.39477524603276,87.44073486328125,9511900
2022-05-04,87.70223763092423,89.7194506855058,85.84377817141579,89.64473724365234,9082500
2022-05-05,87.82362703372436,88.1411484212301,85.19003920915677,86.05856323242188,11517200
2022-05-06,85.35815240876211,86.74031541496105,84.30284466916164,85.57294464111328,7944900
2022-05-09,83.99466122162734,84.22813536811834,81.25834393975006,81.5291748046875,11428600
2022-05-10,84.06937307821607,84.3215291630939,82.26695226342491,82.94869995117188,11690400
2022-05-11,82.99537727573939,84.58299833713733,81.99610839296355,82.02412414550781,11531300
2022-05-12,80.52058034232877,82.37903291252243,79.74544431616886,81.8934097290039,11592900
2022-05-13,82.99539460527357,85.32079517782829,82.3323288647084,84.94723510742188,11180600
2022-05-16,83.92927357096225,85.33011819663164,83.58372933160734,84.43357849121094,6729100
2022-05-17,87.13253980602975,87.30997528276137,86.26401584075832,87.15121459960938,7668800
2022-05-18,85.98385585190276,87.06717927974131,84.39623455255624,84.545654296875,9610900
2022-05-19,83.90127420628858,86.01188269546877,83.63978427622604,84.24681854248047,7739000
2022-05-20,86.88972944084846,86.88972944084846,82.95802611113578,84.77912139892578,10469900
2022-05-23,85.00325699780795,85.83443144474006,84.65771984999245,85.45153045654297,6920500
2022-05-24,83.6024138488702,83.86391086113095,82.66851732313407,82.85530090332031,8788600
2022-05-25,83.42496865071357,84.9098605338923,83.15413783474311,84.43357849121094,9113500
2022-05-26,83.49969648362067,85.33013292203228,83.15415218463527,84.98458862304688,9762700
2022-05-27,86.49748935108546,87.61816220979733,86.41343496789672,87.57146453857422,6279000
2022-05-31,89.22447649786635,89.92489890452475,88.26256419939924,89.0003433227539,9621700
2022-06-01,89.28049724670753,89.99026052823713,87.62750370130753,88.48668670654297,6152400
2022-06-02,87.77693271782542,89.999611015675,87.43139556232549,89.97158813476562,6335000
2022-06-03,88.12246713373695,88.32792548701579,86.7589792097806,87.57146453857422,9137100
2022-06-06,88.72018034246484,89.22448538047202,86.73098307454698,86.95511627197266,9440200
2022-06-07,86.54419120098873,87.65553037066208,85.70368288464188,87.63684844970703,7360200
2022-06-08,87.78627721139797,88.65480130285378,86.98312559456507,87.29131317138672,6446300
2022-06-09,86.85237662991709,87.31932489136825,84.79780712955797,84.84449768066406,8086700
2022-06-10,84.55498777328042,84.72308942392569,82.77124208448528,82.81793975830078,10460400
2022-06-13,80.37113378895495,81.09023811332922,79.39988053432204,79.89485168457031,14603700
2022-06-14,81.00617968169504,82.07082111205249,80.5859291105252,81.42643737792969,10449600
2022-06-15,81.72528946861007,83.8732472686396,81.5945445210024,83.23819732666016,11742500
2022-06-16,80.00584600806604,80.67240405317891,78.85109996541607,79.34867095947266,10505200
2022-06-17,79.79930877685547,80.36259658276173,78.81354974457474,79.79930877685547,9735500
2022-06-21,80.73811793052556,82.38104474887929,80.73811793052556,81.62998962402344,9604000
2022-06-22,79.46135189727724,80.90712878235851,79.3768619312309,79.71483612060547,7868700
2022-06-23,78.98254278765683,79.07643006458323,77.6963701798508,78.97315979003906,10370300
2022-06-24,79.00133958679156,81.25449861372833,79.00133958679156,80.66304016113281,10670100
2022-06-27,81.60184691542594,81.67695387939514,80.34383750061616,80.60670471191406,7358000
2022-06-28,80.87894824675325,81.4985626870034,79.1796875,79.1796875,8289200
2022-06-29,79.26418096114283,79.43316801208377,78.23148549987833,78.53190612792969,7981300
2022-06-30,76.47591918667376,77.18942106005078,75.21790969982496,76.74817657470703,14201600
2022-07-01,74.20398000292646,74.3729670840382,71.51896702670325,72.2887954711914,19531700
2022-07-05,69.9886972070962,71.49080054918903,69.22825179438534,71.4532470703125,22253100
2022-07-06,69.74460473782061,71.63162590871777,69.2658068246629,70.93689727783203,11530500
2022-07-07,73.79088733942515,76.00649220634845,73.54679333541688,75.71546173095703,15847800
2022-07-08,75.0301372134556,77.1330892074698,74.8799304496513,76.52285766601562,10004200
2022-07-11,74.88931363816054,75.35872141545592,73.99744172633707,74.26969909667969,9519600
2022-07-12,76.1942643546621,76.49468500819431,74.1007027772455,74.26029968261719,10363700
2022-07-13,74.42930093192255,76.7200133282688,74.07255357617794,76.31632232666016,14706500
2022-07-14,77.87474896763094,78.89806166743752,75.58404383853616,78.55069732666016,23377000
2022-07-15,80.34383348030971,80.77568775763173,78.83233992838572,80.3907699584961,14061000
2022-07-18,80.79446808395701,80.8132484069728,78.2690589955229,78.4662094116211,11352500
2022-07-19,79.79932788710586,81.17938799775686,79.38624672130699,80.87896728515625,10673100
2022-07-20,79.96830738233446,81.44224748254653,79.90259058153242,81.26387023925781,11664800
2022-07-21,81.37650882566366,82.4279845186853,81.11364169305631,82.41859436035156,7135000
2022-07-22,82.0618639205299,82.3622845853406,80.55037043622164,81.0385513305664,8612100
2022-07-25,81.019775390625,81.39529583679867,80.39076360183799,81.019775390625,5960900
2022-07-26,79.57401518823855,79.98708919686698,78.71968952277125,79.25481414794922,6977700
2022-07-27,80.09034293481858,82.52187865019515,80.09034293481858,82.26839447021484,9399500
2022-07-28,81.7989883843233,83.19782857564584,81.160593585542,83.18843841552734,10668200
2022-07-29,82.44676937985945,83.7517222324526,82.41860606345132,83.06639099121094,10366200
2022-08-01,80.08096863450425,81.57368190892625,79.14215309207205,81.02916717529297,20102600
2022-08-02,79.34867867177505,82.1557420239644,79.02009469683799,80.78507232666016,15541600
2022-08-03,80.70057521223525,81.46101343460873,79.38623214988355,81.21692657470703,20779400
2022-08-04,81.67695441328816,83.01007080078125,81.32020707599396,83.01007080078125,13472500
2022-08-05,82.64392134453502,85.4134311668794,82.62514818743345,84.27745819091797,13293500
2022-08-08,83.53582506999197,83.64847837118842,81.59247683580361,82.55945587158203,12120300
2022-08-09,81.62063711926331,81.80839738932353,79.2735979305345,79.9964828491211,13075000
2022-08-10,81.49857635268577,83.2447738647461,81.02916857337051,83.2447738647461,10704600
2022-08-11,84.45585154681186,85.43222064223447,83.84561996684839,84.04277038574219,11158800
2022-08-12,84.19298614735325,85.76080653345558,84.15543266256941,85.30078887939453,12098800
2022-08-15,84.50278861418508,86.3147028897424,84.49339845327502,85.96733856201172,15949500
2022-08-16,85.56364971962364,85.76080012806769,83.15089401257833,84.44645690917969,10566100
2022-08-17,83.55457985213685,84.27746463864213,83.06639894162073,83.74234008789062,9093100
2022-08-18,83.28232528459667,84.1835873390561,83.01006791982338,83.80805969238281,10947700
2022-08-19,83.08516320692861,83.16965315519604,81.69571325825483,81.86470031738281,9602800
2022-08-22,80.18423175707997,80.76629275735218,79.74298734552296,80.02462768554688,8054000
2022-08-23,79.94953148509383,81.30142093566377,79.78992740638867,80.76629638671875,8462500
2022-08-24,80.55037122676852,80.8601748922809,79.98707620745068,80.3250503540039,7085800
2022-08-25,81.04796009059973,82.23086270079844,80.74753935684518,82.21208953857422,6602100
2022-08-26,82.14635428103668,82.41861162902222,79.47073160268737,79.55522155761719,9381500
2022-08-29,78.77601017788076,79.1609207992185,77.71514410393863,77.7808609008789,9639700
2022-08-30,78.65395838437409,78.84172577462631,76.72939098179539,77.72453308105469,8392300
2022-08-31,78.9637764817133,79.67727830522347,77.97801728919801,78.25027465820312,8887100
2022-09-01,76.4665278341171,76.82328234654695,75.21790852839649,76.64490509033203,11566000
2022-09-02,76.56040390806712,77.90291030728125,75.67791508040936,75.9501724243164,8850100
2022-09-06,76.07221542144956,76.07221542144956,74.65460207423669,75.1333999633789,12704400
2022-09-07,73.59376127975108,75.27424222239094,73.44355449407685,75.05831146240234,9843500
2022-09-08,74.17581964530697,75.79996655840071,73.95049875309734,75.33055877685547,8181700
2022-09-09,75.88446556057681,76.663684216238,75.79996843325965,76.54163360595703,7084700
2022-09-12,76.95470829568164,77.45227936864092,76.75755789861817,77.12369537353516,7903000
2022-09-13,75.49953042995585,76.17547864320852,73.71577979222641,73.988037109375,12835100
2022-09-14,74.86115632537731,75.25546433352149,74.14766160369606,74.78605651855469,8849600
2022-09-15,74.18936802821004,74.82193025238736,73.33021054510891,73.62289428710938,10533100
2022-09-16,72.80148641284381,73.64175716838874,72.62210034038945,73.53790283203125,10604500
2022-09-19,72.27278661927011,73.85891723632812,72.27278661927011,73.85891723632812,10378600
2022-09-20,73.2074768488646,74.05719106206793,73.17915424227523,73.78339385986328,8202800
2022-09-21,73.24523612641538,74.87856871948792,72.82981872558594,72.82981872558594,10869000
2022-09-22,72.1783647682282,72.46160519420255,71.14927181318772,71.40418243408203,10817900
2022-09-23,70.148497271359,70.23346507221568,69.00609957042067,69.74252319335938,12685500
2022-09-26,69.36487684958921,70.04464811916627,68.84560512891134,68.93058013916016,13441500
2022-09-27,69.40264616050683,69.90303136899689,68.3074574601029,68.949462890625,12430600
2022-09-28,67.13673466745804,68.25080254421424,66.74963992917286,68.09973907470703,12943600
2022-09-29,66.57970211663336,66.7307655974604,64.6536931578112,65.40898895263672,16120300
2022-09-30,64.02113121765052,65.7583254319516,63.9550427379442,64.7292251586914,10472400
2022-10-03,64.27603640905262,65.68278074461718,63.87006234136723,65.38066101074219,11945100
2022-10-04,66.84406618310852,68.85505024017453,66.76853443933331,68.74175262451172,14900700
2022-10-05,68.8456031880761,70.72441739494221,68.52460409932701,70.31844329833984,14037100
2022-10-06,69.8369366447587,70.73385263221624,69.73308230476637,70.1957015991211,11796800
2022-10-07,67.7976253186436,68.00533400598486,65.85272979736328,65.85272979736328,14758600
2022-10-10,65.94716014528834,65.9754827558205,63.26584736936473,63.67182159423828,16042200
2022-10-11,60.61282961591491,61.28316478755803,59.12111380421224,59.90473937988281,28699300
2022-10-12,60.04636050089893,60.64116397917384,59.8292121399004,60.52786636352539,16468700
2022-10-13,59.53655232136804,66.27760387330257,58.837897901950306,62.897640228271484,36639300
2022-10-14,63.501870122872,63.68124903297002,60.21631088736139,60.348487854003906,19440900
2022-10-17,61.34925341821128,61.69857510234774,60.46177350112359,61.264278411865234,11280100
2022-10-18,62.21785557128955,62.41612100991313,59.27218219080204,60.15021896362305,16656100
2022-10-19,59.234407322140655,60.52785763439992,58.69625272930083,60.10300064086914,12385200
2022-10-20,60.18798063204216,61.63249101471461,59.83865532151422,60.02748107910156,11300900
2022-10-21,58.55464079988111,60.21629943846743,58.55464079988111,60.1879768371582,13699000
2022-10-24,57.19510473054867,58.176992173657844,56.345390633909105,57.86543273925781,25010800
2022-10-25,56.609744118682954,57.93152079239698,56.18488707344975,57.723812103271484,21700600
2022-10-26,57.459449949403265,58.5168689754404,57.05347589804459,57.44056701660156,14006000
2022-10-27,58.394148012394105,58.96062534991084,57.50667153230238,57.544437408447266,12937600
2022-10-28,57.374487151152145,58.564083283532035,56.71359881025144,58.54520034790039,11972300
2022-10-31,58.1486820170853,58.79068756050509,57.657736389672955,58.11091613769531,10802800
2022-11-01,59.72535185029172,59.885854989047644,58.139225006103516,58.139225006103516,11561900
2022-11-02,59.00782179968364,59.376030031465405,57.13845443725586,57.13845443725586,16547200
2022-11-03,56.64750374002344,57.487774469252244,56.10935274261732,56.91185760498047,11040900
2022-11-04,58.07314236512967,59.00782794445268,57.610523010914285,58.98894500732422,14662800
2022-11-07,59.121118946839445,59.41379905505787,58.50743972848392,59.2532958984375,8507100
2022-11-08,60.77333691268643,62.07622699256926,60.631716703261475,61.38701248168945,14102800
2022-11-09,62.81265555702759,62.87874404043004,61.32093584239573,61.36814498901367,15086800
2022-11-10,63.95504881058185,66.910165748439,63.558517894692656,66.8818359375,21367900
2022-11-11,68.67565758834544,70.43173084627773,68.33577197693255,69.70475769042969,15524700
2022-11-14,69.14771756348944,69.56313489599944,68.2035925009504,68.73230743408203,11575300
2022-11-15,77.34271602926415,78.29628426849095,75.53944107715014,75.96429443359375,48742400
2022-11-16,76.05872944279587,76.06817271236461,74.49148524028033,75.01074981689453,24006600
2022-11-17,74.86912179388949,78.30573651199235,74.29320491831321,76.92731475830078,24278400
2022-11-18,78.15469318809106,78.21133840255199,76.47415126344058,77.67318725585938,18578400
2022-11-21,76.2947558132295,76.50246451164874,75.02963149100862,75.46392822265625,18659700
2022-11-22,76.80458921057026,78.54178345155249,76.69129878825032,77.9281005859375,16504700
2022-11-23,77.83367831978529,78.31517695169204,77.16335033929471,77.38993835449219,14683800
2022-11-25,77.55043430204371,77.76758624206889,76.8517837524414,76.8517837524414,5908300
2022-11-28,75.78491369989821,76.54965987948415,74.48202373938878,74.79358673095703,13214200
2022-11-29,75.44503996375185,75.7282731710089,74.5481167996808,74.89744567871094,11502300
2022-11-30,76.12482088496857,78.76837462493094,75.97376458151314,78.34352111816406,21667300
2022-12-01,78.40015786675492,78.95718828006724,76.6063185371105,78.06027221679688,15975100
2022-12-02,77.2388816512607,77.5693312394947,76.61576275402992,76.94620513916016,10519800
2022-12-05,77.36161376542371,77.58820177479974,76.42692472092956,77.05949401855469,11523300
2022-12-06,76.8517953073392,76.88956118098278,74.73695680502587,75.1146011352539,13992100
2022-12-07,74.58587387331873,75.25620174882062,74.1987791716771,74.81246185302734,14925300
2022-12-08,75.01073422588526,76.44580837167854,74.68029189070347,76.28530883789062,11197500
2022-12-09,76.33252143621594,77.59765295740142,76.18146514892578,76.18146514892578,13787900
2022-12-12,75.3317498340532,75.93598937988281,74.39706791208295,75.93598937988281,11516600
2022-12-13,77.5032171400373,77.5032171400373,75.18067052396229,76.01150512695312,16938000
2022-12-14,76.30419213966812,76.95564077941953,75.0768265987371,75.54888916015625,17910000
2022-12-15,75.20802648743073,75.20802648743073,73.47997968983535,73.6888656616211,17080200
2022-12-16,73.68888816284047,74.1161497854646,72.37861290871838,72.44507598876953,11929100
2022-12-19,73.03374330473082,73.22364298401588,71.93235414060567,72.25517272949219,12561300
2022-12-20,71.31518812267706,72.35011414129016,71.11579890562128,71.79942321777344,12080600
2022-12-21,72.02729351918929,73.50847465731226,71.94183686064221,73.24262237548828,10806100
2022-12-22,72.42606956083804,72.56849249111326,70.2802505447699,71.47659301757812,13019700
2022-12-23,71.10629272460938,71.54305103439894,70.422668502702,71.10629272460938,7452600
2022-12-27,70.57459078754945,70.96387239014022,70.41318151925402,70.56509399414062,8974800
2022-12-28,70.44167236605253,70.78348452687557,69.15987314100028,69.36875915527344,10275700
2022-12-29,70.59357207629135,72.19818958274692,70.4036796852957,72.16020965576172,11142500
2022-12-30,70.53661667398958,70.80246895991036,69.92895223647598,70.72650909423828,7784100
2023-01-03,72.01779620890817,72.13173600484372,70.0428832096131,70.28974914550781,9276200
2023-01-04,71.20123724148884,72.73939170444528,70.7075126728469,72.46404266357422,12316400
2023-01-05,72.16021747954353,72.57798947774624,71.5335594822395,71.90386199951172,10039200
2023-01-06,72.63494788469734,74.7617730885762,72.30263257845539,74.12562561035156,13744100
2023-01-09,76.4898181408422,77.11647605565058,76.01507993044686,76.25244903564453,22247600
2023-01-10,76.44233605516645,77.45827536805177,76.39485934438724,77.16393280029297,10269000
2023-01-11,77.44879653754157,77.7526287227719,76.55628632420778,77.64818572998047,11771400
2023-01-12,80.66753604647438,84.34201332312158,80.15481778155161,82.6044692993164,36086800
2023-01-13,81.0947867302146,82.69939699808722,80.61055171445248,82.41455841064453,18719900
2023-01-17,81.86385763244463,85.19652187625992,81.8068913656217,84.49390411376953,21850000
2023-01-18,85.90862680603104,86.61123730511613,84.84521064325442,84.94965362548828,19209800
2023-01-19,84.5318910326225,85.46238118331065,83.80079732017026,83.93372344970703,13651100
2023-01-20,85.45287996027987,86.43083953857422,84.69329590750523,86.43083953857422,14287200
2023-01-23,87.12397463458039,90.89339788653588,87.08599470140003,90.82693481445312,22875100
2023-01-24,90.95035284852516,93.04869499913185,86.9245746033939,89.7824935913086,11370500
2023-01-25,87.99748248233334,88.30131467317197,86.51630145748639,87.74112701416016,14147300
2023-01-26,89.14635630651024,89.51665159647649,87.95951057099495,88.72858428955078,15759400
2023-01-27,88.13040685331836,89.3647291786648,87.57970875469114,88.5861587524414,13646600
2023-01-30,88.1588913919284,89.4881599379359,87.90253592479385,88.42474365234375,14079800
2023-01-31,86.40236995823786,88.07345079012657,85.45289336529018,88.04496765136719,13342100
2023-02-01,88.30132010110357,90.93136698560238,87.89304489044875,89.95340728759766,16788500
2023-02-02,91.71941476400477,92.57394493527013,90.9978107033885,91.76689147949219,14925300
2023-02-03,90.23825515812615,92.05175166160706,89.54513406643117,89.87745666503906,12242200
2023-02-06,87.16193892431511,87.39930803114176,86.15548898549757,87.19042205810547,12425200
2023-02-07,87.14296357275434,89.91543358205128,87.04801735894341,89.77301788330078,15258900
2023-02-08,90.21925026329654,91.09277411402763,89.46917023271446,89.51663970947266,12899700
2023-02-09,91.14974475576784,93.58989909124315,90.78894629059138,91.80488586425781,16997400
2023-02-10,91.10226556127007,91.62448052400508,89.48815843924848,90.55157470703125,11511400
2023-02-13,90.64652414683668,91.5200408030642,90.11481961590357,91.25418853759766,7803500
2023-02-14,90.97884012014592,93.98867895871993,90.40915565528213,93.0107192993164,15345100
2023-02-15,87.66518056254934,88.94697258730793,86.18399206724587,88.07345581054688,30208300
2023-02-16,86.38337265457982,87.1524462792399,85.338942739695,86.23145294189453,15568400
2023-02-17,85.42439934077733,85.73772831506567,84.44643973369307,85.5478286743164,11235300
2023-02-21,83.91474602696329,84.90220263939162,83.0602228136082,83.2121353149414,14007600
2023-02-22,83.31657092507483,83.63938948917888,82.28164491716673,82.44305419921875,10106400
2023-02-23,85.7377327343484,87.34234312878709,84.9401686899529,85.52884674072266,15468300
2023-02-24,83.63940026897889,83.69637379769962,82.83234651077075,83.65839385986328,8817600
2023-02-27,84.21857423175801,84.3609971751261,82.8323392204343,82.88931274414062,10609400
2023-02-28,82.73739202867377,83.69636544249532,82.50951966833608,82.67092895507812,7520400
2023-03-01,84.54139106889059,85.4908675985359,83.81029008446231,83.95271301269531,8176700
2023-03-02,83.21211161534836,84.82621860745304,82.71838707171767,84.5318832397461,9761600
2023-03-03,84.19007799410919,85.31046053360737,83.43999070340077,85.25349426269531,10844000
2023-03-06,85.52884592191802,86.71569156167399,84.98764459994653,85.05410766601562,9960000
2023-03-07,85.40539977002841,85.68074879687205,83.83876949622818,84.36097717285156,8761100
2023-03-08,83.88625407082814,86.25044871761325,83.68686485906856,86.24095916748047,8813000
2023-03-09,85.17754023465052,86.10803043883281,84.09513754966305,84.38947296142578,10354700
2023-03-10,83.58241023069093,84.66481279765247,82.79434304339757,82.8418197631836,11928800
2023-03-13,82.0157867349793,84.50341805404871,81.94932366222214,83.30707550048828,11847600
2023-03-14,83.5824203248126,85.10158137033677,83.27858811570778,84.77876281738281,11100100
2023-03-15,82.7943335043563,82.83231342702324,81.12326037058887,82.31959533691406,12171500
2023-03-16,82.0323416993078,85.39190194961732,81.90826980296119,85.22965240478516,13184600
2023-03-17,85.00056090286252,85.92634857517838,84.94329808820866,85.39187622070312,13287700
2023-03-20,85.14372821559125,86.25085788210104,84.6188020723102,85.93589782714844,8217500
2023-03-21,86.85214654046136,88.76098492596601,86.66126561456713,88.28377532958984,12299700
2023-03-22,89.2381940642126,90.69845425656452,88.32195251767104,88.39830780029297,12812400
2023-03-23,90.18306295980989,91.45244217007928,89.17138099637364,90.27850341796875,11169700
2023-03-24,89.66770011503449,89.88721978193064,87.89247944062971,88.56057739257812,7653700
2023-03-27,87.8447525574644,87.97837067588608,86.42266985046712,86.52765655517578,9349800
2023-03-28,86.52764221053866,86.72806935494418,85.82136680837812,86.6707992553711,7521300
2023-03-29,87.57752488900279,88.9709763186191,87.28164992785733,88.53194427490234,9264000
2023-03-30,89.09503616590135,89.2572856919634,87.8352030381917,88.2551498413086,10232800
2023-03-31,87.08120998015217,89.00914093510045,86.97622328054405,88.78007507324219,8701800
2023-04-03,88.77053316767784,89.33363700897026,87.52978527633684,88.6082763671875,6863600
2023-04-04,88.79915061306299,89.02820914962764,87.53931773949806,87.96880340576172,6338400
2023-04-05,87.42480385454253,87.978368779869,84.99103908004776,86.08861541748047,9171800
2023-04-06,85.57322768466359,86.76625166678322,85.32507665752337,86.12678527832031,5874500
2023-04-10,84.38973706776244,84.97193331504559,82.52862269145731,84.96238708496094,12232900
2023-04-11,84.59971324506274,85.74501331743724,84.43746373644375,85.17236328125,11079200
2023-04-12,84.8574086676654,85.42051246132937,82.90084653103477,82.91039276123047,11299100
2023-04-13,82.6145132458468,83.6357413703193,82.05140948375771,83.08218383789062,7910500
2023-04-14,83.94116380991855,84.34202539880874,82.59543655511143,83.22534942626953,7656400
2023-04-17,83.75027343216546,84.03660206595693,83.18716967578578,83.97933197021484,8163600
2023-04-18,84.17977564273752,84.37066386332171,83.5116850747956,84.12251281738281,8468200
2023-04-19,82.29957851351263,83.39715487080458,82.11823651843528,83.25399780273438,11191300
2023-04-20,84.29430496773604,87.69203505067765,84.08433157489974,85.2200927734375,19206300
2023-04-21,83.77891381478001,83.90299296748123,81.39286588302328,81.47876739501953,13175400
2023-04-24,81.50739641649275,82.04186880741815,80.16166192723249,80.78203582763672,10567600
2023-04-25,79.47449619830728,79.59857537425744,78.5105378960401,78.53916931152344,13423700
2023-04-26,78.49142270349462,78.62504079148788,77.50837222112719,78.50096893310547,11583500
2023-04-27,79.12137009879588,80.03761185342786,78.41510177824162,79.85626983642578,10013700
2023-04-28,80.62932287735065,80.65795428319511,79.90396237552045,80.45752716064453,8262600
2023-05-01,80.45753633077457,80.8297592124553,80.07576721884456,80.1521224975586,4931100
2023-05-02,79.69400664886658,80.21894014424005,78.78731128228436,79.17861938476562,6875000
2023-05-03,78.85410245151387,79.94213955727056,78.6823067357818,78.93045043945312,7151600
2023-05-04,79.21680767811905,79.94216843788686,78.87321612252597,79.6844711303711,7290600
2023-05-05,80.45754100934634,81.66965018244461,79.93260753971289,81.09700012207031,6865000
2023-05-08,80.64843239312091,81.64102935791016,80.56253814966529,81.64102935791016,6746600
2023-05-09,81.36424146361678,81.58376109612102,80.45754608430326,81.18289947509766,7287800
2023-05-10,80.6579742123284,81.26880196006596,80.33346787541969,81.03019714355469,7442300
2023-05-11,80.30484174468731,80.30484174468731,78.76822604274996,79.62720489501953,8730900
2023-05-12,79.57948101592171,80.10441455943133,79.1690804132619,79.62720489501953,5069800
2023-05-15,79.531748238482,81.76508551838988,79.43630778134442,81.75554656982422,8707300
2023-05-16,81.78418805969221,82.79587013700484,81.68874030914942,81.96552276611328,11283200
2023-05-17,84.27521398656141,87.61568101667092,84.04614814743007,86.73760986328125,23215600
2023-05-18,87.09074505874221,89.14274763152278,86.91894932516897,88.42693328857422,14879000
2023-05-19,87.93062971349603,88.56054981935317,87.38661111372848,88.36012268066406,9295200
2023-05-22,87.87337478996098,88.2265125126881,87.04302747083314,87.5393295288086,9259800
2023-05-23,86.85215281531737,87.17665186910995,86.21269365756768,86.31768035888672,7656700
2023-05-24,85.21054234191459,86.0408896412965,85.11510188123216,86.02179718017578,9443900
2023-05-25,92.63593469785556,97.7039061197877,92.5595866880926,96.34862518310547,60793200
2023-05-26,96.25319255523627,99.67956189946418,96.13866689043618,98.50562286376953,26135800
2023-05-30,99.05916908054432,100.4430740000471,96.90217966190609,97.33167266845703,25248000
2023-05-31,95.18423606243088,95.42284087757805,93.59035036320057,94.09619140625,22206700
2023-06-01,94.18208980064708,96.00502674142244,94.10573451474004,94.33479309082031,14998500
2023-06-02,96.63493500363657,96.6826588718499,94.12481536271027,94.43022918701172,13085100
2023-06-05,93.54264052929004,94.30617162395515,89.95402181127501,93.58081817626953,10568500
2023-06-06,93.1608458173353,96.01455679202056,92.97950386427637,95.27011108398438,13827600
2023-06-07,96.7590176758111,98.32426461041744,95.00288981030768,95.71870422363281,14367500
2023-06-08,94.47795618894695,96.11001217513136,94.1343646885249,95.38465881347656,9074200
2023-06-09,98.01886345879893,99.90861695887982,97.58937766778321,98.11431121826172,14902400
2023-06-12,99.58408598437212,102.49506716914478,99.55545457626614,102.18010711669922,20568100
2023-06-13,104.98612278895794,105.64467443475938,101.87471383835287,101.9319839477539,17858600
2023-06-14,101.19707971759739,102.79095824043671,100.42400239559636,102.5141830444336,12862600
2023-06-15,101.8509451654308,102.22473442642134,100.70084798621842,100.8062744140625,11987900
2023-06-16,101.04587285715502,101.35256590831638,100.0107810674333,100.22163391113281,11430800
2023-06-20,99.8478617691586,100.51875059928128,98.78401854414992,99.65618133544922,9295500
2023-06-21,98.86068633420314,99.41656978786237,97.39430991952287,97.4134750366211,9340400
2023-06-22,97.20262285896543,99.12904253083592,97.11636886321897,98.84151458740234,8575900
2023-06-23,97.29845960233199,97.94060434483332,96.8096723529071,97.67224884033203,8919000
2023-06-26,97.77767767384127,98.75526689419344,95.92793297712137,95.94710540771484,8560000
2023-06-27,96.94386189264273,98.51566487767205,95.86084621647035,97.83518981933594,9732000
2023-06-28,96.32089349646267,97.64350611807346,96.05253794820602,96.72342681884766,8160900
2023-06-29,97.12594399593586,97.29845929287215,95.8608342557827,96.4550552368164,7383900
2023-06-30,97.1834701245307,97.65309233397984,96.23463948972602,96.72342681884766,11704600
2023-07-03,97.99811073561193,99.36864695329972,97.82559543156245,98.86068725585938,5638400
2023-07-05,97.18345882851062,98.80317814569052,96.7617531233294,96.7905044555664,9010800
2023-07-06,94.97909282310141,95.41996362446756,94.49988447655484,95.27620697021484,9140800
2023-07-07,94.95992267045278,97.70099485229956,94.88324758415835,96.06210327148438,8036600
2023-07-10,96.08129731140495,96.5605057767985,95.26664438266411,95.62125396728516,8041600
2023-07-11,98.07479155816694,98.07479155816694,95.975856454976,97.04928588867188,7677800
2023-07-12,98.55399269700852,100.08745798073794,98.4869038193497,99.57949829101562,10202000
2023-07-13,100.63376405651084,101.25673643928866,98.25688717383456,101.18006134033203,9265900
2023-07-14,101.59219108172101,102.83813597267385,100.49959640411527,100.76795196533203,9518300
2023-07-17,100.32706868655957,100.66251309667582,98.32397381676874,100.4324951171875,10722600
2023-07-18,99.37823316800784,99.416570714701,97.7680927675924,98.86068725585938,10343600
2023-07-19,99.5795032050628,100.432493539735,98.30480715450248,98.77442932128906,11204800
2023-07-20,94.45196689362513,96.27295273889783,93.01434187126942,93.79065704345703,22810200
2023-07-21,93.80983941680405,93.91526585614194,92.32429767437614,93.20603942871094,15381200
2023-07-24,93.22519235451927,94.18360908703556,92.7555702029853,94.16444396972656,9054900
2023-07-25,95.38163250446951,96.6946660948269,94.9886854361436,96.14836883544922,9202200
2023-07-26,95.3528747484366,95.96626084704508,94.4711331457043,95.27620697021484,8993500
2023-07-27,97.27929393811382,97.52848432466457,94.79699822331284,95.21869659423828,8049800
2023-07-28,95.94709628946923,96.79050035193441,95.63081702399262,96.66590881347656,6758700
2023-07-31,95.0557746483173,95.63082324248849,94.32737586255935,95.02702331542969,8647900
2023-08-01,95.01743096079147,95.0653547206006,94.01109050191272,94.3082046508789,6428500
2023-08-02,93.44562720879748,93.44562720879748,91.2508521127957,91.72047424316406,9820900
2023-08-03,90.89623333523164,91.82589867366508,90.64705026614926,91.0304183959961,8571700
2023-08-04,91.31795780206966,93.52231951823174,91.1741938097738,92.16136932373047,7562600
2023-08-07,92.70764783910883,92.90891446264018,91.27002283205154,92.34344482421875,6601400
2023-08-08,90.93458060074096,90.9537530309593,89.77489718527967,90.56079864501953,7659000
2023-08-09,91.84506012935857,91.8642252430988,89.81321440240656,90.07199096679688,6426900
2023-08-10,91.4808828711594,91.97926371413938,90.35953694266455,90.85791778564453,7459600
2023-08-11,89.6119603928338,89.6119603928338,88.14558402907512,88.16474914550781,10658400
2023-08-14,87.87723191137525,89.4106972099288,87.50344997335718,89.19984436035156,7489700
2023-08-15,88.67271949868959,88.8548210313548,87.68555136040119,87.8676528930664,6069500
2023-08-16,87.63764274385554,88.86441519286626,87.52263008470806,87.9635009765625,7439500
2023-08-17,89.05607978669715,89.05607978669715,87.55136583014777,87.82930755615234,7712500
2023-08-18,86.32460700347686,87.53221430448906,85.83581235342471,87.31177520751953,9066200
2023-08-21,86.73670831841413,89.04649599451017,86.73670831841413,88.71104431152344,8618300
2023-08-22,89.46820107484213,89.60237883325843,87.99223842012353,88.40435791015625,7059000
2023-08-23,89.88991295237028,91.14543662611315,89.36278078515157,90.30203247070312,10362600
2023-08-24,92.51595562276685,92.75555977896883,88.62478646593101,88.68228912353516,12254400
2023-08-25,88.41393919905123,89.52570606357605,87.60887269340692,89.22859191894531,10356000
2023-08-28,89.91866357814324,90.23494287598271,89.37236629648412,90.09117889404297,5174800
2023-08-29,89.8707430871604,91.64382007543846,89.62155997567041,91.12627410888672,8910300
2023-08-30,91.48086726563946,91.93132426574964,90.69496589698089,90.83872985839844,6073400
2023-08-31,89.4586151922432,90.47454191106108,89.39152631278594,89.6790542602539,8661200
2023-09-01,90.37870063906661,90.64705615374764,89.21900996011891,89.31485748291016,7094600
2023-09-05,89.51612446214133,91.09751353644852,89.00816476281331,90.66622161865234,6396500
2023-09-06,89.9474096870893,90.05283611357827,87.7813858048697,88.42353057861328,7933700
2023-09-07,86.32459266810406,86.53544551397982,84.75278985066188,86.30542755126953,14684400
2023-09-08,86.97631874732218,87.28301181019907,85.60578252306063,85.9124755859375,5820800
2023-09-11,86.3533309013368,86.63127258218397,85.45242430397985,85.8741226196289,7268600
2023-09-12,86.69837212723706,87.7622152286266,86.66003458252207,86.71754455566406,8242600
2023-09-13,86.83254450379555,88.0689028238176,86.71753918890695,87.42676544189453,5757800
2023-09-14,89.3834236355402,89.52793376821982,87.9287010400558,88.12138366699219,6506300
2023-09-15,87.19651779432452,87.80345145272122,85.60692124127826,85.9826431274414,19940500
2023-09-18,85.29863393639836,86.38726304269795,85.19266034595182,85.57801818847656,6647400
2023-09-19,85.21192510413768,85.58764698009013,84.57609091025257,84.94217681884766,7172100
2023-09-20,85.2793730103036,86.05008879484356,84.09440612792969,84.09440612792969,6935300
2023-09-21,82.89016786171271,82.98650549790068,82.22542567686187,82.23506164550781,10652500
2023-09-22,83.0924909973322,83.59345118727585,82.32177509732033,82.50482177734375,7967200
2023-09-25,82.2639515101162,83.08283233642578,81.9074942174473,83.08283233642578,8758000
2023-09-26,81.84007321270681,82.10982890206009,80.94411917153364,81.20423889160156,8877600
2023-09-27,82.05201408911675,82.42773601118024,81.02118595805452,82.3121337890625,7860700
2023-09-28,82.12908308561273,83.9402555269815,81.86897074858942,83.24662017822266,6647700
2023-09-29,84.53756223465577,84.80731054497414,83.52599872087167,83.71868133544922,7338300
2023-10-02,83.98842819570427,85.18303098509944,83.83428210670357,84.44122314453125,6305000
2023-10-03,83.81502189397635,84.12330673797356,81.94604089281735,82.28323364257812,8201700
2023-10-04,82.34104202985185,83.58381748424432,82.25433300508018,83.49710845947266,7658500
2023-10-05,83.65125019790509,84.72061489695243,83.36222993056066,83.84392547607422,6651700
2023-10-06,84.86511317076064,86.72445817164008,84.18110641449074,86.02118682861328,9777100
2023-10-09,85.54912318483505,86.06934785337965,84.81694397156159,85.73216247558594,4781300
2023-10-10,86.00192165098862,87.34104206368488,85.87668345200002,87.2928695678711,7182900
2023-10-11,87.91905840641108,88.64160160454048,87.3121174159251,88.63196563720703,8051700
2023-10-12,89.12332249491374,90.01927661019408,88.47784480104265,89.03661346435547,8897800
2023-10-13,89.35451996508662,89.5375666167745,86.89786984541735,87.14835357666016,7985100
2023-10-16,87.16761643628749,88.53562982199179,87.11944394872607,87.88052368164062,8791800
2023-10-17,86.52215654361011,88.34296522308705,85.27938108220518,87.66859436035156,7997100
2023-10-18,85.6261740182213,86.71481035628581,85.33716118030789,86.31981658935547,9982700
2023-10-19,89.68206268287993,91.29093120344432,88.97879138444992,89.50865936279297,22751600
2023-10-20,88.63196621977069,90.8670329000048,87.75527693890172,87.96722412109375,12197300
2023-10-23,86.6859147126311,88.88244474545425,85.89593448415806,87.77454376220703,8227900
2023-10-24,87.86126183109279,88.63197761999854,87.53371239836666,88.28515625,7374800
2023-10-25,87.4759142322193,87.52407937684117,83.50674028085851,84.43159484863281,13027100
2023-10-26,83.93062933123886,84.91328494957415,83.37186076880789,84.24854278564453,9377300
2023-10-27,84.33525432315712,84.56646611966542,82.74565760322022,82.84199523925781,12480700
2023-10-30,84.11365479027647,85.06741704684502,82.85161509836476,82.90941619873047,9785500
2023-10-31,82.99613744367059,83.26588575195822,81.84006381517908,83.15027618408203,9004900
2023-11-01,83.30442724483788,84.65317621683765,83.17918170131018,84.58573913574219,9508800
2023-11-02,87.09054475658527,87.71675035421681,86.19459086461146,87.16761779785156,11032600
2023-11-03,88.29479807172515,89.06550656163091,87.51444626245345,88.42967224121094,9226700
2023-11-06,88.63196599366233,89.21963505184486,87.94795931202633,89.20999908447266,8402700
2023-11-07,88.87282381457491,89.64353958985942,88.3911282925447,89.02696990966797,6241300
2023-11-08,89.91327733924466,90.01925092964413,88.56452856605188,88.63196563720703,6537700
2023-11-09,89.23891171247584,89.95182639270139,88.24662009145626,88.2658920288086,8166000
2023-11-10,90.59730933128334,94.17148980132255,90.18305082127387,93.87284088134766,19281700
2023-11-13,93.45856412602322,93.62233883403087,92.21578883861382,92.8901596069336,9526300
2023-11-14,94.41231218083585,96.04044522251363,94.36413969376899,95.28900146484375,13873200
2023-11-15,96.2909151733974,97.01345833082685,94.81692830825554,95.18302154541016,10422900
2023-11-16,94.64354349981106,95.47206046790527,94.32563000980042,94.93256378173828,8459000
2023-11-17,95.31790909995925,96.06935291346764,94.7206040263574,95.93447875976562,7243000
2023-11-20,96.24276651649166,96.90750133706953,95.89594515354219,96.30056762695312,6448900
2023-11-21,96.33910017648158,96.48361029676431,94.6435299553503,94.80731201171875,10112600
2023-11-22,95.10596552180105,96.00191949126639,94.36415029811008,95.03852844238281,7413500
2023-11-24,94.8747560823705,95.11560385056792,93.90172904082752,94.24855041503906,4297600
2023-11-27,93.85355636005917,93.97880190333014,92.89016528918994,93.6512451171875,6856100
2023-11-28,94.2870775519984,94.65316347717548,93.68013653251472,94.39305114746094,6358100
2023-11-29,95.37571852533243,96.07899725960966,94.99036061682808,95.2601089477539,7091100
2023-11-30,95.30826988518533,95.35644237419083,93.35258737303536,93.74757385253906,9681400
2023-12-01,94.12331135864844,95.16377555299353,93.46820508999683,94.94219970703125,7500400
2023-12-04,93.49709364850936,93.64159640940908,91.76298701681715,93.45855712890625,10619400
2023-12-05,92.92869302469992,93.46818962133132,92.36992449242321,93.15027618408203,8009600
2023-12-06,94.21964186733608,94.96144969642555,93.88244914038728,94.26780700683594,11262300
2023-12-07,94.37378610458889,95.99228335793802,94.30634902528644,95.65509796142578,11373700
2023-12-08,95.49132551920104,96.69556435688729,95.32754345120689,96.6762924194336,10572500
2023-12-11,95.92485635726416,97.50481725271653,95.73218106761043,97.25433349609375,9482800
2023-12-12,96.4836096780752,97.92869617145598,96.29092706890377,97.88052368164062,7378600
2023-12-13,97.6878499113377,98.92098922846814,97.21579037433091,98.3814926147461,8988800
2023-12-14,100.03568516636983,100.48093261939854,99.50332745251602,100.13247680664062,10074500
2023-12-15,100.18087624644507,101.4004715902128,99.10647205534258,99.25166320800781,16379200
2023-12-18,99.542040372565,99.9969692149647,98.80641798267467,99.62915802001953,5660600
2023-12-19,99.92921533945848,100.64548974675121,99.78402418204894,100.53901672363281,8498500
2023-12-20,99.40652589813102,99.78401845489206,96.73504124793423,96.83183288574219,10814100
2023-12-21,98.05142340501281,99.42588379497411,97.91591364176188,99.26133728027344,9068200
2023-12-22,99.6291560109964,100.26798674562215,99.41620997121153,99.84210205078125,5566400
2023-12-26,100.28735180151105,101.5940574390763,100.2486336675062,101.10041046142578,6407500
2023-12-27,101.68118032291349,101.9909180261734,100.74228583295174,101.29400634765625,5889700
2023-12-28,101.63275897423043,102.13607986463211,101.34237670898438,101.34237670898438,5335100
2023-12-29,101.361752315402,101.603735105542,100.34542164292249,100.66484069824219,4409600
2024-01-02,98.97096714017556,99.32910434969874,97.36419777200737,98.27405548095703,9020900
2024-01-03,97.1222110179458,98.00303193606572,96.46402490514699,96.9576644897461,6650600
2024-01-04,96.33818559230696,97.21900647812221,95.94133766327826,95.95101165771484,7996700
2024-01-05,95.8251879085931,97.41259447104804,95.63160462428549,96.4156265258789,7347300
2024-01-08,97.40291855643078,99.49365359095732,97.27709015304383,98.96128845214844,12455600
2024-01-09,97.80945412569154,98.69994908841892,96.996388049271,98.62251281738281,7764000
2024-01-10,99.23230993614403,99.48397413250866,96.77377102414239,97.56747436523438,6975700
2024-01-11,98.43859420684625,98.88384903081484,96.78343283986852,97.97399139404297,7862700
2024-01-12,97.65458794980147,99.09680351440406,97.63523257314527,97.99336242675781,6519700
2024-01-16,97.30611266053819,99.06774697365013,96.98669362402465,98.40955352783203,11185500
2024-01-17,97.6352225162422,100.01633237509346,96.79311971620874,99.64851379394531,17649500
2024-01-18,107.63394988385431,109.75372164188371,105.96911437047181,109.40526580810547,58783700
2024-01-19,109.58917415249509,111.45728170661867,107.45972103294477,110.5377426147461,37812600
2024-01-22,111.0991454615772,111.40888315996571,108.9116188127981,109.40526580810547,17755500
2024-01-23,109.8795473350501,110.9442775702009,109.53109889458963,110.46998596191406,11667900
2024-01-24,111.63150734486402,115.03862192802322,110.93459569758102,112.78334045410156,21859200
2024-01-25,114.23524603870322,115.02894939029038,112.74463837099263,112.82206726074219,15485300
2024-01-26,113.15115508939503,114.25459603085105,112.57039786516482,113.4996109008789,10196400
2024-01-29,113.41250146207032,114.09005775997356,112.04772225561157,113.22859954833984,10042200
2024-01-30,112.62846364441884,114.22555144001787,111.8541158087562,112.33808135986328,11030800
2024-01-31,109.86019289751722,111.06042553633864,109.26007288574196,109.33750915527344,12853900
2024-02-01,110.15057084218088,110.37319087733297,108.99873037900558,109.75371551513672,8807600
2024-02-02,111.17657438425958,112.24129719055281,110.26671672456035,112.03803253173828,10044000
2024-02-05,113.3737832732383,115.70650110199865,112.84142552305941,114.98055267333984,13267600
2024-02-06,116.26789486662032,117.10999025878438,114.48689767272406,115.55162048339844,11503800
2024-02-07,116.16143392825323,120.99140890397567,116.15175254781664,120.97205352783203,18172500
2024-02-08,122.92727834106503,130.42874611384656,122.06582005213046,129.4414520263672,33367000
2024-02-09,130.1867476426025,130.83525978045745,126.40213306980931,128.84132385253906,16984200
2024-02-12,128.99619815376005,129.22849219469904,126.082715721678,126.27631378173828,14203800
2024-02-13,123.82744408700017,125.75362519089565,122.423946739963,123.45963287353516,14494000
2024-02-14,125.47293705414303,126.5957261186418,123.85648619768756,125.12448120117188,13069700
2024-02-15,126.60540856001556,126.92482764007246,124.23397998688125,124.89216613769531,12554000
2024-02-16,123.05308194135833,124.51466001589256,121.7754131447014,122.627197265625,13104400
2024-02-20,122.82078414841183,122.98533067307169,120.16865484104422,121.3108139038086,12038800
2024-02-21,120.43968960907479,121.35922137227689,118.96843731100549,121.32050323486328,11469700
2024-02-22,125.53098259218275,127.26357270562022,124.86310779204258,124.93087005615234,17014100
2024-02-23,126.31503129742235,126.80867093031503,123.63386491686535,125.37613677978516,10123300
2024-02-26,125.85041079666163,127.0215992036619,124.43722483551498,126.45052337646484,9526700
2024-02-27,126.576375918305,127.73789048478811,124.46627807617188,124.46627807617188,8851800
2024-02-28,124.37916776947895,124.45660404314913,122.58849640305104,123.29508209228516,6519100
2024-02-29,123.9242182258873,125.0470218526676,123.07244151175377,124.54369354248047,9369900
2024-03-01,125.9568973961959,132.26779846746652,125.92786064045836,129.60598754882812,24393000
2024-03-04,135.45228864211066,137.4365504703193,133.26475477211804,133.82615661621094,26544600
2024-03-05,132.72273957210479,133.0227959220344,129.441452946056,130.64169311523438,13694700
2024-03-06,134.34884073368966,139.38207954100116,134.1649314600711,137.03001403808594,22292700
2024-03-07,140.25322195513448,146.7383726711944,139.52727357075085,144.4153289794922,34675700
2024-03-08,148.96457516510574,153.32026467016095,140.28223290347267,141.67605590820312,43856900
2024-03-11,139.01425694191238,139.76924200253072,134.47465781495336,134.56178283691406,29227100
2024-03-12,139.88540310524692,141.9954857595709,136.062078312593,139.7692413330078,21218500
2024-03-13,138.46254692059892,138.63676742940038,136.83641499116965,137.58172607421875,12923100
2024-03-14,138.03668275921828,138.51097441142133,134.5618129500936,135.14256286621094,14961900
2024-03-15,131.0965814289403,133.28410024578727,130.3125596555845,132.58718872070312,22751200
2024-03-18,136.2355808003143,137.5573134491992,132.76604186538785,132.79519653320312,14732900
2024-03-19,131.492905235868,132.43561237345614,129.2867747853791,131.0749969482422,17341100
2024-03-20,132.68830406373976,133.4463551596311,131.21106982301797,132.90211486816406,12750200
2024-03-21,138.53886931825858,138.58746536248645,135.12762572783103,135.52609252929688,17809400
2024-03-22,135.47752737313542,137.362941615368,135.19569397944633,136.58544921875,9944100
2024-03-25,136.21612656865,137.69334553596985,135.34144222358378,136.28414916992188,9922200
2024-03-26,136.65348811018197,136.9936456715051,134.73891918036304,134.93328857421875,10786400
2024-03-27,134.9527186647004,135.36089880645636,131.34710516837333,132.84378051757812,13842800
2024-03-28,131.86217237076374,132.95066742697279,131.62893508184322,132.22177124023438,10019400
2024-04-01,133.42688189867755,138.93735060712524,133.19364458915234,137.5087127685547,14222700
2024-04-02,136.4299612825726,137.0713787863482,135.42894483654902,136.2744598388672,9869200
2024-04-03,134.680583824966,138.90817293493916,134.4959277461765,138.0043487548828,9707500
2024-04-04,139.94808559343534,142.62070528358774,135.50667048112706,135.73020935058594,15759500
2024-04-05,136.0606526068339,138.00437621550296,135.0110400786205,137.38238525390625,8263600
2024-04-08,141.15319826627118,141.8918078176853,138.74297057957378,138.77212524414062,16307400
2024-04-09,142.14448695823407,144.00074636501395,138.92762710270244,141.30868530273438,18443400
2024-04-10,142.50410350219613,144.2534429157555,141.1726427239381,142.1056365966797,18861300
2024-04-11,143.05807495117188,143.40794584360302,140.07446649939882,143.05807495117188,11818800
2024-04-12,140.9199790453964,142.3874852127204,138.15016662893657,138.509765625,12024000
2024-04-15,140.93940678599972,141.3864549234659,135.94403757130567,136.19671630859375,13458800
2024-04-16,134.0100125208675,136.5854401575345,133.2033655104656,135.86627197265625,14218200
2024-04-17,137.15888172465574,138.558365305118,133.49495802156167,135.1179656982422,18823200
2024-04-18,129.15072160308222,131.32769750168802,126.633602952136,128.5481719970703,39306100
2024-04-19,125.72976566476493,127.84843225752913,123.07658690582336,124.10675811767578,28284000
2024-04-22,123.18348976091154,126.98347316191017,122.24078257796435,126.09907531738281,18556800
2024-04-23,127.66377549635048,129.94765681654158,126.98347515504949,129.67552185058594,12573800
2024-04-24,132.2606896560815,132.4550590808403,127.83871480299517,129.22848510742188,15558000
2024-04-25,126.342039974273,133.96143328750324,125.23411806306062,132.7368927001953,18034300
2024-04-26,132.9603984932132,134.83609930934418,132.12459682741917,134.40847778320312,9453400
2024-04-29,134.1169133926557,134.7486175601959,132.08572601700465,134.60284423828125,9997100
2024-04-30,134.05861738925145,135.76908879727776,133.39774366220524,133.47549438476562,10980600
2024-05-01,133.5532335020806,135.50667018732443,129.46170403523715,131.1430206298828,12561800
2024-05-02,131.7844808554664,132.89240283908106,129.47144476551605,132.39674377441406,9261900
2024-05-03,134.99162574976611,138.1113092919809,134.85556566306298,137.5767822265625,13264300
2024-05-06,136.517425502153,138.81101989746094,135.87599316791673,138.81101989746094,8601600
2024-05-07,137.8780445280011,138.28622475096995,136.55631173624857,137.13943481445312,8682900
2024-05-08,137.13941553340138,140.20077418997528,136.83814075614643,139.55935668945312,10202300
2024-05-09,138.9179133964074,139.31638025139762,137.1588460968563,138.77212524414062,8012700
2024-05-10,143.07751258469935,146.26521848560552,142.79566432432932,145.0601043701172,23671400
2024-05-13,143.8549966494743,144.2631768510854,142.1833930641515,142.29029846191406,8278700
2024-05-14,142.36805046123186,147.73271729838723,142.13479827418524,147.67440795898438,12316500
2024-05-15,149.04470590230017,151.61042011100136,148.4324283064336,151.20223999023438,14027100
2024-05-16,149.76390959782242,150.69688862312123,147.92709138549145,147.94651794433594,13394100
2024-05-17,149.6667292389719,149.6667292389719,146.59564214487395,147.41200256347656,7711200
2024-05-20,147.4022653376143,149.89995707690036,146.57619177302334,149.2293701171875,9261200
2024-05-21,148.01454719259414,149.65699591949348,147.6743896490063,149.3459930419922,7919400
2024-05-22,151.49381832493054,152.80582282432144,150.19151227526558,151.75621032714844,13455200
2024-05-23,154.70095692575663,156.25594176486936,151.48409668390866,152.66976928710938,20873000
2024-05-24,152.77666317943803,156.13931133837613,152.30046041575116,155.4978790283203,11908200
2024-05-28,155.186906816023,155.8672220347443,153.16544703912933,154.9245147705078,13964400
2024-05-29,152.3393371027836,152.46568388216338,148.89895285680095,149.9971466064453,15780000
2024-05-30,149.26823814189993,149.7153010584283,147.6160761823901,148.65597534179688,9687800
2024-05-31,147.21761483202064,148.20891797663032,143.65088396254131,146.7899932861328,13782600
2024-06-03,150.75516525246385,152.72804309586505,148.1700246907378,150.58995056152344,12924400
2024-06-04,149.08358811298552,149.46261360636265,146.74141254080052,148.1797637939453,10066700
2024-06-05,154.12756047151515,159.1229295682122,153.50556950797667,158.33572387695312,23192600
2024-06-06,159.8907019158173,160.06562991559238,155.84775340965575,157.5096435546875,14819100
2024-06-07,158.9674395667291,161.445675259237,157.40274149698362,159.7643585205078,14023300
2024-06-10,159.38534992950432,165.06101980695385,157.84980636406584,163.4282989501953,12418900
2024-06-11,163.44771096325502,163.67124985520996,159.18123823988302,161.04722595214844,11508600
2024-06-12,168.48195258912102,171.10597633290814,166.713157096324,168.11264038085938,20309500
2024-06-13,168.61375863254622,169.70568787529362,166.23493244013397,168.57476806640625,15591800
2024-06-14,167.6875761292066,169.28645707399454,166.08869518441867,168.18478393554688,9192500
2024-06-17,173.38118197146267,174.19037395003943,169.1304955410447,172.79623413085938,18593700
2024-06-18,175.50651190419387,180.22515902524722,174.5023374306372,175.18478393554688,27155100
2024-06-20,178.00232658488002,178.5775304394526,169.1499800238461,170.98284912109375,28403200
2024-06-21,168.37978993494644,173.03018491434509,167.89232602611256,169.59844970703125,20175600
2024-06-24,166.15692117629567,167.12210495709118,162.92991286160748,163.6026153564453,19741700
2024-06-25,165.68899979220168,168.31155832093717,164.7725651519218,168.27256774902344,13346800
2024-06-26,167.80456334504484,169.33520708756689,165.9327038080759,167.75582885742188,11901500
2024-06-27,169.43269120527114,171.0803215226249,166.8588824783673,167.3268585205078,10864600
2024-06-28,168.47726643874458,172.3867363377653,168.47726643874458,169.4521942138672,11216100
2024-07-01,169.87143893871118,170.90486010992956,166.17645394778643,168.0093231201172,10717000
2024-07-02,166.8394026600265,172.27950168282808,166.7419039275025,171.29481506347656,10655500
2024-07-03,173.52739127385624,177.91456604003906,173.42014862896755,177.91456604003906,11808700
2024-07-05,179.52321687217147,180.43965144753963,177.72935316680585,179.37698364257812,11372900
2024-07-08,185.2362925174295,187.9660934876669,180.4883986222411,181.95079040527344,22582400
2024-07-09,183.3741456162052,183.71537625814395,177.92430340015795,179.89366149902344,19935200
2024-07-10,183.55942478552848,186.6206978125504,182.01903691029565,186.25997924804688,19293500
2024-07-11,188.24880211394995,188.619279432007,178.42152827278252,179.87417602539062,21584200
2024-07-12,178.4800355185918,185.60675519795475,178.16805148894338,182.65272521972656,19220300
2024-07-15,183.94936791471451,185.29477302265715,179.4647090152681,180.5761260986328,15683100
2024-07-16,183.54967976022624,184.83657685162393,180.38116408761044,181.37557983398438,16663300
2024-07-17,170.82685252198385,172.15275494223155,166.23493597888387,166.9076385498047,45052600
2024-07-18,171.0998138972797,174.20983568677528,160.3853529593284,167.56082153320312,52903600
2024-07-19,164.92853334352728,166.24469181765153,161.0775715273878,161.61378479003906,22585300
2024-07-22,162.43272680670106,166.59567281781221,162.0135001029924,165.10403442382812,21037200
2024-07-23,165.17226056789534,167.23910267439553,163.75861828040763,165.56224060058594,11690700
2024-07-24,160.95081827017188,161.30179285433297,155.58871565873235,155.79345703125,19536600
2024-07-25,154.1945866277812,159.30319885220436,148.2962703780194,156.2614288330078,25731800
2024-07-26,160.18065214747753,160.4633746844729,155.19877013264718,157.87982177734375,13089200
2024-07-29,158.6012550295658,159.13746832072775,154.65280914968784,155.99819946289062,12663100
2024-07-30,156.41741166992838,157.10960204652505,148.72523226437872,150.6653289794922,22018000
2024-07-31,159.66394867175873,162.47173094878832,158.00657419288459,161.64305114746094,19860400
2024-08-01,159.3812014121719,163.4661515007702,152.90768105643346,154.21408081054688,21095600
2024-08-02,147.45784079888202,150.00240314259247,143.20715467733325,146.10269165039062,31095300
2024-08-05,130.50384045727716,146.23917510334877,130.2211179309467,144.24057006835938,31193100
2024-08-06,146.66812929239174,153.75585801670385,144.01632469095983,151.4940185546875,24528100
2024-08-07,157.49959109421292,158.57200276229753,150.64584976201783,151.15280151367188,22379000
2024-08-08,155.2767449186584,160.61934475487598,151.64025374686776,160.4243621826172,18889600
2024-08-09,162.15001647554598,163.59290561116504,159.14723673975226,162.92994689941406,20519400
2024-08-12,161.83800233028091,165.27949600901425,161.3895290313003,163.42713928222656,14727300
2024-08-13,163.78787502631818,168.12630088361692,162.16949126231341,168.01905822753906,15243500
2024-08-14,167.5705965198716,168.184790923525,162.99818271687033,165.70848083496094,11510300
2024-08-15,168.10679645987898,171.04133871183862,166.53717695460298,169.59844970703125,15393500
2024-08-16,169.04271845587456,170.61235269572387,167.9313014390768,170.16387939453125,10710000
2024-08-19,170.3783838364857,171.05108642578125,166.81015925066035,171.05108642578125,11511000
2024-08-20,171.0023358710578,171.0023358710578,165.59149830162426,167.72657775878906,13555500
2024-08-21,166.08869305996254,168.74049774562556,165.64997854513075,167.14161682128906,9434800
2024-08-22,167.6875791405279,168.93548551612747,161.8965057132707,162.26698303222656,13546100
2024-08-23,164.76282222031776,168.94525654652756,163.70989825766875,166.98565673828125,12189100
2024-08-26,166.10819238238653,166.76139218021234,163.6123797589874,164.83103942871094,9611300
2024-08-27,162.2474993119566,166.30320294572684,160.90209404973973,166.27395629882812,9186000
2024-08-28,167.02465140923678,168.1458125198568,162.0330105517812,164.95779418945312,10581400
2024-08-29,164.42157842606358,171.0218442352189,163.3101612553888,164.90904235839844,13213200
2024-08-30,165.79622998388382,167.91182166122172,164.51907686368517,167.39511108398438,9481400
2024-09-03,163.7878738410323,164.45081761837568,155.79346868832076,156.46617126464844,18464400
2024-09-04,155.30599529643092,159.77116622678122,154.96476462960752,156.8366241455078,11317400
2024-09-05,157.4898250587635,160.4633577256815,157.01211997333903,159.59567260742188,10260600
2024-09-06,160.7558431453063,161.26280976285767,152.09847958563017,152.88818359375,14964400
2024-09-09,156.72938741074447,159.0107297634033,156.23217958933066,158.69874572753906,10339000
2024-09-10,158.80600205764904,158.80600205764904,153.7363800479703,158.35752868652344,11910800
2024-09-11,159.69319573374136,166.1082232108957,157.372862531561,165.96197509765625,15059500
2024-09-12,166.93658512678775,168.4532888776036,165.37093714585598,167.74874877929688,13399900
2024-09-13,168.54134968425134,171.01701965268458,167.76830566325293,168.79576110839844,8787800
2024-09-16,166.26138198870976,166.89741801474992,163.1888104701731,165.44920349121094,12194300
2024-09-17,165.71343072478572,166.58431851271683,162.78763178589875,163.75637817382812,8629100
2024-09-18,164.842534924061,167.91510668246545,163.41388006161165,163.6878662109375,9116000
2024-09-19,170.63539800219854,173.96238100189245,168.92297720771285,172.43588256835938,15855000
2024-09-20,171.11487177950718,172.24018586794188,169.92106862127207,170.3418426513672,18429800
2024-09-23,171.08551655344354,171.63348883431414,169.9699972870642,171.00723266601562,5794200
2024-09-24,175.64547771488967,178.8550429098415,173.248091172416,178.06243896484375,14576100
2024-09-25,177.62207137963298,179.8726845165713,177.31873066134276,178.4342498779297,8280900
2024-09-26,184.45220657866722,185.2643851951254,179.85313597911139,182.8180694580078,15103400
2024-09-27,181.84929619613214,181.947154783616,173.5905330982638,174.14830017089844,17908400
2024-09-30,170.52778031432425,173.0230253338352,168.23801745377082,169.94065856933594,13540200
2024-10-01,171.54543068233994,172.21083628172275,167.11270806293984,168.37501525878906,11850200
2024-10-02,169.24589162588097,173.1697761620737,167.12247671398973,172.02490234375,11164400
2024-10-03,172.02493056691233,176.90776736268418,171.3595249030969,175.6259002685547,12555000
2024-10-04,175.84115111928713,177.33829497644678,173.73732581000712,177.26980590820312,9993800
2024-10-07,177.70035186094967,181.02733474324074,177.04472621195,180.5478515625,12054200
2024-10-08,180.98823472373167,182.53429316999856,178.1211448418375,182.05482482910156,10394200
2024-10-09,183.76724513662037,183.962947413601,178.3462009843844,183.1214141845703,11925000
2024-10-10,181.8688875286153,183.0626907356754,180.44023264879525,181.7906036376953,6443800
2024-10-11,184.1292918761032,187.37800635545935,183.9727240848056,186.7126007080078,12163900
2024-10-14,186.5168868366693,190.0787217460163,186.40924835323608,188.08253479003906,11714400
2024-10-15,188.81642774977118,189.4622437133662,180.29345772403096,183.1116180419922,21812700
2024-10-16,185.70471497762105,185.92977183979536,182.65171778247048,183.4541015625,18689200
2024-10-17,198.98329455511822,208.03466125976385,197.6329237174385,201.41981506347656,62274700
2024-10-18,201.52746929784655,201.52746929784655,196.44891589573555,196.46849060058594,21030800
2024-10-21,196.49785347722914,199.07138228749915,195.37255426444887,197.61337280273438,14820000
2024-10-22,194.7952220673232,195.87159195222281,192.87730410362224,194.21788024902344,11165100
2024-10-23,192.45653595235694,198.76804221858893,192.01620212546595,196.54678344726562,16535700
2024-10-24,194.68759858112986,196.19452250850708,193.17087983486374,193.67970275878906,9935800
2024-10-25,195.94987952127124,200.7935814220888,195.7052479613196,199.07138061523438,13434900
2024-10-28,194.98114878904568,195.4508521721922,190.34294359670545,190.49949645996094,20135300
2024-10-29,190.21570795554868,194.52121727520372,189.44267882507023,192.71095275878906,13779100
2024-10-30,190.20592831093148,191.2529435850235,188.4739327491415,190.30377197265625,10007800
2024-10-31,188.71856751549404,188.71856751549404,183.6302341542396,186.44837951660156,13062700
2024-11-01,190.02979846129972,193.91454894387772,188.41523608983445,188.806640625,12691200
2024-11-04,189.54053301977004,190.18636393294574,186.50711058134385,187.4464874267578,10917300
2024-11-05,189.42310965546008,194.08088914145617,189.33504587810916,191.55628967285156,10339200
2024-11-06,187.9161626324431,190.0884919649707,184.45218649553743,189.07083129882812,19834900
2024-11-07,192.0944772741086,197.67207366682308,192.03576809067872,196.86968994140625,14865200
2024-11-08,199.5117087238807,202.17330121442967,195.7248170622274,196.8794708251953,13112100
2024-11-11,193.7090518649043,193.94388859546075,187.37798619749046,189.8830108642578,16610000
2024-11-12,189.66772374218317,189.83407139445373,185.64598070457117,187.65196228027344,11819000
2024-11-13,188.30758308537781,188.34671756342692,182.49513510641341,182.65170288085938,13882200
2024-11-14,184.3543203677982,188.52285131548757,183.51278728301284,184.45217895507812,11453900
2024-11-15,184.13907104499927,184.74576750112726,180.8414422084723,182.0156707763672,9834800
2024-11-18,180.39132447982044,183.96293940540045,179.54979128742306,183.4541015625,10681500
2024-11-19,185.0686635829217,185.93955129708374,183.98249891189934,185.59706115722656,9390100
2024-11-20,184.7946840323351,184.7946840323351,180.10753504126848,184.31520080566406,10624500
2024-11-21,185.34267213447987,188.1706125757883,182.73000867606356,187.1333770751953,18137300
2024-11-22,188.80662589310418,188.8555551889636,185.3622095141242,185.99826049804688,8838900
2024-11-25,184.05097966937458,184.2075474365886,179.76504529254024,181.10562133789062,14380000
2024-11-26,181.41874082477335,181.90800389596328,178.4146733318517,179.89224243164062,10186600
2024-11-27,178.0917829750352,178.53211681484714,174.2266071549341,177.29917907714844,9895200
2024-11-29,177.61228980327877,182.93547485861853,177.2893743571506,180.6946563720703,8045300
2024-12-02,185.27413915591305,191.0963668092748,184.88273466519726,190.22547912597656,16646900
2024-12-03,189.3448238533947,194.72671807144985,188.46415622652668,194.61907958984375,11217700
2024-12-04,195.55847367649244,198.249420817779,194.01240043630912,196.38043212890625,12761100
2024-12-05,196.92837994682952,201.21432909332128,196.439116891061,199.9128875732422,12483700
2024-12-06,197.66229945030932,198.82674805882337,195.6367429771209,198.660400390625,9672900
2024-12-09,196.61528258035884,198.7680523884166,194.7071592787862,194.89308166503906,9699700
2024-12-10,194.82458031790586,195.61718418316897,186.28203549398557,187.81832885742188,15307900
2024-12-11,190.48967741850288,191.79111894594234,189.1099520099629,190.4211883544922,9027600
2024-12-12,191.05534966877076,191.830833611285,187.77668210728348,187.94357299804688,7944900
2024-12-13,194.86409122085726,198.82007364733306,193.64687507642833,197.29855346679688,19477000
2024-12-16,199.46793234421185,201.72569248205457,197.18072439845048,198.5059356689453,15139300
2024-12-17,197.30834593239138,198.68262692756937,193.84318065733453,196.97459411621094,11169400
2024-12-18,199.27160215726636,201.47046660782732,190.39764183402193,191.96824645996094,14721100
2024-12-19,194.75607625960419,194.92296713216274,190.38781027337112,191.0651397705078,10553400
2024-12-20,189.06263546886376,194.4419833493088,188.45401245751677,193.5879669189453,16170100
2024-12-23,197.30833909450243,204.22885846143532,197.2199956718468,203.55152893066406,17847000
2024-12-24,202.1379777016791,203.39446744045333,200.79314453874244,202.5404510498047,7634500
2024-12-26,201.72567817676028,204.33682680299717,199.16361421975333,199.3304901123047,8044900
2024-12-27,200.74405650390827,200.74405650390827,195.3941567712723,197.92677307128906,10664400
2024-12-30,196.16966271213113,198.2605471551534,194.8346403647034,196.70956420898438,11235200
2024-12-31,197.10217132974685,198.07399382516843,193.73517582873995,193.86279296875,6427900
2025-01-02,193.3818171674925,200.02748076363557,193.07751315125722,197.87770080566406,10951400
2025-01-03,200.35140277296,204.96507721416197,199.958740386951,204.778564453125,10261900
2025-01-06,214.75197648598242,218.1189723815399,211.72854334669486,215.9691925048828,24339900
2025-01-07,217.1766051332744,217.41218759156678,207.43880242233382,207.53695678710938,17010000
2025-01-08,206.11359479716498,206.43753566154032,202.13797597978993,203.31593322753906,13262700
2025-01-10,203.78713693770834,206.12341466970105,199.49738801321033,204.54298400878906,17265200
2025-01-13,196.83715933615204,199.85076647991917,196.3757903794567,197.66172790527344,16612400
2025-01-14,201.4214067172163,202.47174691133299,194.85427534309173,197.75009155273438,14182900
2025-01-15,198.77097770325372,205.2006653037942,195.6886490364736,203.00181579589844,18286500
2025-01-16,214.86978132640695,217.87357779087657,209.2548358519387,210.84507751464844,38539600
2025-01-17,211.2181025934703,211.7187303435454,207.18358784715863,207.61550903320312,21606100
2025-01-21,210.52112635684279,216.1066083727916,208.15538603422732,214.68324279785156,19061300
2025-01-22,217.87355928213137,221.28963977715546,215.2820473585719,219.10060119628906,17294500
2025-01-23,216.05754925567436,220.5730545757548,215.38021971302751,220.49452209472656,8986800
2025-01-24,222.06514132909007,222.2418281771578,216.90175428440878,217.8048553466797,13183800
2025-01-27,193.42106117398708,203.19813757237432,184.2231599330463,188.77793884277344,68667500
2025-01-28,192.05659096982373,199.11453833010734,188.92519264299813,198.6826171875,31738800
2025-01-29,200.73425422629631,202.65824763651787,196.08130570979463,198.61392211914062,15199500
2025-01-30,202.77604332858198,205.77001358045874,201.6471557939459,204.32701110839844,13539000
2025-01-31,206.07433754549376,211.0512271617516,204.37611558604397,205.47555541992188,15746900
2025-02-03,195.9635104464069,201.22506687534135,194.34380610123142,196.13038635253906,17719800
2025-02-04,200.3219592520505,201.97109637295486,198.36850315852655,200.3023223876953,12692900
2025-02-05,202.21651340815654,206.61422756401277,200.08637037987398,204.73931884765625,10997800
2025-02-06,206.20194419143797,207.30136899070067,203.1981478802099,206.6338653564453,8491400
2025-02-07,209.09777521487894,209.26465113541667,201.94167260574594,202.33432006835938,11616200
2025-02-10,204.17977620099953,206.12340641507578,202.7367736997574,204.1306915283203,9296500
2025-02-11,201.3625063083026,205.98599220266038,197.30835472407315,204.9062042236328,9224500
2025-02-12,201.13671012324917,203.26686812607602,199.28142329702854,202.58953857421875,7373700
2025-02-13,198.17217732245865,198.5844615982573,195.57083953999808,198.1230926513672,15580900
2025-02-14,196.30707335044397,202.46191990968953,193.8333675862775,200.1550750732422,23220300
2025-02-18,200.99929230304934,202.0692843201053,196.83717538888445,199.0164031982422,14988100
2025-02-19,198.29980660759566,198.87898184000656,196.3463652464841,197.25927734375,13163100
2025-02-20,196.60155255970264,196.66044817205145,193.9805929604135,196.42486572265625,10639300
2025-02-21,197.6322734472742,198.96729560030138,192.4099760614937,194.59902954101562,13757300
2025-02-24,193.26403590020377,195.13894476953251,187.94358336707032,188.1300811767578,15114300
2025-02-25,187.14842697917265,189.975536345897,184.02683953553034,185.89193725585938,20581000
2025-02-26,187.58035172984242,192.47870854328048,187.58035172984242,191.04551696777344,14112300
2025-02-27,191.11422920845578,191.19276168616676,177.75419662559747,177.76400756835938,24219200
2025-02-28,176.01671552181463,178.81437722717504,172.2963308296179,177.2143096923828,27929400
2025-03-03,177.82290689260583,178.2352061538265,167.9280541511645,169.79315185546875,37403000
2025-03-04,171.84475885424763,180.22791736836857,170.98091657739133,176.69403076171875,29395200
2025-03-05,179.63895691089508,181.3470048442897,177.40083340012455,180.89544677734375,17334000
2025-03-06,175.30010973957846,178.21556239148566,172.56134392546525,172.62025451660156,17864300
2025-03-07,172.56136792904027,175.1921538264911,167.87898633371287,173.84732055664062,21012700
2025-03-10,169.30235803346096,171.6779096861499,164.82611095378,167.51577758789062,18265100
2025-03-11,167.5157650830181,170.14655087642652,165.01261142717541,167.82989501953125,16561100
2025-03-12,172.3748587282097,174.85839043097488,171.55027515602941,173.916015625,14737600
2025-03-13,170.69628283587247,170.69628283587247,167.3685452048416,168.4385223388672,14381600
2025-03-14,169.47900830867113,171.16741903256172,168.77223102990123,170.89256286621094,11449400
2025-03-17,170.75516343842025,173.90621391660974,170.62756125454655,173.00311279296875,9678100
2025-03-18,171.84421908598918,172.04130773392998,167.95164686388395,170.61239624023438,9986000
2025-03-19,170.4842573041488,173.17455380156494,169.24258546770236,171.2332000732422,10678500
2025-03-20,172.30737131018432,176.07181379370516,172.01173084447672,174.88926696777344,12209700
2025-03-21,172.36649286299152,174.62318546573724,171.26276948276578,174.16001892089844,9993200
2025-03-24,177.37263516310404,180.2698697762024,177.0671304757584,178.52561950683594,11440000
2025-03-25,179.81655522168182,179.85596693262767,177.18538368676613,178.26937866210938,8718800
2025-03-26,176.62366075907707,176.93901458611813,168.97651089610858,170.97698974609375,14612400
2025-03-27,168.8977058513209,169.11450789107568,165.11354939962087,165.79351806640625,17559100
2025-03-28,165.59639140094367,166.17782317432216,161.6742719257935,162.8469696044922,16332000
2025-03-31,158.0280907195165,163.71418921758297,157.4072471899836,163.58607482910156,19408300
2025-04-01,163.9704019839043,166.41433429867445,162.6597406720627,166.18768310546875,9180000
2025-04-02,164.42370089754408,169.25243989282757,163.93097181488665,167.91221618652344,10072700
2025-04-03,157.73242062922444,159.44712313160605,154.9238740743909,155.09140014648438,28370500
2025-04-04,148.69578840627142,149.10967904921085,142.73376324038628,144.66526794433594,36085100
2025-04-07,132.55397250933532,151.51419303845535,132.29775879943173,144.04441833496094,46388300
2025-04-08,149.76993659588322,150.39078008849052,136.9589796904957,139.31422424316406,30479700
2025-04-09,138.16125766175733,158.2843153642036,135.89470044939125,156.44151306152344,45612500
2025-04-10,153.23875980669712,153.73148893790835,144.77367694134387,148.93231201171875,24503500
2025-04-11,153.73147970327543,155.71224527847636,151.0214696444036,154.7957763671875,19632200
2025-04-14,155.9980251220496,156.28380136376313,151.79011469295864,153.57379150390625,17509400
2025-04-15,154.21437865026277,155.94877988850308,153.78077458147752,155.0421600341797,14306600
2025-04-16,148.41001454104955,151.30724908845593,146.3306970870472,149.46444702148438,23806100
2025-04-17,153.78075442377525,155.20966579995059,149.24764070946162,149.53343200683594,27239900
2025-04-21,147.80886948385046,148.09464572367565,143.71920924567843,145.7098388671875,15170500
2025-04-22,145.84782733580928,150.38094149749315,145.29597309774,149.19837951660156,12668600
2025-04-23,157.0524643225267,158.0477867015265,153.73147508913934,155.51515197753906,17667900
2025-04-24,155.4855848747269,162.15714072497394,155.10125679975275,161.79251098632812,18761100
2025-04-25,161.54615836796253,163.49737646506995,158.81644993220866,162.69915771484375,14654800
2025-04-28,162.60060388947855,162.91595773291507,158.16604196522005,161.02386474609375,11415600
2025-04-29,161.9896284824502,163.58606600150046,161.1224204291887,162.08816528320312,9830100
2025-04-30,161.16184946909934,164.4927034527826,159.3978856659108,164.26605224609375,10073000
2025-05-01,170.28718196721312,172.23838501579615,168.46407826104326,170.20834350585938,22670600
2025-05-02,177.18538558440946,178.0230160238413,174.56406318993143,176.67294311523438,21691200
2025-05-05,176.3970209894858,177.46131766915752,173.6870108904853,173.83482360839844,14618900
2025-05-06,170.09008833321676,172.19896824252586,168.10930776255594,169.7747344970703,14565600
2025-05-07,171.56828783080934,173.42093912102015,168.87797597404165,172.0018768310547,9682500
2025-05-08,172.79024724939654,174.86956477405556,171.1346845946214,172.6719970703125,10343000
2025-05-09,177.1853963391371,177.83580239292604,173.90381856254703,173.95309448242188,11582800
2025-05-12,184.55659625511896,186.41911150795613,181.92542486853296,184.26095581054688,22064900
2025-05-13,184.99022466055303,191.45482840147343,184.99022466055303,191.16905212402344,19996000
2025-05-14,192.44028368106098,193.36661683149055,190.42009128402404,191.92784118652344,12359000
2025-05-15,190.2919977274667,191.66178411967616,188.84337286932217,191.3957061767578,10241800
2025-05-16,191.70119583419375,192.2432008894349,189.7697060479343,191.3957061767578,9146700
2025-05-19,186.25159543059593,190.6861572265625,186.0643559710847,190.6861572265625,10144400
2025-05-20,189.01088657449586,190.91281369090606,188.03527753904623,190.6368865966797,7054100
2025-05-21,190.29197616431466,192.4304185609461,187.75934148267626,188.97145080566406,7375700
2025-05-22,188.55755810839173,193.96772874498265,188.55755810839173,193.3370361328125,11825000
2025-05-23,189.22768968851528,189.99634588933893,187.266622437394,189.18826293945312,9403100
2025-05-27,191.27746192497844,195.4262329447162,190.88326958308508,194.80538940429688,12228200
2025-05-28,193.23850484178575,195.18972300545514,192.63737470716228,193.28778076171875,17787600
2025-05-29,196.5595021621241,196.89455434633763,193.22864858392163,194.2830810546875,14609900
2025-05-30,192.9231586783342,193.06112222675617,187.78891476946802,190.5087890625,11998300
2025-06-02,190.23285547810895,192.32203720983154,189.4050741503753,192.00668334960938,7447400
2025-06-03,191.52381595314938,195.28825863030664,190.8241339828809,194.7364044189453,9548300
2025-06-04,198.45156957504062,201.06302769089294,197.46611141254567,199.45672607421875,13531100
2025-06-05,201.90068598685608,202.76787899992377,199.33848858662626,200.38307189941406,12214300
2025-06-06,200.61958023853305,203.29016351428606,200.27466385707774,202.19630432128906,8532000
2025-06-09,203.39857195455645,206.22684728997706,202.87628029741273,203.98985290527344,11472300
2025-06-10,208.5328226054736,210.1292601718448,206.90682249431035,209.37046813964844,14514000
2025-06-11,211.87352445518428,214.26818079294267,209.8533320285805,210.9866180419922,13326400
2025-06-12,210.59099293484513,213.51862189561794,209.5920461572646,213.0735321044922,9796100
2025-06-13,207.811717213781,210.9272549746671,207.10947689198082,208.7908935546875,10152500
2025-06-16,210.67010784160857,215.21979695850854,210.4030570003079,213.32078552246094,10932900
2025-06-17,211.55035651762825,213.57793554282404,211.16462314927432,211.56024169921875,8389700
2025-06-18,212.35148249442233,212.8163425661929,210.56128375039847,211.16461181640625,6932000
2025-06-20,212.84603953216853,213.14276101134945,205.87315268488268,207.21827697753906,16992000
2025-06-23,204.36978504466168,208.2864601805501,203.94448074674293,208.01942443847656,7535500
2025-06-24,212.044878524722,217.95946162670603,211.54046263051904,217.68252563476562,14814700
2025-06-25,218.38480692540463,221.0552702591521,218.38480692540463,220.3035888671875,9168400
2025-06-26,222.5190374056815,222.75641758314234,220.26397854138278,221.5596466064453,7982200
2025-06-27,221.84649688161542,226.37640035066002,221.57944605159514,226.06979370117188,13133000
2025-06-30,224.95214812350093,225.65437333126886,222.34102638866386,224.01254272460938,9279800
2025-07-01,224.94225500455963,226.09947026769942,218.76062048380976,222.2223358154297,9990200
2025-07-02,222.02451826759608,231.26236402149354,221.5497729797945,231.04476928710938,12012500
2025-07-03,231.3118086321642,234.98123344483452,230.71838078612137,232.2316436767578,7779600
2025-07-07,229.09630578649657,230.00624049872155,224.95213594525248,226.6632080078125,13817500
2025-07-08,227.26656536489236,227.81055224441735,225.05106202459137,225.36756896972656,8854400
2025-07-09,227.92922122251156,230.71838191577604,227.72152675753793,229.30401611328125,9475300
2025-07-10,230.23373509678026,230.50078592789444,225.27854240766604,227.24676513671875,13124700
2025-07-11,228.4732036715932,229.72931598676968,226.89069925443167,227.8797607421875,8817800
2025-07-14,226.82148541214806,227.33580164011,223.83451532728643,226.168701171875,10673500
2025-07-15,231.89537025715035,235.1098201921258,231.29204212721817,234.35812377929688,14270100
2025-07-16,233.81412610965515,235.70323714456447,231.58873779607893,234.96144104003906,15092800
2025-07-17,243.10142219353872,245.56419078946456,238.7495575810806,242.91351318359375,27395700
2025-07-18,242.62668147586376,243.2794657076245,236.07909897757617,237.7703857421875,16252000
2025-07-21,237.49344773010733,239.68916551534434,236.09888245452257,236.2373504638672,11971800
2025-07-22,235.22850855188508,235.3966472031473,229.22489774255888,232.03384399414062,11919500
2025-07-23,235.91095768194432,237.86929526337553,233.79436663545897,237.70115661621094,9885400
2025-07-24,237.58248044627922,239.3034378763647,235.42631842966208,238.957275390625,9081900
2025-07-25,238.6803311230758,243.5465119470764,238.30448291942392,242.91351318359375,11593400
2025-07-28,240.34194616284356,241.2815515759682,238.41327924287592,240.0946807861328,11892200
2025-07-29,238.8583547101592,241.30133784767156,237.1967386171479,238.69021606445312,9411500
2025-07-30,239.47156266047688,241.89477537973636,238.58141335797217,240.2529296875,6823800
2025-07-31,243.28935981329397,244.70372570065214,237.17696657865446,238.97705078125,13490700
2025-08-01,233.042664998658,234.59549879241723,229.3040137488738,232.6371612548828,13549800
2025-08-04,235.3076230077108,236.3856964111328,233.80424531526904,236.3856964111328,6450700
2025-08-05,235.72304055746707,236.01976204025797,227.6522947033383,229.92713928222656,11868900
2025-08-06,228.50286457624057,229.66006465660053,226.317047232854,228.83914184570312,9457200
2025-08-07,241.79588014745394,245.12901276652462,238.16602604278384,239.9661102294922,17691000
2025-08-08,240.50020707383274,240.50020707383274,236.35603681712252,239.18475341796875,10552500
2025-08-11,239.39245369359006,242.66626013917926,238.8979229128637,239.44190979003906,8272900
2025-08-12,241.05407115917808,242.09258875760275,239.05616269373908,241.61782836914062,7295800
2025-08-13,243.73441846195115,243.73441846195115,237.31541897887973,238.79901123046875,7971900
2025-08-14,235.36697531476835,238.73967878010387,234.22956058325795,238.36383056640625,11040500
2025-08-15,237.701149691863,238.16600979949223,234.66472367359907,236.2670135498047,8155500
2025-08-18,237.36489774866786,240.20349969848863,237.36489774866786,238.7693634033203,6919800
2025-08-19,237.3945707643104,237.54292396837397,230.0359500051085,230.15463256835938,14594700
2025-08-20,225.6444818730812,226.52474597267727,221.25304655666736,226.09945678710938,17165200
2025-08-21,225.6543758561067,227.8105377802662,223.78505021924937,224.84335327148438,7449100
2025-08-22,225.50601461121195,231.88545805881097,223.69603031449108,230.44143676757812,10299500
2025-08-25,231.7371177645495,234.6845168761834,229.70953862483458,233.01300048828125,7655000
2025-08-26,233.78446406541104,236.21756201810857,233.15146530329247,236.1087646484375,9793100
2025-08-27,234.27900399332705,236.7813285018608,232.8646532241043,236.6725311279297,9516400
2025-08-28,233.71524385677907,238.02755275522975,233.4185223777531,235.6636962890625,8466200
2025-08-29,233.2602721161098,233.36906949018532,228.05781380095644,228.34463500976562,15526000
2025-09-02,223.6762660785201,226.83137487415294,223.16196493273623,225.8917694091797,13974900
2025-09-03,228.98751531536917,229.90733523658005,226.0994576396042,228.8589324951172,7198500
2025-09-04,228.81938327434523,232.73605834941404,227.7808656845428,232.6371612548828,6241900
2025-09-05,237.61215890887303,241.87501189494063,235.29774334674602,240.7474822998047,14056600
2025-09-08,239.34301266018406,245.16858465276343,238.97704962001106,244.4861297607422,12986600
2025-09-09,244.2289474339731,251.9436301044328,244.2289474339731,248.17530822753906,13443400
2025-09-10,256.0383223482335,261.68585454723996,254.9305783985607,257.5911560058594,18822400
2025-09-11,257.5021623226766,258.7780600831707,255.40535681473955,256.0779113769531,10005000
2025-09-12,257.99667881681944,258.0955909960977,255.55369588906746,256.4932861328125,8496600
2025-09-15,257.15599481605153,259.92535499441186,255.91966791789744,258.5209045410156,8147700
2025-09-16,263.84097609726933,264.35689969082887,258.5724633115559,260.0111389160156,10381900
2025-09-17,262.2733126722264,262.7396392925697,257.6993694692491,260.7354431152344,10422000
2025-09-18,255.98290497700958,268.4248732551709,255.9630722413997,266.53973388671875,16917300
2025-09-19,264.28746706886636,264.48591554485137,260.7553022050341,262.7991943359375,17640200
2025-09-22,264.4561216538552,274.1993230411145,263.37464722264656,270.4985046386719,15630300
2025-09-23,280.19215138731926,283.7640121414001,277.8109209775945,280.4997253417969,17830300
2025-09-24,278.1184531953196,279.0114106800884,274.55652448365356,278.51531982421875,10231000
2025-09-25,270.98467736982275,274.97326742244326,268.0775920808023,274.49700927734375,11863400
2025-09-26,271.74866369561613,273.3460617183889,268.5042101180865,271.2227783203125,10451900
2025-09-29,274.32833360045987,277.6819128974079,271.0938415527344,271.0938415527344,8046200
2025-09-30,273.1675126962315,277.304894031587,271.68914115820706,277.1064758300781,8348800
2025-10-01,276.263079250509,288.2089555817036,275.00301937242045,286.21466064453125,14620100
2025-10-02,294.201735453789,294.40018392472103,284.7859398924857,285.85748291015625,10198000
2025-10-03,290.57035399568434,293.7453479391941,288.2188879210599,289.9056091308594,10572500
2025-10-06,297.66449814996815,304.89748231849245,297.59503815079455,300.0357971191406,15785000
2025-10-07,304.22276587496935,304.6990240193715,290.9870648531753,291.731201171875,13081000
2025-10-08,292.69363084331917,304.0044973014673,291.68161630829576,302.1391906738281,12821200
2025-10-09,299.9464865226407,300.46241017366395,295.0947331203456,297.5354919433594,10259900
2025-10-10,297.61485670728183,297.8530009389601,278.13832231340615,278.46575927734375,23398000
2025-10-13,295.9083028677765,302.24835937204824,290.0346033193896,300.52197265625,20318300
2025-10-14,293.3187078052985,299.3908555233887,289.0622394425253,293.62628173828125,16567900
2025-10-15,303.895392577868,304.21286776333625,297.7240201528247,302.3277282714844,20788000
2025-10-16,308.4990811506636,308.9356435668838,294.3704219464038,297.49578857421875,26341500
2025-10-17,296.0670304388142,300.92871499569696,292.614257300604,292.7729797363281,17633300
2025-10-20,297.654564812383,301.2760226284694,294.7375476549026,295.37255859375,13391600
2025-10-21,296.66237587176795,297.029478314998,291.3641283776369,292.2074890136719,11190500
2025-10-22,290.7092747532754,292.8920868800823,282.1765050016482,286.6214904785156,15409100
2025-10-23,287.53427914594323,291.7907476292175,287.36562519288015,288.45703125,10379900
2025-10-24,293.2591772976509,295.6205747892861,292.0884100589532,292.6539306640625,8747000
2025-10-27,296.3150795428121,298.13078913807067,291.3938664419253,295.918212890625,13615000
2025-10-28,295.9876818048232,299.7678920400173,293.7651739833993,299.1725769042969,11804200
2025-10-29,303.4091830331609,305.5522993596172,300.0159382255111,302.7047424316406,16177300
2025-10-30,300.7104452490958,304.9073851443799,298.46813498103774,300.849365234375,14507100
2025-10-31,303.59770525177265,305.2744949490037,294.3604949347826,298.0811767578125,12667900
2025-11-03,300.22429017475446,307.69541799091246,299.75796351301875,302.4765319824219,12466600
2025-11-04,294.5589289653047,299.6289632802758,291.2152812422831,291.75103759765625,16224300
2025-11-05,290.33219360566375,295.8884169785323,289.2209549868863,291.34423828125,10502500
2025-11-06,291.80068774238003,292.3364744187649,285.13322450832413,286.9786682128906,11516900
2025-11-07,282.9801478677512,285.6392179644077,274.96333266669853,284.26007080078125,15715700
2025-11-10,292.0586282373932,294.8069912783868,289.4690482012798,292.9615173339844,10869200
2025-11-11,289.77658064251733,292.61423600809553,286.6512143890135,288.8935546875,9666300
2025-11-12,291.40383761430286,292.5646734869359,287.31602273129323,288.347900390625,9715900
2025-11-13,286.9092216695595,287.2366283376572,277.810901328304,279.99371337890625,13827600
2025-11-14,273.75291717815287,284.61729103465905,271.0938768995348,282.59326171875,11486800
2025-11-17,279.23965539133576,284.28985724965776,277.6124626636006,279.8052062988281,10227100
2025-11-18,275.3800424644778,277.999416912211,270.58781776308274,275.73724365234375,11850400
2025-11-19,274.755011120154,282.32533319842275,274.15969595458324,280.1623840332031,11179200
2025-11-20,289.92542986207985,290.56044073608274,274.24896982769974,275.3304443359375,15747300
2025-11-21,270.6771063971571,276.51114005253663,264.73394728093143,272.9095153808594,20872800
2025-11-24,271.054119312442,282.831311171512,271.054119312442,282.41461181640625,13570300
2025-11-25,280.51957879068505,283.168687312,270.9449999389071,282.4543151855469,13726800
2025-11-26,286.8397618751708,290.52074784219457,285.4804776659429,287.6930236816406,12220300
2025-11-28,290.1933134527253,290.38183039735287,286.7405102489479,289.23089599609375,5515400
2025-12-01,284.6768400419305,288.88368154911774,280.97599070687,285.4308776855469,7713000
2025-12-02,289.7170732420839,292.19752763627986,286.9191134184747,289.8063659667969,10746400
2025-12-03,289.89568272362914,294.30097251523483,283.8334662155739,293.14013671875,9599200
2025-12-04,291.6816406868762,291.73123766940074,287.93119438258316,290.63983154296875,6753000
2025-12-05,293.7354210413758,298.4482847720855,290.95732400644687,292.41583251953125,10275300
2025-12-08,298.84514290641494,300.2540239771721,294.40015794900637,299.5098876953125,16643100
2025-12-09,297.6445973625877,302.29793225289956,296.1662562251443,301.0378723144531,11349100
2025-12-10,302.98254453904786,311.5252453880711,300.13498768236843,307.71527099609375,12429200
2025-12-11,303.7507581691417,304.26807460223984,298.0999588756921,303.2831726074219,15028400
2025-12-12,302.71608144218436,302.71608144218436,289.4844520085434,290.53900146484375,19306100
2025-12-15,293.6329959576229,294.2796490463091,286.07205200498913,286.2610778808594,12082400
2025-12-16,285.7835789370498,286.9773930782894,281.86382693382285,285.39556884765625,11418400
2025-12-17,287.04703993240423,287.614117587584,273.6661568096194,275.5364990234375,16823000
2025-12-18,283.5351899801831,285.6840919054254,280.30189395409326,283.2168273925781,11260300
2025-12-19,284.9080762017799,290.66832540772776,284.9080762017799,287.4648742675781,12735800
2025-12-22,293.15551451119416,293.4937633890043,289.71327581912294,291.77264404296875,6091100
2025-12-23,291.89199494157896,296.37882444082817,290.6981808430299,295.42376708984375,6802300
2025-12-24,296.2097021978008,297.62241721204856,294.70748375869647,297.2642517089844,2753900
2025-12-26,298.35858618714826,301.82071082512005,296.98567416931934,301.2834777832031,5125900
2025-12-29,300.22894787531203,302.9349691756451,297.11503019815467,299.3733825683594,6205100
2025-12-30,300.80596326630786,302.98470987914686,297.9109463420213,298.0402526855469,6190600
2025-12-31,302.43754506486727,305.8101362096284,301.8704673812959,302.328125,8175100
2026-01-02,310.3765265882512,319.93711947544307,310.0979669193405,317.96728515625,18526900
2026-01-05,328.7018245469152,329.5474618418999,319.8475742857987,320.5937194824219,17446300
2026-01-06,328.52276956882855,331.3680554544452,322.9217012206051,325.7471008300781,15599600
2026-01-07,323.0012866910015,324.62288337523376,316.90278857697325,317.04205322265625,11744800
2026-01-08,322.7227632010534,322.8321832662991,314.51516532140175,316.37554931640625,10850800
2026-01-09,318.186156924328,323.1007692434349,316.6142910064096,321.9666442871094,12325100
2026-01-12,320.4445067771578,331.8356389272924,319.40984357036973,330.0647888183594,12714800
2026-01-13,331.1591315955093,334.69090375314994,329.07987728467845,329.5076599121094,11473600
2026-01-14,328.16460730778095,328.16460730778095,323.1505332047328,325.4287414550781,11210800
2026-01-15,341.0480638104695,349.5242628055195,336.18321263410184,339.88409423828125,42188500
2026-01-16,344.7290280520938,348.0518575773862,339.70496567358526,340.64013671875,18246100
2026-01-20,339.03843525904966,340.39143063452354,325.2198117253413,325.4784851074219,22809900
2026-01-21,331.7162742776711,331.92521680778634,324.0061066799057,324.44384765625,16789800
2026-01-22,331.70633142130043,333.327928191825,325.2198228962958,325.6874084472656,12801000
2026-01-23,330.3632680425013,335.4171450220839,329.6668536862397,333.14886474609375,12904400
2026-01-26,331.07957531024965,333.3777002269528,328.53273531285805,330.9999694824219,8646400
2026-01-27,334.7704739677407,339.49606015302084,332.8404426547893,336.60101318359375,11298100
2026-01-28,341.2669389047847,343.72424514237343,336.91940410614177,340.5406799316406,12140100
2026-01-29,338.05352465035566,341.97327674069385,326.5131692249356,337.8048095703125,13844800
2026-01-30,333.6960598625758,338.1530146381896,327.4085353918609,328.86102294921875,12028100
2026-02-02,329.0600043192495,342.4309292522656,327.40853256904984,339.6054992675781,12459100
2026-02-03,343.29642714791373,345.2662309741439,328.32376245710213,334.0243225097656,12540000
2026-02-04,333.8751345918697,337.05866944832655,317.4300944641324,324.0657958984375,18176000
2026-02-05,321.16080290831286,332.85041119948266,318.00708246167767,329.0301513671875,14812000
2026-02-06,335.7653663679586,347.92256099576986,334.9197290027381,347.0570373535156,17025500
2026-02-09,346.96746792946556,357.7517493161135,346.0123802368341,353.5832824707031,14594900
2026-02-10,362.4574411737488,362.88525417859324,354.5582782923775,360.0498962402344,14622100
2026-02-11,368.17786753241796,377.629039896409,366.4965816437437,372.1672668457031,18651300
2026-02-12,377.05207106243034,378.0469314082415,320.4445234579209,366.2080993652344,16835400
2026-02-13,367.2526891184118,369.20260688741604,358.9157545960688,364.4770202636719,10468200
2026-02-17,360.0100835527605,364.317845553848,354.40901533596235,362.328125,10063800
2026-02-18,361.9898539972341,367.49146059968047,358.8560501260037,360.3981018066406,7310500
2026-02-19,357.87114996380035,360.9353063430657,355.6028696838767,358.5377197265625,6346500
2026-02-20,357.93085210246517,370.2870308906031,357.2543543574776,368.63555908203125,9009200
2026-02-23,365.1236667255391,371.5106524700655,364.57647537661296,368.1380920410156,9550200
2026-02-24,377.4499954626336,387.1797280779624,374.11720735268767,383.7673645019531,13269500
2026-02-25,388.2044166508074,388.2044166508074,382.8520635515886,385.7371826171875,10948400
2026-02-26,384.1951580425536,384.4836760415777,367.7998791031673,374.8733215332031,14535700
2026-02-27,368.2376028761936,374.74396732300823,366.7253958022188,372.6547546386719,9186600
2026-03-02,363.482134090646,371.1823732345651,362.77579179913977,367.2128601074219,12571600
2026-03-03,347.75341597792504,354.1503909697605,342.37124831361416,351.3150329589844,18580200
2026-03-04,355.5929164372393,359.2341088470799,352.7277138615793,355.6028747558594,12131100
2026-03-05,353.0759230038478,357.6224419722406,342.0329673325376,352.041259765625,16249800
2026-03-06,341.7345153172319,346.927687332115,334.95951905814144,337.1482238769531,13803000
2026-03-09,333.8751301072361,347.6041904053892,330.21405140915897,346.9078063964844,19182800
2026-03-10,346.67897287429116,351.68311901099446,342.5403503481588,345.3060607910156,12985600
2026-03-11,352.11087357884594,355.51330892089413,348.55921527458617,352.7376403808594,10683300
2026-03-12,344.15201374736165,345.10710148802195,334.6511100969132,334.9794006347656,17549400
2026-03-13,342.1523487531383,342.74924061144304,334.49191272382546,336.5711669921875,17299900
2026-03-16,339.49606979567136,342.8587023923161,338.07342688500665,338.4813232421875,11123500
2026-03-17,339.80422636727593,345.9498377627922,337.6093542809213,345.1716613769531,11434600
2026-03-18,344.97212438439857,347.1370678303785,338.5471682530561,338.7766418457031,12632600
2026-03-19,328.45082575092425,339.10586615055837,324.43024248767375,337.99847412109375,15411600
2026-03-20,335.8933840112334,336.8112479482066,325.13857128583965,328.47076416015625,17424200
2026-03-23,330.3264373947262,342.6076743711966,330.3264373947262,337.6592712402344,15857200
2026-03-24,334.785979471341,344.0742250937163,333.23958263321845,342.4480285644531,9725000
2026-03-25,345.1916191490497,349.6312345218189,342.69746005115195,346.9375305175781,12166900
2026-03-26,339.0260424773275,340.1134921176816,324.60979167775395,325.3480529785156,14560200
2026-03-27,324.07105189915274,328.790011660255,321.55695060249406,325.9765930175781,14484500
2026-03-30,326.4355412347163,328.82992777912506,313.0668246730703,315.7605285644531,15740000
2026-03-31,321.5569573535184,337.61934764620054,320.38970797374367,337.1604309082031,18488000
2026-04-01,343.0965116413069,347.8653425105511,338.9562137218917,340.692138671875,15011600
2026-04-02,326.07638551144646,341.27081394543603,326.03647044026826,338.2478942871094,8994600
2026-04-06,338.9562037807292,343.39581892266654,337.82883905569076,340.9615173339844,5884800
2026-04-07,338.64694705989115,344.7227149499429,334.8657933542661,344.5132141113281,6823500
2026-04-08,369.4248627966387,373.4254731273044,358.40066175401483,365.04510498046875,16356900
2026-04-09,362.4511920505476,367.30983960338875,359.87723322860296,364.6360778808594,9246000
2026-04-10,374.71246240799366,377.1168353024966,368.8861107224818,369.734130859375,13168200
2026-04-13,369.3949332866031,370.5921113356213,365.1947476205656,368.70654296875,9596300
2026-04-14,378.15442125299387,381.26712682827457,372.34801176649427,379.00244140625,12859500
2026-04-15,380.51888786713016,381.08756344198474,371.34037031444194,374.2236328125,14955500
2026-04-16,367.9981737410995,369.33506973188184,359.70759182167325,362.5010681152344,26405800
2026-04-17,372.32807283213566,374.7024866580013,364.286906540967,369.6343688964844,18419400
2026-04-20,368.3573563560101,369.20537650698327,363.39896703611515,365.3843078613281,11638300
2026-04-21,367.2200012207031,369.8837764053379,364.2569391372449,367.2200012207031,9808200
2026-04-22,370.91137431172075,387.0036931518485,369.7740536326661,386.5347900390625,16317200
2026-04-23,383.35224217986075,387.8517148042079,374.93195887493795,381.7659606933594,12224900
2026-04-24,395.2144730265238,408.5332577264124,392.92981485809634,401.5196838378906,21603600
2026-04-27,412.7833122399991,413.5315599359024,399.4644971636646,404.0338134765625,16561200
2026-04-28,391.2038526301569,396.94041842795855,383.80120564186564,391.42333984375,14715800
2026-04-29,391.9920175913842,394.92515107739615,387.27305769604214,392.90985107421875,10313000
2026-04-30,396.8805548572255,397.8582761473064,384.80881919042196,395.1346435546875,12788100
2026-05-01,392.52077768207715,403.0461167104827,391.21384077360295,396.74090576171875,9926400
2026-05-04,403.5748660890813,406.74745945720974,394.27666453205956,400.6716613769531,9978500
2026-05-05,403.6547204596296,405.18114463225464,391.6827566127574,393.488525390625,14579000
2026-05-06,401.4598431080775,418.719442367678,399.71393173607123,418.5198974609375,17736400
2026-05-07,417.1131700589296,419.01871118477544,407.1564763896412,413.182373046875,13403200
2026-05-08,415.97584625622636,416.025717257243,399.9433850490627,410.7181396484375,18531200
2026-05-11,405.7896903250927,406.7773980105824,397.25967856796774,403.5948486328125,14680000
2026-05-12,396.8207097656788,401.30020973210407,385.2178768500887,396.351806640625,18121800
2026-05-13,397.33948163077406,403.73450913124304,390.5553811479706,398.86590576171875,13127800
2026-05-14,402.2679401856103,420.9841194624343,401.16054818027357,416.7440490722656,18577100
2026-05-15,405.55027471857755,408.91239635591,397.8981811079678,403.4053039550781,11868600
2026-05-18,405.9293892063572,405.9293892063572,390.1363566382977,395.0249328613281,12117200
2026-05-19,388.59995521209726,397.9480581917038,384.16034005204995,391.69268798828125,14083000
2026-05-20,396.0724699406183,402.93640073945727,395.02493528427414,400.6816711425781,10254300
2026-05-21,398.57659636269995,410.4986581682928,398.57659636269995,406.19873046875,8937900
2026-05-22,408.47342232875764,409.7105459625166,401.9187648184228,403.57489013671875,7111900
2026-05-26,412.1547776294236,415.5168990579511,409.11191585695747,411.3566589355469,10132000
2026-05-27,426.0222949648963,429.5440462174616,414.4095066168901,421.7423400878906,14695600
2026-05-28,421.23352403082976,426.6009590399201,413.7410606943367,423.8673400878906,8905800
2026-05-29,426.07220654761306,429.4343280523075,416.275142560005,417.47235107421875,11232300
2026-06-01,423.88732908446804,448.34007446195545,421.5128847675093,434.6122131347656,18040400
2026-06-02,439.550621789287,447.3324162485465,434.99132221113416,445.6463623046875,10147900
2026-06-03,448.9386530451177,449.1082692608182,433.51478164674097,435.66973876953125,10245200
2026-06-04,429.6239016262129,446.96330070052613,426.3016646283289,443.8805236816406,10974100
2026-06-05,428.7658764802955,432.88623203958207,411.8255679561694,414.20001220703125,19644200
2026-06-08,422.7799063408481,432.79645773034827,421.5428131800681,425.8028259277344,11245400
2026-06-09,429.8733028229284,437.13629271417284,404.56258181002585,426.92022705078125,21199500
2026-06-10,412.9928324745404,425.3239709144749,406.74747878276156,407.7950134277344,13139700
2026-06-11,413.260009765625,422.25,408.8599853515625,421.07000732421875,13826500
2026-06-12,420.04998779296875,426.94000244140625,417.2099914550781,423.92999267578125,10362500
2026-06-15,438.67999267578125,442.5799865722656,431.92999267578125,441.3999938964844,11184900
2026-06-16,436.0199890136719,440.3299865722656,425.20001220703125,425.8299865722656,10943500
2026-06-17,434.75,442.5,431.6400146484375,432.1499938964844,10934100
2026-06-18,438.8800048828125,465.2200012207031,438.3900146484375,462.1199951171875,25817100
2026-06-22,476.0899963378906,476.7900085449219,465.1700134277344,467.6700134277344,13686200
2026-06-23,439.17999267578125,447.3299865722656,434.19000244140625,436.3900146484375,20364500
2026-06-24,433.9800109863281,443.8599853515625,432.5799865722656,440.8299865722656,9991200
2026-06-25,452.8999938964844,452.8999938964844,432.44000244140625,434.989990234375,14769500
2026-06-26,425.0,436.1300048828125,419.19000244140625,432.3500061035156,17974100
2026-06-29,437.0,456.1000061035156,431.0899963378906,455.1000061035156,14881400
2026-06-30,455.6099853515625,479.0,453.0,477.57000732421875,15074300
2026-07-01,467.6700134277344,468.510009765625,443.4700012207031,444.2300109863281,18534800
2026-07-02,450.5400085449219,461.4700012207031,429.5,434.1600036621094,18375000
2026-07-06,447.7799987792969,460.0299987792969,445.6000061035156,451.7900085449219,12788500
2026-07-07,438.0199890136719,439.79998779296875,428.1099853515625,432.57000732421875,14898400
2026-07-08,429.0,440.489990234375,428.75,436.9800109863281,11411200
2026-07-09,446.7300109863281,447.69000244140625,436.3900146484375,436.9599914550781,11455600
2026-07-10,438.6700134277344,439.6600036621094,428.1000061035156,434.1099853515625,9595100
2026-07-13,433.82000732421875,437.989990234375,420.2900085449219,421.5799865722656,14329800
2026-07-14,430.8699951171875,431.05999755859375,418.8599853515625,420.3900146484375,14279000
2026-07-15,425.75,428.8900146484375,410.75,419.4800109863281,17012300
2026-07-16,405.2900085449219,415.95001220703125,403.5,409.739990234375,24891300
2026-07-17,392.1199951171875,404.70001220703125,386.0199890136719,398.3699951171875,20986500
2026-07-20,407.7099914550781,409.8900146484375,400.0799865722656,402.29998779296875,11653600
2026-07-21,418.739990234375,425.3999938964844,413.55999755859375,424.6099853515625,18210100
2026-07-22,414.9100036621094,424.80999755859375,414.2099914550781,421.2099914550781,10259500
2026-07-23,415.8399963378906,420.8399963378906,411.79998779296875,415.5799865722656,11048800
2026-07-24,411.3500061035156,412.9200134277344,400.79998779296875,403.4100036621094,11525100
2026-07-27,406.0799865722656,407.42999267578125,388.79998779296875,399.0899963378906,17932300
2026-07-28,385.0,395.3599853515625,381.29998779296875,392.30999755859375,18276300
2026-07-29,388.0799865722656,391.25,372.7200012207031,374.6700134277344,21700200
2026-07-30,392.489990234375,406.7699890136719,387.6000061035156,403.30999755859375,17474200
2026-07-31,419.5,420.3500061035156,398.79998779296875,404.25,11956100
2026-08-03,400.5899963378906,407.44000244140625,398.20001220703125,406.1099853515625,12676900
2026-08-04,418.0,420.25,412.1099853515625,417.1700134277344,13929100
2026-08-05,419.32000732421875,426.29998779296875,413.07000732421875,414.0,12790400
2026-08-06,409.5400085449219,423.9100036621094,407.989990234375,418.20001220703125,10628900
2026-08-07,424.7900085449219,424.7900085449219,413.1000061035156,420.0400085449219,9159600
2026-08-10,420.3399963378906,425.8800048828125,416.0,418.4700012207031,11776100
2026-08-11,424.20001220703125,424.8999938964844,418.8699951171875,422.05999755859375,9703600
2026-08-12,432.6499938964844,433.2799987792969,427.0199890136719,429.1499938964844,9534200
2026-08-13,429.1499938964844,436.0400085449219,428.3900146484375,430.489990234375,8194000
2026-08-14,429.20001220703125,429.2699890136719,424.1000061035156,426.3500061035156,6324700
2026-08-17,429.9700012207031,435.7099914550781,426.79998779296875,430.9700012207031,9479400
2026-08-18,417.0,419.6300048828125,410.7699890136719,413.4100036621094,14030100
2026-08-19,418.1300048828125,419.6000061035156,407.8800048828125,412.0899963378906,8424700
2026-08-20,408.6000061035156,417.9599914550781,407.7200012207031,416.0,10447900
2026-08-21,423.0199890136719,425.67999267578125,416.70001220703125,418.95001220703125,8947200
2026-08-24,413.8699951171875,414.3399963378906,405.1499938964844,410.1199951171875,10645600
2026-08-25,414.5899963378906,419.7699890136719,414.0299987792969,417.4100036621094,7049800
2026-08-26,418.45001220703125,420.75,414.4100036621094,417.69000244140625,7449300
2026-08-27,423.0199890136719,429.6400146484375,420.5299987792969,427.29998779296875,12749800
2026-08-28,427.489990234375,429.1199951171875,417.32000732421875,417.5199890136719,8896900
2026-08-31,417.2300109863281,423.79998779296875,414.6000061035156,415.32000732421875,6748000
2026-09-01,417.79998779296875,418.6199951171875,412.07000732421875,414.0,7920800
2026-09-02,413.20001220703125,416.5,411.2699890136719,415.5,6301000
2026-09-03,413.2900085449219,417.29998779296875,407.82000732421875,417.010009765625,7827800
2026-09-04,421.8800048828125,429.82000732421875,419.4200134277344,428.9100036621094,12276300
2026-09-08,438.0199890136719,444.2900085449219,433.7200012207031,439.0,13079900
2026-09-09,434.4599914550781,439.3999938964844,431.8699951171875,435.3599853515625,7499300
2026-09-10,426.44000244140625,432.5299987792969,424.04998779296875,428.0299987792969,8368100
2026-09-11,431.54998779296875,435.3699951171875,428.8999938964844,433.239990234375,10629200
