Date,open,high,low,adj_close,volume
2016-09-12,56.33850260332557,56.94226874012274,56.24112000969678,56.66960144042969,10889000
2016-09-13,56.13074229521062,56.13723578742781,55.23483353948622,55.31922912597656,13214300
2016-09-14,55.20887586738476,55.72175289009074,54.70898087869727,54.923221588134766,13957000
2016-09-15,54.9686540704218,55.60488256552165,54.871271500864864,55.234832763671875,9062600
2016-09-16,54.864788700350495,55.2153630155735,54.24803566403671,54.553165435791016,21538400
2016-09-19,54.910244070687405,54.93621309394476,54.4103490408817,54.423336029052734,7929100
2016-09-20,54.358396572186024,54.50121871956746,53.58583450317383,53.58583450317383,17522000
2016-09-21,53.76762703736699,54.28699755021617,53.436528211598535,54.07925033569336,15055900
2016-09-22,54.715483866295536,54.89077355100892,54.131193172392905,54.235069274902344,10738500
2016-09-23,53.676738079179415,54.73494968196797,53.61830654361797,54.17662811279297,12667100
2016-09-26,54.222060009487926,54.85828849326342,53.83902818328706,53.923423767089844,10860300
2016-09-27,53.61828022780319,54.10518798847593,53.42352009538322,54.04026794433594,9595000
2016-09-28,54.183107581399696,56.630633933159395,54.10520053851156,56.4163932800293,28117900
2016-09-29,56.46183987235973,56.61115551864428,55.624357704883764,56.130741119384766,19082900
2016-09-30,56.37744694316446,57.00718202677977,56.25410029547473,56.66310119628906,15961500
2016-10-03,56.44236894176668,56.61116012494564,56.182683721305104,56.5137825012207,7111200
2016-10-04,56.72800989760376,56.80591693822888,55.877545754715086,55.99440383911133,8222000
2016-10-05,56.37094339791781,56.591672568879055,56.286542871188175,56.48130798339844,8796200
2016-10-06,56.64361969099024,56.78644680247518,56.11776073787144,56.507286071777344,7718300
2016-10-07,56.448860336074155,56.74100808127454,56.10477950662194,56.31252670288086,6614900
2016-10-10,56.83188920158972,57.56549530203196,56.81241367859049,57.41617965698242,10060000
2016-10-11,57.18245745558674,57.25387100112211,56.676074098577914,56.96172332763672,9309000
2016-10-12,56.62415877324064,56.94876412740681,56.267090902423995,56.56572723388672,8172600
2016-10-13,56.05932983143297,56.39692209013322,55.46205731598902,56.19566345214844,9890300
2016-10-14,56.60466604547054,56.83188873372958,56.143727176978445,56.18267822265625,7991700
2016-10-17,56.143727176978445,56.34498085042458,55.87754848995848,56.18267822265625,7263100
2016-10-18,56.5916859591192,56.69556203103162,56.07880899849002,56.332000732421875,5429300
2016-10-19,56.604661787658635,57.03313811713375,56.403403176268085,56.5916748046875,9373400
2016-10-20,56.344993236610286,56.805932206429496,56.22164162740366,56.61766052246094,6866900
2016-10-21,56.10477786578048,56.36446309178033,55.63734544959749,56.234622955322266,10736200
2016-10-24,56.312523961932726,56.6890672846629,55.87755406485663,56.42289352416992,8354900
2016-10-25,56.267078963626126,56.90330750215353,56.22163442180871,56.29954147338867,6835900
2016-10-26,55.994395725909456,56.77344620695011,55.79963062910821,56.539730072021484,8488100
2016-10-27,56.663110020338934,56.909813260304816,56.351491653024176,56.42939376831055,9071100
2016-10-28,55.36467485474533,56.065823436766514,54.62457522475077,55.040069580078125,19072200
2016-10-31,54.455776612462806,54.79336885645284,53.87797964614318,54.092220306396484,16663800
2016-11-01,54.209101612132535,54.4817689584471,54.05978094929248,54.30648422241211,13050600
2016-11-02,54.079250475331065,54.455788897380465,53.84553423925389,54.17662811279297,11226100
2016-11-03,54.32592453306372,54.4557646272012,53.91692377875678,54.31294250488281,8836500
2016-11-04,54.29349818269986,54.7479487209276,53.72868794874942,54.254547119140625,13877100
2016-11-07,54.85181775103328,55.488046498684525,54.79339115795659,55.475059509277344,13576200
2016-11-08,55.49472291415711,56.2151773943746,55.33752902989739,55.874595642089844,9735200
2016-11-09,55.049314895505084,56.79150352024008,54.79388124374673,56.4902229309082,15901300
2016-11-10,56.2675490066377,57.62986038699508,56.1038092015856,57.01420211791992,14106100
2016-11-11,56.67361685515975,56.80461168888409,55.59948420332999,56.1103515625,13812200
2016-11-14,55.86802141580091,56.0972561350052,55.23271019619037,55.85491943359375,12607500
2016-11-15,56.17585053777334,57.02074853777942,56.17585053777334,56.86355972290039,12883500
2016-11-16,56.81117001586796,56.8373689883003,56.051419803102256,56.16276168823242,8201200
2016-11-17,56.61468183180101,56.90286051743411,55.684635855381494,55.822181701660156,8200500
2016-11-18,55.80907248975289,56.0972561350052,55.56018979417996,55.85491943359375,8457800
2016-11-21,56.61466257700033,56.77840234151323,56.41817286080843,56.64740753173828,8861500
2016-11-22,56.77841302098548,57.13863757250399,56.30684161097973,56.7718620300293,9390200
2016-11-23,56.680182949363875,57.03386159924961,56.52954009967534,56.9290657043457,5996300
2016-11-25,56.791534260314506,57.0731670284056,56.68019235121769,57.0600700378418,5042300
2016-11-28,56.948708411221425,57.066601283598274,56.568835819734105,56.63433074951172,7449600
2016-11-29,55.94661894260143,56.378894453913475,55.72393519212622,56.26100158691406,9181100
2016-11-30,57.37442895901427,57.76085751262365,57.11244426118557,57.17794418334961,22696200
2016-12-01,57.62331093439014,57.96388750980457,57.13863754272461,57.13863754272461,13005600
2016-12-02,57.10589334585564,57.629857699421876,56.7194648255438,57.00764846801758,9706600
2016-12-05,57.236861796012,57.518494342201315,56.92903029239343,57.29581069946289,11741100
2016-12-06,57.15826686629403,57.55124624414847,56.7849404548846,57.34820556640625,11293600
2016-12-07,57.394078744273344,57.734660361258584,57.112446059703586,57.6822624206543,11182600
2016-12-08,57.66916767584832,58.19313211143227,57.40718295958493,57.846004486083984,9086700
2016-12-09,58.055577075117384,58.291362762451165,57.754296473955684,58.29136276245117,8021700
2016-12-12,59.03802742279551,59.92877241805424,59.03802742279551,59.58819580078125,15545400
2016-12-13,60.184222929874366,61.0553201899572,59.71265133052293,60.636146545410156,18829300
2016-12-14,60.42653010471892,60.43307609815291,59.05766293884072,59.32619857788086,16325400
2016-12-15,59.011817519567295,59.58818476085837,58.7891338104806,59.52923583984375,11155100
2016-12-16,59.94186862292764,60.04011351024488,59.365506279311745,59.71918487548828,20560400
2016-12-19,59.85016135725054,59.95495721282974,59.07730941164891,59.22140121459961,9674400
2016-12-20,59.280352794644536,59.50303650233805,59.13626098522325,59.22795486450195,7221000
2016-12-21,59.391707304814844,59.535799144941976,59.064227667050524,59.129722595214844,7308000
2016-12-22,58.959416927961044,59.53578414323776,58.959416927961044,59.516136169433594,8003100
2016-12-23,59.529235465195214,59.575082404832855,59.28689878600101,59.41134262084961,4266500
2016-12-27,59.489958982442616,59.67334680100159,59.3262191448802,59.43756103515625,4960600
2016-12-28,59.39170498169139,59.673337659030274,59.11662329599551,59.142822265625,6745900
2016-12-29,59.01183542166106,59.33931509103426,58.96598846782654,59.175575256347656,6684700
2016-12-30,58.96597248966356,59.40479392844868,58.95287550509256,59.116615295410156,9117800
2017-01-03,59.56198579562317,59.82396545409183,59.04456747534672,59.52923583984375,10360600
2017-01-04,59.67987712802217,59.699525102215134,58.78258132999131,58.87427520751953,9434200
2017-01-05,59.07077971237028,59.14282563371866,57.92460095975514,57.996646881103516,14443200
2017-01-06,58.15380205580403,58.27824584737658,57.5184911153714,57.963863372802734,16518100
2017-01-09,57.78050051169918,57.78050051169918,56.68671986422582,57.00764846801758,13762300
2017-01-10,57.09280306978519,57.184496975383276,56.26755791940244,56.28065490722656,13283100
2017-01-11,56.261007128567165,56.948711423016405,56.234808155881986,56.857017517089844,11183700
2017-01-12,57.15829908927593,57.23034501603576,56.37234988436904,56.54918670654297,10407000
2017-01-13,56.50334240780464,56.771878146880525,56.43784747047551,56.55574035644531,8415600
2017-01-17,56.70638331612646,57.236898805515935,56.49024552528503,57.21725082397461,13237300
2017-01-18,57.020739753889316,57.249979444912796,56.35923463624456,56.50987243652344,11831700
2017-01-19,56.30684948466266,56.39199239123113,55.40300249011464,55.49470138549805,16382900
2017-01-20,55.95970689777746,56.30028342987412,55.70427324946962,56.25443649291992,18739700
2017-01-23,56.11690643509613,56.24789628093924,55.50779415773533,55.651885986328125,11433900
2017-01-24,55.65843927376583,55.979367907180226,55.56019438685948,55.7304801940918,11858100
2017-01-25,55.89421081542969,56.24788935196847,55.83526689114407,55.89421081542969,9578500
2017-01-26,56.1234554571823,56.21514934544353,55.750128912992395,56.06450653076172,8779400
2017-01-27,55.86801719279003,56.16274680992548,55.69772641556377,56.005558013916016,10947900
2017-01-30,55.946597990504394,55.966245961488994,55.134450209182866,55.5798225402832,12789200
2017-01-31,55.69774621675566,55.717394198624206,54.4467714037272,54.944541931152344,19128100
2017-02-01,55.01656647452441,55.12136233300783,54.06032675210019,54.32231140136719,15111800
2017-02-02,54.499164159913356,54.708750941444784,54.06689360916737,54.65635299682617,12200100
2017-02-03,54.82010004916789,54.83320203552039,54.2961355247731,54.715309143066406,12746300
2017-02-06,54.7218453012105,54.787340224386284,54.31576878241289,54.56465148925781,9938200
2017-02-07,54.512242123810864,54.76767574509142,54.00136988430893,54.21095657348633,11705200
2017-02-08,54.19116410677673,54.277090635898986,53.64918655844749,53.85408401489258,14006300
2017-02-09,53.85404334813264,54.23078349306139,53.85404334813264,54.09197998046875,9603000
2017-02-10,54.369615181682896,54.70669522497686,54.28368866494698,54.54145812988281,8739800
2017-02-13,54.70668330017186,54.97767449752148,54.4290862511563,54.85870361328125,9071600
2017-02-14,54.79922643402582,54.924803183089196,54.2374163401958,54.73973846435547,11370500
2017-02-15,54.62075118182621,54.977663764870975,54.501780320811285,54.964447021484375,11768500
2017-02-16,54.93801151682299,55.13629293434214,54.31010775476029,54.396034240722656,10615000
2017-02-17,54.257236427914854,54.32333528337524,53.827624123230464,54.039127349853516,15646000
2017-02-21,54.27705842491561,54.29688606059649,53.73508119822537,54.125038146972656,16419600
2017-02-22,53.966415377882825,53.999459758529824,53.45087664755671,53.49053192138672,12917400
2017-02-23,53.8144111062114,54.34317178026825,53.556641664333455,54.05235290527344,13847000
2017-02-24,53.933366714166716,54.06555936651847,53.378172702191584,53.58967590332031,11338700
2017-02-27,53.62273511856471,54.006086352483536,53.411231858925966,53.89372634887695,13465900
2017-02-28,53.88712391107495,54.19115957935775,53.56987149314345,53.74832534790039,16834200
2017-03-01,53.99947380437172,55.07682275490097,53.99947380437172,54.871925354003906,17482100
2017-03-02,54.72651745013707,55.68489040141605,54.719906555659044,55.05699157714844,14170300
2017-03-03,55.05699592177295,55.25527738804544,54.36960907823044,54.50179672241211,12190400
2017-03-06,54.48857989907717,54.792615514379406,54.41587518208801,54.7463493347168,9617200
2017-03-07,54.931420296475466,55.05039120664861,54.29029956068881,54.54145812988281,12711500
2017-03-08,54.429072806219565,54.44890044158935,53.54340480881169,53.55662155151367,16817700
2017-03-09,53.298865087754265,54.01269038938616,53.08075096070538,53.97964096069336,14721800
2017-03-10,54.48857158783907,54.50839922715079,53.64255869297488,53.93998336791992,11355200
2017-03-13,53.86727296553691,54.158091758380266,53.569848322044635,53.814395904541016,9571400
2017-03-14,53.536808037966296,53.6888283536236,53.16667863307539,53.53019714355469,11335700
2017-03-15,53.768144124700754,54.237416820685816,53.56986265685892,54.19776153564453,11970300
2017-03-16,54.217572395903964,54.32993236383182,53.97963067403683,54.24401092529297,9923800
2017-03-17,54.21758917816518,54.36960950854913,54.07879063788526,54.19776153564453,18834100
2017-03-20,54.01269681527132,54.2242000732172,53.82763209489811,54.19776153564453,7700300
2017-03-21,54.30350994291892,54.42908667981408,53.93337549868164,54.08539581298828,13387700
2017-03-22,54.17131497550491,54.257236427914854,53.82101322915749,54.039127349853516,11168400
2017-03-23,53.95320809579949,54.343170216286396,53.84084809465264,54.105228424072266,8928000
2017-03-24,54.21759078324343,54.21759078324343,53.63595806733225,53.68883514404297,9128500
2017-03-27,53.41784507980749,53.82102397395978,53.398017436264865,53.70205307006836,8481200
2017-03-28,53.74828925142071,54.21095081795325,53.51034757645172,54.09197998046875,11028600
2017-03-29,53.99285894851737,54.38281595794113,53.90032660585294,54.210968017578125,8495500
2017-03-30,54.217583012152666,55.433730389009035,54.15810009135557,55.32136535644531,44704900
2017-03-31,55.030561667733444,55.06360606003319,54.105232958532326,54.204376220703125,21750400
2017-04-03,54.21096150289825,54.40263705899311,53.768127481558686,54.24401092529297,11438700
2017-04-04,54.26385908244205,54.475362354903616,53.754931066487465,54.442317962646484,9270900
2017-04-05,54.759541644254476,55.222208277039506,54.50838321569103,54.548038482666016,13809100
2017-04-06,54.69346272759165,54.99749828990381,54.50178714735766,54.86531066894531,9554900
2017-04-07,55.01732554734217,55.096641144948066,54.6471961771169,54.7000732421875,8909600
2017-04-10,54.93802381697039,55.169354710519464,54.80583113306001,54.94462966918945,8885300
2017-04-11,54.911587617826406,54.97107054614186,54.475359306304405,54.75295639038086,8576500
2017-04-12,54.76617772830257,55.090040990383436,54.66042357754571,54.83888244628906,9516100
2017-04-13,54.673646299343034,54.68025719453685,53.91355471639137,53.99287033081055,8667900
2017-04-17,54.09861984611095,54.17793546112446,53.827633652760355,53.920166015625,9577200
2017-04-18,53.748308535264165,54.07878264210731,53.55663294817898,53.569854736328125,8821400
2017-04-19,53.64917114072349,53.87389618003469,53.07414935944368,53.19972610473633,10764400
2017-04-20,53.50377761983662,54.02592752591836,53.33854049927797,53.54343795776367,11649100
2017-04-21,53.49054297982987,53.536809156407784,53.186507384798574,53.33191680908203,9816700
2017-04-24,53.72186467466001,53.8011802677861,53.41121823820892,53.60950469970703,8729700
2017-04-25,53.821015877296055,54.15149000031945,53.72187263186205,54.01930236816406,10733800
2017-04-26,53.8805152678775,54.41588693980671,53.79459378497757,53.801204681396484,9445900
2017-04-27,53.58307072387084,53.73509102962751,53.49714927265553,53.70865249633789,12385300
2017-04-28,54.50181259310982,54.521640241247255,53.90695793580239,53.96644592285156,12072200
2017-05-01,53.87387404334771,54.336535636182646,53.85404640974524,54.23739242553711,8664100
2017-05-02,54.29028736376446,54.587712051059555,54.1316612000494,54.230804443359375,9102900
2017-05-03,54.17791493074084,54.90495681029891,54.138259659578985,54.660404205322266,10289000
2017-05-04,54.38943720507151,54.43570338521075,53.80119361074313,53.95981979370117,16164500
2017-05-05,53.95319862835085,54.35637742537494,53.93998188338499,54.210968017578125,10213000
2017-05-08,54.19775576696263,54.819048727202684,54.19775576696263,54.7859992980957,8097100
2017-05-09,54.83225860781139,54.858697139259675,54.30350310674848,54.40264129638672,8647100
2017-05-10,54.78961482818746,54.95641223745346,54.4760348843269,54.649505615234375,9520300
2017-05-11,55.10319617130733,55.1832607696753,54.77627463591519,55.11654281616211,10047300
2017-05-12,54.969770010397255,55.18327055364516,54.8763638408672,55.07652282714844,7480200
2017-05-15,55.376764044028604,55.49685843472225,55.14324858719519,55.24332809448242,10881500
2017-05-16,55.31003825097358,55.53021211783205,55.00979977155171,55.07652282714844,9574200
2017-05-17,55.076518225930336,55.40343979197375,54.68287360986439,54.70288848876953,11151100
2017-05-18,54.55610431180569,54.809639677793406,54.32258891438587,54.542762756347656,9905800
2017-05-19,54.70956777100903,54.769612414264756,54.50274054612205,54.662864685058594,13028500
2017-05-22,54.78294748820507,54.92973003882657,54.662853136810526,54.90304183959961,9218700
2017-05-23,54.92304494285525,55.30334279237301,54.86966855584338,55.09651565551758,6857200
2017-05-24,54.98977466939708,55.06983926707795,54.71622953526444,54.90304183959961,8136000
2017-05-25,54.929734037931304,55.18326431366513,54.38930687218383,54.542762756347656,12370900
2017-05-26,54.44935440100938,54.5761220788897,53.92894722482192,54.409324645996094,8227100
2017-05-30,54.229179435794165,54.269209189971754,54.069055328830224,54.10908508300781,8973600
2017-05-31,54.002335848298316,54.00900408030366,53.68875587543021,53.708770751953125,13572300
2017-06-01,53.6220211257837,53.97563074092466,53.501926814013956,53.84218978881836,9884100
2017-06-02,53.76882611784891,53.82887584966155,52.881467509877496,53.04159164428711,21687300
2017-06-05,53.001556726448854,53.63538496908203,52.97486852493481,53.45524597167969,11527100
2017-06-06,53.5753398230623,54.25587113929952,53.52196342054262,54.18247985839844,12208600
2017-06-07,54.075721203862585,54.309236554827635,53.602012090151206,53.98231506347656,13096500
2017-06-08,53.98230775016002,54.0957287495125,53.70208427671268,53.788822174072266,11720700
2017-06-09,54.14245202777749,54.80296848913147,53.83554533775186,54.796295166015625,13553900
2017-06-12,54.79629753536256,55.83711710551246,54.79629753536256,55.33005142211914,18172900
2017-06-13,55.276660612320505,55.556879039238616,55.08984832770843,55.35005187988281,12175500
2017-06-14,55.249982733044504,55.25665605595622,54.41599552796774,54.756263732910156,13714000
2017-06-15,54.562772827476714,54.97643227378537,54.42933692363699,54.883026123046875,11862600
2017-06-16,55.116541582878114,55.73702820814861,54.84299136226533,55.70366668701172,39726100
2017-06-19,55.70367088127202,55.70367088127202,55.0765159767547,55.21662521362305,10445700
2017-06-20,54.7562653425214,55.023142274041845,54.315922732228636,54.91638946533203,13232600
2017-06-21,54.7362541941352,55.12989375001041,54.13578232985108,54.335941314697266,11422300
2017-06-22,54.34258670312755,54.42932460221621,53.97563550551005,54.09572982788086,8139900
2017-06-23,53.94227910468911,54.50272102562305,53.882234482938756,54.449344635009766,10611200
2017-06-26,54.42266176067352,54.542756106168795,53.982319220693036,54.20248794555664,7718700
2017-06-27,54.342602873951385,54.52942027898269,54.115760803222656,54.115760803222656,9221600
2017-06-28,54.31590227534897,54.54941759363572,54.16911976378239,54.39596176147461,9189700
2017-06-29,54.28921061555965,54.602785399942796,53.64870931620496,53.84218978881836,20525100
2017-06-30,54.09574760899206,54.20249532493584,53.84221223939941,53.86223220825195,14000600
2017-07-03,53.90226998171031,55.03649071984404,53.85556689461668,54.77628707885742,8422300
2017-07-05,54.49605998409309,54.49605998409309,53.72211741656258,53.942291259765625,9830800
2017-07-06,53.9489649740546,54.09574753725486,53.43522600285368,53.45524597167969,9822400
2017-07-07,53.50861838069803,53.77549531105208,53.248414773422695,53.52196502685547,10777800
2017-07-10,53.375188403016274,53.648738686903954,53.348500197984215,53.48194122314453,6338300
2017-07-11,53.59534702255458,53.87556546025365,53.401861408832886,53.77548599243164,9681100
2017-07-12,54.16913045350851,54.38929917405425,53.875565372443276,54.01567459106445,7974000
2017-07-13,54.0223388671875,54.102398355706484,53.86221479989721,54.0223388671875,5582300
2017-07-14,54.04236707600822,54.31591730329492,53.888911201389455,54.22917938232422,7497200
2017-07-17,54.04238078622957,54.329272640927165,53.92895972722829,53.948974609375,7914700
2017-07-18,54.05570443013071,54.095739271411425,53.64872341742674,53.77548599243164,8046100
2017-07-19,53.66874610417565,53.955637905552805,53.555319976000376,53.942291259765625,9393200
2017-07-20,54.02236590408286,54.36930240522059,53.87558331466714,53.948974609375,9681000
2017-07-21,53.808855733796335,53.9356183281706,53.37518136713755,53.45524597167969,12268600
2017-07-24,53.415207103876185,53.52195990189739,53.21505324296678,53.28844451904297,9403000
2017-07-25,53.88891178716892,54.07572918576923,53.55531692504882,53.55531692504883,11465300
2017-07-26,53.762149025725265,53.97564953317619,53.50861367357793,53.622039794921875,10465100
2017-07-27,53.53530285853526,53.96230388129547,53.30846079217989,53.92894744873047,11149700
2017-07-28,53.141668410756004,53.32180741644316,52.220943232065096,53.108306884765625,22800800
2017-07-31,53.261753874862784,53.63537847028076,53.108298007314204,53.40186309814453,12820200
2017-08-01,53.481933451972196,53.73546372755574,53.355165769053485,53.48860168457031,10421200
2017-08-02,53.308455262933194,53.80217418986772,53.24173731446958,53.77548599243164,10410100
2017-08-03,53.60201937092731,53.922272674502956,53.575336261695114,53.70209884643555,10136700
2017-08-04,53.66875284032489,53.748812364080784,53.40854920760912,53.515296936035156,8292200
2017-08-07,53.48860945671157,53.48860945671157,53.28178223053137,53.48194122314453,7893800
2017-08-08,53.38852524228165,53.52196625564934,53.26176264240007,53.34849548339844,9028400
2017-08-09,53.541985140705314,53.60870310725341,53.22840509864923,53.515296936035156,8087100
2017-08-10,53.73085883346371,53.74432970579279,53.158251677013865,53.19866943359375,12580300
2017-08-11,53.36034800200262,53.38729488746667,52.67995327791545,52.68669128417969,10192400
2017-08-14,52.96289815866254,53.077418578332725,52.62606976697843,52.700172424316406,8862500
2017-08-15,52.62604493482357,52.71361842508534,52.32963444533609,52.57215118408203,10350900
2017-08-16,52.572193824886654,52.65976738617851,52.080421944782856,52.188209533691406,9117100
2017-08-17,52.046726573098326,52.060197447875446,51.33938486685042,51.373069763183594,13400400
2017-08-18,51.31916973045281,51.94567069290354,51.231596206090465,51.629051208496094,14324300
2017-08-21,51.514523523679905,51.61557304650095,51.25179784810052,51.45389175415039,10084900
2017-08-22,51.56842747164379,52.093878926569865,51.55495145815719,51.69641876220703,9503600
2017-08-23,51.66946757925255,51.878304654187104,51.51452941419023,51.60884094238281,7054300
2017-08-24,51.5347321855691,51.63578170796905,51.332633140769204,51.42021179199219,8678300
2017-08-25,51.57514248047826,51.95912649839688,51.48756898151137,51.68292999267578,6844900
2017-08-28,51.804202776962484,51.83114966250377,51.37306288748768,51.514530181884766,8229700
2017-08-29,51.33938809507755,51.52801119137935,51.25181455453569,51.50106430053711,7060400
2017-08-30,51.35957410991747,51.501041369154024,51.23831572491591,51.265262603759766,8218000
2017-08-31,51.37978889927688,51.527994180184514,51.23158875796146,51.42021179199219,15641700
2017-09-01,51.447172244615764,51.770524634078484,51.41348734839968,51.58190155029297,7361100
2017-09-05,51.62904931799303,52.11408296659347,51.608840439233475,51.99282455444336,12784800
2017-09-06,52.47112460592556,53.367089329898256,52.26229265507223,53.0706787109375,18574400
2017-09-07,53.23235195950816,53.441189038441564,52.956155375824885,53.23908996582031,9836400
2017-09-08,53.22560686619675,53.24581574089806,52.969614081068876,53.09761047363281,8436000
2017-09-11,53.49509760050092,53.50183046908171,53.151531137889975,53.38731002807617,12955800
2017-09-12,53.48834519403249,53.68370626176819,53.3805576506226,53.55570983886719,7644400
2017-09-13,53.55570955045869,53.73759460449219,53.47486889333662,53.73759460449219,8369700
2017-09-14,53.79148697652742,54.04747981429123,53.73759320651475,53.953163146972656,9072600
2017-09-15,53.97336307450062,54.03398969524238,53.5893790576951,53.93967819213867,16043700
2017-09-18,53.751069218814315,53.98684803812877,53.69043744265186,53.953163146972656,8594400
2017-09-19,53.93295342844964,54.155261371596275,53.88579766532091,54.040740966796875,9277100
2017-09-20,54.08117889891493,54.33717182819165,54.067708021392555,54.26306915283203,10606900
2017-09-21,54.222636365122625,54.24958325485397,53.73086976140824,53.818443298339844,11984200
2017-09-22,53.70389761586955,54.09461962383521,53.67021273464824,53.838626861572266,10205800
2017-09-25,53.912745969207165,54.56619380375989,53.87906621728154,54.5527229309082,10496600
2017-09-26,54.3708337163545,54.56619478356532,54.26978417957745,54.49209213256836,8755100
2017-09-27,54.4920940318919,54.869340166775984,54.42472938489019,54.85586929321289,9724500
2017-09-28,54.99060755074915,55.543005969553754,54.94345177620219,55.36785888671875,15581700
2017-09-29,55.19943250935703,55.28026802528687,54.95691568238185,55.22637939453125,9944000
2017-10-02,54.76830915453957,55.1186084883373,54.73462425300767,54.9906120300293,6777900
2017-10-03,54.842395768161204,55.21964188480641,54.76829311816406,55.07817459106445,6082000
2017-10-04,55.105111418108386,55.152267174081665,54.86932749865006,55.09837341308594,6357100
2017-10-05,55.05122106506709,55.40152025404078,54.963642413129485,55.25331497192383,7375900
2017-10-06,55.084908573355875,55.16574923124262,54.80871198653052,55.044490814208984,6070600
2017-10-09,55.13205913066134,55.36110506990641,55.07817050342058,55.26005554199219,7489900
2017-10-10,55.46889718160342,55.738360923384654,55.30048298543932,55.415008544921875,7218500
2017-10-11,55.34762233509292,55.738339211908674,55.33414632647674,55.64402770996094,7023700
2017-10-12,55.44868890623754,55.57668534139065,55.35437736652266,55.5295295715332,6647500
2017-10-13,55.73164133645502,55.96742023935034,55.48238641648306,55.51607131958008,7180000
2017-10-16,55.71141217653559,55.87982636708085,55.6036297671751,55.78551483154297,5734000
2017-10-17,55.66424299188159,55.893288908404145,55.603616364903026,55.88655090332031,6444100
2017-10-18,55.88656416548151,56.17623677772338,55.603629559922425,55.751834869384766,6367100
2017-10-19,55.47561284144352,55.94717548450072,55.46214197259792,55.738338470458984,7945500
2017-10-20,55.812469086996735,56.00109218297404,55.65753088941276,55.98762130737305,9574100
2017-10-23,56.01454579896458,56.42547672498867,55.94044316380667,56.075172424316406,9829900
2017-10-24,56.28401537825678,56.45916240741908,56.122334081132905,56.23012161254883,7551200
2017-10-25,56.21665728980878,56.405285509005935,55.87982889348975,56.02803421020508,9153300
2017-10-26,56.162756975210065,56.351380015595545,55.98760480645539,56.23012161254883,9154500
2017-10-27,55.91351186657501,56.748844821640134,55.246593103879086,56.391807556152344,14866200
2017-10-30,56.39179165577014,56.553467795771816,56.189697765666004,56.27727127075195,7811100
2017-10-31,56.35137576977987,56.37158464549961,56.02801833948798,56.14927673339844,9754200
2017-11-01,56.17622295679313,56.546736139292314,56.08864944983512,56.49958038330078,9430000
2017-11-02,56.31770554298767,56.391808199643165,55.85288586166801,56.27054977416992,7775500
2017-11-03,56.1964548045193,56.34466013810302,56.02130771900583,56.0347785949707,6903500
2017-11-06,56.11559590968762,56.49957995976655,55.953914627849834,56.418739318847656,9276700
2017-11-07,56.41201213864354,56.46590590959769,55.93371648550947,56.304229736328125,8471800
2017-11-08,56.15601896959848,56.25033048979121,55.8191906433123,56.23012161254883,8691600
2017-11-09,56.115614366301905,56.68148362007478,55.967409045667985,56.56696319580078,10528800
2017-11-10,56.43778231143725,56.48537449836278,56.036643718356906,56.39019012451172,8693700
2017-11-13,56.19301346370807,56.492162089707726,56.1590168259733,56.35618591308594,6720400
2017-11-14,56.03664150969408,56.261006890853736,55.812276128534414,55.91426086425781,9251700
2017-11-15,55.581119777831574,55.812280354960905,55.173185991206,55.2139778137207,9663600
2017-11-16,54.690453875786716,54.969206591300114,54.49328479059012,54.772037506103516,10527200
2017-11-17,54.608858786295016,54.84002448234583,54.50007889598016,54.554466247558594,9536400
2017-11-20,54.54768233226546,54.82643507331325,54.39810541343827,54.7652473449707,8468600
2017-11-21,54.86043413956298,55.24117163184224,54.82643749754121,54.98281478881836,8838400
2017-11-22,55.17998004944411,55.349952873370945,55.10519159194359,55.139183044433594,7941600
2017-11-24,55.37035121960308,55.54711922951358,55.22077429801792,55.35675048828125,3851300
2017-11-27,55.288745904212696,55.34313843896003,55.08477649248898,55.14596939086914,9127500
2017-11-28,55.34995014622848,55.75108350109532,55.281956870280695,55.52671813964844,9794600
2017-11-29,55.513109811346844,55.9618352437345,55.39752956830915,55.93463897705078,9725000
2017-11-30,56.05702440597811,56.702924124177045,56.0298333241127,56.628135681152344,18592700
2017-12-01,56.73013309371889,57.19925457471223,56.029845867853666,56.74372863769531,13779300
2017-12-04,56.57374689789648,57.23324220079871,56.43097036641635,56.81850814819336,12597700
2017-12-05,56.70973227175641,56.9544883522439,56.233805279262874,56.35618591308594,9357200
2017-12-06,56.32898215471899,56.5669430257636,55.89385222276373,55.941444396972656,13398900
2017-12-07,56.023057205485365,56.172634156268025,55.86667988771435,56.12504196166992,11359600
2017-12-08,56.084228386741444,56.36298629219221,55.92785630230306,56.19981384277344,11988600
2017-12-11,56.45817823454588,56.600954795354326,56.254208755014204,56.451377868652344,8760700
2017-12-12,56.356187190229925,56.68933246151409,56.22700618850068,56.26780319213867,11307000
2017-12-13,56.16582718678531,56.63495389779065,56.07744317496731,56.5125732421875,10172700
2017-12-14,56.4513715163437,56.655340972923284,56.35618715318222,56.36298751831055,9492400
2017-12-15,56.53976706379043,56.62135070587563,56.342597950152296,56.451377868652344,26582300
2017-12-18,56.55336259580507,56.88650790428379,56.369794213994965,56.39019012451172,9363500
2017-12-19,56.45136909193571,56.546553451009316,55.97544729656768,56.050235748291016,10285100
2017-12-20,56.15902439237867,56.52616634331355,56.104631839538094,56.34259796142578,10620300
2017-12-21,56.66893119625583,57.294429863215385,56.40377403988911,57.00887680053711,13578100
2017-12-22,57.029276450241944,57.124460810715924,56.83890772929398,57.09046936035156,10161400
2017-12-26,57.08366260783092,57.35562011610716,57.042870797094785,57.09726333618164,4777200
2017-12-27,57.10407637660247,57.17886484445286,56.934103529153354,57.04288864135742,7000600
2017-12-28,57.097274854512115,57.144867039024454,56.97489421045765,57.12446594238281,7495300
2017-12-29,57.1108615615156,57.24683772846542,56.866100311279304,56.8661003112793,8523400
2018-01-02,56.98848936438823,57.926737504278776,56.879709452172634,57.8111572265625,11469300
2018-01-03,57.89956208808206,59.130164031676195,57.66839628292158,58.946590423583984,13957700
2018-01-04,59.007768000356045,59.30012147403086,58.76300671136507,59.02816390991211,10863000
2018-01-05,58.9805564880371,59.068940468999735,58.2734690788628,58.98055648803711,11047600
2018-01-08,58.9465850931142,59.25253934988066,58.87859698733053,59.2457389831543,10927100
2018-01-09,59.10975661624995,59.252533179675744,58.912587498997354,58.994171142578125,8131600
2018-01-10,59.150534518489316,59.27971550663871,58.457047775449745,58.5250358581543,10822300
2018-01-11,58.71541700510119,59.402108716375984,58.42306351908592,59.10295486450195,14366000
2018-01-12,59.286531929946705,59.82364679396326,59.27293638339695,59.50409698486328,9834500
2018-01-16,59.653667731894906,59.667268464190975,58.87859198012386,59.13015365600586,10882800
2018-01-17,59.286517790692656,59.973209438787634,59.10294942666984,59.8304328918457,10546000
2018-01-18,59.67405069451473,59.95960895201413,59.381697259501316,59.44289016723633,9223700
2018-01-19,59.538074585528584,59.6672555786461,58.88537962957839,59.25252151489258,13090000
2018-01-22,59.266128080105545,60.02760826392237,59.18454443741189,60.00041198730469,10270400
2018-01-23,60.000411926808276,60.14318848853759,59.65366588423173,60.03440856933594,10281800
2018-01-24,60.16357292415354,60.45592635778882,59.83722804163319,60.19076919555664,10316100
2018-01-25,60.20437756098173,60.4219425726434,59.96641145281134,60.08199691772461,11271900
2018-01-26,60.26555370195152,60.51031494140626,60.14997344641957,60.51031494140625,10514400
2018-01-29,60.231544468042266,60.71427166893063,59.796414619406725,59.83721160888672,9315700
2018-01-30,59.517676253268725,60.08878237126784,59.00095748901367,59.00095748901367,12408000
2018-01-31,58.85136906347591,59.47007242390127,58.69499702296999,59.3544921875,14404700
2018-02-01,59.490489403347425,60.68029919141437,59.388504669795594,60.557918548583984,17971000
2018-02-02,57.879140378547724,58.47744799970845,56.430973880086455,57.47120666503906,29822100
2018-02-05,56.62133876615232,57.104060899615874,53.11989802026843,54.200927734375,30452700
2018-02-06,53.378255287964286,54.62925250590374,52.283630128688365,53.26947021484375,36262800
2018-02-07,53.330665934810554,53.99016121078685,52.297228434159635,52.310829162597656,21994500
2018-02-08,52.65078664505792,52.74597101699018,51.69213737282111,51.71933364868164,25650800
2018-02-09,52.371828586087325,52.5298049321011,50.7577470481957,52.04901123046875,29491600
2018-02-12,52.92131663020764,53.31281738470665,52.09023102484787,52.48860168457031,19340400
2018-02-13,52.26880943840696,52.71525893344068,52.0146805992324,52.40618133544922,11926600
2018-02-14,52.055868368688174,52.653424087244616,51.63002352142037,52.51605224609375,17188400
2018-02-15,52.62596112742521,52.68090463559644,51.82235009303326,52.34435272216797,14432400
2018-02-16,52.30313061487396,52.969369610624746,52.09707548044803,52.57099914550781,13722400
2018-02-20,52.52292862991425,53.20977219983032,51.829215157042846,52.02840042114258,13387300
2018-02-21,52.076497651736794,52.50234270194,51.4239981259729,51.4377326965332,11715000
2018-02-22,51.71934630708452,52.777081271867225,51.64379306099963,52.10397720336914,14020200
2018-02-23,52.26193894914925,53.31281429901464,52.165781242395866,53.25099563598633,13378800
2018-02-26,53.395218501049506,54.212564039018474,53.27158644690463,54.1507453918457,16940400
2018-02-27,54.26062700825353,54.85818263519585,53.23036193847656,53.23036193847656,14629500
2018-02-28,53.68369162481355,53.745505025841126,51.99405196725761,52.02152633666992,17087800
2018-03-01,51.8772944031184,52.66716556274045,51.41711046532316,51.650634765625,15696700
2018-03-02,51.43773281353637,52.11084205697544,51.15612957468909,51.89105224609375,15630300
2018-03-05,51.67123882383107,52.58473669651139,51.59568561959585,52.38555145263672,14891000
2018-03-06,52.66030146396645,52.87322655911101,52.10395978352669,52.32374954223633,10754300
2018-03-07,51.51328306727541,51.678124105834094,50.52422635551904,51.00502014160156,27255500
2018-03-08,51.16985798436386,51.35530348613518,50.613516238848106,50.90885925292969,19299800
2018-03-09,51.389644210046306,51.55448522689465,50.97066914373063,51.211063385009766,19714100
2018-03-12,51.42397185886149,51.911630087796254,51.300339826159735,51.6781005859375,14226700
2018-03-13,51.73993340640029,52.07648532760657,50.998141006834416,51.19045639038086,13739700
2018-03-14,51.26601874404033,51.36904635792331,50.503621737589235,50.551700592041016,14820700
2018-03-15,51.06683127330292,51.51328075454939,50.89512033745442,51.11491012573242,15640600
2018-03-16,51.07369664440269,51.595699310302734,51.07369664440269,51.595699310302734,32109700
2018-03-19,51.51327468320008,51.520144587080864,50.73027332723154,50.92945861816406,12744800
2018-03-20,50.97755265856228,51.30723478028235,50.792101879917254,50.819576263427734,13003200
2018-03-21,50.98440691146775,51.95285374192009,50.81269599739736,51.540748596191406,15418500
2018-03-22,51.1149158393782,51.307231270593306,50.407467543035835,50.4830207824707,17737000
2018-03-23,50.69593613786489,50.97067468930445,49.912934672393455,50.06404113769531,20157300
2018-03-26,50.58603703939966,50.92945887233489,49.96787669207599,50.82643127441406,15032700
2018-03-27,50.82643944527571,51.43772998695542,50.33191108791636,50.620384216308594,15821900
2018-03-28,50.64785144019164,50.833302168100296,49.98848213694163,50.00908660888672,18163900
2018-03-29,50.36624428806704,51.43771866639777,50.31816544391632,51.24540328979492,14882900
2018-04-02,51.01188951998054,51.101182572610675,49.562653843428734,50.290706634521484,17891100
2018-04-03,50.44866374120392,51.60943118069608,50.2082695129603,51.527008056640625,15999200
2018-04-04,50.86076918698826,51.55447742973342,50.44179418403886,51.423980712890625,13122200
2018-04-05,51.55447512097387,52.419899460136136,51.52700075018454,52.213844299316406,14200000
2018-04-06,51.95284796371819,52.28253518775403,50.97753133792152,51.423980712890625,14299600
2018-04-09,51.664374917812246,52.05587554874193,51.3759018719063,51.423980712890625,11103100
2018-04-10,52.25507707593254,53.41583952380556,52.24133726554695,52.93505096435547,19006100
2018-04-11,52.96250702460844,53.60127174132338,52.71524292522198,53.18229675292969,13734000
2018-04-12,53.477642529284054,53.669957896744805,52.89382652372084,53.038063049316406,13270400
2018-04-13,53.436436200808544,53.70430479574213,53.29906433148299,53.463905334472656,10925000
2018-04-16,53.65623665500455,54.31560603869682,53.37462819686197,53.94470977783203,10743600
2018-04-17,53.944693518672665,54.09579993942925,53.601271740662426,53.80045700073242,10478100
2018-04-18,54.288122541962686,54.78265080672913,54.219439225234275,54.4117546081543,12061400
2018-04-19,54.48041948971587,54.82384119735155,54.13012788067165,54.549102783203125,11291500
2018-04-20,54.48043657226313,54.53538532036208,53.80046284519198,54.26064682006836,12072200
2018-04-23,54.2056997784325,54.67275367157495,54.08893761519719,54.65214920043945,11729800
2018-04-24,54.810108410014955,54.899396170420445,53.55318366170915,53.81418228149414,14102000
2018-04-25,53.711173690543596,54.686495698889594,53.223515306471306,54.60407257080078,13867500
2018-04-26,54.6727793180532,55.565678580917606,54.62470044944996,55.538204193115234,14554400
2018-04-27,52.85261029478605,54.02024750082285,52.52979822061289,53.429561614990234,16346800
2018-04-30,53.51198183046205,53.958425931908025,53.39521444804362,53.40208435058594,15028800
2018-05-01,53.06554427564705,53.06554427564705,52.18638520216185,52.85261917114258,16231000
2018-05-02,52.50919616684151,53.04493862806227,52.40617380910801,52.749595642089844,13883700
2018-05-03,52.46797157829485,52.61907797818056,51.78799801900888,52.57099914550781,12243100
2018-05-04,52.28940670599156,53.03806903112988,52.15890997204004,52.81827926635742,9887200
2018-05-07,53.39522171020508,54.31559488864442,53.16169739400763,53.39522171020508,15071500
2018-05-08,53.43642486049823,53.6836889326087,52.45423847411494,53.63560485839844,17430400
2018-05-09,54.246914680283915,55.1123339206587,54.226304968673894,54.8994140625,17142100
2018-05-10,55.38708317661487,56.176954588435166,55.2909254645883,56.128875732421875,17710300
2018-05-11,56.323141400025904,56.871248484333954,56.135816208503435,56.392520904541016,14751000
2018-05-14,56.683903161080956,57.114064445776286,56.62146321135763,56.77410125732422,11852100
2018-05-15,56.78798360353945,56.91286881514011,56.47577322119595,56.74635696411133,12595700
2018-05-16,56.72552872103046,56.92673291419402,56.316180798852194,56.905914306640625,9570000
2018-05-17,57.03081349087968,57.086319204689886,56.50352508963139,56.80879592895508,11224100
2018-05-18,56.57983869814146,56.75329006718136,56.37863447485729,56.40638732910156,10030900
2018-05-21,56.70472530961533,57.134881327838926,56.55902149787061,57.0863151550293,8822400
2018-05-22,57.1973309478421,57.343029477410475,56.44108014962576,56.64228439331055,10753400
2018-05-23,56.16355447137308,57.05162997932167,55.899910280565294,56.996124267578125,15140900
2018-05-24,56.44107603757413,56.44801557466216,55.46974728456883,55.69176483154297,13360500
2018-05-25,55.004905000174986,55.03959739616397,54.179274674148544,54.60943603515625,14562000
2018-05-29,54.22089705577012,54.62330548775666,53.79073577054498,54.40822219848633,14644800
2018-05-30,54.984069765711126,56.65614307161701,54.963256453739575,56.54513168334961,16627500
2018-05-31,56.06642854906316,56.579848501567355,55.98317526522101,56.36476516723633,15803100
2018-06-01,56.80185411052864,57.134877762350726,56.57983657820875,56.77410125732422,9906100
2018-06-04,56.92674036983026,57.25976402789165,56.06641778432122,56.17742919921875,10954700
2018-06-05,55.913785370835505,56.64922283536462,55.78890545646301,55.97623062133789,12059300
2018-06-06,56.53128586920276,56.95450243969833,56.10806400539023,56.93368911743164,11603300
2018-06-07,57.39853502651139,57.787064437576745,57.280584061024065,57.502601623535156,13502500
2018-06-08,57.66218061699092,58.04377579299199,57.23895880117752,58.00214385986328,14350400
2018-06-11,58.08539275773395,58.133958927197654,57.53728582046329,57.65523147583008,10831600
2018-06-12,57.662183979925906,58.10621914154221,57.114076919392765,57.18345642089844,12351800
2018-06-13,57.19731360673265,57.30831970799433,56.52432158372897,56.55207443237305,12049300
2018-06-14,56.85043870845304,57.10020917494079,56.545162517564194,56.81574630737305,11477300
2018-06-15,56.69778873501665,56.76716822932465,55.858284679262745,55.96235656738281,23797500
2018-06-18,55.78198237712525,56.46190903590331,55.71260286200961,56.07337951660156,9192600
2018-06-19,55.42814276666154,56.17051473184002,55.30325751582226,55.9901237487793,8759700
2018-06-20,56.09417364945201,56.288438342636155,55.691765188818636,55.816650390625,8917700
2018-06-21,55.51830799992908,55.76807837738625,55.03958585423228,55.28935623168945,10990700
2018-06-22,56.3092584066741,56.85042586402382,56.142741271092625,56.461891174316406,16012200
2018-06-25,56.04560541774595,56.3647553010149,55.01877627910944,55.32404708862305,10557200
2018-06-26,55.60851167245289,56.2051848236519,55.48362647119459,55.9484748840332,10382800
2018-06-27,56.23988600342921,57.22509407927593,56.23988600342921,56.690860748291016,12725900
2018-06-28,56.704719260562264,56.94061056238333,56.21905229095934,56.87123107910156,9390700
2018-06-29,57.204266677676436,57.9605174955321,57.093260539877114,57.398536682128906,17323200
2018-07-02,56.81573297212749,56.98224481293152,56.42026404189545,56.72554016113281,9998300
2018-07-03,57.294452195640666,57.898059516383,56.94754948962683,57.058555603027344,7197300
2018-07-05,57.301400488775755,57.42628570529498,56.9267501325346,57.10713577270508,9035700
2018-07-06,56.864303675794424,57.37771831360402,56.65616518153905,57.12101364135742,7637100
2018-07-09,57.454045673633914,57.676063275662834,57.28059425663266,57.5164909362793,7158600
2018-07-10,58.07151739790894,58.36291972664017,57.93969795425862,58.04376983642578,8806200
2018-07-11,57.60666386920137,57.953566583377764,56.91285844084858,57.301387786865234,10405300
2018-07-12,57.592806161515156,57.75237849030989,57.10713905014896,57.37078857421875,9762200
2018-07-13,57.363815568474294,58.10618693912822,57.28055703681932,57.80091094970703,8720000
2018-07-16,57.25280412376915,57.44013449643811,56.892027740327556,57.231990814208984,8306900
2018-07-17,57.07244866958761,57.41241192271129,56.9198105945845,57.10713577270508,7373300
2018-07-18,56.753299728663656,57.11407630862507,56.53821639498447,57.04469680786133,8711900
2018-07-19,57.030802429796665,57.322204724124866,56.697778798157564,56.898983001708984,8659100
2018-07-20,56.697801911128195,56.843500471029,56.37171238945228,56.47578430175781,9196300
2018-07-23,56.857374255788315,56.89206665766261,56.32314620281868,56.47578430175781,8425900
2018-07-24,56.55902980676578,57.59973819984402,56.531282241068986,57.592803955078125,11121000
2018-07-25,57.59280550698816,58.09928064100986,57.245902699947685,57.995208740234375,9523600
2018-07-26,58.16172850368538,58.55719750969068,57.84257854211242,58.44618606567383,13210100
2018-07-27,56.17742340279999,57.155686252397636,56.066411999356674,56.8365364074707,18220800
2018-07-30,56.98224985743189,56.98224985743189,55.99704721325951,56.711666107177734,11282800
2018-07-31,56.64226722048033,56.996109424049045,56.50350827057457,56.55207443237305,11716800
2018-08-01,56.121931006793254,56.14968386423389,55.65708255462429,55.775028228759766,8936300
2018-08-02,55.42809557199567,55.6848053949539,55.122819598025174,55.44197463989258,8364300
2018-08-03,55.48361620594858,55.712573248114516,55.247719627964464,55.6431884765625,7811100
2018-08-06,55.677884404491884,55.80276959058971,55.32404216166218,55.62931823730469,10041800
2018-08-07,56.13581301214813,56.60759573331445,55.71952542212699,56.38557815551758,10698100
2018-08-08,56.21212041922775,56.35782423529621,55.747271995210454,56.010921478271484,7275000
2018-08-09,56.01091847477465,56.13580367233942,55.58075717353695,55.72645568847656,9828500
2018-08-10,55.73347661369656,55.74048238149986,55.27785035450758,55.670387268066406,12954300
2018-08-13,55.69141387397831,55.90170455693183,54.976435178181944,55.06755828857422,10308500
2018-08-14,55.36896913199602,55.425047357517805,54.731096697405945,54.89231491088867,8005900
2018-08-15,54.520796801770736,54.60491412582237,53.63057785085473,53.93199157714844,16307800
2018-08-16,54.170317419198675,54.74510577910965,54.114239201667566,54.675010681152344,11519900
2018-08-17,54.91334216395698,55.01848749840628,54.5348275166017,54.857269287109375,10178400
2018-08-20,54.85726070535262,55.37597083346564,54.794171375387066,55.2427864074707,8152100
2018-08-21,55.41102930699071,55.78253818439152,55.14466041533443,55.25681686401367,9192200
2018-08-22,55.4530615444744,56.111967028396705,55.389972232142156,56.04887771606445,10098200
2018-08-23,55.76851507188803,55.81758218043033,55.305883098191245,55.43205642700195,7203900
2018-08-24,55.740476938076085,56.11199116402987,55.67038183148788,55.810577392578125,6545200
2018-08-27,56.01386432588374,56.406401252831344,55.978814094014325,56.35733413696289,6671900
2018-08-28,56.48349162511126,56.65172092543683,56.217122772690004,56.27320098876953,8823400
2018-08-29,56.385368751631304,56.80594476091695,56.147038959357175,56.679771423339844,8004800
2018-08-30,56.3923640173684,56.623682651167805,56.1610507314821,56.434425354003906,7450900
2018-08-31,56.24515779677076,56.3993702058356,55.91570498611636,56.19609069824219,10700000
2018-09-04,56.36434882890469,56.560617304830565,55.943767411446515,56.28023147583008,8855000
2018-09-05,56.00685823636574,57.07932911368028,55.79656752210543,57.0302619934082,13878400
2018-09-06,56.85499822985432,57.2265070380407,56.31525477999223,56.39937210083008,13320600
2018-09-07,56.182075864405654,57.42978671347803,55.95075724238765,57.35969161987305,16417800
2018-09-10,57.64709789377308,57.997578799604725,57.24054410742317,57.27558898925781,10817900
2018-09-11,57.45082886292158,58.31301423565664,57.21951018390557,58.081695556640625,11891900
2018-09-12,58.35504855444858,58.726557317207345,58.088685092901876,58.270931243896484,11556300
2018-09-13,58.28497416280647,58.35506927253,57.48587814654729,57.70317459106445,11162700
2018-09-14,57.77325272694772,58.28495703862696,57.668107419297186,58.12373352050781,9442600
2018-09-17,58.17982722683,58.607414336691626,58.17281611167593,58.46722412109375,8403300
2018-09-18,58.81067680333585,58.9718949696344,58.49524088803075,58.62141418457031,9219900
2018-09-19,58.62842578840099,59.42051044402703,58.62842578840099,59.3223762512207,10413600
2018-09-20,59.48361314674081,59.82007178406892,59.259305605884194,59.45557403564453,11198200
2018-09-21,59.58876518119266,59.88316785895882,59.24529004255126,59.7009162902832,26639400
2018-09-24,60.135492806863326,61.04673962509634,60.08642571163472,60.703269958496094,13549500
2018-09-25,61.00468366710614,61.23600226523815,60.54205181875442,60.633174896240234,12200700
2018-09-26,60.296715923916835,60.63317985306166,60.06540265478703,60.12848663330078,10275500
2018-09-27,60.34579803778446,60.54907759898341,59.99531714218228,60.121490478515625,7895400
2018-09-28,59.756983886739654,60.23363804837446,59.57473235049048,59.595760345458984,9884900
2018-10-01,59.827090521296654,60.30374477483593,59.7640065242278,60.149532318115234,8566900
2018-10-02,60.14250501474784,60.75233815970346,60.01633171787558,60.60513687133789,8453100
2018-10-03,60.64019452507904,60.90655802984436,60.268685702041374,60.387847900390625,10206700
2018-10-04,59.93224116267762,60.338800339444454,59.75700069144172,59.988319396972656,10204600
2018-10-05,59.79904417759136,60.07241882767036,59.53268064231055,59.820072174072266,9217400
2018-10-08,59.434546538631366,60.500006029673195,59.33641232292674,60.37383270263672,13242400
2018-10-09,60.549061692929314,60.89954249646125,60.10044669224144,60.64019012451172,10177900
2018-10-10,60.79439955732167,60.85748353187084,59.23125289701716,59.245269775390625,16573400
2018-10-11,58.83871630605544,58.99993447344496,56.89704974883011,57.198463439941406,20320100
2018-10-12,57.56996781451694,57.64707400968674,56.26617895717025,57.044246673583984,15216300
2018-10-15,57.044262619334724,57.296609265354704,56.65172576904297,56.65172576904297,10558800
2018-10-16,56.4344308590854,56.967157927912744,56.08394999110832,56.9180908203125,9781800
2018-10-17,56.73584297237106,57.1423967030075,56.3152616646775,57.128379821777344,12247700
2018-10-18,56.91808826948777,57.80831262908515,56.91808826948777,57.373714447021484,17448600
2018-10-19,57.2405321169636,57.801298240079234,57.13538679765658,57.457828521728516,12098700
2018-10-22,57.47885388539248,57.60502719320376,56.52554563702124,56.88303756713867,9474100
2018-10-23,56.11899515320038,56.39938091858393,55.17970898926622,55.96478271484375,15465100
2018-10-24,56.16805947289616,56.2591879171726,54.35958233916715,54.40864944458008,16085700
2018-10-25,55.01848824435574,55.41103047509433,54.49276691289531,54.89231491088867,12315500
2018-10-26,54.583891749921406,54.96241172524395,53.94601400967964,54.34556198120117,18160100
2018-10-29,54.72409205402655,54.97643875080374,53.42731368598048,54.00911331176758,15707000
2018-10-30,54.40865455265447,55.39700786816596,54.26845898980305,55.22176742553711,17758200
2018-10-31,55.6142932503261,56.32226599522716,55.305873769190384,55.852622985839844,16629100
2018-11-01,55.95776843431596,56.602651853043504,55.586259624568854,56.546573638916016,14159300
2018-11-02,57.310626616232184,57.79428652333996,56.23815613589302,57.44380569458008,19350400
2018-11-05,57.8293249808097,58.088682666577995,57.086307486327485,57.226497650146484,15815000
2018-11-06,57.29661091453651,57.54895756781984,57.0232362647985,57.47185134887695,9063200
2018-11-07,57.62606681420971,58.2779614781207,57.240541047154906,58.20085525512695,12699800
2018-11-08,58.27095347832027,58.70555172680063,57.15642676477446,57.27558898925781,16865500
2018-11-09,56.829495806493284,57.636692278074065,56.4258975707029,57.261417388916016,15070100
2018-11-12,57.82080081804704,57.87036533225528,56.454230181017806,56.5250358581543,11906600
2018-11-13,56.50379083014335,56.539190965226645,54.974362378404926,55.22926712036133,15530200
2018-11-14,55.83820819973969,56.00106071330778,54.34418521634495,54.79734802246094,18552100
2018-11-15,54.28753441401178,55.363800048828125,53.74940699872997,55.363800048828125,18976000
2018-11-16,55.49124323016743,56.07185827316152,55.300062009914534,55.909000396728516,13704900
2018-11-19,55.55498008757204,56.19224197174765,55.53373892512065,56.09311294555664,9430800
2018-11-20,55.526638238244644,55.866512930618065,54.075103465667965,54.499942779541016,15533700
2018-11-21,54.82567395233623,55.49833600496132,54.70530375801419,54.917720794677734,9685300
2018-11-23,53.848544088917876,53.95474990908609,52.89264849038654,53.452022552490234,10875400
2018-11-26,53.98307939297704,54.747793797803794,53.89811472719259,54.50705337524414,13741100
2018-11-27,54.216735286432076,54.83983282243186,54.09636509234013,54.556610107421875,10344500
2018-11-28,54.54952489883858,55.547897338867195,54.40790814704701,55.54789733886719,11482100
2018-11-29,55.38502721595685,56.31259368621087,55.36378606047394,55.979801177978516,10255200
2018-11-30,55.54788224403409,56.36216078864801,55.45583543197783,56.29135513305664,14040100
2018-12-03,56.81533448698681,57.67917769827979,56.744528817661845,57.50924301147461,19415100
2018-12-04,57.622527783026726,58.02612601797193,56.18515170773285,56.241798400878906,18540700
2018-12-06,55.22927094754959,55.540822409780475,54.464556668688445,55.50541687011719,23218100
2018-12-07,56.21349517336137,56.90032171772912,54.75487741662355,54.9743766784668,16224700
2018-12-10,55.13013299464286,55.13013299464286,52.96344829073691,54.19548416137695,17946200
2018-12-11,55.01685864180134,55.087669734163434,53.58656425140997,54.29463195800781,15742400
2018-12-12,55.25758897265157,55.37087696482601,53.82728958129882,53.82728958129883,14559800
2018-12-13,53.834385825726464,54.676988108940826,53.777739113784975,54.50705337524414,13749700
2018-12-14,54.32293203363613,54.42914322453302,53.168778709149166,53.5157356262207,12669300
2018-12-17,53.289162907777126,53.529903270833515,52.028803590302005,52.42531967163086,15464100
2018-12-18,52.135021484892704,52.297879428701386,50.71180933349549,50.980873107910156,18681200
2018-12-19,51.29948334006611,51.88009841881547,49.77714268140829,50.11701202392578,21679600
2018-12-20,49.62844721744517,50.032050868202596,48.18399430812102,48.594669342041016,28723700
2018-12-21,48.24772525907569,49.8267183652672,47.914932626685975,48.23356628417969,47287300
2018-12-24,47.34848184880609,47.81580365068653,46.33594497558361,46.3855094909668,14262800
2018-12-26,46.85990781638036,48.615917610190124,45.77656539531031,48.60175323486328,24887700
2018-12-27,47.96449041998975,48.81417465209961,46.7891011917749,48.81417465209961,22077000
2018-12-28,48.9841087162179,49.26733678999458,48.02113650665288,48.268959045410156,19710600
2018-12-31,48.3751736656308,48.962871014861086,47.907851902694276,48.28312683105469,15807000
2019-01-02,47.68834551247927,49.472678655177376,47.624622029874665,49.3452262878418,16727200
2019-01-03,49.564728160859026,49.74174504714781,48.40349781897475,48.58759689331055,13866100
2019-01-04,49.30981822414934,50.46396625654938,49.11156019670649,50.37900161743164,16043600
2019-01-07,50.44981153997181,51.05166786037423,50.08869558687974,50.640987396240234,10844200
2019-01-08,51.36322724031684,51.398627381031076,50.938387736854295,51.009193420410156,11439000
2019-01-09,51.40571932216869,51.40571932216869,50.73305709758665,51.27826690673828,13473500
2019-01-10,51.030417210785565,51.03749939736807,50.35775534283702,51.016258239746094,13151100
2019-01-11,50.87464723023622,50.902970577620465,50.322355461558786,50.78260040283203,9790100
2019-01-14,50.42149260740447,50.825090918994235,50.357769117108354,50.71887969970703,11012400
2019-01-15,50.94546189146805,51.2357722018129,50.499381246199604,50.7472038269043,10298300
2019-01-16,50.570180246659326,51.24992440772148,50.4922923884216,50.725955963134766,12595600
2019-01-17,50.40731166202925,51.221584716693506,50.201971501473814,51.07289123535156,10141700
2019-01-18,51.88010848865399,51.89427286524821,51.072911890842256,51.68185043334961,15759200
2019-01-22,51.25701461468549,51.483596037155365,50.754287252396935,50.90298080444336,15035600
2019-01-23,50.98794150339727,51.19328172389701,50.22322731714853,50.48521423339844,13187200
2019-01-24,50.343600224521694,50.95962091943217,50.01788980948186,50.55602264404297,11272500
2019-01-25,51.030422939786504,51.172034274581584,50.65514804066599,50.78260040283203,8996200
2019-01-28,50.28695802999658,50.47105711659669,49.826718416686845,50.44273376464844,13678400
2019-01-29,50.76843646669499,51.11539342355496,50.61266615792507,50.633907318115234,10513200
2019-01-30,50.818004857743894,51.384461049355906,50.633911187277604,51.18620300292969,11524700
2019-01-31,51.186183796829496,52.03586236330418,50.995002607991715,51.887168884277344,19876700
2019-02-01,53.04841746319848,54.160083256893756,52.62357803033193,53.75648498535156,22968700
2019-02-04,53.643200600739085,53.643200600739085,52.68022827363922,52.97761535644531,15483800
2019-02-05,53.23252224231672,53.55823268919404,53.11215204714779,53.5228271484375,12786700
2019-02-06,53.51575455930329,53.65028374004991,53.197120873884735,53.2891731262207,10866900
2019-02-07,53.06966632980089,53.2396064493226,52.32619856487065,52.87849044799805,14418900
2019-02-08,52.80690368287239,53.02883983721728,52.06949797847247,52.96440887451172,11959500
2019-02-11,52.89279545468173,53.13621398424269,52.54915283449105,53.05030059814453,10434800
2019-02-12,53.751909735101314,54.01679976781925,53.565766807334185,53.98100662231445,12599200
2019-02-13,54.10987921757852,54.797169945963475,54.05976443932445,54.58955001831055,13214600
2019-02-14,54.59671503875904,54.8759267479836,54.20295213492871,54.6038703918457,12772900
2019-02-15,55.0835525541331,55.67061383371417,54.947524361586765,55.63481521606445,14330300
2019-02-19,55.52741147203538,56.18606982852233,55.448658901826086,56.00708770751953,13551500
2019-02-20,56.05721371153191,56.422333378800786,55.84243293846626,56.22187423706055,12633100
2019-02-21,55.992769887810354,56.31494100479067,55.56321386060449,55.713558197021484,10266000
2019-02-22,56.35073976261371,56.52256109817676,55.570380206100985,56.14311981201172,9519300
2019-02-25,56.15027508321537,56.450963756286434,55.98560911723766,56.20038986206055,9274400
2019-02-26,56.329265205015766,56.651430905837636,56.1216452454698,56.31494903564453,10990600
2019-02-27,56.47245471976515,57.09531466427784,56.31495499161608,56.89485549926758,12398200
2019-02-28,56.88053801259823,57.095318826252914,56.35075225758045,56.57984924316406,14597900
2019-03-01,56.83041426289128,57.2742919921875,56.579840327845886,57.2742919921875,15419400
2019-03-04,57.44611247814601,57.66805407052017,56.56552331073588,57.4962272644043,18089900
2019-03-05,57.36019787215275,57.5606569938933,57.095302340080515,57.41031265258789,13745500
2019-03-06,56.45097005792066,56.830411348977144,55.74220226024719,56.758819580078125,18633600
2019-03-07,56.95212662039324,57.46043530936891,56.7874606266198,57.38884353637695,16541700
2019-03-08,56.479619267031346,56.78746885137577,56.02142529899819,56.56553268432617,16211300
2019-03-11,57.25996831586257,57.481904420364295,57.023710581463135,57.11677932739258,11060900
2019-03-12,57.35304458064493,57.68953192003537,57.19553940373007,57.2742919921875,11320000
2019-03-13,57.696664144743806,57.81837611763369,57.41745252017867,57.78257751464844,10260200
2019-03-14,57.847048307963234,57.92580091168327,57.5248770758077,57.58931350708008,9976700
2019-03-15,57.40314888715711,57.6680444056139,57.34587329471762,57.38167190551758,25316400
2019-03-18,57.589291538579666,58.169191888301455,57.589291538579666,58.0474853515625,9840600
2019-03-19,58.40547217811888,58.70616095993573,57.73249736558317,57.89716339111328,13936500
2019-03-20,57.8112279084604,58.64886296477469,57.6751997419799,58.21930694580078,13133600
2019-03-21,57.854192722770556,58.627396979205265,57.84703736895142,58.55580520629883,10117000
2019-03-22,58.15488162180477,58.30522596987198,57.489067816306225,57.61793518066406,12497700
2019-03-25,57.27428227653043,57.58929257692373,56.98074895805463,57.21700668334961,11320400
2019-03-26,57.51054532085429,58.1835144856162,57.40315493923325,57.961578369140625,9472800
2019-03-27,57.968738701946116,58.212151800299395,57.145419732506994,57.5177001953125,7258700
2019-03-28,57.29576468583819,57.839871948394595,57.28860387048698,57.804073333740234,7412300
2019-03-29,58.22647574752373,58.333866132523625,57.61793751532679,57.8470344543457,10889200
2019-04-01,58.15488359415628,58.54864105375295,58.047493209865614,58.512847900390625,10816400
2019-04-02,58.527167449371824,58.67035099529395,58.06897354789843,58.262271881103516,7646000
2019-04-03,58.541471553233265,58.541471553233265,57.710997326268775,57.918617248535156,8562900
2019-04-04,58.07612954805344,58.7634203432722,57.82555017031495,58.741943359375,9360600
2019-04-05,58.81352511252757,59.08557596574087,58.6703361407568,59.05693817138672,10059100
2019-04-08,59.18581181755556,59.56525307447798,59.12853622274804,59.42206954956055,9108200
2019-04-09,59.07843167206696,59.12139110666157,58.520008181257744,58.656036376953125,8561600
2019-04-10,58.648863245075425,58.76341443046987,58.283743631358206,58.39112854003906,10324300
2019-04-11,58.37680604025007,58.75624724203072,58.004520190204495,58.67033386230469,9115100
2019-04-12,59.28603435259065,59.28603435259065,57.68951693673799,57.93292999267578,16638700
2019-04-15,57.91145678067077,58.033163316558436,57.64656126541432,57.7396354675293,8536100
2019-04-16,57.85419583992304,58.24079798897031,57.7682878926475,58.13340759277344,7005700
2019-04-17,58.383986223169494,58.49137115582664,58.04749886857077,58.298072814941406,8311400
2019-04-18,58.39113197191781,58.58443574310689,58.04032850470621,58.083282470703125,9493900
2019-04-22,58.61308111262663,59.57958370711794,58.44841511819819,59.350486755371094,10770600
2019-04-23,59.55810340612677,59.77287871400179,59.19297828200679,59.69412612915039,10595100
2019-04-24,59.4292431539682,59.479357944684445,58.51285528824117,58.534332275390625,11684000
2019-04-25,58.45558355056655,59.307535049137485,58.27660136300334,58.86366271972656,11135000
2019-04-26,57.46759019088255,57.72532494121704,56.95928150608455,57.62509536743164,18053500
2019-04-29,57.36019034952758,57.546327816960165,57.03086391241527,57.25279998779297,10023700
2019-04-30,57.539186936886445,57.653732679339235,57.22417658646267,57.47475051879883,13721500
2019-05-01,57.231345601695764,57.460442581525676,56.28631987713452,56.322113037109375,13909800
2019-05-02,56.04288175589016,56.20038689884217,55.29831546509032,55.33411407470703,15360400
2019-05-03,55.69207525048457,55.992763891115494,55.441501383292135,55.46297836303711,12180700
2019-05-06,55.06923342014219,55.599024582457794,54.91888905097774,55.21957778930664,13367100
2019-05-07,54.768535490407366,54.97615543072514,54.245905232076204,54.92604064941406,13498800
2019-05-08,54.79717614205947,55.33412259639649,54.7112627430089,55.0119514465332,11352900
2019-05-09,54.661137677497194,55.040578893254015,54.38192601072893,54.96182632446289,13221600
2019-05-10,55.164585271001975,55.60630790883735,54.43320762930099,55.439754486083984,11056000
2019-05-13,54.78081819083613,55.20081785000983,54.57081836124928,54.82426452636719,12176100
2019-05-14,55.12838660714656,55.61356117712529,54.860460236478616,54.896663665771484,10548400
2019-05-15,54.72285982183494,55.432514268612415,54.46217088421949,55.30216979980469,8918000
2019-05-16,55.3239031905164,55.722174039918755,55.19355869759861,55.29493713378906,8105200
2019-05-17,54.78080145964709,55.251490208086295,54.737349612675075,54.969078063964844,9279400
2019-05-20,55.07046292629358,55.294942983791536,54.79528812062666,54.96184158325195,7154300
2019-05-21,55.2297665220441,55.36735392127522,54.983563307326165,55.21528625488281,8489900
2019-05-22,55.04873095833145,55.193561248662206,54.59252797438858,54.71562957763672,7858300
2019-05-23,54.14356328277962,54.16529197023199,52.89081301718715,53.43391418457031,14657200
2019-05-24,53.687356101464644,53.7670113751083,53.180463928014426,53.658390045166016,7056400
2019-05-28,53.75977129235267,53.767014187983825,52.49253526772005,52.57943344116211,14912900
2019-05-29,52.05806626574071,52.44909984040689,51.86255224076351,52.25358581542969,13645200
2019-05-30,52.1521931152655,52.23184839631589,51.797368560857024,52.115989685058594,9362100
2019-05-31,51.5511577187975,51.81184668644252,51.145638477621894,51.24701690673828,13983300
2019-06-03,51.47873701945337,52.14494519203511,51.39184438477164,52.050804138183594,11831000
2019-06-04,52.46356452135099,53.339772498966084,52.26080765948341,53.28907775878906,10423000
2019-06-05,53.32529248421152,53.32529248421152,52.557711274093975,52.84736633300781,10617800
2019-06-06,53.375975546382676,54.034940867494726,53.289077381322045,53.810455322265625,11738900
2019-06-07,53.95528841286232,54.28114688060097,53.89735629979889,54.005977630615234,9095500
2019-06-10,54.44769474697016,54.54907317209097,53.91183104309175,54.244937896728516,7760400
2019-06-11,54.67941888705319,54.8966560066338,54.179764120010894,54.194244384765625,9415100
2019-06-12,53.93357201058114,54.02770756257347,53.44839740876092,53.60770797729492,7920800
2019-06-13,54.09287992669734,54.43322424578093,53.861156957810216,54.078399658203125,8986400
2019-06-14,54.078374629402425,54.17251014282506,53.752516254339696,53.83940887451172,8575900
2019-06-17,53.701842192548845,54.447700191104744,53.614944023166565,54.375282287597656,9355700
2019-06-18,54.61424723056367,55.19355730103111,54.563558013751035,54.845970153808594,10091500
2019-06-19,54.599764079141735,54.92562252361304,54.43321064715441,54.541831970214844,9757400
2019-06-20,55.2080431351809,55.73666404215457,55.0921844242276,55.475975036621094,16229700
2019-06-21,55.85977255776461,56.30873823942508,55.6642585417887,56.25804901123047,23108100
2019-06-24,56.14217898882026,56.30873244988447,55.62080096687609,55.7221794128418,10011800
2019-06-25,55.8163121659031,55.91769059675447,55.17183263061504,55.229759216308594,9740000
2019-06-26,55.52666304307762,55.85252153050606,55.374595380630296,55.46873092651367,11365500
2019-06-27,55.46148921677596,55.57735345238154,54.86046144988223,54.903907775878906,8147800
2019-06-28,55.171840026927974,55.56287353750938,54.990806301179774,55.490455627441406,14781300
2019-07-01,55.852511071061826,56.43182107879305,55.24424053518276,55.439754486083984,11437900
2019-07-02,55.135628697916744,55.229764242356694,54.60701333533071,54.83149337768555,10475400
2019-07-03,54.90390533521478,55.39631726522745,54.76631794272709,55.35287094116211,5246100
2019-07-05,55.17183548387958,55.287694185968554,54.73735015809231,55.12838363647461,6880800
2019-07-08,55.13562341711801,55.54113713858684,54.9763128766238,55.381832122802734,7876100
2019-07-09,55.36011091288383,55.59183385996977,54.8387384254736,55.34563064575195,7863000
2019-07-10,55.61356566068579,56.2145934627408,55.57011380743627,56.12770080566406,8077400
2019-07-11,56.05528767667874,56.20011245303592,55.79459865946694,56.171146392822266,6404000
2019-07-12,56.30150544185281,56.39564101832533,56.12047166229702,56.21460723876953,6139000
2019-07-15,56.21458170183877,56.29423697063485,55.678723504700585,55.81631088256836,7116400
2019-07-16,55.700450599891255,55.80907193089772,54.88218021910188,54.983558654785156,10197400
2019-07-17,54.845978319283475,55.00528888861571,54.563566137180366,54.65770721435547,7419300
2019-07-18,54.3318317611303,54.50562256173678,53.71631830192033,54.194244384765625,11424500
2019-07-19,54.23770221844307,54.49114831496592,53.97701322638798,54.30287170410156,11243100
2019-07-22,54.48391093913847,54.52736279202341,53.94805263438716,54.360809326171875,8368800
2019-07-23,54.418734342569714,54.867694407650994,54.129079301565746,54.57804489135742,8551200
2019-07-24,54.592535390664786,55.07046712661624,54.2015018407167,54.5708122253418,8260200
2019-07-25,54.87493965248651,54.87493965248651,54.165290572588496,54.25942611694336,9083900
2019-07-26,54.21598679731373,54.36805447693909,54.02046726300159,54.17253494262695,7677300
2019-07-29,54.22321121978039,54.585278615671655,54.092866736271134,54.556312561035156,7091900
2019-07-30,54.35356071389877,54.7156281431674,54.23045911387797,54.563560485839844,6961200
2019-07-31,54.33908016564693,54.788045764506236,53.774255862872316,53.8466682434082,13104600
2019-08-01,53.39769776733066,53.7814883213558,52.33321874407754,52.47080612182617,17132800
2019-08-02,52.579436768485614,53.05012556950591,51.54392361612536,51.95668029785156,21376700
2019-08-05,51.25426792411075,51.35564636929309,50.407031407353664,50.8922004699707,19080900
2019-08-06,50.899447747425974,51.4208258102219,50.892204850800645,51.38461685180664,12282400
2019-08-07,50.58806774860367,51.32668296234511,50.25496633654685,51.051513671875,15231100
2019-08-08,51.30494700768932,52.43460099816461,51.13839910553663,52.412872314453125,14304100
2019-08-09,52.23184892772999,52.31874710559022,51.02978785324015,51.29771423339844,13686600
2019-08-12,51.36368884960051,51.437007184785166,50.828500800535906,51.048439025878906,9542600
2019-08-13,50.784521052947554,51.774262885026296,50.52792359749956,51.678951263427734,12403300
2019-08-14,50.637891741896915,50.652552055365454,49.59683609008789,49.59683609008789,18114400
2019-08-15,49.457532051803554,49.530844797224475,48.775712891921515,49.30357360839844,12874400
2019-08-16,49.69212908669803,50.19066351503016,49.318226867098154,50.0733642578125,12649000
2019-08-19,50.56455484064323,51.06308916156758,50.48390917156709,50.91645812988281,10032800
2019-08-20,50.806513046499745,50.806513046499745,50.373958314301944,50.60856246948242,9743500
2019-08-21,51.290388845924696,51.305054753965415,50.857839646609484,51.114437103271484,10134200
2019-08-22,51.253721782194205,51.29037535584549,50.769847625407145,51.004451751708984,8972000
2019-08-23,50.454598388593496,50.97512612503914,49.142279619214904,49.479522705078125,15371900
2019-08-26,49.94141219788369,50.04405117239894,49.50885743950836,49.74346160888672,7343900
2019-08-27,49.948740578969414,50.176017392960254,49.09830254511494,49.25959396362305,9490900
2019-08-28,49.50885589530094,49.83877166887078,49.23759815400187,49.61882781982422,9647400
2019-08-29,50.073360850008726,50.34461851015306,49.91939684569635,50.16866683959961,9004100
2019-08-30,50.3006435358796,50.64521959846091,49.897415038517636,50.20533752441406,9180800
2019-09-03,49.772786898392944,50.3519671542713,49.582169266398985,50.26398849487305,9849700
2019-09-04,50.953133700265106,51.03377939532056,50.652544183530466,50.79917526245117,6959200
2019-09-05,51.20241213427976,51.72294561491813,51.09977314769325,51.517662048339844,9901500
2019-09-06,51.57632302711,52.01620527001334,51.407704204143386,52.00154495239258,10418500
2019-09-09,52.170154955771764,52.8373082946234,52.03818976001803,52.412086486816406,12840200
2019-09-10,52.8886264626419,53.40915427918192,52.5073967918677,52.83730697631836,13810800
2019-09-11,53.35783166970392,53.40181820014818,52.4560742351716,52.73466491699219,10525700
2019-09-12,52.03819300792056,52.903296991099566,51.8329094512875,52.771331787109375,9100700
2019-09-13,52.976601125866495,53.313844238182334,52.82997003785694,53.255191802978516,7337200
2019-09-16,55.01473124018255,55.11737021541349,53.959009673916164,54.0543212890625,19830200
2019-09-17,54.12029428737469,54.31091190030222,53.24785751417166,53.64375305175781,14452200
2019-09-18,53.262525209368995,53.497129358778324,53.02792105995966,53.38715744018555,7292200
2019-09-19,53.497124208234524,53.658415594188064,52.92527699869279,53.027915954589844,8050200
2019-09-20,53.14522278281324,53.15255573596453,52.68334741556078,52.84463882446289,19736600
2019-09-23,52.43407918051336,53.049918618431526,52.39009264687798,52.88129425048828,7495200
2019-09-24,52.646692501427204,52.69068463048878,51.920886696066795,52.15549087524414,13307100
2019-09-25,52.038190486808546,52.39742690505362,51.92088560298705,52.3094482421875,8035200
2019-09-26,52.21413028611952,52.309436287389715,51.818234783807,52.030845642089844,8420200
2019-09-27,51.832909323251506,52.54405483225281,51.78158983257126,52.404762268066406,8224000
2019-09-30,52.228808892286544,52.38276737599469,51.744940171118856,51.76693344116211,9768900
2019-10-01,51.92820800750933,51.98686043750501,50.520583248034654,50.549903869628906,10279100
2019-10-02,50.05137060776518,50.2859747399985,49.12761998338605,49.23025894165039,14503700
2019-10-03,49.120285905878326,49.853424501488455,48.61441848501819,49.83876419067383,10788400
2019-10-04,49.93407548876642,50.63788794396582,49.72146460228886,50.5645751953125,10534800
2019-10-07,50.366633825358676,50.60857097419074,49.868099212646484,49.868099212646484,10993000
2019-10-08,49.5161880749975,49.79477876515399,48.85636213156967,48.90034866333008,9748700
2019-10-09,49.340239746378245,49.633490769479224,49.266921397198274,49.44287872314453,8580900
2019-10-10,49.43553164208584,50.11735070341748,49.39887247797214,50.036705017089844,7100100
2019-10-11,50.57191848754883,50.94581526014463,50.5059330848873,50.57191848754883,10101900
2019-10-14,50.29331836381271,50.85783834745357,50.28598540997967,50.71854019165039,6234600
2019-10-15,50.63055130825831,51.319703400960414,50.59389773329989,50.89448165893555,6645700
2019-10-16,50.7405293821525,50.97513354531237,50.00739067310235,50.022056579589844,9765800
2019-10-17,50.20534384347632,50.498594867481366,49.912087226066525,49.95607376098633,9757200
2019-10-18,49.758111011051916,49.963388891991954,49.5674934387207,49.5674934387207,13472700
2019-10-21,49.721471614596105,50.41795121513467,49.721471614596105,50.395957946777344,10199300
2019-10-22,50.425270942969945,51.14374921682056,50.32996494061776,50.65254211425781,9536000
2019-10-23,50.55723345177549,51.143746525830316,50.42526828978331,51.13641357421875,8641800
2019-10-24,51.290374696347534,51.35636007751713,50.60122263708302,50.65254211425781,9003600
2019-10-25,50.51325427488145,50.938476035739576,50.51325427488145,50.76985168457031,7607200
2019-10-28,50.923816830427015,51.07777529649664,50.27865674498219,50.3226432800293,11209600
2019-10-29,50.205332531612584,50.608555395470944,50.02937524476914,50.17600631713867,13894400
2019-10-30,50.124688798369604,50.124688798369604,49.31823185234024,49.64814758300781,12840600
2019-10-31,49.45753940964698,49.64815705082288,49.22293523335539,49.538185119628906,16169100
2019-11-01,50.13935772586199,51.03378787905309,50.08070528454347,51.02645492553711,14108700
2019-11-04,51.37101634121593,52.6906679266136,51.27571034637173,52.544036865234375,15858200
2019-11-05,52.81530984280798,53.60710093960208,52.676011707241216,53.58510208129883,14930400
2019-11-06,53.32118254352197,53.423821518729916,52.19947558291291,52.412086486816406,13996500
2019-11-07,52.807972816927645,53.54111142184049,52.78597955372485,53.526451110839844,13073800
2019-11-08,53.13319589021674,53.27417392195549,52.42831705324095,52.50992965698242,12106000
2019-11-11,52.094439673015515,52.39123294506701,51.91636597412895,52.190895080566406,8674000
2019-11-12,52.138950033647,52.2428324773494,51.18180048615154,51.47117233276367,13918600
2019-11-13,51.21147155253671,51.3079326026911,50.89984122325269,51.048240661621094,11773700
2019-11-14,51.09275494608094,51.17437321762895,50.58820820417481,50.82564163208008,11279800
2019-11-15,50.98147431615362,51.419245710497506,50.95179441985392,51.33762741088867,11252800
2019-11-18,50.974041291573066,51.06308096014806,50.677253718043296,50.840484619140625,10095600
2019-11-19,50.75145975609358,50.87017367472397,50.29142987685563,50.321109771728516,12605500
2019-11-20,50.209815298168486,50.855340322503864,49.95012327488237,50.4769287109375,16930700
2019-11-21,50.4694951628021,51.75312351274986,50.395298268432555,51.693763732910156,14080900
2019-11-22,51.7234429022778,52.07217452790271,51.44149244325729,51.47117233276367,12143600
2019-11-25,51.471166307699654,51.52310469304105,50.98145667945841,51.12985610961914,10670000
2019-11-26,51.13727982210508,51.22631949410773,50.7811324558151,51.00372314453125,15457000
2019-11-27,51.018563649557294,51.263412830161265,50.758871693850004,50.97404098510742,8393900
2019-11-29,50.6995087514373,50.847902528050035,50.454653925252536,50.551109313964844,7980800
2019-12-02,50.825633260949616,51.10758364113049,50.729177892670016,50.766273498535156,11116900
2019-12-03,50.454659331447864,50.640154402519364,50.098506304212044,50.36561965942383,12245800
2019-12-04,50.640142250141224,51.01855368935861,50.5585239855873,50.93693542480469,11049700
2019-12-05,51.11502034534358,51.17438012554761,50.610473535329774,50.758872985839844,13109000
2019-12-06,51.01856514933231,51.842163705115084,51.01856514933231,51.575050354003906,13710800
2019-12-09,51.25599426631455,51.91635620035747,51.21147160432913,51.686344146728516,12397700
2019-12-10,51.686350238908055,52.04991899962698,50.974044171780584,51.24115753173828,14281800
2019-12-11,51.00370608279996,51.76052888949978,50.95176770672122,51.16694259643555,13748400
2019-12-12,51.16696423589262,52.22057497385764,51.122447226386186,52.190895080566406,17068500
2019-12-13,52.29477349158691,52.339290497649166,51.285679841199645,51.3672981262207,12274500
2019-12-16,51.71601756772226,52.12410894121442,51.71601756772226,51.93861389160156,15208700
2019-12-17,51.923779655304294,52.22056722244098,51.42664859254439,51.7011833190918,14450700
2019-12-18,51.66406854037543,52.153778087713434,51.404376656571266,51.84214782714844,13652300
2019-12-19,51.931187000751834,51.97570965732485,51.374701910891226,51.486000061035156,13273200
2019-12-20,51.834736600620275,52.10927130922352,51.48600500508252,51.89409637451172,35092000
2019-12-23,51.834741595623804,52.16121472262743,51.589886750371086,52.15379333496094,14172500
2019-12-24,52.19830789776495,52.3096060641159,51.87184044689137,51.953453063964844,3979400
2019-12-26,52.079598808520295,52.30961088889685,51.946042128752524,52.03507614135742,8840200
2019-12-27,52.08700667456884,52.16862494771225,51.84957324202242,51.85699462890625,10516100
2019-12-30,52.005390503497395,52.26508810719234,51.493428005010884,51.55278778076172,12689400
2019-12-31,51.211468851868474,51.79021813969491,51.204053125985936,51.77537536621094,13151800
2020-01-02,52.11669742459043,52.695441183253514,52.11669742459043,52.606407165527344,12456400
2020-01-03,52.932871516349095,52.9551356803169,52.057340202869234,52.183475494384766,17386900
2020-01-06,52.17604181780407,52.947701821993505,52.10926632420895,52.58413314819336,20081900
2020-01-07,52.30960851079627,52.324445625269085,51.57504963589827,52.15379333496094,17387700
2020-01-08,52.02023874552877,52.153795424575925,51.32277545929806,51.3672981262207,15137700
2020-01-09,51.30051024955499,51.8644167830169,50.92209876491585,51.76054000854492,14811800
2020-01-10,51.886675441870445,51.908933942059726,51.285673293321175,51.30051040649414,11995600
2020-01-13,51.34503706638514,51.84216819452931,51.27826155325486,51.79022979736328,9953900
2020-01-14,51.47858458692339,51.626984024444795,51.11501587150046,51.345027923583984,16261000
2020-01-15,51.3450345762802,51.634406440865746,51.11502249439437,51.2634162902832,11390300
2020-01-16,51.41924052217729,51.62699411445101,51.04825034715685,51.063087463378906,13340300
2020-01-17,51.01113719434571,51.25599201148484,50.66982699205759,50.87015914916992,18144100
2020-01-21,50.73660136205942,50.76628124779715,50.09108224505661,50.14302062988281,17982600
2020-01-22,50.1281820134369,50.23205879170321,49.71267490037163,49.85365295410156,17033100
2020-01-23,49.49750188677641,49.660738447806146,49.00779786454728,49.54201889038086,19605900
2020-01-24,49.37136261596376,49.4752393898929,49.00037252025697,49.208126068115234,18238600
2020-01-27,48.54034003265174,48.770357728433034,48.00611341915354,48.03579330444336,21231000
2020-01-28,48.3103387383262,48.377114249429695,47.954185696525904,47.96902847290039,19664700
2020-01-29,48.25097605006376,48.32517294488818,47.41254038291338,47.568355560302734,14202800
2020-01-30,47.32350101691921,48.13967818695667,47.063809052933685,48.07290267944336,18544700
2020-01-31,46.89315215885417,46.89315215885417,45.89889851503081,46.09181213378906,34282900
2020-02-03,45.542739708745465,45.57241676186554,44.79333821648131,45.06045150756836,27389300
2020-02-04,45.59468182100618,45.93599201846893,44.437191741715026,44.496551513671875,31922100
2020-02-05,45.07530154990549,46.692818770229515,44.96400337686948,46.5444221496582,32099200
2020-02-06,46.69281694015907,46.752173887803096,45.83953852813988,45.91373825073242,16055400
2020-02-07,45.56501156421194,45.75050664513292,45.3053195830947,45.60953140258789,15112500
2020-02-10,45.51920732833254,45.54931331346802,44.871943003243594,45.127838134765625,20934500
2020-02-11,45.59446527102054,45.82777944223535,45.285883277491216,45.55683135986328,14908700
2020-02-12,46.16646882526634,46.3094679393026,45.57941650641115,46.11378479003906,17862100
2020-02-13,45.95573791876944,46.22668318605733,45.57942169796051,45.85789489746094,16949400
2020-02-14,46.02347195803608,46.030997018693945,45.36867970927731,45.64715576171875,10855300
2020-02-18,45.27084953249608,45.451479738700755,44.74400616744595,45.0676383972168,18948500
2020-02-19,45.240739932174705,45.624581243038975,45.03000375139159,45.41384506225586,12804900
2020-02-20,45.33105884573162,45.56437597343736,44.94721750254127,45.05258560180664,14817200
2020-02-21,44.789153000363655,44.789153000363655,44.247259622998314,44.50315475463867,20315700
2020-02-24,43.3666772053335,43.50215126427348,42.41836166381836,42.41836166381836,32096600
2020-02-25,42.71188698713173,42.71188698713173,40.619569917780325,40.79267501831055,36414500
2020-02-26,41.05609587855026,41.2593069662906,39.83683222317291,39.89704132080078,29801000
2020-02-27,38.91862593799086,39.468047319197794,37.48109797591104,37.496150970458984,48141300
2020-02-28,36.70588487933383,38.71541213989258,36.13388261034303,38.71541213989258,62446700
2020-03-02,39.580945077923666,40.55936679791113,38.482102267338746,40.551841735839844,38127600
2020-03-03,40.60451963345953,40.755046691673414,38.36920042730521,38.610042572021484,50580700
2020-03-04,39.30999615514892,39.49815428505356,38.4745735990019,39.45299530029297,24079600
2020-03-05,37.94772691221932,38.158465951439425,36.90909619397047,37.714412689208984,40788200
2020-03-06,36.758564243233025,36.886510365159424,35.52424764341908,35.893035888671875,55640500
2020-03-09,31.392299598878395,33.54482891999637,30.707404166801314,31.50519561767578,72896300
2020-03-10,34.74903208340129,34.81676910557625,31.196609562293464,32.67176818847656,60445900
2020-03-11,31.90409353002781,32.72446312938196,31.42240915445571,31.59551429748535,51986100
2020-03-12,30.03003299365792,30.59450727646303,27.847397951718943,27.982872009277344,65725300
2020-03-13,30.11282251692642,30.210665537556043,26.342135273852143,28.69034767150879,79891500
2020-03-16,25.890554978513357,28.50971531214561,25.02502659448863,25.95829200744629,48924700
2020-03-17,26.500181922081428,28.133395464627796,25.74002458162214,27.704395294189453,41204400
2020-03-18,26.003449653718654,27.629135573386403,23.504710237767576,24.92718505859375,54036400
2020-03-19,25.386292238428855,26.266873699424707,24.347658651711804,25.913135528564453,49412400
2020-03-20,26.221710604502174,26.477605712642237,23.753076034723094,24.641183853149414,76534600
2020-03-23,24.483129534563016,24.611078527579973,22.66176061765419,23.6702880859375,56952500
2020-03-24,25.90560859297392,27.22271543345617,25.085241945696012,26.673294067382812,61835600
2020-03-25,27.478610905093618,29.044087860038427,26.477611187860617,28.06566619873047,56607700
2020-03-26,28.223718926971443,29.77414292027653,27.63666649203129,29.217193603515625,46722000
2020-03-27,27.94524274293713,28.35919000245622,27.24529435803227,27.809768676757812,51558600
2020-03-30,27.26787502727801,28.712930914763128,26.98940180723012,28.223718643188477,45835000
2020-03-31,28.855928727864132,29.691351220631866,28.12587432047881,28.577455520629883,41491600
2020-04-01,27.74202980113227,29.12687348593801,27.35066062161492,28.246292114257812,36045900
2020-04-02,29.156979551032208,31.580453852879614,28.524768239449262,30.406349182128906,62000200
2020-04-03,31.196609278104994,31.746030510268252,28.991396418687543,29.510711669921875,48425700
2020-04-06,30.01498073785589,30.72998208782761,29.525768532331885,30.459033966064453,41301900
2020-04-07,32.28793249756796,32.6040367410568,30.978350801956584,31.038562774658203,48921800
2020-04-08,31.572929845982436,33.145931681397094,31.211666637460166,33.0029296875,33355600
2020-04-09,34.21467272713968,35.15546335121016,31.414881782230214,32.46104049682617,60107300
2020-04-13,33.454518483798154,33.63514869373606,31.587990045069066,32.18256759643555,29651900
2020-04-14,32.36320062358567,32.92767505306682,31.54283100456379,31.934200286865234,30769000
2020-04-15,30.857917980049926,30.903076942384182,29.638654707662887,30.466548919677734,33125000
2020-04-16,30.466560556453977,30.466560556453977,29.29998085901375,29.465560913085938,30934000
2020-04-17,30.014978332313234,32.604032531873145,30.00745040116495,32.528770446777344,40829100
2020-04-20,30.669766544327096,32.16750610018957,30.511714448736942,30.993398666381836,39260800
2020-04-21,30.406349434391835,31.70840311300073,29.82682215471076,30.827821731567383,44381600
2020-04-22,32.06214175340771,32.310511844138745,31.50519533896568,31.708406448364258,27074200
2020-04-23,32.461039247881025,33.61256600869722,32.220197087070645,32.701881408691406,35271000
2020-04-24,33.41688196473805,33.78567025784242,32.4610384076716,32.91261672973633,28653800
2020-04-27,32.80724328582671,33.35666454062952,31.783662860580307,33.07066345214844,28274400
2020-04-28,33.39429369258911,34.16197896807056,33.19861056169273,33.84587478637695,26545100
2020-04-29,34.81678426827374,35.825312109278656,34.74152215355356,35.71994400024414,29502500
2020-04-30,35.885523024614606,35.885523024614606,34.44799485635499,34.97483825683594,37076300
2020-05-01,34.3426191231818,34.914618515680395,32.36319499735253,32.468563079833984,35399300
2020-05-04,31.99440026658834,33.82329712571486,31.776139064836944,33.778141021728516,27465600
2020-05-05,34.81677063333128,35.48661582470498,33.61256004300743,33.740509033203125,29276200
2020-05-06,33.81577265035287,34.071667771272175,33.04056222715526,33.108299255371094,22659000
2020-05-07,33.838356459547946,34.07167356777701,33.09325189347615,33.29646301269531,22160300
2020-05-08,34.10177944081105,34.78667489759893,33.8534093389217,34.756568908691406,19977400
2020-05-11,34.70388059514823,34.771617626326105,34.25229943027413,34.42540740966797,22258000
2020-05-12,34.84737563191802,35.0391819784435,33.84998321533203,33.84998321533203,25439100
2020-05-13,33.55843274393927,33.65816991628308,31.91656829837377,32.16975402832031,30827900
2020-05-14,31.509956618297732,32.64545020771805,30.842471134846193,32.453643798828125,24856500
2020-05-15,32.515007571499154,32.99835738151887,32.10837619060476,32.22346115112305,22445600
2020-05-18,34.064808485152064,34.970134679449714,33.80395173549456,34.7859992980957,32026100
2020-05-19,34.94711297187447,35.7757177277883,33.70420876473608,33.71187973022461,21771600
2020-05-20,34.233598104899656,34.97013674713251,34.195237418479756,34.809017181396484,19352400
2020-05-21,34.86272887412192,35.13125957986944,34.05714261034593,34.18757247924805,19130700
2020-05-22,33.79628821016858,34.27196727838399,33.33595400566767,34.21826171875,15406400
2020-05-26,35.09289308671168,35.52253746212502,34.88574186568048,35.22332000732422,20356500
2020-05-27,35.79873855629551,36.1670064126147,34.83970676586032,35.476505279541016,20788300
2020-05-28,35.622282586776926,35.64529841676503,34.471444259640215,34.55583953857422,19698000
2020-05-29,34.38704447374299,35.054529796512526,34.041792435506046,34.8857421875,25874700
2020-06-01,34.770658755655646,35.6376243734301,34.371701152137604,35.50719451904297,19031000
2020-06-02,35.95217995691425,36.40484302529161,35.86778470110505,36.29743194580078,22319000
2020-06-03,36.826818405464344,37.90093511298342,36.7884577216385,37.77817916870117,23418000
2020-06-04,37.50197732996155,37.70912853341636,36.94957412074872,37.6707649230957,18731400
2020-06-05,39.627201916039716,41.00820735860445,39.58883829609999,40.724334716796875,41328900
2020-06-08,41.98258375691202,42.47360764910672,41.01587790826212,41.997928619384766,33579400
2020-06-09,40.57087356761442,41.40714923868259,40.24096646354968,41.06189727783203,27276900
2020-06-10,41.04656144780447,41.04656144780447,38.82160647900606,38.85997009277344,31156800
2020-06-11,36.46621871500139,37.47128494311563,35.36908626748757,35.43046569824219,39183000
2020-06-12,36.85750973492706,37.30249895488402,35.22331877723939,36.19002151489258,30978100
2020-06-15,34.793658501337255,36.64267094897785,34.333324593678896,36.1669921875,27929300
2020-06-16,38.031364598041215,38.16946541054966,36.24373085548837,36.98026657104492,26203400
2020-06-17,36.82682444662144,36.926564582316296,35.75270756290176,35.775726318359375,19279400
2020-06-18,35.3767752611276,36.31279149257017,35.11591842253214,35.998226165771484,21478700
2020-06-19,36.99560948821309,37.026296279700254,35.27702331542969,35.27702331542969,48899900
2020-06-22,35.05453446217869,35.62995362691609,34.8320412761308,35.61460876464844,17565400
2020-06-23,35.98287913509896,36.22839107470465,35.67598774722526,35.82943344116211,18916600
2020-06-24,35.223328548331814,35.261689244476514,33.94973411988676,34.14154052734375,27626900
2020-06-25,33.796283048934285,34.709283276749325,33.520081397720766,34.655574798583984,19353600
2020-06-26,34.43308307833533,34.47911473765772,33.37431101292283,33.46637725830078,31518600
2020-06-29,33.61215328913816,34.202917329488955,33.40500203394503,34.00343704223633,17052100
2020-06-30,33.320607720396545,34.502135835403784,33.11345645918878,34.31032943725586,22153600
2020-07-01,34.13385722939558,34.81668732502159,33.50472974758753,33.53541946411133,17290100
2020-07-02,34.23359343001482,34.67091163429431,33.70420900555342,33.81929397583008,18216600
2020-07-06,34.27195872053853,34.586523958037255,33.635163132431565,34.05713653564453,22692000
2020-07-07,33.68120396833784,33.75792535527013,33.0750950606795,33.174835205078125,17407600
2020-07-08,33.10577646238385,33.70421132484493,32.86793553992063,33.09810256958008,18291400
2020-07-09,32.91397462515976,33.0674173814632,31.678741120479426,31.732446670532227,25882000
2020-07-10,31.54831099144318,32.76819962454791,31.53296613059956,32.72216796875,18951000
2020-07-13,32.97535124790223,33.213192203706754,32.399932129723254,32.72983932495117,20028300
2020-07-14,32.63008745674237,33.90368119654759,32.42293629748869,33.811614990234375,21444100
2020-07-15,34.54816039051909,34.59419497022825,33.919035768157585,34.24127197265625,17332400
2020-07-16,33.995758925787634,34.37937163028057,33.59680136190706,33.972740173339844,14673700
2020-07-17,34.011109811917976,34.287308549639654,33.289915926567346,33.38965606689453,17958900
2020-07-20,33.15180786799721,33.381974895960674,32.59173369348419,32.607078552246094,18553900
2020-07-21,33.10578029161265,34.6709180303704,33.07509057031294,34.25661849975586,28821800
2020-07-22,33.87300066772328,33.87300066772328,33.27456289934172,33.45869827270508,21345400
2020-07-23,33.297588667145874,33.6198219800216,33.00604215068706,33.52775573730469,17934400
2020-07-24,33.665866026723776,34.08016569875762,33.136478397164794,33.320613861083984,16415300
2020-07-27,33.167145692578,33.8269598457419,32.96766842444405,33.811614990234375,18547900
2020-07-28,33.68887563162524,33.94973245000535,33.34362352983783,33.41267395019531,19190500
2020-07-29,33.53542527356787,33.826971777584646,33.251552663377645,33.78093719482422,14143200
2020-07-30,33.09042758089442,33.12878826005228,32.09303528912906,32.123722076416016,29901100
2020-07-31,31.579005809853104,32.35390238375686,31.387199408450513,32.284854888916016,32116200
2020-08-03,32.26182989691061,32.607081938072064,31.816840653539188,32.41527557373047,23033600
2020-08-04,32.48432606789158,33.451028858967945,32.40760469264513,33.35129165649414,17724000
2020-08-05,33.87300751935883,33.99576348418728,33.39732559475717,33.64283752441406,17175100
2020-08-06,33.297583698050666,33.681196399978745,33.18249871677918,33.48171615600586,14434900
2020-08-07,33.167153328671006,33.38964939465761,32.84492006902084,33.328269958496094,18757900
2020-08-10,33.75024958676824,34.21825466326132,33.45102919613229,34.14920425415039,24367800
2020-08-11,34.908757143332174,35.61460313568431,34.31799320969863,34.50212860107422,28987500
2020-08-12,34.78378130557524,35.15931435658144,34.13442300419101,34.49430847167969,22503200
2020-08-13,34.0327113185824,34.322184119433395,33.57894040178853,33.64935302734375,17338700
2020-08-14,33.32858940540233,33.86059531569643,33.17994183629454,33.79800796508789,13595700
2020-08-17,33.77453285141973,33.77453285141973,33.226882378242124,33.35988235473633,15554600
2020-08-18,33.32076866444452,33.790184261617135,33.086060865858215,33.19559097290039,13014000
2020-08-19,33.13300130212891,33.37553439008615,32.757468219933976,32.827880859375,14473100
2020-08-20,32.616644194746975,32.7731170644605,32.311523740265066,32.327171325683594,15678500
2020-08-21,32.31151834752939,32.34281351314334,31.84992510037306,32.084632873535156,25517700
2020-08-24,32.29587049816824,33.25817444932032,32.147222939435736,33.03129196166992,18208900
2020-08-25,32.59317394661521,32.91394198295063,31.842107761703726,31.982933044433594,31285600
2020-08-26,31.795159290231418,31.951632130077165,31.294448590301975,31.302270889282227,26795000
2020-08-27,31.294450364445645,31.529158145284715,30.754622170068643,31.09103775024414,32034300
2020-08-28,31.169274107183266,32.01422275372267,31.10668377104698,31.834280014038086,33477100
2020-08-31,31.795150860623085,31.85774117375576,31.216205386497805,31.24749755859375,25259600
2020-09-01,31.098860387015208,31.098860387015208,30.551206902802424,30.8485050201416,22464100
2020-09-02,30.692029340728197,31.07538763968299,30.47296916102324,30.660734176635742,26413400
2020-09-03,30.66856479987718,31.317923153270193,30.418209412488114,30.59815216064453,28817200
2020-09-04,30.87197546666364,31.13015612222993,30.238264738403547,30.57468032836914,24632500
2020-09-08,29.92531519960019,30.261730746484098,29.221188942291757,29.87055015563965,38496400
2020-09-09,30.003557458814,30.38691584472671,29.66714182968809,29.690614700317383,25886100
2020-09-10,29.940961930422763,30.019196852579725,28.86912797762331,28.947362899780273,34381200
2020-09-11,29.04907189694613,29.189897150275137,28.548361211541273,28.869129180908203,26838600
2020-09-14,28.876962058511495,28.95519701259011,28.548371670014692,28.681371688842773,26129900
2020-09-15,28.790894108943345,29.24466507761423,28.32930084074807,28.376243591308594,23724200
2020-09-16,28.524882664067317,29.84707472532907,28.376235141596155,29.581071853637695,30890900
2020-09-17,29.221190484358434,29.714078890485144,28.9238953684469,29.573253631591797,24696200
2020-09-18,29.36201119476521,29.588896630554334,28.71265303221277,29.09600830078125,46853800
2020-09-21,28.501428604125977,28.720488860796863,27.914657501352817,28.501428604125977,35351800
2020-09-22,28.52488691281255,28.822184986507548,27.750351042898657,27.797290802001953,27303200
2020-09-23,27.8911839462986,28.000714060237573,26.8741117809298,26.905406951904297,31251400
2020-09-24,26.913225855673083,27.241816119580218,26.412512192217214,26.850635528564453,26796000
2020-09-25,26.60028337122335,27.335701895900403,26.506400853800443,27.100994110107422,23486000
2020-09-28,27.49217631441178,28.086772589070012,27.460881145330482,27.625179290771484,23396500
2020-09-29,27.38264658764857,27.468706811582354,26.592462956429657,26.819345474243164,20770500
2020-09-30,27.100987592361314,27.32004774182161,26.701984750919962,26.858457565307617,22223700
2020-10-01,26.435986430905878,26.678516499877627,25.770977600938217,25.919628143310547,36890200
2020-10-02,25.231147596399474,26.091743684968883,25.19985243349524,25.802270889282227,32694300
2020-10-05,26.068278268951776,26.404693866602507,25.950922880200494,26.39687156677246,22965200
2020-10-06,26.69416644528108,26.92887423596826,26.060455708872844,26.123043060302734,26731800
2020-10-07,26.31862890061839,26.396866807169385,25.982213363626542,26.20909881591797,23779300
2020-10-08,26.50639757046129,27.648644175109776,26.412512080196528,27.5860538482666,34413700
2020-10-09,27.914648198987333,28.12588608372875,27.108817108080984,27.179229736328125,29228600
2020-10-12,27.022757536104496,27.171405095040768,26.780224480972567,27.093170166015625,17912800
2020-10-13,27.17140471732802,27.28093481022913,26.678516314801836,26.772401809692383,20995100
2020-10-14,26.647223481191926,27.249641961854074,26.623750615809005,26.717636108398438,17743000
2020-10-15,26.36557397356343,26.96016719351978,26.029158406854165,26.95234489440918,23251600
2020-10-16,26.889754275315486,27.10099216269152,26.50639894911066,26.678516387939453,22627200
2020-10-19,26.678516957185852,26.88975484906912,26.123041195828698,26.14651107788086,23645800
2020-10-20,26.3342787177792,26.54551660669509,26.076101065418374,26.36557388305664,23040600
2020-10-21,26.216923302846453,26.302983515001106,25.92745048562089,25.943098068237305,28619300
2020-10-22,25.95874976219416,27.351352006431355,25.833572065908477,27.273117065429688,31831500
2020-10-23,27.359173736361672,27.445233950964482,26.49075227550977,26.725460052490234,27429100
2020-10-26,26.295159041962926,26.42033670807387,25.77880079619641,26.09174346923828,30888700
2020-10-27,25.935274125965606,25.97439158779263,25.583211000580306,25.677093505859375,27100700
2020-10-28,25.113790991120926,25.33285413619271,24.660023089237438,24.699140548706055,42136400
2020-10-29,24.57396616422913,25.919628437560014,24.339258391652432,25.794450759887695,38622800
2020-10-30,25.356323322755237,25.927446571923834,25.04337768660798,25.520618438720703,47885700
2020-11-02,25.92744990869604,26.96016646262993,25.481504259700547,26.592458724975586,40130300
2020-11-03,26.98363864814965,26.98363864814965,25.91962695649754,26.138687133789062,36773000
2020-11-04,26.029155116262537,26.70980846274384,25.450206567717743,25.997859954833984,35410100
2020-11-05,26.107387188544266,26.537685165618026,25.9274445066578,25.95091438293457,30824100
2020-11-06,25.89615306056512,26.33427638217823,25.52062006395572,25.645797729492188,33985600
2020-11-09,28.49358758294412,29.737541753246305,28.211940116105378,28.892593383789062,76879400
2020-11-10,29.68582996709392,29.990300880121605,28.828506629456136,29.53359603881836,49055400
2020-11-11,29.71787522762594,29.74191135532769,28.99676083181281,29.2291202545166,34124500
2020-11-12,28.73234375050799,29.07687571846249,27.939118205188933,28.227563858032227,30933700
2020-11-13,28.363785262523756,29.04483535162668,28.347760159000913,28.908626556396484,29241500
2020-11-16,30.118496230338142,30.58321205897221,29.72588879096984,30.5752010345459,38596800
2020-11-17,30.29476273599695,31.015873979924283,29.950230687635038,30.983823776245117,26521100
2020-11-18,31.264255843651124,31.352392368116615,29.80600532015504,29.814016342163086,31068000
2020-11-19,29.533586616431066,30.046377639102317,29.293216206613366,29.96625518798828,26954400
2020-11-20,29.926189881564365,29.974265184472497,29.469485201601334,29.59768295288086,18351000
2020-11-23,30.04638113554697,31.59276846250786,29.87010805481279,31.53668212890625,29367600
2020-11-24,32.45810236984613,33.71604699449398,32.225746013990694,33.635921478271484,46979300
2020-11-25,33.38753206899637,33.419582270787686,32.57027331864615,32.69847106933594,28178200
2020-11-27,32.610342275868206,32.80263741926604,31.945314185133203,32.20170974731445,14971900
2020-11-30,31.88922483510592,31.953325247835263,30.422963043395153,30.55116081237793,45614300
2020-12-01,31.216188243179438,31.769043648860784,30.823583881946753,30.847620010375977,32472900
2020-12-02,30.759472437070897,32.38598174917854,30.719411218558527,32.00138854980469,29369500
2020-12-03,32.10555881119017,32.562263549496,31.83313817286074,32.21773147583008,27038900
2020-12-04,32.666420683444514,33.459643306218574,32.57027313508791,33.395545959472656,28723600
2020-12-07,33.187220661119795,33.2833712600289,32.58629317207655,32.77058029174805,24899400
2020-12-08,32.474132233607214,34.12468143204036,32.402020786673816,33.8442497253418,32573800
2020-12-09,34.22081537013728,35.0380770908306,33.95640887441379,34.29292678833008,37824800
2020-12-10,34.61343595650805,35.63100722348012,34.260889751476775,35.26243591308594,38058700
2020-12-11,35.01405477494596,35.19833890376696,34.621447330778544,35.09417724609375,25478800
2020-12-14,35.52684561889251,35.622993194734434,33.796173971356154,33.828224182128906,30595000
2020-12-15,34.00448186018592,34.62944851703401,33.70001413801592,34.485225677490234,27138400
2020-12-16,35.05410694054039,35.3425526524015,34.421129190231355,35.01404571533203,34273000
2020-12-17,35.254419692681736,35.28646989868384,34.7736788285537,34.83777618408203,21204600
2020-12-18,34.66951551455353,35.07814492369926,33.988462424009676,34.236846923828125,46596800
2020-12-21,32.938853499159706,33.71605436581941,32.474134572895714,33.61189270019531,27869500
2020-12-22,33.315423684425895,33.57181918568808,33.034989003593495,33.04300308227539,21792900
2020-12-23,33.25933573255566,33.964424919568934,33.21927450685077,33.46765899658203,19085900
2020-12-24,33.37152334187517,33.53176830182843,33.15518897816622,33.331459045410156,8039000
2020-12-28,33.40356211739767,34.09262627559301,33.26735332432348,33.443626403808594,23877500
2020-12-29,33.68399601098307,33.74809336600655,33.01095697261937,33.06704330444336,20287700
2020-12-30,33.11512773817791,33.988473161943965,33.06705241630591,33.331459045410156,23807300
2020-12-31,33.227294388437535,33.39555339966688,32.826675948476534,33.02698516845703,22786500
2021-01-04,33.21127009566583,33.852259003972435,32.85071287959455,33.2513313293457,27764700
2021-01-05,33.523752395292455,35.89541291241164,33.51574137105189,34.85380554199219,44035100
2021-01-06,35.58292752915648,36.13577984200858,35.01405011291325,35.7431755065918,36484800
2021-01-07,36.05565936992671,36.51236414409436,35.67907706065734,36.02360916137695,29528100
2021-01-08,36.21590841947554,36.71267444067707,36.01559919487278,36.42422866821289,28628200
2021-01-11,36.08770455211987,37.77030053243785,35.8553451572117,37.529930114746094,38246200
2021-01-12,38.02670293864944,38.59558041005226,37.58602325033002,38.363224029541016,36915100
2021-01-13,38.884027359724776,39.02825025210613,38.21098821410389,38.79589080810547,29000300
2021-01-14,38.859982985131325,40.927175299696124,38.859982985131325,40.31022262573242,35474800
2021-01-15,39.188489111835146,39.3247009479781,37.890486439551154,38.3712272644043,42411300
2021-01-19,38.81992247326731,39.61314517120441,38.739796961648175,39.13240432739258,24932600
2021-01-20,39.348738975627924,39.85351900567353,39.25259141730164,39.68525695800781,22342400
2021-01-21,39.525010425422415,39.573082674376295,38.202968562629074,38.54750061035156,29044500
2021-01-22,37.66614916639054,38.17092932069538,37.36969233896298,38.00267028808594,23264800
2021-01-25,37.5780143737793,37.69819808302091,36.98509768283416,37.5780143737793,26395800
2021-01-26,37.866453921441234,38.3471978873577,36.736710033427954,36.75273513793945,23976800
2021-01-27,36.055658411723186,37.38571146642994,35.67907611246175,36.336090087890625,32410300
2021-01-28,36.80881764465652,37.32962278941147,36.60850844382398,36.90496826171875,24967200
2021-01-29,36.49634100981666,36.888948444553044,35.66305388140052,35.92746353149414,38961100
2021-02-01,36.5203734629492,36.5203734629492,35.48677729555048,35.991554260253906,24412400
2021-02-02,36.70466294786709,37.65012272043784,36.28000531872779,36.56044006347656,31940400
2021-02-03,36.560440086605574,38.19496101660537,36.3921780170594,37.994651794433594,28459300
2021-02-04,38.36322058331461,38.763839001521596,37.85844052056053,38.723777770996094,25280300
2021-02-05,39.40482917004962,40.15799072099924,39.292656498256704,40.02178192138672,34980100
2021-02-08,40.7989821832888,41.95276529529717,40.63072316494634,41.744441986083984,36998700
2021-02-09,41.288126509564364,41.52443191554168,40.55476908504486,41.25553512573242,28977000
2021-02-10,41.255528825727964,41.899252852549324,41.059965010690924,41.65480041503906,25723800
2021-02-11,41.46739401162263,41.49998850454642,39.748073364666396,40.61180877685547,26972200
2021-02-12,40.277721489594875,41.3207203571094,40.26142424374223,41.16590118408203,19756700
2021-02-16,42.339271928162994,42.80373252291586,42.0622249849436,42.40446090698242,28060100
2021-02-17,42.657061836656354,43.40671957591089,42.208898471818756,43.064483642578125,25509700
2021-02-18,43.03188783878906,43.137815259409464,42.25778586540321,42.388160705566406,20627600
2021-02-19,42.461497150903796,42.82817736371619,42.306674889726665,42.67335510253906,22607200
2021-02-22,42.852624228627825,44.661577980707335,42.852624228627825,44.24600601196289,36435100
2021-02-23,44.80010459388252,45.028259826750855,43.789700183995436,44.85714340209961,33527900
2021-02-24,44.97121785772202,46.446085915458376,44.710468150375945,46.20163345336914,28728600
2021-02-25,46.42978673527367,46.64979487449981,45.101590831818804,45.43567657470703,29670900
2021-02-26,44.33564548880838,44.86529513592049,43.284496372259014,44.30305099487305,35291000
2021-03-01,46.01422264563173,46.94314392413767,45.73717567586839,45.957183837890625,36998300
2021-03-02,46.16089280961285,46.41349234514774,45.64754045318045,45.68828201293945,30302600
2021-03-03,45.973483546392444,47.228343685512314,45.533470277413365,46.054969787597656,35358900
2021-03-04,46.54386838280279,48.45875282389811,46.52757113680917,47.83946990966797,52137500
2021-03-05,48.752102990142035,49.746210250129316,48.1654144962345,49.64842987060547,51429800
2021-03-08,50.1780783055009,50.20252262267968,48.74395160229114,49.59953689575195,38154600
2021-03-09,49.38767394576248,50.023250995788565,48.458752685453014,48.833580017089844,35645900
2021-03-10,49.31433879414605,50.45511805584521,48.91506403210312,50.33289337158203,31579100
2021-03-11,50.34103174482741,50.96846162915435,49.91731274079955,49.95805740356445,24802600
2021-03-12,50.153625110422944,50.82179664242375,50.11288355035105,50.4958610534668,20422700
2021-03-15,50.1047382508523,50.40622953608791,48.78468927756402,49.20840835571289,31243600
2021-03-16,48.515792109500985,48.61357247804588,47.619462221296885,48.165409088134766,30624800
2021-03-17,47.823168236517255,48.670606299444074,47.76612943501079,48.377262115478516,25575500
2021-03-18,47.92095859189244,48.05133345813122,46.05496579328965,46.2912712097168,38622800
2021-03-19,46.20978489083307,46.82906783561801,45.47642743522816,46.030521392822266,84439400
2021-03-22,46.03866882416647,46.33201305206865,45.54976384991751,45.55791091918945,29315100
2021-03-23,44.76750817248511,45.86754894438583,44.368236532166236,44.99566650390625,33493300
2021-03-24,45.69642908694996,46.67423888829594,45.69642908694996,45.908287048339844,29781800
2021-03-25,44.98751662892259,46.03866567078036,44.40897839039875,45.777915954589844,31495900
2021-03-26,46.6905456911023,47.08167031338674,46.05496856843788,47.02463150024414,34226500
2021-03-29,46.72313432471692,47.11425889792986,46.2342293852962,46.77202606201172,21144400
2021-03-30,46.33201029645007,46.73943212021994,46.03051901720729,46.193485260009766,20303400
2021-03-31,45.91643751172911,46.14459584284527,45.468274134908654,45.49272155761719,23686500
2021-04-01,45.891991644150494,46.81276578933557,45.74531954639069,46.76387405395508,23194500
2021-04-05,46.69054006338656,46.70683730923184,45.745321563032945,46.038665771484375,23264800
2021-04-06,46.315708835027856,46.88609995806737,45.84309807044662,45.908287048339844,18926300
2021-04-07,45.94903397103375,46.25867543542187,45.82680928578348,46.112003326416016,22385000
2021-04-08,45.5742058522701,45.69643364381773,45.07715072560313,45.63124465942383,21999300
2021-04-09,45.63124105343547,45.98977111412365,45.24826357134059,45.52531051635742,20020700
2021-04-12,46.250525200750516,46.274972624475815,45.069004369551955,45.22382354736328,20238800
2021-04-13,45.06085743392215,45.61495141636862,44.88974099744425,45.39494323730469,19370600
2021-04-14,45.96533287438015,47.26908154767235,45.834958007050936,46.70684051513672,28051100
2021-04-15,46.788316737282464,46.788316737282464,46.266817344920355,46.429786682128906,23250300
2021-04-16,46.73942412795659,47.00017380191155,45.98976648405008,46.16903305053711,22752000
2021-04-19,46.24237754521122,46.56016607417202,45.59865031002394,46.022369384765625,21123300
2021-04-20,46.014219564067886,46.014219564067886,44.637131876416696,45.052703857421875,21782100
2021-04-21,44.408979177474976,45.73717520487298,44.24600982487209,45.63124465942383,16625600
2021-04-22,45.623095874655085,45.623095874655085,44.832696564706666,45.036407470703125,21600100
2021-04-23,45.03640843015173,45.582352177829705,44.96307237809539,45.280860900878906,15337900
2021-04-26,45.199374621120484,45.86754611165456,45.174927199889126,45.37049102783203,16083800
2021-04-27,45.639393314714546,46.14459863618269,45.47642706482879,45.96533203125,19278600
2021-04-28,46.3727500878987,47.63575707172162,46.27496972427145,47.350563049316406,24729800
2021-04-29,48.010577299308196,48.466890776152084,47.38315054267208,48.02687454223633,27318400
2021-04-30,47.529826954966694,47.98613736504102,46.57645836120997,46.64164733886719,30518400
2021-05-03,47.24463505231476,48.06762888993124,47.04907431453196,47.92910385131836,20509600
2021-05-04,48.075771657720274,48.48319345142976,47.67649693219706,48.2305908203125,23522200
2021-05-05,48.70319833870916,49.746197066230565,48.401707101856516,49.68101119995117,31526200
2021-05-06,49.59137695107072,50.22695389976544,48.91505533981344,50.15361785888672,26836800
2021-05-07,49.76249779754212,50.90328006700738,49.5832312130423,50.87068557739258,33610600
2021-05-10,51.530708926347536,52.16628281025029,50.952167627123536,50.99291229248047,31956600
2021-05-11,50.218814165186984,50.838093960959625,49.208406688694815,49.371376037597656,34563800
2021-05-12,49.61111790770304,50.9917322658751,49.396173602651125,49.635921478271484,34426500
2021-05-13,48.77613722206022,49.97487342858949,48.569458674509114,49.02415084838867,24268200
2021-05-14,49.54499308270879,50.330372375028574,49.54499308270879,50.23943328857422,20735400
2021-05-17,50.0492801949615,51.46296077007938,49.958341125158974,51.41335678100586,25282500
2021-05-18,51.25628465532194,51.504298305179276,49.933543086973046,49.958343505859375,25170800
2021-05-19,48.85880258839053,49.487107077384714,48.29663674188586,48.75959777832031,28889800
2021-05-20,48.73481421009575,48.9001577198088,48.14784774659629,48.64387512207031,20692500
2021-05-21,49.12336003098365,49.462315906588955,48.652133153009174,48.71000289916992,20792700
2021-05-24,48.84227614073002,49.43750821647215,48.51985495569191,49.280433654785156,18400300
2021-05-25,49.18949466652794,49.22256399125044,48.048628192916894,48.16436767578125,25616100
2021-05-26,48.156096571128145,48.8753369587783,47.86674789611488,48.72652816772461,21698700
2021-05-27,48.966292600986556,49.354849370759254,47.96596895291757,48.41239547729492,33556000
2021-05-28,48.55292769422314,48.61079743963279,48.040365740452856,48.25531005859375,19246800
2021-06-01,49.14817034892619,50.181563320292746,49.14817034892619,49.983150482177734,28474200
2021-06-02,50.22288835625292,50.685849450082436,49.74339259975116,50.37996292114258,22978300
2021-06-03,50.05753459660587,50.76850917708821,49.89219115752517,50.578365325927734,20272800
2021-06-04,50.809859535809856,51.00827235313672,50.24769356599262,50.80159378051758,20427800
2021-06-07,50.702383610712715,51.03306739988993,50.44610107232724,50.47090148925781,15477900
2021-06-08,50.84293099401258,51.65311065417658,50.156756590415554,51.36376190185547,28953400
2021-06-09,51.810183091401804,52.43021880951048,51.41336061025202,51.79365158081055,29133000
2021-06-10,52.587302388359916,52.89318582693401,51.46297032329666,51.87632751464844,27488700
2021-06-11,52.09127171808976,52.240080558845534,51.37203109021357,51.39683151245117,17631700
2021-06-14,51.50428799982222,51.90111039092774,50.9007870829119,51.314144134521484,16997200
2021-06-15,51.65311359804605,53.24040683261982,51.545639846630856,53.18253707885742,30717100
2021-06-16,53.17426019334204,53.5710858077134,52.54595875230578,52.99238204956055,24803200
2021-06-17,52.793967150262574,53.289994388443056,50.65277733397661,51.24801254272461,28491800
2021-06-18,50.42956761670731,50.884259808748006,49.801266194668905,49.93354034423828,39590700
2021-06-21,50.37169600925153,51.834980508646716,50.346895592645225,51.744041442871094,33145400
2021-06-22,51.95898212322266,52.91797354733911,51.44642024254924,52.7360954284668,25140400
2021-06-23,52.95105125298662,53.488410479949664,52.562494538847105,53.12466049194336,20701600
2021-06-24,53.03372317226749,53.37267275268107,52.752640186422184,53.339603424072266,19568400
2021-06-25,53.41400691936578,53.67855522074433,53.20732836180975,53.455345153808594,18438300
2021-06-28,53.3726653487018,53.3726653487018,51.876314703875416,52.09125900268555,20570000
2021-06-29,52.25661383143189,52.719575007400785,51.74405181231044,51.76885223388672,19579300
2021-06-30,51.83498708819521,52.273144656733095,51.62830851380342,52.149139404296875,17875500
2021-07-01,53.18252640260898,53.256927653654735,51.89285110552069,52.29793930053711,22530300
2021-07-02,52.09126329175614,52.34754584352682,51.60350176010524,52.22353744506836,14555300
2021-07-06,51.87631725004642,51.88458300462529,50.346897206132354,50.735450744628906,22110800
2021-07-07,50.578377132386066,51.09920798328495,49.28870179090559,49.94180679321289,21671400
2021-07-08,49.148165681407406,50.18982431000769,49.03242618419235,49.718597412109375,18935900
2021-07-09,50.18155907070556,50.80159480101823,49.80127124632667,50.61971664428711,20086000
2021-07-12,49.950067083442825,50.842919873020534,49.73512279354311,50.57010269165039,21809400
2021-07-13,50.42957287609935,50.8511957863034,50.024481476859144,50.33036804199219,17147300
2021-07-14,50.570113032252806,51.03307418303343,49.07376214348237,49.21430206298828,21573600
2021-07-15,48.916684881697556,49.3548456165157,48.58600104534851,48.73480987548828,15851100
2021-07-16,48.92495338116353,48.99108888641344,47.24672433201241,47.387264251708984,27049500
2021-07-19,45.99838438493902,46.461345540713694,45.13860073292814,45.758636474609375,37969100
2021-07-20,45.88263643303168,46.79202075852695,45.494079763975776,46.26292419433594,26756100
2021-07-21,47.00697000556564,48.19743732049989,46.9821695886913,47.75101089477539,20908700
2021-07-22,47.726215540770674,47.73448444971557,46.84163150355138,47.213653564453125,13493800
2021-07-23,47.362467014130644,47.362467014130644,46.684561483024545,47.15578842163086,14088200
2021-07-26,47.254978619375095,48.48678403656789,47.12270448731166,48.34624099731445,18387600
2021-07-27,47.957693148089504,47.957693148089504,47.29632236650453,47.80888748168945,16861400
2021-07-28,47.94942754643814,48.47025841833072,47.63527524155606,48.13130569458008,16855300
2021-07-29,48.77614291061206,49.048960138955906,48.412389759818325,48.7182731628418,18607800
2021-07-30,48.6769336729235,48.6769336729235,47.38725836721978,47.593936920166016,28652800
2021-08-02,47.57739598686706,48.82573604818522,47.45339076364167,47.60219955444336,20873800
2021-08-03,47.593945679027435,48.28838587087335,47.06484899070008,48.114776611328125,18208200
2021-08-04,47.27979294686639,47.850227871606606,46.9656437618096,46.99044418334961,20868300
2021-08-05,47.230178055037506,47.70140484611996,46.98216445241475,47.288047790527344,15180200
2021-08-06,47.668347150017176,48.007299892119406,47.56087340632676,47.83369064331055,14888500
2021-08-09,47.230178055037506,47.55259605381349,46.98216445241475,47.288047790527344,17828200
2021-08-10,47.469935242783045,48.24704873014895,47.370730406359804,48.09823989868164,16340200
2021-08-11,48.10650680572337,48.362789389087496,47.71795320640578,48.2387809753418,18278600
2021-08-12,48.17163692035518,48.498934977809675,47.72684437948354,48.12967300415039,19225500
2021-08-13,47.86112291087968,47.894692764914055,47.24848748104091,47.64292526245117,20063000
2021-08-16,47.01350888489415,47.0722545337279,46.38408847476304,46.94636917114258,16959500
2021-08-17,46.57710951002769,47.24849062845125,46.15749591083825,46.627464294433594,16243700
2021-08-18,46.50996410229776,46.83726535876124,45.57842471533914,45.64556121826172,21890500
2021-08-19,44.87347856052464,45.074891291936055,43.723735013243676,44.25244903564453,30923500
2021-08-20,43.86640736475972,44.5965341529506,43.73213113703039,44.26084518432617,16918300
2021-08-23,45.27630903941485,46.207851763372325,45.27630903941485,46.081966400146484,21632600
2021-08-24,46.400871967729714,46.87083714386073,46.16588617826655,46.459617614746094,17915600
2021-08-25,46.35890554360638,46.803694873821556,46.04838921742101,46.54353332519531,13270300
2021-08-26,46.325338611585664,46.61067596627642,45.8469793995155,45.91411590576172,11842600
2021-08-27,46.49318633797204,47.172958294429655,46.49318633797204,46.8036994934082,15822500
2021-08-30,47.198145601267626,47.28206705220313,46.258208703519664,46.291778564453125,14086100
2021-08-31,46.09874838400995,46.41765560278615,45.704310592402486,45.75466537475586,27104100
2021-09-01,45.72948484596844,45.95607333958647,44.98257005807491,45.125240325927734,21644100
2021-09-02,45.56164581630728,46.694601264699415,45.544860888006944,46.22463607788086,23293300
2021-09-03,46.258192374794184,46.42603841881519,45.82179394089838,46.04838562011719,13840000
2021-09-07,45.88054491959433,46.38408311030214,45.71270205742244,45.77983856201172,14354400
2021-09-08,45.98126289535004,46.30856101845281,45.32666344774654,45.360233306884766,18756700
2021-09-09,44.99935724288841,46.1574915639758,44.7308048208098,45.393795013427734,19110800
2021-09-10,46.31694728187737,46.3505171376811,45.2763073631429,45.301483154296875,15123700
2021-09-13,45.86376476643039,46.937974487855385,45.83858577512372,46.4680061340332,22052300
2021-09-14,46.73656271816333,46.80370243241827,45.662352901266516,45.805023193359375,19940300
2021-09-15,46.46800946238492,47.44151289250456,46.417657878960036,47.34919738769531,23240900
2021-09-16,47.38277376583332,47.38277376583332,46.57711630617026,46.84566879272461,17907200
2021-09-17,46.44283973725554,47.626150123275714,46.24142377305294,46.291778564453125,30000400
2021-09-20,45.13363222078603,45.46093027616456,44.44546625783699,45.058101654052734,27555100
2021-09-21,45.6287753673446,45.74626664612569,44.6888419356986,45.01613998413086,19696800
2021-09-22,45.67914017901639,46.92119614402922,45.628785390735544,46.333736419677734,25690600
2021-09-23,46.50996746323428,48.037363832912426,46.39247617358155,47.9030876159668,23069400
2021-09-24,47.58417365412142,48.524107039485145,47.56738872920815,48.331085205078125,22328600
2021-09-27,49.38852142097477,50.18578793324171,49.36334562841195,49.76617431640625,32972200
2021-09-28,50.26971348099527,50.756463620546384,49.94241216480652,50.286495208740234,37619300
2021-09-29,50.21936745275362,50.51309576049044,49.55637704226373,50.25293731689453,23422800
2021-09-30,50.45433697475855,50.49629769332063,49.354951422002884,49.36334228515625,31289600
2021-10-01,49.858495028662205,51.18447573294171,49.858495028662205,51.13412094116211,24407300
2021-10-04,51.46140793082666,52.09082828536358,51.15089478564641,51.79710006713867,33946700
2021-10-05,52.46848632262506,52.619547478751635,51.20964548916879,51.71318054199219,29641600
2021-10-06,50.74806568964964,51.29356140453768,50.14382113024387,50.76485061645508,25284900
2021-10-07,50.865559575729904,51.259997372324435,50.471121779135366,50.90752029418945,19513600
2021-10-08,51.40265460720091,52.384548676904636,51.40265460720091,52.183135986328125,22186900
2021-10-11,52.89648441435919,52.92166340494047,51.612467943623535,51.66282272338867,22121500
2021-10-12,51.67121514415203,52.015298146096264,51.06697057433875,51.39427185058594,20198600
2021-10-13,51.008221732636414,51.520150772037034,50.52986254532047,51.2515983581543,14991700
2021-10-14,51.78870497010141,52.21671259543302,51.33552155553761,52.032081604003906,18594500
2021-10-15,52.64471295556474,52.93005028329397,52.40133634044922,52.5272216796875,16092600
2021-10-18,52.946841677693705,52.98880239543419,52.25867566227748,52.502052307128906,18282800
2021-10-19,52.76221007090538,53.3832395710711,52.594364000477015,53.290924072265625,18933200
2021-10-20,52.778998413208676,53.60144068998742,52.63633132502152,53.58465576171875,14305200
2021-10-21,53.26575204975748,53.40841913880427,52.325815269434464,52.61115264892578,16564600
2021-10-22,52.678287166851845,53.055940014431116,52.32581010864538,52.972015380859375,14266800
2021-10-25,53.47555781909608,54.0630142937007,53.358066524175165,54.004268646240234,17939800
2021-10-26,54.12176701592366,55.33865044781109,54.01266977146321,55.254722595214844,25585100
2021-10-27,54.68405055713471,54.75957793611842,53.69375894691051,53.81964111328125,21764500
2021-10-28,53.559483559748195,54.10498256014925,53.40003153260537,53.970703125,16626400
2021-10-29,54.591729949141,54.85188832284896,53.98748536252042,54.104976654052734,23966300
2021-11-01,54.608518357902746,55.45613969579326,54.566554433165166,55.07848358154297,19656400
2021-11-02,54.574941464959956,54.927415337262694,54.264431511986416,54.398704528808594,16300000
2021-11-03,53.74410611532008,54.08818590879404,53.42519890987423,53.651790618896484,17372800
2021-11-04,54.281207327888495,54.45744424485114,53.567865596527,54.05461883544922,17720100
2021-11-05,54.59171813769713,54.826700669921024,54.180492303511514,54.56653594970703,18565100
2021-11-08,55.01133608046494,55.70788967080287,54.868662614825034,55.15400314331055,17696000
2021-11-09,55.19597274674838,55.69951421288623,54.80992898475955,55.69112014770508,18781300
2021-11-10,55.555036621596464,55.835705082942,54.23675332734274,54.59396743774414,20177200
2021-11-11,54.593965497806096,55.13828865200721,54.44937459056217,54.696022033691406,13319300
2021-11-12,54.39834426674514,54.747054721424725,54.075154433916225,54.279273986816406,18158900
2021-11-15,54.2282390269706,55.087248309259806,53.76896843994809,54.74705123901367,18849200
2021-11-16,54.72152926258539,55.597555514403254,54.72152926258539,55.29987335205078,17028700
2021-11-17,54.755557175905786,55.48699263102176,54.58545862353437,54.696022033691406,15497000
2021-11-18,54.568446758955,54.88312970317127,53.675413212256124,54.10066604614258,16948200
2021-11-19,52.6378074012278,52.75687770307429,51.379059111901256,51.600189208984375,32035500
2021-11-22,51.30250132731944,53.190624937199786,51.30250132731944,52.31460189819336,21994400
2021-11-23,52.8929511121583,53.90505502511156,52.663314171683744,53.69242858886719,21185900
2021-11-24,53.22464768555791,54.30478705774162,53.22464768555791,53.9901008605957,15869700
2021-11-26,51.47260655562526,52.23805975685162,50.63911133948713,52.093475341796875,24979600
2021-11-29,53.21614370088984,53.70093171139287,52.12749739581945,52.38264846801758,18946400
2021-11-30,51.421573023650396,52.04244178542279,50.741169123380764,50.89426040649414,34979800
2021-12-01,51.795803733586034,52.756872937051604,50.817720780625244,50.851741790771484,30630600
2021-12-02,50.80921173041561,52.37414234156645,50.298906365923216,52.118988037109375,29216000
2021-12-03,52.663312328927496,52.92697026863669,51.32801861559021,51.78729248046875,22014700
2021-12-06,52.49321579339919,52.867437154446186,52.238061473516915,52.3741455078125,19210500
2021-12-07,53.02052986484258,53.60737767851884,52.81640705236882,52.960994720458984,19800400
2021-12-08,53.2501631205001,53.743454746111304,53.0205261890456,53.11408233642578,18214400
2021-12-09,52.77387965735886,53.386244818386025,52.569760099964384,53.25016403198242,16910300
2021-12-10,53.811495846958984,53.87953461563034,52.92696914327906,53.590362548828125,17942400
2021-12-13,53.13109673276941,53.343723176240495,52.17852793003508,52.41667175292969,17793700
2021-12-14,52.101978417662245,53.13109279352242,52.067960654989776,52.34012222290039,22551100
2021-12-15,52.04243925327982,52.30609717124043,51.038842332554324,52.11048126220703,19961900
2021-12-16,52.255068891718714,53.1140814631572,52.13599861316409,52.195533752441406,21187800
2021-12-17,51.83832558115651,52.11899078868631,50.766686530241465,51.05585861206055,44338100
2021-12-20,50.00123176264358,50.392463612875545,49.295310461883346,50.31591796875,21819300
2021-12-21,50.81771385571188,51.60868438950514,50.79219972379005,51.45559310913086,19798900
2021-12-22,51.31951118429889,52.19553096786319,51.00482500141818,51.87234115600586,14058300
2021-12-23,52.02543922119065,52.59527980516128,51.88085478975498,51.897865295410156,13543300
2021-12-27,51.82131359961617,52.68882982034123,51.38755386704272,52.63779830932617,12593700
2021-12-28,52.654805613454364,52.99500917737215,52.22104915165975,52.46769332885742,12781000
2021-12-29,52.289091869947015,52.39115164906766,51.81280749334753,52.008426666259766,12733600
2021-12-30,52.06796152626029,52.39115136579856,51.68523330109986,51.70224380493164,11940300
2021-12-31,51.65973250104572,52.28060145125491,51.625711484601254,52.042457580566406,14072000
2022-01-03,52.08497138605462,54.09216214705774,52.059454008411535,54.041133880615234,24282400
2022-01-04,54.54293565959251,56.2949820534645,54.517421523320365,56.073848724365234,38584000
2022-01-05,56.55862526768602,57.50268705066011,56.54161800991452,56.7712516784668,34033300
2022-01-06,57.83440193620455,58.24264762849315,57.043431179582065,58.106563568115234,30668500
2022-01-07,58.276642165050916,58.83797898829583,57.817374840923335,58.58282470703125,23985400
2022-01-10,58.65937605743604,58.82947459288099,57.79185665567449,58.23412322998047,22760300
2022-01-11,58.59134636311115,60.72611782252456,58.32769163110059,60.683589935302734,32936100
2022-01-12,60.50498580932617,61.074823173005,60.07973288320561,60.50498580932617,23045100
2022-01-13,60.487980580920905,60.8792125074433,59.799066405030565,60.07122802734375,21043200
2022-01-14,60.0882251228796,61.363983590504034,60.045697245088206,61.1258430480957,23012900
2022-01-18,61.93383872786229,62.835372895961704,61.244931032529344,62.154972076416016,32841200
2022-01-19,62.724792617906026,62.81834875990121,61.70418841830452,62.18046951293945,26431600
2022-01-20,61.6616722088332,63.25212043489333,61.45755262805283,62.316558837890625,26774600
2022-01-21,62.24000930446178,62.24000930446178,60.41992756945473,61.38099670410156,35995200
2022-01-24,60.28385209823066,62.15496885490191,59.373811101511734,61.908321380615234,41507000
2022-01-25,61.73821419633166,63.99205591115647,60.7176098105611,63.72840118408203,39278400
2022-01-26,64.15365903572358,64.6384471296421,62.50367554572076,63.0820198059082,35252400
2022-01-27,64.17917591707352,64.64695676841143,62.928931176993316,63.89000701904297,29174700
2022-01-28,63.762437737954905,64.3152679520217,62.89491795862644,64.02609252929688,30595700
2022-01-31,63.762424549164926,64.99565543489793,63.16706656145149,64.60442352294922,36085500
2022-02-01,65.02116420248586,69.3247278562079,64.86807290272746,68.74638366699219,61033100
2022-02-02,68.09149188331726,68.72937122968011,67.31753498392933,68.56777954101562,30299300
2022-02-03,68.11699925527404,68.30411154984289,67.20695840437936,67.76829528808594,28529400
2022-02-04,68.78038837995548,70.19222426423383,68.78038837995548,69.23966217041016,32197500
2022-02-07,69.01003374140238,70.66001691797274,68.58478088054147,70.07316589355469,34949200
2022-02-08,69.97111647002336,70.16673567912969,67.97242893329593,68.26160430908203,34356300
2022-02-09,68.43358564201618,68.82055352323782,67.6854403027712,67.93482208251953,40106100
2022-02-10,67.69403665532195,68.51957288760896,66.89429740517224,67.28126525878906,28527700
2022-02-11,67.60803420730224,69.06991983200179,67.27266036915614,68.97532653808594,42002100
2022-02-14,68.43360015736314,68.65717843977752,66.25796657006337,67.91764068603516,34652800
2022-02-15,66.12896632542841,67.23828265065593,65.71619486643081,67.06629180908203,25075100
2022-02-16,67.75423537496683,68.56257584873285,67.109284544395,67.37586212158203,21733800
2022-02-17,67.48765051815353,68.03800797601428,67.03187980265716,67.27266693115234,23738800
2022-02-18,66.3525442405048,67.22107329722914,66.12035826871502,66.52452850341797,23394800
2022-02-22,68.51098421883343,68.61417872700781,64.76166904530386,65.75059509277344,35947800
2022-02-23,65.75058855240357,66.61912420099769,65.46680860373728,66.01716613769531,25385000
2022-02-24,67.93481658956415,67.96061357145585,63.66094163540749,65.18302917480469,46199900
2022-02-25,65.94835961050187,67.06627019697659,65.57858762125171,66.9372787475586,28310300
2022-02-28,65.7935940988936,67.87463413028915,65.52700992770596,67.43606567382812,32204600
2022-03-01,67.73701863688174,69.35369924131983,67.3586520245735,68.08099365234375,40002300
2022-03-02,69.3106986746188,70.64359937559858,68.6399510147938,69.25050354003906,44321400
2022-03-03,68.67437154370757,70.31684307132066,68.47658371663972,69.68909454345703,30196600
2022-03-04,69.69767245614679,72.47525636455218,69.36229862894957,72.3118667602539,42802200
2022-03-07,73.02561358780117,75.01206612997206,72.14848355572988,74.91747283935547,55207900
2022-03-08,76.57715909295689,78.69259687851991,73.46419427833658,75.48503875732422,72082300
2022-03-09,72.26027880132952,74.44451272942591,70.17063817190969,71.19396209716797,65466700
2022-03-10,72.24308171702828,73.67917041026226,71.28855412792592,73.40399169921875,44644200
2022-03-11,72.2946842137631,74.1521456532733,72.20869208655144,73.02562713623047,35303400
2022-03-14,71.42615327166602,71.76152718208824,69.22472318052958,70.41143035888672,37462600
2022-03-15,67.78003819872727,68.08101396677186,65.67320126163547,66.40414428710938,47957900
2022-03-16,66.91150227671685,67.60805369274044,65.57000653749753,66.1547622680664,37812300
2022-03-17,67.22969035041076,68.06382800010164,66.2751623761027,67.91764068603516,34041900
2022-03-18,67.98640535464514,68.27018525531147,67.1608691933434,67.65103149414062,41461500
2022-03-21,68.89795617304186,70.96179377447781,68.57117685621671,70.68661499023438,33089300
2022-03-22,70.19644397897454,70.68660633340346,69.47410221909149,70.37702941894531,23132200
2022-03-23,71.6669364668231,72.46667579624345,71.41756124092527,71.4863510131836,27716300
2022-03-24,71.77014369631443,72.79346800922568,71.15959089406387,71.70134735107422,19871600
2022-03-25,71.30576137653458,73.51579259968449,71.1939722624907,73.26641082763672,22398300
2022-03-28,71.52073563168938,71.64112591131045,70.53180985413495,71.2111587524414,21552400
2022-03-29,69.49129963804637,70.93598975221609,68.58837241717721,70.83280181884766,27036300
2022-03-30,71.42615708771496,72.24309879480398,71.12518132648407,72.0453109741211,22079000
2022-03-31,71.26278274375898,72.57848163350887,70.98760393388174,71.0219955444336,27861500
2022-04-01,70.50602257392276,72.35488292356514,70.50602257392276,71.47775268554688,18671100
2022-04-04,71.85611449853828,71.94211318492805,70.55761831201933,71.51214599609375,20869400
2022-04-05,71.80452639887521,73.15462321963247,70.9961859184086,71.14237976074219,21753100
2022-04-06,71.73573725587457,72.83645240973395,71.32297235356721,71.93352508544922,24768200
2022-04-07,72.08830719511379,73.47280219747879,71.12517824018792,73.1374282836914,26122000
2022-04-08,73.24062293407945,74.99489017667044,73.24062293407945,74.67671203613281,24866500
2022-04-11,73.76517294824288,73.89416442243754,71.80452353497652,72.10549926757812,21800100
2022-04-12,73.70496774813827,74.65949534188779,73.42118785577424,73.6103744506836,22444200
2022-04-13,74.47894798917196,74.90891535705273,73.25784223897806,74.65093231201172,19306800
2022-04-14,74.53052605410531,76.06980968962043,74.1521593125209,75.5280532836914,24566400
2022-04-18,76.10417931411443,76.43955313877207,75.45922864196092,76.14717864990234,19032300
2022-04-19,75.68281804329105,76.2417766390971,75.04646195045196,75.46783447265625,20382600
2022-04-20,75.64844035453389,76.1042045978812,75.07228580391673,75.63983917236328,20689400
2022-04-21,76.49114472688738,77.22209404800522,74.63369026014882,74.84007263183594,29010900
2022-04-22,74.52190454706515,75.77740775285886,73.09441055643677,73.2061996459961,23591600
2022-04-25,70.83279826408128,71.08218002517147,68.18419876089442,70.73820495605469,37698300
2022-04-26,71.14238083057054,72.85364857058869,70.66941425280658,70.76400756835938,28941500
2022-04-27,71.7099330153949,73.50719942135355,70.75540525429697,72.78485107421875,32773000
2022-04-28,72.99123466224253,75.79462284113916,72.29468984852578,74.98628234863281,33683800
2022-04-29,75.79462795897423,75.79462795897423,72.83645111497744,73.30941772460938,34656500
2022-05-02,73.10302864222942,74.84869450715689,72.77624935585895,74.30693817138672,36335200
2022-05-03,74.1779423313758,76.34497410781171,74.05755204161707,75.83761596679688,33908100
2022-05-04,76.96412691019827,79.01076837006403,76.45676877582994,78.8559799194336,46188400
2022-05-05,79.14836447600403,79.15696565718649,76.00960254385917,77.66067504882812,41013400
2022-05-06,78.23682899879181,78.95917069391498,76.83513182822253,78.84738159179688,29619300
2022-05-09,76.91253446679,77.01572239539698,72.25168505493862,72.63005828857422,45851600
2022-05-10,73.64477203401184,74.71968989597579,71.82170897824092,73.11161041259766,34483200
2022-05-11,74.32412823952345,76.48256535621867,74.19513677121172,74.63370513916016,33020600
2022-05-12,74.66846118574308,75.04202095580578,72.45317042391544,74.97252655029297,29491500
2022-05-13,75.89337319825479,77.27467109903678,75.01594109522787,77.19648742675781,25798400
2022-05-16,77.30075083523664,79.90697969292121,77.29206154987585,79.01216888427734,26101200
2022-05-17,79.68978519073804,80.3152744802874,79.1598515177174,80.01990509033203,23120700
2022-05-18,80.36741895024042,80.72360014328167,78.03918738241862,78.75155639648438,25451200
2022-05-19,77.31812892822994,80.18498355091941,77.31812892822994,79.17723846435547,24387400
2022-05-20,79.86354612130167,81.30565608844844,78.53437036071993,79.802734375,28795000
2022-05-23,80.49773394319325,82.33077567522741,80.40217167775283,81.5662841796875,27239300
2022-05-24,80.63671538242112,82.34813994888465,80.20234393420122,82.00933074951172,24293300
2022-05-25,82.16571129471915,83.85975742680796,82.07014903824411,83.65995025634766,29947800
2022-05-26,83.92055649809357,84.64161464153864,83.5730580386517,83.95530700683594,24314800
2022-05-27,83.35589393130051,85.07600810590758,82.79121624485336,84.78063201904297,25588800
2022-05-31,85.62330232240492,86.68316977311042,83.14738626099279,83.39932250976562,44888100
2022-06-01,84.28543381663492,85.75361144860433,83.93794195665039,84.997802734375,25815400
2022-06-02,84.52000061647685,85.22368027016634,84.08562915064726,84.8501205444336,19089100
2022-06-03,85.04993303908665,86.57892243134404,85.04993303908665,86.08373260498047,21038200
2022-06-06,86.16191501319332,86.6831593908521,85.71885430959153,85.86653900146484,20682100
2022-06-07,86.61366468876267,89.8540786299298,86.43122947467832,89.80195617675781,37810200
2022-06-08,89.90621564355554,91.71320276329595,89.46316146387552,90.86183166503906,31613200
2022-06-09,89.84539465541036,90.84445037747805,88.75078330620694,88.89846801757812,26607000
2022-06-10,88.55966066643467,89.78458481012417,86.69186195146412,87.27391815185547,30950500
2022-06-13,84.71981938445957,84.93700514712562,81.59234572766518,83.2690200805664,33421000
2022-06-14,84.62426396096885,85.71887543543008,82.76514773009387,83.4862060546875,31264000
2022-06-15,83.39064411243682,83.89451667577082,81.02766193899247,82.43502807617188,29620800
2022-06-16,80.28052289104824,80.90601212054555,78.43009654134354,79.39440155029297,35696700
2022-06-17,79.02084352132374,79.35965267977811,74.41651070305534,74.81613159179688,64610200
2022-06-21,76.9532471265235,80.38477890597451,76.9011180458655,79.47260284423828,35951500
2022-06-22,76.04973849562931,77.97834839429,76.04104921259562,76.3277359008789,29727200
2022-06-23,77.02276420391968,77.36157347290013,72.55741870108125,74.02559661865234,35757200
2022-06-24,75.53719995716418,76.79688126324803,74.54683348368198,75.49376678466797,26639000
2022-06-27,76.28430235127828,78.22160169138103,76.16267889078553,77.34416961669922,25478700
2022-06-28,79.15987025663419,81.00160130758674,78.49093438670691,79.489990234375,33096900
2022-06-29,80.77571805384609,80.96683592504017,76.24087903877732,76.55362701416016,25400900
2022-06-30,74.83352619037065,76.10189025468397,73.55647283967625,74.39915466308594,39948100
2022-07-01,75.35473981052269,76.34510595655408,73.59119319308047,76.05842590332031,26327900
2022-07-05,75.0072764756021,75.3200245235213,72.11436697432545,73.6781005859375,34591100
2022-07-06,72.76590697797316,74.04296009825863,70.37686400894403,72.34890747070312,33375700
2022-07-07,74.17325903884249,75.37212836351468,74.1037646510208,74.65975952148438,23817400
2022-07-08,75.53720479193316,75.84127015878332,73.78234676477128,74.78140258789062,17673800
2022-07-11,73.99084436696096,74.816154245592,73.28716461371445,74.39915466308594,15603800
2022-07-12,72.78328694311692,73.8865942566562,71.98404497972321,73.40878295898438,21013000
2022-07-13,72.435790948691,74.981208273907,72.36629654404437,73.70415496826172,19928600
2022-07-14,71.10660810776355,72.37497200113752,70.0988697468289,72.22728729248047,26343000
2022-07-15,73.66940988947972,73.73890429300336,72.01879684510072,73.44353485107422,17243700
2022-07-18,75.21577429642812,76.39726536581865,74.49471597961207,74.79877471923828,19395800
2022-07-19,75.07676394519792,76.9011228096664,74.92907923481327,76.6839370727539,18248900
2022-07-20,76.08450910790101,77.88280674824613,75.79782234385026,77.52661895751953,16584400
2022-07-21,75.51981648930715,76.27562515761974,74.02557772141483,76.23218536376953,21375700
2022-07-22,76.0584491083172,76.85769104404969,75.25920054460191,75.65013885498047,15479500
2022-07-25,76.58839017842769,78.29980841291889,75.94551555172225,78.16950225830078,17536400
2022-07-26,79.16852396862103,79.29883670597194,77.31810430777776,77.86540985107422,15141200
2022-07-27,78.43011723971325,79.92435626514767,77.66562578325099,79.55079650878906,18047000
2022-07-28,80.08074089946926,81.01029577080851,79.06431304190825,80.48036193847656,20353100
2022-07-29,82.05277455309214,84.71981532574048,81.74871582552308,84.20726013183594,29825800
2022-08-01,82.34815037412223,82.83464433676407,80.99291340505813,82.07884216308594,20793200
2022-08-02,82.26127931258482,82.70433348401833,81.5054704933424,81.72265625,16722500
2022-08-03,82.02671023316125,82.02671023316125,78.8731756152034,79.07298278808594,23580800
2022-08-04,78.45619438665669,78.4822556215532,75.08547323769031,75.74571990966797,31821500
2022-08-05,75.02464705852331,77.91756287966064,74.95514602683626,76.84031677246094,17408000
2022-08-08,76.97931927631781,77.83937300742099,76.64051002988374,77.27468872070312,14458500
2022-08-09,78.23027902326209,79.58551544912042,78.14339945505641,78.69939422607422,19083400
2022-08-10,78.77761167138571,79.7419168846962,77.48318652021453,79.44654083251953,18302000
2022-08-11,80.56056266783294,82.71844085749075,80.20969447696406,81.74476623535156,18797900
2022-08-12,81.1219600693984,82.47281722045885,80.79739965693877,82.45527648925781,15058200
2022-08-15,79.41145325693762,81.34126175177657,78.64830758684072,80.98161315917969,20755200
2022-08-16,80.7272360890253,81.48161480498128,80.07812185403374,80.22724151611328,14038200
2022-08-17,80.06056158091728,81.76230027533997,79.75354859284649,80.8763427734375,13678000
2022-08-18,81.70967240873775,83.60438593902437,81.65703682985388,82.78860473632812,17770400
2022-08-19,82.59564324051911,83.50790865144886,82.27985648581944,82.52546691894531,16128600
2022-08-22,81.94651595632735,82.88510243442391,80.57811125355751,82.46405792236328,16019900
2022-08-23,83.8149219579586,86.32366837659015,83.72719821652721,85.96401977539062,23764700
2022-08-24,85.97279142052854,86.81488711744065,85.40262057684528,86.47278594970703,17050300
2022-08-25,86.77102348144058,87.59557842913244,86.05173300336308,86.9201431274414,15305700
2022-08-26,86.63945100213104,87.63944680678203,85.45525407364227,85.84999084472656,15531400
2022-08-29,86.12190779154149,89.08678669650907,86.08681963562465,87.82364654541016,23059200
2022-08-30,86.27981238537502,86.50788208235102,84.05176438730174,84.48158264160156,17086800
2022-08-31,82.48160135593949,84.94648598263294,82.09563829692793,83.85000610351562,18340900
2022-09-01,82.82368696986924,83.39385773828003,80.95528801641753,82.34123992919922,16423000
2022-09-02,84.51666774388593,84.90263080289749,83.42896157766855,83.85000610351562,18206800
2022-09-06,84.35001854827101,84.7272012520614,82.90266357726239,83.28861999511719,19201500
2022-09-07,81.74476487500871,82.97281690737687,80.96407178626825,82.57808685302734,16274700
2022-09-08,83.03422881154535,83.70088373796379,82.20967382756555,83.25352478027344,18759200
2022-09-09,84.66577223662367,85.08682337943755,83.61315441816029,84.64823150634766,17158000
2022-09-12,85.65701351486814,87.00787759242041,84.98157812990081,85.6219253540039,16118900
2022-09-13,84.74474263657046,85.7710462602753,83.2535325863523,83.6219482421875,18229100
2022-09-14,84.37630942002166,86.45523068269202,84.34122126595206,85.6745376586914,22655700
2022-09-15,84.40264241812437,84.68334102001076,82.49915481494538,83.18335723876953,21092300
2022-09-16,83.3938609352739,83.63069760906319,80.70090702296373,81.76229858398438,37874700
2022-09-19,79.8325043227225,82.00791653008338,79.82373061032702,81.75353240966797,15342100
2022-09-20,81.34126768430127,81.51670179099911,80.38513373336615,81.08688354492188,14712500
2022-09-21,82.0780931931039,82.35001804708357,79.70969945727303,79.77986907958984,17332400
2022-09-22,80.87634032856405,81.27985074912331,79.40267133799173,79.446533203125,16139400
2022-09-23,76.75359297771843,76.75359297771843,74.4290542519168,75.21852111816406,27738800
2022-09-26,74.4729164166323,75.63079892753733,73.58695878035141,73.66590881347656,22043400
2022-09-27,75.09571581428126,76.27991276603379,74.39396600237788,75.20974731445312,17307300
2022-09-28,75.54305946967506,78.33250378581582,75.36761872164028,77.94654083251953,19543300
2022-09-29,77.35006625060137,78.3851433822094,76.42902060152313,77.78865814208984,17896000
2022-09-30,77.34130035690107,78.104452734491,76.58692169189453,76.58692169189453,21357600
2022-10-03,78.98164156118476,81.01670800338273,78.70094297234304,80.63074493408203,23881300
2022-10-04,81.7886232118106,83.64825544927096,81.32371682554098,83.56930541992188,22133700
2022-10-05,83.9903525916272,87.70961019544703,83.91140925845342,86.94646453857422,34857700
2022-10-06,86.37628877595834,89.63063983015104,86.2534835808855,89.52537536621094,29124700
2022-10-07,89.63943144728826,90.63064691762219,87.87628980529796,88.62189483642578,24507600
2022-10-10,89.0253743917685,89.49905440643603,86.5955784177461,86.70083618164062,16786100
2022-10-11,85.27981742346964,87.50786526971355,84.86753993131677,85.96401977539062,17804100
2022-10-12,85.52541302246102,86.76224528466705,85.28857636181556,86.34119415283203,12635800
2022-10-13,85.56928500685744,89.86748040555638,85.43770609432183,89.35871887207031,22019100
2022-10-14,88.70081540317923,89.68325683359612,86.87627175757602,87.00785064697266,15222000
2022-10-17,88.65697525068384,89.44644208798819,88.15698070245476,88.26224517822266,14283200
2022-10-18,89.06925736402438,89.7797742082249,87.04296462026302,88.4201431274414,14065400
2022-10-19,88.8148674948616,91.21834944258403,88.79732676197978,91.04291534423828,20921700
2022-10-20,91.50781924577502,92.10430453330503,90.70958541985819,91.16571807861328,17649000
2022-10-21,91.62184831317502,93.33236079610751,91.14817493454669,92.85868072509766,22814100
2022-10-24,92.68324897153418,94.45515740710171,92.2095688885888,93.50779724121094,17024200
2022-10-25,93.34113375058077,94.14814126098828,92.16570394856855,92.876220703125,15719800
2022-10-26,93.20954889547609,94.58672714108714,92.98147924233575,93.9814682006836,17383800
2022-10-27,95.09551951342607,96.1218231749626,94.2271025453111,94.34114074707031,18214000
2022-10-28,96.01654950715553,97.55162134200773,94.84112628595496,97.10425567626953,28169400
2022-10-31,96.05162833631964,99.0428283763052,95.99899944865632,97.20073699951172,26401800
2022-11-01,98.56916084909524,98.7445949585441,97.0604034152588,98.16565704345703,22213100
2022-11-02,97.87618575905422,98.33231846380103,95.88497446492251,96.14813232421875,20654200
2022-11-03,95.24461609890359,98.08668966210128,95.0077727314148,97.45511627197266,17103700
2022-11-04,99.12176897070627,99.56036086880674,97.1919672960167,98.51651000976562,17541500
2022-11-07,98.6042341775608,99.99017949545247,98.35861709194253,99.68316650390625,16008000
2022-11-08,99.5428373236102,100.57791464952875,98.77091116655625,99.99897003173828,14661000
2022-11-09,99.20949142869662,99.36738478832903,95.2358496857262,95.52532196044922,19522800
2022-11-10,96.65690810654768,97.10426713268345,94.35868359339419,96.9288330078125,20146700
2022-11-11,98.75337091159356,100.43756249307864,98.67442087588327,99.95510864257812,20518900
2022-11-14,99.59255601878694,101.36989114470376,99.46876220367403,100.24690246582031,20858300
2022-11-15,100.62713418446612,101.27262958041747,99.8047856520328,100.91893005371094,19373800
2022-11-16,100.30879023178366,101.03387111690384,98.91168102139767,99.84014129638672,13591000
2022-11-17,98.40768202015893,100.09658740879159,97.93018864295836,99.97279357910156,12425900
2022-11-18,98.06280669009965,99.45991590558116,96.92212942527661,99.10621643066406,15415000
2022-11-21,97.2581466494522,98.32808274081482,95.03869562139121,98.12471008300781,20973000
2022-11-22,99.22117783701808,101.21957437654709,98.53146748834396,100.96314239501953,17719100
2022-11-23,99.31842922859481,100.75974660124662,99.12389418828164,100.4591064453125,11546700
2022-11-25,100.69785811011185,101.34336018448249,99.97277719238058,100.10541534423828,7136000
2022-11-28,97.85059774042578,98.55799000210394,96.93098172861298,97.09898376464844,23015500
2022-11-29,97.80638085376464,98.8586350022037,97.08129992067184,97.7444839477539,14453200
2022-11-30,98.62872689659908,98.94705576148642,97.0724531956228,98.45187377929688,23158100
2022-12-01,98.71715098323813,99.09737675608788,97.42615357330227,97.9743881225586,14398300
2022-12-02,96.83372678837627,98.77906419377904,96.5596060953706,97.1432113647461,15248400
2022-12-05,97.88596427068104,98.46956947997444,93.67696097285233,94.48162078857422,19287700
2022-12-06,93.6415871616912,94.64962635594894,91.20991236486203,91.85540771484375,21197000
2022-12-07,91.76698041050301,92.71312265553227,90.52019798773388,91.65203094482422,20061700
2022-12-08,93.97760571349268,94.43741712719195,91.70509516797097,92.3329086303711,21128800
2022-12-09,92.4832173580671,93.68579156648288,91.3425468001827,91.55476379394531,21298200
2022-12-12,91.81121087925551,93.942239002878,91.59898710427264,93.80960083007812,20413200
2022-12-13,95.32165718943831,95.97599689903265,94.63194010789844,94.83531951904297,24305300
2022-12-14,95.48966664875323,95.76378733257552,93.50895868008463,94.13677215576172,17597300
2022-12-15,93.13758809883693,93.88035114415118,91.69626349297593,93.23485565185547,15365100
2022-12-16,91.68739956530335,93.35862268360542,91.19221759770008,92.58048248291016,54596600
2022-12-19,93.07566407789817,93.90685008950908,92.29752388031808,92.99607849121094,13611100
2022-12-20,92.99609958875801,95.06523761070765,92.90767638613372,94.34015655517578,14680000
2022-12-21,95.75493122080103,96.02020078209098,94.75573638872103,95.55155181884766,13565400
2022-12-22,95.40123652615874,95.6665128470525,92.04994562040243,93.6239013671875,13213000
2022-12-23,94.57004493607245,96.15284504684715,94.52583671284285,96.09979248046875,11539400
2022-12-27,96.62150183846278,97.68260047547501,96.2324384098569,97.43501281738281,11962100
2022-12-28,97.18740414952076,97.26698298830819,95.41006920778264,95.83450317382812,10702100
2022-12-29,95.48964955111046,97.01939691238212,95.48964955111046,96.55958557128906,10534000
2022-12-30,96.03788791061125,97.7091110807995,96.03788791061125,97.53226470947266,11799600
2023-01-03,97.07246414188529,97.28468116032171,93.27905036276509,94.18098449707031,15146200
2023-01-04,92.6689206436573,94.75574032792433,92.63355001809687,94.45509338378906,18058400
2023-01-05,94.03065646725477,97.22278303231462,94.00413018356431,96.56844329833984,15946600
2023-01-06,97.33774895078103,99.02665439443025,96.97520504755187,97.73565673828125,16348100
2023-01-09,98.71716482832078,98.71716482832078,95.3305030214769,95.91410827636719,17964600
2023-01-10,97.08131852086282,97.55881192139756,95.50736254109539,97.34658813476562,15104600
2023-01-11,98.14237605015833,98.54912804583326,96.46230876627968,98.4783935546875,16710400
2023-01-12,98.87632053048546,100.57407008234286,98.80557927926048,100.11426544189453,15357300
2023-01-13,100.01700516527804,100.35301601359217,99.17697467136394,100.05237579345703,12011400
2023-01-17,100.28227462508247,100.87471742736521,99.62792816803935,99.85783386230469,16542200
2023-01-18,100.14964062494879,100.91009224458013,97.62069812175756,97.80638885498047,16399700
2023-01-19,97.32888219176033,99.15042539382789,96.89560387351499,98.43418884277344,12928000
2023-01-20,98.4695560323901,100.30878785465964,97.80637206490162,100.22920227050781,16515600
2023-01-23,100.48565310406258,101.32568358895959,99.60140764785206,99.70751953125,16584400
2023-01-24,96.52423518252803,100.82166180163472,92.73082144661996,100.63597106933594,13583000
2023-01-25,100.12310402915618,100.49448545735245,98.4960890757978,100.10541534423828,11914700
2023-01-26,101.44062419152921,104.14641271197326,101.10460665231939,104.12873077392578,21019700
2023-01-27,103.41250871985153,104.04916656044317,102.03308789607486,102.22762298583984,15179200
2023-01-30,101.76781153009001,102.12151107994386,100.0523798446242,100.4149169921875,18672100
2023-01-31,99.12390384975248,102.92616160941232,97.64721571254422,102.58130645751953,27861800
2023-02-01,102.42213625843509,103.79271244629354,100.22036057101793,101.45830535888672,19464900
2023-02-02,101.55557180840442,101.75010685467252,97.11666335097199,98.28386688232422,24562100
2023-02-03,98.94707788410491,100.90125972997866,98.64643089060073,98.96475982666016,20226600
2023-02-06,99.35381749501028,99.99931288386817,97.54995600026155,98.79674530029297,13855200
2023-02-07,99.38033022429985,101.96232492009183,99.05315702971927,101.61746978759766,16013300
2023-02-08,101.73243987822002,102.42215023732541,100.67134130968634,100.73323822021484,18459700
2023-02-09,101.3522067539154,102.78467993593524,100.96313663225233,101.11345672607422,17439300
2023-02-10,103.02343708903398,105.7822785170671,102.71395253733247,105.37552642822266,24918600
2023-02-13,104.89435161317014,105.3042335806189,103.27264174275622,104.96563720703125,14536200
2023-02-14,104.26171522881944,104.97455082738382,103.37957123327398,103.73599243164062,12079000
2023-02-15,103.11224446164638,103.44192841058008,101.70438468516019,103.42411041259766,13663400
2023-02-16,102.74693165849393,104.0567757150315,102.29250123745908,103.12117767333984,11360600
2023-02-17,101.7489401668371,101.7489401668371,98.88867221168749,99.1559829711914,20758300
2023-02-21,98.73720499535217,100.13615260951966,98.73720499535217,99.0579833984375,14469400
2023-02-22,98.4431513188423,98.87976366843766,96.80361671099551,97.77486419677734,13973800
2023-02-23,98.66592197465629,99.64607514298973,97.92634919926599,98.6748275756836,11289400
2023-02-24,97.41844996564515,98.87085830019925,97.14221997946264,98.6837387084961,14351000
2023-02-27,98.7282860537853,99.13816800275131,97.97980094833179,98.50552368164062,11710500
2023-02-28,99.12036310794797,99.2272915153876,97.3204457708155,97.93527221679688,18107000
2023-03-01,97.4006119354643,99.67279072263678,97.33823874670341,98.8084716796875,13200000
2023-03-02,98.5679066122847,99.53023498841861,98.16693022390754,99.26292419433594,10339900
2023-03-03,98.06000294447685,101.01828709551873,97.9708925534431,100.51929473876953,13006700
2023-03-06,99.78862957040394,101.43706975221777,99.68170798340786,101.41033935546875,14347400
2023-03-07,100.51929948582668,100.8400778738256,99.0579787396843,99.45004272460938,11525300
2023-03-08,99.11143913622298,100.17178342125054,97.18676894805269,97.99762725830078,13509800
2023-03-09,98.79067322864667,100.00250124848627,97.15113840255877,97.24024200439453,12961200
2023-03-10,97.62339792397039,98.9421544031814,95.47597179272128,96.0373306274414,15795700
2023-03-13,93.86315529616243,96.10860394431197,92.41965939194907,94.93241882324219,20745600
2023-03-14,94.76312606423632,97.13332132498321,93.52456763188694,95.28884887695312,18263500
2023-03-15,91.61771098485345,92.84735686988357,89.30098360233939,90.54845428466797,25733800
2023-03-16,88.31192956337324,90.60192684547903,87.34068192953325,90.02274322509766,27465200
2023-03-17,89.63957129644429,90.53953312421194,88.33863994445231,88.96237182617188,43199500
2023-03-20,88.77525799018537,91.31475446803478,88.6594240041536,91.28801727294922,32042100
2023-03-21,92.82063028244463,95.59179493547116,92.78498748455284,95.37794494628906,31592300
2023-03-22,95.16411108162147,95.50270752171197,93.16815485050039,93.19488525390625,14952700
2023-03-23,93.88099197998577,94.7542168329142,91.27912862489582,92.14344787597656,14385900
2023-03-24,90.41481364395302,92.53550947081975,89.91582799014195,92.25037384033203,13401600
2023-03-27,93.32853877510178,94.87897006639193,92.5889727295353,94.27305603027344,14805900
2023-03-28,93.9522629240674,95.92148153406987,93.7295005455852,95.44922637939453,11047600
2023-03-29,96.28681440297478,97.26697436895958,95.77891641976845,97.08876037597656,14219100
2023-03-30,97.61449513039275,97.63231313279215,96.69670824983943,97.56102752685547,11578200
2023-03-31,97.73031189573958,98.16692425825963,97.16895314392808,97.71249389648438,14418000
2023-04-03,101.036103454132,104.11913394475476,100.79552307748536,103.47757720947266,28087700
2023-04-04,103.59340869091544,103.98546581757196,101.73111184616822,102.4885025024414,16365500
2023-04-05,102.78256808210702,104.25280125430143,101.85587569962185,104.24388885498047,16479500
2023-04-06,104.12804863377276,104.41318421148469,102.26575158077267,102.51525115966797,15778000
2023-04-10,102.27467917811875,103.52215006530234,101.73113834011853,102.06082916259766,13006600
2023-04-11,102.43505348189714,103.53995299915736,101.91824312127746,102.78256225585938,11758500
2023-04-12,103.50432028468168,103.88746506972828,102.40832633329018,102.67564392089844,10919000
2023-04-13,102.11428056815093,103.26373534280415,101.69548617759872,103.15680694580078,12399700
2023-04-14,103.27265223263245,103.94985184676241,102.57763461731156,103.40631103515625,11530800
2023-04-17,102.90731438541017,103.81618876658746,101.9538916040066,102.20338439941406,13260400
2023-04-18,101.92716165547893,104.43992121747226,101.8469704558153,104.1993408203125,17436100
2023-04-19,103.43303179577927,104.16369214355153,103.15680181679706,103.86964416503906,10682600
2023-04-20,102.58654026849399,103.07662027859556,100.89355142960301,103.04097747802734,17038700
2023-04-21,103.79835884605725,104.14586762225117,102.70237172057439,103.37065887451172,14315300
2023-04-24,103.29046763817986,105.9368860286054,103.2548248385246,105.32205963134766,15831300
2023-04-25,104.74289062327883,104.91218543652329,103.03207010341016,103.82510375976562,12179800
2023-04-26,103.38849165118414,104.33300212166516,102.18557596180051,102.8716812133789,15566100
2023-04-27,103.02315679280434,104.26171518806339,102.36377519672466,104.10132598876953,16279200
2023-04-28,104.47555192875278,106.85465241787279,104.10131277728473,105.44679260253906,24381900
2023-05-01,103.35283614349954,104.5201156851399,101.9806190108613,102.17665100097656,17355000
2023-05-02,101.52619489475417,101.52619489475417,97.3828128422563,98.10456085205078,24324100
2023-05-03,97.19569074727107,97.84615313991577,96.01950556235205,96.17098236083984,16212300
2023-05-04,96.14424536499382,96.90163610364148,94.37105870897526,94.48689270019531,17177200
2023-05-05,96.72343754385928,97.50755875055474,95.814563137888,96.83927154541016,14968200
2023-05-08,98.46099355819268,98.87978801216548,97.16006178940327,97.2224349975586,11187800
2023-05-09,96.53630316199819,98.22039303403028,96.42046917002494,97.2491455078125,11370800
2023-05-10,97.78377760119977,98.02436479131863,95.08389850028637,96.00167846679688,14884800
2023-05-11,94.88786158408007,95.18190955755892,93.49782650678847,94.26412963867188,17165900
2023-05-12,94.72748133822724,95.35122014066874,93.36417653019662,94.2552261352539,12613300
2023-05-15,94.83044073617398,95.20792733140733,93.9945736426379,94.43497467041016,13715600
2023-05-16,94.03950350132017,94.2012844415205,91.69368329699454,92.14307403564453,14795200
2023-05-17,92.92501596176614,94.57877743810873,92.439673143399,94.21027374267578,14064700
2023-05-18,93.9676248306723,95.18996843079383,93.5901313238996,95.06413269042969,12005600
2023-05-19,95.78315195367126,96.21457012583136,95.10906577396807,95.50453186035156,13359600
2023-05-22,95.12703596276837,96.20557793708879,94.26420649760746,94.34510040283203,12882000
2023-05-23,95.26185971748569,97.26614569955332,95.04615405382208,95.63036346435547,14394400
2023-05-24,96.51116208950495,97.52678964767736,95.92695955732621,96.69990539550781,16340300
2023-05-25,95.21692875714719,95.65732983899068,94.11142432719426,94.96527099609375,14316500
2023-05-26,95.69327272786327,96.12468403186422,94.21927153440184,94.34510040283203,12370300
2023-05-30,92.83515299165971,93.58114337104149,92.22398122473334,93.50923919677734,11938000
2023-05-31,91.93636804761347,92.61045422826227,91.44203543894065,91.8375015258789,24926100
2023-06-01,91.45101727228185,94.89335204972315,91.01061625898485,92.89805603027344,13551900
2023-06-02,94.51588525368301,95.38769772782013,93.94964840374439,95.0551528930664,14112000
2023-06-05,96.3403919230926,96.3403919230926,94.45294527279351,94.63270568847656,10628000
2023-06-06,93.60811441483591,95.51352720966214,93.45532317320553,95.40567779541016,12209800
2023-06-07,95.98088366254888,97.86832356804699,95.92695896321322,97.54476165771484,16027100
2023-06-08,97.7604542839107,98.09300588553347,95.1809559377853,97.23916625976562,13517100
2023-06-09,97.48184520645275,97.6166638091624,96.31343331634001,96.52014923095703,12251600
2023-06-12,95.10007339564658,96.22355033059999,94.87537800865589,95.64833068847656,14112000
2023-06-13,96.51117858374542,97.37400821171715,95.52252006360033,95.66632843017578,13533800
2023-06-14,96.57406501785286,97.1672640721746,93.8237959478551,94.51586151123047,16627700
2023-06-15,94.82144993945623,96.19658456181193,94.7675252427862,95.1719741821289,16224100
2023-06-16,95.59440352357946,95.96290038301437,94.33610801746352,94.48889923095703,43128900
2023-06-20,94.08444876681249,94.1653358112984,91.78357029487414,92.32283782958984,17514100
2023-06-21,92.12511207761695,94.03951437709155,91.97232085452352,93.3564453125,13285700
2023-06-22,92.4306859464206,93.37440926201596,92.25992212469889,92.84413146972656,12455300
2023-06-23,92.20600401996701,92.41272681176999,91.33419159992398,92.03524017333984,17933600
2023-06-26,91.85548288978433,94.29118722217187,91.85548288978433,93.73394012451172,14283400
2023-06-27,93.51822244796544,94.02153791859389,92.8171670832428,93.96761322021484,13227500
2023-06-28,93.75190712536171,95.1090692703944,92.75425899415244,94.73158264160156,13084100
2023-06-29,94.96525951253912,95.92695547293552,94.48889954282299,95.89998626708984,11364400
2023-06-30,96.45722442443618,96.9605398394568,95.99884396738054,96.3943099975586,13544700
2023-07-03,96.61003119821329,97.48185043774107,96.23254457609592,96.58306884765625,7397000
2023-07-05,96.73585443492918,96.99650190372355,95.36071977938144,96.08873748779297,12491200
2023-07-06,94.45294049033305,95.01917719961585,92.06218536864931,92.5025863647461,17961400
2023-07-07,91.60380590421694,93.47327301013772,91.2802440259938,92.71829986572266,21929200
2023-07-10,92.54754692962625,94.14737715793291,92.34981387090794,94.09345245361328,14877600
2023-07-11,94.60574715280292,95.41465191307681,94.20129134408648,95.24388122558594,12576500
2023-07-12,96.16963083946196,96.75384024870365,95.38768838181606,95.71125030517578,13238200
2023-07-13,95.24389144171408,95.47757658800538,92.86211872543825,93.95863342285156,26826800
2023-07-14,93.51822609243841,93.51822609243841,90.35451109250127,90.72301483154297,28181900
2023-07-17,90.52526183347891,91.37910140296209,90.07587114277035,91.11845397949219,18051300
2023-07-18,90.70503234863281,91.85547163508595,90.18373740409653,90.70503234863281,24617800
2023-07-19,90.82188512135791,92.0352389326174,90.5971897171558,91.33419036865234,15556500
2023-07-20,92.16105839811495,93.16769617471131,91.99927744932552,92.94300079345703,15740200
2023-07-21,93.61709503878014,93.81482123138156,92.80819022483087,93.37442016601562,17121500
2023-07-24,93.79683357754723,95.41464294605404,93.43731962263922,94.83941650390625,15090900
2023-07-25,94.42599875331892,95.35174276350286,93.95863530851649,94.98324584960938,14116100
2023-07-26,94.47092136403585,95.01917861223208,94.04849297373791,94.45294189453125,15159600
2023-07-27,95.27084481324918,96.1606366325382,94.13837813414375,94.74954986572266,17677900
2023-07-28,94.4709434343238,94.51588526142612,91.96334171096753,93.61710357666016,17566400
2023-07-31,94.54283964542724,96.94258489574977,94.54283964542724,96.38533782958984,24197000
2023-08-01,96.12467953923134,96.45723116577365,94.84841144356957,95.82808685302734,14177400
2023-08-02,95.50452484735288,95.612374239604,93.98558190633503,94.63270568847656,13484100
2023-08-03,95.17196168364627,96.96053474562446,94.6416839502732,96.2774658203125,16280400
2023-08-04,97.03244669859626,98.18288588329106,96.4662168409551,96.54710388183594,14279600
2023-08-07,96.97853169948583,97.44589509355536,95.72922587960633,96.34938049316406,12410800
2023-08-08,95.30679402335704,96.84370961291643,94.22825207578562,96.82573699951172,14065600
2023-08-09,97.70655695246612,99.24347282352473,97.34704290409425,98.47052001953125,19919600
2023-08-10,99.0367379795382,100.3309787067306,98.36265183888175,98.97382354736328,15837200
2023-08-11,99.19852194990123,100.7264478390776,98.91091212874478,100.5107421875,14047000
2023-08-14,100.37593099022108,100.64556821745794,99.56702616567007,100.59163665771484,12973400
2023-08-15,100.35603281514209,100.45570978906649,97.8369389214972,98.00910949707031,14909600
2023-08-16,98.11784083552955,99.06930032454547,96.3055423142575,96.35990905761719,13695100
2023-08-17,97.33855603333564,99.81234666133527,97.33855603333564,98.2265853881836,16709500
2023-08-18,97.5379096792421,99.8576496649821,97.51978973520309,99.7126693725586,16224000
2023-08-21,100.0026398309279,100.56445489995404,97.99098722789802,98.50749206542969,11092400
2023-08-22,98.92432965540473,99.4227145973864,97.81882626655185,97.95475006103516,10518800
2023-08-23,96.99420274332557,97.2298034505335,95.79808618011714,97.09387969970703,11435600
2023-08-24,96.43238768139004,97.65568761059187,96.11523687209609,96.36895751953125,10818500
2023-08-25,97.34761038649393,98.70683420819121,96.61363173505575,98.09065246582031,13579300
2023-08-28,98.27188065225164,99.71266151446065,98.26282413763109,98.91525268554688,10382100
2023-08-29,99.36832509336723,99.69453244671816,98.2446951020538,99.50424194335938,9665000
2023-08-30,100.07513018870064,100.70943192881693,99.6583023432856,100.47383117675781,11922100
2023-08-31,100.6913076827024,100.96314831112169,100.23823305530009,100.7547378540039,17479800
2023-09-01,101.66994917390052,103.13791353563354,101.66994917390052,102.8660659790039,14843500
2023-09-05,103.39162686037311,104.959268086835,102.84793869926247,102.8751220703125,18304000
2023-09-06,102.82982045010745,103.83563976237589,102.60328313646578,103.76315307617188,13325500
2023-09-07,103.8900231018436,104.9773995433248,103.02917708174775,103.2557144165039,13248500
2023-09-08,103.78128289501845,105.15863376451327,103.59099236305616,104.75992584228516,14283200
2023-09-11,105.27641754345265,105.72949215727138,102.91136750624933,103.44599914550781,14383600
2023-09-12,104.51524824348492,106.62657759594177,104.45181807429981,106.46347045898438,20145800
2023-09-13,106.39098213682325,106.88936005464006,105.02269489304977,105.51201629638672,13472800
2023-09-14,106.51785342155534,107.52367970179121,106.31849946859032,107.39681243896484,15210700
2023-09-15,106.83500292751211,107.38775454879507,105.56639253582382,105.74761962890625,34568400
2023-09-18,106.49971116049278,107.1430762435006,105.74760568794873,106.5993881225586,14045300
2023-09-19,107.48741467859938,107.68676168440024,105.6660529510715,106.3184814453125,12562900
2023-09-20,105.60264465597915,106.94374180442486,105.4032906955254,105.47578430175781,11879900
2023-09-21,106.00134518372306,106.35474284774455,103.84470548563571,103.98969268798828,14400600
2023-09-22,104.85052574397312,105.72949159625674,104.03499006075278,104.15279388427734,13197300
2023-09-25,104.28870749576815,105.70230494053955,104.05311368278102,105.32172393798828,11316000
2023-09-26,104.66024123461833,105.77480788445435,104.54244431771302,105.4848403930664,11805400
2023-09-27,106.82592602930308,109.19097593668592,106.38191486787663,108.91912841796875,23976200
2023-09-28,108.71979799911327,109.37221969954325,107.09778989351744,108.25765991210938,16808100
2023-09-29,107.92238020955287,107.99487381273642,105.77481079386165,106.54503631591797,18813600
2023-10-02,106.49972302753714,106.73532377443335,103.79940206350716,104.77803802490234,14395000
2023-10-03,104.60586901700265,105.5120182443478,104.23434451537355,104.95926666259766,13297100
2023-10-04,103.34633576016009,103.382575650263,100.12950281391228,101.03565216064453,19622200
2023-10-05,99.49517782247017,100.49194048863816,98.49840824293291,98.76119232177734,20128800
2023-10-06,95.80715700715321,98.10876986854808,95.2453420199152,97.11200714111328,25367500
2023-10-09,100.07513063881703,101.55215150508566,99.24146803086683,100.51007843017578,22369900
2023-10-10,100.60069520833645,100.99033969535222,99.78516634500313,100.08419036865234,13892000
2023-10-11,96.92174094207284,97.11203149029224,94.99164517010053,96.495849609375,57939000
2023-10-12,97.49259730331303,97.71913462235229,96.13337338907755,96.47771453857422,31183000
2023-10-13,97.89131349259944,99.85765592928288,97.71914290326103,99.55863189697266,30276500
2023-10-16,100.1295036847999,100.29261084516517,98.88807658016576,99.63111877441406,18452000
2023-10-17,99.43176230054604,101.30749101029969,99.38645207176101,100.93596649169922,19775400
2023-10-18,101.32562490221049,102.7482791734366,101.21688448617945,102.34957122802734,23380300
2023-10-19,102.14115373338979,103.27384039754932,100.88160671591405,102.41299438476562,20972500
2023-10-20,102.32237110717745,102.68483218792579,100.39227570374482,100.65505981445312,22445300
2023-10-23,100.2472805934485,100.54631147996575,98.48029247015481,99.17802429199219,18185000
2023-10-24,99.40458275489267,99.51332316770286,97.97287200976585,98.217529296875,16786100
2023-10-25,98.33532012997792,99.22334949611849,97.9819224519655,98.39875030517578,22047300
2023-10-26,97.36573181169958,98.17220407178561,96.50489281019605,97.50165557861328,18768300
2023-10-27,98.67059347135456,99.54955936951963,95.10942656321,95.64405822753906,23092000
2023-10-30,95.81622436876351,96.43240616494147,95.33596634929859,95.94308471679688,19379900
2023-10-31,95.6712439171032,96.196812165719,94.72884782373468,95.91590118408203,22185200
2023-11-01,96.53209651443412,97.11203158961153,95.5625169124933,95.72562408447266,28984900
2023-11-02,95.94309150300508,98.94245057803877,95.59875723589786,98.86995697021484,25212700
2023-11-03,98.22657942434475,98.57091364822372,96.5411412775712,97.66476440429688,30555600
2023-11-06,98.01815227165896,98.1087658043321,95.84339292065668,95.93401336669922,19097300
2023-11-07,94.66541795214418,95.01881562411467,93.59616150753924,94.42981719970703,20272500
2023-11-08,93.99485771907652,95.0550506031274,93.23368881101489,93.26993560791016,19184100
2023-11-09,93.94049191356714,94.2123394563034,93.20651322689751,93.29712677001953,18380500
2023-11-10,94.17610001459842,94.61105473428651,93.25183074114598,94.01299285888672,17825500
2023-11-13,94.284842374133,95.27254184450476,94.06736155310273,95.00069427490234,15308400
2023-11-14,95.3756166445155,95.85111999096245,94.98240913671593,95.36647033691406,18260500
2023-11-15,95.06470118366416,96.15288151741152,94.64406174642619,94.79037475585938,20137600
2023-11-16,94.09539270038407,94.4337292925388,92.49513094349518,93.69303894042969,22469100
2023-11-17,94.24172002627202,96.40893466430744,93.95824725489716,95.9791488647461,22984900
2023-11-20,96.36320286209174,96.82042057595426,95.49449199638842,95.55850219726562,17458800
2023-11-21,95.29331801592275,95.7413894358396,94.38802886808577,95.52192687988281,14989000
2023-11-22,93.80277743158253,95.2110086710551,93.21753938096897,95.11042022705078,18072000
2023-11-24,95.11954777149408,96.44548301608626,95.01896631654007,95.62248992919922,9480800
2023-11-27,95.19272529497738,95.46705871008051,94.35144638765766,95.06470489501953,18013500
2023-11-28,95.32073130552365,95.93340824322046,94.99153404773023,95.00982666015625,20629500
2023-11-29,95.34818131549277,95.63166104911387,92.94321859321938,93.58332061767578,26802100
2023-11-30,94.28742499581931,95.54020387708965,93.09865630692994,93.94908142089844,29254700
2023-12-01,93.72961725981092,95.30244707544908,93.47357649476984,94.17768859863281,17845300
2023-12-04,93.391277877056,94.51603640428931,92.8974819609478,93.66561126708984,21523900
2023-12-05,93.51930534059174,93.583315539564,91.7087271544689,91.84589385986328,22250300
2023-12-06,91.44354671466465,92.10194136726446,89.92558049043852,90.62969970703125,31154800
2023-12-07,91.31551503374453,92.21165777402229,89.69696054982894,89.99872589111328,29990700
2023-12-08,90.54738685281782,91.25150599138098,90.30049237374789,91.03204345703125,22074900
2023-12-11,91.26066036600298,91.31552426029339,90.14504800483947,91.09606170654297,22252300
2023-12-12,90.23647686682177,90.23647686682177,89.13915728306176,89.66038513183594,26084000
2023-12-13,89.65124723748455,90.55653632786162,89.30376429789246,90.45594787597656,19915400
2023-12-14,91.30636759803646,93.40042537057786,91.18749351502491,92.88834381103516,26165700
2023-12-15,91.98304557501308,92.3579674053216,91.7270048014306,92.26652526855469,55527000
2023-12-18,93.39127949088578,94.28742920077259,92.833473371009,92.95235443115234,21610400
2023-12-19,93.27239961464112,94.3605798426533,93.0803690408603,94.17768859863281,18904700
2023-12-20,94.64405995452196,95.04641374625713,92.47684563529596,92.60486602783203,20988900
2023-12-21,92.78774993721524,93.28154583071125,92.18421929741314,93.02550506591797,19250900
2023-12-22,93.555877809248,94.13197654096658,93.10780644414646,93.19010925292969,12927800
2023-12-26,93.94908860240456,94.21427569870744,93.3821431341465,93.40042877197266,16835100
2023-12-27,93.30899265844397,93.77535668390802,92.66888366775852,92.96150970458984,14558800
2023-12-28,92.71459867136429,92.9157755626503,91.56240818819128,91.61727905273438,16329300
2023-12-29,91.78188407144494,91.98305400012299,91.09605751799366,91.42525482177734,17746400
2024-01-02,92.28481154334361,94.27828083563186,92.22080134950542,93.60160064697266,23483000
2024-01-03,93.51929799883045,94.7537912738772,92.96149886677013,94.38801574707031,23490800
2024-01-04,95.17442574867007,95.62249708304648,93.31812324395169,93.56501770019531,19395200
2024-01-05,94.34230673826964,94.55262996823741,93.39129300247319,93.8485107421875,15827400
2024-01-08,92.11108257158992,92.39455531818994,90.4376640850528,92.28482055664062,23370100
2024-01-09,92.6231571836727,92.6231571836727,90.70284434927748,91.14176940917969,19496600
2024-01-10,91.26065216967724,91.26065216967724,89.76097872999239,90.2456283569336,18206100
2024-01-11,90.56567665526471,90.98631607328734,90.12674462360442,90.22733306884766,15833400
2024-01-12,91.57156448530664,92.03792851356826,90.68456099145976,91.39781951904297,18041700
2024-01-16,91.27894460592307,91.4526895706309,89.18488662801295,89.3311996459961,20235700
2024-01-17,88.33446349251527,89.5780962685249,88.31617785312785,88.68195343017578,18384000
2024-01-18,88.70023353197607,88.78252936896494,87.62119948417303,88.51734924316406,20940300
2024-01-19,88.44417903735997,88.71850542808593,88.16070634063361,88.65449523925781,20088400
2024-01-22,88.42590214011099,88.79167770267068,87.57547692220986,88.53563690185547,19955900
2024-01-23,88.52648702041735,90.07188504713534,88.45333749212932,89.5323715209961,15863400
2024-01-24,89.90728266599925,91.12348334685854,89.37690849255246,91.0777587890625,17330600
2024-01-25,91.72700904604254,93.43700568672294,91.09605338954229,93.39128112792969,22089500
2024-01-26,93.24496899650306,94.25999274132299,92.53171057616207,94.18683624267578,20817200
2024-01-29,94.1685653619353,94.36973529985563,93.14439515015646,94.30572509765625,18317500
2024-01-30,93.64733009765283,95.90597961345149,93.36385038733752,95.87854766845703,19610900
2024-01-31,95.77796024198057,95.90598063771411,93.97652141783081,94.01309967041016,22415300
2024-02-01,94.70806995354098,95.11042374443817,92.9249237922251,93.62903594970703,19240700
2024-02-02,94.87267377167272,95.10128262413458,92.91578255272627,93.24497985839844,21973400
2024-02-05,92.76947463980547,93.61989989679225,91.90076374331517,92.86092376708984,17190900
2024-02-06,93.33642368307018,94.22342716283245,92.87920596992168,93.50102233886719,13347900
2024-02-07,93.50101898168259,93.93995104024414,92.52257338973976,93.47358703613281,13826800
2024-02-08,93.58332583660248,95.48535335332862,93.37300957823317,95.07386016845703,19636900
2024-02-09,95.1927163747251,95.86939656489078,92.99807018932007,93.06208038330078,20410500
2024-02-12,93.41872566586225,94.55262363091005,93.27241265019747,94.34230041503906,18173100
2024-02-13,94.84067690577747,95.14523970073479,92.84713656737001,93.53010559082031,18917400
2024-02-14,94.01926939803977,94.71146975287775,92.68101115383067,93.06864166259766,17651300
2024-02-15,92.84712913997,95.9297313704095,92.84712913997,95.73591613769531,23196300
2024-02-16,95.9943364479809,96.56655083749172,95.54209386355579,95.73591613769531,20151400
2024-02-20,95.83745362522836,96.09588103426265,94.73916706289708,94.83145904541016,17650000
2024-02-21,95.08064449584977,96.88960108333988,95.05295760628873,96.76961517333984,20991300
2024-02-22,96.13279504272496,97.28646237738846,95.4775058001807,96.68655395507812,20470700
2024-02-23,95.87436631928713,96.06818158385948,94.95143246431793,95.83744812011719,15975900
2024-02-26,95.72669703162295,96.85267741976382,95.10833306155419,96.21585083007812,13360800
2024-02-27,96.61271050253767,97.04649051533143,95.84667375830298,96.01280212402344,16360000
2024-02-28,96.41889802529249,97.30491365416758,95.98511800001039,96.28045654296875,14810500
2024-02-29,96.6127149089339,96.97265854417384,96.18816618637977,96.46504211425781,17566100
2024-03-01,97.57255629052601,98.1909202074682,97.25875515683443,97.68330383300781,18460100
2024-03-04,97.51719970461639,97.69255235825662,96.01281293414982,96.3173828125,18138000
2024-03-05,96.47427636089454,98.08017932403429,96.28046109305237,97.49873352050781,19952700
2024-03-06,98.4032067949697,99.27999111071071,97.96942677130318,98.54164123535156,20472800
2024-03-07,98.38474260268995,99.65839576525472,98.38474260268995,99.09540557861328,15195400
2024-03-08,98.96619674124804,100.0460276220633,98.5416409870592,100.0275650024414,16281500
2024-03-11,99.90756927356783,100.71052409733076,99.06769625822008,100.61822509765625,17577300
2024-03-12,100.65516759198407,100.85821417401262,99.70454681378384,99.97219848632812,14957200
2024-03-13,100.72899984319686,101.84574895691982,100.70131295432027,101.08894348144531,17122200
2024-03-14,101.36582931394898,102.95327670765629,101.23661913459388,102.87944030761719,22121000
2024-03-15,102.30722417777135,103.64548259387504,102.30722417777135,102.69485473632812,38264400
2024-03-18,103.1747714508918,104.16231034580095,102.53794486882171,103.64546966552734,16770500
2024-03-19,103.57163248134262,104.74375531272203,103.42395969300367,104.37458038330078,14878800
2024-03-20,104.03311379338841,104.66070914791096,103.48857911274244,104.28230285644531,16119700
2024-03-21,104.21768715001254,105.13139671817069,103.89466171545347,104.74375915527344,14878000
2024-03-22,104.73453488673344,104.92835014746888,104.125395174628,104.74375915527344,14701900
2024-03-25,105.0575637127933,106.8572819358832,105.0575637127933,105.81436920166016,14011700
2024-03-26,105.82360782524934,106.11894640128035,104.66994041240524,105.0206527709961,13152300
2024-03-27,104.73454116583363,106.19277136375726,104.66993607504858,106.10971069335938,12415700
2024-03-28,106.62655522164303,107.47565274264497,106.1927751502931,107.2818374633789,18482100
2024-04-01,107.43872566594041,108.20475535867473,106.48809794928158,107.9740219116211,13817000
2024-04-02,108.83235671660411,110.38288584937206,108.28782913092006,110.0875473022461,19919600
2024-04-03,110.27213881063592,110.521327850359,109.57993842743952,110.10601043701172,16504300
2024-04-04,109.87527312094329,110.64130283332021,109.49686687818772,110.49363708496094,18467400
2024-04-05,110.73360205459025,112.73636674017145,110.41980089642283,112.0164794921875,21720600
2024-04-08,111.7488278669607,112.35796052253859,110.94587291402607,111.25967407226562,17513900
2024-04-09,111.67499711174722,112.2749055293105,111.06585738398022,111.84112548828125,14132300
2024-04-10,111.8780376588173,113.03170492218338,111.42580206317713,112.78250885009766,17409200
2024-04-11,113.2347479521139,113.2347479521139,111.06584793155514,112.40410614013672,17555900
2024-04-12,113.47471565104489,114.21306555809207,110.44749370671926,111.09355163574219,21556200
2024-04-15,111.75804373353924,112.31180961333972,110.24443295598275,110.45671081542969,15029500
2024-04-16,110.34596242256414,110.95510210795251,108.83235156008075,109.54301452636719,18082200
2024-04-17,109.41380339989786,110.15214620554974,108.09400780120869,109.48763275146484,14538600
2024-04-18,109.82912737091713,110.49364086483158,108.87850663878868,109.38611602783203,13821400
2024-04-19,109.97680516282627,111.61039504173685,109.78298285043907,110.64131164550781,21572400
2024-04-22,110.06909582783575,112.20107082435204,109.30305902217412,111.26890563964844,16340700
2024-04-23,110.75206175831984,111.73036938392853,110.24444532535696,111.70268249511719,13929800
2024-04-24,111.02895282282935,111.91496853651155,110.18907958005417,111.72115325927734,12101200
2024-04-25,111.70267789249316,112.37642267198943,110.19829831717631,111.97956085205078,16041000
2024-04-26,109.82913771606998,109.92142970082328,107.26338251622205,108.8692855834961,27289500
2024-04-29,108.68468678717828,110.79820604440889,108.68468678717828,110.4197998046875,17309900
2024-04-30,109.93064832260272,110.93664281071933,108.88773563656079,109.15538024902344,21083300
2024-05-01,109.16461384242417,109.33997352588116,106.74653167985593,107.0880126953125,27777700
2024-05-02,107.30030008507684,108.22323401001643,106.96804330878442,107.2818374633789,25513600
2024-05-03,107.06031799316406,107.12492307581326,105.33442929749887,107.06031799316406,28023300
2024-05-06,107.67868893278356,109.21998674862637,107.4294998953453,107.75252532958984,31401300
2024-05-07,108.24168126227006,108.51856423501962,106.99572196775,107.21722412109375,30122000
2024-05-08,106.79267546645866,107.93711147451677,106.5157995349458,107.19876861572266,18957200
2024-05-09,107.24490950336825,109.39534704275515,107.23568523478563,109.31228637695312,17564000
2024-05-10,109.40458895306314,109.51534355962335,108.51857322486273,108.8692855834961,13648100
2024-05-13,109.29381125239902,109.86603270324072,108.09400162127528,108.8231201171875,15060600
2024-05-14,108.66495800416332,109.54886396936223,108.37652687631063,109.48373413085938,15079100
2024-05-15,109.42791053074119,110.57233584940317,108.00435327656066,110.33042907714844,18244300
2024-05-16,110.29320929404695,111.00033831402159,109.3627789883087,109.6698226928711,15745200
2024-05-17,110.06990770923872,111.49346493737147,109.75355771486485,111.31668090820312,15104500
2024-05-20,111.40040722928856,111.54927236500872,110.30249934620443,110.41414642333984,11551300
2024-05-21,110.16294646315839,111.1398939970238,109.5860771346238,109.65120697021484,14495000
2024-05-22,109.28833865753374,109.28833865753374,106.96226298263659,107.44609069824219,17879300
2024-05-23,107.55774758429081,109.33487296911701,105.47358557736301,105.61315155029297,15979800
2024-05-24,106.85062074333541,107.07392914410318,105.17585032929962,105.52941131591797,12212900
2024-05-28,105.62243671790866,107.10182447673536,105.20374595333432,106.86921691894531,13978300
2024-05-29,106.56218117056476,106.58079375180014,104.96183991807457,105.72479248046875,13902000
2024-05-30,105.38983485019084,106.1900054600799,105.10140373451678,106.05974578857422,14683700
2024-05-31,106.18072110964277,109.31626705309624,106.05976061303764,109.1022720336914,29037400
2024-06-03,108.20904896178895,108.26487250938224,105.84575509920008,106.48774719238281,19589300
2024-06-04,105.13861716934088,105.22235248364287,103.203320565564,104.83157348632812,19412200
2024-06-05,105.03628018667314,105.31541212724945,103.7243771026528,105.25028228759766,14863500
2024-06-06,104.90600409645666,106.10625989538121,104.31052934175875,106.04113006591797,13154100
2024-06-07,105.8736772259781,106.90645554916523,104.8315926110754,104.9060287475586,13289200
2024-06-10,105.19445351877269,106.27375613641277,104.85949802354786,105.21306610107422,15239700
2024-06-11,104.66410858426377,104.83158633200925,103.56620048207009,104.36637115478516,12462400
2024-06-12,105.41775354428825,105.41775354428825,102.84976398434146,103.21263122558594,13606800
2024-06-13,103.12888430474084,103.14749688475153,102.08680697996182,102.3845443725586,14466900
2024-06-14,102.36595221650472,102.54273626878125,101.03543642505169,101.5192642211914,13313400
2024-06-17,101.57508033837279,101.84490599365314,100.65395627284346,100.8214340209961,21147900
2024-06-18,101.44482046102978,103.01725003240122,101.23082545462577,101.77046966552734,17762900
2024-06-20,102.26360355372597,104.78506895970895,101.96585902595031,103.9662857055664,17433200
2024-06-21,104.11515626522637,104.85949627662089,103.0544662475586,103.0544662475586,52212500
2024-06-24,103.87323728551928,106.56218026292127,103.87323728551928,106.1155776977539,16266700
2024-06-25,106.17140856838058,106.58080019687726,105.56662741681603,106.41332244873047,14188900
2024-06-26,106.43191079710054,106.83199607000365,105.26887303850069,106.45052337646484,15771800
2024-06-27,106.99017605283794,106.99017605283794,106.17139996084475,106.90644073486328,16812700
2024-06-28,107.79966149459462,108.43235441991833,106.70175339178641,107.11114501953125,24565900
2024-07-01,107.66008773037444,108.61842979085901,106.56217970702073,106.96226501464844,11972900
2024-07-02,107.83688314760488,107.87410121487606,105.59454251020499,106.23654174804688,13326700
2024-07-03,106.32026812032551,107.61357277855006,106.32026812032551,106.77618408203125,7732900
2024-07-05,106.63661886997014,106.65522435285989,104.85019437051534,105.4828872680664,12631000
2024-07-08,104.57105325429904,105.65035573124874,103.66853479306819,104.37566375732422,13350500
2024-07-09,103.38011053322377,104.71062613757562,102.92420167678175,103.22193908691406,11727000
2024-07-10,103.20334335779081,104.17099187338226,102.73812813483076,104.13377380371094,10004100
2024-07-11,103.677855730194,105.43636855002232,103.21264054825804,105.3712387084961,13082700
2024-07-12,106.05975013822056,106.20862239668662,104.79436433573903,105.38983917236328,11684900
2024-07-15,106.32027084147195,108.07879069847874,105.67827873989305,107.19487762451172,13032500
2024-07-16,106.39470309410432,108.25556368901168,105.79922827162355,107.96713256835938,13614100
2024-07-17,108.61843707094344,109.95825904649645,108.44166013150591,109.45582580566406,13602800
2024-07-18,109.74426185005791,111.57721085729398,109.26974746134746,110.5351333618164,13033600
2024-07-19,110.33972983992317,110.60955548846644,107.80896529570148,107.99504852294922,16157700
2024-07-22,107.16696658124074,107.87409562551305,106.60870979833952,107.25070190429688,12065900
2024-07-23,106.82270791586586,107.15766341509834,105.29680268541583,105.52011108398438,11251700
2024-07-24,105.85505039812574,107.18556598958368,105.20375203809166,107.0087890625,14925200
2024-07-25,107.1576549365455,109.8186861373344,106.59009189100956,109.26042938232422,17021700
2024-07-26,108.646335527433,109.81867961233202,108.36721071582231,109.1673812866211,11252500
2024-07-29,109.15809837365629,109.22322822017541,107.35306105781063,108.0229721069336,8861800
2024-07-30,108.26486756256146,110.34902939471476,108.14391418209593,109.94894409179688,12483900
2024-07-31,111.3166839939828,111.42833818896634,110.31181753499116,110.33972930908203,15137700
2024-08-01,110.11641599395374,111.17710588530873,108.2648618290262,108.81381225585938,15051500
2024-08-02,107.90201502704802,110.60026461685648,107.39027546568722,108.74870300292969,20403800
2024-08-05,107.50192731356287,107.95783621366115,105.37124088446203,106.78549194335938,18025900
2024-08-06,106.48775221328799,107.58566032564894,105.72479959951988,106.21793365478516,13647800
2024-08-07,107.41817716413851,108.97200118711905,107.2414002311249,107.6321792602539,13660700
2024-08-08,108.00434665196627,109.89311895041392,107.67869747958211,109.68842315673828,13851000
2024-08-09,109.6884298952015,111.00963924639392,109.19530296120854,110.5816421508789,12151900
2024-08-12,111.23294617394728,111.80980842185848,109.80938183969893,110.72120666503906,13228900
2024-08-13,110.05128619410503,110.26528826986372,109.32555175229442,109.66050720214844,11585100
2024-08-14,109.88381827282456,111.55859567151543,109.44651489102084,110.6746826171875,12194500
2024-08-15,110.90916972488236,112.20349826271918,110.78724255834449,111.359375,11579400
2024-08-16,110.66529563962024,111.12488207701173,110.35578715121221,110.83412170410156,10056000
2024-08-19,111.04986390508874,113.0194968590298,110.83413889532507,111.17179107666016,12417500
2024-08-20,111.28434941357284,111.28434941357284,107.4013563016922,107.46701049804688,15632000
2024-08-21,107.87030234242498,108.3955358424207,106.69790102581328,106.78231048583984,11752400
2024-08-22,106.71665201608197,107.8702980138738,106.5853436463521,107.60768127441406,10609500
2024-08-23,107.88904957854777,109.47413833038354,107.88904957854777,109.09896850585938,10381400
2024-08-26,110.44957449037804,111.55632151178526,109.66171716128642,111.43438720703125,13671000
2024-08-27,111.57509538169782,111.99716417842305,110.11194072689896,110.37455749511719,9991600
2024-08-28,109.73676532127105,110.28076125990657,109.04270573225635,109.28656005859375,10742900
2024-08-29,109.92434870211187,111.41564695372173,109.1271172080973,110.79661560058594,10753900
2024-08-30,109.53980514603167,110.69344408146186,109.07084460023434,110.61841583251953,13284700
2024-09-03,108.64876875535772,108.88324901301942,106.96051519365521,108.30174255371094,15725100
2024-09-04,108.13291695635395,108.93952961871048,106.90424269066257,106.9792709350586,12620600
2024-09-05,107.92656729111384,108.12352983896749,106.05072532400956,106.14451599121094,17200800
2024-09-06,106.53844489443793,107.09182201551054,104.79391838599196,105.64742279052734,13467700
2024-09-09,105.86314984952548,108.93952970094247,105.66618729076923,107.87030029296875,21645300
2024-09-10,107.95471553049366,108.23609471850534,103.33076429186562,103.94041442871094,20913400
2024-09-11,103.90288535844729,104.06233020818286,101.07974119582177,102.90869140625,19571900
2024-09-12,103.0775145819647,104.41874183639983,102.94620622047614,104.324951171875,15919500
2024-09-13,104.55006580017995,105.48798689693474,104.04358754923994,104.24993133544922,10035400
2024-09-16,105.09404959920325,106.06948112993862,104.75639747096052,105.71307373046875,11729000
2024-09-17,105.34729364076983,107.2700346846158,105.1597122902448,107.09182739257812,12202600
2024-09-18,107.02618639862092,108.4518234433669,106.74480718237479,107.46701049804688,12569900
2024-09-19,108.94889890890697,110.28074491512159,108.03911445983525,108.798828125,12660600
2024-09-20,108.2923659235834,108.33926483940871,107.1574822871558,108.1141586303711,36206200
2024-09-23,108.17043849111822,110.47772345973343,107.97347592552825,110.07441711425781,16066300
2024-09-24,110.5246122151813,110.82475381832494,109.57731711439546,109.78366088867188,11984900
2024-09-25,109.25842034696798,109.783660997219,106.96051665284243,107.64519500732422,13816000
2024-09-26,104.24055570101753,106.43529490591182,104.24055570101753,105.7975082397461,16887900
2024-09-27,106.69789749619261,108.8832480396793,106.2195557712233,108.63001251220703,15964000
2024-09-30,108.29236453866486,110.10255246751561,107.82340400948871,109.94310760498047,13247600
2024-10-01,108.83636600979648,113.11328396373696,108.73319411566457,112.48487854003906,23235900
2024-10-02,114.36071684661938,115.19546603007304,112.73811023995324,113.97616577148438,17129700
2024-10-03,114.33258081251952,115.52373743276117,113.42279622214986,114.97036743164062,16524300
2024-10-04,115.55186502833796,117.41833298164764,114.82966900255995,117.08068084716797,19752300
2024-10-07,117.47462035136839,118.49695093801975,117.10883168680779,117.58717346191406,15714400
2024-10-08,116.1896459485224,116.32095431046065,113.73229761301883,114.46387481689453,14818500
2024-10-09,113.39465156881919,114.97035915224829,113.30086089894937,114.51077270507812,11144900
2024-10-10,115.51436026763767,116.02083133894084,114.69836637583633,115.49559783935547,10243300
2024-10-11,115.45808250514696,116.33034938813454,115.30801885466227,115.9364242553711,8294800
2024-10-14,115.58937807857403,116.54606147304777,115.00787165817735,116.37723541259766,9808100
2024-10-15,113.31962348667126,114.3794717205873,112.3441847143568,112.87879943847656,15771300
2024-10-16,113.38528113909746,113.90114060609868,113.11328316156683,113.16956329345703,8426800
2024-10-17,113.2633505122702,114.03244550408758,112.27853052563228,112.87879943847656,11204900
2024-10-18,112.96321233926093,113.15079368493949,111.75329333905624,112.55990600585938,12898600
2024-10-21,113.46969497513703,113.93865551335243,112.28791241521863,112.62556457519531,10177800
2024-10-22,112.79438139375688,113.66664820944742,112.49424696017354,113.20706176757812,9201400
2024-10-23,112.52238470435452,113.25396194716465,111.98777001493409,112.80375671386719,8320300
2024-10-24,112.55053620756752,112.96322379684179,111.73454224398532,112.16598510742188,9905600
2024-10-25,112.7381047732611,112.9538297583736,111.9127368441859,112.07218170166016,10714600
2024-10-28,109.53980759631395,111.62199361115344,109.52104516683114,111.5188217163086,11844500
2024-10-29,111.21867455921185,111.7720445177355,109.8024118371687,109.99937438964844,14731000
2024-10-30,110.35579900753713,110.92792428976828,109.24905183386909,109.44601440429688,12303700
2024-10-31,109.87744410485747,111.30308084418954,109.43662009986919,109.53041076660156,20512000
2024-11-01,112.48487603163163,112.50363130479639,107.71085398707507,107.81402587890625,20939300
2024-11-04,108.86449816904357,111.33122800390267,108.73318979187357,111.24681854248047,14965400
2024-11-05,111.6876339672255,111.80956112067894,110.68405878732149,111.57508087158203,10436700
2024-11-06,113.62913868787086,114.3419607023416,111.89398614523262,113.48844909667969,20807700
2024-11-07,113.76983235746506,113.95741371526445,112.18474340771083,113.62914276123047,12184400
2024-11-08,113.4697018570666,113.88238228980164,112.23164624732075,113.59162902832031,12836000
2024-11-11,113.48845293334288,114.06996659056618,112.616186025393,112.9913558959961,11969700
2024-11-12,113.61037672876994,113.779202807743,112.40045768875787,112.87879943847656,11972800
2024-11-13,113.08513753089439,114.47326379438152,111.42502046763641,113.92926788330078,15127900
2024-11-14,115.04511763685967,115.25314975776726,113.78743053752434,114.00492095947266,13041800
2024-11-15,113.85362196189949,114.64794608392222,112.6526702634422,112.82288360595703,19051700
2024-11-18,113.27680069011575,114.06167381199771,112.78506999573915,113.76852416992188,14239700
2024-11-19,113.2389613823231,113.2389613823231,111.77323498799754,112.17985534667969,11584400
2024-11-20,112.69049563439015,113.91981501409778,112.18931391044723,113.77796936035156,11360900
2024-11-21,114.49664788521001,115.88672229561942,113.73068424636159,115.30043029785156,14675400
2024-11-22,115.19640510081798,116.51082747137258,115.02619176864555,115.16803741455078,13323400
2024-11-25,114.82761468689148,115.25314442462656,113.10657192017555,113.4469985961914,26580300
2024-11-26,113.03092551151803,113.17277116927244,111.44227001672235,111.55574798583984,14827300
2024-11-27,111.66921690965505,112.27442552045656,111.04510612616527,111.26260375976562,11079100
2024-11-29,111.05457170481684,112.05693523028178,110.59120871907871,111.54629516601562,9426500
2024-12-02,111.63139067497674,111.7732291063571,110.46826503567299,111.4422607421875,12687300
2024-12-03,112.26496896849113,112.26496896849113,110.88435281091847,111.27205657958984,11756600
2024-12-04,111.11129145729448,111.15857574374229,107.6692060693149,108.06636810302734,19520600
2024-12-05,108.47299852126784,109.3335235555471,107.85833881314979,108.53919219970703,15751200
2024-12-06,108.3122494761231,108.529739911085,107.32879533156562,107.39498901367188,16171100
2024-12-09,108.40679669563343,108.69048799023506,106.6195602975234,106.76140594482422,17412600
2024-12-10,107.41389090317223,107.68812391405827,105.67393868667152,106.54391479492188,20990900
2024-12-11,105.91035352209859,106.27914792594741,105.0687450400261,105.83470153808594,32392200
2024-12-12,105.52262993900365,106.26967695931401,104.75667353222885,105.74012756347656,14543300
2024-12-13,105.81578622294595,105.81578622294595,104.25549840928083,104.81341552734375,13106100
2024-12-16,104.20821345220341,104.39734340043357,102.2791384822446,102.57228088378906,20256100
2024-12-17,101.40916086773758,102.28859533652992,100.98363108572235,102.13729858398438,17554000
2024-12-18,101.72121707231194,102.9127105293603,100.52972361526359,100.63374328613281,17114500
2024-12-19,101.55098659531411,101.81576127121212,99.48951734280544,99.77320861816406,20565600
2024-12-20,99.71648578325659,100.36897151706529,99.13965203313562,100.11365509033203,40141200
2024-12-23,99.5840867165366,100.80394775551166,99.21529235761037,100.520263671875,12285100
2024-12-24,100.72828549434006,101.36186170035688,99.95287086827415,100.61481475830078,7807000
2024-12-26,100.7283036021954,101.21057596076606,100.17984477874931,100.69993591308594,9652400
2024-12-27,100.5202773634622,102.11838406495981,100.01908837309,100.69049072265625,11943900
2024-12-30,100.52027599592809,100.76613412230884,99.77322888599357,100.00963592529297,11080800
2024-12-31,100.39733351326339,102.03327329851932,100.02853913191474,101.7212142944336,12387800
2025-01-02,102.3926098405288,103.07346322903342,101.06872905338871,101.47534942626953,12685400
2025-01-03,102.1278249661572,102.59118067046133,101.61718497557813,101.99543762207031,14237900
2025-01-06,102.3547796694016,103.81104775430923,101.67392630871028,101.88196563720703,15623700
2025-01-07,103.01671538870653,104.07581411863453,102.39259745322553,102.83704376220703,12625900
2025-01-08,101.47534865240377,101.8536013336406,100.24603645659636,101.11601257324219,17858100
2025-01-10,102.78976814712155,104.11364888576803,100.0285359189475,100.7472152709961,19304500
2025-01-13,101.30513426797638,103.66920448325739,101.30513426797638,103.34769439697266,17073400
2025-01-14,102.8748837991852,103.79214422776434,101.96708167186347,103.75431823730469,11191200
2025-01-15,104.06637481288595,105.65503030217259,103.51790878590812,105.44699096679688,14521100
2025-01-16,105.14438967108975,105.61720371624861,104.53918827045199,105.26731872558594,10366600
2025-01-17,104.99308296049098,106.73304235262624,104.79450193247987,106.21294403076172,19298500
2025-01-21,105.95763812192664,106.0805671853747,105.08765473240777,105.40917205810547,20416300
2025-01-22,105.15383546657407,105.5037204396319,103.45170931838834,103.57463836669922,15718000
2025-01-23,104.31223118945626,105.09710422730271,103.65029441932653,104.16093444824219,13726800
2025-01-24,104.2460245638591,104.69047086055632,102.51553087559061,102.75193786621094,14235900
2025-01-27,103.08292285525904,104.44462243520285,102.49663082660562,104.17984771728516,15926700
2025-01-28,104.40680595227781,104.84179402906241,101.92925763886623,102.16566467285156,15862000
2025-01-29,101.85359625447286,102.86541797794688,101.62664754287603,102.76139831542969,12345500
2025-01-30,103.30042113035957,103.8772549016095,102.78978104361845,103.61248016357422,14346300
2025-01-31,104.53919162046263,104.53919162046263,100.33114215495786,101.02145385742188,20376500
2025-02-03,100.84177373409437,101.4658917042654,99.59354500832173,101.26730346679688,14623200
2025-02-04,100.90797096488379,104.28386290229066,100.73775762288976,103.98126220703125,14835700
2025-02-05,103.7732293986677,104.02855303499118,103.1680279701107,103.9056167602539,13364400
2025-02-06,104.74722061888653,105.01200254499247,102.11837567639213,102.53445434570312,13411400
2025-02-07,102.86542460568305,103.76377563852515,102.43043654102506,102.96944427490234,10051600
2025-02-10,104.02854588101921,104.99308333689818,103.90560961473618,104.93634796142578,12142200
2025-02-11,105.5321034351297,106.39262854184233,104.79451460913056,105.59829711914062,12713100
2025-02-12,104.9972185521628,105.16895440730048,102.25898777277376,102.42118072509766,18244100
2025-02-13,102.23036646446549,103.43251745185245,101.62928733122097,103.16536712646484,15460000
2025-02-14,103.53746012355337,105.16895438659107,103.13674555467838,103.27031707763672,15733500
2025-02-18,103.6424114864913,105.89405615693919,103.34664700761877,105.08308410644531,20060300
2025-02-19,105.6746119035709,106.9817056154373,105.00674705483698,105.23573303222656,10964700
2025-02-20,105.49333737412131,107.25839583220866,104.90180116087555,106.85768127441406,16325800
2025-02-21,106.20891339170564,106.71457809348759,105.48380558281505,105.60784149169922,14710000
2025-02-24,105.83681556155507,106.72411629625529,105.25482221518705,106.16120147705078,13153500
2025-02-25,106.18981749295453,106.98170365987149,103.89046581263393,104.69190216064453,14497000
2025-02-26,104.70144632846328,104.82548222718026,103.53745967986977,104.4343032836914,10446400
2025-02-27,104.95904933284419,106.18027878846979,104.26256304190991,105.09262084960938,15293200
2025-02-28,105.0544506601297,106.45695878704518,104.31980007979239,106.21843719482422,18821700
2025-03-03,106.5714506005605,107.0103367610099,101.61974701204777,102.8123550415039,18706900
2025-03-04,101.47663286516655,103.95725611727569,101.07591831317775,102.60245513916016,19394900
2025-03-05,100.98051336566097,101.44802099948339,98.91014737279863,100.59888458251953,24822200
2025-03-06,100.58933555909215,103.14628755772134,99.5684633401862,102.67878723144531,17150200
2025-03-07,103.43250984392478,105.33113973674594,103.32755975787472,104.01449584960938,19625000
2025-03-10,104.26256813965618,107.40151349531523,104.07175375754828,106.6668701171875,22749100
2025-03-11,106.781352242652,106.9530880924127,103.79506431642064,104.14807891845703,19904700
2025-03-12,104.04313966880363,105.07354759562867,103.44206049246121,104.11946105957031,14051500
2025-03-13,103.35618661156289,105.73185982784803,102.68832173080712,103.68057250976562,17767800
2025-03-14,103.93818066446423,107.029418738358,103.33710153960851,106.76227569580078,15890100
2025-03-17,106.66687935535609,109.24291013242727,106.60009358792396,108.5368881225586,19908800
2025-03-18,108.85172217048452,109.28106545063756,107.40151393486391,108.4223861694336,15998700
2025-03-19,108.95667865551498,110.50230145233859,108.60367129855524,110.11112976074219,17315000
2025-03-20,109.45279860950036,111.12244989548778,108.96621248229262,110.57862091064453,16230800
2025-03-21,110.19698333740234,110.66448365280644,109.09978248038706,110.19698333740234,41102800
2025-03-24,110.36872995747758,111.54225959086332,110.27332276040536,110.48322296142578,14207500
2025-03-25,111.08428080697632,112.23872448750056,110.63585903042939,111.23693084716797,12081800
2025-03-26,112.27689047838969,113.70802011197941,112.27689047838969,112.83979797363281,14110800
2025-03-27,112.6775987802127,113.60306372326818,111.87616972381498,112.47724151611328,12740800
2025-03-28,112.67760754527073,113.02107924733124,111.8570926213597,112.32460021972656,10233400
2025-03-31,112.3818397493789,114.40450557061007,112.3818397493789,113.46949768066406,21652300
2025-04-01,113.74619111850504,113.80343397789585,112.51541868788759,113.57445526123047,12425400
2025-04-02,112.95429250960764,113.38362849391564,112.25781348803227,113.221435546875,12614600
2025-04-03,109.11888221644412,110.14929016656477,107.07713756544744,107.26795196533203,21204600
2025-04-04,104.82548166369767,105.7414037890358,99.06279858923106,99.54937744140625,30841300
2025-04-07,95.78073040169923,100.94234117352013,93.9393434106729,98.21365356445312,35068500
2025-04-08,100.61795540569199,100.75152692538437,94.46410075995801,96.1432876586914,27147800
2025-04-09,94.8075759495565,101.68653858318575,93.6245034757554,100.94235229492188,30063300
2025-04-10,98.94830347620935,99.01508923561397,93.30965642047127,95.34185791015625,33999300
2025-04-11,95.69487784327296,99.15820918093998,94.2542052054557,98.40447998046875,22884600
2025-04-14,100.20769894147189,100.2649417993093,98.00376156550836,98.64299774169922,18020000
2025-04-15,98.88151766868603,100.5702547371125,98.27090293182614,98.3663101196289,13164900
2025-04-16,99.17728689155166,100.74198813969231,98.93876527105336,99.4062728881836,13607000
2025-04-17,99.88330903611559,103.56608317741076,99.66386595803561,102.01091766357422,17916500
2025-04-21,100.76107263792318,100.78015116451047,99.33948583635168,100.51300811767578,16926500
2025-04-22,101.2667377762235,103.93818281528044,101.2667377762235,103.32756805419922,13147000
2025-04-23,103.81414133992091,104.2816489280658,101.58158260444385,102.44026184082031,14235700
2025-04-24,103.01271699530272,103.88093189504404,102.04908762559026,103.64241027832031,9849600
2025-04-25,103.17490186198036,103.76643804557389,102.48795849499471,103.58515930175781,11245800
2025-04-28,103.75690327482445,104.23394650827191,102.73603104641096,103.64241027832031,13890900
2025-04-29,102.79328274991164,103.83324087344292,102.58338254447766,103.38481903076172,9483100
2025-04-30,102.48796702471762,102.48796702471762,99.36810746562098,100.7801513671875,20379300
2025-05-01,100.27448447242551,102.01092152083714,100.1599987570128,100.92326354980469,18610300
2025-05-02,102.77419153116102,103.99542099841271,99.74973929131089,101.3335189819336,16581900
2025-05-05,99.84515509463252,99.85469799791629,98.33769665630227,98.52851104736328,19624000
2025-05-06,99.1200389424679,101.11408337257942,98.72886729006916,99.90238952636719,16303400
2025-05-07,100.16954183477145,100.45577070280711,99.29178398214573,99.80699157714844,12332200
2025-05-08,100.50347242567776,102.45935274034971,100.50347242567776,101.19995880126953,19196500
2025-05-09,102.22081792069234,102.80281121617001,101.49571020714443,102.38301086425781,10992100
2025-05-12,105.20710816636254,105.3693083927101,103.34664252653981,104.14807891845703,14244600
2025-05-13,104.30073176130546,105.43609698068799,104.01450291099157,104.4343032836914,13350800
2025-05-14,103.8618483150062,103.8618483150062,102.97454765280234,103.49929809570312,15494900
2025-05-15,102.5364182716989,104.61622899016453,102.03572717992571,104.548828125,15004300
2025-05-16,104.61624567613576,104.8473333441086,103.46079264398253,104.17332458496094,14042500
2025-05-19,103.57632576040372,103.57632576040372,101.7950108477382,102.51716613769531,16802700
2025-05-20,102.44013703873874,102.75788713734026,100.88990972317289,101.05359649658203,12429300
2025-05-21,100.64918835125309,101.07285513703019,99.79223133176284,99.81149291992188,16716100
2025-05-22,99.2337650956297,99.62854685439093,98.10720458515205,99.14710998535156,13417400
2025-05-23,98.79084376076683,99.62854655498961,98.28052185650168,99.20487976074219,12061600
2025-05-27,99.6477964831327,100.00406239433833,99.07970453011797,99.67668151855469,13043600
2025-05-28,100.41810344268559,100.5529051788848,98.01091908749459,98.31903839111328,14292400
2025-05-29,98.48272829783883,99.03156605444025,97.97240637368327,98.87751007080078,13825300
2025-05-30,98.36718952958898,98.58864638658616,97.43320078154211,98.50199127197266,28645800
2025-06-02,99.89814499476937,99.99443089421038,98.42494942950654,99.22413635253906,17290500
2025-06-03,99.07971642388539,100.77437638479212,98.41533114485188,99.94630432128906,19194300
2025-06-04,100.06184210416772,101.02471589041909,98.50199127197266,98.50199127197266,15648500
2025-06-05,99.15674478935911,99.22414565990444,97.95315256808973,98.0494384765625,13924800
2025-06-06,98.94490779654164,100.62030605089956,98.86787613409805,100.39884185791016,15487800
2025-06-09,100.45661451036285,101.92017929661513,99.97517766215387,101.0728530883789,17087300
2025-06-10,102.14165097032053,103.65336249072229,101.99721843603626,103.23932647705078,17634800
2025-06-11,103.7592819023642,105.32876353900765,102.50754303407103,105.2517318725586,22648200
2025-06-12,104.87621043073194,106.09906424606112,104.20220172269977,105.65614318847656,17469400
2025-06-13,108.17886193405955,108.35217949904542,106.57086457044517,107.95740509033203,28540200
2025-06-16,107.6685464062479,108.95880109887848,107.00416114345298,108.30404663085938,22986100
2025-06-17,109.71945439007138,110.66307384161055,108.91064401401775,109.7676010131836,19451700
2025-06-18,110.35496516988461,110.9615730102809,108.74696771079476,108.98768615722656,17968900
2025-06-20,109.23802009912195,110.76899312695922,108.97804742820651,110.44161224365234,36273300
2025-06-23,112.36736767540006,112.60808612144518,107.03305337564711,107.59151458740234,26631100
2025-06-24,105.19396005659019,106.82121908923851,103.9037127225486,104.31774139404297,24828300
2025-06-25,104.09627706097525,105.18432170537307,103.70149531492034,104.34662628173828,17483200
2025-06-26,104.89547343554061,106.33978412607817,104.51995324369237,105.90648651123047,18304800
2025-06-27,105.85835191696557,106.01240791078341,104.34664028777212,105.31913757324219,22002100
2025-06-30,104.606608619303,104.79918044006295,103.72076648997667,103.79779815673828,19199000
2025-07-01,104.11553572393119,105.56947714029376,103.17192356475611,105.184326171875,15536900
2025-07-02,105.91611884569635,107.22562781184375,104.78955825377581,106.92713928222656,11892200
2025-07-03,106.74417662461936,108.29440383525375,106.51308899861627,108.034423828125,11223600
2025-07-07,107.39894508759893,107.89001278505266,106.12795195888775,106.98490905761719,15415900
2025-07-08,106.7730676374945,110.21052656958359,106.73455180664708,109.95055389404297,17913400
2025-07-09,109.69059051793585,110.02759490631183,109.0647210274406,109.5750503540039,10652100
2025-07-10,109.48837117973027,110.99045185082323,108.87213257896681,110.66307830810547,14901700
2025-07-11,110.58604745949337,111.46226608816855,110.25867391436879,111.14451599121094,11683900
2025-07-14,110.95193652305136,110.95193652305136,109.01655838425674,109.69056701660156,13220300
2025-07-15,109.44023392561274,109.8253775486079,108.41958275547317,108.71807861328125,10959300
2025-07-16,108.68918603391911,109.28617040231443,107.93814568583247,108.06332397460938,11158900
2025-07-17,107.35079409695216,108.06332597289979,106.96564312138607,107.51448822021484,13151400
2025-07-18,106.98490793447233,107.58189233189675,103.35486961401331,103.76890563964844,32366600
2025-07-21,103.60520798430053,104.7317684429792,103.45115201328608,104.03850555419922,17010400
2025-07-22,103.97110800643856,105.37690276270683,103.61484208375289,104.51031494140625,13970900
2025-07-23,104.88582781942134,105.91610233923912,104.80879616373666,105.84870147705078,12002700
2025-07-24,105.58873603781592,106.83083667643824,105.07840679363585,106.6767807006836,15647200
2025-07-25,106.61901199774485,106.85973043169554,105.62724587910735,106.30126190185547,10548900
2025-07-28,106.8789836611563,107.94777408545934,106.72492033873907,107.30265045166016,12353000
2025-07-29,107.74557393641399,108.8047335906339,107.2737678565253,108.6891860961914,15928000
2025-07-30,108.23664262449778,108.42921443757189,107.12933633396219,107.74557495117188,12996900
2025-07-31,106.26275432622472,108.32330369323108,106.26275432622472,107.49523162841797,17233700
2025-08-01,107.84186360975019,108.36181633369162,104.8184405212398,105.5694808959961,19652000
2025-08-04,105.16507353667451,105.83908223210184,103.11414772060712,103.38375854492188,19129500
2025-08-05,103.23932119740034,103.81704395884887,102.132014952707,103.25857543945312,21314300
2025-08-06,104.28885532310031,105.00138719969958,102.42088521103375,102.5556869506836,15321800
2025-08-07,103.16230170225022,104.04814386400987,101.9587094130732,102.0164794921875,13468300
2025-08-08,102.54605771765384,103.51856229377444,102.01647419943372,102.83492279052734,14417700
2025-08-11,103.13340955581646,103.53781477403791,101.61206724405704,101.90093231201172,13570700
2025-08-12,102.39199142506507,103.29709510415664,101.85278447384988,102.18978881835938,14109400
2025-08-13,102.06461288940845,103.60520935058594,101.8142636687973,103.60520935058594,17958700
2025-08-14,103.557080971222,103.59558945892859,102.48829045683249,103.39338684082031,13683500
2025-08-15,103.19902440302852,104.53043184516203,102.96577897336046,103.49057006835938,19271900
2025-08-18,103.1115564920614,104.20973334395688,102.6936676947345,103.71409606933594,13040000
2025-08-19,103.20873276921256,104.43324526924799,103.16014553442298,104.39437103271484,16113600
2025-08-20,104.84142060337798,106.25058396703406,104.64705682228893,105.47311401367188,18959700
2025-08-21,105.36621385305946,106.48382415331317,104.9191712158586,106.15340423583984,12194900
2025-08-22,106.51297186111358,108.27199589706909,106.51297186111358,108.1456527709961,13586700
2025-08-25,107.77634523854397,108.76761222531339,107.42648455744848,108.59268188476562,9744900
2025-08-26,108.23310853153694,108.66071026510373,107.251554539153,108.34972381591797,18143900
2025-08-27,108.28170113250543,109.79776663517016,108.28170113250543,109.5742416381836,15262600
2025-08-28,109.69086501091255,110.44889405961052,108.91339513740054,110.15734100341797,14189800
2025-08-29,110.51691696705754,111.5567786110806,110.38086085770887,111.07086181640625,14597900
2025-09-02,110.96396512433365,111.99410640835276,110.13790801462953,111.45960235595703,15206700
2025-09-03,110.75987893875846,111.20692151454529,108.32057447471314,108.75790405273438,14920100
2025-09-04,108.95226770233171,109.94353473208668,108.2428258975398,109.23410034179688,12864400
2025-09-05,108.45664548805941,108.63157586039915,105.94931262269087,106.15340423583984,16826700
2025-09-08,106.63930512241828,106.95029158055625,105.29816999741539,106.75592041015625,15440500
2025-09-09,107.41677115372212,109.34100502528872,107.41677115372212,107.53339385986328,14899500
2025-09-10,108.02903006178224,109.38959121459888,107.71803618170735,109.33128356933594,15837600
2025-09-11,108.2622676158315,109.59367494058706,107.74719697943684,108.9814224243164,11534500
2025-09-12,109.68115036518988,110.03101108521462,108.72875009078862,109.00086975097656,11105700
2025-09-15,109.02029878756257,109.29241102232862,108.18452125820836,109.18550872802734,12880500
2025-09-16,109.77832745457134,112.07185544585985,109.60339710220181,111.44988250732422,17208000
2025-09-17,111.30410607559392,112.23706548421598,110.83763007853405,112.0427017211914,13302000
2025-09-18,111.92607995354716,112.10101030753755,110.20593765139351,110.72100830078125,14628700
2025-09-19,110.69185507886297,110.76960355094826,109.46734259427805,109.64227294921875,38746500
2025-09-22,109.28268825518494,109.62283595581596,108.41775692138489,108.86479949951172,15611500
2025-09-23,109.54508914296424,111.51791024684958,109.31185114530597,110.74044036865234,25369100
2025-09-24,111.3429723649332,112.49945669155126,111.24579049035646,111.333251953125,14756100
2025-09-25,111.41101237450077,112.63552488617954,111.18749478043796,112.3342514038086,15012600
2025-09-26,112.69383010504892,115.02623236742072,112.6549558689841,113.91834259033203,18568900
2025-09-29,112.7910162029508,113.21862540114104,110.46833426642237,111.00284576416016,19189300
2025-09-30,110.15734033251518,110.29339644737581,108.78705877156106,109.5742416381836,18076200
2025-10-01,109.38959246283336,109.83663504878889,108.15536699883687,108.83564758300781,16614000
2025-10-02,108.8162121516571,109.90466106611652,107.90268617173395,108.15536499023438,13062600
2025-10-03,108.74819838675145,110.54608934596097,108.74819838675145,110.06989288330078,12950100
2025-10-06,110.09904125150992,111.53735098177359,109.99213895087513,110.98340606689453,12036800
2025-10-07,110.85706675882555,111.28467594749493,108.59269252173914,111.04171752929688,11945000
2025-10-08,111.1583323936962,111.77059235046264,110.2156599629254,110.8084716796875,12301000
2025-10-09,111.20692788321571,112.2565100331723,109.56452659751527,109.72974395751953,10976200
2025-10-10,109.09804160628607,109.44790229414498,107.59169656608793,107.61113739013672,13811600
2025-10-13,108.39832506981655,109.13692071210326,108.18452048274652,109.07860565185547,10296500
2025-10-14,107.64030054987607,109.77833168160478,107.59170590004028,109.12720489501953,11167200
2025-10-15,109.62283878732902,110.37114743614104,107.84438142670133,108.46635437011719,12182900
2025-10-16,108.7287610861345,109.03003460104077,107.28073082401632,107.52368927001953,11782200
2025-10-17,108.48578653843487,109.72973982552386,108.04846436633875,109.07860565185547,13460100
2025-10-20,108.84536184926239,109.96297195829358,108.82592843988441,109.52564239501953,9523600
2025-10-21,109.71030022674081,110.16706322885845,108.83564845827111,109.53536987304688,9202300
2025-10-22,110.25452952377394,111.93580507533065,109.89495580258458,111.47904205322266,12938800
2025-10-23,113.34495804742382,113.5587626407378,112.11073255125102,112.71327209472656,15001100
2025-10-24,113.07284436855093,113.18946707646688,111.93580077075434,112.13988494873047,9919400
2025-10-27,112.44115490567556,112.72298756536166,111.85805617489514,112.67440032958984,10975400
2025-10-28,112.23706639389255,112.90763398641612,111.7511495678905,111.79002380371094,9535200
2025-10-29,111.68311681833045,113.75312715544378,111.57621452793951,113.1700210571289,12570600
2025-10-30,113.15059081063988,113.23805227913105,111.30410541485863,111.45960235595703,16172900
2025-10-31,110.76959902188928,111.98439104416849,109.44790470848932,111.1388931274414,20213400
2025-11-03,111.27495623795205,111.75115266456905,110.43917868090855,110.55580139160156,12290300
2025-11-04,110.18649893854,111.12917878564296,109.34100839013,110.92509460449219,16860700
2025-11-05,110.87649817506842,111.9358007148948,110.46832981931985,110.4780502319336,12400900
2025-11-06,110.43918576822759,111.70257259771944,110.43918576822759,111.27496337890625,14219700
2025-11-07,111.96495486146412,114.2001752409251,111.66368880008984,113.91834259033203,17181100
2025-11-10,114.13215338689474,115.11370009651469,112.20791937682769,114.89018249511719,13048000
2025-11-11,115.4829957289592,117.40722222583193,115.4829957289592,116.40623474121094,16077100
2025-11-12,115.74539214107791,115.92032250358848,114.472292367225,114.79299926757812,13790900
2025-11-13,115.28862536860791,116.38680215875796,114.9484850676996,115.44412231445312,17291900
2025-11-14,116.12054640396673,117.13029659441288,114.36575532080614,116.94403076171875,17064300
2025-11-17,116.63032375061441,117.14989951410585,114.80690212217205,115.36569213867188,16034900
2025-11-18,114.95396016235371,117.13030271084352,114.18930088409608,116.68914794921875,15808500
2025-11-19,114.55201596702355,115.85586186327224,113.65011056424346,115.04218292236328,15919200
2025-11-20,115.65979317287263,116.66953586139736,114.44417378999563,114.71866607666016,14401000
2025-11-21,114.68925477292015,115.07158437525726,113.37561100680882,114.7774887084961,15667600
2025-11-24,114.89512993221705,114.89512993221705,112.48350943901481,113.68932342529297,18034900
2025-11-25,112.914847977459,113.62068951387047,111.94431960456993,112.25802612304688,14434600
2025-11-26,112.160003247741,113.46384162902656,112.06196387586725,112.5129165649414,11650600
2025-11-28,112.68937948010587,116.4048458806149,112.5619387649192,113.64030456542969,7240800
2025-12-01,113.81676607945676,115.10100859456215,113.81676607945676,114.33634185791016,12658100
2025-12-02,114.15008279695115,114.3069323331814,112.43449845560603,113.11092376708984,14607700
2025-12-03,113.66970617872575,115.6597901639792,113.60108310884485,115.48332977294922,16819100
2025-12-04,115.1892321392773,116.01270901724688,114.36575526130771,114.83631134033203,13686900
2025-12-05,114.4539771213746,116.44405364250576,114.12066720207453,114.24810791015625,12516900
2025-12-08,113.55207561874306,114.69906446838193,112.77761095258792,113.69912719726562,14904200
2025-12-09,114.60103497720259,118.10082671847627,114.59122954393455,115.92448425292969,23790800
2025-12-10,116.3950417739158,117.51262176910427,116.04212098813484,117.1891098022461,19845200
2025-12-11,116.76756594586071,117.99298326333523,116.72835169417907,117.1891098022461,14781800
2025-12-12,117.09107842247377,117.56163448599445,115.98329637586768,116.48326873779297,14459500
2025-12-15,116.66953969111152,116.68914307822224,114.55201487415584,115.44412231445312,16358700
2025-12-16,114.47358447642657,114.54220754921194,112.35606717379666,112.42469024658203,17638700
2025-12-17,112.9442739961624,115.30688241650844,112.90505974046134,115.10101318359375,18502200
2025-12-18,114.68925515143077,114.68925515143077,113.356000515523,114.24810791015625,13705600
2025-12-19,114.45398212999562,115.25785562394006,113.67951745617594,114.3951644897461,45412800
2025-12-22,115.03237102421896,116.13034763504118,115.03237102421896,115.82644653320312,11768600
2025-12-23,116.14015038899143,117.66946877503595,115.99309881817479,117.07146453857422,12567600
2025-12-24,116.98324931763564,117.68909094185487,116.77738009046408,116.87541198730469,6137400
2025-12-26,116.55189584262978,117.19891980155684,116.19897504309758,116.76757049560547,8066100
2025-12-29,117.787120887003,118.9145063803753,117.05187045384986,118.1596450805664,14782500
2025-12-30,118.71843302977904,119.40467124297325,118.2576749030489,118.610595703125,11150500
2025-12-31,118.79686542942925,118.87529393853949,117.51263038000505,117.97338104248047,10559900
2026-01-02,117.72829333996988,120.26736200605848,117.25773726088853,120.23795318603516,14175100
2026-01-05,122.74760174540302,123.45344332148551,119.98306055864913,122.8946533203125,30112200
2026-01-06,122.88485740224668,123.32601216113297,118.62040627580554,118.66942596435547,23328600
2026-01-07,117.44400199217434,117.75770853507144,115.94408487086373,116.15975952148438,20353000
2026-01-08,116.64013108932252,121.19867775555002,116.32642453948432,120.49284362792969,20232700
2026-01-09,120.80655047223998,122.40449204572425,120.67910227773142,122.15940856933594,16137700
2026-01-12,122.01235656019075,122.051570813798,120.14972065029409,121.59081268310547,15314900
2026-01-13,122.54172999624801,124.63964381543548,122.35546417326054,124.05144500732422,21619700
2026-01-14,124.84550786994382,129.1295692663085,124.62983323735816,127.63945770263672,27593900
2026-01-15,126.59052276611328,127.63947227278497,125.77684382460471,126.59052276611328,17400000
2026-01-16,126.37484067147311,127.60025798860698,126.33561894044863,127.33556365966797,16592400
2026-01-20,128.92370969178984,129.34526106003074,127.51204139853334,127.89437103271484,16477300
2026-01-21,129.31585712353169,131.10005716420434,129.31585712353169,130.982421875,18879900
2026-01-22,130.4334321339966,131.54119930090036,129.2570344119412,131.01182556152344,16600100
2026-01-23,132.43330911480464,133.30580572799937,131.83530480966832,132.315673828125,17758200
2026-01-26,134.2371113879926,134.24692430039343,131.53139525667265,132.18821716308594,16056100
2026-01-27,132.59013948582688,134.23709300314297,132.06076584346266,134.13906860351562,14517000
2026-01-28,134.9821659317197,135.2958649752726,133.98222124790016,134.87432861328125,15637300
2026-01-29,137.56045323507496,139.54071684501432,136.3742426928216,137.7467041015625,35760600
2026-01-30,136.0115249641907,139.413284651152,135.1194175625329,138.61920166015625,29657700
2026-02-02,137.0800772532881,137.56044620113823,135.34488223626485,135.67819213867188,27735600
2026-02-03,135.91348559607266,142.15820749031957,135.58997362759902,140.90338134765625,37577800
2026-02-04,141.28570982267485,144.9325529451777,141.28570982267485,144.68746948242188,29426200
2026-02-05,143.6973508081906,143.8443949157971,140.97202365001937,143.20718383789062,18431700
2026-02-06,143.73655519939692,146.62855224315575,143.2169794161954,146.1187744140625,17216000
2026-02-09,146.32461944756733,148.56959225474523,145.70701931770182,148.2362823486328,21297300
2026-02-10,148.3735398653639,148.79507625683397,146.87363021409703,148.6088104248047,15800300
2026-02-11,150.9420202819541,153.84380041252888,150.5498926833496,152.50074768066406,23091500
2026-02-12,151.86914039995418,153.2112816986525,147.9118045030338,147.9611358642578,30652500
2026-02-13,148.573009056918,149.66843335045488,146.0367505798841,146.50057983398438,20166000
2026-02-17,146.25386332053407,147.17165857121253,143.24391231753378,144.270263671875,19766600
2026-02-18,146.20451859059764,148.99735741858277,145.67161638544218,148.7012939453125,19849700
2026-02-19,150.20133141726754,151.36584368014013,148.85919011306916,148.98748779296875,20305000
2026-02-20,148.51380081276685,148.8295908063359,144.53672317214324,145.345947265625,25908600
2026-02-23,146.2045163413988,149.28355533426253,146.18478981965436,148.78024291992188,16073100
2026-02-24,148.44471274188743,148.7407762133805,146.08609834773506,147.29994201660156,14185500
2026-02-25,147.94141356259428,148.20785713109032,145.39529183251534,147.10256958007812,15225700
2026-02-26,145.8689764649243,148.97762012181042,144.8426402313522,146.58938598632812,15632100
2026-02-27,149.01710365170337,151.63229845401327,147.2900842385214,150.49740600585938,30275100
2026-03-02,157.25744744344775,157.5140277442215,151.0204334392882,152.19480895996094,31493100
2026-03-03,153.388913296314,154.00078180487054,148.32628979550924,149.83619689941406,25198900
2026-03-04,148.74077544915835,149.1749998639953,145.9183318111316,147.85260009765625,16764800
2026-03-05,149.0170967065771,150.32963320643273,147.5071895803822,148.78024291992188,22969300
2026-03-06,151.13886167079949,151.78033504800396,147.99076470220882,149.22434997558594,21136400
2026-03-09,150.0237005068187,151.8691391301945,147.50718371049803,148.46444702148438,25532700
2026-03-10,147.2900868194475,148.42497928748784,145.76043801499983,146.18479919433594,19617600
2026-03-11,146.046624457752,149.8164529995664,145.72095615785696,149.5894775390625,15297400
2026-03-12,150.27042175538625,152.96456766631465,149.63882672348768,151.5138702392578,26054000
2026-03-13,152.27376248734015,154.82974744779892,150.97108926767592,154.06985473632812,22414100
2026-03-16,153.95143953087205,155.70806372597428,152.7277175392131,155.165283203125,22835600
2026-03-17,156.17188931021934,158.34299629210685,154.74093346250348,156.7245330810547,21592200
2026-03-18,157.56337795891957,158.07653857282673,155.46134390714047,155.5205535888672,18947100
2026-03-19,156.18174662674213,157.46467822216096,152.80665939038394,156.08306884765625,27082700
2026-03-20,157.25745219688022,160.3068712918422,157.01073514922803,157.5732421875,53942100
2026-03-23,154.06986435705824,159.30026902536085,152.9843183312989,159.0140838623047,25021300
2026-03-24,159.58646273652485,165.2806813902276,159.13249674027693,163.20826721191406,26131800
2026-03-25,161.71809435727107,162.83326029190215,160.79043579838304,161.11610412597656,17192300
2026-03-26,161.9351991047626,163.50431592661914,159.9318578661477,163.25759887695312,18625200
2026-03-27,163.4056230540538,168.98142183830936,162.6358671348429,168.7445831298828,30338300
2026-03-30,170.24461319200663,174.09340787768787,168.80379417601876,169.21827697753906,29813500
2026-03-31,170.40252029916738,172.09007144795677,163.79050675840085,167.4320526123047,32006700
2026-04-01,163.59314847597437,165.79386038255356,157.43508538359336,158.66867065429688,37927600
2026-04-02,162.32995131495318,164.70829216920555,157.4942882287153,158.57984924316406,25377700
2026-04-06,158.46143620148837,161.59966989102813,157.4350848271786,161.2246551513672,16344300
2026-04-07,162.06349508840393,164.0569730451393,159.64567103873514,161.757568359375,25227500
2026-04-08,151.50400750448705,154.29684626632607,148.99735388970248,154.16854858398438,31311200
2026-04-09,154.80015098369313,157.1390238674347,152.28363398837865,153.00404357910156,25868400
2026-04-10,152.01715490726124,153.08297425812682,149.92499936208736,150.5072479248047,21065000
2026-04-13,152.244159041483,152.58955387101517,149.29341774875434,150.63555908203125,18685600
2026-04-14,148.09931479763057,148.13878289907458,144.79330037579695,147.28021240234375,18528200
2026-04-15,146.6486181452608,148.25720304523475,144.97093018596462,147.05322265625,15626500
2026-04-16,147.56639837260283,150.77371997111916,147.3887693274927,149.98422241210938,15191000
2026-04-17,142.95771435979552,144.8722408937409,140.10566613734218,144.5169677734375,28947400
2026-04-20,145.44462849031555,147.40848641370326,144.42815553036803,145.7406768798828,16354400
2026-04-21,145.43475353941858,146.85584607589826,144.31960277659698,146.41175842285156,17515900
2026-04-22,147.40849126178932,148.70128613345972,146.2341157498405,147.5367889404297,13738700
2026-04-23,147.88220528695376,149.24407315856882,146.54992719815058,148.5532684326172,12970400
2026-04-24,147.6749536212974,148.32629023309528,145.02027581191402,146.9545440673828,13735900
2026-04-27,147.20126666981344,149.19472962349624,146.0268910837684,146.24400329589844,13940800
2026-04-28,149.54013382081567,150.30988979505028,147.86246092975082,148.58287048339844,15173600
2026-04-29,150.02370608327118,152.9152226446687,149.0269595764905,152.63890075683594,14669100
2026-04-30,150.42830150729972,153.64550124162795,149.35261886191103,152.30335998535156,22885900
2026-05-01,150.60594916857974,152.97442670827715,149.14538852104675,150.74411010742188,15458200
2026-05-04,150.66515846041094,152.4415241398171,147.55652981525986,151.67176818847656,14238500
2026-05-05,151.08952150756775,153.25075013159284,150.40858006697343,152.8461456298828,12494600
2026-05-06,147.11244147126834,148.35588991182468,145.1584317038633,146.7374267578125,20527000
2026-05-07,144.87224830738384,145.14857018638108,142.29652181797798,144.65513610839844,22509400
2026-05-08,143.9347293661345,144.5761876566039,142.03006595775787,142.67153930664062,19550100
2026-05-11,144.10250542845526,147.75391492522851,144.08276384718866,147.7144317626953,14849500
2026-05-12,149.26381574762087,149.8164595321171,147.80325502310743,148.65196228027344,16443100
2026-05-13,148.0894397413527,149.79671751167356,147.71442500651165,149.57962036132812,15772800
2026-05-14,149.905263382453,151.10924370941106,149.27366837965636,150.77371215820312,11331500
2026-05-15,152.7608516688576,156.98350935726506,152.01567678266807,156.90402221679688,27882400
2026-05-18,156.30788510753027,160.6895017397437,154.23131965292822,159.45748901367188,20065200
2026-05-19,160.46099405822483,162.2692924138743,158.612959712182,161.50424194335938,20715600
2026-05-20,160.57027775243373,162.62695246090524,155.2646364435186,155.27456665039062,18509700
2026-05-21,157.40080741244543,158.36456815663448,152.47272592771048,154.2909393310547,17061700
2026-05-22,153.039050982118,154.54927634853834,152.1845831622433,153.92332458496094,12948500
2026-05-26,152.51245412992614,153.55570196228766,148.50838244281752,148.84619140625,13057800
2026-05-27,146.2827985604971,147.73341239068998,144.812324315,146.948486328125,16241100
2026-05-28,148.37921962101078,149.2436327977562,145.9251091176085,146.01454162597656,14012500
2026-05-29,145.2494947353263,145.9847242712525,143.77902050285167,144.32546997070312,27959900
2026-06-01,146.07415816976595,148.6872278824595,146.05428259382654,148.41897583007812,16732100
2026-06-02,148.0712197861663,149.8596425847688,147.54463073444197,148.59780883789062,10462400
2026-06-03,149.6410600803893,153.91339931686977,149.05485944903873,151.5487060546875,14373000
2026-06-04,151.07178923986044,152.44290069957347,149.96892981929165,151.0618438720703,11799400
2026-06-05,151.0320404901442,151.15127878116928,148.33948372439218,148.9554901123047,16584000
2026-06-08,150.18751157814702,152.82045666526088,149.92917459257427,150.77371215820312,13870900
2026-06-09,149.93912891268184,150.1577147624696,146.82926081757435,147.95199584960938,18163500
2026-06-10,150.25706190677164,151.5089654358688,148.5978076229357,149.65098571777344,14596500
2026-06-11,151.32018657890387,151.5089666465856,145.47801049142424,145.6568603515625,17285800
2026-06-12,144.69309749283448,147.95199447310367,144.21617464648634,146.064208984375,17713100
2026-06-15,138.8409959581125,141.06657534019064,136.83398727052634,140.01339721679688,23631400
2026-06-16,139.28808771120796,141.2354695284117,139.07943207905402,140.9473419189453,18925400
2026-06-17,140.31145660572122,141.42424618882197,139.41725285653254,139.8345489501953,16663200
2026-06-18,137.43012951128387,137.5692282188612,134.97601897282365,136.92340087890625,48063400
2026-06-22,137.64870437324234,138.10575166092363,136.1384941196488,137.57916259765625,15783300
2026-06-23,138.56278739587265,139.486796941336,137.60895690836153,138.83103942871094,13699400
2026-06-24,136.23784244879812,136.75450130722126,134.7176868182312,136.01925659179688,16212900
2026-06-25,134.76735400327686,137.18172838415734,134.08179072030313,136.66506958007812,13288800
2026-06-26,136.08880152709986,136.6948776843146,135.04555369443563,135.66156005859375,22684200
2026-06-29,135.70132071428984,136.5061071911013,134.51897409848138,135.18466186523438,11972700
2026-06-30,135.6019469157409,136.4166786942443,134.45935154509178,135.8404083251953,28784000
2026-07-01,135.6516356483452,136.60546617741443,134.75743184534812,135.4032440185547,12433400
2026-07-02,136.26763463349974,138.24483735700704,135.45291801558523,136.20802307128906,13703300
2026-07-06,135.67150299991567,136.48621961272076,135.13496862214214,135.5622100830078,13915100
2026-07-07,137.6685743295943,140.82812374084455,137.24134800388697,140.7784423828125,14667800
2026-07-08,142.5171821025025,143.0636467131422,138.91053083290223,140.2220458984375,18291400
2026-07-09,138.7614962690738,139.14898658435814,136.2378289556867,136.57565307617188,14110200
2026-07-10,137.01282036043938,138.0759438396731,136.25771524478435,137.9865264892578,9753500
2026-07-13,140.013391594685,144.29566085231056,139.58616526996687,143.58029174804688,18724300
2026-07-14,144.57385127298625,145.06070430003604,142.9642784465353,144.15655517578125,16096400
2026-07-15,144.15656214651605,144.15656214651605,141.11625103370636,143.58029174804688,13444500
2026-07-16,144.3453443482853,145.92511149334146,143.62004502594374,145.0110321044922,13518000
2026-07-17,148.07121098589766,149.03497168229288,146.2231767306124,146.41195678710938,19031400
2026-07-20,145.55749846162485,148.13083216789195,145.28923125020256,147.40553283691406,12149200
2026-07-21,148.0513366306137,150.78364446729043,147.52474760584934,150.73397827148438,13145300
2026-07-22,152.87014400150304,153.80409894761962,151.96599483786918,153.4563446044922,13788700
2026-07-23,155.59251814100296,157.54984533591656,155.05598374734197,155.88064575195312,15822800
2026-07-24,155.98000972608443,157.6889453127249,154.67842488089144,155.93032836914062,12091600
2026-07-27,152.08523196835614,154.420104155216,151.51889178426083,153.7742919921875,13955800
2026-07-28,153.17815498792126,155.17521831898253,150.9028942324521,152.055419921875,16299900
2026-07-29,156.7053073348219,158.04662815474293,154.85727306502608,155.74154663085938,14571300
2026-07-30,154.09223405988436,156.76493053038882,153.53583921231603,155.96014404296875,12578100
2026-07-31,152.7509270772818,155.1553563125088,151.16121453071767,154.4399871826172,15714200
2026-08-03,152.4727263545316,154.90696132074848,151.66792473036153,154.0624237060547,14532800
2026-08-04,150.6445556868725,153.84384119554895,148.13083352442996,152.96951293945312,14347900
2026-08-05,154.04254552700252,154.04254552700252,150.17757239730147,150.6544952392578,12227500
2026-08-06,153.227835140774,153.87364733649875,150.8631418913171,153.84384155273438,11879100
2026-08-07,151.65799936147022,152.68137170710398,150.55513987163098,152.055419921875,18455200
2026-08-10,153.50603299447087,159.33826383030498,153.45635163451644,158.76199340820312,19761600
2026-08-11,158.6328281788065,160.62989135010667,158.2453378571924,158.7719268798828,13744500
2026-08-12,157.5299675257101,159.19915192536513,156.54633125837117,158.7222442626953,13219500
2026-08-13,157.0133139569994,158.73217976988673,156.4171679882901,157.58958435058594,10542800
2026-08-14,158.68251698441384,160.22253297554738,158.22546971049474,159.07000732421875,10231300
2026-08-17,160.10000610351562,162.50999450683594,159.08999633789062,161.4600067138672,12858100
2026-08-18,164.35000610351562,165.6699981689453,163.25,165.55999755859375,18952700
2026-08-19,166.07000732421875,168.2100067138672,164.66000366210938,164.77000427246094,13648900
2026-08-20,167.02000427246094,168.63999938964844,166.07000732421875,166.14999389648438,13803000
2026-08-21,166.5399932861328,168.0,164.61000061035156,165.11000061035156,14314300
2026-08-24,163.8699951171875,165.22000122070312,162.25,164.0500030517578,10842500
2026-08-25,161.4499969482422,162.80999755859375,160.4600067138672,160.63999938964844,17525300
2026-08-26,158.0,161.1300048828125,157.75999450683594,158.19000244140625,14838400
2026-08-27,157.6300048828125,158.19000244140625,156.13999938964844,156.44000244140625,14288500
2026-08-28,156.60000610351562,157.4199981689453,155.32000732421875,156.7100067138672,11352600
2026-08-31,159.94000244140625,161.58999633789062,158.74000549316406,160.9499969482422,18363400
2026-09-01,163.60000610351562,164.6999969482422,162.22000122070312,164.5500030517578,11381800
2026-09-02,163.92999267578125,165.02000427246094,162.75999450683594,164.14999389648438,11287000
2026-09-03,164.42999267578125,165.64999389648438,162.08999633789062,162.2100067138672,13755100
2026-09-04,161.02000427246094,161.47999572753906,159.16000366210938,159.47000122070312,16206400
2026-09-08,160.61000061035156,163.11000061035156,158.75,160.66000366210938,12607700
2026-09-09,162.8800048828125,165.17999267578125,162.5500030517578,164.22999572753906,13124000
2026-09-10,167.0,167.3699951171875,163.17999267578125,165.22999572753906,16615300
2026-09-11,165.07000732421875,167.08999633789062,164.0800018310547,165.99000549316406,11362400
